Datetime,Close,High,Low,Open,Volume
2026-06-08 13:30:00+00:00,311.489990234375,315.1700134277344,308.5220031738281,308.739013671875,6266305
2026-06-08 13:45:00+00:00,310.9200134277344,312.7699890136719,310.6050109863281,311.4949951171875,1760237
2026-06-08 14:00:00+00:00,310.92999267578125,312.42999267578125,310.7449951171875,310.9599914550781,1459231
2026-06-08 14:15:00+00:00,311.9750061035156,312.2762145996094,309.9169006347656,310.9100036621094,1375952
2026-06-08 14:30:00+00:00,312.8699951171875,312.9599914550781,311.7799987792969,311.9599914550781,1336093
2026-06-08 14:45:00+00:00,315.2699890136719,315.3599853515625,312.8900146484375,312.8900146484375,2011571
2026-06-08 15:00:00+00:00,314.2850036621094,315.3500061035156,314.2619934082031,315.260009765625,1213280
2026-06-08 15:15:00+00:00,313.92999267578125,314.5950012207031,313.875,314.2900085449219,958504
2026-06-08 15:30:00+00:00,314.1799011230469,314.2998962402344,313.32000732421875,313.92999267578125,1519122
2026-06-08 15:45:00+00:00,313.6099853515625,314.6000061035156,313.4599914550781,314.20001220703125,931927
2026-06-08 16:00:00+00:00,314.0450134277344,314.3900146484375,313.3200988769531,313.6199951171875,1570776
2026-06-08 16:15:00+00:00,313.6650085449219,314.989990234375,313.6300964355469,314.04998779296875,950410
2026-06-08 16:30:00+00:00,313.2850036621094,313.7911071777344,312.8599853515625,313.67999267578125,1116518
2026-06-08 16:45:00+00:00,313.5,314.0899963378906,313.2099914550781,313.2799987792969,1004354
2026-06-08 17:00:00+00:00,313.4599914550781,314.5,312.5899963378906,313.510009765625,1958320
2026-06-08 17:15:00+00:00,314.57000732421875,314.69000244140625,312.2099914550781,313.4649963378906,1450273
2026-06-08 17:30:00+00:00,308.8299865722656,317.3999938964844,308.7200012207031,314.56500244140625,7026268
2026-06-08 17:45:00+00:00,308.4549865722656,310.2900085449219,307.57000732421875,308.8450012207031,4318798
2026-06-08 18:00:00+00:00,304.7200012207031,309.0400085449219,303.7099914550781,308.5,5515754
2026-06-08 18:15:00+00:00,304.8599853515625,306.0,303.72369384765625,304.7200012207031,3067008
2026-06-08 18:30:00+00:00,302.8299865722656,305.5299987792969,302.67999267578125,304.8999938964844,2711671
2026-06-08 18:45:00+00:00,303.80999755859375,304.2900085449219,302.7699890136719,302.8299865722656,2053638
2026-06-08 19:00:00+00:00,304.25,304.7699890136719,303.5,303.8500061035156,2481684
2026-06-08 19:15:00+00:00,302.7049865722656,304.8800048828125,302.05010986328125,304.25,2647134
2026-06-08 19:30:00+00:00,302.8299865722656,303.2445068359375,301.7900085449219,302.7099914550781,2324818
2026-06-08 19:45:00+00:00,301.57000732421875,302.8500061035156,301.1700134277344,302.8500061035156,4974017
2026-06-09 13:30:00+00:00,297.2699890136719,300.7200012207031,297.05999755859375,300.2749938964844,5624533
2026-06-09 13:45:00+00:00,296.1499938964844,298.25,295.94000244140625,297.239990234375,2901642
2026-06-09 14:00:00+00:00,294.0350036621094,296.2298889160156,293.5,296.1700134277344,3423784
2026-06-09 14:15:00+00:00,292.5299987792969,294.0299987792969,292.2099914550781,294.010009765625,3608395
2026-06-09 14:30:00+00:00,293.2900085449219,293.8800048828125,291.79998779296875,292.5191955566406,2860573
2026-06-09 14:45:00+00:00,293.1199951171875,293.32049560546875,291.9100036621094,293.2900085449219,2613532
2026-06-09 15:00:00+00:00,293.489990234375,293.7300109863281,292.5,293.1400146484375,1729985
2026-06-09 15:15:00+00:00,291.5799865722656,293.69000244140625,291.5,293.4849853515625,1954916
2026-06-09 15:30:00+00:00,291.2099914550781,291.9800109863281,291.1199951171875,291.55999755859375,1916351
2026-06-09 15:45:00+00:00,291.1700134277344,291.8800048828125,290.8999938964844,291.2300109863281,2029891
2026-06-09 16:00:00+00:00,291.0299987792969,291.5,290.3370056152344,291.1650085449219,2101261
2026-06-09 16:15:00+00:00,289.5,291.1050109863281,289.4800109863281,291.0,2481972
2026-06-09 16:30:00+00:00,288.44219970703125,289.8599853515625,287.7799987792969,289.5,3350622
2026-06-09 16:45:00+00:00,289.1600036621094,289.4100036621094,287.80999755859375,288.44000244140625,1969214
2026-06-09 17:00:00+00:00,290.010009765625,290.20001220703125,289.18011474609375,289.2099914550781,1584084
2026-06-09 17:15:00+00:00,290.4599914550781,291.1300048828125,289.6300964355469,290.010009765625,1599405
2026-06-09 17:30:00+00:00,290.05499267578125,290.7699890136719,289.9100036621094,290.44000244140625,1192581
2026-06-09 17:45:00+00:00,289.67999267578125,290.1600036621094,289.5,290.05499267578125,1188503
2026-06-09 18:00:00+00:00,289.9750061035156,290.1099853515625,289.3399963378906,289.69000244140625,1059711
2026-06-09 18:15:00+00:00,290.95001220703125,290.95001220703125,289.45001220703125,289.9750061035156,1347656
2026-06-09 18:30:00+00:00,290.5,291.79998779296875,290.42999267578125,290.94000244140625,1319546
2026-06-09 18:45:00+00:00,291.32000732421875,291.5,290.3699951171875,290.4800109863281,1125472
2026-06-09 19:00:00+00:00,291.05499267578125,291.9200134277344,290.9700012207031,291.3299865722656,1309518
2026-06-09 19:15:00+00:00,291.1300048828125,291.2699890136719,290.2900085449219,291.0799865722656,1305796
2026-06-09 19:30:00+00:00,289.2099914550781,291.25,289.1400146484375,291.1199951171875,2001677
2026-06-09 19:45:00+00:00,290.3599853515625,291.67999267578125,288.79998779296875,289.2099914550781,5034143
2026-06-10 13:30:00+00:00,289.92498779296875,291.0,287.3800048828125,290.7650146484375,4667700
2026-06-10 13:45:00+00:00,289.489990234375,290.3800048828125,288.3900146484375,289.8999938964844,2346021
2026-06-10 14:00:00+00:00,290.739990234375,291.19000244140625,289.3500061035156,289.489990234375,1959675
2026-06-10 14:15:00+00:00,289.7349853515625,290.8999938964844,289.2900085449219,290.739990234375,1632394
2026-06-10 14:30:00+00:00,288.7449951171875,290.6199951171875,288.7099914550781,289.7099914550781,2509424
2026-06-10 14:45:00+00:00,289.6700134277344,289.8800048828125,288.44500732421875,288.7300109863281,1274804
2026-06-10 15:00:00+00:00,290.42999267578125,290.6499938964844,289.1000061035156,289.67999267578125,1075704
2026-06-10 15:15:00+00:00,289.989990234375,290.6000061035156,289.6400146484375,290.42498779296875,1247562
2026-06-10 15:30:00+00:00,291.385009765625,291.5199890136719,289.739990234375,289.95001220703125,1133775
2026-06-10 15:45:00+00:00,291.2950134277344,291.5400085449219,290.1000061035156,291.3699951171875,1512352
2026-06-10 16:00:00+00:00,290.9150085449219,291.6400146484375,290.510009765625,291.29998779296875,1081373
2026-06-10 16:15:00+00:00,291.7300109863281,291.739990234375,290.55999755859375,290.9100036621094,812751
2026-06-10 16:30:00+00:00,292.8599853515625,292.9800109863281,291.35650634765625,291.739990234375,2590410
2026-06-10 16:45:00+00:00,292.29998779296875,292.8999938964844,291.79998779296875,292.8399963378906,1067025
2026-06-10 17:00:00+00:00,292.1300048828125,292.87091064453125,291.8299865722656,292.3052978515625,816350
2026-06-10 17:15:00+00:00,293.15008544921875,293.2294921875,291.7200012207031,292.1099853515625,1011972
2026-06-10 17:30:00+00:00,292.70001220703125,293.19500732421875,292.527587890625,293.1600036621094,1007305
2026-06-10 17:45:00+00:00,294.0199890136719,294.07000732421875,292.5104064941406,292.7049865722656,2862884
2026-06-10 18:00:00+00:00,294.489990234375,294.6600036621094,293.8699951171875,294.010009765625,1435260
2026-06-10 18:15:00+00:00,294.30999755859375,294.7449951171875,293.989990234375,294.4800109863281,1060131
2026-06-10 18:30:00+00:00,293.6099853515625,294.29998779296875,293.3599853515625,294.29998779296875,972838
2026-06-10 18:45:00+00:00,292.8699951171875,293.7099914550781,292.7300109863281,293.6199951171875,986615
2026-06-10 19:00:00+00:00,292.8299865722656,293.3599853515625,292.5899963378906,292.8800048828125,1130819
2026-06-10 19:15:00+00:00,291.92999267578125,292.8799133300781,291.6199951171875,292.8399963378906,1525028
2026-06-10 19:30:00+00:00,292.1499938964844,292.5852966308594,291.739990234375,291.9200134277344,1235693
2026-06-10 19:45:00+00:00,291.5,292.94000244140625,291.3900146484375,292.1400146484375,3695978
2026-06-11 13:30:00+00:00,292.04901123046875,293.7850036621094,290.3800048828125,293.7200012207031,2670367
2026-06-11 13:45:00+00:00,291.5950012207031,293.95001220703125,291.5,292.0450134277344,1660216
2026-06-11 14:00:00+00:00,290.2200012207031,291.7799987792969,290.04998779296875,291.5950012207031,1413797
2026-06-11 14:15:00+00:00,290.5799865722656,291.3299865722656,289.75,290.2200012207031,1369570
2026-06-11 14:30:00+00:00,290.5400085449219,291.135009765625,289.8800048828125,290.6099853515625,1416250
2026-06-11 14:45:00+00:00,289.8999938964844,290.989990234375,289.6000061035156,290.5400085449219,1038056
2026-06-11 15:00:00+00:00,290.79998779296875,290.95989990234375,289.7900085449219,289.9100036621094,951547
2026-06-11 15:15:00+00:00,291.19000244140625,291.82000732421875,290.6003112792969,290.80999755859375,879517
2026-06-11 15:30:00+00:00,292.6700134277344,293.07000732421875,291.0614929199219,291.17999267578125,1097467
2026-06-11 15:45:00+00:00,293.3949890136719,293.56500244140625,292.4100036621094,292.69000244140625,973636
2026-06-11 16:00:00+00:00,293.4901123046875,293.94439697265625,291.5044860839844,293.409912109375,894470
2026-06-11 16:15:00+00:00,292.9849853515625,293.8599853515625,292.5552062988281,293.5199890136719,877207
2026-06-11 16:30:00+00:00,293.9400939941406,294.5,292.9100036621094,292.9599914550781,946436
2026-06-11 16:45:00+00:00,293.75,294.1700134277344,293.6300048828125,293.9200134277344,557343
2026-06-11 17:00:00+00:00,293.3699951171875,293.8999938964844,293.0600891113281,293.760009765625,685357
2026-06-11 17:15:00+00:00,295.9549865722656,296.0,293.1199951171875,293.3800048828125,1430770
2026-06-11 17:30:00+00:00,296.57049560546875,297.0,295.7749938964844,295.989990234375,1842057
2026-06-11 17:45:00+00:00,295.7799987792969,296.82000732421875,295.45001220703125,296.6000061035156,773612
2026-06-11 18:00:00+00:00,295.7799987792969,295.989990234375,295.1300048828125,295.7699890136719,742314
2026-06-11 18:15:00+00:00,295.5400085449219,296.45001220703125,295.45001220703125,295.7650146484375,803027
2026-06-11 18:30:00+00:00,295.4599914550781,295.7900085449219,295.239990234375,295.54010009765625,598374
2026-06-11 18:45:00+00:00,295.2099914550781,296.07000732421875,295.1499938964844,295.4519958496094,668617
2026-06-11 19:00:00+00:00,295.3599853515625,295.5050048828125,295.0199890136719,295.20001220703125,869083
2026-06-11 19:15:00+00:00,295.3999938964844,295.6099853515625,295.0899963378906,295.3800048828125,993901
2026-06-11 19:30:00+00:00,296.019287109375,296.17999267578125,295.260009765625,295.4100036621094,1473720
2026-06-11 19:45:00+00:00,295.3599853515625,296.0400085449219,294.70001220703125,296.0199890136719,4188116
2026-06-12 13:30:00+00:00,292.3949890136719,297.1400146484375,291.8774108886719,296.0799865722656,3957276
2026-06-12 13:45:00+00:00,291.135009765625,292.8799133300781,291.0,292.3900146484375,1794118
2026-06-12 14:00:00+00:00,291.95001220703125,292.2099914550781,290.6099853515625,291.1000061035156,1988474
2026-06-12 14:15:00+00:00,291.9949951171875,293.2099914550781,291.7200012207031,291.9700012207031,1358070
2026-06-12 14:30:00+00:00,291.1099853515625,292.3299865722656,290.8900146484375,291.9800109863281,1067378
2026-06-12 14:45:00+00:00,291.739990234375,291.8399963378906,290.010009765625,291.1199951171875,1548385
2026-06-12 15:00:00+00:00,292.7650146484375,292.8800048828125,291.6000061035156,291.7449951171875,894718
2026-06-12 15:15:00+00:00,292.875,292.989990234375,292.25,292.7650146484375,1027203
2026-06-12 15:30:00+00:00,291.8550109863281,292.8599853515625,291.5,292.8599853515625,1219788
2026-06-12 15:45:00+00:00,291.335205078125,292.07000732421875,291.0299987792969,291.8599853515625,747263
2026-06-12 16:00:00+00:00,291.94500732421875,292.19989013671875,290.80999755859375,291.3349914550781,1037317
2026-06-12 16:15:00+00:00,291.5799865722656,292.1600036621094,291.4700012207031,291.9700012207031,649731
2026-06-12 16:30:00+00:00,290.9800109863281,291.7200012207031,290.8399963378906,291.57000732421875,749268
2026-06-12 16:45:00+00:00,291.2099914550781,291.5,290.75,290.989990234375,779107
2026-06-12 17:00:00+00:00,291.510009765625,291.7900085449219,291.125,291.17999267578125,869123
2026-06-12 17:15:00+00:00,291.4601135253906,292.2449951171875,291.4100036621094,291.5199890136719,673104
2026-06-12 17:30:00+00:00,290.4100036621094,291.510009765625,290.3900146484375,291.4800109863281,608460
2026-06-12 17:45:00+00:00,289.8800048828125,290.63800048828125,289.80999755859375,290.4100036621094,942201
2026-06-12 18:00:00+00:00,290.2699890136719,290.5899963378906,289.6199951171875,289.8999938964844,898856
2026-06-12 18:15:00+00:00,290.2250061035156,290.3699951171875,289.9200134277344,290.2799072265625,633905
2026-06-12 18:30:00+00:00,290.64019775390625,290.70001220703125,290.2200012207031,290.2200012207031,590905
2026-06-12 18:45:00+00:00,290.4800109863281,290.739990234375,290.4200134277344,290.6400146484375,707087
2026-06-12 19:00:00+00:00,290.6199951171875,290.9700012207031,290.3599853515625,290.4599914550781,791893
2026-06-12 19:15:00+00:00,290.6400146484375,290.8900146484375,290.44000244140625,290.6300048828125,952489
2026-06-12 19:30:00+00:00,290.55059814453125,290.7650146484375,290.19000244140625,290.6400146484375,1003990
2026-06-12 19:45:00+00:00,291.0799865722656,291.6400146484375,290.5,290.54998779296875,3019727
2026-06-15 13:30:00+00:00,295.05999755859375,295.82000732421875,291.70001220703125,294.1199951171875,5081263
2026-06-15 13:45:00+00:00,295.3583068847656,295.92999267578125,294.6600036621094,295.05999755859375,1710728
2026-06-15 14:00:00+00:00,295.8599853515625,296.32861328125,295.05999755859375,295.3500061035156,1522489
2026-06-15 14:15:00+00:00,295.67999267578125,296.2998962402344,295.3800048828125,295.885009765625,1312190
2026-06-15 14:30:00+00:00,296.20001220703125,296.3399963378906,295.3999938964844,295.7099914550781,1200955
2026-06-15 14:45:00+00:00,296.4830017089844,296.70001220703125,296.1600036621094,296.2200012207031,988815
2026-06-15 15:00:00+00:00,296.30999755859375,296.8999938964844,296.1700134277344,296.5,956987
2026-06-15 15:15:00+00:00,296.5299987792969,296.8500061035156,296.2900085449219,296.32000732421875,901579
2026-06-15 15:30:00+00:00,297.0299987792969,297.2099914550781,296.2200012207031,296.5400085449219,1082897
2026-06-15 15:45:00+00:00,297.4800109863281,297.7799987792969,297.0299987792969,297.0299987792969,1151676
2026-06-15 16:00:00+00:00,297.07501220703125,297.7699890136719,296.8901062011719,297.4800109863281,903960
2026-06-15 16:15:00+00:00,297.239990234375,297.3550109863281,296.8700866699219,297.07501220703125,629261
2026-06-15 16:30:00+00:00,296.9599914550781,297.364990234375,296.8500061035156,297.2300109863281,554427
2026-06-15 16:45:00+00:00,296.94500732421875,296.9800109863281,296.55999755859375,296.9700012207031,571395
2026-06-15 17:00:00+00:00,296.70001220703125,296.9200134277344,296.25,296.9200134277344,749069
2026-06-15 17:15:00+00:00,296.6600036621094,297.2099914550781,296.54998779296875,296.69000244140625,946242
2026-06-15 17:30:00+00:00,296.5899963378906,297.0,296.3900146484375,296.6600036621094,782832
2026-06-15 17:45:00+00:00,295.760009765625,296.6199951171875,295.6300048828125,296.5799865722656,740944
2026-06-15 18:00:00+00:00,295.6400146484375,295.8263854980469,295.1600036621094,295.75,1004823
2026-06-15 18:15:00+00:00,295.07000732421875,295.739990234375,294.9599914550781,295.6400146484375,905867
2026-06-15 18:30:00+00:00,296.2099914550781,296.2900085449219,295.010009765625,295.07501220703125,1009657
2026-06-15 18:45:00+00:00,296.3949890136719,296.4049987792969,296.1549987792969,296.20001220703125,681063
2026-06-15 19:00:00+00:00,296.3949890136719,296.4649963378906,296.1600036621094,296.3900146484375,666375
2026-06-15 19:15:00+00:00,296.5,296.6099853515625,295.9700012207031,296.3807067871094,850936
2026-06-15 19:30:00+00:00,296.3200988769531,296.6700134277344,295.8700866699219,296.4949951171875,1161525
2026-06-15 19:45:00+00:00,296.4200134277344,296.5299987792969,295.6099853515625,296.3299865722656,17040859
2026-06-16 13:30:00+00:00,295.3999938964844,296.4800109863281,293.9700012207031,295.2449951171875,2670804
2026-06-16 13:45:00+00:00,297.0799865722656,297.95001220703125,295.25,295.40008544921875,1477877
2026-06-16 14:00:00+00:00,297.4200134277344,297.79998779296875,296.864990234375,297.0849914550781,1267295
2026-06-16 14:15:00+00:00,297.5350036621094,298.0,296.7099914550781,297.43499755859375,1332044
2026-06-16 14:30:00+00:00,297.3299865722656,297.8900146484375,296.95001220703125,297.5350036621094,1306449
2026-06-16 14:45:00+00:00,297.54998779296875,298.0,297.2699890136719,297.2699890136719,1099081
2026-06-16 15:00:00+00:00,298.1300048828125,298.2300109863281,297.489990234375,297.5400085449219,1011887
2026-06-16 15:15:00+00:00,298.20001220703125,298.45001220703125,297.2049865722656,298.1099853515625,1180251
2026-06-16 15:30:00+00:00,298.0849914550781,298.43701171875,297.5,298.2200012207031,813648
2026-06-16 15:45:00+00:00,298.1700134277344,298.57000732421875,298.0,298.0849914550781,970067
2026-06-16 16:00:00+00:00,299.0950012207031,299.20001220703125,298.0400085449219,298.1700134277344,1422719
2026-06-16 16:15:00+00:00,298.94000244140625,299.2749938964844,298.7300109863281,299.090087890625,739645
2026-06-16 16:30:00+00:00,299.0799865722656,299.260009765625,298.8041076660156,298.94000244140625,814914
2026-06-16 16:45:00+00:00,299.4700012207031,299.7699890136719,299.0299987792969,299.06500244140625,778812
2026-06-16 17:00:00+00:00,299.6650085449219,299.70001220703125,299.0899963378906,299.45001220703125,610766
2026-06-16 17:15:00+00:00,300.2749938964844,300.4800109863281,299.6700134277344,299.6700134277344,1594132
2026-06-16 17:30:00+00:00,299.8399963378906,300.4599914550781,299.82000732421875,300.260009765625,699494
2026-06-16 17:45:00+00:00,299.6000061035156,299.95001220703125,299.3500061035156,299.8399963378906,655674
2026-06-16 18:00:00+00:00,298.9901123046875,299.760009765625,298.9100036621094,299.5899963378906,653619
2026-06-16 18:15:00+00:00,298.7250061035156,299.07989501953125,298.5679931640625,298.9700012207031,569908
2026-06-16 18:30:00+00:00,299.53509521484375,299.63031005859375,298.6300048828125,298.7200927734375,749325
2026-06-16 18:45:00+00:00,299.17559814453125,299.57000732421875,299.1650085449219,299.5400085449219,891065
2026-06-16 19:00:00+00:00,298.9200134277344,299.25,298.7200012207031,299.17498779296875,776668
2026-06-16 19:15:00+00:00,298.3399963378906,299.1300048828125,298.2200012207031,298.92999267578125,1010479
2026-06-16 19:30:00+00:00,298.57000732421875,298.7149963378906,298.2300109863281,298.3299865722656,802962
2026-06-16 19:45:00+00:00,299.25,299.489990234375,298.54998779296875,298.57000732421875,3659560
2026-06-17 13:30:00+00:00,301.25,302.07000732421875,299.5201110839844,300.8450012207031,2904323
2026-06-17 13:45:00+00:00,300.29998779296875,301.32000732421875,299.22198486328125,301.2300109863281,1528483
2026-06-17 14:00:00+00:00,300.45001220703125,300.5150146484375,299.3700866699219,300.3399963378906,1062316
2026-06-17 14:15:00+00:00,300.45001220703125,300.9674987792969,299.92999267578125,300.45001220703125,940974
2026-06-17 14:30:00+00:00,299.6000061035156,300.53948974609375,298.67999267578125,300.45001220703125,1279790
2026-06-17 14:45:00+00:00,298.5400085449219,299.8500061035156,298.3500061035156,299.5799865722656,1073957
2026-06-17 15:00:00+00:00,297.45001220703125,298.69000244140625,297.0899963378906,298.54998779296875,988878
2026-06-17 15:15:00+00:00,297.42999267578125,298.1400146484375,297.20001220703125,297.44500732421875,714169
2026-06-17 15:30:00+00:00,296.82000732421875,297.4599914550781,296.6700134277344,297.42999267578125,893087
2026-06-17 15:45:00+00:00,298.55499267578125,298.7699890136719,296.6400146484375,296.8330078125,918525
2026-06-17 16:00:00+00:00,298.42999267578125,299.1600036621094,298.1499938964844,298.55999755859375,1515913
2026-06-17 16:15:00+00:00,298.614990234375,298.8760070800781,298.33099365234375,298.44000244140625,422719
2026-06-17 16:30:00+00:00,298.4599914550781,298.7449951171875,298.2300109863281,298.6297912597656,576928
2026-06-17 16:45:00+00:00,298.20001220703125,298.5299987792969,298.0950012207031,298.4700012207031,464315
2026-06-17 17:00:00+00:00,296.7049865722656,298.2099914550781,296.5899963378906,298.2099914550781,945963
2026-06-17 17:15:00+00:00,296.80999755859375,297.239990234375,296.57000732421875,296.70001220703125,625995
2026-06-17 17:30:00+00:00,296.8500061035156,297.1099853515625,296.42999267578125,296.79998779296875,539710
2026-06-17 17:45:00+00:00,297.54998779296875,297.6000061035156,296.8500061035156,296.8599853515625,461501
2026-06-17 18:00:00+00:00,295.8299865722656,297.5299987792969,295.6499938964844,297.5299987792969,1573935
2026-06-17 18:15:00+00:00,295.8349914550781,296.5299987792969,295.3299865722656,295.8599853515625,764735
2026-06-17 18:30:00+00:00,296.29998779296875,296.4200134277344,295.20001220703125,295.82000732421875,1168167
2026-06-17 18:45:00+00:00,294.5899963378906,296.32000732421875,294.3800048828125,296.2799987792969,1015070
2026-06-17 19:00:00+00:00,295.5400085449219,295.8399963378906,294.3900146484375,294.5899963378906,1151796
2026-06-17 19:15:00+00:00,295.18499755859375,295.6549987792969,294.82501220703125,295.5299987792969,980763
2026-06-17 19:30:00+00:00,294.94000244140625,295.44000244140625,294.6000061035156,295.1600036621094,1537856
2026-06-17 19:45:00+00:00,295.8800048828125,296.2200012207031,294.5899963378906,294.92999267578125,2899579
2026-06-18 13:30:00+00:00,297.69000244140625,300.45989990234375,295.6199951171875,298.44000244140625,14949133
2026-06-18 13:45:00+00:00,298.2749938964844,298.70001220703125,297.1499938964844,297.70001220703125,3600045
2026-06-18 14:00:00+00:00,298.989990234375,299.42999267578125,298.0199890136719,298.30999755859375,5846597
2026-06-18 14:15:00+00:00,299.6099853515625,299.6300048828125,298.2200012207031,298.9649963378906,1793920
2026-06-18 14:30:00+00:00,299.7099914550781,299.760009765625,298.5,299.614990234375,1297806
2026-06-18 14:45:00+00:00,299.17999267578125,300.57000732421875,299.13018798828125,299.69000244140625,2573388
2026-06-18 15:00:00+00:00,298.07000732421875,299.2300109863281,297.8699951171875,299.2300109863281,1788324
2026-06-18 15:15:00+00:00,297.1099853515625,298.1600036621094,296.9599914550781,298.0899963378906,2481129
2026-06-18 15:30:00+00:00,296.19000244140625,297.3900146484375,296.1400146484375,297.1000061035156,722485
2026-06-18 15:45:00+00:00,297.3800048828125,297.6199951171875,295.95001220703125,296.19000244140625,1607882
2026-06-18 16:00:00+00:00,297.0849914550781,297.7300109863281,296.69000244140625,297.3999938964844,1749021
2026-06-18 16:15:00+00:00,297.489990234375,297.5199890136719,296.94000244140625,297.0849914550781,1057744
2026-06-18 16:30:00+00:00,297.489990234375,297.69000244140625,297.0306091308594,297.4849853515625,911274
2026-06-18 16:45:00+00:00,297.1300048828125,297.5,296.8399963378906,297.4949951171875,693046
2026-06-18 17:00:00+00:00,298.19500732421875,298.23199462890625,297.0299987792969,297.1300048828125,616227
2026-06-18 17:15:00+00:00,297.82000732421875,298.3598937988281,297.5799865722656,298.20001220703125,1099082
2026-06-18 17:30:00+00:00,297.55999755859375,297.9849853515625,297.5,297.82501220703125,613695
2026-06-18 17:45:00+00:00,297.5700988769531,297.8599853515625,297.3500061035156,297.56048583984375,558866
2026-06-18 18:00:00+00:00,297.55999755859375,297.6300048828125,297.0199890136719,297.57501220703125,624192
2026-06-18 18:15:00+00:00,297.1099853515625,297.67999267578125,297.010009765625,297.55999755859375,587960
2026-06-18 18:30:00+00:00,297.6449890136719,297.6499938964844,297.0600891113281,297.1400146484375,751634
2026-06-18 18:45:00+00:00,297.70001220703125,298.07000732421875,297.5899963378906,297.6449890136719,589722
2026-06-18 19:00:00+00:00,297.1099853515625,297.760009765625,297.05999755859375,297.7099914550781,485300
2026-06-18 19:15:00+00:00,297.3800048828125,297.5,297.04010009765625,297.1099853515625,946675
2026-06-18 19:30:00+00:00,297.54998779296875,297.68499755859375,297.05999755859375,297.3599853515625,895708
2026-06-18 19:45:00+00:00,297.8900146484375,299.2394104003906,297.5199890136719,297.5400085449219,4354813
2026-06-22 13:30:00+00:00,301.5899963378906,301.9800109863281,297.42999267578125,297.5,3993489
2026-06-22 13:45:00+00:00,301.739990234375,302.05999755859375,300.5,301.625,1538822
2026-06-22 14:00:00+00:00,301.8500061035156,302.4200134277344,301.5199890136719,301.7449951171875,1925875
2026-06-22 14:15:00+00:00,301.20001220703125,301.92498779296875,300.8800048828125,301.8500061035156,1210581
2026-06-22 14:30:00+00:00,299.70001220703125,301.2300109863281,299.55999755859375,301.2099914550781,1336600
2026-06-22 14:45:00+00:00,299.79998779296875,300.1300048828125,299.3699951171875,299.6700134277344,944951
2026-06-22 15:00:00+00:00,300.1098937988281,300.389892578125,299.0350036621094,299.80499267578125,941079
2026-06-22 15:15:00+00:00,299.94000244140625,300.235107421875,299.20001220703125,300.0950012207031,1089016
2026-06-22 15:30:00+00:00,301.04998779296875,301.260009765625,299.75,299.94000244140625,771939
2026-06-22 15:45:00+00:00,300.8900146484375,301.4299011230469,300.260009765625,301.0899963378906,711428
2026-06-22 16:00:00+00:00,300.7903137207031,300.9590148925781,300.32000732421875,300.885009765625,811127
2026-06-22 16:15:00+00:00,300.5398864746094,300.95001220703125,300.1499938964844,300.7900085449219,656728
2026-06-22 16:30:00+00:00,300.17498779296875,300.67999267578125,299.9100036621094,300.5199890136719,815905
2026-06-22 16:45:00+00:00,299.9200134277344,300.4800109863281,299.9150085449219,300.19000244140625,658257
2026-06-22 17:00:00+00:00,299.6050109863281,300.04998779296875,299.45001220703125,299.92999267578125,652309
2026-06-22 17:15:00+00:00,299.80999755859375,300.1300048828125,299.6199951171875,299.6199951171875,564318
2026-06-22 17:30:00+00:00,299.3301086425781,299.8599853515625,299.25,299.81500244140625,683662
2026-06-22 17:45:00+00:00,299.30999755859375,299.81988525390625,299.25,299.3299865722656,552153
2026-06-22 18:00:00+00:00,298.69500732421875,299.3265075683594,298.5830078125,299.30999755859375,625804
2026-06-22 18:15:00+00:00,298.9200134277344,299.20001220703125,298.6300048828125,298.697509765625,593772
2026-06-22 18:30:00+00:00,298.8599853515625,299.0400085449219,298.590087890625,298.9200134277344,502681
2026-06-22 18:45:00+00:00,299.07000732421875,299.239990234375,298.660400390625,298.875,578390
2026-06-22 19:00:00+00:00,299.0899963378906,299.3399963378906,298.885009765625,299.0899963378906,880020
2026-06-22 19:15:00+00:00,299.05999755859375,299.29998779296875,298.9100036621094,299.0899963378906,965367
2026-06-22 19:30:00+00:00,297.2699890136719,299.0899963378906,296.9599914550781,299.05999755859375,2116312
2026-06-22 19:45:00+00:00,296.7900085449219,297.67999267578125,296.7900085449219,297.2799987792969,3982779
2026-06-23 13:30:00+00:00,300.510009765625,300.5776062011719,295.17999267578125,297.5379943847656,4412573
2026-06-23 13:45:00+00:00,299.1099853515625,301.6400146484375,298.15850830078125,300.4700012207031,1976941
2026-06-23 14:00:00+00:00,299.42999267578125,299.989990234375,298.7950134277344,299.0849914550781,1473782
2026-06-23 14:15:00+00:00,300.506591796875,300.55999755859375,298.8999938964844,299.42999267578125,1397185
2026-06-23 14:30:00+00:00,300.3500061035156,300.8800048828125,299.55999755859375,300.5199890136719,1211335
2026-06-23 14:45:00+00:00,300.0899963378906,300.4800109863281,299.5400085449219,300.3699951171875,1066636
2026-06-23 15:00:00+00:00,299.1477966308594,300.32000732421875,299.1000061035156,300.0899963378906,1149969
2026-06-23 15:15:00+00:00,298.54998779296875,299.2900085449219,298.3999938964844,299.1300048828125,1060666
2026-06-23 15:30:00+00:00,297.760009765625,298.5899963378906,297.3500061035156,298.5450134277344,1082737
2026-06-23 15:45:00+00:00,298.06500244140625,298.2349853515625,297.4599914550781,297.7699890136719,919099
2026-06-23 16:00:00+00:00,298.17999267578125,298.7699890136719,297.95001220703125,298.07000732421875,900525
2026-06-23 16:15:00+00:00,298.6199035644531,298.885009765625,298.19000244140625,298.19000244140625,929769
2026-06-23 16:30:00+00:00,298.5799865722656,298.8500061035156,298.19500732421875,298.5849914550781,794195
2026-06-23 16:45:00+00:00,298.989990234375,299.2799987792969,298.4200134277344,298.5799865722656,923064
2026-06-23 17:00:00+00:00,299.0400085449219,299.3949890136719,297.8800048828125,299.010009765625,938454
2026-06-23 17:15:00+00:00,299.3949890136719,299.4700012207031,298.9100036621094,299.04998779296875,708965
2026-06-23 17:30:00+00:00,299.3399963378906,299.79998779296875,299.0400085449219,299.3949890136719,763133
2026-06-23 17:45:00+00:00,298.9599914550781,300.0849914550781,298.8900146484375,299.3299865722656,917527
2026-06-23 18:00:00+00:00,298.760009765625,299.3800048828125,298.45001220703125,298.989990234375,805526
2026-06-23 18:15:00+00:00,298.5199890136719,298.8599853515625,298.3399963378906,298.7699890136719,861887
2026-06-23 18:30:00+00:00,297.8999938964844,298.635009765625,297.7250061035156,298.5249938964844,915679
2026-06-23 18:45:00+00:00,297.5199890136719,298.2200012207031,297.45001220703125,297.8949890136719,1075108
2026-06-23 19:00:00+00:00,296.8689880371094,298.86761474609375,296.7900085449219,297.5199890136719,1280507
2026-06-23 19:15:00+00:00,295.840087890625,296.8800048828125,295.30999755859375,296.8599853515625,1825673
2026-06-23 19:30:00+00:00,295.70001220703125,296.4200134277344,295.4849853515625,295.8399963378906,1633376
2026-06-23 19:45:00+00:00,294.2799987792969,296.5,294.2120056152344,295.7300109863281,6171971
2026-06-24 13:30:00+00:00,295.67999267578125,296.4599914550781,293.20001220703125,295.375,2881299
2026-06-24 13:45:00+00:00,294.7699890136719,296.2799987792969,294.4800109863281,295.69000244140625,1312574
2026-06-24 14:00:00+00:00,294.875,295.5,294.2300109863281,294.7200012207031,1033005
2026-06-24 14:15:00+00:00,295.4649963378906,296.20941162109375,294.7250061035156,294.8999938964844,891569
2026-06-24 14:30:00+00:00,296.4849853515625,296.6000061035156,295.1099853515625,295.4599914550781,836531
2026-06-24 14:45:00+00:00,297.0799865722656,297.260009765625,296.45001220703125,296.4700012207031,928195
2026-06-24 15:00:00+00:00,297.4800109863281,297.5899963378906,296.6499938964844,297.1099853515625,969444
2026-06-24 15:15:00+00:00,298.7850036621094,298.8800048828125,297.1129150390625,297.4700012207031,1367244
2026-06-24 15:30:00+00:00,298.1700134277344,299.5,298.1610107421875,298.760009765625,1317430
2026-06-24 15:45:00+00:00,299.4750061035156,299.70001220703125,298.0799865722656,298.2300109863281,855910
2026-06-24 16:00:00+00:00,298.7300109863281,299.5,298.5899963378906,299.4649963378906,777339
2026-06-24 16:15:00+00:00,298.07000732421875,298.8999938964844,297.839599609375,298.75,840793
2026-06-24 16:30:00+00:00,297.31500244140625,298.04998779296875,297.2200012207031,298.04998779296875,876775
2026-06-24 16:45:00+00:00,297.3450012207031,297.6000061035156,296.8699951171875,297.2749938964844,780942
2026-06-24 17:00:00+00:00,296.6099853515625,297.385009765625,296.3121032714844,297.3599853515625,677466
2026-06-24 17:15:00+00:00,296.4200134277344,296.94000244140625,295.79998779296875,296.6099853515625,1068705
2026-06-24 17:30:00+00:00,295.8999938964844,296.8644104003906,295.760009765625,296.4100036621094,1074758
2026-06-24 17:45:00+00:00,295.6099853515625,296.32000732421875,295.5899963378906,295.9161071777344,820575
2026-06-24 18:00:00+00:00,295.57000732421875,296.4949951171875,295.3800048828125,295.6099853515625,1117423
2026-06-24 18:15:00+00:00,296.0,296.2099914550781,295.56500244140625,295.57000732421875,956357
2026-06-24 18:30:00+00:00,295.20001220703125,296.17999267578125,294.8800048828125,296.0,1308373
2026-06-24 18:45:00+00:00,295.1700134277344,295.25,294.1600036621094,295.19000244140625,1549108
2026-06-24 19:00:00+00:00,295.0400085449219,295.44000244140625,294.7900085449219,295.19000244140625,1226253
2026-06-24 19:15:00+00:00,294.9400939941406,295.239990234375,294.80999755859375,295.0299987792969,1101681
2026-06-24 19:30:00+00:00,295.0350036621094,295.1400146484375,294.4700012207031,294.92999267578125,1900765
2026-06-24 19:45:00+00:00,293.260009765625,295.3699951171875,292.94000244140625,295.04998779296875,5715104
2026-06-25 13:30:00+00:00,278.1600036621094,288.79998779296875,277.8800048828125,287.510009765625,9578191
2026-06-25 13:45:00+00:00,278.9700012207031,279.94000244140625,277.6700134277344,278.1199951171875,5568483
2026-06-25 14:00:00+00:00,278.4599914550781,280.1798095703125,277.9599914550781,278.94500732421875,3869460
2026-06-25 14:15:00+00:00,279.6300048828125,279.7799987792969,277.4599914550781,278.44500732421875,3727708
2026-06-25 14:30:00+00:00,279.7300109863281,280.0899963378906,278.5899963378906,279.635009765625,2471128
2026-06-25 14:45:00+00:00,277.6050109863281,279.989990234375,277.4599914550781,279.7300109863281,2477038
2026-06-25 15:00:00+00:00,277.0199890136719,278.1000061035156,276.779296875,277.6099853515625,2480258
2026-06-25 15:15:00+00:00,277.6400146484375,278.0,276.44000244140625,277.0199890136719,2685077
2026-06-25 15:30:00+00:00,279.25,279.4700012207031,277.5899963378906,277.6600036621094,2090482
2026-06-25 15:45:00+00:00,277.8550109863281,279.6449890136719,277.6300048828125,279.25,1779469
2026-06-25 16:00:00+00:00,276.4750061035156,278.19000244140625,276.30450439453125,277.8900146484375,2171195
2026-06-25 16:15:00+00:00,274.56500244140625,276.6499938964844,274.4599914550781,276.4800109863281,3117160
2026-06-25 16:30:00+00:00,274.7449951171875,275.0,273.75,274.56500244140625,3043945
2026-06-25 16:45:00+00:00,275.1199951171875,275.1600036621094,274.1199951171875,274.7749938964844,3140380
2026-06-25 17:00:00+00:00,277.1700134277344,277.5398864746094,275.1099853515625,275.135009765625,3960958
2026-06-25 17:15:00+00:00,278.0400085449219,278.3900146484375,277.0199890136719,277.1899108886719,3438882
2026-06-25 17:30:00+00:00,277.06500244140625,278.1099853515625,276.9800109863281,278.04998779296875,1629011
2026-06-25 17:45:00+00:00,276.7882080078125,277.07000732421875,276.19000244140625,277.05999755859375,2430593
2026-06-25 18:00:00+00:00,278.2900085449219,278.8599853515625,276.2200012207031,276.7950134277344,2187403
2026-06-25 18:15:00+00:00,279.3450012207031,280.17999267578125,278.07000732421875,278.2799987792969,2196485
2026-06-25 18:30:00+00:00,279.7699890136719,280.2200927734375,278.80999755859375,279.3500061035156,1890503
2026-06-25 18:45:00+00:00,279.42498779296875,279.75,279.0299987792969,279.739990234375,1396703
2026-06-25 19:00:00+00:00,276.5299987792969,279.42999267578125,276.29998779296875,279.42999267578125,2981721
2026-06-25 19:15:00+00:00,276.7250061035156,278.07000732421875,276.0400085449219,276.5299987792969,3102268
2026-06-25 19:30:00+00:00,275.375,277.05999755859375,275.3299865722656,276.70001220703125,4431924
2026-06-25 19:45:00+00:00,275.04998779296875,277.45001220703125,273.8999938964844,275.3599853515625,11193084
2026-06-26 13:30:00+00:00,276.8999938964844,278.17999267578125,274.2099914550781,275.0,7382993
2026-06-26 13:45:00+00:00,275.70001220703125,277.25,275.44000244140625,276.9200134277344,3830859
2026-06-26 14:00:00+00:00,278.19000244140625,278.3500061035156,275.4599914550781,275.7369079589844,3138370
2026-06-26 14:15:00+00:00,278.260009765625,278.92999267578125,276.94000244140625,278.2099914550781,2674582
2026-06-26 14:30:00+00:00,279.3550109863281,280.0,278.0799865722656,278.2799987792969,3237207
2026-06-26 14:45:00+00:00,279.849609375,280.2200012207031,278.9200134277344,279.3699951171875,2421515
2026-06-26 15:00:00+00:00,279.5899963378906,280.4700012207031,279.1700134277344,279.8500061035156,2311100
2026-06-26 15:15:00+00:00,279.0299987792969,280.0,278.3599853515625,279.5899963378906,2414668
2026-06-26 15:30:00+00:00,278.125,279.45001220703125,277.56500244140625,279.0259094238281,4022419
2026-06-26 15:45:00+00:00,277.1650085449219,278.3699951171875,277.0,278.1300048828125,2882801
2026-06-26 16:00:00+00:00,276.0050048828125,277.32000732421875,275.55999755859375,277.17999267578125,2667188
2026-06-26 16:15:00+00:00,275.8999938964844,276.6000061035156,275.25,276.0050048828125,3657845
2026-06-26 16:30:00+00:00,278.1199951171875,278.1600036621094,275.8999938964844,275.8999938964844,2046981
2026-06-26 16:45:00+00:00,278.9100036621094,279.3699951171875,277.92999267578125,278.1050109863281,2445078
2026-06-26 17:00:00+00:00,278.8599853515625,279.3699951171875,278.42999267578125,278.9100036621094,1674372
2026-06-26 17:15:00+00:00,279.19500732421875,279.29998779296875,278.5,278.8699951171875,1804938
2026-06-26 17:30:00+00:00,279.4200134277344,279.8599853515625,279.0199890136719,279.17999267578125,1485854
2026-06-26 17:45:00+00:00,279.19500732421875,279.7200012207031,278.64080810546875,279.4371032714844,1569245
2026-06-26 18:00:00+00:00,281.05010986328125,281.29998779296875,278.8900146484375,279.2099914550781,2840319
2026-06-26 18:15:00+00:00,280.19000244140625,281.2998962402344,279.5,281.05999755859375,2361830
2026-06-26 18:30:00+00:00,281.1700134277344,281.82000732421875,280.0899963378906,280.19500732421875,3219269
2026-06-26 18:45:00+00:00,280.7200012207031,281.3299865722656,280.260009765625,281.1650085449219,3284698
2026-06-26 19:00:00+00:00,281.45001220703125,281.8299865722656,280.3699951171875,280.7149963378906,3833782
2026-06-26 19:15:00+00:00,280.1499938964844,281.82000732421875,279.4100036621094,281.44500732421875,5232321
2026-06-26 19:30:00+00:00,281.260009765625,281.4200134277344,280.0,280.1499938964844,5514668
2026-06-26 19:45:00+00:00,281.20001220703125,285.95001220703125,281.010009765625,281.25,18008359
2026-06-29 13:30:00+00:00,284.0150146484375,288.36968994140625,283.7349853515625,286.8599853515625,4206617
2026-06-29 13:45:00+00:00,283.9599914550781,285.239990234375,283.5220031738281,284.0400085449219,2652751
2026-06-29 14:00:00+00:00,281.82501220703125,284.0400085449219,281.7250061035156,283.9750061035156,1873670
2026-06-29 14:15:00+00:00,280.8699951171875,282.375,280.45001220703125,281.79998779296875,1896421
2026-06-29 14:30:00+00:00,281.5249938964844,282.2900085449219,280.3299865722656,280.8800048828125,2871579
2026-06-29 14:45:00+00:00,281.81500244140625,282.8299865722656,281.2699890136719,281.5400085449219,1808324
2026-06-29 15:00:00+00:00,281.95001220703125,282.19970703125,280.7099914550781,281.82000732421875,2067061
2026-06-29 15:15:00+00:00,282.3301086425781,282.42498779296875,281.5799865722656,281.95001220703125,1119010
2026-06-29 15:30:00+00:00,282.67999267578125,282.75,281.8500061035156,282.3424987792969,1669529
2026-06-29 15:45:00+00:00,281.5050048828125,283.03448486328125,281.4700927734375,282.67999267578125,2046381
2026-06-29 16:00:00+00:00,280.4100036621094,281.6199951171875,280.3500061035156,281.5299987792969,1709471
2026-06-29 16:15:00+00:00,280.55999755859375,281.5,280.2200012207031,280.4200134277344,1978748
2026-06-29 16:30:00+00:00,280.1600036621094,280.79998779296875,279.92999267578125,280.55999755859375,1188548
2026-06-29 16:45:00+00:00,280.30999755859375,280.760009765625,279.875,280.17999267578125,1369030
2026-06-29 17:00:00+00:00,280.1000061035156,280.489990234375,279.8500061035156,280.32000732421875,1337902
2026-06-29 17:15:00+00:00,281.4800109863281,281.5400085449219,280.1099853515625,280.1099853515625,1329036
2026-06-29 17:30:00+00:00,281.5,281.8900146484375,281.32000732421875,281.4700012207031,1039972
2026-06-29 17:45:00+00:00,282.0199890136719,282.29998779296875,281.45001220703125,281.5,1371868
2026-06-29 18:00:00+00:00,281.42999267578125,282.0299987792969,281.0,282.0299987792969,887168
2026-06-29 18:15:00+00:00,281.54998779296875,281.67999267578125,280.8599853515625,281.42999267578125,907515
2026-06-29 18:30:00+00:00,282.1499938964844,282.34991455078125,281.489990234375,281.54998779296875,1555767
2026-06-29 18:45:00+00:00,282.07000732421875,282.2622985839844,281.4549865722656,282.1499938964844,1186318
2026-06-29 19:00:00+00:00,282.6499938964844,283.0775146484375,281.94000244140625,282.07501220703125,1410733
2026-06-29 19:15:00+00:00,282.67999267578125,282.8900146484375,282.29998779296875,282.6499938964844,1501591
2026-06-29 19:30:00+00:00,281.7900085449219,282.739990234375,281.6499938964844,282.7099914550781,2701088
2026-06-29 19:45:00+00:00,281.6300048828125,282.4200134277344,281.4700012207031,281.79998779296875,3843663
2026-06-30 13:30:00+00:00,283.2698974609375,284.84930419921875,280.69500732421875,281.1700134277344,3769429
2026-06-30 13:45:00+00:00,285.30999755859375,285.34368896484375,282.82000732421875,283.2699890136719,2019537
2026-06-30 14:00:00+00:00,285.8550109863281,285.9800109863281,284.739990234375,285.30999755859375,1819219
2026-06-30 14:15:00+00:00,286.0249938964844,286.2898864746094,285.5,285.8500061035156,1498412
2026-06-30 14:30:00+00:00,285.5707092285156,286.260009765625,285.260009765625,286.010009765625,1068286
2026-06-30 14:45:00+00:00,286.9700012207031,287.0799865722656,285.4100036621094,285.5899963378906,2015216
2026-06-30 15:00:00+00:00,286.9599914550781,287.34991455078125,286.6400146484375,286.9800109863281,1136639
2026-06-30 15:15:00+00:00,288.2699890136719,288.6600036621094,286.6199035644531,286.9599914550781,1549461
2026-06-30 15:30:00+00:00,288.45001220703125,289.159912109375,288.1600036621094,288.2799987792969,1328498
2026-06-30 15:45:00+00:00,288.73980712890625,289.3800048828125,288.45001220703125,288.45001220703125,1283489
2026-06-30 16:00:00+00:00,288.260009765625,289.20001220703125,287.80999755859375,288.739990234375,1087894
2026-06-30 16:15:00+00:00,288.1449890136719,288.5,287.94171142578125,288.260009765625,724631
2026-06-30 16:30:00+00:00,288.7074890136719,288.75,288.125,288.1600036621094,790244
2026-06-30 16:45:00+00:00,289.18499755859375,289.2200012207031,288.6199951171875,288.7099914550781,919134
2026-06-30 17:00:00+00:00,289.0,289.6600036621094,288.9150085449219,289.20001220703125,936209
2026-06-30 17:15:00+00:00,288.42999267578125,288.9800109863281,288.32000732421875,288.9800109863281,727482
2026-06-30 17:30:00+00:00,288.375,288.57501220703125,288.2250061035156,288.44500732421875,757837
2026-06-30 17:45:00+00:00,288.4200134277344,288.7200012207031,288.1600036621094,288.3900146484375,693212
2026-06-30 18:00:00+00:00,288.94000244140625,289.19000244140625,288.0899963378906,288.4200134277344,1198860
2026-06-30 18:15:00+00:00,288.0899963378906,289.0,287.8550109863281,288.92999267578125,850140
2026-06-30 18:30:00+00:00,287.4549865722656,288.17999267578125,287.1400146484375,288.0849914550781,1012683
2026-06-30 18:45:00+00:00,286.9849853515625,287.510009765625,286.67999267578125,287.4501037597656,831908
2026-06-30 19:00:00+00:00,287.55059814453125,287.7099914550781,286.9700012207031,286.9700012207031,1175097
2026-06-30 19:15:00+00:00,287.5299987792969,288.1400146484375,287.2749938964844,287.55999755859375,1324853
2026-06-30 19:30:00+00:00,287.9100036621094,288.07000732421875,287.5,287.5299987792969,1438212
2026-06-30 19:45:00+00:00,289.0899963378906,289.9100036621094,287.4200134277344,287.9100036621094,6936703
2026-07-01 13:30:00+00:00,291.1199951171875,293.3949890136719,290.3299865722656,293.3299865722656,3939465
2026-07-01 13:45:00+00:00,292.5,292.64990234375,289.19500732421875,291.0,1943971
2026-07-01 14:00:00+00:00,292.95001220703125,293.19000244140625,291.6343994140625,292.510009765625,1487179
2026-07-01 14:15:00+00:00,293.05999755859375,293.4798889160156,291.94000244140625,292.9400939941406,1384807
2026-07-01 14:30:00+00:00,294.8299865722656,294.8399963378906,292.7300109863281,293.05999755859375,1559178
2026-07-01 14:45:00+00:00,294.6400146484375,295.0799865722656,294.0,294.82000732421875,2200269
2026-07-01 15:00:00+00:00,294.6099853515625,295.3500061035156,294.2850036621094,294.635009765625,1099938
2026-07-01 15:15:00+00:00,295.751708984375,296.5899963378906,294.510009765625,294.6099853515625,1906555
2026-07-01 15:30:00+00:00,294.94000244140625,295.7900085449219,294.7250061035156,295.7799987792969,1135569
2026-07-01 15:45:00+00:00,295.239990234375,295.4200134277344,294.6300048828125,294.94000244140625,870993
2026-07-01 16:00:00+00:00,295.2850036621094,295.7099914550781,295.0400085449219,295.25,741802
2026-07-01 16:15:00+00:00,294.94500732421875,295.4649963378906,294.9200134277344,295.2699890136719,656566
2026-07-01 16:30:00+00:00,294.6000061035156,295.0599060058594,294.2701110839844,294.94500732421875,785219
2026-07-01 16:45:00+00:00,294.2300109863281,294.8500061035156,294.1099853515625,294.6000061035156,975992
2026-07-01 17:00:00+00:00,294.44500732421875,294.6099853515625,293.9200134277344,294.2300109863281,1059466
2026-07-01 17:15:00+00:00,294.0899963378906,294.44500732421875,293.94000244140625,294.44500732421875,745748
2026-07-01 17:30:00+00:00,294.1050109863281,294.6000061035156,293.9200134277344,294.0799865722656,659799
2026-07-01 17:45:00+00:00,293.7149963378906,294.989990234375,293.1099853515625,294.1099853515625,2012236
2026-07-01 18:00:00+00:00,294.54998779296875,294.8399963378906,292.70001220703125,293.7300109863281,1837267
2026-07-01 18:15:00+00:00,294.80499267578125,295.1000061035156,294.31500244140625,294.57501220703125,993028
2026-07-01 18:30:00+00:00,295.3699951171875,295.5299987792969,294.7200012207031,294.80999755859375,1158383
2026-07-01 18:45:00+00:00,294.7200012207031,295.4599914550781,294.67999267578125,295.3599853515625,1032212
2026-07-01 19:00:00+00:00,294.55999755859375,294.94000244140625,294.4200134277344,294.7300109863281,988456
2026-07-01 19:15:00+00:00,294.0151062011719,294.8396911621094,294.0,294.57000732421875,1227693
2026-07-01 19:30:00+00:00,294.2099914550781,294.3500061035156,293.95001220703125,294.0,1510420
2026-07-01 19:45:00+00:00,294.25,295.54998779296875,293.7500915527344,294.20001220703125,4721233
2026-07-02 13:30:00+00:00,300.3500061035156,301.1400146484375,293.67999267578125,294.0849914550781,4635901
2026-07-02 13:45:00+00:00,302.80999755859375,302.80999755859375,300.3800048828125,300.3800048828125,4738509
2026-07-02 14:00:00+00:00,303.7300109863281,304.5199890136719,302.6188049316406,302.8500061035156,3255379
2026-07-02 14:15:00+00:00,305.04998779296875,305.32000732421875,303.5899963378906,303.7449951171875,2958487
2026-07-02 14:30:00+00:00,306.4200134277344,306.6398010253906,304.8500061035156,305.04400634765625,3218871
2026-07-02 14:45:00+00:00,306.87799072265625,307.0400085449219,305.30010986328125,306.4200134277344,2785450
2026-07-02 15:00:00+00:00,307.41448974609375,307.82000732421875,305.4100036621094,306.8999938964844,3117619
2026-07-02 15:15:00+00:00,305.4150085449219,307.44000244140625,305.2799987792969,307.44000244140625,2199416
2026-07-02 15:30:00+00:00,305.67498779296875,306.8999938964844,305.4200134277344,305.4200134277344,1619967
2026-07-02 15:45:00+00:00,305.625,306.1199951171875,305.2799987792969,305.7300109863281,1305109
2026-07-02 16:00:00+00:00,307.0544128417969,307.0849914550781,305.6105041503906,305.6400146484375,1644868
2026-07-02 16:15:00+00:00,308.0899963378906,308.45001220703125,306.95001220703125,307.0450134277344,2630702
2026-07-02 16:30:00+00:00,307.45001220703125,308.4800109863281,307.04998779296875,308.0899963378906,1854110
2026-07-02 16:45:00+00:00,308.30999755859375,308.5299072265625,306.6700134277344,307.4501037597656,1760509
2026-07-02 17:00:00+00:00,308.2099914550781,308.45001220703125,307.0899963378906,308.29998779296875,1765007
2026-07-02 17:15:00+00:00,307.80499267578125,308.31988525390625,307.260009765625,308.2099914550781,1275073
2026-07-02 17:30:00+00:00,308.17999267578125,308.17999267578125,307.4200134277344,307.80499267578125,1306022
2026-07-02 17:45:00+00:00,307.32000732421875,308.29998779296875,307.10009765625,308.1700134277344,1576661
2026-07-02 18:00:00+00:00,307.6400146484375,307.82000732421875,307.1449890136719,307.3500061035156,1337055
2026-07-02 18:15:00+00:00,307.3299865722656,307.79998779296875,306.8200988769531,307.65008544921875,1330412
2026-07-02 18:30:00+00:00,307.54998779296875,307.8999938964844,307.1300048828125,307.3399963378906,1572539
2026-07-02 18:45:00+00:00,307.6449890136719,308.1000061035156,307.3500061035156,307.54998779296875,1118455
2026-07-02 19:00:00+00:00,307.7900085449219,308.30999755859375,307.3800048828125,307.6449890136719,1332226
2026-07-02 19:15:00+00:00,307.42498779296875,308.04998779296875,307.2601013183594,307.7799987792969,1427355
2026-07-02 19:30:00+00:00,307.9800109863281,308.510009765625,307.31500244140625,307.44000244140625,2141007
2026-07-02 19:45:00+00:00,308.2200012207031,309.4200134277344,307.2099914550781,307.9800109863281,6519605
2026-07-06 13:30:00+00:00,309.2900085449219,309.9100036621094,307.010009765625,307.67999267578125,4296993
2026-07-06 13:45:00+00:00,309.6300048828125,309.95001220703125,308.3999938964844,309.3399963378906,1773303
2026-07-06 14:00:00+00:00,309.8599853515625,309.9898986816406,308.8699951171875,309.6300048828125,1642794
2026-07-06 14:15:00+00:00,311.7300109863281,311.75,309.4800109863281,309.8699951171875,2499785
2026-07-06 14:30:00+00:00,311.3999938964844,311.8399963378906,311.2101135253906,311.70001220703125,1721559
2026-07-06 14:45:00+00:00,312.5201110839844,312.5799865722656,311.260009765625,311.3999938964844,1408668
2026-07-06 15:00:00+00:00,312.875,313.2099914550781,312.4599914550781,312.54998779296875,1449152
2026-07-06 15:15:00+00:00,313.5799865722656,313.6000061035156,312.6610107421875,312.8699951171875,1670949
2026-07-06 15:30:00+00:00,314.0899963378906,314.1199951171875,313.3599853515625,313.5849914550781,1327726
2026-07-06 15:45:00+00:00,313.70001220703125,314.20001220703125,313.3800048828125,314.1050109863281,1123940
2026-07-06 16:00:00+00:00,313.010009765625,313.7900085449219,312.82000732421875,313.6400146484375,1521135
2026-07-06 16:15:00+00:00,312.25,313.0199890136719,312.2300109863281,313.0150146484375,844614
2026-07-06 16:30:00+00:00,312.57000732421875,312.75,311.8500061035156,312.2449951171875,4156676
2026-07-06 16:45:00+00:00,312.5400085449219,312.9800109863281,312.44000244140625,312.55999755859375,711963
2026-07-06 17:00:00+00:00,312.7305908203125,312.8999938964844,312.3299865722656,312.5350036621094,658895
2026-07-06 17:15:00+00:00,312.3800048828125,312.9100036621094,312.360107421875,312.7301025390625,745239
2026-07-06 17:30:00+00:00,312.3999938964844,312.5849914550781,312.1099853515625,312.3876037597656,699264
2026-07-06 17:45:00+00:00,312.7200927734375,312.7349853515625,312.29998779296875,312.3900146484375,536519
2026-07-06 18:00:00+00:00,312.9200134277344,312.9599914550781,312.4100036621094,312.7300109863281,598943
2026-07-06 18:15:00+00:00,313.07000732421875,313.14990234375,312.7749938964844,312.92498779296875,666518
2026-07-06 18:30:00+00:00,313.2799987792969,313.4750061035156,312.9100036621094,313.0799865722656,833694
2026-07-06 18:45:00+00:00,313.2900085449219,313.46881103515625,313.0450134277344,313.2850036621094,702851
2026-07-06 19:00:00+00:00,313.20001220703125,313.3900146484375,312.989990234375,313.29998779296875,942364
2026-07-06 19:15:00+00:00,313.3999938964844,313.55999755859375,313.0199890136719,313.2049865722656,972974
2026-07-06 19:30:00+00:00,313.614990234375,313.739990234375,313.3500061035156,313.4150085449219,1024003
2026-07-06 19:45:00+00:00,312.80999755859375,313.69000244140625,312.04998779296875,313.61090087890625,3964388
2026-07-07 13:30:00+00:00,312.0899963378906,315.4800109863281,310.1499938964844,315.2900085449219,4038324
2026-07-07 13:45:00+00:00,311.5799865722656,312.8299865722656,311.1000061035156,312.07000732421875,1345322
2026-07-07 14:00:00+00:00,311.8699951171875,312.5498962402344,311.1099853515625,311.6000061035156,1815490
2026-07-07 14:15:00+00:00,311.45001220703125,312.2650146484375,311.20001220703125,311.860107421875,1746094
2026-07-07 14:30:00+00:00,312.57000732421875,313.42999267578125,310.989990234375,311.45001220703125,2176057
2026-07-07 14:45:00+00:00,312.7799987792969,313.0199890136719,312.010009765625,312.5799865722656,902983
2026-07-07 15:00:00+00:00,313.32000732421875,313.8800048828125,312.67498779296875,312.80499267578125,903105
2026-07-07 15:15:00+00:00,314.0799865722656,314.1300048828125,313.1401062011719,313.32501220703125,1222626
2026-07-07 15:30:00+00:00,314.3900146484375,314.4200134277344,313.739990234375,314.1025085449219,1580038
2026-07-07 15:45:00+00:00,314.2900085449219,314.7300109863281,314.1400146484375,314.3700866699219,1824284
2026-07-07 16:00:00+00:00,313.1199951171875,314.364990234375,313.1199951171875,314.2699890136719,1154787
2026-07-07 16:15:00+00:00,313.1700134277344,314.05999755859375,312.67999267578125,313.12109375,1377331
2026-07-07 16:30:00+00:00,313.614990234375,313.8999938964844,312.7799987792969,313.1400146484375,727160
2026-07-07 16:45:00+00:00,313.6099853515625,314.010009765625,313.5400085449219,313.6300048828125,616288
2026-07-07 17:00:00+00:00,312.80499267578125,313.6199951171875,312.2701110839844,313.6099853515625,843541
2026-07-07 17:15:00+00:00,312.8399963378906,313.239990234375,312.70001220703125,312.80499267578125,607530
2026-07-07 17:30:00+00:00,312.7200012207031,313.0,312.55999755859375,312.82000732421875,566560
2026-07-07 17:45:00+00:00,311.8800048828125,312.93499755859375,311.8699035644531,312.7200012207031,595272
2026-07-07 18:00:00+00:00,312.1650085449219,312.4200134277344,311.8500061035156,311.8599853515625,853897
2026-07-07 18:15:00+00:00,312.61920166015625,312.7200012207031,311.92999267578125,312.1650085449219,625629
2026-07-07 18:30:00+00:00,313.0350036621094,313.17999267578125,312.30999755859375,312.6199951171875,758622
2026-07-07 18:45:00+00:00,312.0050048828125,313.0799865722656,311.8599853515625,313.0400085449219,994800
2026-07-07 19:00:00+00:00,311.8799133300781,312.5098876953125,311.55999755859375,312.0299987792969,1163238
2026-07-07 19:15:00+00:00,311.8949890136719,312.2699890136719,311.55999755859375,311.8800048828125,1344015
2026-07-07 19:30:00+00:00,311.7250061035156,312.32000732421875,311.55499267578125,311.8999938964844,1006990
2026-07-07 19:45:00+00:00,310.6600036621094,312.0784912109375,310.3299865722656,311.7250061035156,10955583
2026-07-08 13:30:00+00:00,307.9158020019531,312.0,307.82000732421875,311.6600036621094,3587606
2026-07-08 13:45:00+00:00,309.1300048828125,309.6401062011719,307.051513671875,307.9150085449219,1409898
2026-07-08 14:00:00+00:00,309.92498779296875,310.239990234375,308.4200134277344,309.1499938964844,1254960
2026-07-08 14:15:00+00:00,308.8500061035156,310.6600036621094,308.8059997558594,309.9110107421875,1350312
2026-07-08 14:30:00+00:00,310.2699890136719,310.4609069824219,308.7749938964844,308.82000732421875,1100654
2026-07-08 14:45:00+00:00,308.8800048828125,310.55999755859375,308.70001220703125,310.2550048828125,1079699
2026-07-08 15:00:00+00:00,309.9700012207031,310.260009765625,308.760009765625,308.8800048828125,986591
2026-07-08 15:15:00+00:00,310.06500244140625,310.8500061035156,309.8900146484375,309.95001220703125,982431
2026-07-08 15:30:00+00:00,309.55999755859375,310.1199951171875,309.31500244140625,310.0799865722656,781257
2026-07-08 15:45:00+00:00,310.2250061035156,310.45001220703125,309.4599914550781,309.55499267578125,742485
2026-07-08 16:00:00+00:00,310.4849853515625,311.2149963378906,310.0849914550781,310.25,881007
2026-07-08 16:15:00+00:00,311.6000061035156,311.7900085449219,310.489990234375,310.489990234375,1083725
2026-07-08 16:30:00+00:00,312.2099914550781,312.2900085449219,311.3399963378906,311.6000061035156,1099775
2026-07-08 16:45:00+00:00,313.1000061035156,313.3399963378906,312.1099853515625,312.2099914550781,1172278
2026-07-08 17:00:00+00:00,313.8900146484375,314.0799865722656,313.010009765625,313.1299133300781,1287526
2026-07-08 17:15:00+00:00,314.1199035644531,314.19000244140625,313.2449951171875,313.885009765625,1069470
2026-07-08 17:30:00+00:00,314.4849853515625,314.57000732421875,313.9100036621094,314.1300048828125,1346358
2026-07-08 17:45:00+00:00,314.3900146484375,314.635009765625,311.150390625,314.4800109863281,1248405
2026-07-08 18:00:00+00:00,314.55999755859375,314.80999755859375,314.20001220703125,314.3999938964844,965212
2026-07-08 18:15:00+00:00,314.125,314.625,314.1000061035156,314.57000732421875,734822
2026-07-08 18:30:00+00:00,313.95001220703125,314.2200012207031,313.739990234375,314.125,837017
2026-07-08 18:45:00+00:00,313.8949890136719,314.3999938964844,313.8399963378906,313.94000244140625,808757
2026-07-08 19:00:00+00:00,313.93499755859375,314.19720458984375,313.7200012207031,313.8949890136719,934674
2026-07-08 19:15:00+00:00,313.81500244140625,314.0799865722656,313.6499938964844,313.92999267578125,897499
2026-07-08 19:30:00+00:00,313.1000061035156,314.20001220703125,313.1000061035156,313.81500244140625,1162510
2026-07-08 19:45:00+00:00,313.260009765625,313.9599914550781,312.75,313.1000061035156,3623998
2026-07-09 13:30:00+00:00,310.885009765625,312.07000732421875,308.1600036621094,310.44500732421875,3624446
2026-07-09 13:45:00+00:00,310.9750061035156,311.8599853515625,310.65008544921875,310.8500061035156,1524024
2026-07-09 14:00:00+00:00,310.8550109863281,311.94500732421875,310.1600036621094,310.9945068359375,1337873
2026-07-09 14:15:00+00:00,312.0899963378906,312.29998779296875,310.3900146484375,310.8500061035156,1114973
2026-07-09 14:30:00+00:00,311.6199951171875,312.3999938964844,311.5199890136719,312.07000732421875,1095056
2026-07-09 14:45:00+00:00,311.55999755859375,311.7200012207031,310.7012023925781,311.6099853515625,742269
2026-07-09 15:00:00+00:00,312.43499755859375,312.4599914550781,311.510009765625,311.54998779296875,831243
2026-07-09 15:15:00+00:00,314.4599914550781,314.8500061035156,312.4200134277344,312.43499755859375,1410396
2026-07-09 15:30:00+00:00,314.6050109863281,315.0199890136719,314.29998779296875,314.46990966796875,1039357
2026-07-09 15:45:00+00:00,314.7699890136719,314.92999267578125,314.4700012207031,314.6199951171875,5394175
2026-07-09 16:00:00+00:00,314.5000915527344,315.2200012207031,314.239990234375,314.7900085449219,1055741
2026-07-09 16:15:00+00:00,314.8999938964844,315.2200012207031,314.1000061035156,314.5199890136719,995766
2026-07-09 16:30:00+00:00,315.0,315.5,314.8599853515625,314.90008544921875,933745
2026-07-09 16:45:00+00:00,314.7099914550781,315.1199951171875,314.4200134277344,314.989990234375,1296405
2026-07-09 17:00:00+00:00,315.04998779296875,315.17999267578125,314.6075134277344,314.71051025390625,1493911
2026-07-09 17:15:00+00:00,314.7214050292969,315.0799865722656,314.30999755859375,315.04998779296875,828733
2026-07-09 17:30:00+00:00,314.8599853515625,314.8599853515625,314.43011474609375,314.7235107421875,1869507
2026-07-09 17:45:00+00:00,314.9800109863281,315.0799865722656,314.6099853515625,314.8599853515625,584710
2026-07-09 18:00:00+00:00,314.7950134277344,315.31988525390625,314.4800109863281,314.989990234375,928966
2026-07-09 18:15:00+00:00,314.55999755859375,314.9049987792969,314.2349853515625,314.7799987792969,704936
2026-07-09 18:30:00+00:00,314.69000244140625,314.7799987792969,314.3800048828125,314.55999755859375,771047
2026-07-09 18:45:00+00:00,314.44000244140625,314.7799987792969,314.25,314.6700134277344,619483
2026-07-09 19:00:00+00:00,315.1499938964844,315.1600036621094,314.4049987792969,314.44000244140625,643542
2026-07-09 19:15:00+00:00,315.4100036621094,315.69000244140625,315.1400146484375,315.1499938964844,1024209
2026-07-09 19:30:00+00:00,316.1394958496094,316.19000244140625,315.3900146484375,315.4200134277344,1225245
2026-07-09 19:45:00+00:00,316.17999267578125,316.5299987792969,315.67999267578125,316.1297912597656,2930579
2026-07-10 13:30:00+00:00,314.7349853515625,316.3900146484375,313.2099914550781,314.7200012207031,3077854
2026-07-10 13:45:00+00:00,314.3005065917969,315.17999267578125,314.0199890136719,314.7550048828125,1216355
2026-07-10 14:00:00+00:00,313.7699890136719,314.760009765625,313.4150085449219,314.29998779296875,1028205
2026-07-10 14:15:00+00:00,313.1300048828125,313.95001220703125,312.93011474609375,313.75,1024039
2026-07-10 14:30:00+00:00,312.9649963378906,313.3900146484375,312.1700134277344,313.1199951171875,1674713
2026-07-10 14:45:00+00:00,313.760009765625,313.92999267578125,312.6499938964844,312.94000244140625,932758
2026-07-10 15:00:00+00:00,313.8699951171875,314.1099853515625,313.0,313.7799987792969,879017
2026-07-10 15:15:00+00:00,313.3399963378906,314.1000061035156,313.32000732421875,313.885009765625,684185
2026-07-10 15:30:00+00:00,313.17999267578125,313.80999755859375,312.91009521484375,313.3500061035156,783876
2026-07-10 15:45:00+00:00,313.2300109863281,313.4700012207031,312.32000732421875,313.1700134277344,710095
2026-07-10 16:00:00+00:00,314.19158935546875,314.239990234375,313.05999755859375,313.25,610638
2026-07-10 16:15:00+00:00,314.3550109863281,314.5140075683594,314.05010986328125,314.2300109863281,483640
2026-07-10 16:30:00+00:00,314.4601135253906,314.6400146484375,313.94000244140625,314.3699951171875,500966
2026-07-10 16:45:00+00:00,314.70001220703125,314.7799987792969,314.3599853515625,314.4400939941406,404291
2026-07-10 17:00:00+00:00,314.2799987792969,314.739990234375,314.14990234375,314.7099914550781,402641
2026-07-10 17:15:00+00:00,314.4599914550781,314.54400634765625,314.2200012207031,314.2749938964844,393670
2026-07-10 17:30:00+00:00,313.9100036621094,314.55999755859375,313.8999938964844,314.4700012207031,366061
2026-07-10 17:45:00+00:00,314.1300048828125,314.4800109863281,313.8902893066406,313.8902893066406,331656
2026-07-10 18:00:00+00:00,314.1700134277344,314.3699951171875,314.010009765625,314.1700134277344,415539
2026-07-10 18:15:00+00:00,314.840087890625,314.8900146484375,314.1600036621094,314.1600036621094,417493
2026-07-10 18:30:00+00:00,314.9549865722656,314.9800109863281,314.739990234375,314.8599853515625,408092
2026-07-10 18:45:00+00:00,315.2699890136719,315.3999938964844,314.9314880371094,314.9556884765625,1356829
2026-07-10 19:00:00+00:00,316.0199890136719,316.1400146484375,315.2300109863281,315.2699890136719,847303
2026-07-10 19:15:00+00:00,316.1600036621094,316.4798889160156,315.92181396484375,316.0150146484375,964160
2026-07-10 19:30:00+00:00,316.6600036621094,316.9100036621094,316.04998779296875,316.1499938964844,1527397
2026-07-10 19:45:00+00:00,315.32989501953125,316.7699890136719,314.7799987792969,316.6600036621094,2462225
2026-07-13 13:30:00+00:00,322.42999267578125,322.4999084472656,316.45001220703125,317.0150146484375,6301363
2026-07-13 13:45:00+00:00,321.2149963378906,323.45001220703125,320.510009765625,322.42999267578125,2765562
2026-07-13 14:00:00+00:00,321.19000244140625,321.79998779296875,320.6300048828125,321.2200012207031,1527313
2026-07-13 14:15:00+00:00,320.19000244140625,321.45989990234375,319.3299865722656,321.1700134277344,1562236
2026-07-13 14:30:00+00:00,318.7699890136719,320.2950134277344,318.6300048828125,320.2099914550781,1030377
2026-07-13 14:45:00+00:00,319.07000732421875,319.55999755859375,318.3699951171875,318.777587890625,1125005
2026-07-13 15:00:00+00:00,317.9200134277344,319.2200012207031,317.8900146484375,319.1400146484375,877386
2026-07-13 15:15:00+00:00,317.2200012207031,318.1600036621094,316.8500061035156,317.9200134277344,961429
2026-07-13 15:30:00+00:00,316.44000244140625,317.2300109863281,316.0899963378906,317.2200012207031,1032174
2026-07-13 15:45:00+00:00,317.1199951171875,317.25,316.4200134277344,316.4410095214844,919828
2026-07-13 16:00:00+00:00,317.6650085449219,317.8999938964844,316.79998779296875,317.1000061035156,1017345
2026-07-13 16:15:00+00:00,317.3699951171875,317.7099914550781,316.8599853515625,317.6600036621094,759404
2026-07-13 16:30:00+00:00,316.4800109863281,317.44000244140625,315.92999267578125,317.3399963378906,1029159
2026-07-13 16:45:00+00:00,316.6000061035156,316.82000732421875,316.17999267578125,316.5150146484375,520336
2026-07-13 17:00:00+00:00,316.1000061035156,316.7300109863281,316.0199890136719,316.6650085449219,532426
2026-07-13 17:15:00+00:00,316.4700012207031,316.5799865722656,315.7799987792969,316.0950012207031,1533343
2026-07-13 17:30:00+00:00,316.3999938964844,316.6700134277344,316.1199951171875,316.489990234375,647006
2026-07-13 17:45:00+00:00,316.1549987792969,316.75,316.0299987792969,316.3949890136719,552523
2026-07-13 18:00:00+00:00,316.3299865722656,316.5400085449219,315.8999938964844,316.1700134277344,586253
2026-07-13 18:15:00+00:00,316.84051513671875,316.8450012207031,316.1499938964844,316.31500244140625,571258
2026-07-13 18:30:00+00:00,316.94000244140625,317.1000061035156,316.6400146484375,316.8599853515625,614708
2026-07-13 18:45:00+00:00,317.1600036621094,317.4800109863281,316.92999267578125,316.9599914550781,1690288
2026-07-13 19:00:00+00:00,316.2900085449219,317.5199890136719,316.1700134277344,317.17999267578125,952226
2026-07-13 19:15:00+00:00,316.3299865722656,317.1300048828125,316.2300109863281,316.2699890136719,871281
2026-07-13 19:30:00+00:00,316.8500061035156,316.9100036621094,316.04998779296875,316.32501220703125,955301
2026-07-13 19:45:00+00:00,317.4200134277344,317.739990234375,316.7099914550781,316.8399963378906,3070381
2026-07-14 13:30:00+00:00,314.79998779296875,315.68499755859375,311.9100036621094,313.6400146484375,3461139
2026-07-14 13:45:00+00:00,314.489990234375,315.6000061035156,313.0299987792969,314.7799987792969,1230129
2026-07-14 14:00:00+00:00,314.260009765625,314.5199890136719,313.0700988769531,314.4700012207031,1393869
2026-07-14 14:15:00+00:00,314.9419860839844,315.1499938964844,313.364990234375,314.260009765625,868877
2026-07-14 14:30:00+00:00,315.4849853515625,316.19000244140625,314.7099914550781,314.95001220703125,2336297
2026-07-14 14:45:00+00:00,314.9501037597656,315.5199890136719,314.0205078125,315.4700012207031,842290
2026-07-14 15:00:00+00:00,315.6600036621094,316.04998779296875,314.7900085449219,315.0,729648
2026-07-14 15:15:00+00:00,314.29998779296875,315.84991455078125,314.260009765625,315.6600036621094,702761
2026-07-14 15:30:00+00:00,314.45001220703125,314.8699951171875,313.79998779296875,314.32000732421875,881668
2026-07-14 15:45:00+00:00,313.260009765625,314.510009765625,313.20001220703125,314.44000244140625,844094
2026-07-14 16:00:00+00:00,314.06500244140625,314.239990234375,312.8699951171875,313.2850036621094,792857
2026-07-14 16:15:00+00:00,313.2699890136719,314.0799865722656,312.8699951171875,314.06500244140625,650048
2026-07-14 16:30:00+00:00,313.4700012207031,313.8699951171875,313.1099853515625,313.260009765625,638877
2026-07-14 16:45:00+00:00,314.1199951171875,314.2200012207031,313.3999938964844,313.4800109863281,690152
2026-07-14 17:00:00+00:00,314.42999267578125,314.9700012207031,313.8999938964844,314.1199951171875,789581
2026-07-14 17:15:00+00:00,314.8699951171875,314.95001220703125,314.25,314.44000244140625,527925
2026-07-14 17:30:00+00:00,314.7749938964844,315.0199890136719,314.5899963378906,314.8900146484375,489180
2026-07-14 17:45:00+00:00,315.17999267578125,315.2349853515625,314.6199951171875,314.7749938964844,486841
2026-07-14 18:00:00+00:00,315.2550048828125,315.3900146484375,315.0400085449219,315.20001220703125,444515
2026-07-14 18:15:00+00:00,315.2200012207031,315.2699890136719,314.8599853515625,315.260009765625,508582
2026-07-14 18:30:00+00:00,315.18499755859375,315.44000244140625,314.82000732421875,315.2200012207031,542718
2026-07-14 18:45:00+00:00,315.4800109863281,315.6000061035156,315.0400085449219,315.18499755859375,519686
2026-07-14 19:00:00+00:00,315.4100036621094,315.8699951171875,315.1300048828125,315.4849853515625,647290
2026-07-14 19:15:00+00:00,315.7049865722656,315.8500061035156,315.32000732421875,315.4198913574219,515145
2026-07-14 19:30:00+00:00,315.34979248046875,315.760009765625,315.1499938964844,315.7049865722656,849777
2026-07-14 19:45:00+00:00,314.9200134277344,315.70001220703125,314.5899963378906,315.3399963378906,2167118
2026-07-15 13:30:00+00:00,321.1700134277344,321.19500732421875,317.32000732421875,317.625,3454516
2026-07-15 13:45:00+00:00,320.7650146484375,321.8179931640625,319.9200134277344,321.1700134277344,3245597
2026-07-15 14:00:00+00:00,324.7862854003906,324.9800109863281,320.75,320.7900085449219,3631865
2026-07-15 14:15:00+00:00,324.7099914550781,325.67999267578125,324.25,324.7799987792969,3219356
2026-07-15 14:30:00+00:00,324.1600036621094,325.0849914550781,323.5400085449219,324.7099914550781,2245348
2026-07-15 14:45:00+00:00,323.9100036621094,325.3999938964844,323.681396484375,324.20001220703125,1581021
2026-07-15 15:00:00+00:00,324.2300109863281,324.3699951171875,323.5400085449219,323.9150085449219,1081005
2026-07-15 15:15:00+00:00,325.6199951171875,325.67999267578125,324.0199890136719,324.2449951171875,1370640
2026-07-15 15:30:00+00:00,326.57000732421875,327.1000061035156,325.1600036621094,325.6099853515625,2006929
2026-07-15 15:45:00+00:00,326.2799987792969,327.0199890136719,325.2149963378906,326.5751037597656,1383520
2026-07-15 16:00:00+00:00,327.1700134277344,327.3599853515625,326.2549133300781,326.2900085449219,1478769
2026-07-15 16:15:00+00:00,328.1700134277344,328.5299987792969,327.0869140625,327.17498779296875,2446506
2026-07-15 16:30:00+00:00,328.20001220703125,328.5,327.30999755859375,328.1600036621094,2106487
2026-07-15 16:45:00+00:00,327.9599914550781,328.3399963378906,327.3599853515625,328.17999267578125,1381039
2026-07-15 17:00:00+00:00,326.6400146484375,328.05999755859375,326.4599914550781,327.9700012207031,1285045
2026-07-15 17:15:00+00:00,326.989990234375,327.2099914550781,325.9700012207031,326.6000061035156,1194731
2026-07-15 17:30:00+00:00,327.2275085449219,328.0,326.6499938964844,327.0,1136482
2026-07-15 17:45:00+00:00,327.5851135253906,327.7099914550781,327.19000244140625,327.2250061035156,1026413
2026-07-15 18:00:00+00:00,327.6099853515625,327.6700134277344,327.1600036621094,327.5899963378906,851445
2026-07-15 18:15:00+00:00,327.7900085449219,327.8599853515625,327.2099914550781,327.6000061035156,882007
2026-07-15 18:30:00+00:00,327.6549987792969,327.8500061035156,327.4700012207031,327.7799987792969,717863
2026-07-15 18:45:00+00:00,327.5249938964844,327.70001220703125,327.0799865722656,327.6400146484375,990612
2026-07-15 19:00:00+00:00,327.8399963378906,328.7200012207031,327.4599914550781,327.5400085449219,1570521
2026-07-15 19:15:00+00:00,327.05999755859375,327.9898986816406,326.8599853515625,327.80999755859375,1267321
2026-07-15 19:30:00+00:00,325.8699951171875,327.07000732421875,325.8599853515625,327.0400085449219,2902884
2026-07-15 19:45:00+00:00,327.57000732421875,328.3500061035156,325.7200012207031,325.8900146484375,5115238
2026-07-16 13:30:00+00:00,327.8550109863281,328.9800109863281,326.7900085449219,328.0050048828125,4686533
2026-07-16 13:45:00+00:00,331.1499938964844,331.1499938964844,327.7900085449219,327.885009765625,3936026
2026-07-16 14:00:00+00:00,328.752197265625,331.4100036621094,327.8900146484375,331.07501220703125,2661650
2026-07-16 14:15:00+00:00,330.3699951171875,330.6099853515625,328.3399963378906,328.67010498046875,1518759
2026-07-16 14:30:00+00:00,330.7049865722656,331.1499938964844,330.19000244140625,330.3399963378906,1571614
2026-07-16 14:45:00+00:00,330.20001220703125,330.8900146484375,329.7749938964844,330.69000244140625,1120259
2026-07-16 15:00:00+00:00,330.4700012207031,330.614990234375,329.3500061035156,330.17999267578125,1080768
2026-07-16 15:15:00+00:00,330.6300048828125,330.92498779296875,329.82049560546875,330.4649963378906,1514915
2026-07-16 15:30:00+00:00,331.2892150878906,331.6499938964844,330.4800109863281,330.65008544921875,1076644
2026-07-16 15:45:00+00:00,331.8500061035156,332.2799987792969,331.2300109863281,331.30499267578125,1252282
2026-07-16 16:00:00+00:00,330.69000244140625,331.95001220703125,330.6000061035156,331.8550109863281,1360716
2026-07-16 16:15:00+00:00,331.1400146484375,331.4599914550781,327.5,330.6499938964844,917229
2026-07-16 16:30:00+00:00,330.43798828125,331.3999938964844,329.8599853515625,331.1899108886719,990678
2026-07-16 16:45:00+00:00,332.0799865722656,332.0799865722656,330.3299865722656,330.4200134277344,2340635
2026-07-16 17:00:00+00:00,331.7749938964844,332.3699951171875,331.7200012207031,332.05499267578125,1070109
2026-07-16 17:15:00+00:00,332.8999938964844,332.9700012207031,331.7200012207031,331.7799987792969,1288074
2026-07-16 17:30:00+00:00,332.3500061035156,333.54998779296875,332.2900085449219,332.898193359375,1588746
2026-07-16 17:45:00+00:00,331.635009765625,332.510009765625,330.7850036621094,332.3599853515625,1857156
2026-07-16 18:00:00+00:00,329.639892578125,331.82000732421875,329.55999755859375,331.6600036621094,1459906
2026-07-16 18:15:00+00:00,331.260009765625,332.0,329.3399963378906,329.6400146484375,1893004
2026-07-16 18:30:00+00:00,331.9599914550781,332.0899963378906,330.9100036621094,331.239990234375,1074392
2026-07-16 18:45:00+00:00,333.17999267578125,333.510009765625,331.8399963378906,331.9549865722656,2021575
2026-07-16 19:00:00+00:00,334.19500732421875,334.67999267578125,333.010009765625,333.17999267578125,2394716
2026-07-16 19:15:00+00:00,332.989990234375,334.3599853515625,332.9700012207031,334.19000244140625,2484627
2026-07-16 19:30:00+00:00,332.2799987792969,333.1199951171875,332.1000061035156,333.0,2355196
2026-07-16 19:45:00+00:00,333.2699890136719,333.70001220703125,330.7699890136719,332.2799987792969,5848809
2026-07-17 13:30:00+00:00,333.8399963378906,334.9800109863281,331.2950134277344,331.9800109863281,9504764
2026-07-17 13:45:00+00:00,330.9800109863281,334.3999938964844,330.8900146484375,333.8901062011719,2808925
2026-07-17 14:00:00+00:00,330.5086975097656,330.989990234375,329.0006103515625,330.94000244140625,2524373
2026-07-17 14:15:00+00:00,331.8399963378906,331.8500061035156,329.8399963378906,330.42999267578125,1706492
2026-07-17 14:30:00+00:00,333.07000732421875,333.9700012207031,331.8500061035156,331.8800048828125,2346822
2026-07-17 14:45:00+00:00,333.1700134277344,333.5899963378906,331.9100036621094,333.07000732421875,1426565
2026-07-17 15:00:00+00:00,333.80499267578125,333.989990234375,332.510009765625,333.17999267578125,1332251
2026-07-17 15:15:00+00:00,334.6549987792969,334.7666931152344,333.3699951171875,333.7699890136719,1428151
2026-07-17 15:30:00+00:00,333.7099914550781,334.8699035644531,333.2099914550781,334.6698913574219,1396365
2026-07-17 15:45:00+00:00,332.3500061035156,333.739990234375,332.0199890136719,333.739990234375,1515932
2026-07-17 16:00:00+00:00,330.30499267578125,332.375,330.0,332.3699951171875,2158281
2026-07-17 16:15:00+00:00,331.7449951171875,331.92498779296875,330.30999755859375,330.3399963378906,1182324
2026-07-17 16:30:00+00:00,332.2550048828125,332.3699951171875,331.4800109863281,331.7200012207031,928427
2026-07-17 16:45:00+00:00,330.5101013183594,333.5,330.45001220703125,332.2650146484375,1927782
2026-07-17 17:00:00+00:00,329.4849853515625,330.79998779296875,329.4200134277344,330.510009765625,1764177
2026-07-17 17:15:00+00:00,330.5400085449219,330.8500061035156,329.1600036621094,329.4849853515625,1653963
2026-07-17 17:30:00+00:00,330.8800964355469,330.92999267578125,330.0799865722656,330.51080322265625,843359
2026-07-17 17:45:00+00:00,331.7799987792969,331.9200134277344,330.4599914550781,330.8900146484375,1163222
2026-07-17 18:00:00+00:00,332.6050109863281,333.2300109863281,331.54998779296875,331.7950134277344,1750415
2026-07-17 18:15:00+00:00,332.375,332.718994140625,332.05999755859375,332.6050109863281,820742
2026-07-17 18:30:00+00:00,333.5899963378906,333.7099914550781,332.1099853515625,332.375,1459026
2026-07-17 18:45:00+00:00,333.92498779296875,334.6700134277344,333.5,333.6000061035156,1295320
2026-07-17 19:00:00+00:00,333.6400146484375,334.625,333.6199951171875,333.9200134277344,1479487
2026-07-17 19:15:00+00:00,332.8299865722656,333.9549865722656,332.3599853515625,333.6300048828125,1558618
2026-07-17 19:30:00+00:00,333.9200134277344,334.0899963378906,332.260009765625,332.7799987792969,2080282
2026-07-17 19:45:00+00:00,333.739990234375,334.3800048828125,333.46051025390625,333.8999938964844,4289389
2026-07-20 13:30:00+00:00,330.5799865722656,333.7099914550781,330.0199890136719,333.0249938964844,4559974
2026-07-20 13:45:00+00:00,328.8999938964844,330.8699951171875,328.3999938964844,330.639892578125,2072510
2026-07-20 14:00:00+00:00,327.1700134277344,329.0,327.1199951171875,328.8800048828125,2056393
2026-07-20 14:15:00+00:00,327.0199890136719,327.3900146484375,326.1099853515625,327.1600036621094,2489491
2026-07-20 14:30:00+00:00,327.9649963378906,328.0199890136719,326.5899963378906,327.0199890136719,1562844
2026-07-20 14:45:00+00:00,326.42999267578125,327.9599914550781,326.0199890136719,327.95001220703125,1359159
2026-07-20 15:00:00+00:00,324.9599914550781,327.0150146484375,324.8210144042969,326.4599914550781,2006131
2026-07-20 15:15:00+00:00,324.8999938964844,325.3500061035156,324.4200134277344,324.9599914550781,2384793
2026-07-20 15:30:00+00:00,326.0150146484375,326.5199890136719,324.9049987792969,324.94000244140625,1241767
2026-07-20 15:45:00+00:00,325.9750061035156,326.5450134277344,325.1300048828125,326.0150146484375,1161349
2026-07-20 16:00:00+00:00,325.2200927734375,326.0400085449219,324.94000244140625,325.9800109863281,1152618
2026-07-20 16:15:00+00:00,325.0,325.6700134277344,324.8699951171875,325.2200012207031,1145359
2026-07-20 16:30:00+00:00,324.4150085449219,325.0899963378906,323.70001220703125,325.0199890136719,1739551
2026-07-20 16:45:00+00:00,324.2449951171875,324.8500061035156,324.010009765625,324.3949890136719,830600
2026-07-20 17:00:00+00:00,324.79998779296875,325.1449890136719,323.9200134277344,324.260009765625,891248
2026-07-20 17:15:00+00:00,324.7200012207031,324.96160888671875,324.3999938964844,324.7900085449219,665126
2026-07-20 17:30:00+00:00,324.3699951171875,325.06500244140625,324.20001220703125,324.7300109863281,1792737
2026-07-20 17:45:00+00:00,324.7799987792969,325.3832092285156,324.29998779296875,324.3500061035156,764701
2026-07-20 18:00:00+00:00,325.4700012207031,325.79998779296875,324.6549987792969,324.7799987792969,1149140
2026-07-20 18:15:00+00:00,325.94000244140625,326.489990234375,325.3999938964844,325.4599914550781,1338266
2026-07-20 18:30:00+00:00,325.4700012207031,326.9100036621094,325.30999755859375,325.9800109863281,1576146
2026-07-20 18:45:00+00:00,326.75,327.3699951171875,325.45001220703125,325.4700012207031,1213841
2026-07-20 19:00:00+00:00,328.19000244140625,328.55499267578125,326.75,326.75,1478803
2026-07-20 19:15:00+00:00,329.0199890136719,329.0799865722656,327.7699890136719,328.17999267578125,1492745
2026-07-20 19:30:00+00:00,328.0400085449219,329.760009765625,327.9700012207031,329.010009765625,2069652
2026-07-20 19:45:00+00:00,326.70001220703125,328.32989501953125,326.32000732421875,328.04998779296875,3458846
2026-07-21 13:30:00+00:00,324.82000732421875,325.6099853515625,322.38140869140625,323.3450012207031,4477659
2026-07-21 13:45:00+00:00,324.1099853515625,324.8900146484375,322.22039794921875,324.82000732421875,2122244
2026-07-21 14:00:00+00:00,326.06988525390625,326.1600036621094,323.9700012207031,324.1199951171875,1858099
2026-07-21 14:15:00+00:00,326.739990234375,327.0299987792969,325.67999267578125,326.07000732421875,1239819
2026-07-21 14:30:00+00:00,327.29998779296875,327.3349914550781,326.2300109863281,326.7200012207031,938491
2026-07-21 14:45:00+00:00,327.0899963378906,327.4599914550781,326.7099914550781,327.2900085449219,789070
2026-07-21 15:00:00+00:00,327.45001220703125,327.9800109863281,326.2099914550781,327.1000061035156,1225029
2026-07-21 15:15:00+00:00,328.385009765625,328.45001220703125,327.2149963378906,327.54949951171875,1052680
2026-07-21 15:30:00+00:00,328.4750061035156,328.70001220703125,327.7550048828125,328.3800048828125,971398
2026-07-21 15:45:00+00:00,328.7749938964844,328.9800109863281,328.0,328.4601135253906,786551
2026-07-21 16:00:00+00:00,329.57000732421875,329.6000061035156,328.5600891113281,328.739990234375,800624
2026-07-21 16:15:00+00:00,328.6199951171875,329.6000061035156,328.55999755859375,329.56500244140625,958280
2026-07-21 16:30:00+00:00,327.95001220703125,328.8299865722656,327.57000732421875,328.6210021972656,885072
2026-07-21 16:45:00+00:00,328.43011474609375,328.5,327.4150085449219,327.9551086425781,994032
2026-07-21 17:00:00+00:00,328.2300109863281,328.760009765625,327.7099914550781,328.43499755859375,991590
2026-07-21 17:15:00+00:00,327.07000732421875,328.4898986816406,327.0,328.2200012207031,974456
2026-07-21 17:30:00+00:00,326.8999938964844,327.30999755859375,326.7200012207031,327.07000732421875,1612444
2026-07-21 17:45:00+00:00,327.6700134277344,327.8699951171875,326.9150085449219,326.9200134277344,679713
2026-07-21 18:00:00+00:00,327.5,327.7900085449219,327.2099914550781,327.67999267578125,584415
2026-07-21 18:15:00+00:00,327.239990234375,327.6199951171875,326.94000244140625,327.510009765625,721918
2026-07-21 18:30:00+00:00,328.2099914550781,328.3399963378906,327.17999267578125,327.25,669146
2026-07-21 18:45:00+00:00,328.1600036621094,328.3900146484375,327.9800109863281,328.2099914550781,652922
2026-07-21 19:00:00+00:00,327.7049865722656,328.489990234375,327.6000061035156,328.1600036621094,774026
2026-07-21 19:15:00+00:00,327.93499755859375,328.1000061035156,327.510009765625,327.7049865722656,895312
2026-07-21 19:30:00+00:00,327.7699890136719,328.1000061035156,327.57000732421875,327.92999267578125,1045309
2026-07-21 19:45:00+00:00,327.5899963378906,328.1000061035156,327.1400146484375,327.739990234375,2642413
2026-07-22 13:30:00+00:00,326.2049865722656,328.99951171875,325.69000244140625,327.875,2748510
2026-07-22 13:45:00+00:00,325.94000244140625,327.3299865722656,325.7200927734375,326.25,1299750
2026-07-22 14:00:00+00:00,324.9750061035156,326.1481018066406,324.9150085449219,325.9599914550781,1114600
2026-07-22 14:15:00+00:00,324.4750061035156,325.3800048828125,324.3299865722656,324.9750061035156,1396745
2026-07-22 14:30:00+00:00,324.82989501953125,325.0,324.07000732421875,324.4949951171875,1035739
2026-07-22 14:45:00+00:00,325.6000061035156,325.614013671875,324.70001220703125,324.7799987792969,1075919
2026-07-22 15:00:00+00:00,324.32501220703125,325.6698913574219,324.1199951171875,325.6000061035156,818899
2026-07-22 15:15:00+00:00,325.79998779296875,325.80999755859375,324.2099914550781,324.29998779296875,769861
2026-07-22 15:30:00+00:00,325.364990234375,325.8900146484375,325.20001220703125,325.7650146484375,1362044
2026-07-22 15:45:00+00:00,325.05999755859375,325.5,324.92999267578125,325.3699951171875,668405
2026-07-22 16:00:00+00:00,324.45001220703125,325.1000061035156,324.3699951171875,325.0799865722656,728430
2026-07-22 16:15:00+00:00,324.885009765625,325.03900146484375,324.45001220703125,324.4599914550781,1322941
2026-07-22 16:30:00+00:00,324.5299987792969,324.95001220703125,323.80999755859375,324.885009765625,931189
2026-07-22 16:45:00+00:00,324.2099914550781,324.6400146484375,324.07000732421875,324.5299987792969,635043
2026-07-22 17:00:00+00:00,323.9599914550781,324.260009765625,323.5899963378906,324.2117004394531,882721
2026-07-22 17:15:00+00:00,323.6650085449219,324.1300048828125,323.3399963378906,323.95001220703125,546164
2026-07-22 17:30:00+00:00,323.8999938964844,324.0050048828125,323.55499267578125,323.6650085449219,446998
2026-07-22 17:45:00+00:00,323.93499755859375,323.9599914550781,323.70001220703125,323.8900146484375,341042
2026-07-22 18:00:00+00:00,323.8800048828125,324.0199890136719,323.6099853515625,323.93499755859375,495881
2026-07-22 18:15:00+00:00,323.92999267578125,324.0,323.7149963378906,323.8699951171875,364320
2026-07-22 18:30:00+00:00,324.42999267578125,324.4999084472656,323.8299865722656,323.9299011230469,650456
2026-07-22 18:45:00+00:00,324.29998779296875,324.70001220703125,324.17999267578125,324.42999267578125,629922
2026-07-22 19:00:00+00:00,324.42498779296875,324.5050048828125,324.1600036621094,324.29998779296875,596665
2026-07-22 19:15:00+00:00,324.44000244140625,324.57000732421875,324.260009765625,324.42999267578125,655360
2026-07-22 19:30:00+00:00,324.45001220703125,324.6000061035156,323.9800109863281,324.44000244140625,1145125
2026-07-22 19:45:00+00:00,325.8699951171875,326.9100036621094,324.4100036621094,324.44500732421875,4324260
2026-07-23 13:30:00+00:00,320.8399963378906,323.29998779296875,320.80499267578125,321.7300109863281,3525480
2026-07-23 13:45:00+00:00,320.1600036621094,321.07000732421875,319.3500061035156,320.8800048828125,1947570
2026-07-23 14:00:00+00:00,320.80999755859375,321.92999267578125,319.82000732421875,320.1499938964844,1404980
2026-07-23 14:15:00+00:00,321.489990234375,321.760009765625,320.2200012207031,320.80499267578125,930139
2026-07-23 14:30:00+00:00,321.8699951171875,322.9100036621094,321.4649963378906,321.4649963378906,885496
2026-07-23 14:45:00+00:00,321.2699890136719,322.0199890136719,320.8399963378906,321.8900146484375,854697
2026-07-23 15:00:00+00:00,321.8500061035156,322.010009765625,320.7149963378906,321.2850036621094,1187377
2026-07-23 15:15:00+00:00,321.2799987792969,322.2900085449219,321.1700134277344,321.82000732421875,1036396
2026-07-23 15:30:00+00:00,320.8599853515625,321.32000732421875,320.5799865722656,321.2900085449219,742868
2026-07-23 15:45:00+00:00,320.8599853515625,321.0299987792969,320.44000244140625,320.8599853515625,570928
2026-07-23 16:00:00+00:00,321.45001220703125,321.54998779296875,320.3399963378906,320.8999938964844,581068
2026-07-23 16:15:00+00:00,320.3598937988281,321.5101013183594,320.07000732421875,321.4649963378906,2897072
2026-07-23 16:30:00+00:00,320.55999755859375,320.55999755859375,320.0,320.30999755859375,677163
2026-07-23 16:45:00+00:00,320.6105041503906,320.8599853515625,320.25,320.5400085449219,613300
2026-07-23 17:00:00+00:00,320.6300048828125,321.010009765625,320.3399963378906,320.6199951171875,537501
2026-07-23 17:15:00+00:00,320.8699951171875,321.04998779296875,320.29998779296875,320.635009765625,412744
2026-07-23 17:30:00+00:00,320.6600036621094,321.04998779296875,320.3599853515625,320.8700866699219,524797
2026-07-23 17:45:00+00:00,320.51239013671875,321.39898681640625,320.3800048828125,320.6400146484375,565182
2026-07-23 18:00:00+00:00,320.1499938964844,320.64801025390625,320.0,320.510009765625,927364
2026-07-23 18:15:00+00:00,320.2699890136719,320.44000244140625,320.0299987792969,320.1400146484375,533706
2026-07-23 18:30:00+00:00,320.0050048828125,320.494384765625,319.760009765625,320.2749938964844,1493135
2026-07-23 18:45:00+00:00,320.7200012207031,320.7200012207031,320.0199890136719,320.0199890136719,549234
2026-07-23 19:00:00+00:00,320.7200012207031,321.0150146484375,320.3500061035156,320.7099914550781,838836
2026-07-23 19:15:00+00:00,320.4198913574219,321.20001220703125,320.3299865722656,320.7250061035156,876587
2026-07-23 19:30:00+00:00,321.1199951171875,321.2250061035156,320.0400085449219,320.3800048828125,1042054
2026-07-23 19:45:00+00:00,321.6099853515625,321.9800109863281,320.45001220703125,321.1099853515625,3239665
2026-07-24 13:30:00+00:00,325.6700134277344,325.989990234375,321.6199951171875,322.0400085449219,2658351
2026-07-24 13:45:00+00:00,326.864990234375,327.760009765625,325.5,325.6099853515625,2298240
2026-07-24 14:00:00+00:00,328.0199890136719,328.6499938964844,326.7860107421875,326.8599853515625,2040783
2026-07-24 14:15:00+00:00,328.79998779296875,329.4389953613281,327.79998779296875,328.0299987792969,1573685
2026-07-24 14:30:00+00:00,329.4049987792969,329.7900085449219,328.7099914550781,328.7950134277344,1496220
2026-07-24 14:45:00+00:00,329.9649963378906,330.2300109863281,329.18011474609375,329.4100036621094,1734932
2026-07-24 15:00:00+00:00,331.2699890136719,331.3999938964844,329.7099914550781,329.9599914550781,1546786
2026-07-24 15:15:00+00:00,331.7650146484375,331.92999267578125,331.0199890136719,331.28460693359375,1493787
2026-07-24 15:30:00+00:00,332.80999755859375,333.260986328125,331.6700134277344,331.7749938964844,1862161
2026-07-24 15:45:00+00:00,333.04998779296875,333.6400146484375,332.7200012207031,332.80999755859375,1685766
2026-07-24 16:00:00+00:00,333.2101135253906,334.1000061035156,332.6600036621094,333.0400085449219,1767859
2026-07-24 16:15:00+00:00,333.7200012207031,334.3699951171875,332.9599914550781,333.2200012207031,1305912
2026-07-24 16:30:00+00:00,333.5799865722656,333.92999267578125,333.3599853515625,333.69500732421875,932780
2026-07-24 16:45:00+00:00,333.1820068359375,333.7200012207031,332.6820068359375,333.5299987792969,828528
2026-07-24 17:00:00+00:00,332.5,334.2200012207031,332.3800048828125,333.19000244140625,1184808
2026-07-24 17:15:00+00:00,332.3999938964844,332.7699890136719,332.1505126953125,332.5400085449219,900631
2026-07-24 17:30:00+00:00,332.9200134277344,333.19000244140625,332.3599853515625,332.3949890136719,813555
2026-07-24 17:45:00+00:00,332.6499938964844,333.1000061035156,332.6300048828125,332.9200134277344,571783
2026-07-24 18:00:00+00:00,332.44000244140625,333.1698913574219,332.42999267578125,332.6449890136719,626385
2026-07-24 18:15:00+00:00,332.2650146484375,332.75,332.1400146484375,332.44000244140625,768858
2026-07-24 18:30:00+00:00,332.2300109863281,332.6199951171875,332.05999755859375,332.2650146484375,1125011
2026-07-24 18:45:00+00:00,332.92999267578125,333.1700134277344,332.20001220703125,332.2099914550781,838107
2026-07-24 19:00:00+00:00,332.760009765625,333.2300109863281,332.5400085449219,332.9599914550781,3243144
2026-07-24 19:15:00+00:00,332.489990234375,333.1000061035156,332.4599914550781,332.739990234375,1041790
2026-07-24 19:30:00+00:00,332.7650146484375,332.7699890136719,332.260009765625,332.4800109863281,1279694
2026-07-24 19:45:00+00:00,333.07000732421875,333.45001220703125,331.8500061035156,332.7550048828125,3440029
2026-07-27 13:30:00+00:00,335.05999755859375,337.1199951171875,334.1000061035156,334.8999938964844,4417171
2026-07-27 13:45:00+00:00,335.5849914550781,336.7799987792969,334.0199890136719,335.0199890136719,2244368
2026-07-27 14:00:00+00:00,336.6000061035156,336.8999938964844,335.260009765625,335.6199951171875,2080323
2026-07-27 14:15:00+00:00,337.69000244140625,338.1400146484375,336.57000732421875,336.6000061035156,2528942
2026-07-27 14:30:00+00:00,336.32501220703125,337.90899658203125,336.2300109863281,337.70001220703125,2656315
2026-07-27 14:45:00+00:00,338.20001220703125,338.33990478515625,336.1199951171875,336.32501220703125,1958513
2026-07-27 15:00:00+00:00,339.04998779296875,339.5,338.17999267578125,338.25,2060910
2026-07-27 15:15:00+00:00,338.739990234375,339.2099914550781,338.260498046875,339.04998779296875,1087004
2026-07-27 15:30:00+00:00,338.260009765625,339.57000732421875,337.0899963378906,338.7300109863281,2982764
2026-07-27 15:45:00+00:00,337.06500244140625,338.55999755859375,336.75,338.2898864746094,1993032
2026-07-27 16:00:00+00:00,337.30999755859375,337.5299987792969,336.95001220703125,337.0400085449219,767752
2026-07-27 16:15:00+00:00,337.4501037597656,338.0,337.19500732421875,337.3299865722656,810809
2026-07-27 16:30:00+00:00,336.7349853515625,338.1300048828125,336.57000732421875,337.4599914550781,776381
2026-07-27 16:45:00+00:00,336.6600036621094,336.79998779296875,336.0199890136719,336.739990234375,911353
2026-07-27 17:00:00+00:00,336.3392028808594,336.7850036621094,335.91070556640625,336.67999267578125,857610
2026-07-27 17:15:00+00:00,336.04998779296875,336.75,335.67999267578125,336.3299865722656,769284
2026-07-27 17:30:00+00:00,336.260009765625,336.79998779296875,336.0,336.07000732421875,588744
2026-07-27 17:45:00+00:00,335.5174865722656,336.29998779296875,335.30999755859375,336.2699890136719,1095154
2026-07-27 18:00:00+00:00,335.63299560546875,335.8800048828125,335.04998779296875,335.5400085449219,784081
2026-07-27 18:15:00+00:00,335.1499938964844,336.0,335.0754089355469,335.6300048828125,672928
2026-07-27 18:30:00+00:00,335.0400085449219,335.19000244140625,334.70001220703125,335.1499938964844,942167
2026-07-27 18:45:00+00:00,335.8500061035156,336.239990234375,335.0050048828125,335.0400085449219,661891
2026-07-27 19:00:00+00:00,335.6000061035156,335.8500061035156,335.25,335.8500061035156,658180
2026-07-27 19:15:00+00:00,335.7200012207031,335.95001220703125,335.5199890136719,335.5799865722656,1224435
2026-07-27 19:30:00+00:00,336.2300109863281,336.44000244140625,335.6499938964844,335.7200012207031,1002910
2026-07-27 19:45:00+00:00,336.9200134277344,337.2200012207031,335.7200012207031,336.2349853515625,2611600
2026-07-28 13:30:00+00:00,338.42999267578125,342.8900146484375,337.7099914550781,340.0299987792969,6917350
2026-07-28 13:45:00+00:00,337.5,339.6011047363281,337.1499938964844,338.4200134277344,2848494
2026-07-28 14:00:00+00:00,336.8800048828125,338.1199951171875,335.6000061035156,337.5799865722656,2014251
2026-07-28 14:15:00+00:00,337.9599914550781,338.2699890136719,336.95001220703125,336.96990966796875,1794952
2026-07-28 14:30:00+00:00,338.1650085449219,338.7900085449219,337.2099914550781,337.9800109863281,1573112
2026-07-28 14:45:00+00:00,337.05499267578125,338.3949890136719,336.92999267578125,338.1700134277344,1444371
2026-07-28 15:00:00+00:00,339.0899963378906,339.4800109863281,336.6000061035156,337.0404968261719,1595695
2026-07-28 15:15:00+00:00,339.2699890136719,339.6687927246094,338.6099853515625,339.0899963378906,1184251
2026-07-28 15:30:00+00:00,339.6700134277344,339.8949890136719,339.0,339.2401123046875,1470875
2026-07-28 15:45:00+00:00,339.6600036621094,339.8689880371094,339.0299987792969,339.7099914550781,737838
2026-07-28 16:00:00+00:00,339.82000732421875,339.989990234375,339.4599914550781,339.6600036621094,779427
2026-07-28 16:15:00+00:00,339.80999755859375,340.1400146484375,339.510009765625,339.8299865722656,1055225
2026-07-28 16:30:00+00:00,339.4549865722656,340.57989501953125,339.3900146484375,339.8299865722656,1006905
2026-07-28 16:45:00+00:00,339.7699890136719,339.9750061035156,338.94000244140625,339.4700012207031,861722
2026-07-28 17:00:00+00:00,339.1000061035156,339.8900146484375,339.0199890136719,339.79998779296875,650182
2026-07-28 17:15:00+00:00,339.0299987792969,339.5,338.93011474609375,339.07000732421875,587798
2026-07-28 17:30:00+00:00,339.5199890136719,339.78009033203125,339.0,339.0400085449219,700134
2026-07-28 17:45:00+00:00,339.7449951171875,340.0198974609375,339.4599914550781,339.489990234375,783655
2026-07-28 18:00:00+00:00,339.55999755859375,339.8399963378906,339.4200134277344,339.7449951171875,948817
2026-07-28 18:15:00+00:00,339.8399963378906,340.159912109375,339.42999267578125,339.57000732421875,790473
2026-07-28 18:30:00+00:00,338.3999938964844,339.8900146484375,338.2799987792969,339.8399963378906,985319
2026-07-28 18:45:00+00:00,339.3500061035156,339.55999755859375,338.4100036621094,338.4100036621094,824498
2026-07-28 19:00:00+00:00,339.1700134277344,339.67498779296875,339.1700134277344,339.3450012207031,885357
2026-07-28 19:15:00+00:00,339.20001220703125,339.5199890136719,339.0299987792969,339.1700134277344,894846
2026-07-28 19:30:00+00:00,340.010009765625,340.1499938964844,339.1000061035156,339.1600036621094,2392455
2026-07-28 19:45:00+00:00,340.1600036621094,340.5299987792969,339.1000061035156,340.010009765625,4023123
2026-07-29 13:30:00+00:00,341.55999755859375,342.19000244140625,339.55999755859375,339.69000244140625,4310852
2026-07-29 13:45:00+00:00,342.8699951171875,343.6700134277344,341.5299987792969,341.5450134277344,2852292
2026-07-29 14:00:00+00:00,341.8299865722656,343.4800109863281,341.7200012207031,342.82501220703125,2247695
2026-07-29 14:15:00+00:00,341.1600036621094,342.0889892578125,340.7200012207031,341.82501220703125,1524408
2026-07-29 14:30:00+00:00,341.5899963378906,341.739990234375,340.9100036621094,341.1700134277344,1194334
2026-07-29 14:45:00+00:00,340.3900146484375,341.70001220703125,340.1199951171875,341.57000732421875,1386927
2026-07-29 15:00:00+00:00,339.9700012207031,340.57000732421875,339.5199890136719,340.3999938964844,1465228
2026-07-29 15:15:00+00:00,339.80999755859375,340.3299865722656,339.6499938964844,339.9700012207031,844213
2026-07-29 15:30:00+00:00,340.0899963378906,340.67999267578125,339.760009765625,339.8299865722656,1061992
2026-07-29 15:45:00+00:00,341.0299987792969,341.2200012207031,340.05999755859375,340.0899963378906,1001140
2026-07-29 16:00:00+00:00,340.8299865722656,341.1499938964844,340.6300048828125,341.1000061035156,652667
2026-07-29 16:15:00+00:00,341.2699890136719,341.55999755859375,340.67999267578125,340.79998779296875,830611
2026-07-29 16:30:00+00:00,340.55999755859375,341.4100036621094,340.04998779296875,341.25,631653
2026-07-29 16:45:00+00:00,341.30999755859375,341.30999755859375,340.30059814453125,340.55999755859375,603868
2026-07-29 17:00:00+00:00,342.32000732421875,342.32000732421875,341.114990234375,341.32000732421875,1109290
2026-07-29 17:15:00+00:00,342.7200012207031,343.44891357421875,342.1200866699219,342.32000732421875,1468536
2026-07-29 17:30:00+00:00,343.04840087890625,343.3900146484375,342.3500061035156,342.69500732421875,964007
2026-07-29 17:45:00+00:00,343.2099914550781,343.3399963378906,342.6600036621094,343.06500244140625,885251
2026-07-29 18:00:00+00:00,343.70001220703125,344.56988525390625,343.04010009765625,343.25,2213333
2026-07-29 18:15:00+00:00,343.58770751953125,344.0332946777344,343.1700134277344,343.69000244140625,1061914
2026-07-29 18:30:00+00:00,343.70001220703125,343.94000244140625,342.9700012207031,343.5899963378906,1237208
2026-07-29 18:45:00+00:00,342.8999938964844,343.8900146484375,342.7449951171875,343.69500732421875,1051912
2026-07-29 19:00:00+00:00,342.4200134277344,342.989990234375,341.9100036621094,342.8999938964844,1344631
2026-07-29 19:15:00+00:00,341.5299987792969,342.8699951171875,341.3299865722656,342.3900146484375,1178925
2026-07-29 19:30:00+00:00,339.5799865722656,341.55999755859375,339.32000732421875,341.55999755859375,1705104
2026-07-29 19:45:00+00:00,338.07000732421875,340.32989501953125,337.35009765625,339.5849914550781,6935377
2026-07-30 13:30:00+00:00,332.19000244140625,334.4800109863281,330.710205078125,333.1300048828125,6270091
2026-07-30 13:45:00+00:00,332.1499938964844,333.17999267578125,331.25,332.17498779296875,2931273
2026-07-30 14:00:00+00:00,331.3999938964844,332.8699951171875,330.3500061035156,332.0799865722656,2656922
2026-07-30 14:15:00+00:00,331.30999755859375,332.2900085449219,331.1099853515625,331.4049987792969,1720708
2026-07-30 14:30:00+00:00,332.0799865722656,332.239990234375,329.5899963378906,331.29998779296875,2451975
2026-07-30 14:45:00+00:00,332.3299865722656,332.6400146484375,331.4949951171875,332.07000732421875,1475737
2026-07-30 15:00:00+00:00,331.4700012207031,333.03228759765625,331.3500061035156,332.3399963378906,1645929
2026-07-30 15:15:00+00:00,331.2200012207031,332.07000732421875,331.0199890136719,331.489990234375,1194616
2026-07-30 15:30:00+00:00,332.1400146484375,332.3399963378906,331.1499938964844,331.2349853515625,2318423
2026-07-30 15:45:00+00:00,331.760009765625,332.4200134277344,331.3399963378906,332.1499938964844,1086272
2026-07-30 16:00:00+00:00,331.2099914550781,331.75,330.6300048828125,331.75,1375406
2026-07-30 16:15:00+00:00,332.0899963378906,332.6000061035156,331.0950012207031,331.2049865722656,1281880
2026-07-30 16:30:00+00:00,332.125,332.2491149902344,331.4049987792969,332.0899963378906,1138023
2026-07-30 16:45:00+00:00,331.6199951171875,332.3699951171875,331.5799865722656,332.125,1155067
2026-07-30 17:00:00+00:00,332.7099914550781,332.8500061035156,331.6199951171875,331.6199951171875,855690
2026-07-30 17:15:00+00:00,332.0899963378906,332.7699890136719,331.989990234375,332.7200012207031,920018
2026-07-30 17:30:00+00:00,332.6499938964844,332.7799987792969,331.7200927734375,332.0799865722656,721818
2026-07-30 17:45:00+00:00,333.2950134277344,333.30999755859375,332.4599914550781,332.6400146484375,788540
2026-07-30 18:00:00+00:00,333.2749938964844,333.9800109863281,333.0115966796875,333.30999755859375,1144772
2026-07-30 18:15:00+00:00,333.1000061035156,333.739990234375,332.7341003417969,333.2799987792969,939762
2026-07-30 18:30:00+00:00,333.5299987792969,333.7550048828125,332.8999938964844,333.1199951171875,854567
2026-07-30 18:45:00+00:00,333.75,334.0899963378906,333.4200134277344,333.5400085449219,970396
2026-07-30 19:00:00+00:00,333.6549987792969,334.0166015625,333.4054870605469,333.7349853515625,1263203
2026-07-30 19:15:00+00:00,333.1600036621094,333.95001220703125,333.1300048828125,333.6600036621094,1680125
2026-07-30 19:30:00+00:00,333.0050048828125,333.5799865722656,332.79998779296875,333.1600036621094,2016510
2026-07-30 19:45:00+00:00,333.8500061035156,334.75,332.30999755859375,333.010009765625,4018991
2026-07-31 13:30:00+00:00,304.7900085449219,306.8999938964844,300.3299865722656,304.80999755859375,26244095
2026-07-31 13:45:00+00:00,302.7900085449219,305.9198913574219,302.5199890136719,304.7799987792969,7293095
2026-07-31 14:00:00+00:00,302.1361083984375,303.32000732421875,301.35009765625,302.7900085449219,5602604
2026-07-31 14:15:00+00:00,302.739990234375,303.56988525390625,301.6499938964844,302.1449890136719,3131831
2026-07-31 14:30:00+00:00,302.43499755859375,302.99798583984375,301.70001220703125,302.7550048828125,2407001
2026-07-31 14:45:00+00:00,303.1600036621094,303.20001220703125,301.95001220703125,302.4200134277344,2628902
2026-07-31 15:00:00+00:00,302.9949951171875,303.239990234375,302.3207092285156,303.1600036621094,2711169
2026-07-31 15:15:00+00:00,301.7300109863281,304.25,301.6400146484375,302.9949951171875,3150744
2026-07-31 15:30:00+00:00,301.95001220703125,302.82000732421875,301.44000244140625,301.7300109863281,3053335
2026-07-31 15:45:00+00:00,301.2950134277344,302.35699462890625,300.3999938964844,301.95001220703125,3049086
2026-07-31 16:00:00+00:00,302.114990234375,302.1400146484375,300.8999938964844,301.2850036621094,1560528
2026-07-31 16:15:00+00:00,300.5400085449219,302.3399963378906,300.4700012207031,302.1050109863281,2194267
2026-07-31 16:30:00+00:00,300.364990234375,301.010009765625,300.0,300.55999755859375,2821951
2026-07-31 16:45:00+00:00,300.8699951171875,301.54998779296875,300.2449951171875,300.3599853515625,1880706
2026-07-31 17:00:00+00:00,301.5199890136719,301.83428955078125,300.8550109863281,300.8599853515625,1624436
2026-07-31 17:15:00+00:00,301.20001220703125,301.82000732421875,301.0400085449219,301.5150146484375,1486657
2026-07-31 17:30:00+00:00,301.30499267578125,301.7200012207031,301.1000061035156,301.20001220703125,1313153
2026-07-31 17:45:00+00:00,300.6400146484375,301.42999267578125,300.5,301.30499267578125,4591648
2026-07-31 18:00:00+00:00,301.9949951171875,302.0950012207031,300.5950012207031,300.6400146484375,2192853
2026-07-31 18:15:00+00:00,301.7300109863281,302.4200134277344,301.6099853515625,302.0050048828125,1478005
2026-07-31 18:30:00+00:00,302.3223876953125,302.3450012207031,301.7449951171875,301.760009765625,1662411
2026-07-31 18:45:00+00:00,302.8299865722656,303.0,302.04010009765625,302.31500244140625,2082393
2026-07-31 19:00:00+00:00,304.5799865722656,304.8699951171875,302.7799987792969,302.8399963378906,3453980
2026-07-31 19:15:00+00:00,305.6549987792969,305.7099914550781,304.5299987792969,304.5849914550781,4653179
2026-07-31 19:30:00+00:00,306.5350036621094,306.6199951171875,305.0199890136719,305.6600036621094,4815226
2026-07-31 19:45:00+00:00,309.0299987792969,310.6600036621094,306.1300048828125,306.5400085449219,15827732
2026-08-03 13:30:00+00:00,306.135009765625,311.79998779296875,305.1700134277344,309.6700134277344,7379724
2026-08-03 13:45:00+00:00,305.91900634765625,308.29998779296875,305.54998779296875,306.135009765625,2886717
2026-08-03 14:00:00+00:00,306.510009765625,306.6700134277344,304.3399963378906,305.9100036621094,3141614
2026-08-03 14:15:00+00:00,305.55010986328125,307.21551513671875,305.510009765625,306.5050048828125,1773814
2026-08-03 14:30:00+00:00,305.7550048828125,306.177001953125,305.25,305.54998779296875,1967863
2026-08-03 14:45:00+00:00,305.3500061035156,306.44000244140625,305.0201110839844,305.7550048828125,2224198
2026-08-03 15:00:00+00:00,305.1571960449219,305.6700134277344,304.6000061035156,305.3450012207031,2548800
2026-08-03 15:15:00+00:00,304.2149963378906,305.79998779296875,303.8999938964844,305.1499938964844,2771569
2026-08-03 15:30:00+00:00,303.16009521484375,304.3949890136719,303.110107421875,304.2149963378906,2111025
2026-08-03 15:45:00+00:00,303.7749938964844,303.7900085449219,302.55999755859375,303.1650085449219,1694822
2026-08-03 16:00:00+00:00,304.04010009765625,305.0400085449219,303.7300109863281,303.7749938964844,2184345
2026-08-03 16:15:00+00:00,306.3599853515625,306.3599853515625,304.0400085449219,304.0450134277344,2027369
2026-08-03 16:30:00+00:00,306.6600036621094,307.17999267578125,306.0450134277344,306.3500061035156,2191847
2026-08-03 16:45:00+00:00,306.6099853515625,306.7699890136719,305.8999938964844,306.6690979003906,1459836
2026-08-03 17:00:00+00:00,306.7049865722656,307.07000732421875,306.3699951171875,306.614990234375,1481168
2026-08-03 17:15:00+00:00,307.2250061035156,307.5400085449219,306.6650085449219,306.7049865722656,1766196
2026-08-03 17:30:00+00:00,306.7900085449219,307.2300109863281,306.19000244140625,307.2250061035156,1144097
2026-08-03 17:45:00+00:00,306.07501220703125,306.7898864746094,305.53009033203125,306.7799987792969,1278526
2026-08-03 18:00:00+00:00,305.9849853515625,306.44000244140625,305.8349914550781,306.07110595703125,1333123
2026-08-03 18:15:00+00:00,305.5202941894531,306.3900146484375,305.5,305.989990234375,991206
2026-08-03 18:30:00+00:00,305.0849914550781,305.8450012207031,305.0199890136719,305.5299987792969,1344358
2026-08-03 18:45:00+00:00,305.2099914550781,305.57000732421875,304.8999938964844,305.0849914550781,1323586
2026-08-03 19:00:00+00:00,305.9049987792969,305.9700012207031,305.1449890136719,305.2099914550781,1376687
2026-08-03 19:15:00+00:00,305.0450134277344,305.95001220703125,304.79998779296875,305.9049987792969,1584298
2026-08-03 19:30:00+00:00,304.82501220703125,305.0799865722656,304.45001220703125,305.0450134277344,1758420
2026-08-03 19:45:00+00:00,303.2699890136719,304.8251037597656,302.67999267578125,304.82501220703125,8427647
2026-08-04 13:30:00+00:00,303.8399963378906,304.489990234375,301.32000732421875,302.7250061035156,8605431
2026-08-04 13:45:00+00:00,305.29998779296875,305.3999938964844,303.69000244140625,303.79998779296875,3061315
2026-08-04 14:00:00+00:00,305.75,305.8699951171875,304.4100036621094,305.2850036621094,2117988
2026-08-04 14:15:00+00:00,306.80999755859375,307.1400146484375,305.7099914550781,305.760009765625,2586510
2026-08-04 14:30:00+00:00,305.4800109863281,306.89990234375,305.2250061035156,306.8599853515625,1758571
2026-08-04 14:45:00+00:00,306.2349853515625,306.510009765625,305.3999938964844,305.4750061035156,1547492
2026-08-04 15:00:00+00:00,306.2423095703125,306.5,305.8800048828125,306.25,1263457
2026-08-04 15:15:00+00:00,305.67388916015625,306.5716857910156,305.6000061035156,306.2699890136719,1186119
2026-08-04 15:30:00+00:00,306.2598876953125,306.7300109863281,305.489990234375,305.6700134277344,1046644
2026-08-04 15:45:00+00:00,306.3450012207031,306.6700134277344,306.1000061035156,306.260009765625,1191476
2026-08-04 16:00:00+00:00,306.3515930175781,306.45001220703125,305.6700134277344,306.3374938964844,1086135
2026-08-04 16:15:00+00:00,306.5050048828125,306.7200012207031,305.82000732421875,306.3500061035156,951042
2026-08-04 16:30:00+00:00,307.7650146484375,307.8399963378906,306.3399963378906,306.5050048828125,1352936
2026-08-04 16:45:00+00:00,308.2453918457031,308.6000061035156,307.4200134277344,307.739990234375,1210435
2026-08-04 17:00:00+00:00,310.12200927734375,310.4200134277344,308.20001220703125,308.2300109863281,2093227
2026-08-04 17:15:00+00:00,308.8999938964844,310.25,308.8599853515625,310.1300048828125,1387639
2026-08-04 17:30:00+00:00,309.5830078125,309.6000061035156,308.6600036621094,308.8999938964844,1123610
2026-08-04 17:45:00+00:00,309.3599853515625,310.1300048828125,309.3299865722656,309.55999755859375,1258428
2026-08-04 18:00:00+00:00,310.0299987792969,310.0950012207031,309.25,309.3399963378906,1707112
2026-08-04 18:15:00+00:00,309.32000732421875,310.1199951171875,309.20001220703125,310.0199890136719,965776
2026-08-04 18:30:00+00:00,308.81500244140625,309.5,308.6400146484375,309.30999755859375,868538
2026-08-04 18:45:00+00:00,308.5199890136719,309.28851318359375,308.4800109863281,308.82000732421875,1002293
2026-08-04 19:00:00+00:00,308.7200012207031,308.8799133300781,308.25,308.5249938964844,1312673
2026-08-04 19:15:00+00:00,309.5799865722656,309.79998779296875,308.57000732421875,308.7250061035156,1502122
2026-08-04 19:30:00+00:00,310.2749938964844,310.2900085449219,309.510009765625,309.5799865722656,1598066
2026-08-04 19:45:00+00:00,309.3900146484375,310.4200134277344,308.8800048828125,310.260009765625,4113242
2026-08-05 13:30:00+00:00,308.1600036621094,309.3800048828125,305.6700134277344,309.3599853515625,5649996
2026-08-05 13:45:00+00:00,308.0,308.239990234375,306.8900146484375,308.1700134277344,1844931
2026-08-05 14:00:00+00:00,308.4198913574219,308.5,307.3500061035156,307.9800109863281,1477152
2026-08-05 14:15:00+00:00,306.7275085449219,309.0498962402344,306.7200012207031,308.3999938964844,1572869
2026-08-05 14:30:00+00:00,308.84991455078125,308.8800048828125,306.2699890136719,306.70001220703125,1772731
2026-08-05 14:45:00+00:00,311.32501220703125,311.3599853515625,308.8299865722656,308.8500061035156,2347163
2026-08-05 15:00:00+00:00,310.5199890136719,311.70819091796875,310.5199890136719,311.3399963378906,1724218
2026-08-05 15:15:00+00:00,308.5950012207031,310.6050109863281,308.4200134277344,310.510009765625,1582577
2026-08-05 15:30:00+00:00,308.2650146484375,309.0,308.1400146484375,308.5950012207031,950794
2026-08-05 15:45:00+00:00,307.9700012207031,308.5198974609375,307.8299865722656,308.2651062011719,1126219
2026-08-05 16:00:00+00:00,309.0950012207031,309.44000244140625,307.9599914550781,307.9700012207031,1238321
2026-08-05 16:15:00+00:00,308.639892578125,309.3299865722656,308.60009765625,309.0899963378906,615268
2026-08-05 16:30:00+00:00,309.2900085449219,309.3399963378906,308.45001220703125,308.6300048828125,804172
2026-08-05 16:45:00+00:00,308.8299865722656,309.3399963378906,308.75,309.2799987792969,568693
2026-08-05 17:00:00+00:00,309.7200012207031,309.7699890136719,308.82000732421875,308.8299865722656,639562
2026-08-05 17:15:00+00:00,309.739990234375,309.9800109863281,309.5799865722656,309.7149963378906,586224
2026-08-05 17:30:00+00:00,309.625,310.2200012207031,309.4200134277344,309.75,739026
2026-08-05 17:45:00+00:00,308.9200134277344,309.6099853515625,308.739990234375,309.6050109863281,607147
2026-08-05 18:00:00+00:00,308.510009765625,308.9599914550781,308.3219909667969,308.9200134277344,614259
2026-08-05 18:15:00+00:00,308.1900939941406,308.6700134277344,308.0799865722656,308.5199890136719,695894
2026-08-05 18:30:00+00:00,308.6300048828125,308.739990234375,308.0849914550781,308.2091979980469,1433376
2026-08-05 18:45:00+00:00,308.9599914550781,309.1199951171875,308.4849853515625,308.625,603799
2026-08-05 19:00:00+00:00,308.9100036621094,309.1400146484375,308.70001220703125,308.95001220703125,1056602
2026-08-05 19:15:00+00:00,309.6200866699219,309.8789978027344,308.9150085449219,308.9150085449219,956960
2026-08-05 19:30:00+00:00,309.9049987792969,310.05999755859375,309.3900146484375,309.6099853515625,1217744
2026-08-05 19:45:00+00:00,310.9200134277344,311.55499267578125,309.81500244140625,309.9200134277344,4909035
2026-08-06 13:30:00+00:00,314.7699890136719,316.1300048828125,313.489990234375,314.3399963378906,4147313
2026-08-06 13:45:00+00:00,314.7699890136719,316.2893981933594,314.55999755859375,314.7001037597656,2397660
2026-08-06 14:00:00+00:00,313.31781005859375,315.19000244140625,312.70001220703125,314.79998779296875,1806031
2026-08-06 14:15:00+00:00,312.8399963378906,313.4549865722656,312.1199951171875,313.32000732421875,2135973
2026-08-06 14:30:00+00:00,312.42498779296875,313.2900085449219,311.78009033203125,312.79998779296875,1482040
2026-08-06 14:45:00+00:00,313.3435974121094,313.6400146484375,312.25,312.42498779296875,1349281
2026-08-06 15:00:00+00:00,312.15289306640625,313.3699035644531,312.0050048828125,313.3599853515625,1116743
2026-08-06 15:15:00+00:00,310.1000061035156,312.2699890136719,309.6600036621094,312.2200012207031,1790104
2026-08-06 15:30:00+00:00,310.07000732421875,310.4100036621094,309.7900085449219,310.1050109863281,1088250
2026-08-06 15:45:00+00:00,309.5400085449219,310.25,309.2300109863281,310.07501220703125,952757
2026-08-06 16:00:00+00:00,309.9800109863281,310.0799865722656,309.25,309.5299987792969,871028
2026-08-06 16:15:00+00:00,311.1570129394531,311.260009765625,309.79998779296875,309.9800109863281,862508
2026-08-06 16:30:00+00:00,311.3599853515625,311.6700134277344,311.1199951171875,311.1600036621094,708557
2026-08-06 16:45:00+00:00,311.6600036621094,311.760009765625,311.2799987792969,311.364990234375,583965
2026-08-06 17:00:00+00:00,310.885009765625,311.760009765625,310.7099914550781,311.6499938964844,1755060
2026-08-06 17:15:00+00:00,311.2005920410156,311.25,310.885009765625,310.8900146484375,700842
2026-08-06 17:30:00+00:00,311.57000732421875,311.57000732421875,311.18011474609375,311.2099914550781,516724
2026-08-06 17:45:00+00:00,312.1600036621094,312.17999267578125,311.4502868652344,311.5600891113281,615256
2026-08-06 18:00:00+00:00,311.989990234375,312.25,311.9800109863281,312.17999267578125,631109
2026-08-06 18:15:00+00:00,312.239990234375,312.4200134277344,311.79998779296875,311.989990234375,687334
2026-08-06 18:30:00+00:00,311.9880065917969,312.4700012207031,311.8800048828125,312.2477111816406,526952
2026-08-06 18:45:00+00:00,312.2699890136719,312.3399963378906,311.92230224609375,311.9750061035156,483472
2026-08-06 19:00:00+00:00,312.42999267578125,312.5,312.090087890625,312.2699890136719,605268
2026-08-06 19:15:00+00:00,312.5799865722656,312.82000732421875,312.1499938964844,312.4100036621094,1411996
2026-08-06 19:30:00+00:00,312.7950134277344,312.92999267578125,312.3999938964844,312.5899963378906,1169335
2026-08-06 19:45:00+00:00,312.45001220703125,312.94000244140625,311.7799987792969,312.80999755859375,2627425
2026-08-07 13:30:00+00:00,311.7799987792969,313.80999755859375,310.739990234375,311.32000732421875,3250301
2026-08-07 13:45:00+00:00,311.7349853515625,312.1781005859375,311.0299987792969,311.7699890136719,1410439
2026-08-07 14:00:00+00:00,312.1400146484375,312.5880126953125,311.6499938964844,311.69000244140625,1169584
2026-08-07 14:15:00+00:00,314.0799865722656,314.135009765625,311.75,312.1401062011719,1384919
2026-08-07 14:30:00+00:00,314.2799987792969,314.80999755859375,313.9150085449219,314.0899963378906,1200768
2026-08-07 14:45:00+00:00,314.3179931640625,314.3800048828125,313.6499938964844,314.2449951171875,1395494
2026-08-07 15:00:00+00:00,313.9442138671875,314.3500061035156,313.54998779296875,314.30999755859375,543330
2026-08-07 15:15:00+00:00,313.3599853515625,313.94000244140625,313.0,313.93499755859375,1022291
2026-08-07 15:30:00+00:00,312.6000061035156,313.4200134277344,312.4200134277344,313.3599853515625,865897
2026-08-07 15:45:00+00:00,312.1499938964844,312.6000061035156,312.0199890136719,312.6000061035156,1001318
2026-08-07 16:00:00+00:00,311.8208923339844,312.42999267578125,311.54998779296875,312.1400146484375,803096
2026-08-07 16:15:00+00:00,311.69000244140625,311.9599914550781,311.5400085449219,311.82501220703125,588096
2026-08-07 16:30:00+00:00,312.17498779296875,312.260009765625,311.610107421875,311.69500732421875,571658
2026-08-07 16:45:00+00:00,312.2200012207031,312.489013671875,312.1199951171875,312.17999267578125,499031
2026-08-07 17:00:00+00:00,312.4700012207031,312.55999755859375,312.17999267578125,312.2250061035156,542098
2026-08-07 17:15:00+00:00,312.739990234375,312.9032897949219,312.2950134277344,312.4700012207031,560787
2026-08-07 17:30:00+00:00,312.9917907714844,313.0733947753906,312.5899963378906,312.739990234375,508277
2026-08-07 17:45:00+00:00,312.9800109863281,313.25,312.9100036621094,313.0,624539
2026-08-07 18:00:00+00:00,312.3818054199219,313.05999755859375,312.2799987792969,312.9849853515625,668566
2026-08-07 18:15:00+00:00,311.91900634765625,312.3999938964844,311.82000732421875,312.3699951171875,565022
2026-08-07 18:30:00+00:00,311.8900146484375,312.04998779296875,311.67999267578125,311.91009521484375,503699
2026-08-07 18:45:00+00:00,312.42999267578125,312.489990234375,311.8299865722656,311.8999938964844,486622
2026-08-07 19:00:00+00:00,312.8550109863281,312.9100036621094,312.2300109863281,312.45001220703125,689226
2026-08-07 19:15:00+00:00,313.2774963378906,313.3900146484375,312.8399963378906,312.8500061035156,934187
2026-08-07 19:30:00+00:00,313.260009765625,313.3340148925781,313.0,313.2799987792969,1067093
2026-08-07 19:45:00+00:00,313.29998779296875,314.17999267578125,312.92498779296875,313.25,3186335
2026-08-10 13:30:00+00:00,305.864990234375,307.3103942871094,304.6300048828125,306.8299865722656,8260633
2026-08-10 13:45:00+00:00,307.04998779296875,307.4200134277344,305.6600036621094,305.8500061035156,2584869
2026-08-10 14:00:00+00:00,306.5299987792969,307.4200134277344,305.95001220703125,307.0400085449219,1895950
2026-08-10 14:15:00+00:00,306.8800048828125,307.4559020996094,306.2900085449219,306.510009765625,1467270
2026-08-10 14:30:00+00:00,306.7449951171875,307.20001220703125,306.4599914550781,306.8970947265625,976935
2026-08-10 14:45:00+00:00,307.125,307.20989990234375,306.2250061035156,306.7449951171875,1140874
2026-08-10 15:00:00+00:00,306.3900146484375,307.1400146484375,306.3900146484375,307.125,893194
2026-08-10 15:15:00+00:00,306.5585021972656,306.8703918457031,306.281005859375,306.4049987792969,661648
2026-08-10 15:30:00+00:00,306.5450134277344,306.7900085449219,306.32000732421875,306.5205078125,712916
2026-08-10 15:45:00+00:00,307.17999267578125,307.2300109863281,306.510009765625,306.54998779296875,655488
2026-08-10 16:00:00+00:00,305.5450134277344,307.2471923828125,305.3901062011719,307.1099853515625,1588486
2026-08-10 16:15:00+00:00,305.5299987792969,305.9912109375,305.04998779296875,305.5450134277344,1193431
2026-08-10 16:30:00+00:00,305.6357116699219,305.760009765625,305.1700134277344,305.54998779296875,914069
2026-08-10 16:45:00+00:00,306.2699890136719,306.2900085449219,305.6099853515625,305.6449890136719,710291
2026-08-10 17:00:00+00:00,306.4549865722656,306.6300048828125,306.2200012207031,306.2699890136719,737612
2026-08-10 17:15:00+00:00,306.4700012207031,306.7900085449219,306.2500915527344,306.4599914550781,611590
2026-08-10 17:30:00+00:00,306.7099914550781,306.8399963378906,306.3500061035156,306.4700012207031,506255
2026-08-10 17:45:00+00:00,306.7276916503906,306.7900085449219,306.0,306.7099914550781,951408
2026-08-10 18:00:00+00:00,306.6300048828125,306.989990234375,306.55999755859375,306.7300109863281,567365
2026-08-10 18:15:00+00:00,306.7149963378906,306.779296875,306.5201110839844,306.6199951171875,529735
2026-08-10 18:30:00+00:00,306.8299865722656,306.9700012207031,306.6000061035156,306.71990966796875,684549
2026-08-10 18:45:00+00:00,307.0400085449219,307.260009765625,306.7099914550781,306.8299865722656,621339
2026-08-10 19:00:00+00:00,307.43670654296875,307.4599914550781,307.0400085449219,307.04998779296875,847747
2026-08-10 19:15:00+00:00,307.2300109863281,307.6698913574219,307.2001037597656,307.44000244140625,989797
2026-08-10 19:30:00+00:00,307.2565002441406,307.42999267578125,306.9800109863281,307.2200012207031,1087924
2026-08-10 19:45:00+00:00,308.19000244140625,308.2300109863281,306.8699951171875,307.25,3415800
2026-08-11 13:30:00+00:00,306.4599914550781,309.9700012207031,306.25,307.75,5086162
2026-08-11 13:45:00+00:00,306.2900085449219,306.6199951171875,305.6700134277344,306.4599914550781,1299620
2026-08-11 14:00:00+00:00,306.3599853515625,306.69000244140625,306.0299987792969,306.29998779296875,916528
2026-08-11 14:15:00+00:00,306.19000244140625,306.69000244140625,305.8900146484375,306.3797912597656,777728
2026-08-11 14:30:00+00:00,306.6700134277344,306.94000244140625,306.1199951171875,306.19000244140625,674286
2026-08-11 14:45:00+00:00,306.5899963378906,306.94000244140625,306.5150146484375,306.6700134277344,534243
2026-08-11 15:00:00+00:00,306.2149963378906,306.69000244140625,306.04998779296875,306.6000061035156,550040
2026-08-11 15:15:00+00:00,306.7049865722656,306.7699890136719,306.17999267578125,306.2200012207031,773694
2026-08-11 15:30:00+00:00,307.2349853515625,307.3599853515625,306.49090576171875,306.70001220703125,754072
2026-08-11 15:45:00+00:00,307.25,307.6099853515625,307.0,307.2300109863281,590966
2026-08-11 16:00:00+00:00,306.8099060058594,307.3699951171875,306.6700134277344,307.2300109863281,687792
2026-08-11 16:15:00+00:00,306.55499267578125,307.1300048828125,306.45001220703125,306.81500244140625,624800
2026-08-11 16:30:00+00:00,305.8500061035156,306.5899963378906,305.79998779296875,306.57000732421875,773649
2026-08-11 16:45:00+00:00,306.2391052246094,306.3699951171875,305.6986999511719,305.8500061035156,626801
2026-08-11 17:00:00+00:00,306.0,306.30999755859375,305.9649963378906,306.239990234375,496840
2026-08-11 17:15:00+00:00,306.19000244140625,306.29998779296875,305.9750061035156,306.0,420726
2026-08-11 17:30:00+00:00,306.4049987792969,306.5199890136719,306.1499938964844,306.1650085449219,553224
2026-08-11 17:45:00+00:00,306.0249938964844,306.489990234375,305.760009765625,306.3999938964844,744703
2026-08-11 18:00:00+00:00,304.9599914550781,306.0249938964844,304.7900085449219,306.0249938964844,1133062
2026-08-11 18:15:00+00:00,303.29998779296875,305.0,302.7900085449219,304.9599914550781,1740302
2026-08-11 18:30:00+00:00,303.4601135253906,303.7799987792969,302.9700012207031,303.27569580078125,1355557
2026-08-11 18:45:00+00:00,304.3450012207031,304.5899963378906,303.1199951171875,303.4800109863281,845460
2026-08-11 19:00:00+00:00,304.7449951171875,304.79998779296875,304.0,304.3500061035156,845299
2026-08-11 19:15:00+00:00,305.1600036621094,305.20001220703125,304.739990234375,304.739990234375,919576
2026-08-11 19:30:00+00:00,304.6199951171875,305.29998779296875,304.3800048828125,305.1600036621094,1206777
2026-08-11 19:45:00+00:00,304.8999938964844,305.0899963378906,303.75,304.6199951171875,3512127
2026-08-12 13:30:00+00:00,303.3699951171875,305.6600036621094,302.17999267578125,305.1300048828125,3514905
2026-08-12 13:45:00+00:00,303.3699951171875,303.6099853515625,302.5799865722656,303.3800048828125,1401431
2026-08-12 14:00:00+00:00,302.4750061035156,304.32000732421875,302.260009765625,303.385009765625,1723396
2026-08-12 14:15:00+00:00,302.3450012207031,302.79998779296875,302.29998779296875,302.4750061035156,1079526
2026-08-12 14:30:00+00:00,302.94000244140625,302.95001220703125,302.30999755859375,302.3599853515625,1109336
2026-08-12 14:45:00+00:00,302.42999267578125,303.19000244140625,302.05999755859375,302.94000244140625,1392671
2026-08-12 15:00:00+00:00,301.7149963378906,302.8299865722656,301.57000732421875,302.42999267578125,1074880
2026-08-12 15:15:00+00:00,301.0799865722656,301.74468994140625,301.0299987792969,301.6820068359375,1272108
2026-08-12 15:30:00+00:00,300.8450012207031,301.2900085449219,300.57000732421875,301.08990478515625,1185528
2026-08-12 15:45:00+00:00,301.1700134277344,301.25,300.6199951171875,300.8299865722656,770602
2026-08-12 16:00:00+00:00,301.7749938964844,301.82000732421875,301.0,301.1899108886719,950612
2026-08-12 16:15:00+00:00,301.510009765625,301.80999755859375,301.239990234375,301.7749938964844,665575
2026-08-12 16:30:00+00:00,301.8999938964844,301.8999938964844,301.4100036621094,301.5150146484375,635973
2026-08-12 16:45:00+00:00,302.1600036621094,302.2300109863281,301.6300048828125,301.8999938964844,731434
2026-08-12 17:00:00+00:00,302.44000244140625,302.510009765625,302.0400085449219,302.1650085449219,579718
2026-08-12 17:15:00+00:00,302.16009521484375,302.5,302.05999755859375,302.42999267578125,638467
2026-08-12 17:30:00+00:00,301.7900085449219,302.2976989746094,301.739990234375,302.1700134277344,711519
2026-08-12 17:45:00+00:00,301.5050048828125,301.79998779296875,301.2699890136719,301.7900085449219,888044
2026-08-12 18:00:00+00:00,301.57000732421875,301.7900085449219,301.5050048828125,301.510009765625,719436
2026-08-12 18:15:00+00:00,301.125,301.5799865722656,301.05999755859375,301.55499267578125,794899
2026-08-12 18:30:00+00:00,301.42498779296875,301.5400085449219,301.0400085449219,301.1199951171875,1359759
2026-08-12 18:45:00+00:00,301.4100036621094,302.0398864746094,301.3399963378906,301.42498779296875,1367750
2026-08-12 19:00:00+00:00,301.2699890136719,301.58770751953125,301.19000244140625,301.419189453125,938276
2026-08-12 19:15:00+00:00,301.67999267578125,301.7099914550781,301.1700134277344,301.2749938964844,988801
2026-08-12 19:30:00+00:00,301.5950012207031,302.039794921875,301.0,301.6700134277344,1817024
2026-08-12 19:45:00+00:00,302.2250061035156,302.25,301.1499938964844,301.6000061035156,3667405
2026-08-13 13:30:00+00:00,303.4314880371094,304.75,302.04998779296875,304.25799560546875,6296749
2026-08-13 13:45:00+00:00,304.5801086425781,304.6400146484375,302.9100036621094,303.4599914550781,1572784
2026-08-13 14:00:00+00:00,305.4801025390625,305.489990234375,304.1499938964844,304.5799865722656,1834824
2026-08-13 14:15:00+00:00,305.6449890136719,305.9599914550781,304.1600036621094,305.489990234375,1516495
2026-08-13 14:30:00+00:00,304.9800109863281,306.0,304.8500061035156,305.6600036621094,1294515
2026-08-13 14:45:00+00:00,305.1050109863281,305.1700134277344,304.5397033691406,304.9800109863281,929475
2026-08-13 15:00:00+00:00,304.239990234375,305.19000244140625,304.0799865722656,305.1300048828125,977660
2026-08-13 15:15:00+00:00,303.7200012207031,304.3699035644531,303.54998779296875,304.239990234375,1093070
2026-08-13 15:30:00+00:00,303.44500732421875,303.9849853515625,302.95001220703125,303.7300109863281,962068
2026-08-13 15:45:00+00:00,302.7879943847656,303.5299987792969,302.7699890136719,303.44000244140625,689234
2026-08-13 16:00:00+00:00,303.4150085449219,303.4150085449219,302.57000732421875,302.7900085449219,781748
2026-08-13 16:15:00+00:00,303.42999267578125,303.8699951171875,303.25,303.4150085449219,607881
2026-08-13 16:30:00+00:00,303.2349853515625,303.44989013671875,303.04998779296875,303.43499755859375,545370
2026-08-13 16:45:00+00:00,303.0299987792969,303.760009765625,303.010009765625,303.2349853515625,636762
2026-08-13 17:00:00+00:00,303.0899963378906,303.1899108886719,302.8500061035156,303.0400085449219,596960
2026-08-13 17:15:00+00:00,303.3399963378906,303.385009765625,302.96099853515625,303.0799865722656,497513
2026-08-13 17:30:00+00:00,303.5400085449219,303.82000732421875,303.0799865722656,303.3301086425781,617441
2026-08-13 17:45:00+00:00,303.43499755859375,303.8999938964844,303.3800048828125,303.55999755859375,378631
2026-08-13 18:00:00+00:00,303.4200134277344,303.5,302.92999267578125,303.43499755859375,588590
2026-08-13 18:15:00+00:00,303.30999755859375,303.5199890136719,303.2200012207031,303.42498779296875,472257
2026-08-13 18:30:00+00:00,303.80499267578125,303.94000244140625,303.1300048828125,303.30999755859375,863575
2026-08-13 18:45:00+00:00,303.17999267578125,303.8500061035156,303.1499938964844,303.80499267578125,736751
2026-08-13 19:00:00+00:00,303.5,303.6400146484375,303.0299987792969,303.19500732421875,852845
2026-08-13 19:15:00+00:00,304.3999938964844,304.6099853515625,303.45001220703125,303.5,1247769
2026-08-13 19:30:00+00:00,304.1000061035156,304.6499938964844,303.9700012207031,304.3800048828125,1138143
2026-08-13 19:45:00+00:00,305.32000732421875,305.32000732421875,304.0299987792969,304.0799865722656,2617278
2026-08-14 13:30:00+00:00,306.2300109863281,307.489990234375,305.55999755859375,306.02801513671875,3854309
2026-08-14 13:45:00+00:00,306.1000061035156,307.010009765625,305.70001220703125,306.239990234375,1079380
2026-08-14 14:00:00+00:00,305.7298889160156,306.35650634765625,305.5700988769531,306.07000732421875,773932
2026-08-14 14:15:00+00:00,304.989990234375,305.8999938964844,304.760009765625,305.7099914550781,1027728
2026-08-14 14:30:00+00:00,304.9100036621094,305.19219970703125,304.6600036621094,305.0199890136719,674187
2026-08-14 14:45:00+00:00,305.1600036621094,305.42999267578125,304.8299865722656,304.9200134277344,604911
2026-08-14 15:00:00+00:00,304.7200012207031,305.25,304.29998779296875,305.1600036621094,692852
2026-08-14 15:15:00+00:00,305.53289794921875,305.95989990234375,304.7200012207031,304.7401123046875,803020
2026-08-14 15:30:00+00:00,305.7250061035156,305.91680908203125,305.4150085449219,305.5450134277344,479018
2026-08-14 15:45:00+00:00,305.6650085449219,305.8299865722656,305.5249938964844,305.7300109863281,379189
2026-08-14 16:00:00+00:00,305.25,305.7099914550781,305.20001220703125,305.6400146484375,366118
2026-08-14 16:15:00+00:00,305.44500732421875,305.4700012207031,304.9700012207031,305.2699890136719,430973
2026-08-14 16:30:00+00:00,305.32000732421875,305.5,305.1650085449219,305.44500732421875,362699
2026-08-14 16:45:00+00:00,305.42999267578125,305.510009765625,305.1199951171875,305.30999755859375,697872
2026-08-14 17:00:00+00:00,305.4800109863281,305.56500244140625,305.260009765625,305.43499755859375,353362
2026-08-14 17:15:00+00:00,305.19439697265625,305.5249938964844,305.0799865722656,305.489990234375,303491
2026-08-14 17:30:00+00:00,305.40008544921875,305.5299987792969,305.0400085449219,305.19500732421875,420869
2026-08-14 17:45:00+00:00,306.04998779296875,306.1600036621094,305.3999938964844,305.4100036621094,672187
2026-08-14 18:00:00+00:00,306.1199951171875,306.1600036621094,305.5799865722656,306.04010009765625,1054716
2026-08-14 18:15:00+00:00,305.97900390625,306.25,305.91009521484375,306.1449890136719,432601
2026-08-14 18:30:00+00:00,305.7200012207031,306.17999267578125,305.6300048828125,305.9800109863281,464251
2026-08-14 18:45:00+00:00,305.5799865722656,305.8800048828125,305.55999755859375,305.7300109863281,479914
2026-08-14 19:00:00+00:00,305.45001220703125,305.7090148925781,305.2699890136719,305.6000061035156,500480
2026-08-14 19:15:00+00:00,305.94500732421875,306.04998779296875,305.45001220703125,305.4599914550781,538581
2026-08-14 19:30:00+00:00,305.57000732421875,305.9700012207031,305.5,305.92999267578125,862649
2026-08-14 19:45:00+00:00,305.95001220703125,306.0400085449219,305.5400085449219,305.57000732421875,1950242
2026-08-17 13:30:00+00:00,305.15008544921875,307.6600036621094,304.05499267578125,306.2099914550781,5096503
2026-08-17 13:45:00+00:00,305.44000244140625,306.32000732421875,305.0899963378906,305.1199951171875,1090401
2026-08-17 14:00:00+00:00,304.8999938964844,305.55999755859375,304.6300048828125,305.3900146484375,938274
2026-08-17 14:15:00+00:00,304.4949951171875,305.1000061035156,304.4599914550781,304.8699951171875,776327
2026-08-17 14:30:00+00:00,304.55999755859375,304.82000732421875,304.1199951171875,304.48419189453125,967490
2026-08-17 14:45:00+00:00,304.1300048828125,304.7099914550781,303.6499938964844,304.57000732421875,1226053
2026-08-17 15:00:00+00:00,304.6600036621094,304.75,303.79998779296875,304.1400146484375,1103811
2026-08-17 15:15:00+00:00,304.5350036621094,304.9100036621094,304.44000244140625,304.65399169921875,847495
2026-08-17 15:30:00+00:00,303.30499267578125,304.5950927734375,303.29998779296875,304.5400085449219,1002928
2026-08-17 15:45:00+00:00,303.19000244140625,303.5199890136719,303.05499267578125,303.29998779296875,700059
2026-08-17 16:00:00+00:00,303.55999755859375,303.55999755859375,303.04998779296875,303.17498779296875,718151
2026-08-17 16:15:00+00:00,303.55499267578125,303.79998779296875,303.4049987792969,303.5408935546875,509537
2026-08-17 16:30:00+00:00,303.76800537109375,304.0392150878906,303.54998779296875,303.55999755859375,491553
2026-08-17 16:45:00+00:00,303.0400085449219,303.8399963378906,302.9389953613281,303.7650146484375,794480
2026-08-17 17:00:00+00:00,303.8699951171875,303.9200134277344,303.0199890136719,303.0299987792969,630136
2026-08-17 17:15:00+00:00,304.4150085449219,304.42498779296875,303.82000732421875,303.8299865722656,573565
2026-08-17 17:30:00+00:00,304.5350036621094,304.64990234375,304.0799865722656,304.4150085449219,517532
2026-08-17 17:45:00+00:00,304.30499267578125,304.6400146484375,304.1510009765625,304.5299987792969,399798
2026-08-17 18:00:00+00:00,304.5899963378906,304.67999267578125,303.9599914550781,304.29998779296875,570985
2026-08-17 18:15:00+00:00,304.7049865722656,304.94000244140625,304.55999755859375,304.5899963378906,974650
2026-08-17 18:30:00+00:00,305.5201110839844,305.5201110839844,304.69049072265625,304.70001220703125,696485
2026-08-17 18:45:00+00:00,305.67999267578125,305.989990234375,305.4200134277344,305.5249938964844,923892
2026-08-17 19:00:00+00:00,305.81500244140625,305.9700012207031,305.5899963378906,305.68499755859375,537099
2026-08-17 19:15:00+00:00,306.1449890136719,306.1600036621094,305.62579345703125,305.80999755859375,768042
2026-08-17 19:30:00+00:00,305.6199951171875,306.32000732421875,305.5299987792969,306.1499938964844,837256
2026-08-17 19:45:00+00:00,305.69000244140625,305.7900085449219,305.0299987792969,305.6400146484375,3143880
2026-08-18 13:30:00+00:00,306.9700927734375,307.8999938964844,305.9800109863281,307.5299987792969,4967955
2026-08-18 13:45:00+00:00,307.2900085449219,307.3599853515625,305.739990234375,306.9649963378906,1875199
2026-08-18 14:00:00+00:00,309.92498779296875,310.1499938964844,307.1499938964844,307.29998779296875,3343094
2026-08-18 14:15:00+00:00,309.659912109375,310.2699890136719,308.80999755859375,309.92498779296875,1854247
2026-08-18 14:30:00+00:00,310.7699890136719,311.489990234375,309.6000061035156,309.6400146484375,1962701
2026-08-18 14:45:00+00:00,310.3949890136719,311.2200012207031,310.2300109863281,310.7699890136719,1593617
2026-08-18 15:00:00+00:00,310.510009765625,311.1499938964844,309.9200134277344,310.4100036621094,1389246
2026-08-18 15:15:00+00:00,310.42999267578125,310.9278869628906,310.07000732421875,310.510009765625,852573
2026-08-18 15:30:00+00:00,309.8763122558594,310.5198974609375,309.739990234375,310.42999267578125,855042
2026-08-18 15:45:00+00:00,309.5400085449219,310.0299987792969,309.3399963378906,309.8699951171875,1089573
2026-08-18 16:00:00+00:00,310.25,310.45989990234375,309.0119934082031,309.5400085449219,1029714
2026-08-18 16:15:00+00:00,310.614990234375,310.6400146484375,309.95001220703125,310.260009765625,791495
2026-08-18 16:30:00+00:00,310.4599914550781,310.75,310.2699890136719,310.6199951171875,712477
2026-08-18 16:45:00+00:00,310.75,310.760009765625,310.20001220703125,310.4599914550781,690841
2026-08-18 17:00:00+00:00,310.57000732421875,310.94000244140625,310.5400085449219,310.7401123046875,1422875
2026-08-18 17:15:00+00:00,310.3999938964844,310.7699890136719,310.2701110839844,310.57501220703125,519389
2026-08-18 17:30:00+00:00,310.0400085449219,310.44000244140625,309.8699951171875,310.3999938964844,1936763
2026-08-18 17:45:00+00:00,310.1300048828125,310.2699890136719,310.0375061035156,310.0400085449219,611037
2026-08-18 18:00:00+00:00,310.5,310.5899963378906,309.75,310.125,830989
2026-08-18 18:15:00+00:00,310.627685546875,310.64990234375,310.2699890136719,310.4949951171875,600444
2026-08-18 18:30:00+00:00,311.05999755859375,311.20001220703125,310.3500061035156,310.6099853515625,1078327
2026-08-18 18:45:00+00:00,310.3699951171875,311.239990234375,310.3699951171875,311.06500244140625,711987
2026-08-18 19:00:00+00:00,309.6700134277344,310.42999267578125,309.6549987792969,310.3699951171875,838079
2026-08-18 19:15:00+00:00,309.7099914550781,309.989990234375,309.3699951171875,309.67498779296875,1173530
2026-08-18 19:30:00+00:00,310.45001220703125,310.5299987792969,309.6014099121094,309.69500732421875,1189815
2026-08-18 19:45:00+00:00,310.20001220703125,311.0690002441406,309.95001220703125,310.44500732421875,4707947
2026-08-19 13:30:00+00:00,311.7049865722656,312.3900146484375,309.6000061035156,310.1300048828125,4407318
2026-08-19 13:45:00+00:00,316.364990234375,316.3900146484375,311.69000244140625,311.6919860839844,2972845
2026-08-19 14:00:00+00:00,317.1300048828125,317.4989929199219,316.0600891113281,316.3900146484375,3145499
2026-08-19 14:15:00+00:00,316.010009765625,317.80999755859375,315.3699951171875,317.1499938964844,1939767
2026-08-19 14:30:00+00:00,315.8800048828125,317.05999755859375,315.7550048828125,315.9599914550781,1571463
2026-08-19 14:45:00+00:00,317.868896484375,318.3299865722656,315.864990234375,315.8800048828125,1264996
2026-08-19 15:00:00+00:00,318.79998779296875,319.2799072265625,317.8599853515625,317.8800048828125,1344924
2026-08-19 15:15:00+00:00,318.17999267578125,318.9700012207031,317.9800109863281,318.80999755859375,1228177
2026-08-19 15:30:00+00:00,316.42999267578125,318.2300109863281,316.30108642578125,318.18499755859375,1025181
2026-08-19 15:45:00+00:00,316.2950134277344,316.8599853515625,315.96600341796875,316.43499755859375,699724
2026-08-19 16:00:00+00:00,317.25,317.29998779296875,316.0,316.29998779296875,751019
2026-08-19 16:15:00+00:00,316.55999755859375,317.45001220703125,316.55999755859375,317.260009765625,648333
2026-08-19 16:30:00+00:00,315.260009765625,316.54998779296875,315.04998779296875,316.54998779296875,997529
2026-08-19 16:45:00+00:00,315.0950012207031,315.30999755859375,314.6499938964844,315.260009765625,1210161
2026-08-19 17:00:00+00:00,314.8699951171875,315.1700134277344,314.489990234375,315.1199951171875,611148
2026-08-19 17:15:00+00:00,315.05999755859375,315.1600036621094,314.7001037597656,314.8699951171875,713401
2026-08-19 17:30:00+00:00,315.3599853515625,315.8190002441406,314.95001220703125,315.05999755859375,741324
2026-08-19 17:45:00+00:00,315.20269775390625,315.510009765625,315.1499938964844,315.3699951171875,598331
2026-08-19 18:00:00+00:00,315.45001220703125,315.7099914550781,315.01470947265625,315.1919860839844,619168
2026-08-19 18:15:00+00:00,314.8399963378906,315.45001220703125,314.7749938964844,315.45001220703125,867166
2026-08-19 18:30:00+00:00,314.8550109863281,315.0350036621094,314.2900085449219,314.8599853515625,710520
2026-08-19 18:45:00+00:00,314.8699951171875,315.2296142578125,314.7749938964844,314.8599853515625,2182177
2026-08-19 19:00:00+00:00,315.82000732421875,315.9700012207031,314.76519775390625,314.885009765625,970583
2026-08-19 19:15:00+00:00,316.67840576171875,316.7300109863281,315.69171142578125,315.80999755859375,1223685
2026-08-19 19:30:00+00:00,315.6600036621094,316.6700134277344,315.3706970214844,316.6600036621094,1038529
2026-08-19 19:45:00+00:00,316.8800048828125,316.8800048828125,315.20001220703125,315.6549987792969,4301003
2026-08-20 13:30:00+00:00,318.44000244140625,320.2799987792969,316.7099914550781,317.4549865722656,4354199
2026-08-20 13:45:00+00:00,317.2799072265625,318.510009765625,317.0,318.4800109863281,1348650
2026-08-20 14:00:00+00:00,316.68499755859375,317.6199951171875,316.3200988769531,317.2300109863281,1219314
2026-08-20 14:15:00+00:00,316.4700012207031,317.0899963378906,316.2200012207031,316.6600036621094,793551
2026-08-20 14:30:00+00:00,316.3500061035156,316.6698913574219,316.1700134277344,316.42999267578125,537360
2026-08-20 14:45:00+00:00,317.4200134277344,317.4800109863281,316.3299865722656,316.3599853515625,623508
2026-08-20 15:00:00+00:00,316.5,317.7799987792969,316.25,317.42999267578125,963654
2026-08-20 15:15:00+00:00,317.2200012207031,317.25,316.0,316.4100036621094,871977
2026-08-20 15:30:00+00:00,316.5299987792969,317.25,316.2200012207031,317.2298889160156,442694
2026-08-20 15:45:00+00:00,316.9100036621094,316.9700012207031,315.9599914550781,316.5050048828125,703853
2026-08-20 16:00:00+00:00,316.239990234375,317.0887145996094,316.239990234375,316.9100036621094,403602
2026-08-20 16:15:00+00:00,316.4649963378906,316.7850036621094,316.05999755859375,316.239990234375,464683
2026-08-20 16:30:00+00:00,317.44000244140625,317.44000244140625,316.2900085449219,316.4649963378906,465993
2026-08-20 16:45:00+00:00,317.2099914550781,317.5400085449219,316.8800048828125,317.42999267578125,551752
2026-08-20 17:00:00+00:00,317.2799987792969,317.6300048828125,317.1401062011719,317.20001220703125,485716
2026-08-20 17:15:00+00:00,316.6700134277344,317.5799865722656,316.6700134277344,317.2850036621094,522761
2026-08-20 17:30:00+00:00,316.6000061035156,316.8599853515625,316.5,316.6600036621094,457391
2026-08-20 17:45:00+00:00,316.32000732421875,316.635009765625,316.260009765625,316.6000061035156,454888
2026-08-20 18:00:00+00:00,315.45001220703125,316.30999755859375,315.0799865722656,316.30999755859375,934757
2026-08-20 18:15:00+00:00,314.8399963378906,315.7099914550781,314.82000732421875,315.46978759765625,698412
2026-08-20 18:30:00+00:00,315.6300964355469,315.70001220703125,314.7799987792969,314.8100891113281,573805
2026-08-20 18:45:00+00:00,315.1278991699219,315.6300048828125,315.081787109375,315.6300048828125,652923
2026-08-20 19:00:00+00:00,314.5599060058594,315.1199951171875,314.4849853515625,315.1199951171875,599803
2026-08-20 19:15:00+00:00,313.3699951171875,314.5400085449219,313.29998779296875,314.5299987792969,1330405
2026-08-20 19:30:00+00:00,312.9599914550781,313.6499938964844,312.9100036621094,313.3900146484375,1296797
2026-08-20 19:45:00+00:00,311.3399963378906,313.08990478515625,310.6499938964844,313.0,4188711
2026-08-21 13:30:00+00:00,308.1199951171875,312.3800048828125,307.44000244140625,312.04998779296875,7845190
2026-08-21 13:45:00+00:00,307.3800048828125,308.32501220703125,307.010009765625,308.0899963378906,1212165
2026-08-21 14:00:00+00:00,307.7200012207031,308.04998779296875,307.0899963378906,307.3800048828125,1371956
2026-08-21 14:15:00+00:00,307.7950134277344,308.2300109863281,307.4599914550781,307.70001220703125,3276085
2026-08-21 14:30:00+00:00,308.57501220703125,308.739990234375,307.6000061035156,307.82000732421875,1280607
2026-08-21 14:45:00+00:00,309.4549865722656,309.5,308.29638671875,308.54998779296875,869869
2026-08-21 15:00:00+00:00,309.70001220703125,309.94000244140625,309.25,309.4599914550781,3958758
2026-08-21 15:15:00+00:00,310.6000061035156,310.6400146484375,309.5299987792969,309.67498779296875,666549
2026-08-21 15:30:00+00:00,311.30999755859375,311.6400146484375,310.3999938964844,310.614990234375,2182366
2026-08-21 15:45:00+00:00,311.510009765625,311.92999267578125,310.9200134277344,311.30999755859375,671408
2026-08-21 16:00:00+00:00,311.19000244140625,311.82000732421875,311.1700134277344,311.5249938964844,933392
2026-08-21 16:15:00+00:00,311.20318603515625,311.4339904785156,311.0,311.17999267578125,471984
2026-08-21 16:30:00+00:00,310.70001220703125,311.25,310.2699890136719,311.20001220703125,818788
2026-08-21 16:45:00+00:00,311.0050048828125,311.03009033203125,310.5806884765625,310.739990234375,387903
2026-08-21 17:00:00+00:00,311.55999755859375,311.6400146484375,310.8900146484375,310.989990234375,597491
2026-08-21 17:15:00+00:00,311.05999755859375,311.6400146484375,310.9700012207031,311.5199890136719,672637
2026-08-21 17:30:00+00:00,310.0400085449219,311.1600036621094,309.8399963378906,311.0199890136719,647285
2026-08-21 17:45:00+00:00,309.55999755859375,310.14801025390625,309.4200134277344,310.0199890136719,568332
2026-08-21 18:00:00+00:00,309.18499755859375,309.6099853515625,309.0,309.5299987792969,1564225
2026-08-21 18:15:00+00:00,308.4700012207031,309.19000244140625,308.4005126953125,309.19000244140625,530434
2026-08-21 18:30:00+00:00,308.5450134277344,308.9649963378906,308.4601135253906,308.4750061035156,558594
2026-08-21 18:45:00+00:00,308.7829895019531,308.8799133300781,308.1600036621094,308.54998779296875,828880
2026-08-21 19:00:00+00:00,308.69000244140625,308.875,308.3999938964844,308.7799987792969,632736
2026-08-21 19:15:00+00:00,309.739990234375,309.8500061035156,308.69000244140625,308.70001220703125,1015251
2026-08-21 19:30:00+00:00,309.5452880859375,310.010009765625,309.4200134277344,309.75,1020433
2026-08-21 19:45:00+00:00,309.4200134277344,310.1789855957031,309.1600036621094,309.5400085449219,2529662
2026-08-24 13:30:00+00:00,311.1300048828125,312.3399963378906,309.9700012207031,311.4700012207031,2664562
2026-08-24 13:45:00+00:00,311.875,311.8800048828125,310.55999755859375,311.1499938964844,1332052
2026-08-24 14:00:00+00:00,312.2300109863281,312.94000244140625,311.7001037597656,311.8500061035156,1505235
2026-08-24 14:15:00+00:00,312.94000244140625,313.19989013671875,312.1099853515625,312.2099914550781,1104612
2026-08-24 14:30:00+00:00,313.1000061035156,313.3299865722656,312.80999755859375,312.92999267578125,770310
2026-08-24 14:45:00+00:00,312.9700012207031,313.2699890136719,312.5,313.1099853515625,1333712
2026-08-24 15:00:00+00:00,311.8800964355469,313.1600036621094,311.5299987792969,312.9750061035156,1071239
2026-08-24 15:15:00+00:00,312.239990234375,312.45001220703125,311.6650085449219,311.8800048828125,1183463
2026-08-24 15:30:00+00:00,312.239990234375,312.3900146484375,311.7001037597656,312.239990234375,584144
2026-08-24 15:45:00+00:00,311.69970703125,312.2950134277344,311.5799865722656,312.25,513055
2026-08-24 16:00:00+00:00,311.4200134277344,311.8800048828125,311.3399963378906,311.67999267578125,396957
2026-08-24 16:15:00+00:00,311.9285888671875,312.0199890136719,311.3999938964844,311.4200134277344,465697
2026-08-24 16:30:00+00:00,312.25,312.3299865722656,311.8599853515625,311.9100036621094,482806
2026-08-24 16:45:00+00:00,312.94000244140625,313.3599853515625,312.19000244140625,312.2699890136719,763836
2026-08-24 17:00:00+00:00,312.4898986816406,312.94000244140625,312.1600036621094,312.94000244140625,502348
2026-08-24 17:15:00+00:00,312.1199035644531,312.4898986816406,311.8699951171875,312.4898986816406,445300
2026-08-24 17:30:00+00:00,311.85150146484375,312.3500061035156,311.70001220703125,312.1189880371094,431213
2026-08-24 17:45:00+00:00,312.0101013183594,312.2900085449219,311.7300109863281,311.9049987792969,493479
2026-08-24 18:00:00+00:00,311.7250061035156,312.1099853515625,311.5,312.0199890136719,494549
2026-08-24 18:15:00+00:00,311.739990234375,311.8900146484375,311.6109924316406,311.7099914550781,549448
2026-08-24 18:30:00+00:00,310.93499755859375,311.8399963378906,310.7200012207031,311.7200012207031,608810
2026-08-24 18:45:00+00:00,311.5899963378906,311.7900085449219,310.92999267578125,310.95001220703125,556049
2026-08-24 19:00:00+00:00,311.2200012207031,311.65570068359375,311.0199890136719,311.57000732421875,487092
2026-08-24 19:15:00+00:00,311.25,311.57000732421875,311.127197265625,311.2200012207031,536793
2026-08-24 19:30:00+00:00,310.67999267578125,311.2799072265625,310.6700134277344,311.2300109863281,806640
2026-08-24 19:45:00+00:00,310.3500061035156,311.010009765625,310.1719970703125,310.67999267578125,2537586
2026-08-25 13:30:00+00:00,310.5050048828125,313.5799865722656,310.25,310.93499755859375,2478475
2026-08-25 13:45:00+00:00,310.44000244140625,311.44500732421875,310.0400085449219,310.5050048828125,1139567
2026-08-25 14:00:00+00:00,310.0950927734375,310.75,309.6499938964844,310.4599914550781,1102635
2026-08-25 14:15:00+00:00,310.0849914550781,310.7236022949219,309.9200134277344,310.0899963378906,623564
2026-08-25 14:30:00+00:00,309.8568115234375,310.7900085449219,309.6099853515625,310.0799865722656,809894
2026-08-25 14:45:00+00:00,309.0899963378906,309.9700012207031,309.037109375,309.8450012207031,798974
2026-08-25 15:00:00+00:00,309.4200134277344,309.4200134277344,308.3900146484375,309.0899963378906,859553
2026-08-25 15:15:00+00:00,309.3100891113281,309.489990234375,308.8699951171875,309.3999938964844,457914
2026-08-25 15:30:00+00:00,309.7749938964844,309.8500061035156,309.25,309.30999755859375,626819
2026-08-25 15:45:00+00:00,309.6000061035156,309.8299865722656,309.2200012207031,309.760009765625,477887
2026-08-25 16:00:00+00:00,309.5299987792969,309.7200012207031,309.30499267578125,309.5899963378906,351451
2026-08-25 16:15:00+00:00,309.9549865722656,310.19000244140625,309.45001220703125,309.5450134277344,450794
2026-08-25 16:30:00+00:00,309.78729248046875,310.0400085449219,309.5,309.95001220703125,384985
2026-08-25 16:45:00+00:00,310.0350036621094,310.1000061035156,309.5899963378906,309.7900085449219,303518
2026-08-25 17:00:00+00:00,309.8200988769531,310.0400085449219,309.5899963378906,310.0350036621094,323409
2026-08-25 17:15:00+00:00,309.6549987792969,310.010009765625,309.5801086425781,309.8299865722656,320679
2026-08-25 17:30:00+00:00,309.69000244140625,309.8299865722656,309.5199890136719,309.6549987792969,341115
2026-08-25 17:45:00+00:00,309.4649963378906,309.80999755859375,309.30999755859375,309.69000244140625,675564
2026-08-25 18:00:00+00:00,309.2850036621094,310.3399963378906,308.6099853515625,309.4700012207031,560667
2026-08-25 18:15:00+00:00,309.5400085449219,309.7200012207031,309.20001220703125,309.2799987792969,880500
2026-08-25 18:30:00+00:00,309.19500732421875,309.6099853515625,309.0400085449219,309.55499267578125,397632
2026-08-25 18:45:00+00:00,308.5799865722656,309.29998779296875,308.4150085449219,309.19000244140625,600120
2026-08-25 19:00:00+00:00,308.69000244140625,308.7749938964844,308.2099914550781,308.5799865722656,655233
2026-08-25 19:15:00+00:00,308.9700927734375,309.3951110839844,308.69000244140625,308.69000244140625,556371
2026-08-25 19:30:00+00:00,308.9599914550781,309.07000732421875,308.6199951171875,308.9700927734375,600003
2026-08-25 19:45:00+00:00,309.8999938964844,310.29998779296875,308.80999755859375,308.9599914550781,2251591
2026-08-26 13:30:00+00:00,311.4100036621094,311.67999267578125,308.80010986328125,310.2449951171875,2033005
2026-08-26 13:45:00+00:00,312.5,312.70001220703125,311.05999755859375,311.3900146484375,1372534
2026-08-26 14:00:00+00:00,312.8349914550781,313.4198913574219,311.6499938964844,312.4649963378906,1277074
2026-08-26 14:15:00+00:00,311.7950134277344,313.2799987792969,311.7799987792969,312.8301086425781,932192
2026-08-26 14:30:00+00:00,312.4849853515625,312.57000732421875,311.6600036621094,311.7900085449219,702798
2026-08-26 14:45:00+00:00,312.79998779296875,312.864990234375,312.0745849609375,312.4873962402344,568773
2026-08-26 15:00:00+00:00,313.05499267578125,313.45001220703125,312.4599914550781,312.82501220703125,1142945
2026-08-26 15:15:00+00:00,312.5199890136719,313.20001220703125,312.5011901855469,313.0400085449219,587104
2026-08-26 15:30:00+00:00,313.44000244140625,313.489990234375,312.17999267578125,312.5199890136719,737939
2026-08-26 15:45:00+00:00,312.94000244140625,313.6199951171875,312.8399963378906,313.44500732421875,575872
2026-08-26 16:00:00+00:00,313.4100036621094,313.94000244140625,312.3699951171875,312.8999938964844,814436
2026-08-26 16:15:00+00:00,313.2947082519531,313.6050109863281,313.1448059082031,313.4100036621094,459304
2026-08-26 16:30:00+00:00,312.7300109863281,313.4800109863281,312.5,313.30499267578125,444296
2026-08-26 16:45:00+00:00,313.0299987792969,313.19000244140625,312.625,312.7099914550781,520079
2026-08-26 17:00:00+00:00,312.6000061035156,313.1000061035156,312.5299987792969,313.0249938964844,477036
2026-08-26 17:15:00+00:00,313.1300048828125,313.2699890136719,312.6099853515625,312.6099853515625,472438
2026-08-26 17:30:00+00:00,312.7850036621094,313.25,312.65008544921875,313.1549987792969,365197
2026-08-26 17:45:00+00:00,312.94000244140625,313.1199035644531,312.70001220703125,312.79998779296875,857315
2026-08-26 18:00:00+00:00,312.81781005859375,313.1700134277344,312.80999755859375,312.95001220703125,904299
2026-08-26 18:15:00+00:00,313.0498962402344,313.17999267578125,312.7300109863281,312.80999755859375,239814
2026-08-26 18:30:00+00:00,313.68499755859375,313.69000244140625,312.95001220703125,313.0299987792969,524524
2026-08-26 18:45:00+00:00,314.56500244140625,315.1000061035156,313.6700134277344,313.68499755859375,1472319
2026-08-26 19:00:00+00:00,315.07000732421875,315.25,314.44000244140625,314.57000732421875,889235
2026-08-26 19:15:00+00:00,314.8446044921875,315.2300109863281,314.8399963378906,315.05999755859375,963979
2026-08-26 19:30:00+00:00,315.239990234375,315.42999267578125,314.67999267578125,314.8599853515625,1287738
2026-08-26 19:45:00+00:00,313.4800109863281,315.3699951171875,313.19000244140625,315.25,3101563
2026-08-27 13:30:00+00:00,310.81500244140625,312.0350036621094,309.40008544921875,310.5450134277344,3330425
2026-08-27 13:45:00+00:00,311.6199951171875,312.10198974609375,310.82000732421875,310.8299865722656,1104615
2026-08-27 14:00:00+00:00,310.2200012207031,311.9898986816406,310.1700134277344,311.5799865722656,1250989
2026-08-27 14:15:00+00:00,310.7921142578125,310.9100036621094,309.6300048828125,310.2300109863281,1563301
2026-08-27 14:30:00+00:00,312.8949890136719,313.5299987792969,310.6300048828125,310.79998779296875,1494616
2026-08-27 14:45:00+00:00,313.3999938964844,313.7799987792969,312.65008544921875,312.8800048828125,754323
2026-08-27 15:00:00+00:00,314.7297058105469,314.7300109863281,313.4200134277344,313.4200134277344,964688
2026-08-27 15:15:00+00:00,314.6499938964844,315.1600036621094,314.55999755859375,314.7200012207031,775009
2026-08-27 15:30:00+00:00,314.7550048828125,315.07989501953125,314.2799987792969,314.6549987792969,574215
2026-08-27 15:45:00+00:00,314.80499267578125,314.8500061035156,314.1499938964844,314.760009765625,866650
2026-08-27 16:00:00+00:00,314.68499755859375,314.9700012207031,314.2900085449219,314.82000732421875,970624
2026-08-27 16:15:00+00:00,314.57000732421875,314.7298889160156,314.110107421875,314.7099914550781,396333
2026-08-27 16:30:00+00:00,314.7550048828125,314.8299865722656,314.25,314.56500244140625,400627
2026-08-27 16:45:00+00:00,315.0,315.1814880371094,314.5299987792969,314.7699890136719,582611
2026-08-27 17:00:00+00:00,314.92999267578125,315.3399963378906,314.739990234375,315.0299987792969,445835
2026-08-27 17:15:00+00:00,315.2699890136719,315.3999938964844,314.82000732421875,314.92999267578125,513862
2026-08-27 17:30:00+00:00,314.6899108886719,315.3399963378906,314.489990234375,315.2799987792969,430586
2026-08-27 17:45:00+00:00,314.82501220703125,315.0299987792969,314.6199951171875,314.69000244140625,443173
2026-08-27 18:00:00+00:00,314.3299865722656,314.9100036621094,314.1099853515625,314.8500061035156,388614
2026-08-27 18:15:00+00:00,314.17999267578125,314.3999938964844,313.9934997558594,314.3349914550781,413949
2026-08-27 18:30:00+00:00,314.2449951171875,314.4800109863281,313.8599853515625,314.20001220703125,371260
2026-08-27 18:45:00+00:00,313.8794860839844,314.5870056152344,313.57000732421875,314.25,487216
2026-08-27 19:00:00+00:00,314.2099914550781,314.3800048828125,313.6499938964844,313.8500061035156,475031
2026-08-27 19:15:00+00:00,313.57000732421875,314.29998779296875,313.44500732421875,314.25,561277
2026-08-27 19:30:00+00:00,313.8900146484375,313.8999938964844,313.3699951171875,313.5799865722656,540290
2026-08-27 19:45:00+00:00,314.57501220703125,315.0899963378906,313.7699890136719,313.8800048828125,2770444
2026-08-28 13:30:00+00:00,317.32000732421875,318.1300048828125,315.5,317.0880126953125,3018332
2026-08-28 13:45:00+00:00,316.7799987792969,317.3699951171875,315.4504089355469,317.2825012207031,1263154
2026-08-28 14:00:00+00:00,316.5,317.1199035644531,316.04998779296875,316.7699890136719,844511
2026-08-28 14:15:00+00:00,316.7250061035156,317.1780090332031,316.16259765625,316.4601135253906,1148227
2026-08-28 14:30:00+00:00,319.4700012207031,319.57501220703125,316.5199890136719,316.7250061035156,1746038
2026-08-28 14:45:00+00:00,320.7099914550781,320.7789001464844,318.5899963378906,319.4800109863281,2301307
2026-08-28 15:00:00+00:00,320.8500061035156,321.3399963378906,320.0299987792969,320.7099914550781,1925697
2026-08-28 15:15:00+00:00,321.94000244140625,322.0299987792969,320.7998962402344,320.7998962402344,1420093
2026-08-28 15:30:00+00:00,321.79998779296875,322.3699951171875,321.29998779296875,321.9549865722656,1498168
2026-08-28 15:45:00+00:00,321.4800109863281,322.364990234375,321.1099853515625,321.80999755859375,1159551
2026-08-28 16:00:00+00:00,321.6199951171875,321.8599853515625,321.1099853515625,321.5,895737
2026-08-28 16:15:00+00:00,320.9700012207031,321.8523864746094,320.5350036621094,321.6300048828125,850490
2026-08-28 16:30:00+00:00,320.625,321.5199890136719,320.61358642578125,320.94500732421875,652938
2026-08-28 16:45:00+00:00,320.8450012207031,321.3500061035156,320.6145935058594,320.625,584996
2026-08-28 17:00:00+00:00,320.7699890136719,320.8299865722656,320.2799987792969,320.82000732421875,666037
2026-08-28 17:15:00+00:00,319.739990234375,320.79998779296875,319.5801086425781,320.7799987792969,637968
2026-08-28 17:30:00+00:00,319.4150085449219,320.0400085449219,319.3800048828125,319.80999755859375,503152
2026-08-28 17:45:00+00:00,319.69000244140625,319.70001220703125,319.3699951171875,319.4150085449219,499559
2026-08-28 18:00:00+00:00,319.6499938964844,320.04998779296875,319.44000244140625,319.7099914550781,512706
2026-08-28 18:15:00+00:00,319.5400085449219,319.8299865722656,319.3999938964844,319.6401062011719,492440
2026-08-28 18:30:00+00:00,319.5950012207031,319.75,319.42999267578125,319.54998779296875,445561
2026-08-28 18:45:00+00:00,319.81500244140625,319.81500244140625,319.04998779296875,319.5899963378906,1386443
2026-08-28 19:00:00+00:00,319.6400146484375,319.889892578125,319.239990234375,319.82000732421875,739739
2026-08-28 19:15:00+00:00,319.5450134277344,319.989990234375,319.5299987792969,319.6400146484375,680868
2026-08-28 19:30:00+00:00,319.8349914550781,320.1993103027344,319.5,319.54998779296875,1168551
2026-08-28 19:45:00+00:00,319.6400146484375,320.3299865722656,319.5199890136719,319.8500061035156,2255232
2026-08-31 13:30:00+00:00,317.375,321.2349853515625,317.0400085449219,319.55999755859375,3203080
2026-08-31 13:45:00+00:00,317.260009765625,318.1000061035156,316.739990234375,317.32501220703125,1333299
2026-08-31 14:00:00+00:00,316.5150146484375,317.2449951171875,315.7705078125,317.2049865722656,1152480
2026-08-31 14:15:00+00:00,315.7099914550781,316.8500061035156,315.45001220703125,316.4800109863281,812148
2026-08-31 14:30:00+00:00,314.9750061035156,315.7099914550781,314.3599853515625,315.7099914550781,1000328
2026-08-31 14:45:00+00:00,315.3800048828125,315.6299133300781,314.7200012207031,314.9700012207031,796942
2026-08-31 15:00:00+00:00,315.31500244140625,315.82000732421875,315.0299987792969,315.3800048828125,696755
2026-08-31 15:15:00+00:00,315.06988525390625,315.44000244140625,314.8999938964844,315.3299865722656,813330
2026-08-31 15:30:00+00:00,314.91900634765625,315.2250061035156,314.6099853515625,315.0400085449219,573136
2026-08-31 15:45:00+00:00,314.6600036621094,315.1499938964844,314.5899963378906,314.9150085449219,501860
2026-08-31 16:00:00+00:00,314.4599914550781,314.7099914550781,313.94000244140625,314.6650085449219,734922
2026-08-31 16:15:00+00:00,314.6700134277344,314.8699951171875,314.0,314.4700012207031,627249
2026-08-31 16:30:00+00:00,313.4800109863281,316.0,312.79998779296875,314.6000061035156,2185559
2026-08-31 16:45:00+00:00,313.760009765625,313.9200134277344,313.3900146484375,313.4800109863281,580708
2026-08-31 17:00:00+00:00,314.0314025878906,314.06500244140625,313.4100036621094,313.760009765625,518437
2026-08-31 17:15:00+00:00,313.8800048828125,314.25,313.760009765625,314.04998779296875,608623
2026-08-31 17:30:00+00:00,314.1700134277344,314.239990234375,313.385009765625,313.8500061035156,594531
2026-08-31 17:45:00+00:00,315.07489013671875,315.19500732421875,314.1650085449219,314.1700134277344,673491
2026-08-31 18:00:00+00:00,315.3599853515625,315.7099914550781,314.9100036621094,315.0799865722656,759410
2026-08-31 18:15:00+00:00,315.68499755859375,316.0199890136719,315.1300048828125,315.3599853515625,667687
2026-08-31 18:30:00+00:00,315.2701110839844,315.9154052734375,315.010009765625,315.681884765625,532519
2026-08-31 18:45:00+00:00,315.3900146484375,315.46600341796875,315.17999267578125,315.2701110839844,399764
2026-08-31 19:00:00+00:00,316.0299987792969,316.06988525390625,315.3949890136719,315.3949890136719,592121
2026-08-31 19:15:00+00:00,316.0249938964844,316.1600036621094,315.6600036621094,316.010009765625,703386
2026-08-31 19:30:00+00:00,316.4599914550781,316.510009765625,315.75,316.0299987792969,1109000
2026-08-31 19:45:00+00:00,317.2300109863281,317.69000244140625,315.7099914550781,316.44500732421875,3893995
2026-09-01 13:30:00+00:00,319.1499938964844,319.3399963378906,314.73699951171875,316.9800109863281,3942140
2026-09-01 13:45:00+00:00,322.69500732421875,322.75,319.0199890136719,319.1499938964844,4114916
2026-09-01 14:00:00+00:00,323.4049987792969,323.5299987792969,321.4700012207031,322.69500732421875,3250693
2026-09-01 14:15:00+00:00,325.3445129394531,325.3900146484375,323.0299987792969,323.4049987792969,3233239
2026-09-01 14:30:00+00:00,324.7349853515625,325.8599853515625,324.239990234375,325.3351135253906,2520616
2026-09-01 14:45:00+00:00,324.3800048828125,325.2550048828125,324.239990234375,324.7349853515625,1306822
2026-09-01 15:00:00+00:00,323.3599853515625,324.3949890136719,322.739990234375,324.3900146484375,1634295
2026-09-01 15:15:00+00:00,324.6000061035156,325.44000244140625,323.3299865722656,323.3599853515625,1598536
2026-09-01 15:30:00+00:00,325.1499938964844,325.2799987792969,324.0199890136719,324.6199951171875,1005630
2026-09-01 15:45:00+00:00,326.3599853515625,327.226806640625,324.8700866699219,325.1700134277344,2330367
2026-09-01 16:00:00+00:00,325.5350036621094,326.5400085449219,325.5199890136719,326.3800048828125,955168
2026-09-01 16:15:00+00:00,326.6600036621094,327.29998779296875,325.3399963378906,325.5350036621094,1212086
2026-09-01 16:30:00+00:00,325.5299987792969,326.885009765625,325.3999938964844,326.67999267578125,1227876
2026-09-01 16:45:00+00:00,325.8599853515625,326.2699890136719,325.32000732421875,325.489990234375,981692
2026-09-01 17:00:00+00:00,325.0639953613281,325.9700012207031,324.95001220703125,325.8500061035156,1428281
2026-09-01 17:15:00+00:00,324.6499938964844,325.3500061035156,324.4849853515625,325.05499267578125,859878
2026-09-01 17:30:00+00:00,324.86199951171875,324.9200134277344,324.32000732421875,324.69000244140625,644104
2026-09-01 17:45:00+00:00,325.2099914550781,325.2200012207031,324.5,324.8949890136719,612626
2026-09-01 18:00:00+00:00,324.92498779296875,325.75,324.760009765625,325.2200012207031,793785
2026-09-01 18:15:00+00:00,324.77508544921875,324.92999267578125,324.6700134277344,324.92999267578125,93361
