Datetime,Close,High,Low,Open,Volume
2026-06-08 13:30:00+00:00,742.1849975585938,744.510009765625,742.1500244140625,743.3599853515625,4049422
2026-06-08 13:35:00+00:00,741.594970703125,742.6599731445312,741.5800170898438,742.1900024414062,1106579
2026-06-08 13:40:00+00:00,742.719970703125,743.0999755859375,741.47998046875,741.594970703125,815319
2026-06-08 13:45:00+00:00,742.5800170898438,743.52001953125,742.0999755859375,742.72998046875,836773
2026-06-08 13:50:00+00:00,743.2000122070312,743.7249755859375,741.9099731445312,742.5599975585938,482738
2026-06-08 13:55:00+00:00,740.8499755859375,743.3300170898438,740.7999877929688,743.2150268554688,768315
2026-06-08 14:00:00+00:00,741.1799926757812,742.330078125,740.5999755859375,740.7999877929688,767557
2026-06-08 14:05:00+00:00,742.3200073242188,742.52001953125,741.0599975585938,741.1699829101562,468580
2026-06-08 14:10:00+00:00,741.639892578125,742.4600219726562,741.4199829101562,742.3200073242188,470734
2026-06-08 14:15:00+00:00,741.5499877929688,741.7999877929688,740.8499755859375,741.625,425735
2026-06-08 14:20:00+00:00,742.1400756835938,742.3662109375,741.1751098632812,741.47998046875,428768
2026-06-08 14:25:00+00:00,742.47998046875,743.02001953125,741.9500122070312,742.1599731445312,547239
2026-06-08 14:30:00+00:00,742.8699951171875,742.97998046875,742.2999877929688,742.4400024414062,445348
2026-06-08 14:35:00+00:00,743.27001953125,743.6699829101562,742.719970703125,742.9000244140625,657893
2026-06-08 14:40:00+00:00,742.5700073242188,743.5,741.969970703125,743.260009765625,774081
2026-06-08 14:45:00+00:00,743.5401000976562,744.3499755859375,742.5800170898438,742.5800170898438,616876
2026-06-08 14:50:00+00:00,744.1099853515625,744.344970703125,743.2999877929688,743.5800170898438,426502
2026-06-08 14:55:00+00:00,744.9949951171875,745.02001953125,743.6500244140625,744.1300048828125,454713
2026-06-08 15:00:00+00:00,744.6400146484375,745.27001953125,744.6199951171875,744.97998046875,482631
2026-06-08 15:05:00+00:00,745.1199951171875,745.3400268554688,744.5700073242188,744.6300048828125,351220
2026-06-08 15:10:00+00:00,744.719970703125,745.2000122070312,744.6799926757812,745.1199951171875,268198
2026-06-08 15:15:00+00:00,744.843994140625,745.1599731445312,744.3900146484375,744.7700805664062,386838
2026-06-08 15:20:00+00:00,744.9299926757812,745.0800170898438,744.1400146484375,744.8400268554688,385975
2026-06-08 15:25:00+00:00,743.22998046875,744.9299926757812,743.1099853515625,744.9299926757812,429724
2026-06-08 15:30:00+00:00,742.1599731445312,743.3800048828125,741.8699951171875,743.25,550471
2026-06-08 15:35:00+00:00,743.5,743.6300048828125,741.9099731445312,742.1599731445312,454643
2026-06-08 15:40:00+00:00,743.6900024414062,743.9000244140625,743.1599731445312,743.4749755859375,349964
2026-06-08 15:45:00+00:00,743.364990234375,744.3499755859375,743.280029296875,743.7100219726562,456447
2026-06-08 15:50:00+00:00,743.530029296875,744.16357421875,743.3400268554688,743.3400268554688,247455
2026-06-08 15:55:00+00:00,742.7650146484375,743.52001953125,742.489990234375,743.5,421507
2026-06-08 16:00:00+00:00,742.85302734375,743.260009765625,742.1599731445312,742.75,481256
2026-06-08 16:05:00+00:00,742.6300048828125,743.22998046875,742.489990234375,742.8800048828125,279306
2026-06-08 16:10:00+00:00,743.0700073242188,743.25,742.3499755859375,742.6699829101562,236361
2026-06-08 16:15:00+00:00,743.7000122070312,743.72998046875,743.02001953125,743.094970703125,262419
2026-06-08 16:20:00+00:00,742.989990234375,743.969970703125,742.8599853515625,743.6900024414062,331067
2026-06-08 16:25:00+00:00,742.1400146484375,743.4600219726562,742.114990234375,743.030029296875,227650
2026-06-08 16:30:00+00:00,741.9600219726562,742.6199951171875,741.9000244140625,742.1599731445312,248619
2026-06-08 16:35:00+00:00,741.7899780273438,742.4398803710938,741.510009765625,741.9600219726562,354799
2026-06-08 16:40:00+00:00,742.1300048828125,742.3400268554688,741.614990234375,741.780029296875,257751
2026-06-08 16:45:00+00:00,742.489990234375,742.969970703125,742.010009765625,742.1599731445312,235060
2026-06-08 16:50:00+00:00,742.4299926757812,742.7000122070312,742.219970703125,742.489990234375,230780
2026-06-08 16:55:00+00:00,741.9099731445312,742.47998046875,741.8900146484375,742.4299926757812,423752
2026-06-08 17:00:00+00:00,740.760009765625,741.9749755859375,740.3400268554688,741.9199829101562,670057
2026-06-08 17:05:00+00:00,740.844970703125,741.510009765625,740.614990234375,740.760009765625,352306
2026-06-08 17:10:00+00:00,740.9400024414062,740.989990234375,740.1099853515625,740.8400268554688,995671
2026-06-08 17:15:00+00:00,740.3800048828125,741.1300048828125,740.0800170898438,740.9500122070312,379702
2026-06-08 17:20:00+00:00,740.489990234375,740.8699951171875,740.1400146484375,740.39501953125,261333
2026-06-08 17:25:00+00:00,742.030029296875,742.0599975585938,740.3699951171875,740.47998046875,533682
2026-06-08 17:30:00+00:00,741.6199951171875,742.3900146484375,741.030029296875,742.010009765625,610127
2026-06-08 17:35:00+00:00,741.1799926757812,741.72998046875,740.5701293945312,741.5999755859375,316054
2026-06-08 17:40:00+00:00,740.4299926757812,741.3300170898438,740.4000244140625,741.2000122070312,263609
2026-06-08 17:45:00+00:00,741.4000244140625,741.4000244140625,740.4000244140625,740.4249877929688,280600
2026-06-08 17:50:00+00:00,741.52001953125,741.7449951171875,741.010009765625,741.375,235342
2026-06-08 17:55:00+00:00,741.1300048828125,741.5800170898438,740.8900146484375,741.5050048828125,226970
2026-06-08 18:00:00+00:00,741.6199951171875,741.9299926757812,741.1199951171875,741.1300048828125,437121
2026-06-08 18:05:00+00:00,741.9099731445312,742.2999877929688,741.5700073242188,741.6199951171875,542187
2026-06-08 18:10:00+00:00,741.280029296875,742.0900268554688,741.0599975585938,741.9299926757812,351607
2026-06-08 18:15:00+00:00,741.6199951171875,741.8099975585938,741.25,741.2999877929688,503668
2026-06-08 18:20:00+00:00,741.7899780273438,741.9099731445312,741.2899780273438,741.614990234375,296798
2026-06-08 18:25:00+00:00,741.9600219726562,742.0999755859375,741.5900268554688,741.780029296875,233700
2026-06-08 18:30:00+00:00,741.8200073242188,742.4500122070312,741.77001953125,741.969970703125,329028
2026-06-08 18:35:00+00:00,740.989990234375,742.0999755859375,740.8800048828125,741.7999877929688,680153
2026-06-08 18:40:00+00:00,740.8900146484375,741.3499755859375,740.75,740.989990234375,330517
2026-06-08 18:45:00+00:00,740.989990234375,741.5599975585938,740.9000244140625,740.9000244140625,271061
2026-06-08 18:50:00+00:00,741.260009765625,741.3699951171875,740.9099731445312,741.010009765625,256369
2026-06-08 18:55:00+00:00,740.969970703125,741.530029296875,740.8699951171875,741.2650146484375,230249
2026-06-08 19:00:00+00:00,740.969970703125,741.1599731445312,740.5,740.969970703125,369023
2026-06-08 19:05:00+00:00,740.1799926757812,741.1500244140625,740.1799926757812,740.969970703125,415126
2026-06-08 19:10:00+00:00,739.2600708007812,740.2000122070312,739.260009765625,740.1749877929688,1084506
2026-06-08 19:15:00+00:00,739.25,739.6199951171875,738.9600219726562,739.27001953125,478017
2026-06-08 19:20:00+00:00,738.5399780273438,739.6900024414062,738.4099731445312,739.25,492584
2026-06-08 19:25:00+00:00,739.2000122070312,739.22998046875,738.1900024414062,738.5399780273438,610606
2026-06-08 19:30:00+00:00,739.469970703125,740.1799926757812,739.1199951171875,739.2100219726562,545436
2026-06-08 19:35:00+00:00,739.4099731445312,739.9000244140625,739.0700073242188,739.489990234375,459332
2026-06-08 19:40:00+00:00,739.3499755859375,739.72998046875,738.9199829101562,739.385009765625,447047
2026-06-08 19:45:00+00:00,739.2999877929688,739.9000244140625,739.1300048828125,739.3400268554688,691753
2026-06-08 19:50:00+00:00,739.2000122070312,739.969970703125,738.77001953125,739.3400268554688,1239361
2026-06-08 19:55:00+00:00,739.3099975585938,739.530029296875,738.905029296875,739.2100219726562,2498509
2026-06-09 13:30:00+00:00,743.6300048828125,744.1500244140625,743.280029296875,743.6300048828125,1968184
2026-06-09 13:35:00+00:00,744.3900146484375,744.8798828125,743.4849853515625,743.6500244140625,837446
2026-06-09 13:40:00+00:00,745.3598022460938,745.3598022460938,744.1199951171875,744.4299926757812,686813
2026-06-09 13:45:00+00:00,746.75,746.9000244140625,745.27001953125,745.3599853515625,673191
2026-06-09 13:50:00+00:00,745.1699829101562,746.7999877929688,745.1400146484375,746.7498779296875,788241
2026-06-09 13:55:00+00:00,744.3800048828125,745.47998046875,744.22998046875,745.1799926757812,840825
2026-06-09 14:00:00+00:00,744.1400146484375,745.0449829101562,743.7999877929688,744.36376953125,710362
2026-06-09 14:05:00+00:00,743.97998046875,744.719970703125,743.888916015625,744.1699829101562,496717
2026-06-09 14:10:00+00:00,741.5399780273438,743.97998046875,741.4400024414062,743.9600219726562,1280378
2026-06-09 14:15:00+00:00,740.1199951171875,741.9500122070312,739.4199829101562,741.5499877929688,1248228
2026-06-09 14:20:00+00:00,741.9500122070312,742.030029296875,739.4299926757812,740.1300048828125,1098914
2026-06-09 14:25:00+00:00,741.2100219726562,742.1990966796875,740.8300170898438,741.9400024414062,597057
2026-06-09 14:30:00+00:00,741.2000122070312,741.7100219726562,740.3499755859375,741.1699829101562,622155
2026-06-09 14:35:00+00:00,740.9349975585938,741.5499877929688,740.47998046875,741.1699829101562,428801
2026-06-09 14:40:00+00:00,738.6300048828125,741.25,738.4099731445312,740.9400024414062,671997
2026-06-09 14:45:00+00:00,735.260009765625,738.89990234375,735.030029296875,738.6300048828125,1775836
2026-06-09 14:50:00+00:00,736.5650024414062,736.5999755859375,734.6500244140625,735.27001953125,2099380
2026-06-09 14:55:00+00:00,737.75,737.7999877929688,735.8499755859375,736.5999755859375,652279
2026-06-09 15:00:00+00:00,737.0,738.1300048828125,736.9598999023438,737.7899780273438,487522
2026-06-09 15:05:00+00:00,737.9199829101562,737.989990234375,736.280029296875,736.969970703125,438044
2026-06-09 15:10:00+00:00,737.530029296875,738.4199829101562,736.8599853515625,737.9299926757812,469335
2026-06-09 15:15:00+00:00,736.22998046875,737.7150268554688,736.1599731445312,737.52001953125,431549
2026-06-09 15:20:00+00:00,734.0850219726562,736.6599731445312,734.0800170898438,736.1900024414062,654413
2026-06-09 15:25:00+00:00,731.0,734.1400146484375,730.77001953125,734.0999755859375,1288026
2026-06-09 15:30:00+00:00,731.2299194335938,731.8099975585938,730.47998046875,731.0,1562529
2026-06-09 15:35:00+00:00,731.47998046875,731.760009765625,730.5800170898438,731.239990234375,1098597
2026-06-09 15:40:00+00:00,731.8563842773438,732.489990234375,731.2449951171875,731.4600219726562,997957
2026-06-09 15:45:00+00:00,731.969970703125,732.2100219726562,731.5999755859375,731.8200073242188,489176
2026-06-09 15:50:00+00:00,731.14501953125,732.75,731.0800170898438,731.9600219726562,600726
2026-06-09 15:55:00+00:00,729.0599975585938,731.260009765625,728.9600219726562,731.1599731445312,1388268
2026-06-09 16:00:00+00:00,729.6199951171875,730.5700073242188,728.989990234375,729.0800170898438,895809
2026-06-09 16:05:00+00:00,728.26318359375,729.75,727.780029296875,729.6099853515625,1171668
2026-06-09 16:10:00+00:00,728.5499877929688,729.3200073242188,727.7803955078125,728.2650146484375,980179
2026-06-09 16:15:00+00:00,725.9600219726562,728.5499877929688,725.7100219726562,728.5399780273438,1432415
2026-06-09 16:20:00+00:00,727.4931640625,727.530029296875,725.2999877929688,725.9249877929688,1389375
2026-06-09 16:25:00+00:00,727.3599853515625,728.1500244140625,726.8900146484375,727.469970703125,801671
2026-06-09 16:30:00+00:00,727.25,728.5700073242188,726.3499755859375,727.3400268554688,805173
2026-06-09 16:35:00+00:00,723.3400268554688,728.3699951171875,722.9400024414062,727.3499755859375,2824479
2026-06-09 16:40:00+00:00,724.6900024414062,724.9299926757812,722.5900268554688,723.3800048828125,2012155
2026-06-09 16:45:00+00:00,724.8699951171875,725.760009765625,724.1300048828125,724.6749877929688,1125400
2026-06-09 16:50:00+00:00,723.6849975585938,725.4400024414062,723.625,724.8800048828125,884758
2026-06-09 16:55:00+00:00,726.6199951171875,726.6950073242188,723.5599975585938,723.6699829101562,1224721
2026-06-09 17:00:00+00:00,728.3900146484375,728.719970703125,726.4000244140625,726.6199951171875,1185574
2026-06-09 17:05:00+00:00,728.2849731445312,728.8499755859375,727.5900268554688,728.4199829101562,820487
2026-06-09 17:10:00+00:00,728.5999755859375,729.0399780273438,727.2100219726562,728.280029296875,714059
2026-06-09 17:15:00+00:00,729.9324951171875,730.0499877929688,727.9400024414062,728.5800170898438,970730
2026-06-09 17:20:00+00:00,730.469970703125,731.280029296875,729.5399780273438,729.9591064453125,945471
2026-06-09 17:25:00+00:00,730.760009765625,731.2100219726562,729.9000244140625,730.4500122070312,508034
2026-06-09 17:30:00+00:00,731.7100219726562,731.72998046875,730.2100219726562,730.780029296875,792262
2026-06-09 17:35:00+00:00,732.1199951171875,732.5599975585938,731.0499877929688,731.719970703125,664373
2026-06-09 17:40:00+00:00,732.9600219726562,733.9500122070312,731.9500122070312,732.1400146484375,983441
2026-06-09 17:45:00+00:00,731.1699829101562,733.2100219726562,730.9600219726562,732.97998046875,950081
2026-06-09 17:50:00+00:00,732.469970703125,733.1300048828125,731.1799926757812,731.1900024414062,721314
2026-06-09 17:55:00+00:00,732.5599975585938,733.1500244140625,732.4000244140625,732.489990234375,427285
2026-06-09 18:00:00+00:00,732.60498046875,733.2999877929688,732.1400146484375,732.6500244140625,636632
2026-06-09 18:05:00+00:00,733.5900268554688,733.760009765625,732.3900146484375,732.60498046875,536827
2026-06-09 18:10:00+00:00,733.280029296875,733.6199951171875,732.5499877929688,733.5836791992188,365629
2026-06-09 18:15:00+00:00,734.4299926757812,734.5399780273438,732.6199951171875,733.25,614919
2026-06-09 18:20:00+00:00,735.0599975585938,735.1799926757812,733.75,734.4299926757812,775609
2026-06-09 18:25:00+00:00,735.0999755859375,735.1300048828125,733.9749755859375,735.0599975585938,486902
2026-06-09 18:30:00+00:00,735.6900024414062,736.1799926757812,734.8400268554688,735.1199951171875,700847
2026-06-09 18:35:00+00:00,735.9600219726562,736.27001953125,735.4099731445312,735.6900024414062,500626
2026-06-09 18:40:00+00:00,734.4099731445312,736.0,734.2999877929688,735.97998046875,715005
2026-06-09 18:45:00+00:00,735.52001953125,735.5399780273438,734.3499755859375,734.4299926757812,524189
2026-06-09 18:50:00+00:00,735.625,736.1799926757812,735.1099853515625,735.5,488844
2026-06-09 18:55:00+00:00,736.739990234375,737.1300048828125,735.5800170898438,735.6099853515625,539061
2026-06-09 19:00:00+00:00,737.3099975585938,737.4000244140625,736.1099853515625,736.739990234375,699972
2026-06-09 19:05:00+00:00,736.510009765625,737.6900024414062,736.4299926757812,737.2999877929688,883890
2026-06-09 19:10:00+00:00,735.3099975585938,736.52001953125,735.1699829101562,736.510009765625,611103
2026-06-09 19:15:00+00:00,733.6599731445312,735.4199829101562,733.489990234375,735.3200073242188,912499
2026-06-09 19:20:00+00:00,733.9600219726562,734.3900146484375,733.2000122070312,733.6400146484375,681240
2026-06-09 19:25:00+00:00,734.5999755859375,734.8599853515625,733.5,733.9500122070312,505810
2026-06-09 19:30:00+00:00,734.5599975585938,735.030029296875,734.0399780273438,734.5800170898438,746553
2026-06-09 19:35:00+00:00,733.5900268554688,734.6699829101562,733.52001953125,734.5499877929688,733798
2026-06-09 19:40:00+00:00,733.4299926757812,733.8499755859375,732.5800170898438,733.5700073242188,986397
2026-06-09 19:45:00+00:00,733.0599975585938,733.780029296875,732.530029296875,733.4400024414062,1966471
2026-06-09 19:50:00+00:00,736.1699829101562,736.239990234375,733.02001953125,733.030029296875,2132433
2026-06-09 19:55:00+00:00,737.0599975585938,737.469970703125,736.0499877929688,736.1799926757812,4232497
2026-06-10 13:30:00+00:00,731.7849731445312,733.97998046875,731.7849731445312,733.3900146484375,4600210
2026-06-10 13:35:00+00:00,734.5999755859375,735.25,731.5,731.8049926757812,987220
2026-06-10 13:40:00+00:00,736.1699829101562,736.25,733.280029296875,734.5900268554688,701566
2026-06-10 13:45:00+00:00,736.6599731445312,736.97998046875,735.3400268554688,736.1699829101562,902040
2026-06-10 13:50:00+00:00,735.6599731445312,736.6699829101562,734.7449951171875,736.6699829101562,649437
2026-06-10 13:55:00+00:00,735.719970703125,736.6900024414062,735.280029296875,735.6699829101562,524489
2026-06-10 14:00:00+00:00,736.5700073242188,737.2780151367188,735.010009765625,735.75,485631
2026-06-10 14:05:00+00:00,737.125,737.3599853515625,735.8800048828125,736.5599975585938,475492
2026-06-10 14:10:00+00:00,736.7000122070312,737.5900268554688,736.47998046875,737.155029296875,531685
2026-06-10 14:15:00+00:00,736.6099853515625,737.0900268554688,735.7813720703125,736.7000122070312,616761
2026-06-10 14:20:00+00:00,738.2150268554688,738.3800048828125,736.2000122070312,736.489990234375,665495
2026-06-10 14:25:00+00:00,737.25,738.3800048828125,736.6201171875,738.219970703125,510563
2026-06-10 14:30:00+00:00,737.8350219726562,737.8674926757812,735.780029296875,737.219970703125,667180
2026-06-10 14:35:00+00:00,736.5700073242188,737.9500122070312,736.0399780273438,737.8200073242188,365612
2026-06-10 14:40:00+00:00,735.5800170898438,737.239990234375,735.5800170898438,736.530029296875,412424
2026-06-10 14:45:00+00:00,734.9600219726562,736.0850219726562,734.5,735.5499877929688,499629
2026-06-10 14:50:00+00:00,734.6300048828125,735.6599731445312,734.1849975585938,734.9500122070312,535123
2026-06-10 14:55:00+00:00,732.8400268554688,734.9099731445312,732.2600708007812,734.5700073242188,824616
2026-06-10 15:00:00+00:00,733.0900268554688,734.4199829101562,731.9299926757812,732.8699951171875,696926
2026-06-10 15:05:00+00:00,731.780029296875,733.25,731.719970703125,733.1099853515625,416959
2026-06-10 15:10:00+00:00,730.6799926757812,732.010009765625,730.6099853515625,731.780029296875,860434
2026-06-10 15:15:00+00:00,730.219970703125,730.719970703125,729.510009765625,730.6699829101562,671067
2026-06-10 15:20:00+00:00,731.8250122070312,732.3800048828125,730.0700073242188,730.1900024414062,601414
2026-06-10 15:25:00+00:00,731.4299926757812,732.5700073242188,731.4299926757812,731.8200073242188,295269
2026-06-10 15:30:00+00:00,731.02001953125,732.3099975585938,730.5499877929688,731.489990234375,394868
2026-06-10 15:35:00+00:00,730.8001098632812,731.7999877929688,729.969970703125,730.989990234375,413117
2026-06-10 15:40:00+00:00,732.27001953125,732.5800170898438,730.4000854492188,730.7999877929688,332455
2026-06-10 15:45:00+00:00,730.0,732.77001953125,728.9500122070312,732.239990234375,1274640
2026-06-10 15:50:00+00:00,730.8150024414062,731.6300048828125,728.489990234375,729.9400024414062,1180981
2026-06-10 15:55:00+00:00,731.9500122070312,732.1199951171875,730.1300048828125,730.780029296875,448601
2026-06-10 16:00:00+00:00,731.530029296875,732.510009765625,731.0599975585938,731.97998046875,401578
2026-06-10 16:05:00+00:00,730.8900146484375,732.0499877929688,730.5399780273438,731.510009765625,399703
2026-06-10 16:10:00+00:00,730.25,730.9000244140625,729.9299926757812,730.8800048828125,302707
2026-06-10 16:15:00+00:00,730.5800170898438,731.0700073242188,730.1599731445312,730.22998046875,220939
2026-06-10 16:20:00+00:00,730.1300048828125,730.9099731445312,729.9000244140625,730.5999755859375,210507
2026-06-10 16:25:00+00:00,730.6799926757812,730.9299926757812,730.030029296875,730.1900024414062,200425
2026-06-10 16:30:00+00:00,731.6099853515625,731.6199951171875,730.0499877929688,730.6799926757812,211851
2026-06-10 16:35:00+00:00,731.969970703125,732.2999877929688,731.02001953125,731.6400146484375,336703
2026-06-10 16:40:00+00:00,730.8720092773438,732.3099975585938,730.4500122070312,731.97998046875,210413
2026-06-10 16:45:00+00:00,729.97998046875,730.8300170898438,729.4000244140625,730.8300170898438,346949
2026-06-10 16:50:00+00:00,730.22998046875,731.030029296875,729.6701049804688,729.969970703125,247527
2026-06-10 16:55:00+00:00,730.360107421875,730.52001953125,729.5,730.219970703125,221988
2026-06-10 17:00:00+00:00,731.1400146484375,731.3699951171875,730.030029296875,730.3599853515625,242063
2026-06-10 17:05:00+00:00,729.6929931640625,731.1799926757812,729.5900268554688,731.1400146484375,389234
2026-06-10 17:10:00+00:00,729.0,729.7598876953125,728.719970703125,729.6699829101562,584434
2026-06-10 17:15:00+00:00,728.97998046875,729.4000244140625,728.6699829101562,729.0,332107
2026-06-10 17:20:00+00:00,729.4600219726562,729.5599975585938,728.75,728.9299926757812,359574
2026-06-10 17:25:00+00:00,729.5900268554688,729.8499755859375,729.0900268554688,729.4400024414062,406462
2026-06-10 17:30:00+00:00,728.844970703125,729.6799926757812,728.4299926757812,729.5900268554688,324300
2026-06-10 17:35:00+00:00,728.1799926757812,728.8699951171875,728.0999755859375,728.8699951171875,342502
2026-06-10 17:40:00+00:00,727.9609985351562,728.5900268554688,727.8599853515625,728.1900024414062,293575
2026-06-10 17:45:00+00:00,730.3250122070312,730.6500244140625,727.8800048828125,727.969970703125,559719
2026-06-10 17:50:00+00:00,729.97998046875,730.5499877929688,728.969970703125,730.3200073242188,574254
2026-06-10 17:55:00+00:00,730.6599731445312,730.7999877929688,729.8099975585938,729.989990234375,337063
2026-06-10 18:00:00+00:00,731.6849975585938,731.77001953125,730.52001953125,730.6900024414062,498903
2026-06-10 18:05:00+00:00,730.5,731.75,730.469970703125,731.6799926757812,529483
2026-06-10 18:10:00+00:00,730.75,731.239990234375,730.4500122070312,730.52001953125,239282
2026-06-10 18:15:00+00:00,729.7949829101562,731.25,729.434326171875,730.719970703125,361826
2026-06-10 18:20:00+00:00,729.9199829101562,730.4199829101562,729.3200073242188,729.7899780273438,413664
2026-06-10 18:25:00+00:00,729.5499877929688,730.1099853515625,729.4199829101562,729.9400024414062,303430
2026-06-10 18:30:00+00:00,729.0599975585938,729.580078125,728.8599853515625,729.5750122070312,301691
2026-06-10 18:35:00+00:00,728.5399169921875,729.0999755859375,728.1500244140625,729.010009765625,432256
2026-06-10 18:40:00+00:00,728.5299072265625,728.8599853515625,728.1400146484375,728.5499877929688,450217
2026-06-10 18:45:00+00:00,727.9099731445312,728.5549926757812,727.8599853515625,728.5399780273438,417261
2026-06-10 18:50:00+00:00,727.719970703125,728.1099853515625,727.010009765625,727.9000244140625,1465207
2026-06-10 18:55:00+00:00,727.4299926757812,727.8499755859375,727.0,727.7100219726562,719888
2026-06-10 19:00:00+00:00,727.35498046875,728.0900268554688,726.8621826171875,727.4400024414062,454034
2026-06-10 19:05:00+00:00,727.77001953125,728.1300048828125,727.0,727.3599853515625,673908
2026-06-10 19:10:00+00:00,727.0599975585938,727.8300170898438,726.8049926757812,727.77001953125,403391
2026-06-10 19:15:00+00:00,726.510009765625,727.239990234375,726.3250122070312,727.0900268554688,794481
2026-06-10 19:20:00+00:00,726.1400146484375,726.52001953125,725.7899780273438,726.5,909423
2026-06-10 19:25:00+00:00,725.989990234375,726.260009765625,725.47998046875,726.1400146484375,1244636
2026-06-10 19:30:00+00:00,726.9299926757812,727.1799926757812,725.6599731445312,725.989990234375,1434732
2026-06-10 19:35:00+00:00,727.4550170898438,727.6400146484375,726.6400146484375,726.9600219726562,615230
2026-06-10 19:40:00+00:00,727.2587890625,727.7000122070312,726.6199951171875,727.4600219726562,1131223
2026-06-10 19:45:00+00:00,726.8300170898438,727.3900146484375,726.219970703125,727.219970703125,1395517
2026-06-10 19:50:00+00:00,726.8400268554688,727.8900146484375,725.5,726.8099975585938,2281662
2026-06-10 19:55:00+00:00,725.4299926757812,727.260009765625,725.3300170898438,726.8300170898438,3675108
2026-06-11 13:30:00+00:00,727.280029296875,728.5599975585938,727.08251953125,728.5,4277543
2026-06-11 13:35:00+00:00,727.2249755859375,728.2999877929688,726.7899780273438,727.2899780273438,784599
2026-06-11 13:40:00+00:00,727.1699829101562,727.6799926757812,726.3499755859375,727.260009765625,537179
2026-06-11 13:45:00+00:00,728.5999755859375,729.7899780273438,726.77001953125,727.1699829101562,1312330
2026-06-11 13:50:00+00:00,731.0399780273438,731.5499877929688,728.6199951171875,728.6199951171875,1156247
2026-06-11 13:55:00+00:00,729.72998046875,731.5599975585938,729.4199829101562,731.010009765625,1173695
2026-06-11 14:00:00+00:00,731.0700073242188,731.5750122070312,729.530029296875,729.75,592750
2026-06-11 14:05:00+00:00,730.0650024414062,731.0499877929688,729.739990234375,731.0499877929688,856670
2026-06-11 14:10:00+00:00,727.8300170898438,730.1998901367188,727.760009765625,730.0499877929688,867228
2026-06-11 14:15:00+00:00,727.0900268554688,728.469970703125,726.9500122070312,727.8400268554688,619964
2026-06-11 14:20:00+00:00,729.1599731445312,729.6599731445312,726.969970703125,727.0850219726562,710770
2026-06-11 14:25:00+00:00,728.8150024414062,729.7550048828125,727.6799926757812,729.1300048828125,467751
2026-06-11 14:30:00+00:00,728.3300170898438,729.3400268554688,727.6799926757812,728.844970703125,415521
2026-06-11 14:35:00+00:00,729.1300048828125,730.0700073242188,728.1199951171875,728.1900024414062,506433
2026-06-11 14:40:00+00:00,728.5599975585938,729.8792724609375,728.5399780273438,729.1400146484375,477633
2026-06-11 14:45:00+00:00,728.1699829101562,728.989990234375,727.8200073242188,728.5700073242188,475332
2026-06-11 14:50:00+00:00,727.35498046875,728.239990234375,727.0900268554688,728.0999755859375,413467
2026-06-11 14:55:00+00:00,725.5999755859375,727.3535766601562,725.1099853515625,727.3535766601562,862809
2026-06-11 15:00:00+00:00,725.9400024414062,726.3300170898438,724.405029296875,725.5700073242188,1134542
2026-06-11 15:05:00+00:00,726.6599731445312,727.3499755859375,725.3250122070312,725.9600219726562,703903
2026-06-11 15:10:00+00:00,727.3800048828125,727.8800048828125,726.530029296875,726.6799926757812,542725
2026-06-11 15:15:00+00:00,727.3300170898438,728.4400024414062,726.719970703125,727.3699951171875,443970
2026-06-11 15:20:00+00:00,728.25,728.780029296875,727.1799926757812,727.3499755859375,481429
2026-06-11 15:25:00+00:00,727.1799926757812,728.6400146484375,727.1799926757812,728.280029296875,353800
2026-06-11 15:30:00+00:00,727.530029296875,727.8499755859375,726.72998046875,727.1799926757812,365345
2026-06-11 15:35:00+00:00,728.4600219726562,728.9500122070312,727.4099731445312,727.530029296875,515713
2026-06-11 15:40:00+00:00,727.8599853515625,729.4600219726562,727.4500122070312,728.489990234375,746547
2026-06-11 15:45:00+00:00,727.760009765625,728.4600219726562,727.3300170898438,727.8900146484375,748548
2026-06-11 15:50:00+00:00,727.27001953125,727.8099975585938,727.010009765625,727.75,474927
2026-06-11 15:55:00+00:00,728.0999755859375,728.3800048828125,726.8400268554688,727.280029296875,470589
2026-06-11 16:00:00+00:00,728.0,729.030029296875,727.5700073242188,728.0800170898438,314176
2026-06-11 16:05:00+00:00,729.0396728515625,729.2429809570312,727.72998046875,728.010009765625,290266
2026-06-11 16:10:00+00:00,729.885009765625,730.1500244140625,728.8499755859375,728.97998046875,393475
2026-06-11 16:15:00+00:00,729.7650146484375,730.3099975585938,729.3499755859375,729.9500122070312,449822
2026-06-11 16:20:00+00:00,728.5700073242188,730.010009765625,728.52001953125,729.7999877929688,477984
2026-06-11 16:25:00+00:00,727.8800048828125,728.7899780273438,727.8099975585938,728.5800170898438,562146
2026-06-11 16:30:00+00:00,729.3699951171875,729.9500122070312,727.4299926757812,727.8800048828125,761982
2026-06-11 16:35:00+00:00,728.7598876953125,729.9000244140625,728.5399780273438,729.2899780273438,504077
2026-06-11 16:40:00+00:00,728.6300048828125,728.9099731445312,728.3300170898438,728.75,367139
2026-06-11 16:45:00+00:00,728.3049926757812,728.9400024414062,728.1199951171875,728.5999755859375,380688
2026-06-11 16:50:00+00:00,727.155029296875,728.39501953125,727.0800170898438,728.3099975585938,384489
2026-06-11 16:55:00+00:00,726.5200805664062,727.280029296875,726.5,727.1599731445312,388288
2026-06-11 17:00:00+00:00,725.8800048828125,727.22998046875,725.5700073242188,726.5399780273438,594293
2026-06-11 17:05:00+00:00,726.7899780273438,726.9099731445312,725.7899780273438,725.8800048828125,723260
2026-06-11 17:10:00+00:00,726.3499145507812,727.260009765625,726.1699829101562,726.7899780273438,704240
2026-06-11 17:15:00+00:00,725.7000122070312,726.6300048828125,725.4099731445312,726.2999877929688,623375
2026-06-11 17:20:00+00:00,726.0650024414062,726.22998046875,725.260009765625,725.6699829101562,446581
2026-06-11 17:25:00+00:00,732.52001953125,732.6799926757812,725.9400024414062,726.0499877929688,2888383
2026-06-11 17:30:00+00:00,734.22998046875,735.0700073242188,732.2249755859375,732.5399780273438,2956107
2026-06-11 17:35:00+00:00,734.2650146484375,734.5999755859375,733.219970703125,734.22998046875,1236170
2026-06-11 17:40:00+00:00,736.2100219726562,736.6199951171875,733.8699951171875,734.27001953125,1280667
2026-06-11 17:45:00+00:00,734.8400268554688,736.5700073242188,734.5499877929688,736.2750244140625,1056229
2026-06-11 17:50:00+00:00,734.3599853515625,734.9099731445312,733.4099731445312,734.8400268554688,1049478
2026-06-11 17:55:00+00:00,734.9500122070312,735.2999877929688,733.760009765625,734.3300170898438,860911
2026-06-11 18:00:00+00:00,733.2899780273438,735.6300048828125,732.7899780273438,734.9099731445312,1291626
2026-06-11 18:05:00+00:00,733.239990234375,733.9400024414062,732.5700073242188,733.2899780273438,787149
2026-06-11 18:10:00+00:00,734.3099975585938,734.3200073242188,733.1099853515625,733.2100219726562,747527
2026-06-11 18:15:00+00:00,735.5700073242188,735.77001953125,734.1300048828125,734.2999877929688,832829
2026-06-11 18:20:00+00:00,734.530029296875,735.5599975585938,733.7999877929688,735.5599975585938,1078889
2026-06-11 18:25:00+00:00,734.52001953125,734.9600219726562,734.280029296875,734.530029296875,429461
2026-06-11 18:30:00+00:00,734.5599975585938,735.4000244140625,734.3200073242188,734.5499877929688,524008
2026-06-11 18:35:00+00:00,734.2999877929688,734.969970703125,734.0800170898438,734.5399780273438,737939
2026-06-11 18:40:00+00:00,734.9199829101562,735.0999755859375,734.0499877929688,734.280029296875,442746
2026-06-11 18:45:00+00:00,735.8099975585938,735.9199829101562,734.7999877929688,734.9199829101562,578283
2026-06-11 18:50:00+00:00,735.72998046875,736.3099975585938,735.6799926757812,735.8099975585938,513282
2026-06-11 18:55:00+00:00,735.7550048828125,735.9500122070312,735.1699829101562,735.7249755859375,532056
2026-06-11 19:00:00+00:00,736.3400268554688,736.6599731445312,735.7100219726562,735.739990234375,566383
2026-06-11 19:05:00+00:00,736.1599731445312,736.47998046875,735.260009765625,736.3499755859375,714329
2026-06-11 19:10:00+00:00,736.9500122070312,737.25,736.0700073242188,736.1500244140625,1150024
2026-06-11 19:15:00+00:00,737.3699951171875,737.4299926757812,736.719970703125,736.9600219726562,956744
2026-06-11 19:20:00+00:00,737.3200073242188,737.6300048828125,737.0900268554688,737.3699951171875,740286
2026-06-11 19:25:00+00:00,737.9199829101562,738.239990234375,737.1699829101562,737.3300170898438,1153498
2026-06-11 19:30:00+00:00,739.639892578125,739.8300170898438,737.9000244140625,737.9299926757812,2502715
2026-06-11 19:35:00+00:00,738.9299926757812,740.0,738.7899780273438,739.6400146484375,1971845
2026-06-11 19:40:00+00:00,739.405029296875,739.875,738.6500244140625,738.9349975585938,1178794
2026-06-11 19:45:00+00:00,737.9849853515625,739.4000244140625,737.9299926757812,739.4000244140625,1923453
2026-06-11 19:50:00+00:00,738.3099975585938,738.5700073242188,737.3200073242188,737.989990234375,2316434
2026-06-11 19:55:00+00:00,737.6400146484375,738.52001953125,737.52001953125,738.2899780273438,6389650
2026-06-12 13:30:00+00:00,738.5,740.8900146484375,737.9600219726562,740.7100219726562,3051930
2026-06-12 13:35:00+00:00,739.239990234375,739.4299926757812,738.344970703125,738.530029296875,919113
2026-06-12 13:40:00+00:00,735.8900146484375,739.3300170898438,735.8099975585938,739.239990234375,1802792
2026-06-12 13:45:00+00:00,735.6400146484375,736.6599731445312,735.030029296875,735.9299926757812,751799
2026-06-12 13:50:00+00:00,736.1099853515625,736.625,735.219970703125,735.655029296875,522938
2026-06-12 13:55:00+00:00,736.6199951171875,737.4199829101562,735.9000244140625,736.1300048828125,484328
2026-06-12 14:00:00+00:00,738.780029296875,739.1099853515625,736.52001953125,736.780029296875,722781
2026-06-12 14:05:00+00:00,740.2100219726562,740.25,738.3200073242188,738.7899780273438,640317
2026-06-12 14:10:00+00:00,739.3099975585938,740.5399780273438,738.7899780273438,740.1900024414062,512997
2026-06-12 14:15:00+00:00,740.3200073242188,741.114990234375,739.2899780273438,739.3099975585938,1015948
2026-06-12 14:20:00+00:00,739.1599731445312,740.8198852539062,738.9130249023438,740.3499755859375,458634
2026-06-12 14:25:00+00:00,739.5900268554688,740.2000122070312,739.1400146484375,739.1599731445312,296699
2026-06-12 14:30:00+00:00,739.780029296875,740.7000122070312,739.260009765625,739.5900268554688,357247
2026-06-12 14:35:00+00:00,740.4099731445312,741.2000122070312,739.72998046875,739.760009765625,569876
2026-06-12 14:40:00+00:00,738.0001220703125,740.4500122070312,737.9301147460938,740.4299926757812,443850
2026-06-12 14:45:00+00:00,737.4500122070312,738.6929931640625,737.1699829101562,737.989990234375,579848
2026-06-12 14:50:00+00:00,741.6799926757812,741.75,737.4000244140625,737.4600219726562,1352483
2026-06-12 14:55:00+00:00,742.3599853515625,742.719970703125,740.8099975585938,741.6099853515625,749803
2026-06-12 15:00:00+00:00,742.1199951171875,742.97998046875,741.6400146484375,742.3900146484375,517560
2026-06-12 15:05:00+00:00,742.4450073242188,742.8800048828125,741.9299926757812,742.0900268554688,332558
2026-06-12 15:10:00+00:00,743.1500244140625,743.3900146484375,742.1799926757812,742.4500122070312,465180
2026-06-12 15:15:00+00:00,743.6300048828125,743.6799926757812,742.5800170898438,743.1500244140625,378297
2026-06-12 15:20:00+00:00,744.27001953125,744.4400024414062,743.2349853515625,743.6400146484375,580260
2026-06-12 15:25:00+00:00,744.1500244140625,744.4299926757812,743.75,744.260009765625,387545
2026-06-12 15:30:00+00:00,742.739990234375,744.1900024414062,742.739990234375,744.1599731445312,715559
2026-06-12 15:35:00+00:00,741.9299926757812,743.7899780273438,741.3049926757812,742.72998046875,753368
2026-06-12 15:40:00+00:00,740.9600219726562,742.0700073242188,740.77001953125,741.9500122070312,479242
2026-06-12 15:45:00+00:00,739.5399780273438,741.889892578125,739.4000244140625,740.989990234375,670861
2026-06-12 15:50:00+00:00,740.9199829101562,741.27001953125,739.1699829101562,739.530029296875,631938
2026-06-12 15:55:00+00:00,738.8900146484375,740.9910888671875,738.4400024414062,740.9099731445312,1662690
2026-06-12 16:00:00+00:00,738.9600219726562,739.489990234375,738.1699829101562,738.8900146484375,924720
2026-06-12 16:05:00+00:00,739.635009765625,739.8900146484375,738.4400024414062,738.9299926757812,518222
2026-06-12 16:10:00+00:00,741.0399780273438,742.239990234375,738.9600219726562,739.6300048828125,1038759
2026-06-12 16:15:00+00:00,740.6099853515625,742.1900024414062,740.3499755859375,741.030029296875,631966
2026-06-12 16:20:00+00:00,740.780029296875,741.1400146484375,739.97998046875,740.5999755859375,310696
2026-06-12 16:25:00+00:00,740.6099853515625,741.22998046875,740.1799926757812,740.75,237086
2026-06-12 16:30:00+00:00,741.0399780273438,741.1500244140625,740.280029296875,740.6199951171875,196676
2026-06-12 16:35:00+00:00,740.719970703125,741.1699829101562,740.260009765625,741.0499877929688,308810
2026-06-12 16:40:00+00:00,740.52001953125,741.47998046875,740.340087890625,740.739990234375,318388
2026-06-12 16:45:00+00:00,741.3800048828125,741.4199829101562,740.469970703125,740.5399780273438,147029
2026-06-12 16:50:00+00:00,741.0800170898438,741.5900268554688,740.9500122070312,741.3699951171875,198385
2026-06-12 16:55:00+00:00,741.5599975585938,741.6400146484375,740.2899780273438,741.0900268554688,368617
2026-06-12 17:00:00+00:00,742.0598754882812,742.1199951171875,741.4498901367188,741.5800170898438,357186
2026-06-12 17:05:00+00:00,742.2999877929688,743.0,741.8900146484375,742.0599975585938,459679
2026-06-12 17:10:00+00:00,742.1099853515625,742.3900146484375,741.2100219726562,742.2999877929688,308865
2026-06-12 17:15:00+00:00,742.510009765625,742.6099853515625,741.7700805664062,742.0800170898438,314957
2026-06-12 17:20:00+00:00,742.4000244140625,742.780029296875,742.1699829101562,742.5,270708
2026-06-12 17:25:00+00:00,742.0900268554688,742.5800170898438,741.6599731445312,742.4099731445312,489779
2026-06-12 17:30:00+00:00,741.4500122070312,742.239990234375,741.3499755859375,742.1199951171875,354238
2026-06-12 17:35:00+00:00,741.72998046875,741.989990234375,741.3200073242188,741.4459838867188,338488
2026-06-12 17:40:00+00:00,741.7000122070312,742.0700073242188,741.4500122070312,741.7100219726562,320916
2026-06-12 17:45:00+00:00,741.8558959960938,742.1300048828125,741.5900268554688,741.6900024414062,304349
2026-06-12 17:50:00+00:00,741.8499755859375,742.0700073242188,741.6699829101562,741.8400268554688,252714
2026-06-12 17:55:00+00:00,741.2999877929688,741.8499755859375,740.8699951171875,741.8499755859375,403659
2026-06-12 18:00:00+00:00,741.0900268554688,741.530029296875,740.9199829101562,741.3300170898438,397442
2026-06-12 18:05:00+00:00,740.9749755859375,741.260009765625,740.52001953125,741.1099853515625,422474
2026-06-12 18:10:00+00:00,741.030029296875,742.0499877929688,740.8800048828125,740.9500122070312,535059
2026-06-12 18:15:00+00:00,740.6799926757812,741.25,740.4400024414062,741.0399780273438,486782
2026-06-12 18:20:00+00:00,740.72998046875,740.9600219726562,740.4199829101562,740.6599731445312,311477
2026-06-12 18:25:00+00:00,741.260009765625,741.3800048828125,740.5,740.739990234375,378632
2026-06-12 18:30:00+00:00,741.6599731445312,741.8400268554688,741.2000122070312,741.25,411958
2026-06-12 18:35:00+00:00,741.7449951171875,741.75,741.4199829101562,741.6400146484375,349687
2026-06-12 18:40:00+00:00,742.219970703125,742.3350219726562,741.75,741.75,408407
2026-06-12 18:45:00+00:00,741.969970703125,742.2999877929688,741.760009765625,742.22998046875,356739
2026-06-12 18:50:00+00:00,742.0499877929688,742.1599731445312,741.47998046875,741.969970703125,507390
2026-06-12 18:55:00+00:00,741.030029296875,742.0599975585938,740.9600219726562,742.0499877929688,518536
2026-06-12 19:00:00+00:00,741.9600219726562,742.0499877929688,740.9500122070312,741.010009765625,636197
2026-06-12 19:05:00+00:00,741.7750244140625,742.2100219726562,741.5700073242188,741.9600219726562,424471
2026-06-12 19:10:00+00:00,741.3900146484375,741.8400268554688,741.25,741.7849731445312,517831
2026-06-12 19:15:00+00:00,741.6699829101562,741.6799926757812,740.97998046875,741.3900146484375,481156
2026-06-12 19:20:00+00:00,741.6300048828125,741.72998046875,741.3900146484375,741.6500244140625,373913
2026-06-12 19:25:00+00:00,741.4199829101562,741.969970703125,741.3400268554688,741.6099853515625,470396
2026-06-12 19:30:00+00:00,740.530029296875,741.5999755859375,740.5,741.4099731445312,787982
2026-06-12 19:35:00+00:00,740.6199951171875,741.77001953125,740.0700073242188,740.530029296875,863242
2026-06-12 19:40:00+00:00,740.8200073242188,741.1900024414062,740.4000244140625,740.6300048828125,618103
2026-06-12 19:45:00+00:00,740.9099731445312,741.1199951171875,740.47998046875,740.8099975585938,721214
2026-06-12 19:50:00+00:00,741.25,741.280029296875,740.7800903320312,740.9199829101562,1148478
2026-06-12 19:55:00+00:00,741.6599731445312,742.0,741.2100219726562,741.22998046875,2262627
2026-06-15 13:30:00+00:00,752.7000122070312,753.0599975585938,751.760009765625,751.8499755859375,3047153
2026-06-15 13:35:00+00:00,753.0712890625,753.4600219726562,752.6799926757812,752.7000122070312,969419
2026-06-15 13:40:00+00:00,752.8400268554688,753.2999877929688,752.5700073242188,753.0800170898438,735892
2026-06-15 13:45:00+00:00,753.7999877929688,753.905029296875,752.8300170898438,752.8400268554688,797518
2026-06-15 13:50:00+00:00,753.7050170898438,754.0900268554688,753.5900268554688,753.7999877929688,583876
2026-06-15 13:55:00+00:00,753.3200073242188,754.0700073242188,753.219970703125,753.7100219726562,596477
2026-06-15 14:00:00+00:00,753.6900024414062,753.9600219726562,753.072021484375,753.3200073242188,634972
2026-06-15 14:05:00+00:00,753.22998046875,753.9600219726562,752.9199829101562,753.6699829101562,429961
2026-06-15 14:10:00+00:00,753.0299072265625,753.2899780273438,752.6900024414062,753.2230224609375,468452
2026-06-15 14:15:00+00:00,753.2999877929688,753.3599853515625,752.5900268554688,753.010009765625,453053
2026-06-15 14:20:00+00:00,753.0195922851562,753.469970703125,752.6500244140625,753.25,389503
2026-06-15 14:25:00+00:00,753.6500244140625,753.719970703125,752.969970703125,752.989990234375,397031
2026-06-15 14:30:00+00:00,753.2000122070312,753.739990234375,752.9500122070312,753.6500244140625,409676
2026-06-15 14:35:00+00:00,753.3900146484375,753.5499877929688,753.0399780273438,753.219970703125,255480
2026-06-15 14:40:00+00:00,753.3200073242188,753.4500122070312,753.0900268554688,753.3900146484375,253415
2026-06-15 14:45:00+00:00,753.5150146484375,753.8499755859375,753.2999877929688,753.3200073242188,556479
2026-06-15 14:50:00+00:00,753.9299926757812,754.030029296875,753.52001953125,753.530029296875,341370
2026-06-15 14:55:00+00:00,754.1921997070312,754.3900146484375,753.780029296875,753.9199829101562,603788
2026-06-15 15:00:00+00:00,754.6300048828125,754.77001953125,754.2000122070312,754.2000122070312,397735
2026-06-15 15:05:00+00:00,754.6900024414062,754.760009765625,754.3599853515625,754.6199951171875,467873
2026-06-15 15:10:00+00:00,754.6699829101562,754.77001953125,754.3699951171875,754.6849975585938,454513
2026-06-15 15:15:00+00:00,754.5800170898438,754.7999877929688,754.469970703125,754.6699829101562,405872
2026-06-15 15:20:00+00:00,754.8200073242188,755.02001953125,754.5700073242188,754.5999755859375,314218
2026-06-15 15:25:00+00:00,755.1400146484375,755.22998046875,754.7949829101562,754.8300170898438,300527
2026-06-15 15:30:00+00:00,754.8580932617188,755.4299926757812,754.5,755.1199951171875,825015
2026-06-15 15:35:00+00:00,755.25,755.3699951171875,754.8380126953125,754.8699951171875,352477
2026-06-15 15:40:00+00:00,755.4299926757812,755.5399780273438,755.1199951171875,755.25,367053
2026-06-15 15:45:00+00:00,755.9901123046875,756.0499877929688,755.4249877929688,755.4400024414062,442994
2026-06-15 15:50:00+00:00,756.0150146484375,756.1500244140625,755.864990234375,755.989990234375,381900
2026-06-15 15:55:00+00:00,756.1400146484375,756.280029296875,755.8800048828125,756.0111083984375,256198
2026-06-15 16:00:00+00:00,756.4100952148438,756.6799926757812,756.0,756.155029296875,485494
2026-06-15 16:05:00+00:00,756.2899780273438,756.4849853515625,756.219970703125,756.4199829101562,258649
2026-06-15 16:10:00+00:00,756.155029296875,756.47998046875,756.030029296875,756.2999877929688,351672
2026-06-15 16:15:00+00:00,756.1300048828125,756.3049926757812,755.9199829101562,756.1599731445312,350118
2026-06-15 16:20:00+00:00,756.4400024414062,756.4749755859375,756.1099853515625,756.1300048828125,433023
2026-06-15 16:25:00+00:00,756.5,756.5599975585938,756.2435913085938,756.4299926757812,362454
2026-06-15 16:30:00+00:00,756.2000122070312,756.6199951171875,756.1705932617188,756.47998046875,201400
2026-06-15 16:35:00+00:00,755.9299926757812,756.3499755859375,755.8250122070312,756.1799926757812,390875
2026-06-15 16:40:00+00:00,755.9099731445312,756.25,755.760009765625,755.9199829101562,228203
2026-06-15 16:45:00+00:00,755.6900024414062,755.9398803710938,755.5250244140625,755.919921875,259019
2026-06-15 16:50:00+00:00,755.7050170898438,755.9600219726562,755.6599731445312,755.6900024414062,283718
2026-06-15 16:55:00+00:00,755.8499755859375,755.969970703125,755.5900268554688,755.719970703125,490482
2026-06-15 17:00:00+00:00,755.8200073242188,756.0399780273438,755.2999877929688,755.8400268554688,409040
2026-06-15 17:05:00+00:00,755.4074096679688,755.969970703125,755.0900268554688,755.7999877929688,415838
2026-06-15 17:10:00+00:00,755.7899780273438,755.9000244140625,755.3350219726562,755.3800048828125,386719
2026-06-15 17:15:00+00:00,755.9849853515625,756.2000122070312,755.7000122070312,755.780029296875,284482
2026-06-15 17:20:00+00:00,756.1799926757812,756.280029296875,755.8800048828125,755.989990234375,371317
2026-06-15 17:25:00+00:00,756.1300048828125,756.3499755859375,756.0250244140625,756.1599731445312,272655
2026-06-15 17:30:00+00:00,755.9099731445312,756.2999877929688,755.7000122070312,756.1199951171875,376939
2026-06-15 17:35:00+00:00,756.02001953125,756.1699829101562,755.8966064453125,755.9099731445312,232022
2026-06-15 17:40:00+00:00,755.77001953125,756.0399780273438,755.7000122070312,756.02001953125,179541
2026-06-15 17:45:00+00:00,755.760009765625,755.8499755859375,755.5800170898438,755.7520141601562,211630
2026-06-15 17:50:00+00:00,755.4199829101562,755.8400268554688,755.4199829101562,755.760009765625,217653
2026-06-15 17:55:00+00:00,755.2050170898438,755.4500122070312,755.0700073242188,755.4099731445312,331470
2026-06-15 18:00:00+00:00,754.7999877929688,755.3400268554688,754.6749877929688,755.2100219726562,517824
2026-06-15 18:05:00+00:00,755.02001953125,755.1799926757812,754.6699829101562,754.7999877929688,339825
2026-06-15 18:10:00+00:00,755.1900024414062,755.25,754.9600219726562,755.02001953125,395592
2026-06-15 18:15:00+00:00,755.1199951171875,755.3900146484375,755.0700073242188,755.1900024414062,234557
2026-06-15 18:20:00+00:00,754.969970703125,755.1599731445312,754.9000244140625,755.0999755859375,291259
2026-06-15 18:25:00+00:00,754.719970703125,755.0900268554688,754.6500244140625,754.9550170898438,250576
2026-06-15 18:30:00+00:00,754.8200073242188,754.989990234375,754.4199829101562,754.719970703125,412452
2026-06-15 18:35:00+00:00,755.2000122070312,755.280029296875,754.75,754.8300170898438,685651
2026-06-15 18:40:00+00:00,755.25,755.3300170898438,755.02001953125,755.2100219726562,313581
2026-06-15 18:45:00+00:00,755.219970703125,755.469970703125,755.1300048828125,755.25,476940
2026-06-15 18:50:00+00:00,755.1500244140625,755.297119140625,755.030029296875,755.2100219726562,312344
2026-06-15 18:55:00+00:00,755.0,755.2650146484375,754.8800048828125,755.1500244140625,370939
2026-06-15 19:00:00+00:00,754.8049926757812,755.0399780273438,754.72998046875,755.010009765625,587349
2026-06-15 19:05:00+00:00,754.8400268554688,754.9600219726562,754.7000122070312,754.8099975585938,620319
2026-06-15 19:10:00+00:00,755.010009765625,755.1099853515625,754.7000122070312,754.8400268554688,658400
2026-06-15 19:15:00+00:00,754.9600219726562,755.25,754.8900146484375,755.02001953125,374236
2026-06-15 19:20:00+00:00,754.6699829101562,755.030029296875,754.6099853515625,754.969970703125,882066
2026-06-15 19:25:00+00:00,754.3699951171875,754.77001953125,754.3599853515625,754.6849975585938,999547
2026-06-15 19:30:00+00:00,754.3001098632812,754.6799926757812,754.2000122070312,754.3699951171875,933044
2026-06-15 19:35:00+00:00,754.3699951171875,754.4299926757812,754.1300048828125,754.3099975585938,831374
2026-06-15 19:40:00+00:00,754.4099731445312,754.530029296875,754.22998046875,754.3599853515625,856988
2026-06-15 19:45:00+00:00,754.7000122070312,754.9400024414062,754.3400268554688,754.4000244140625,1738811
2026-06-15 19:50:00+00:00,753.905029296875,754.7100219726562,753.7899780273438,754.6900024414062,3122830
2026-06-15 19:55:00+00:00,754.6599731445312,754.77001953125,753.4000244140625,753.9099731445312,4215602
2026-06-16 13:30:00+00:00,755.2000122070312,755.3900146484375,754.219970703125,754.5499877929688,1781674
2026-06-16 13:35:00+00:00,754.77001953125,755.4000244140625,754.77001953125,755.2000122070312,514847
2026-06-16 13:40:00+00:00,754.8350219726562,755.2899780273438,754.6500244140625,754.77001953125,513624
2026-06-16 13:45:00+00:00,755.1500244140625,755.4400024414062,754.6959838867188,754.8400268554688,451003
2026-06-16 13:50:00+00:00,754.9500122070312,755.3200073242188,754.8099975585938,755.1649780273438,336805
2026-06-16 13:55:00+00:00,754.0900268554688,755.0499877929688,754.0,754.9500122070312,493532
2026-06-16 14:00:00+00:00,754.6599731445312,754.739990234375,754.0609741210938,754.1099853515625,444673
2026-06-16 14:05:00+00:00,755.0700073242188,755.2899780273438,754.1900024414062,754.6799926757812,615434
2026-06-16 14:10:00+00:00,754.8369750976562,755.1950073242188,754.5999755859375,755.0999755859375,300506
2026-06-16 14:15:00+00:00,753.97998046875,755.0399780273438,753.8599853515625,754.8400268554688,396235
2026-06-16 14:20:00+00:00,753.5499877929688,754.3400268554688,753.1400146484375,753.989990234375,663327
2026-06-16 14:25:00+00:00,753.0599975585938,753.9349975585938,753.0599975585938,753.5599975585938,468342
2026-06-16 14:30:00+00:00,752.5399780273438,753.0700073242188,752.27001953125,753.0650024414062,723157
2026-06-16 14:35:00+00:00,753.5999755859375,753.6099853515625,752.47998046875,752.530029296875,463424
2026-06-16 14:40:00+00:00,753.2750244140625,753.9600219726562,753.27001953125,753.5999755859375,408449
2026-06-16 14:45:00+00:00,753.1099853515625,753.4299926757812,752.989990234375,753.27001953125,645242
2026-06-16 14:50:00+00:00,753.2000122070312,753.7000122070312,753.0875244140625,753.1099853515625,582053
2026-06-16 14:55:00+00:00,752.9299926757812,753.3599853515625,752.469970703125,753.2100219726562,461627
2026-06-16 15:00:00+00:00,753.3099975585938,753.4099731445312,752.8200073242188,752.9400024414062,209157
2026-06-16 15:05:00+00:00,753.4199829101562,753.5900268554688,752.989990234375,753.3300170898438,468836
2026-06-16 15:10:00+00:00,753.4299926757812,753.7379760742188,753.0999755859375,753.4000244140625,240761
2026-06-16 15:15:00+00:00,753.030029296875,753.6699829101562,753.0,753.4199829101562,334305
2026-06-16 15:20:00+00:00,752.9099731445312,753.260009765625,752.5999755859375,753.02001953125,435844
2026-06-16 15:25:00+00:00,752.64990234375,753.0999755859375,752.2990112304688,752.9000244140625,594172
2026-06-16 15:30:00+00:00,753.1699829101562,753.27001953125,752.6300048828125,752.6599731445312,309186
2026-06-16 15:35:00+00:00,752.8200073242188,753.4199829101562,752.6300048828125,753.1900024414062,755765
2026-06-16 15:40:00+00:00,752.510009765625,752.969970703125,752.39501953125,752.8499755859375,443165
2026-06-16 15:45:00+00:00,752.2299194335938,752.6400146484375,751.7100219726562,752.47998046875,1759185
2026-06-16 15:50:00+00:00,753.1900024414062,753.239990234375,752.030029296875,752.219970703125,713123
2026-06-16 15:55:00+00:00,752.75,753.4299926757812,752.7100219726562,753.1799926757812,502835
2026-06-16 16:00:00+00:00,753.3201293945312,753.6199951171875,752.719970703125,752.75,733024
2026-06-16 16:05:00+00:00,753.5,753.6699829101562,753.2501220703125,753.3300170898438,266528
2026-06-16 16:10:00+00:00,753.6500244140625,753.969970703125,753.3599853515625,753.5,304163
2026-06-16 16:15:00+00:00,753.5999755859375,753.8300170898438,753.2999877929688,753.6500244140625,277353
2026-06-16 16:20:00+00:00,753.52001953125,753.9000244140625,753.3800048828125,753.6199951171875,234199
2026-06-16 16:25:00+00:00,753.3599853515625,753.6099853515625,753.1400146484375,753.510009765625,197718
2026-06-16 16:30:00+00:00,752.489990234375,753.4199829101562,752.4650268554688,753.3499755859375,276699
2026-06-16 16:35:00+00:00,752.72998046875,752.8400268554688,752.4000244140625,752.4600219726562,311691
2026-06-16 16:40:00+00:00,753.0399780273438,753.2100219726562,752.5499877929688,752.739990234375,306504
2026-06-16 16:45:00+00:00,752.739501953125,753.2000122070312,752.7100219726562,753.030029296875,236165
2026-06-16 16:50:00+00:00,752.5900268554688,753.0700073242188,752.4299926757812,752.7799072265625,292300
2026-06-16 16:55:00+00:00,752.72998046875,752.77001953125,752.3319702148438,752.5800170898438,450202
2026-06-16 17:00:00+00:00,752.4500122070312,752.739990234375,752.27001953125,752.719970703125,612176
2026-06-16 17:05:00+00:00,752.4450073242188,752.47998046875,752.2000122070312,752.469970703125,1149396
2026-06-16 17:10:00+00:00,752.6099853515625,752.7999877929688,752.3800048828125,752.4450073242188,182582
2026-06-16 17:15:00+00:00,752.1199951171875,752.7100219726562,752.0819091796875,752.5900268554688,184401
2026-06-16 17:20:00+00:00,752.344970703125,752.3699951171875,751.8900146484375,752.1199951171875,227670
2026-06-16 17:25:00+00:00,752.1900024414062,752.4249877929688,752.0700073242188,752.3499755859375,162718
2026-06-16 17:30:00+00:00,752.0700073242188,752.27001953125,751.9099731445312,752.1799926757812,215446
2026-06-16 17:35:00+00:00,751.6699829101562,752.1699829101562,751.4500122070312,752.0501098632812,336931
2026-06-16 17:40:00+00:00,751.9400024414062,752.135009765625,751.510009765625,751.6900024414062,467541
2026-06-16 17:45:00+00:00,752.1099853515625,752.1199951171875,751.6799926757812,751.9099731445312,147189
2026-06-16 17:50:00+00:00,752.5098876953125,752.5399780273438,751.97998046875,752.1099853515625,462833
2026-06-16 17:55:00+00:00,752.1199951171875,752.6799926757812,752.0750122070312,752.5050048828125,544248
2026-06-16 18:00:00+00:00,752.1500244140625,752.2899780273438,751.9600219726562,752.10498046875,385083
2026-06-16 18:05:00+00:00,751.9600219726562,752.219970703125,751.9099731445312,752.1400146484375,318366
2026-06-16 18:10:00+00:00,752.02001953125,752.2000122070312,751.9400024414062,751.9600219726562,198653
2026-06-16 18:15:00+00:00,751.9500122070312,752.1400146484375,751.719970703125,752.02001953125,361724
2026-06-16 18:20:00+00:00,752.0399780273438,752.1900024414062,751.8499755859375,751.9500122070312,201660
2026-06-16 18:25:00+00:00,752.135009765625,752.3499755859375,752.010009765625,752.030029296875,439453
2026-06-16 18:30:00+00:00,751.8499755859375,752.22998046875,751.760009765625,752.1400146484375,252226
2026-06-16 18:35:00+00:00,752.0599975585938,752.219970703125,751.72998046875,751.8599853515625,560260
2026-06-16 18:40:00+00:00,752.114990234375,752.1799926757812,751.9349975585938,752.0599975585938,260995
2026-06-16 18:45:00+00:00,751.8099975585938,752.25,751.7999877929688,752.1124877929688,255257
2026-06-16 18:50:00+00:00,751.8400268554688,751.9650268554688,751.72998046875,751.8099975585938,217220
2026-06-16 18:55:00+00:00,751.780029296875,752.0,751.6300048828125,751.830078125,501152
2026-06-16 19:00:00+00:00,751.7301025390625,751.8599853515625,751.3599853515625,751.7650146484375,504737
2026-06-16 19:05:00+00:00,751.3505249023438,751.739990234375,751.3400268554688,751.7349853515625,412976
2026-06-16 19:10:00+00:00,750.9849853515625,751.489990234375,750.8599853515625,751.3499755859375,968059
2026-06-16 19:15:00+00:00,751.010009765625,751.0399780273438,750.0800170898438,750.97998046875,1087835
2026-06-16 19:20:00+00:00,751.4199829101562,751.489990234375,750.8900146484375,751.02001953125,841104
2026-06-16 19:25:00+00:00,751.219970703125,751.6199951171875,751.010009765625,751.4199829101562,724222
2026-06-16 19:30:00+00:00,750.6699829101562,751.3200073242188,750.6599731445312,751.219970703125,752290
2026-06-16 19:35:00+00:00,750.4500122070312,751.0800170898438,750.4000244140625,750.7000122070312,977065
2026-06-16 19:40:00+00:00,750.989990234375,751.02001953125,750.3400268554688,750.4450073242188,690099
2026-06-16 19:45:00+00:00,750.7999877929688,751.0399780273438,750.5499877929688,750.97998046875,947684
2026-06-16 19:50:00+00:00,751.0900268554688,751.260009765625,750.5,750.8200073242188,2881698
2026-06-16 19:55:00+00:00,750.3499755859375,751.1900024414062,749.8800048828125,751.0800170898438,5611245
2026-06-17 13:30:00+00:00,750.7050170898438,751.3200073242188,750.219970703125,750.9299926757812,1356543
2026-06-17 13:35:00+00:00,750.4000244140625,751.0499877929688,750.280029296875,750.7000122070312,935212
2026-06-17 13:40:00+00:00,751.530029296875,751.5399780273438,750.1400146484375,750.3900146484375,595598
2026-06-17 13:45:00+00:00,751.1411743164062,751.77001953125,751.1411743164062,751.5399780273438,1109485
2026-06-17 13:50:00+00:00,751.35498046875,751.5399780273438,750.9000244140625,751.155029296875,784543
2026-06-17 13:55:00+00:00,749.87939453125,751.3900146484375,749.8599853515625,751.3499755859375,602426
2026-06-17 14:00:00+00:00,750.4500122070312,750.6699829101562,749.6099853515625,749.8699951171875,658214
2026-06-17 14:05:00+00:00,750.6699829101562,751.0599975585938,749.969970703125,750.4500122070312,625462
2026-06-17 14:10:00+00:00,751.2299194335938,751.260009765625,750.3099975585938,750.6900024414062,708887
2026-06-17 14:15:00+00:00,751.3198852539062,751.5700073242188,751.0900268554688,751.219970703125,431212
2026-06-17 14:20:00+00:00,752.1199951171875,752.1500244140625,751.1500244140625,751.3200073242188,457196
2026-06-17 14:25:00+00:00,751.6900024414062,752.1099853515625,751.4799194335938,752.1099853515625,257505
2026-06-17 14:30:00+00:00,750.75,751.72998046875,750.3800048828125,751.6887817382812,592548
2026-06-17 14:35:00+00:00,750.0399780273438,750.8250122070312,750.0,750.75,603371
2026-06-17 14:40:00+00:00,750.198974609375,750.3499755859375,749.1901245117188,750.0399780273438,505972
2026-06-17 14:45:00+00:00,749.4099731445312,750.6300048828125,747.8699951171875,750.1900024414062,1258759
2026-06-17 14:50:00+00:00,750.0700073242188,750.22998046875,749.0800170898438,749.4000244140625,561979
2026-06-17 14:55:00+00:00,749.0599975585938,750.0499877929688,748.969970703125,750.0399780273438,421539
2026-06-17 15:00:00+00:00,749.2349853515625,749.530029296875,748.9400024414062,749.0599975585938,469157
2026-06-17 15:05:00+00:00,748.739990234375,749.489990234375,748.5911254882812,749.25,734637
2026-06-17 15:10:00+00:00,749.625,749.760009765625,748.739990234375,748.75,241916
2026-06-17 15:15:00+00:00,749.7999877929688,750.239990234375,749.3699951171875,749.6199951171875,640389
2026-06-17 15:20:00+00:00,749.8599853515625,750.0999755859375,749.6300048828125,749.7999877929688,737446
2026-06-17 15:25:00+00:00,750.0,750.030029296875,749.5700073242188,749.8599853515625,339038
2026-06-17 15:30:00+00:00,750.5430908203125,750.72998046875,749.760009765625,750.010009765625,512584
2026-06-17 15:35:00+00:00,750.7150268554688,750.7899780273438,750.2999877929688,750.5399780273438,244255
2026-06-17 15:40:00+00:00,750.3499755859375,750.780029296875,750.1699829101562,750.7100219726562,349417
2026-06-17 15:45:00+00:00,750.669189453125,750.719970703125,750.2899780273438,750.3599853515625,191228
2026-06-17 15:50:00+00:00,750.4249877929688,750.8599243164062,750.3099975585938,750.6900024414062,187919
2026-06-17 15:55:00+00:00,750.6099853515625,750.7899780273438,750.3200073242188,750.4099731445312,311640
2026-06-17 16:00:00+00:00,750.7249755859375,750.9329833984375,750.6199951171875,750.6199951171875,253272
2026-06-17 16:05:00+00:00,750.6300048828125,750.7999877929688,750.510009765625,750.7109985351562,159227
2026-06-17 16:10:00+00:00,750.6199951171875,750.6500244140625,750.2999877929688,750.6199951171875,244187
2026-06-17 16:15:00+00:00,750.9299926757812,750.9400024414062,750.4299926757812,750.6199951171875,174471
2026-06-17 16:20:00+00:00,750.9600219726562,751.030029296875,750.719970703125,750.9099731445312,231986
2026-06-17 16:25:00+00:00,750.760009765625,751.030029296875,750.739990234375,750.9550170898438,175601
2026-06-17 16:30:00+00:00,750.3499755859375,750.8610229492188,750.3200073242188,750.760009765625,226908
2026-06-17 16:35:00+00:00,750.5250244140625,750.5900268554688,750.1799926757812,750.3599853515625,395440
2026-06-17 16:40:00+00:00,750.22998046875,750.530029296875,749.969970703125,750.52001953125,160151
2026-06-17 16:45:00+00:00,750.0499877929688,750.22998046875,749.9099731445312,750.2249755859375,238142
2026-06-17 16:50:00+00:00,749.989990234375,750.260009765625,749.9299926757812,750.02001953125,209453
2026-06-17 16:55:00+00:00,750.0050048828125,750.25,749.9099731445312,749.989990234375,172343
2026-06-17 17:00:00+00:00,749.489990234375,749.9924926757812,749.3400268554688,749.989990234375,459873
2026-06-17 17:05:00+00:00,749.4349975585938,749.6799926757812,748.4199829101562,749.489990234375,504845
2026-06-17 17:10:00+00:00,749.3400268554688,749.6740112304688,749.280029296875,749.4400024414062,382274
2026-06-17 17:15:00+00:00,749.4299926757812,749.4400024414062,749.030029296875,749.3300170898438,378549
2026-06-17 17:20:00+00:00,749.4000244140625,749.7000122070312,749.1300048828125,749.4299926757812,214596
2026-06-17 17:25:00+00:00,749.6599731445312,749.7999877929688,749.27001953125,749.4199829101562,467452
2026-06-17 17:30:00+00:00,749.2100219726562,749.6649780273438,749.0900268554688,749.6599731445312,216212
2026-06-17 17:35:00+00:00,749.6199951171875,749.7750244140625,749.1500244140625,749.2150268554688,246017
2026-06-17 17:40:00+00:00,749.3150024414062,749.64501953125,749.25,749.6400146484375,234036
2026-06-17 17:45:00+00:00,749.6500244140625,749.7050170898438,749.2399291992188,749.3200073242188,399678
2026-06-17 17:50:00+00:00,750.4000244140625,750.6099853515625,749.5800170898438,749.6599731445312,337844
2026-06-17 17:55:00+00:00,750.864990234375,750.9099731445312,750.1599731445312,750.4000244140625,412780
2026-06-17 18:00:00+00:00,745.1500244140625,750.869873046875,745.010009765625,750.8200073242188,2820578
2026-06-17 18:05:00+00:00,746.6900024414062,746.9299926757812,743.4661865234375,745.2100219726562,2257426
2026-06-17 18:10:00+00:00,746.6099853515625,747.2098999023438,746.0,746.6998901367188,869538
2026-06-17 18:15:00+00:00,747.64501953125,748.0,746.5999755859375,746.6199951171875,924549
2026-06-17 18:20:00+00:00,746.1900024414062,747.77001953125,745.969970703125,747.6400146484375,595064
2026-06-17 18:25:00+00:00,746.2249755859375,746.52001953125,745.3499755859375,746.1699829101562,798048
2026-06-17 18:30:00+00:00,745.719970703125,748.260009765625,745.5900268554688,746.2100219726562,1509137
2026-06-17 18:35:00+00:00,748.0349731445312,748.8400268554688,745.7100219726562,745.72998046875,1348018
2026-06-17 18:40:00+00:00,749.9301147460938,750.3400268554688,747.6900024414062,748.02001953125,1327419
2026-06-17 18:45:00+00:00,748.7999877929688,749.9600219726562,748.5700073242188,749.9199829101562,2419010
2026-06-17 18:50:00+00:00,748.3099975585938,749.3200073242188,748.1599731445312,748.8200073242188,740179
2026-06-17 18:55:00+00:00,746.0,748.3499755859375,745.1099853515625,748.3499755859375,1484664
2026-06-17 19:00:00+00:00,746.0499877929688,747.1300048828125,745.6400146484375,745.97998046875,1558183
2026-06-17 19:05:00+00:00,745.72998046875,746.7899780273438,745.5499877929688,746.0999755859375,918910
2026-06-17 19:10:00+00:00,746.6099853515625,747.030029296875,744.3800048828125,745.77001953125,1478047
2026-06-17 19:15:00+00:00,744.1199951171875,747.3900146484375,744.0499877929688,746.6199951171875,1337519
2026-06-17 19:20:00+00:00,741.8300170898438,744.1599731445312,741.7899780273438,744.094970703125,2076942
2026-06-17 19:25:00+00:00,742.0599975585938,743.4000244140625,741.780029296875,741.8400268554688,1639750
2026-06-17 19:30:00+00:00,740.9000244140625,742.3599853515625,740.7899780273438,742.0599975585938,2102720
2026-06-17 19:35:00+00:00,739.530029296875,741.969970703125,739.22998046875,740.9000244140625,2182997
2026-06-17 19:40:00+00:00,739.9500122070312,740.489990234375,739.3099975585938,739.52001953125,2948828
2026-06-17 19:45:00+00:00,740.8200073242188,741.7100219726562,739.8350219726562,739.9550170898438,2233293
2026-06-17 19:50:00+00:00,740.0,741.3200073242188,739.469970703125,740.8200073242188,4415221
2026-06-17 19:55:00+00:00,740.9299926757812,741.6300048828125,739.8499755859375,739.9400024414062,5205103
2026-06-18 13:30:00+00:00,745.8900146484375,748.2000122070312,745.8701171875,747.760009765625,3123958
2026-06-18 13:35:00+00:00,744.5800170898438,746.0399780273438,744.3499755859375,745.9099731445312,1078683
2026-06-18 13:40:00+00:00,744.030029296875,745.1099853515625,743.9299926757812,744.5900268554688,757621
2026-06-18 13:45:00+00:00,745.2000122070312,745.2609252929688,743.8599853515625,744.1199951171875,3667342
2026-06-18 13:50:00+00:00,744.6500244140625,745.77001953125,744.5999755859375,745.2000122070312,795250
2026-06-18 13:55:00+00:00,744.75,745.0800170898438,743.9600219726562,744.6500244140625,723306
2026-06-18 14:00:00+00:00,744.9299926757812,745.3599853515625,744.4299926757812,744.8099975585938,759074
2026-06-18 14:05:00+00:00,745.8099975585938,746.1300048828125,744.6799926757812,744.9199829101562,1208420
2026-06-18 14:10:00+00:00,744.8599853515625,745.8599853515625,744.5399780273438,745.7899780273438,574765
2026-06-18 14:15:00+00:00,746.1599731445312,746.4400024414062,744.25,744.8300170898438,725478
2026-06-18 14:20:00+00:00,746.4400024414062,746.9000244140625,745.5599975585938,746.1400146484375,922085
2026-06-18 14:25:00+00:00,745.3699951171875,746.6290893554688,745.1300048828125,746.4400024414062,427398
2026-06-18 14:30:00+00:00,745.8200073242188,745.8400268554688,744.4299926757812,745.3300170898438,568392
2026-06-18 14:35:00+00:00,746.5,746.6300048828125,745.4299926757812,745.8200073242188,610588
2026-06-18 14:40:00+00:00,746.1400146484375,746.719970703125,745.8499755859375,746.530029296875,331835
2026-06-18 14:45:00+00:00,747.0900268554688,747.3099975585938,746.1199951171875,746.1300048828125,333858
2026-06-18 14:50:00+00:00,746.6500244140625,747.0999755859375,746.27001953125,747.0900268554688,378578
2026-06-18 14:55:00+00:00,746.8400268554688,747.25,746.5599975585938,746.6699829101562,325322
2026-06-18 15:00:00+00:00,746.47998046875,746.9500122070312,745.9600219726562,746.8599853515625,647235
2026-06-18 15:05:00+00:00,746.3900146484375,746.6699829101562,746.1799926757812,746.47998046875,376501
2026-06-18 15:10:00+00:00,746.1300048828125,747.0700073242188,746.1199951171875,746.3800048828125,356685
2026-06-18 15:15:00+00:00,745.6898193359375,746.3599853515625,745.5700073242188,746.1300048828125,351984
2026-06-18 15:20:00+00:00,745.5499877929688,746.0999755859375,745.3499755859375,745.6900024414062,281558
2026-06-18 15:25:00+00:00,745.3800048828125,746.1300048828125,745.1500244140625,745.5800170898438,332300
2026-06-18 15:30:00+00:00,745.5499877929688,745.8200073242188,745.030029296875,745.3800048828125,448630
2026-06-18 15:35:00+00:00,744.9099731445312,745.5900268554688,744.3309936523438,745.5499877929688,381833
2026-06-18 15:40:00+00:00,744.8400268554688,745.3798828125,744.5700073242188,744.9000244140625,7243082
2026-06-18 15:45:00+00:00,745.219970703125,745.3599853515625,744.3599853515625,744.8400268554688,406950
2026-06-18 15:50:00+00:00,746.030029296875,746.4000244140625,745.1900024414062,745.2000122070312,2853795
2026-06-18 15:55:00+00:00,746.2501220703125,746.530029296875,746.0399780273438,746.0399780273438,423778
2026-06-18 16:00:00+00:00,745.948974609375,746.5700073242188,745.85009765625,746.260009765625,5184464
2026-06-18 16:05:00+00:00,746.0900268554688,746.4500122070312,745.75,745.9450073242188,2772489
2026-06-18 16:10:00+00:00,746.1900024414062,746.3499755859375,745.8900146484375,746.0800170898438,417426
2026-06-18 16:15:00+00:00,746.1699829101562,746.4199829101562,745.9299926757812,746.1900024414062,255564
2026-06-18 16:20:00+00:00,746.4199829101562,746.8800048828125,746.1599731445312,746.1900024414062,301116
2026-06-18 16:25:00+00:00,746.6500244140625,746.72998046875,746.3200073242188,746.4100952148438,206919
2026-06-18 16:30:00+00:00,746.5499877929688,746.6699829101562,746.3099975585938,746.6500244140625,511537
2026-06-18 16:35:00+00:00,747.1500244140625,747.25,746.3400268554688,746.5499877929688,309188
2026-06-18 16:40:00+00:00,746.9567260742188,747.25,746.9199829101562,747.1900024414062,211444
2026-06-18 16:45:00+00:00,746.8900146484375,747.0700073242188,746.7901000976562,746.989990234375,915617
2026-06-18 16:50:00+00:00,746.4400024414062,746.9299926757812,746.2999877929688,746.9099731445312,201995
2026-06-18 16:55:00+00:00,746.6400146484375,746.6799926757812,746.2100219726562,746.4500122070312,254121
2026-06-18 17:00:00+00:00,747.219970703125,747.239990234375,746.4199829101562,746.6599731445312,744771
2026-06-18 17:05:00+00:00,747.469970703125,747.6699829101562,747.1599731445312,747.2100219726562,518066
2026-06-18 17:10:00+00:00,747.5850219726562,747.7899780273438,747.3699951171875,747.4500122070312,291120
2026-06-18 17:15:00+00:00,747.9849853515625,748.1300048828125,747.5,747.5700073242188,332062
2026-06-18 17:20:00+00:00,747.5150146484375,748.1099853515625,747.510009765625,747.989990234375,512475
2026-06-18 17:25:00+00:00,747.5499877929688,747.6500244140625,747.385009765625,747.530029296875,612021
2026-06-18 17:30:00+00:00,747.7750244140625,747.9600219726562,747.5560302734375,747.5700073242188,309413
2026-06-18 17:35:00+00:00,747.3300170898438,747.7777709960938,747.2730102539062,747.77001953125,192387
2026-06-18 17:40:00+00:00,747.3400268554688,747.4949951171875,747.25,747.3350219726562,251772
2026-06-18 17:45:00+00:00,747.260009765625,747.469970703125,747.125,747.3400268554688,510314
2026-06-18 17:50:00+00:00,747.2449951171875,747.5499877929688,747.1599731445312,747.2899780273438,456907
2026-06-18 17:55:00+00:00,747.010009765625,747.25,746.97998046875,747.239990234375,377138
2026-06-18 18:00:00+00:00,746.6400756835938,747.0800170898438,746.510009765625,747.02001953125,573034
2026-06-18 18:05:00+00:00,746.6300048828125,746.8599853515625,746.5399780273438,746.64501953125,192351
2026-06-18 18:10:00+00:00,746.6599731445312,747.0,746.5900268554688,746.6300048828125,224335
2026-06-18 18:15:00+00:00,746.614990234375,746.8201293945312,746.4199829101562,746.6699829101562,346808
2026-06-18 18:20:00+00:00,746.6998291015625,746.9099731445312,746.5050048828125,746.614990234375,446319
2026-06-18 18:25:00+00:00,746.5,746.8400268554688,746.4400024414062,746.7000122070312,1328955
2026-06-18 18:30:00+00:00,746.3900146484375,746.5800170898438,746.3200073242188,746.510009765625,531293
2026-06-18 18:35:00+00:00,746.239990234375,746.4400024414062,746.1599731445312,746.3800048828125,783009
2026-06-18 18:40:00+00:00,746.4949951171875,746.52001953125,746.1599731445312,746.219970703125,552807
2026-06-18 18:45:00+00:00,746.7999267578125,746.8250122070312,746.4520263671875,746.5,229471
2026-06-18 18:50:00+00:00,746.6799926757812,746.969970703125,746.5700073242188,746.7949829101562,262492
2026-06-18 18:55:00+00:00,746.385009765625,746.7899780273438,746.2999877929688,746.6849975585938,246620
2026-06-18 19:00:00+00:00,745.989990234375,746.4600219726562,745.8699951171875,746.3900146484375,366178
2026-06-18 19:05:00+00:00,745.9149780273438,746.0700073242188,745.8599853515625,745.9849853515625,253934
2026-06-18 19:10:00+00:00,745.52001953125,745.9099731445312,745.2000122070312,745.9000244140625,593975
2026-06-18 19:15:00+00:00,745.8900146484375,745.9199829101562,745.280029296875,745.530029296875,471875
2026-06-18 19:20:00+00:00,745.8800048828125,746.2000122070312,745.8200073242188,745.8900146484375,519402
2026-06-18 19:25:00+00:00,746.010009765625,746.2249755859375,745.864990234375,745.885009765625,336394
2026-06-18 19:30:00+00:00,746.1900024414062,746.219970703125,745.6099853515625,746.010009765625,461944
2026-06-18 19:35:00+00:00,746.9650268554688,746.969970703125,746.1900024414062,746.2000122070312,1303219
2026-06-18 19:40:00+00:00,747.3009033203125,747.3499755859375,746.8699951171875,746.9400024414062,896012
2026-06-18 19:45:00+00:00,747.0,747.4600219726562,746.8599853515625,747.2999877929688,1088567
2026-06-18 19:50:00+00:00,747.4500122070312,747.8800048828125,746.739990234375,747.0,2495242
2026-06-18 19:55:00+00:00,746.5900268554688,748.22998046875,746.5900268554688,747.4400024414062,5295466
2026-06-22 13:30:00+00:00,748.10498046875,749.3200073242188,747.52001953125,747.7000122070312,1984812
2026-06-22 13:35:00+00:00,749.7680053710938,749.7999877929688,748.0,748.0999755859375,1024904
2026-06-22 13:40:00+00:00,748.22998046875,749.9000244140625,747.9400024414062,749.7999877929688,724939
2026-06-22 13:45:00+00:00,749.5,749.8499755859375,748.010009765625,748.2100219726562,557039
2026-06-22 13:50:00+00:00,749.0800170898438,749.5900268554688,748.989990234375,749.52001953125,419501
2026-06-22 13:55:00+00:00,749.9099731445312,749.9400024414062,748.739990234375,749.0599975585938,326966
2026-06-22 14:00:00+00:00,749.6199951171875,750.0,749.4299926757812,749.9099731445312,356901
2026-06-22 14:05:00+00:00,749.9400024414062,749.969970703125,749.3599853515625,749.6400146484375,330608
2026-06-22 14:10:00+00:00,749.280029296875,750.1799926757812,749.2000122070312,749.9299926757812,385854
2026-06-22 14:15:00+00:00,748.4600219726562,749.3499755859375,748.260009765625,749.280029296875,397785
2026-06-22 14:20:00+00:00,747.510009765625,748.5050048828125,747.3200073242188,748.4600219726562,550689
2026-06-22 14:25:00+00:00,746.510009765625,747.8099975585938,746.4400024414062,747.489990234375,599260
2026-06-22 14:30:00+00:00,745.469970703125,746.6099853515625,745.0499877929688,746.510009765625,696524
2026-06-22 14:35:00+00:00,745.5,746.010009765625,745.02001953125,745.4600219726562,445425
2026-06-22 14:40:00+00:00,744.530029296875,745.7899780273438,744.4450073242188,745.5,461059
2026-06-22 14:45:00+00:00,744.7999877929688,745.3200073242188,744.489990234375,744.5338134765625,458165
2026-06-22 14:50:00+00:00,743.8499755859375,745.0599975585938,743.6199951171875,744.7999877929688,438325
2026-06-22 14:55:00+00:00,744.719970703125,744.8800048828125,743.1500244140625,743.8499755859375,807173
2026-06-22 15:00:00+00:00,745.0499877929688,745.42626953125,744.5399780273438,744.6900024414062,377981
2026-06-22 15:05:00+00:00,744.2949829101562,745.0700073242188,744.0399780273438,745.0700073242188,382296
2026-06-22 15:10:00+00:00,744.469970703125,744.8400268554688,744.0900268554688,744.2899780273438,250082
2026-06-22 15:15:00+00:00,744.1900024414062,744.9500122070312,743.989990234375,744.4600219726562,558003
2026-06-22 15:20:00+00:00,744.8300170898438,744.9600219726562,743.8699951171875,744.2000122070312,320759
2026-06-22 15:25:00+00:00,744.3900146484375,745.0999755859375,744.1599731445312,744.8200073242188,378641
2026-06-22 15:30:00+00:00,744.5999755859375,745.0499877929688,744.1799926757812,744.3800048828125,390520
2026-06-22 15:35:00+00:00,745.1749877929688,745.2100219726562,744.5,744.6400146484375,352287
2026-06-22 15:40:00+00:00,745.8900146484375,746.1699829101562,745.219970703125,745.219970703125,476355
2026-06-22 15:45:00+00:00,744.4099731445312,746.280029296875,744.280029296875,745.8800048828125,540120
2026-06-22 15:50:00+00:00,744.5700073242188,744.9600219726562,744.3400268554688,744.4299926757812,226868
2026-06-22 15:55:00+00:00,744.6099853515625,745.0999755859375,744.4400024414062,744.5399780273438,244766
2026-06-22 16:00:00+00:00,743.75,744.7899780273438,743.5900268554688,744.6199951171875,458690
2026-06-22 16:05:00+00:00,744.2000122070312,744.3099975585938,743.6199951171875,743.739990234375,367451
2026-06-22 16:10:00+00:00,744.9500122070312,744.97998046875,744.1400146484375,744.1799926757812,315205
2026-06-22 16:15:00+00:00,744.9600219726562,745.0499267578125,744.4600219726562,744.9400024414062,305564
2026-06-22 16:20:00+00:00,744.4949951171875,745.3599853515625,744.3699951171875,744.9600219726562,312213
2026-06-22 16:25:00+00:00,744.7849731445312,744.9000244140625,744.3300170898438,744.5050048828125,431416
2026-06-22 16:30:00+00:00,744.3400268554688,744.8699951171875,744.260009765625,744.7899780273438,233946
2026-06-22 16:35:00+00:00,744.4000244140625,744.510009765625,744.0800170898438,744.3400268554688,244204
2026-06-22 16:40:00+00:00,744.3724975585938,744.5599975585938,744.0399780273438,744.4099731445312,234895
2026-06-22 16:45:00+00:00,744.9650268554688,744.9650268554688,744.1599731445312,744.35498046875,270577
2026-06-22 16:50:00+00:00,745.0800170898438,745.219970703125,744.860107421875,744.9600219726562,292209
2026-06-22 16:55:00+00:00,744.9500122070312,745.3099975585938,744.6599731445312,745.0800170898438,357780
2026-06-22 17:00:00+00:00,744.8499755859375,745.030029296875,744.6199951171875,744.9600219726562,151653
2026-06-22 17:05:00+00:00,744.2000122070312,744.8400268554688,743.9600219726562,744.8400268554688,553185
2026-06-22 17:10:00+00:00,744.5900268554688,744.5900268554688,744.1599731445312,744.2000122070312,212142
2026-06-22 17:15:00+00:00,745.0499877929688,745.0800170898438,744.5800170898438,744.5999755859375,219319
2026-06-22 17:20:00+00:00,744.8900146484375,745.260009765625,744.7000122070312,745.0399780273438,167245
2026-06-22 17:25:00+00:00,744.7000122070312,745.010009765625,744.6900024414062,744.9000244140625,121719
2026-06-22 17:30:00+00:00,744.5,744.8400268554688,744.3099975585938,744.72998046875,326665
2026-06-22 17:35:00+00:00,744.469970703125,744.5,743.97998046875,744.489990234375,353951
2026-06-22 17:40:00+00:00,744.3599853515625,744.5800170898438,744.25,744.4600219726562,151639
2026-06-22 17:45:00+00:00,744.7999877929688,744.8499755859375,744.25,744.3599853515625,204639
2026-06-22 17:50:00+00:00,745.22998046875,745.3400268554688,744.6799926757812,744.780029296875,366155
2026-06-22 17:55:00+00:00,744.6900024414062,745.22998046875,744.6900024414062,745.219970703125,703541
2026-06-22 18:00:00+00:00,744.5050048828125,744.8599853515625,744.280029296875,744.7100219726562,305507
2026-06-22 18:05:00+00:00,744.9249877929688,744.9299926757812,744.47998046875,744.5029296875,455480
2026-06-22 18:10:00+00:00,744.97021484375,745.0599975585938,744.6900024414062,744.9249877929688,954146
2026-06-22 18:15:00+00:00,745.2249755859375,745.3400268554688,744.97998046875,744.97998046875,233861
2026-06-22 18:20:00+00:00,745.4099731445312,745.739990234375,745.1900024414062,745.22998046875,399671
2026-06-22 18:25:00+00:00,745.1298828125,745.4600219726562,744.9199829101562,745.3900146484375,323068
2026-06-22 18:30:00+00:00,745.0299072265625,745.5300903320312,744.9099731445312,745.1300048828125,355462
2026-06-22 18:35:00+00:00,744.9299926757812,745.2100219726562,744.8900146484375,745.02001953125,243228
2026-06-22 18:40:00+00:00,744.5,745.0050048828125,744.489990234375,744.9299926757812,428333
2026-06-22 18:45:00+00:00,744.77001953125,744.8300170898438,744.4000244140625,744.510009765625,312910
2026-06-22 18:50:00+00:00,744.0700073242188,744.8499755859375,743.7308959960938,744.77099609375,522144
2026-06-22 18:55:00+00:00,743.7249755859375,744.0599975585938,743.5999755859375,744.0599975585938,467405
2026-06-22 19:00:00+00:00,744.1099853515625,744.364990234375,743.6900024414062,743.72998046875,484671
2026-06-22 19:05:00+00:00,743.6699829101562,744.1400146484375,743.2800903320312,744.10009765625,977797
2026-06-22 19:10:00+00:00,743.9099731445312,744.0798950195312,743.5300903320312,743.6799926757812,454919
2026-06-22 19:15:00+00:00,744.1400146484375,744.1799926757812,743.760009765625,743.9199829101562,581319
2026-06-22 19:20:00+00:00,743.7100219726562,744.1900024414062,743.6300048828125,744.1199951171875,359577
2026-06-22 19:25:00+00:00,743.405029296875,743.8099975585938,743.405029296875,743.719970703125,731800
2026-06-22 19:30:00+00:00,743.6900024414062,743.97998046875,743.405029296875,743.405029296875,571716
2026-06-22 19:35:00+00:00,743.5599975585938,743.75,743.4400024414062,743.7100219726562,506567
2026-06-22 19:40:00+00:00,743.2305297851562,743.6599731445312,743.1300048828125,743.5499877929688,683931
2026-06-22 19:45:00+00:00,743.77001953125,743.7999877929688,743.1900024414062,743.239990234375,1537143
2026-06-22 19:50:00+00:00,744.6699829101562,744.7899780273438,743.5999755859375,743.77001953125,2152151
2026-06-22 19:55:00+00:00,744.3800048828125,744.8699951171875,743.9600219726562,744.6599731445312,3730080
2026-06-23 13:30:00+00:00,733.9099731445312,734.22998046875,732.2999877929688,733.8099975585938,4055119
2026-06-23 13:35:00+00:00,734.3800048828125,734.5599975585938,732.4149780273438,733.9000244140625,1234551
2026-06-23 13:40:00+00:00,734.9400024414062,735.3858032226562,733.7999877929688,734.3800048828125,965762
2026-06-23 13:45:00+00:00,736.3800048828125,736.9500122070312,734.5399780273438,734.9000244140625,861863
2026-06-23 13:50:00+00:00,736.6199951171875,737.1400146484375,736.3599853515625,736.3900146484375,855974
2026-06-23 13:55:00+00:00,737.1699829101562,737.22998046875,736.0800170898438,736.5999755859375,612748
2026-06-23 14:00:00+00:00,738.02001953125,738.3499755859375,737.0,737.125,917721
2026-06-23 14:05:00+00:00,738.3800048828125,738.5599975585938,737.6300048828125,738.02001953125,695831
2026-06-23 14:10:00+00:00,738.9000244140625,739.030029296875,738.1599731445312,738.4099731445312,773079
2026-06-23 14:15:00+00:00,739.1400146484375,739.239990234375,738.530029296875,738.8900146484375,438915
2026-06-23 14:20:00+00:00,738.8400268554688,739.6300048828125,738.510009765625,739.1500244140625,589658
2026-06-23 14:25:00+00:00,738.9000244140625,739.010009765625,738.1300048828125,738.8400268554688,467204
2026-06-23 14:30:00+00:00,738.1599731445312,739.1099853515625,737.780029296875,738.9000244140625,531494
2026-06-23 14:35:00+00:00,737.5999755859375,738.7999877929688,737.5700073242188,738.1500244140625,369989
2026-06-23 14:40:00+00:00,737.39501953125,738.1510009765625,737.2050170898438,737.6400146484375,430264
2026-06-23 14:45:00+00:00,737.3250122070312,737.5900268554688,736.7100219726562,737.4000244140625,482998
2026-06-23 14:50:00+00:00,737.1799926757812,737.9600219726562,736.7899780273438,737.3300170898438,521719
2026-06-23 14:55:00+00:00,737.0,737.3200073242188,736.5,737.1599731445312,393516
2026-06-23 15:00:00+00:00,736.5599975585938,737.4299926757812,736.4400024414062,737.030029296875,330544
2026-06-23 15:05:00+00:00,735.9600219726562,736.6950073242188,735.280029296875,736.5499877929688,508830
2026-06-23 15:10:00+00:00,736.114990234375,736.239990234375,735.6799926757812,735.989990234375,351534
2026-06-23 15:15:00+00:00,735.22998046875,736.239990234375,735.1599731445312,736.0999755859375,278320
2026-06-23 15:20:00+00:00,734.6199951171875,735.530029296875,734.5900268554688,735.239990234375,373969
2026-06-23 15:25:00+00:00,734.5900268554688,734.8900146484375,734.260009765625,734.6199951171875,501322
2026-06-23 15:30:00+00:00,734.969970703125,735.260009765625,734.4299926757812,734.5999755859375,515678
2026-06-23 15:35:00+00:00,734.5,735.510009765625,734.27001953125,734.97998046875,493888
2026-06-23 15:40:00+00:00,735.0,735.1699829101562,734.2100219726562,734.5,327982
2026-06-23 15:45:00+00:00,735.0850219726562,735.510009765625,734.780029296875,735.0,334760
2026-06-23 15:50:00+00:00,735.8699951171875,736.219970703125,734.9099731445312,735.0900268554688,459252
2026-06-23 15:55:00+00:00,735.969970703125,736.1445922851562,735.3300170898438,735.8699951171875,261576
2026-06-23 16:00:00+00:00,736.6699829101562,736.739990234375,735.8599853515625,735.97998046875,296893
2026-06-23 16:05:00+00:00,737.1799926757812,737.3300170898438,736.5,736.6699829101562,421075
2026-06-23 16:10:00+00:00,737.47998046875,737.669921875,737.1599731445312,737.1799926757812,388239
2026-06-23 16:15:00+00:00,737.0599975585938,737.6199951171875,736.9299926757812,737.47998046875,354676
2026-06-23 16:20:00+00:00,737.3300170898438,737.4476928710938,736.5999755859375,737.030029296875,278696
2026-06-23 16:25:00+00:00,737.3800048828125,737.530029296875,737.0499877929688,737.3200073242188,370688
2026-06-23 16:30:00+00:00,737.0900268554688,737.469970703125,736.9500122070312,737.3800048828125,188018
2026-06-23 16:35:00+00:00,737.47998046875,737.5399780273438,737.010009765625,737.0800170898438,402374
2026-06-23 16:40:00+00:00,737.8699951171875,737.97998046875,737.47998046875,737.47998046875,308600
2026-06-23 16:45:00+00:00,737.4000244140625,737.9400024414062,737.1010131835938,737.864990234375,381474
2026-06-23 16:50:00+00:00,737.3300170898438,737.4099731445312,736.9400024414062,737.3900146484375,257555
2026-06-23 16:55:00+00:00,737.4199829101562,737.6400146484375,737.02001953125,737.3350219726562,223908
2026-06-23 17:00:00+00:00,736.739990234375,737.47998046875,736.6110229492188,737.4439697265625,272947
2026-06-23 17:05:00+00:00,736.9299926757812,736.97998046875,736.510009765625,736.75,207392
2026-06-23 17:10:00+00:00,737.3499755859375,737.739990234375,736.9000244140625,736.9099731445312,261824
2026-06-23 17:15:00+00:00,737.1099853515625,737.5900268554688,736.9400024414062,737.3699951171875,242139
2026-06-23 17:20:00+00:00,737.8699951171875,738.0999755859375,737.0794067382812,737.1199951171875,303371
2026-06-23 17:25:00+00:00,737.530029296875,737.9199829101562,737.469970703125,737.8699951171875,163226
2026-06-23 17:30:00+00:00,737.75,737.75,737.1400146484375,737.5599975585938,221598
2026-06-23 17:35:00+00:00,737.5399780273438,738.030029296875,737.4600219726562,737.739990234375,220458
2026-06-23 17:40:00+00:00,737.1500244140625,737.6500244140625,737.0700073242188,737.530029296875,229498
2026-06-23 17:45:00+00:00,737.2750244140625,737.4600219726562,737.0499877929688,737.1699829101562,278118
2026-06-23 17:50:00+00:00,736.0800170898438,737.2899780273438,736.010009765625,737.2750244140625,399307
2026-06-23 17:55:00+00:00,735.7949829101562,736.22998046875,735.75,736.0800170898438,320357
2026-06-23 18:00:00+00:00,736.0399780273438,736.5700073242188,735.6500244140625,735.8300170898438,512364
2026-06-23 18:05:00+00:00,735.77001953125,736.1300048828125,735.3699951171875,736.0598754882812,347607
2026-06-23 18:10:00+00:00,735.8099975585938,736.02001953125,735.6900024414062,735.7899780273438,296829
2026-06-23 18:15:00+00:00,735.5800170898438,736.02001953125,735.4600219726562,735.7899780273438,334379
2026-06-23 18:20:00+00:00,735.6799926757812,735.8800048828125,735.219970703125,735.5850219726562,296153
2026-06-23 18:25:00+00:00,735.4000244140625,735.72998046875,735.2999877929688,735.7100219726562,652657
2026-06-23 18:30:00+00:00,735.135009765625,735.5087890625,735.0999755859375,735.3900146484375,314099
2026-06-23 18:35:00+00:00,734.9099731445312,735.2650146484375,734.844970703125,735.135009765625,507851
2026-06-23 18:40:00+00:00,733.8159790039062,734.9000244140625,733.77001953125,734.9000244140625,645868
2026-06-23 18:45:00+00:00,733.9605102539062,734.02001953125,733.4785766601562,733.8200073242188,803223
2026-06-23 18:50:00+00:00,733.7100219726562,734.52001953125,733.3200073242188,733.9600219726562,891765
2026-06-23 18:55:00+00:00,734.0225219726562,734.239990234375,733.3499755859375,733.7000122070312,783640
2026-06-23 19:00:00+00:00,734.97998046875,735.010009765625,733.7899780273438,734.0,667064
2026-06-23 19:05:00+00:00,734.4400024414062,735.5999755859375,734.239990234375,734.969970703125,988169
2026-06-23 19:10:00+00:00,734.469970703125,734.8599853515625,734.1768188476562,734.4199829101562,936129
2026-06-23 19:15:00+00:00,733.7999877929688,734.5999755859375,733.760009765625,734.4600219726562,818481
2026-06-23 19:20:00+00:00,734.7899780273438,735.1749877929688,733.7000122070312,733.7999877929688,1870552
2026-06-23 19:25:00+00:00,735.010009765625,735.280029296875,734.5999755859375,734.7999877929688,987052
2026-06-23 19:30:00+00:00,734.989990234375,735.2100219726562,734.3599853515625,735.02001953125,731487
2026-06-23 19:35:00+00:00,734.6099853515625,735.1900024414062,734.5999755859375,735.0,1966344
2026-06-23 19:40:00+00:00,734.5,734.7100219726562,734.1300048828125,734.6099853515625,1696913
2026-06-23 19:45:00+00:00,734.7100219726562,734.72998046875,733.9199829101562,734.5,1868934
2026-06-23 19:50:00+00:00,735.510009765625,735.5599975585938,734.5399780273438,734.7000122070312,2746684
2026-06-23 19:55:00+00:00,733.6699829101562,735.5,733.5,735.5,6854005
2026-06-24 13:30:00+00:00,736.8400268554688,737.1500244140625,734.3200073242188,735.1699829101562,2382376
2026-06-24 13:35:00+00:00,736.3599853515625,737.2899780273438,736.1387939453125,736.8400268554688,809752
2026-06-24 13:40:00+00:00,735.7449951171875,736.5499877929688,734.7164916992188,736.3400268554688,969292
2026-06-24 13:45:00+00:00,735.489990234375,736.239990234375,734.2999877929688,735.719970703125,1311945
2026-06-24 13:50:00+00:00,737.2999877929688,737.7000122070312,735.47998046875,735.5,966421
2026-06-24 13:55:00+00:00,735.9349975585938,737.3300170898438,735.8400268554688,737.2999877929688,535342
2026-06-24 14:00:00+00:00,735.47998046875,736.3300170898438,735.239990234375,735.9400024414062,360022
2026-06-24 14:05:00+00:00,735.739990234375,736.469970703125,735.25,735.510009765625,392817
2026-06-24 14:10:00+00:00,735.5900268554688,736.219970703125,735.1400146484375,735.780029296875,892574
2026-06-24 14:15:00+00:00,734.8800048828125,735.9600219726562,734.719970703125,735.5599975585938,331358
2026-06-24 14:20:00+00:00,736.27001953125,736.4500122070312,734.1099853515625,734.8800048828125,493511
2026-06-24 14:25:00+00:00,736.489990234375,736.9749755859375,735.9450073242188,736.280029296875,285032
2026-06-24 14:30:00+00:00,736.9600219726562,737.2899780273438,736.4600219726562,736.4600219726562,559618
2026-06-24 14:35:00+00:00,736.25,737.1699829101562,736.2100219726562,736.9400024414062,422055
2026-06-24 14:40:00+00:00,737.619873046875,737.6699829101562,736.1599731445312,736.3099975585938,272103
2026-06-24 14:45:00+00:00,738.3099975585938,738.9199829101562,737.52001953125,737.6099853515625,521402
2026-06-24 14:50:00+00:00,738.4199829101562,739.0700073242188,738.3200073242188,738.3200073242188,487918
2026-06-24 14:55:00+00:00,739.6599731445312,739.7100219726562,738.1400146484375,738.4249877929688,359928
2026-06-24 15:00:00+00:00,739.3099975585938,739.9450073242188,739.1300048828125,739.6799926757812,586642
2026-06-24 15:05:00+00:00,738.4349975585938,739.3900146484375,738.25,739.3099975585938,313686
2026-06-24 15:10:00+00:00,738.510009765625,738.8400268554688,737.969970703125,738.4299926757812,358371
2026-06-24 15:15:00+00:00,739.1600952148438,739.3800048828125,738.4000244140625,738.5,410261
2026-06-24 15:20:00+00:00,738.719970703125,739.3574829101562,738.6699829101562,739.1900024414062,279863
2026-06-24 15:25:00+00:00,739.6400146484375,739.6400146484375,738.1409912109375,738.719970703125,422828
2026-06-24 15:30:00+00:00,739.22998046875,739.9299926757812,738.9099731445312,739.6300048828125,414655
2026-06-24 15:35:00+00:00,738.8599853515625,739.5499877929688,738.6300048828125,739.2100219726562,296174
2026-06-24 15:40:00+00:00,738.4600219726562,739.0499877929688,738.1600952148438,738.8599853515625,298363
2026-06-24 15:45:00+00:00,738.6599731445312,738.7000122070312,737.8300170898438,738.489990234375,363312
2026-06-24 15:50:00+00:00,738.8400268554688,739.27001953125,738.6610107421875,738.6799926757812,222441
2026-06-24 15:55:00+00:00,738.3400268554688,739.0689697265625,738.1400146484375,738.7999877929688,187955
2026-06-24 16:00:00+00:00,738.1157836914062,738.6199951171875,737.9400024414062,738.3400268554688,190916
2026-06-24 16:05:00+00:00,738.1500244140625,738.4210205078125,737.8099975585938,738.0999755859375,121414
2026-06-24 16:10:00+00:00,738.4600219726562,738.8699951171875,737.9500122070312,738.1597900390625,141561
2026-06-24 16:15:00+00:00,738.2999877929688,738.8200073242188,738.1484985351562,738.469970703125,115296
2026-06-24 16:20:00+00:00,738.6300048828125,738.7498779296875,738.0399780273438,738.3099975585938,170065
2026-06-24 16:25:00+00:00,738.0800170898438,738.6300048828125,738.0,738.6204223632812,184404
2026-06-24 16:30:00+00:00,737.6599731445312,738.0999755859375,737.489990234375,738.0900268554688,236587
2026-06-24 16:35:00+00:00,736.530029296875,737.9299926757812,736.489990234375,737.6500244140625,375928
2026-06-24 16:40:00+00:00,736.3200073242188,736.5800170898438,735.9199829101562,736.5311889648438,524417
2026-06-24 16:45:00+00:00,736.3400268554688,736.6300048828125,735.9299926757812,736.3200073242188,373852
2026-06-24 16:50:00+00:00,735.8001098632812,736.8300170898438,735.7999877929688,736.3400268554688,222221
2026-06-24 16:55:00+00:00,735.6900024414062,736.0252075195312,735.3900146484375,735.8200073242188,327345
2026-06-24 17:00:00+00:00,736.4199829101562,736.4600219726562,735.530029296875,735.7000122070312,368124
2026-06-24 17:05:00+00:00,734.9630737304688,736.4299926757812,734.6699829101562,736.4000244140625,427355
2026-06-24 17:10:00+00:00,734.7899780273438,735.3770141601562,734.6099853515625,734.9600219726562,390261
2026-06-24 17:15:00+00:00,733.8200073242188,735.1500244140625,733.5599975585938,734.780029296875,609435
2026-06-24 17:20:00+00:00,733.1300048828125,733.8200073242188,733.0399780273438,733.8099975585938,468611
2026-06-24 17:25:00+00:00,732.1599731445312,733.239990234375,732.0599975585938,733.1300048828125,438050
2026-06-24 17:30:00+00:00,732.3300170898438,732.6900024414062,731.280029296875,732.1599731445312,661357
2026-06-24 17:35:00+00:00,732.530029296875,732.9249877929688,731.6801147460938,732.3300170898438,460801
2026-06-24 17:40:00+00:00,731.9542846679688,732.84912109375,731.8099975585938,732.5,377457
2026-06-24 17:45:00+00:00,732.4600219726562,732.6500244140625,731.52001953125,731.9199829101562,345856
2026-06-24 17:50:00+00:00,732.530029296875,732.6199951171875,732.0850219726562,732.4500122070312,218681
2026-06-24 17:55:00+00:00,731.8699951171875,733.1500244140625,731.7000122070312,732.5499877929688,437794
2026-06-24 18:00:00+00:00,732.5999755859375,732.9500122070312,731.77001953125,731.8599853515625,464765
2026-06-24 18:05:00+00:00,733.010009765625,733.3800048828125,732.5499877929688,732.6099853515625,347464
2026-06-24 18:10:00+00:00,732.8800048828125,733.1300048828125,732.5499877929688,733.010009765625,1333594
2026-06-24 18:15:00+00:00,733.77001953125,733.9500122070312,732.8699951171875,732.8900146484375,552156
2026-06-24 18:20:00+00:00,734.3099975585938,734.3298950195312,733.5650024414062,733.77001953125,381391
2026-06-24 18:25:00+00:00,734.3400268554688,734.6599731445312,734.1400146484375,734.3099975585938,464287
2026-06-24 18:30:00+00:00,734.25,734.5700073242188,733.9959716796875,734.3519897460938,446611
2026-06-24 18:35:00+00:00,733.6199951171875,734.3099975585938,733.5,734.219970703125,411602
2026-06-24 18:40:00+00:00,733.260009765625,733.77001953125,732.875,733.6199951171875,556350
2026-06-24 18:45:00+00:00,731.7999877929688,733.239990234375,731.4600219726562,733.239990234375,596787
2026-06-24 18:50:00+00:00,732.1300048828125,732.1950073242188,731.22998046875,731.8200073242188,876052
2026-06-24 18:55:00+00:00,731.9299926757812,732.8300170898438,731.6500244140625,732.1400146484375,446993
2026-06-24 19:00:00+00:00,732.5900268554688,732.9400024414062,731.3400268554688,731.9299926757812,583380
2026-06-24 19:05:00+00:00,731.3250122070312,732.59912109375,730.8599853515625,732.5900268554688,741157
2026-06-24 19:10:00+00:00,731.6400146484375,731.760009765625,730.8400268554688,731.3200073242188,781000
2026-06-24 19:15:00+00:00,731.5999755859375,731.739990234375,731.2100219726562,731.6300048828125,735379
2026-06-24 19:20:00+00:00,731.8499755859375,731.8599853515625,731.260009765625,731.5900268554688,435937
2026-06-24 19:25:00+00:00,731.97998046875,732.3289794921875,731.72998046875,731.8599853515625,653041
2026-06-24 19:30:00+00:00,731.6799926757812,732.2100219726562,731.510009765625,731.969970703125,621434
2026-06-24 19:35:00+00:00,731.780029296875,731.9500122070312,731.3800048828125,731.7000122070312,597248
2026-06-24 19:40:00+00:00,731.489990234375,732.093994140625,730.9299926757812,731.760009765625,1004610
2026-06-24 19:45:00+00:00,732.0599975585938,732.260009765625,731.4400024414062,731.5,927484
2026-06-24 19:50:00+00:00,732.9949951171875,733.0900268554688,731.530029296875,732.0900268554688,1460238
2026-06-24 19:55:00+00:00,733.0800170898438,733.3499755859375,732.094970703125,732.97998046875,4087093
2026-06-25 13:30:00+00:00,737.3399047851562,739.3699951171875,736.8599853515625,738.9099731445312,2290954
2026-06-25 13:35:00+00:00,736.9600219726562,738.0250244140625,736.8800048828125,737.3099975585938,728645
2026-06-25 13:40:00+00:00,734.2899780273438,737.1165161132812,734.0401000976562,736.989990234375,956280
2026-06-25 13:45:00+00:00,732.889892578125,734.7849731445312,731.5399780273438,734.2999877929688,1504795
2026-06-25 13:50:00+00:00,730.7000122070312,733.6599731445312,730.5,732.8900146484375,1122053
2026-06-25 13:55:00+00:00,729.8350219726562,731.219970703125,729.5999755859375,730.6599731445312,1333328
2026-06-25 14:00:00+00:00,733.239990234375,733.530029296875,729.780029296875,729.8350219726562,1285270
2026-06-25 14:05:00+00:00,734.9099731445312,735.030029296875,733.25,733.27001953125,975194
2026-06-25 14:10:00+00:00,734.1199951171875,735.8599853515625,734.0499877929688,734.9299926757812,942601
2026-06-25 14:15:00+00:00,735.5599975585938,735.6699829101562,733.1799926757812,734.1300048828125,572213
2026-06-25 14:20:00+00:00,735.0,736.5,734.510009765625,735.5549926757812,684376
2026-06-25 14:25:00+00:00,735.4749755859375,735.9199829101562,734.8099975585938,735.010009765625,468631
2026-06-25 14:30:00+00:00,736.3699951171875,737.0999755859375,735.3200073242188,735.4400024414062,690777
2026-06-25 14:35:00+00:00,736.64501953125,736.8400268554688,735.5899047851562,736.3800048828125,389804
2026-06-25 14:40:00+00:00,735.409912109375,736.760009765625,734.77001953125,736.6699829101562,511150
2026-06-25 14:45:00+00:00,736.3499755859375,736.5900268554688,734.75,735.3900146484375,460281
2026-06-25 14:50:00+00:00,737.7999877929688,737.8200073242188,736.02001953125,736.3300170898438,570673
2026-06-25 14:55:00+00:00,735.22998046875,737.72998046875,735.030029296875,737.72998046875,682515
2026-06-25 15:00:00+00:00,736.1599731445312,736.22998046875,734.8599853515625,735.260009765625,360286
2026-06-25 15:05:00+00:00,734.760009765625,736.52001953125,734.5,736.1600952148438,573608
2026-06-25 15:10:00+00:00,732.969970703125,734.8900146484375,732.6199951171875,734.75,759178
2026-06-25 15:15:00+00:00,733.6699829101562,733.875,731.8499755859375,732.97998046875,869307
2026-06-25 15:20:00+00:00,734.5100708007812,734.8499755859375,732.9500122070312,733.6400146484375,438640
2026-06-25 15:25:00+00:00,734.2899780273438,734.8599853515625,733.7811279296875,734.510009765625,318833
2026-06-25 15:30:00+00:00,734.2230834960938,735.4500122070312,734.0900268554688,734.2899780273438,363481
2026-06-25 15:35:00+00:00,734.2100219726562,734.9500122070312,734.1900024414062,734.219970703125,262389
2026-06-25 15:40:00+00:00,734.77001953125,734.8800048828125,733.9199829101562,734.219970703125,243193
2026-06-25 15:45:00+00:00,734.448974609375,735.7899780273438,734.3200073242188,734.75,353941
2026-06-25 15:50:00+00:00,734.5999755859375,734.963623046875,734.0800170898438,734.4199829101562,350497
2026-06-25 15:55:00+00:00,734.1400146484375,734.9500122070312,734.0,734.5700073242188,312731
2026-06-25 16:00:00+00:00,734.1500244140625,734.3900146484375,733.6699829101562,734.1599731445312,419773
2026-06-25 16:05:00+00:00,735.3300170898438,735.4099731445312,733.9979858398438,734.1699829101562,313185
2026-06-25 16:10:00+00:00,735.6900024414062,736.1799926757812,735.22998046875,735.3300170898438,275271
2026-06-25 16:15:00+00:00,735.5,736.27001953125,735.4099731445312,735.7100219726562,459374
2026-06-25 16:20:00+00:00,734.4401245117188,735.760009765625,734.27001953125,735.510009765625,231278
2026-06-25 16:25:00+00:00,734.1900024414062,734.6199951171875,733.9400024414062,734.4450073242188,145748
2026-06-25 16:30:00+00:00,733.389892578125,734.2249755859375,732.969970703125,734.2249755859375,270861
2026-06-25 16:35:00+00:00,732.77001953125,733.5900268554688,732.6599731445312,733.3474731445312,236045
2026-06-25 16:40:00+00:00,732.2899780273438,732.9600219726562,732.114990234375,732.77001953125,307419
2026-06-25 16:45:00+00:00,732.7999877929688,732.9099731445312,731.5,732.2899780273438,483054
2026-06-25 16:50:00+00:00,732.7000122070312,733.0900268554688,732.2816772460938,732.8099975585938,185405
2026-06-25 16:55:00+00:00,732.5399780273438,732.739990234375,732.0700073242188,732.72998046875,263554
2026-06-25 17:00:00+00:00,732.5078125,733.0198974609375,732.489990234375,732.5599975585938,272270
2026-06-25 17:05:00+00:00,732.7000122070312,732.8099975585938,732.135009765625,732.5,170339
2026-06-25 17:10:00+00:00,733.219970703125,733.719970703125,732.6900024414062,732.6900024414062,300186
2026-06-25 17:15:00+00:00,732.510009765625,734.25,732.489990234375,733.22998046875,303872
2026-06-25 17:20:00+00:00,732.8900146484375,733.0700073242188,732.0800170898438,732.52001953125,265270
2026-06-25 17:25:00+00:00,733.260009765625,733.6500244140625,732.8400268554688,732.9199829101562,176168
2026-06-25 17:30:00+00:00,732.9299926757812,733.52001953125,732.6199951171875,733.27001953125,473496
2026-06-25 17:35:00+00:00,733.3400268554688,733.5499877929688,732.8599853515625,732.9299926757812,221327
2026-06-25 17:40:00+00:00,732.6300048828125,733.7899780273438,732.52001953125,733.3300170898438,280614
2026-06-25 17:45:00+00:00,731.8599853515625,732.6500244140625,731.6599731445312,732.64990234375,272022
2026-06-25 17:50:00+00:00,732.5700073242188,732.7899780273438,731.5999755859375,731.8300170898438,1049173
2026-06-25 17:55:00+00:00,733.4500122070312,733.5800170898438,732.3400268554688,732.5599975585938,277407
2026-06-25 18:00:00+00:00,731.9299926757812,733.52001953125,731.3800048828125,733.4400024414062,684404
2026-06-25 18:05:00+00:00,733.4249877929688,733.5999755859375,731.72998046875,732.010009765625,389947
2026-06-25 18:10:00+00:00,733.219970703125,733.989990234375,732.9000244140625,733.4000244140625,290147
2026-06-25 18:15:00+00:00,734.8200073242188,735.3699951171875,732.969970703125,733.22998046875,423139
2026-06-25 18:20:00+00:00,734.9099731445312,735.1900024414062,734.2100219726562,734.8200073242188,545511
2026-06-25 18:25:00+00:00,735.8400268554688,736.0599975585938,734.9000244140625,734.9099731445312,503430
2026-06-25 18:30:00+00:00,734.02001953125,735.8499755859375,733.9509887695312,735.8300170898438,487104
2026-06-25 18:35:00+00:00,734.4600219726562,734.7100219726562,733.5999755859375,734.02001953125,429100
2026-06-25 18:40:00+00:00,733.9249877929688,734.489990234375,733.8400268554688,734.4400024414062,240605
2026-06-25 18:45:00+00:00,733.5650024414062,733.9199829101562,732.6900024414062,733.9199829101562,472887
2026-06-25 18:50:00+00:00,733.6849975585938,734.3499755859375,733.39501953125,733.5599975585938,225129
2026-06-25 18:55:00+00:00,733.8800048828125,734.0900268554688,733.530029296875,733.7000122070312,557703
2026-06-25 19:00:00+00:00,733.0,733.94140625,732.72998046875,733.9299926757812,278761
2026-06-25 19:05:00+00:00,733.0900268554688,733.22998046875,732.77001953125,732.9600219726562,637429
2026-06-25 19:10:00+00:00,732.3800048828125,733.2000122070312,732.3200073242188,733.0900268554688,802619
2026-06-25 19:15:00+00:00,732.22998046875,732.6199951171875,731.8699951171875,732.3699951171875,600012
2026-06-25 19:20:00+00:00,732.6500244140625,732.6500244140625,732.030029296875,732.2501220703125,473041
2026-06-25 19:25:00+00:00,732.3923950195312,732.8499755859375,732.0512084960938,732.6500244140625,639433
2026-06-25 19:30:00+00:00,732.1500244140625,732.5,731.760009765625,732.3900146484375,613613
2026-06-25 19:35:00+00:00,732.0891723632812,732.1500244140625,731.6900024414062,732.1400146484375,1177683
2026-06-25 19:40:00+00:00,731.9600219726562,732.3300170898438,731.5999755859375,732.0900268554688,706812
2026-06-25 19:45:00+00:00,731.7550048828125,732.030029296875,731.3599853515625,731.9760131835938,1173970
2026-06-25 19:50:00+00:00,732.5399780273438,732.6099853515625,731.3300170898438,731.760009765625,1067447
2026-06-25 19:55:00+00:00,733.27001953125,733.3800048828125,731.9400024414062,732.5599975585938,3008874
2026-06-26 13:30:00+00:00,727.8599853515625,729.6599731445312,726.8599853515625,728.9450073242188,2579437
2026-06-26 13:35:00+00:00,728.1300048828125,729.1300048828125,727.5900268554688,727.8599853515625,774922
2026-06-26 13:40:00+00:00,729.239990234375,729.4299926757812,727.72998046875,728.1099853515625,583008
2026-06-26 13:45:00+00:00,728.7100219726562,729.7999877929688,727.969970703125,729.239990234375,691468
2026-06-26 13:50:00+00:00,729.3200073242188,729.6500244140625,728.52001953125,728.6500244140625,529081
2026-06-26 13:55:00+00:00,730.89501953125,731.3099975585938,729.1900024414062,729.3900146484375,791514
2026-06-26 14:00:00+00:00,732.1900024414062,732.280029296875,730.6300048828125,730.8699951171875,962854
2026-06-26 14:05:00+00:00,733.02001953125,733.1500244140625,732.1300048828125,732.2000122070312,670601
2026-06-26 14:10:00+00:00,733.2000122070312,733.4400024414062,732.4000244140625,733.0001220703125,636854
2026-06-26 14:15:00+00:00,732.6099853515625,733.5700073242188,732.4400024414062,733.1900024414062,625122
2026-06-26 14:20:00+00:00,733.4500122070312,734.2424926757812,732.469970703125,732.6099853515625,590355
2026-06-26 14:25:00+00:00,733.489990234375,733.9400024414062,733.239990234375,733.4400024414062,418348
2026-06-26 14:30:00+00:00,733.364990234375,733.9199829101562,733.0260009765625,733.489990234375,437501
2026-06-26 14:35:00+00:00,732.1799926757812,733.4199829101562,732.1199951171875,733.3800048828125,490183
2026-06-26 14:40:00+00:00,732.1699829101562,733.0800170898438,731.6005249023438,732.1699829101562,719234
2026-06-26 14:45:00+00:00,732.8800048828125,733.3800048828125,732.0499877929688,732.2000122070312,328567
2026-06-26 14:50:00+00:00,732.530029296875,733.22998046875,732.2301025390625,732.9000244140625,324677
2026-06-26 14:55:00+00:00,732.4500122070312,732.9749755859375,731.8599853515625,732.52001953125,330085
2026-06-26 15:00:00+00:00,732.780029296875,733.4000244140625,732.4400024414062,732.4600219726562,275083
2026-06-26 15:05:00+00:00,733.0599975585938,733.1599731445312,732.280029296875,732.7999877929688,311474
2026-06-26 15:10:00+00:00,732.0700073242188,733.219970703125,731.9400024414062,733.0599975585938,325345
2026-06-26 15:15:00+00:00,733.0599975585938,733.22998046875,731.6199951171875,732.0800170898438,422362
2026-06-26 15:20:00+00:00,733.7999877929688,733.8499755859375,732.8200073242188,733.030029296875,459844
2026-06-26 15:25:00+00:00,734.6699829101562,734.6699829101562,733.6680297851562,733.780029296875,572714
2026-06-26 15:30:00+00:00,734.52001953125,735.6099853515625,734.3699951171875,734.6699829101562,485293
2026-06-26 15:35:00+00:00,735.7518920898438,735.9600219726562,734.52001953125,734.52001953125,459799
2026-06-26 15:40:00+00:00,736.27001953125,736.530029296875,735.5399780273438,735.7999877929688,1067168
2026-06-26 15:45:00+00:00,735.5700073242188,736.4600219726562,735.5449829101562,736.260009765625,299213
2026-06-26 15:50:00+00:00,734.5650024414062,736.0399780273438,734.1799926757812,735.5800170898438,702130
2026-06-26 15:55:00+00:00,735.4000244140625,735.8699951171875,734.3800048828125,734.5499877929688,411465
2026-06-26 16:00:00+00:00,735.3300170898438,735.52001953125,735.0900268554688,735.4000244140625,307618
2026-06-26 16:05:00+00:00,734.25,735.4000244140625,734.1199951171875,735.3200073242188,493308
2026-06-26 16:10:00+00:00,734.1199951171875,734.489990234375,733.7999877929688,734.239990234375,298964
2026-06-26 16:15:00+00:00,734.0,734.6300048828125,733.780029296875,734.1300048828125,378112
2026-06-26 16:20:00+00:00,733.239990234375,734.1400146484375,732.739990234375,734.010009765625,683169
2026-06-26 16:25:00+00:00,733.4199829101562,733.6400146484375,733.114990234375,733.239990234375,248333
2026-06-26 16:30:00+00:00,734.6300048828125,734.7000122070312,733.4000244140625,733.4000244140625,399655
2026-06-26 16:35:00+00:00,734.3900146484375,734.780029296875,734.219970703125,734.6400146484375,387603
2026-06-26 16:40:00+00:00,734.030029296875,734.6400146484375,733.989990234375,734.4199829101562,282984
2026-06-26 16:45:00+00:00,734.35498046875,734.3900146484375,733.8499755859375,734.0499877929688,242152
2026-06-26 16:50:00+00:00,734.6099853515625,734.9000244140625,734.280029296875,734.3599853515625,308567
2026-06-26 16:55:00+00:00,734.469970703125,734.5999755859375,734.25,734.5999755859375,553633
2026-06-26 17:00:00+00:00,734.9299926757812,735.1898803710938,734.1699829101562,734.47998046875,1072586
2026-06-26 17:05:00+00:00,735.6500244140625,735.7899780273438,734.9099731445312,734.9349975585938,503894
2026-06-26 17:10:00+00:00,735.0850219726562,735.8599853515625,734.9299926757812,735.6199951171875,269283
2026-06-26 17:15:00+00:00,734.4400024414062,735.159912109375,734.2899780273438,735.0999755859375,312733
2026-06-26 17:20:00+00:00,734.0499877929688,734.6199951171875,733.9600219726562,734.4500122070312,254430
2026-06-26 17:25:00+00:00,734.719970703125,734.97998046875,733.7899780273438,734.0399780273438,299790
2026-06-26 17:30:00+00:00,734.6325073242188,735.3900146484375,734.4500122070312,734.719970703125,607375
2026-06-26 17:35:00+00:00,734.0499877929688,734.6300048828125,733.989990234375,734.6199951171875,210745
2026-06-26 17:40:00+00:00,734.260009765625,734.530029296875,733.6199951171875,734.0499877929688,256537
2026-06-26 17:45:00+00:00,733.8599853515625,734.4099731445312,733.8400268554688,734.260009765625,308354
2026-06-26 17:50:00+00:00,734.0800170898438,734.3200073242188,733.7999877929688,733.8599853515625,490773
2026-06-26 17:55:00+00:00,733.6599731445312,734.0900268554688,733.469970703125,734.0599975585938,257240
2026-06-26 18:00:00+00:00,734.260009765625,734.4000244140625,733.6300048828125,733.6900024414062,425897
2026-06-26 18:05:00+00:00,734.1900024414062,734.5900268554688,734.0399780273438,734.22998046875,414628
2026-06-26 18:10:00+00:00,734.0399780273438,734.4349975585938,733.8599853515625,734.1500244140625,410104
2026-06-26 18:15:00+00:00,733.4000244140625,734.219970703125,733.239990234375,734.0499877929688,401311
2026-06-26 18:20:00+00:00,733.5599975585938,733.6699829101562,733.239990234375,733.4000244140625,362582
2026-06-26 18:25:00+00:00,732.8300170898438,733.6699829101562,732.739990234375,733.5499877929688,523588
2026-06-26 18:30:00+00:00,733.4650268554688,733.6699829101562,732.77001953125,732.8300170898438,500496
2026-06-26 18:35:00+00:00,732.8900146484375,733.47998046875,732.72998046875,733.469970703125,653782
2026-06-26 18:40:00+00:00,732.77001953125,733.1500244140625,732.7501220703125,732.89501953125,275589
2026-06-26 18:45:00+00:00,732.0299072265625,732.8099975585938,731.760009765625,732.8099975585938,1343333
2026-06-26 18:50:00+00:00,731.7899780273438,732.1199951171875,731.6099853515625,732.030029296875,705681
2026-06-26 18:55:00+00:00,731.6199951171875,732.1300048828125,731.280029296875,731.7899780273438,642203
2026-06-26 19:00:00+00:00,731.4600219726562,732.0999755859375,731.4299926757812,731.6300048828125,747871
2026-06-26 19:05:00+00:00,732.3499755859375,732.47998046875,731.3300170898438,731.4299926757812,584108
2026-06-26 19:10:00+00:00,732.7899780273438,732.7999877929688,732.0125122070312,732.3400268554688,743956
2026-06-26 19:15:00+00:00,732.75,732.989990234375,732.4400024414062,732.77001953125,904491
2026-06-26 19:20:00+00:00,732.27001953125,732.8900146484375,731.780029296875,732.75,666454
2026-06-26 19:25:00+00:00,732.1900024414062,732.47998046875,732.0999755859375,732.260986328125,457110
2026-06-26 19:30:00+00:00,732.6699829101562,732.8699951171875,731.760009765625,732.2000122070312,779885
2026-06-26 19:35:00+00:00,732.33251953125,732.8599853515625,732.280029296875,732.6599731445312,923723
2026-06-26 19:40:00+00:00,733.27001953125,733.3499755859375,732.3099975585938,732.3300170898438,602325
2026-06-26 19:45:00+00:00,733.0499877929688,733.8599853515625,732.7100219726562,733.280029296875,1278652
2026-06-26 19:50:00+00:00,733.1500244140625,733.6699829101562,732.5601196289062,733.0399780273438,1508906
2026-06-26 19:55:00+00:00,729.0800170898438,733.5999755859375,716.5800170898438,733.1300048828125,6846621
2026-06-29 13:30:00+00:00,738.6799926757812,738.760009765625,735.2999877929688,736.5250244140625,2570080
2026-06-29 13:35:00+00:00,738.0299072265625,738.6799926757812,736.9299926757812,738.6699829101562,804156
2026-06-29 13:40:00+00:00,739.239990234375,739.25,737.4400024414062,738.010009765625,641410
2026-06-29 13:45:00+00:00,738.8499755859375,739.72998046875,738.7849731445312,739.25,956993
2026-06-29 13:50:00+00:00,738.9000244140625,739.89501953125,738.3499755859375,738.8499755859375,575442
2026-06-29 13:55:00+00:00,736.889892578125,739.010009765625,736.4099731445312,738.8900146484375,891566
2026-06-29 14:00:00+00:00,736.0499877929688,737.0700073242188,735.8800048828125,736.8699951171875,956842
2026-06-29 14:05:00+00:00,735.051513671875,736.1599731445312,734.6500244140625,736.0499877929688,781976
2026-06-29 14:10:00+00:00,732.7000122070312,735.3300170898438,732.7000122070312,735.0800170898438,880684
2026-06-29 14:15:00+00:00,733.6900024414062,733.9400024414062,732.0900268554688,732.7000122070312,1327368
2026-06-29 14:20:00+00:00,734.1599731445312,734.5850219726562,733.3099975585938,733.719970703125,806300
2026-06-29 14:25:00+00:00,736.0700073242188,736.1900024414062,734.1400146484375,734.1599731445312,972450
2026-06-29 14:30:00+00:00,737.4000244140625,737.6500244140625,735.9299926757812,736.0800170898438,811881
2026-06-29 14:35:00+00:00,737.1400146484375,737.719970703125,736.8699951171875,737.39501953125,585582
2026-06-29 14:40:00+00:00,737.0499877929688,737.8099975585938,736.8200073242188,737.0999755859375,444038
2026-06-29 14:45:00+00:00,736.6599731445312,737.0399780273438,735.8800048828125,737.0399780273438,868092
2026-06-29 14:50:00+00:00,737.9650268554688,738.3200073242188,736.6300048828125,736.6500244140625,573435
2026-06-29 14:55:00+00:00,737.8599853515625,737.9600219726562,737.1400146484375,737.9600219726562,400504
2026-06-29 15:00:00+00:00,737.3579711914062,738.02001953125,737.2000122070312,737.8800048828125,481912
2026-06-29 15:05:00+00:00,737.2100219726562,737.530029296875,737.02001953125,737.3599853515625,272363
2026-06-29 15:10:00+00:00,737.4600219726562,737.47998046875,736.5,737.2100219726562,372214
2026-06-29 15:15:00+00:00,736.969970703125,737.739990234375,736.9000244140625,737.47998046875,308183
2026-06-29 15:20:00+00:00,736.72998046875,737.489990234375,736.3300170898438,736.9600219726562,432927
2026-06-29 15:25:00+00:00,737.77001953125,737.8200073242188,736.5499877929688,736.719970703125,252935
2026-06-29 15:30:00+00:00,737.5999755859375,738.030029296875,737.530029296875,737.760009765625,531255
2026-06-29 15:35:00+00:00,738.0499877929688,738.1699829101562,737.2100219726562,737.5800170898438,319713
2026-06-29 15:40:00+00:00,738.4400024414062,738.489990234375,737.719970703125,738.010009765625,290035
2026-06-29 15:45:00+00:00,737.9099731445312,738.4450073242188,737.780029296875,738.4400024414062,474121
2026-06-29 15:50:00+00:00,738.0599975585938,738.1799926757812,737.760009765625,737.9199829101562,201728
2026-06-29 15:55:00+00:00,738.510009765625,738.5800170898438,737.8244018554688,738.0399780273438,241579
2026-06-29 16:00:00+00:00,738.9000244140625,738.9099731445312,738.4600219726562,738.5399780273438,582153
2026-06-29 16:05:00+00:00,738.7901000976562,739.1300048828125,738.6599731445312,738.8900146484375,480507
2026-06-29 16:10:00+00:00,738.5,738.989990234375,738.4400024414062,738.8201293945312,184103
2026-06-29 16:15:00+00:00,738.5800170898438,738.8400268554688,738.4400024414062,738.5,1903895
2026-06-29 16:20:00+00:00,738.77001953125,738.8099975585938,738.3699951171875,738.5599975585938,192392
2026-06-29 16:25:00+00:00,738.3300170898438,738.8499755859375,738.260009765625,738.760009765625,278007
2026-06-29 16:30:00+00:00,738.1199951171875,738.510009765625,737.969970703125,738.3400268554688,245356
2026-06-29 16:35:00+00:00,738.4450073242188,738.4500122070312,737.989990234375,738.1199951171875,262037
2026-06-29 16:40:00+00:00,738.5,738.5800170898438,738.3099975585938,738.4400024414062,149573
2026-06-29 16:45:00+00:00,738.4600219726562,738.6201171875,738.1900024414062,738.510009765625,163806
2026-06-29 16:50:00+00:00,738.885009765625,738.9500122070312,738.4099731445312,738.510009765625,255152
2026-06-29 16:55:00+00:00,738.6799926757812,738.8900146484375,738.6199951171875,738.8800048828125,756865
2026-06-29 17:00:00+00:00,739.02001953125,739.0599975585938,738.6900024414062,738.6900024414062,156207
2026-06-29 17:05:00+00:00,739.260009765625,739.3699951171875,738.9600219726562,739.02001953125,188961
2026-06-29 17:10:00+00:00,739.969970703125,740.2000122070312,739.260009765625,739.280029296875,554729
2026-06-29 17:15:00+00:00,740.0750122070312,740.2999877929688,739.8699951171875,739.97998046875,250101
2026-06-29 17:20:00+00:00,739.5,740.375,739.4849853515625,740.0499877929688,443003
2026-06-29 17:25:00+00:00,740.1400146484375,740.1799926757812,739.4600219726562,739.5,346510
2026-06-29 17:30:00+00:00,740.2899780273438,740.6300048828125,739.97998046875,740.135009765625,280931
2026-06-29 17:35:00+00:00,740.3200073242188,740.4199829101562,739.97998046875,740.2999877929688,197183
2026-06-29 17:40:00+00:00,740.2849731445312,740.4500122070312,740.260009765625,740.2999877929688,136083
2026-06-29 17:45:00+00:00,740.489990234375,740.5599975585938,740.0999755859375,740.2899780273438,177140
2026-06-29 17:50:00+00:00,740.5599975585938,740.8200073242188,740.39501953125,740.489990234375,179744
2026-06-29 17:55:00+00:00,740.4099731445312,740.6799926757812,740.1699829101562,740.5499877929688,184755
2026-06-29 18:00:00+00:00,740.6099853515625,740.77001953125,740.22998046875,740.4000244140625,290116
2026-06-29 18:05:00+00:00,740.52001953125,740.760009765625,740.4400024414062,740.6099853515625,523343
2026-06-29 18:10:00+00:00,740.5789794921875,740.7100219726562,740.4299926757812,740.52001953125,709069
2026-06-29 18:15:00+00:00,740.4199829101562,740.6199951171875,740.3599853515625,740.5700073242188,298207
2026-06-29 18:20:00+00:00,740.4000244140625,740.5800170898438,740.1799926757812,740.4299926757812,263078
2026-06-29 18:25:00+00:00,740.2150268554688,740.4099731445312,740.1199951171875,740.4099731445312,514123
2026-06-29 18:30:00+00:00,740.6099853515625,740.719970703125,740.1500244140625,740.2150268554688,309890
2026-06-29 18:35:00+00:00,740.7949829101562,740.9500122070312,740.5499877929688,740.6300048828125,295728
2026-06-29 18:40:00+00:00,740.969970703125,741.0499877929688,740.6900024414062,740.7999877929688,290475
2026-06-29 18:45:00+00:00,740.9600219726562,741.1900024414062,740.8699951171875,740.989990234375,308883
2026-06-29 18:50:00+00:00,740.85498046875,740.9550170898438,740.6799926757812,740.9400024414062,334165
2026-06-29 18:55:00+00:00,740.6849975585938,740.9099731445312,740.5599975585938,740.85498046875,428554
2026-06-29 19:00:00+00:00,740.614990234375,740.9199829101562,740.510009765625,740.6900024414062,1115678
2026-06-29 19:05:00+00:00,740.760009765625,740.97998046875,740.52001953125,740.6099853515625,336859
2026-06-29 19:10:00+00:00,740.5800170898438,740.7999877929688,740.52001953125,740.760009765625,989256
2026-06-29 19:15:00+00:00,740.6400146484375,740.7899780273438,740.3400268554688,740.5700073242188,812481
2026-06-29 19:20:00+00:00,741.0,741.1199951171875,740.6400146484375,740.6400146484375,420945
2026-06-29 19:25:00+00:00,740.8699951171875,741.0399780273438,740.8699951171875,741.0,591095
2026-06-29 19:30:00+00:00,740.489990234375,740.9099731445312,740.4299926757812,740.8699951171875,535172
2026-06-29 19:35:00+00:00,740.719970703125,740.7550048828125,740.47998046875,740.47998046875,571833
2026-06-29 19:40:00+00:00,740.6500244140625,740.989990234375,740.4600219726562,740.719970703125,1205474
2026-06-29 19:45:00+00:00,740.8900146484375,740.9199829101562,740.5999755859375,740.6500244140625,923273
2026-06-29 19:50:00+00:00,740.2899780273438,741.0,740.22998046875,740.8900146484375,2384337
2026-06-29 19:55:00+00:00,740.8499755859375,741.5599975585938,740.2899780273438,740.2899780273438,4054970
2026-06-30 13:30:00+00:00,741.3049926757812,741.969970703125,740.8900146484375,741.2899780273438,1787543
2026-06-30 13:35:00+00:00,741.469970703125,742.0900268554688,741.1099853515625,741.3099975585938,778822
2026-06-30 13:40:00+00:00,741.9099731445312,742.3099975585938,741.22998046875,741.4600219726562,910901
2026-06-30 13:45:00+00:00,742.010009765625,742.3099975585938,741.6699829101562,741.8699951171875,592726
2026-06-30 13:50:00+00:00,743.1799926757812,743.469970703125,741.8800048828125,741.989990234375,1009884
2026-06-30 13:55:00+00:00,743.9199829101562,743.9600219726562,743.1599731445312,743.1799926757812,547698
2026-06-30 14:00:00+00:00,744.52001953125,744.530029296875,742.8599853515625,743.9099731445312,3100579
2026-06-30 14:05:00+00:00,743.5399780273438,744.5299072265625,743.3699951171875,744.52001953125,369176
2026-06-30 14:10:00+00:00,743.6300048828125,743.8800048828125,743.1724853515625,743.5650024414062,418594
2026-06-30 14:15:00+00:00,743.5599975585938,743.8499755859375,743.3099975585938,743.6199951171875,298480
2026-06-30 14:20:00+00:00,744.2999877929688,744.4600219726562,743.4600219726562,743.5700073242188,299097
2026-06-30 14:25:00+00:00,744.47998046875,744.5750122070312,744.02001953125,744.3109741210938,237314
2026-06-30 14:30:00+00:00,745.3200073242188,745.3300170898438,744.4400024414062,744.469970703125,434445
2026-06-30 14:35:00+00:00,744.5549926757812,745.3800048828125,744.3400268554688,745.3300170898438,625219
2026-06-30 14:40:00+00:00,744.780029296875,744.9249877929688,744.1599731445312,744.5599975585938,334239
2026-06-30 14:45:00+00:00,743.8699951171875,744.8099975585938,743.6511840820312,744.7999877929688,317645
2026-06-30 14:50:00+00:00,743.3798828125,744.27001953125,743.3200073242188,743.8900146484375,341395
2026-06-30 14:55:00+00:00,743.3198852539062,743.719970703125,742.9299926757812,743.3800048828125,263306
2026-06-30 15:00:00+00:00,744.1699829101562,744.3200073242188,743.239990234375,743.3200073242188,269756
2026-06-30 15:05:00+00:00,744.4249877929688,744.510009765625,743.7999877929688,744.1699829101562,284409
2026-06-30 15:10:00+00:00,744.8300170898438,744.9199829101562,744.3300170898438,744.4400024414062,466836
2026-06-30 15:15:00+00:00,744.5499877929688,744.8800048828125,744.3599853515625,744.8200073242188,225849
2026-06-30 15:20:00+00:00,745.1400146484375,745.218994140625,744.530029296875,744.5499877929688,346595
2026-06-30 15:25:00+00:00,745.260009765625,745.3599853515625,744.97998046875,745.1500244140625,317186
2026-06-30 15:30:00+00:00,745.4500122070312,745.47998046875,745.0499877929688,745.2750244140625,457431
2026-06-30 15:35:00+00:00,744.9400024414062,745.47998046875,744.8499755859375,745.4299926757812,262459
2026-06-30 15:40:00+00:00,745.030029296875,745.25,744.7940063476562,744.9500122070312,194669
2026-06-30 15:45:00+00:00,745.4149780273438,745.6900024414062,745.030029296875,745.030029296875,244820
2026-06-30 15:50:00+00:00,745.6799926757812,745.7349853515625,745.280029296875,745.4299926757812,221972
2026-06-30 15:55:00+00:00,745.7899780273438,746.0,745.6300048828125,745.6699829101562,353269
2026-06-30 16:00:00+00:00,746.0,746.1500244140625,745.760009765625,745.7999877929688,391433
2026-06-30 16:05:00+00:00,746.0850219726562,746.405029296875,745.97998046875,746.0025024414062,333250
2026-06-30 16:10:00+00:00,746.280029296875,746.3200073242188,746.0499877929688,746.0800170898438,226252
2026-06-30 16:15:00+00:00,746.3900146484375,746.6199951171875,746.1799926757812,746.27001953125,380723
2026-06-30 16:20:00+00:00,746.4199829101562,746.530029296875,746.260009765625,746.3900146484375,239427
2026-06-30 16:25:00+00:00,746.2899780273438,746.4400024414062,746.260009765625,746.4199829101562,366476
2026-06-30 16:30:00+00:00,746.219970703125,746.4199829101562,746.1199951171875,746.2899780273438,298510
2026-06-30 16:35:00+00:00,746.4199829101562,746.4199829101562,746.1199951171875,746.219970703125,185406
2026-06-30 16:40:00+00:00,746.5307006835938,746.6099853515625,746.3300170898438,746.4000244140625,293982
2026-06-30 16:45:00+00:00,746.7899780273438,746.7899780273438,746.47998046875,746.5399780273438,282884
2026-06-30 16:50:00+00:00,746.9400024414062,747.0399780273438,746.6300048828125,746.7899780273438,406701
2026-06-30 16:55:00+00:00,746.77001953125,747.0,746.655029296875,746.9500122070312,231170
2026-06-30 17:00:00+00:00,746.97998046875,747.1400146484375,746.77001953125,746.780029296875,222298
2026-06-30 17:05:00+00:00,746.8699951171875,747.0800170898438,746.8400268554688,746.97998046875,192471
2026-06-30 17:10:00+00:00,746.594970703125,746.9199829101562,746.5750122070312,746.8900146484375,176597
2026-06-30 17:15:00+00:00,746.6400146484375,746.7424926757812,746.52001953125,746.594970703125,442476
2026-06-30 17:20:00+00:00,746.6950073242188,746.8900146484375,746.5999755859375,746.6500244140625,203658
2026-06-30 17:25:00+00:00,746.489990234375,746.75,746.3699951171875,746.7000122070312,222828
2026-06-30 17:30:00+00:00,746.5700073242188,746.6699829101562,746.3200073242188,746.510009765625,206833
2026-06-30 17:35:00+00:00,746.2000122070312,746.6199951171875,746.1500244140625,746.5700073242188,430786
2026-06-30 17:40:00+00:00,746.6099853515625,746.6300048828125,746.1799926757812,746.2000122070312,313834
2026-06-30 17:45:00+00:00,746.3699951171875,746.6599731445312,746.3200073242188,746.60498046875,275184
2026-06-30 17:50:00+00:00,746.469970703125,746.5999755859375,746.2999877929688,746.3800048828125,188357
2026-06-30 17:55:00+00:00,746.489990234375,746.5399780273438,746.4000244140625,746.4600219726562,171685
2026-06-30 18:00:00+00:00,746.6599731445312,746.8599853515625,746.3800048828125,746.489990234375,283412
2026-06-30 18:05:00+00:00,746.6599731445312,746.77001953125,746.3200073242188,746.6649780273438,284579
2026-06-30 18:10:00+00:00,746.77001953125,746.8250122070312,746.5850219726562,746.6599731445312,225522
2026-06-30 18:15:00+00:00,746.9500122070312,746.9650268554688,746.6799926757812,746.77001953125,236989
2026-06-30 18:20:00+00:00,746.8699951171875,747.0800170898438,746.8499755859375,746.9400024414062,364063
2026-06-30 18:25:00+00:00,746.7999877929688,746.9199829101562,746.7000122070312,746.8599853515625,207765
2026-06-30 18:30:00+00:00,746.6900024414062,746.8200073242188,746.5599975585938,746.77001953125,299568
2026-06-30 18:35:00+00:00,746.72998046875,746.8499755859375,746.6599731445312,746.7000122070312,240346
2026-06-30 18:40:00+00:00,746.97998046875,747.0599975585938,746.719970703125,746.7249755859375,299062
2026-06-30 18:45:00+00:00,747.3300170898438,747.3499755859375,746.8599853515625,746.969970703125,407624
2026-06-30 18:50:00+00:00,747.1300048828125,747.4400024414062,747.0,747.3200073242188,358764
2026-06-30 18:55:00+00:00,747.1300048828125,747.3300170898438,747.0900268554688,747.125,363398
2026-06-30 19:00:00+00:00,747.25,747.4000244140625,747.1099853515625,747.1300048828125,336809
2026-06-30 19:05:00+00:00,747.5,747.5999755859375,747.1300048828125,747.22998046875,375077
2026-06-30 19:10:00+00:00,747.719970703125,747.780029296875,747.3200073242188,747.5020141601562,470204
2026-06-30 19:15:00+00:00,747.6199951171875,748.02001953125,747.5999755859375,747.719970703125,660814
2026-06-30 19:20:00+00:00,747.6300048828125,747.7999877929688,747.469970703125,747.6400146484375,1152773
2026-06-30 19:25:00+00:00,747.4199829101562,747.7000122070312,747.2999877929688,747.6199951171875,952990
2026-06-30 19:30:00+00:00,747.1400146484375,747.489990234375,747.1300048828125,747.4299926757812,683924
2026-06-30 19:35:00+00:00,746.9299926757812,747.2000122070312,746.72998046875,747.14501953125,706926
2026-06-30 19:40:00+00:00,747.1300048828125,747.1400146484375,746.8099975585938,746.9199829101562,732755
2026-06-30 19:45:00+00:00,746.9099731445312,747.3499755859375,746.8150024414062,747.1389770507812,885649
2026-06-30 19:50:00+00:00,747.4400024414062,747.489990234375,746.6749877929688,746.9000244140625,1610289
2026-06-30 19:55:00+00:00,746.47998046875,747.8599853515625,746.3699951171875,747.4500122070312,8282003
2026-07-01 13:30:00+00:00,742.6300048828125,745.1799926757812,742.5,745.0,2388004
2026-07-01 13:35:00+00:00,743.072509765625,743.4099731445312,742.375,742.6300048828125,912760
2026-07-01 13:40:00+00:00,743.2100219726562,743.75,742.780029296875,743.1199951171875,1153801
2026-07-01 13:45:00+00:00,743.6900024414062,744.119873046875,742.8599853515625,743.219970703125,913819
2026-07-01 13:50:00+00:00,744.75,744.9199829101562,743.6099853515625,743.6900024414062,846149
2026-07-01 13:55:00+00:00,745.3200073242188,745.3400268554688,744.4801025390625,744.739990234375,828006
2026-07-01 14:00:00+00:00,745.3900146484375,745.6300048828125,745.0,745.3400268554688,483830
2026-07-01 14:05:00+00:00,746.094970703125,746.3049926757812,745.3300170898438,745.405029296875,543302
2026-07-01 14:10:00+00:00,746.6099853515625,746.8900146484375,746.02001953125,746.0900268554688,628072
2026-07-01 14:15:00+00:00,746.75,746.8300170898438,746.3499755859375,746.64501953125,750140
2026-07-01 14:20:00+00:00,746.8099975585938,746.989990234375,746.6300048828125,746.739990234375,454617
2026-07-01 14:25:00+00:00,746.8200073242188,747.02001953125,746.6699829101562,746.8099975585938,300827
2026-07-01 14:30:00+00:00,746.3049926757812,746.9000244140625,746.02001953125,746.8200073242188,419233
2026-07-01 14:35:00+00:00,746.9199829101562,746.9299926757812,746.0,746.2899780273438,487713
2026-07-01 14:40:00+00:00,746.6400146484375,747.1099853515625,746.469970703125,746.8930053710938,546225
2026-07-01 14:45:00+00:00,746.4600219726562,746.6400146484375,745.6900024414062,746.6099853515625,481804
2026-07-01 14:50:00+00:00,746.8599853515625,747.0700073242188,746.41748046875,746.489990234375,379682
2026-07-01 14:55:00+00:00,746.9600219726562,746.969970703125,746.3800048828125,746.8800048828125,306704
2026-07-01 15:00:00+00:00,747.780029296875,747.9149780273438,746.9000244140625,746.989990234375,506271
2026-07-01 15:05:00+00:00,747.6599731445312,748.0700073242188,747.3900146484375,747.7849731445312,718027
2026-07-01 15:10:00+00:00,748.0700073242188,748.0900268554688,747.4708862304688,747.6699829101562,407140
2026-07-01 15:15:00+00:00,748.47998046875,748.6400146484375,748.030029296875,748.0900268554688,573080
2026-07-01 15:20:00+00:00,748.8900146484375,749.0499877929688,748.47998046875,748.47998046875,527674
2026-07-01 15:25:00+00:00,749.2899780273438,749.3200073242188,748.8099975585938,748.8699951171875,768037
2026-07-01 15:30:00+00:00,748.6599731445312,749.364990234375,748.6400146484375,749.280029296875,320244
2026-07-01 15:35:00+00:00,748.6300048828125,748.8800048828125,748.3400268554688,748.6500244140625,360520
2026-07-01 15:40:00+00:00,748.8099975585938,748.9099731445312,748.5,748.6599731445312,248668
2026-07-01 15:45:00+00:00,748.4600219726562,748.9099731445312,748.3599853515625,748.780029296875,336484
2026-07-01 15:50:00+00:00,748.52001953125,748.8400268554688,748.3499755859375,748.469970703125,193883
2026-07-01 15:55:00+00:00,748.7899780273438,748.8800048828125,748.3599853515625,748.52001953125,286282
2026-07-01 16:00:00+00:00,748.8099975585938,749.1400146484375,748.6900024414062,748.8109741210938,262549
2026-07-01 16:05:00+00:00,748.8800048828125,749.0900268554688,748.6699829101562,748.7999877929688,152324
2026-07-01 16:10:00+00:00,749.0900268554688,749.1400146484375,748.72998046875,748.8800048828125,177492
2026-07-01 16:15:00+00:00,749.0800170898438,749.1699829101562,748.8599853515625,749.0800170898438,385667
2026-07-01 16:20:00+00:00,749.239990234375,749.4349975585938,748.97998046875,749.0800170898438,236481
2026-07-01 16:25:00+00:00,748.9700927734375,749.3599853515625,748.969970703125,749.25,204706
2026-07-01 16:30:00+00:00,749.0399780273438,749.2100219726562,748.969970703125,748.97998046875,137705
2026-07-01 16:35:00+00:00,748.5599975585938,749.030029296875,748.52001953125,749.02001953125,250109
2026-07-01 16:40:00+00:00,748.5999755859375,748.6799926757812,748.2899780273438,748.5399780273438,295509
2026-07-01 16:45:00+00:00,748.3200073242188,748.8300170898438,748.3200073242188,748.6099853515625,283186
2026-07-01 16:50:00+00:00,748.0599975585938,748.5549926757812,747.89501953125,748.3250122070312,313846
2026-07-01 16:55:00+00:00,747.52001953125,748.1300048828125,747.322509765625,748.0800170898438,318935
2026-07-01 17:00:00+00:00,747.5150146484375,747.9299926757812,747.3900146484375,747.510009765625,250031
2026-07-01 17:05:00+00:00,747.47998046875,747.569091796875,747.0399780273438,747.510009765625,456779
2026-07-01 17:10:00+00:00,747.8201293945312,747.8699951171875,747.27001953125,747.5,178588
2026-07-01 17:15:00+00:00,748.0700073242188,748.1199951171875,747.720703125,747.8200073242188,321515
2026-07-01 17:20:00+00:00,748.2100219726562,748.3099975585938,748.0499877929688,748.0900268554688,179773
2026-07-01 17:25:00+00:00,747.9299926757812,748.4199829101562,747.9199829101562,748.2398071289062,271513
2026-07-01 17:30:00+00:00,747.8200073242188,748.1799926757812,747.6799926757812,747.9400024414062,210559
2026-07-01 17:35:00+00:00,747.9400024414062,748.0499877929688,747.6500244140625,747.8400268554688,218628
2026-07-01 17:40:00+00:00,747.489990234375,747.97998046875,747.469970703125,747.9500122070312,119831
2026-07-01 17:45:00+00:00,747.4199829101562,747.6400146484375,747.2899780273438,747.47998046875,225530
2026-07-01 17:50:00+00:00,747.5999755859375,747.7399291992188,747.239990234375,747.4199829101562,184187
2026-07-01 17:55:00+00:00,747.1950073242188,747.6199951171875,747.1599731445312,747.6099853515625,234030
2026-07-01 18:00:00+00:00,747.6900024414062,747.6900024414062,747.14501953125,747.2000122070312,420904
2026-07-01 18:05:00+00:00,747.530029296875,747.6799926757812,747.2899780273438,747.6799926757812,194348
2026-07-01 18:10:00+00:00,747.0999755859375,747.5499877929688,747.0900268554688,747.510009765625,184084
2026-07-01 18:15:00+00:00,747.2100219726562,747.260009765625,746.7100219726562,747.0900268554688,339707
2026-07-01 18:20:00+00:00,747.4400024414062,747.4400024414062,747.1199951171875,747.219970703125,338516
2026-07-01 18:25:00+00:00,747.1400146484375,747.5349731445312,747.1300048828125,747.4299926757812,204926
2026-07-01 18:30:00+00:00,747.219970703125,747.2698974609375,747.0,747.1300048828125,233101
2026-07-01 18:35:00+00:00,747.280029296875,747.3800048828125,747.0900268554688,747.2000122070312,212911
2026-07-01 18:40:00+00:00,747.1799926757812,747.3300170898438,747.0499877929688,747.27001953125,232956
2026-07-01 18:45:00+00:00,746.9299926757812,747.2000122070312,746.6801147460938,747.1799926757812,372970
2026-07-01 18:50:00+00:00,746.4801025390625,746.9949951171875,746.4500122070312,746.9349975585938,435589
2026-07-01 18:55:00+00:00,746.8499755859375,746.9299926757812,746.4500122070312,746.47998046875,284593
2026-07-01 19:00:00+00:00,747.2750244140625,747.3300170898438,746.780029296875,746.8599853515625,441118
2026-07-01 19:05:00+00:00,747.6099853515625,747.6900024414062,747.239990234375,747.260009765625,412872
2026-07-01 19:10:00+00:00,747.3499755859375,747.6199951171875,747.219970703125,747.5999755859375,441600
2026-07-01 19:15:00+00:00,747.4000244140625,747.5900268554688,747.27001953125,747.3200073242188,225077
2026-07-01 19:20:00+00:00,747.489990234375,747.530029296875,747.280029296875,747.4099731445312,254844
2026-07-01 19:25:00+00:00,746.9400024414062,747.5,746.9400024414062,747.5,601085
2026-07-01 19:30:00+00:00,747.1500244140625,747.3099975585938,746.9299926757812,746.9400024414062,546729
2026-07-01 19:35:00+00:00,746.8400268554688,747.1599731445312,746.77001953125,747.1400146484375,426906
2026-07-01 19:40:00+00:00,746.6500244140625,746.8699951171875,746.4600219726562,746.8300170898438,953912
2026-07-01 19:45:00+00:00,746.52001953125,746.6799926757812,746.3300170898438,746.6500244140625,673954
2026-07-01 19:50:00+00:00,746.239990234375,746.7999877929688,745.9199829101562,746.530029296875,1424220
2026-07-01 19:55:00+00:00,745.7000122070312,746.25,745.1599731445312,746.22998046875,4176329
2026-07-02 13:30:00+00:00,748.5599975585938,748.719970703125,747.0999755859375,747.4000244140625,2508520
2026-07-02 13:35:00+00:00,748.780029296875,749.1900024414062,747.989990234375,748.5399780273438,539873
2026-07-02 13:40:00+00:00,749.7999877929688,750.25,748.6300048828125,748.8099975585938,706026
2026-07-02 13:45:00+00:00,750.405029296875,750.7362060546875,749.510009765625,749.760009765625,474360
2026-07-02 13:50:00+00:00,750.469970703125,751.2449951171875,750.1799926757812,750.4190063476562,707106
2026-07-02 13:55:00+00:00,750.760009765625,750.77001953125,750.030029296875,750.489990234375,435326
2026-07-02 14:00:00+00:00,750.7794799804688,751.0900268554688,750.4000244140625,750.780029296875,387736
2026-07-02 14:05:00+00:00,750.2449951171875,751.3099975585938,750.1199951171875,750.780029296875,505269
2026-07-02 14:10:00+00:00,750.9600219726562,751.239990234375,749.6699829101562,750.260009765625,578904
2026-07-02 14:15:00+00:00,750.6699829101562,751.219970703125,750.1400146484375,750.969970703125,390691
2026-07-02 14:20:00+00:00,749.6500244140625,750.77001953125,749.52001953125,750.6599731445312,628550
2026-07-02 14:25:00+00:00,747.9400024414062,749.7999877929688,747.6099853515625,749.6599731445312,986129
2026-07-02 14:30:00+00:00,748.27001953125,749.3800048828125,747.5599975585938,747.9500122070312,701328
2026-07-02 14:35:00+00:00,748.4550170898438,749.1400146484375,747.8040161132812,748.2750244140625,417189
2026-07-02 14:40:00+00:00,746.8800048828125,748.6300048828125,746.3499755859375,748.4500122070312,636437
2026-07-02 14:45:00+00:00,747.27001953125,747.6799926757812,746.3200073242188,746.8900146484375,489508
2026-07-02 14:50:00+00:00,746.5,747.7100219726562,746.02001953125,747.2849731445312,459111
2026-07-02 14:55:00+00:00,747.6599731445312,747.6699829101562,746.4299926757812,746.47998046875,266821
2026-07-02 15:00:00+00:00,746.0700073242188,747.8280029296875,746.0399780273438,747.6500244140625,526444
2026-07-02 15:05:00+00:00,745.3624877929688,746.3699951171875,744.2000122070312,746.0900268554688,915252
2026-07-02 15:10:00+00:00,746.0599975585938,746.530029296875,745.010009765625,745.3800048828125,405388
2026-07-02 15:15:00+00:00,744.6300048828125,746.3400268554688,744.4400024414062,746.0599975585938,523939
2026-07-02 15:20:00+00:00,745.8800048828125,745.9400024414062,744.3300170898438,744.6900024414062,448169
2026-07-02 15:25:00+00:00,744.9099731445312,746.02001953125,744.8900146484375,745.9099731445312,406656
2026-07-02 15:30:00+00:00,746.0800170898438,746.2650146484375,744.8699951171875,744.8800048828125,379207
2026-07-02 15:35:00+00:00,746.2349853515625,746.7100219726562,745.9600219726562,746.0999755859375,483631
2026-07-02 15:40:00+00:00,745.2861938476562,746.5499877929688,745.2861938476562,746.22998046875,348866
2026-07-02 15:45:00+00:00,744.8599853515625,745.718994140625,744.739990234375,745.2899780273438,166238
2026-07-02 15:50:00+00:00,744.614990234375,744.8800048828125,744.0499877929688,744.8800048828125,311294
2026-07-02 15:55:00+00:00,744.64501953125,744.9400024414062,744.0700073242188,744.5999755859375,324263
2026-07-02 16:00:00+00:00,744.3200073242188,744.8699951171875,743.6699829101562,744.6500244140625,728464
2026-07-02 16:05:00+00:00,743.906005859375,744.594970703125,743.7999877929688,744.3099975585938,193043
2026-07-02 16:10:00+00:00,744.5,744.669921875,743.8099975585938,743.9500122070312,211939
2026-07-02 16:15:00+00:00,744.0499877929688,744.614990234375,743.969970703125,744.5,219089
2026-07-02 16:20:00+00:00,743.4500122070312,744.0750122070312,743.3699951171875,744.0499877929688,333837
2026-07-02 16:25:00+00:00,743.5399780273438,744.02001953125,743.4199829101562,743.4400024414062,266933
2026-07-02 16:30:00+00:00,742.8300170898438,743.5700073242188,742.8300170898438,743.5599975585938,734008
2026-07-02 16:35:00+00:00,742.6699829101562,743.1099853515625,742.1099853515625,742.8200073242188,479644
2026-07-02 16:40:00+00:00,743.2449951171875,743.3599853515625,742.5999755859375,742.6799926757812,523397
2026-07-02 16:45:00+00:00,742.989990234375,743.27001953125,742.77001953125,743.22998046875,241683
2026-07-02 16:50:00+00:00,742.9000244140625,743.3599853515625,742.5700073242188,742.989990234375,289710
2026-07-02 16:55:00+00:00,742.1799926757812,742.9199829101562,741.8099975585938,742.9099731445312,340170
2026-07-02 17:00:00+00:00,740.85498046875,742.280029296875,740.52001953125,742.2000122070312,475859
2026-07-02 17:05:00+00:00,741.52001953125,741.9500122070312,740.3699951171875,740.8499755859375,513056
2026-07-02 17:10:00+00:00,741.75,741.9400024414062,741.219970703125,741.510009765625,340622
2026-07-02 17:15:00+00:00,741.4600219726562,742.1699829101562,741.3800048828125,741.75,1007248
2026-07-02 17:20:00+00:00,741.3657836914062,741.9000244140625,741.280029296875,741.469970703125,859947
2026-07-02 17:25:00+00:00,741.530029296875,741.6500244140625,741.1400146484375,741.3699951171875,688107
2026-07-02 17:30:00+00:00,741.4299926757812,742.0999755859375,741.4299926757812,741.5399780273438,263261
2026-07-02 17:35:00+00:00,740.75,741.5700073242188,740.6500244140625,741.4299926757812,513240
2026-07-02 17:40:00+00:00,741.1199951171875,741.2100219726562,740.4299926757812,740.7449951171875,259671
2026-07-02 17:45:00+00:00,740.6400146484375,741.1500244140625,740.22998046875,741.0800170898438,336425
2026-07-02 17:50:00+00:00,740.9409790039062,741.1099853515625,740.3499755859375,740.6300048828125,255859
2026-07-02 17:55:00+00:00,740.239990234375,741.02001953125,740.030029296875,740.9400024414062,476222
2026-07-02 18:00:00+00:00,740.9400024414062,740.989990234375,740.0499877929688,740.260009765625,462007
2026-07-02 18:05:00+00:00,742.4400024414062,742.469970703125,740.9000244140625,740.9400024414062,548620
2026-07-02 18:10:00+00:00,742.219970703125,742.9000244140625,742.1300048828125,742.4400024414062,287109
2026-07-02 18:15:00+00:00,741.6900024414062,742.3800048828125,741.4000244140625,742.25,302712
2026-07-02 18:20:00+00:00,742.155029296875,742.2899780273438,741.6649780273438,741.6699829101562,218599
2026-07-02 18:25:00+00:00,742.719970703125,742.72998046875,741.9600219726562,742.155029296875,224082
2026-07-02 18:30:00+00:00,742.9299926757812,743.3400268554688,742.6599731445312,742.7100219726562,397918
2026-07-02 18:35:00+00:00,743.1599731445312,743.280029296875,742.8499755859375,742.9600219726562,263336
2026-07-02 18:40:00+00:00,743.0399780273438,743.3300170898438,742.969970703125,743.1649780273438,239079
2026-07-02 18:45:00+00:00,743.2374877929688,743.2899780273438,742.530029296875,743.0549926757812,345624
2026-07-02 18:50:00+00:00,742.8599853515625,743.510009765625,742.8599853515625,743.219970703125,510746
2026-07-02 18:55:00+00:00,742.989501953125,743.0999755859375,742.5800170898438,742.8699951171875,223207
2026-07-02 19:00:00+00:00,741.648193359375,743.1301879882812,741.5599975585938,742.989990234375,316834
2026-07-02 19:05:00+00:00,741.8599853515625,742.0999755859375,741.27001953125,741.6400146484375,465790
2026-07-02 19:10:00+00:00,742.0399780273438,742.22998046875,741.530029296875,741.875,272595
2026-07-02 19:15:00+00:00,741.7999877929688,742.1500244140625,741.52001953125,742.0499877929688,286971
2026-07-02 19:20:00+00:00,741.5999755859375,741.8900146484375,741.52001953125,741.8200073242188,728011
2026-07-02 19:25:00+00:00,742.3099975585938,742.6400146484375,741.4600219726562,741.5900268554688,628453
2026-07-02 19:30:00+00:00,742.8400268554688,742.8900146484375,742.1699829101562,742.3400268554688,484616
2026-07-02 19:35:00+00:00,743.1099853515625,743.1500244140625,742.5800170898438,742.8499755859375,464160
2026-07-02 19:40:00+00:00,743.25,743.375,742.77001953125,743.1099853515625,614894
2026-07-02 19:45:00+00:00,743.27001953125,743.3800048828125,742.989990234375,743.260009765625,899053
2026-07-02 19:50:00+00:00,744.47998046875,744.510009765625,743.2750244140625,743.280029296875,2388157
2026-07-02 19:55:00+00:00,744.8400268554688,745.5800170898438,744.280029296875,744.5,5949984
2026-07-06 13:30:00+00:00,749.1599731445312,749.4849853515625,748.1199951171875,748.739990234375,1901032
2026-07-06 13:35:00+00:00,748.2916870117188,749.1599731445312,747.4099731445312,749.1599731445312,667148
2026-07-06 13:40:00+00:00,748.6400146484375,748.6599731445312,747.719970703125,748.3099975585938,683589
2026-07-06 13:45:00+00:00,748.9400024414062,749.0999755859375,748.2999877929688,748.6199951171875,796538
2026-07-06 13:50:00+00:00,748.875,749.5399780273438,748.25,748.9500122070312,807576
2026-07-06 13:55:00+00:00,748.5,748.9650268554688,748.3099975585938,748.8699951171875,440195
2026-07-06 14:00:00+00:00,748.3800048828125,749.010009765625,747.969970703125,748.5399780273438,369303
2026-07-06 14:05:00+00:00,748.8099975585938,749.0499877929688,748.0499877929688,748.3400268554688,335369
2026-07-06 14:10:00+00:00,749.4000244140625,749.4500122070312,748.5999755859375,748.8090209960938,432665
2026-07-06 14:15:00+00:00,749.1799926757812,749.47998046875,748.9600219726562,749.4000244140625,1553172
2026-07-06 14:20:00+00:00,749.6500244140625,749.8400268554688,749.0399780273438,749.1900024414062,813372
2026-07-06 14:25:00+00:00,749.9400024414062,749.97998046875,749.5599975585938,749.6699829101562,702714
2026-07-06 14:30:00+00:00,749.7000122070312,750.1699829101562,749.6199951171875,749.9299926757812,539237
2026-07-06 14:35:00+00:00,749.6668090820312,749.8599853515625,749.4400024414062,749.7000122070312,459219
2026-07-06 14:40:00+00:00,749.6699829101562,749.7550048828125,749.0999755859375,749.6500244140625,356776
2026-07-06 14:45:00+00:00,749.75,749.8699951171875,749.5,749.6500244140625,259281
2026-07-06 14:50:00+00:00,749.8900146484375,750.0399780273438,749.5999755859375,749.75,439754
2026-07-06 14:55:00+00:00,750.2750244140625,750.2750244140625,749.7000122070312,749.8599853515625,387027
2026-07-06 15:00:00+00:00,750.1799926757812,750.4199829101562,749.9500122070312,750.280029296875,407756
2026-07-06 15:05:00+00:00,750.25,750.2999877929688,749.9949951171875,750.1749877929688,308518
2026-07-06 15:10:00+00:00,750.1099853515625,750.4000244140625,749.8200073242188,750.260009765625,427011
2026-07-06 15:15:00+00:00,749.989990234375,750.094970703125,749.6099853515625,750.094970703125,275695
2026-07-06 15:20:00+00:00,750.369873046875,750.3699951171875,749.760009765625,749.989990234375,369123
2026-07-06 15:25:00+00:00,750.760009765625,750.8099975585938,750.219970703125,750.3300170898438,777787
2026-07-06 15:30:00+00:00,750.6199951171875,750.9600219726562,750.5900268554688,750.780029296875,388160
2026-07-06 15:35:00+00:00,750.6300048828125,750.7050170898438,750.3499755859375,750.6199951171875,324331
2026-07-06 15:40:00+00:00,750.8099975585938,750.8499755859375,750.5599975585938,750.6300048828125,309989
2026-07-06 15:45:00+00:00,750.8699951171875,750.9299926757812,750.6508178710938,750.8099975585938,318060
2026-07-06 15:50:00+00:00,750.6300048828125,750.969970703125,750.6099853515625,750.8800048828125,351942
2026-07-06 15:55:00+00:00,750.8400268554688,750.9500122070312,750.6199951171875,750.6400146484375,307064
2026-07-06 16:00:00+00:00,750.7999877929688,750.8699951171875,750.6599731445312,750.8300170898438,196362
2026-07-06 16:05:00+00:00,750.9400024414062,751.030029296875,750.72998046875,750.8049926757812,335347
2026-07-06 16:10:00+00:00,750.989990234375,751.1099853515625,750.8800048828125,750.9249877929688,410148
2026-07-06 16:15:00+00:00,750.989990234375,751.0700073242188,750.8499755859375,750.97998046875,337273
2026-07-06 16:20:00+00:00,750.9000244140625,751.1199951171875,750.8200073242188,750.989990234375,285370
2026-07-06 16:25:00+00:00,750.6500244140625,750.9199829101562,750.5499877929688,750.8699951171875,293745
2026-07-06 16:30:00+00:00,750.6300048828125,750.77001953125,750.469970703125,750.6500244140625,394515
2026-07-06 16:35:00+00:00,750.5999755859375,750.6599731445312,750.3900146484375,750.6300048828125,268717
2026-07-06 16:40:00+00:00,750.719970703125,750.760009765625,750.5800170898438,750.60009765625,181265
2026-07-06 16:45:00+00:00,751.010009765625,751.030029296875,750.5499877929688,750.719970703125,320021
2026-07-06 16:50:00+00:00,750.6099853515625,751.0800170898438,750.6099853515625,751.02001953125,233763
2026-07-06 16:55:00+00:00,750.4600219726562,750.7299194335938,750.3699951171875,750.6199951171875,451795
2026-07-06 17:00:00+00:00,750.8756713867188,750.9749755859375,750.405029296875,750.47998046875,268503
2026-07-06 17:05:00+00:00,751.3900146484375,751.530029296875,750.8699951171875,750.8701171875,455392
2026-07-06 17:10:00+00:00,751.3499755859375,751.469970703125,751.1898803710938,751.3800048828125,222312
2026-07-06 17:15:00+00:00,751.0850219726562,751.4400024414062,750.97998046875,751.3400268554688,560672
2026-07-06 17:20:00+00:00,750.969970703125,751.1199951171875,750.8150024414062,751.0800170898438,202340
2026-07-06 17:25:00+00:00,750.7000122070312,751.0999755859375,750.6099853515625,750.969970703125,447552
2026-07-06 17:30:00+00:00,750.3494873046875,750.75,750.25,750.7000122070312,315372
2026-07-06 17:35:00+00:00,750.344970703125,750.530029296875,750.1799926757812,750.3350219726562,218173
2026-07-06 17:40:00+00:00,750.0850219726562,750.3400268554688,749.6300048828125,750.3400268554688,478553
2026-07-06 17:45:00+00:00,750.296875,750.4099731445312,749.8499755859375,750.0850219726562,178229
2026-07-06 17:50:00+00:00,750.0695190429688,750.52001953125,750.0499877929688,750.3099975585938,190389
2026-07-06 17:55:00+00:00,750.1298828125,750.14501953125,749.9299926757812,750.0800170898438,164282
2026-07-06 18:00:00+00:00,750.7100219726562,750.77001953125,750.1300048828125,750.1300048828125,376150
2026-07-06 18:05:00+00:00,750.9600219726562,751.1099853515625,750.6199951171875,750.7100219726562,408703
2026-07-06 18:10:00+00:00,751.010009765625,751.0599975585938,750.8250122070312,750.9600219726562,322665
2026-07-06 18:15:00+00:00,751.3699951171875,751.52001953125,751.02001953125,751.0399780273438,357395
2026-07-06 18:20:00+00:00,751.47998046875,751.5,751.25,751.3599853515625,296442
2026-07-06 18:25:00+00:00,751.3300170898438,751.6063842773438,751.280029296875,751.47998046875,264314
2026-07-06 18:30:00+00:00,751.1300048828125,751.5180053710938,751.0900268554688,751.3300170898438,328390
2026-07-06 18:35:00+00:00,751.0650024414062,751.2899780273438,751.010009765625,751.1199951171875,622291
2026-07-06 18:40:00+00:00,751.239990234375,751.3599853515625,751.0700073242188,751.0700073242188,235840
2026-07-06 18:45:00+00:00,751.5900268554688,751.6680297851562,751.2100219726562,751.25,260397
2026-07-06 18:50:00+00:00,751.8012084960938,751.8200073242188,751.530029296875,751.5900268554688,269865
2026-07-06 18:55:00+00:00,751.9299926757812,752.0250244140625,751.6799926757812,751.8099975585938,393445
2026-07-06 19:00:00+00:00,751.8599853515625,752.1300048828125,751.6799926757812,751.9400024414062,344140
2026-07-06 19:05:00+00:00,751.77001953125,751.97998046875,751.6900024414062,751.8699951171875,831736
2026-07-06 19:10:00+00:00,751.7899780273438,751.9299926757812,751.6900024414062,751.77001953125,365360
2026-07-06 19:15:00+00:00,752.114990234375,752.1400146484375,751.6599731445312,751.7999877929688,876464
2026-07-06 19:20:00+00:00,752.2999877929688,752.4099731445312,752.0001220703125,752.1099853515625,684081
2026-07-06 19:25:00+00:00,752.2899780273438,752.359375,752.1099853515625,752.3099975585938,548469
2026-07-06 19:30:00+00:00,752.0399780273438,752.2899780273438,751.9349975585938,752.280029296875,632983
2026-07-06 19:35:00+00:00,751.9600219726562,752.1500244140625,751.739990234375,752.0449829101562,1458343
2026-07-06 19:40:00+00:00,752.030029296875,752.0449829101562,751.780029296875,751.9500122070312,444293
2026-07-06 19:45:00+00:00,751.9600219726562,752.219970703125,751.8800048828125,752.0399780273438,925725
2026-07-06 19:50:00+00:00,751.2100219726562,751.97998046875,751.2000122070312,751.9600219726562,2227157
2026-07-06 19:55:00+00:00,751.3099975585938,751.4000244140625,750.77001953125,751.219970703125,5168682
2026-07-07 13:30:00+00:00,749.47998046875,750.9600219726562,749.3800048828125,750.219970703125,2008176
2026-07-07 13:35:00+00:00,749.510009765625,749.9199829101562,749.1599731445312,749.4600219726562,633195
2026-07-07 13:40:00+00:00,750.1500854492188,750.22998046875,749.1599731445312,749.47998046875,682340
2026-07-07 13:45:00+00:00,749.6199951171875,750.2100219726562,749.5,750.1599731445312,622507
2026-07-07 13:50:00+00:00,748.9400024414062,749.9000244140625,748.739990234375,749.5900268554688,580944
2026-07-07 13:55:00+00:00,748.8499755859375,749.0499877929688,748.25,748.9400024414062,750127
2026-07-07 14:00:00+00:00,748.5599975585938,749.2000122070312,748.22998046875,748.8504028320312,448314
2026-07-07 14:05:00+00:00,748.280029296875,748.969970703125,748.1199951171875,748.5900268554688,383710
2026-07-07 14:10:00+00:00,747.030029296875,748.2899780273438,746.9600219726562,748.27001953125,777076
2026-07-07 14:15:00+00:00,747.5050048828125,747.5050048828125,746.469970703125,747.0108032226562,743850
2026-07-07 14:20:00+00:00,746.6400146484375,747.7100219726562,746.6199951171875,747.5,421552
2026-07-07 14:25:00+00:00,746.7000122070312,746.719970703125,746.0900268554688,746.6699829101562,838358
2026-07-07 14:30:00+00:00,746.3800048828125,747.010009765625,746.2899780273438,746.6799926757812,687134
2026-07-07 14:35:00+00:00,745.8800048828125,746.5499877929688,745.8699951171875,746.3699951171875,632548
2026-07-07 14:40:00+00:00,745.7899780273438,746.1400146484375,745.2100219726562,745.8800048828125,775993
2026-07-07 14:45:00+00:00,746.1799926757812,746.4849853515625,745.7000122070312,745.7949829101562,496856
2026-07-07 14:50:00+00:00,746.6199951171875,746.7650146484375,745.97998046875,746.1900024414062,490024
2026-07-07 14:55:00+00:00,746.4450073242188,746.9199829101562,746.4299926757812,746.6199951171875,408609
2026-07-07 15:00:00+00:00,746.3699951171875,746.5700073242188,745.9400024414062,746.4600219726562,482982
2026-07-07 15:05:00+00:00,746.5650024414062,746.6699829101562,746.1799926757812,746.3699951171875,335094
2026-07-07 15:10:00+00:00,746.0701293945312,746.6799926757812,746.0700073242188,746.5650024414062,364875
2026-07-07 15:15:00+00:00,745.9500122070312,746.1099853515625,745.760009765625,746.0700073242188,299834
2026-07-07 15:20:00+00:00,745.8900146484375,746.3300170898438,745.780029296875,745.9500122070312,230533
2026-07-07 15:25:00+00:00,746.3690185546875,746.3690185546875,745.77001953125,745.9199829101562,232311
2026-07-07 15:30:00+00:00,745.9299926757812,746.4400024414062,745.9299926757812,746.3599853515625,224539
2026-07-07 15:35:00+00:00,745.6649780273438,746.219970703125,745.6400146484375,745.9400024414062,245432
2026-07-07 15:40:00+00:00,746.4279174804688,746.4279174804688,745.4299926757812,745.6599731445312,259401
2026-07-07 15:45:00+00:00,746.630126953125,747.2100219726562,746.4000244140625,746.4199829101562,517932
2026-07-07 15:50:00+00:00,747.02001953125,747.2999877929688,746.6199951171875,746.6300048828125,325676
2026-07-07 15:55:00+00:00,747.3599853515625,747.4500122070312,746.780029296875,747.010009765625,262281
2026-07-07 16:00:00+00:00,747.6500244140625,747.7899780273438,747.2600708007812,747.3800048828125,332994
2026-07-07 16:05:00+00:00,747.489990234375,748.0700073242188,747.25,747.6699829101562,345258
2026-07-07 16:10:00+00:00,748.0399780273438,748.1599731445312,747.489990234375,747.489990234375,270305
2026-07-07 16:15:00+00:00,748.0399780273438,748.2000122070312,747.8400268554688,748.0499877929688,394558
2026-07-07 16:20:00+00:00,748.5399169921875,748.8400268554688,748.02001953125,748.0399780273438,533271
2026-07-07 16:25:00+00:00,748.77001953125,748.989990234375,748.47998046875,748.5349731445312,366371
2026-07-07 16:30:00+00:00,748.60498046875,749.0198974609375,748.4299926757812,748.7650146484375,424389
2026-07-07 16:35:00+00:00,748.8150024414062,748.8400268554688,748.239990234375,748.6099853515625,223593
2026-07-07 16:40:00+00:00,748.8699951171875,748.9400024414062,748.5700073242188,748.8200073242188,406224
2026-07-07 16:45:00+00:00,749.0399780273438,749.1300048828125,748.8499755859375,748.8599853515625,443469
2026-07-07 16:50:00+00:00,748.7899780273438,749.1199951171875,748.75,749.0599975585938,288795
2026-07-07 16:55:00+00:00,748.9600219726562,748.9600219726562,748.5,748.8099975585938,323810
2026-07-07 17:00:00+00:00,749.1699829101562,749.1699829101562,748.8599853515625,748.9600219726562,201021
2026-07-07 17:05:00+00:00,749.1599731445312,749.3400268554688,749.0900268554688,749.1400146484375,490250
2026-07-07 17:10:00+00:00,748.8099975585938,749.1799926757812,748.740478515625,749.155029296875,190037
2026-07-07 17:15:00+00:00,748.6099853515625,748.8599853515625,748.4199829101562,748.8300170898438,235662
2026-07-07 17:20:00+00:00,748.9990844726562,749.1502075195312,748.5499877929688,748.6300048828125,235895
2026-07-07 17:25:00+00:00,748.8400268554688,749.0800170898438,748.7999877929688,748.989990234375,228833
2026-07-07 17:30:00+00:00,749.0599975585938,749.1799926757812,748.8300170898438,748.8499755859375,221909
2026-07-07 17:35:00+00:00,749.10498046875,749.219970703125,748.7999877929688,749.0399780273438,250926
2026-07-07 17:40:00+00:00,749.125,749.27001953125,748.9400024414062,749.1099853515625,198795
2026-07-07 17:45:00+00:00,748.8800048828125,749.1400146484375,748.739990234375,749.1300048828125,311444
2026-07-07 17:50:00+00:00,748.8073120117188,749.030029296875,748.6500244140625,748.9000244140625,160103
2026-07-07 17:55:00+00:00,749.1799926757812,749.1799926757812,748.72998046875,748.7999877929688,190357
2026-07-07 18:00:00+00:00,749.0900268554688,749.27001953125,748.8900146484375,749.1799926757812,305510
2026-07-07 18:05:00+00:00,748.9400024414062,749.2000122070312,748.8300170898438,749.094970703125,178724
2026-07-07 18:10:00+00:00,748.9949951171875,749.2000122070312,748.9000244140625,748.969970703125,346659
2026-07-07 18:15:00+00:00,749.0499877929688,749.1900024414062,748.8900146484375,749.010009765625,406214
2026-07-07 18:20:00+00:00,749.1400146484375,749.2999877929688,748.9299926757812,749.0499877929688,214625
2026-07-07 18:25:00+00:00,748.989990234375,749.260009765625,748.8699951171875,749.1500244140625,189553
2026-07-07 18:30:00+00:00,748.7100219726562,749.0700073242188,748.5700073242188,749.0,418308
2026-07-07 18:35:00+00:00,748.9099731445312,749.0399780273438,748.5399780273438,748.6900024414062,257120
2026-07-07 18:40:00+00:00,748.7266235351562,748.9600219726562,748.4000244140625,748.9099731445312,408160
2026-07-07 18:45:00+00:00,748.155029296875,748.8400268554688,747.6599731445312,748.72998046875,446637
2026-07-07 18:50:00+00:00,747.7899780273438,748.239990234375,747.469970703125,748.1699829101562,633556
2026-07-07 18:55:00+00:00,747.510009765625,747.9000244140625,747.4199829101562,747.780029296875,505309
2026-07-07 19:00:00+00:00,747.2000122070312,747.7000122070312,746.8200073242188,747.5,878388
2026-07-07 19:05:00+00:00,746.7794799804688,747.5700073242188,746.6699829101562,747.2100219726562,701270
2026-07-07 19:10:00+00:00,746.8201293945312,747.030029296875,746.5499877929688,746.780029296875,770342
2026-07-07 19:15:00+00:00,746.6900024414062,746.8699951171875,746.0,746.7999877929688,943688
2026-07-07 19:20:00+00:00,747.0399780273438,747.0599975585938,746.4299926757812,746.665771484375,564601
2026-07-07 19:25:00+00:00,746.7000122070312,747.0599975585938,746.5499877929688,747.0399780273438,460710
2026-07-07 19:30:00+00:00,747.1925048828125,747.27001953125,746.6599731445312,746.6699829101562,606140
2026-07-07 19:35:00+00:00,746.77001953125,747.2000122070312,746.6699829101562,747.2000122070312,525934
2026-07-07 19:40:00+00:00,746.52001953125,746.8200073242188,746.3800048828125,746.760009765625,704955
2026-07-07 19:45:00+00:00,746.989990234375,747.0599975585938,746.5,746.530029296875,990271
2026-07-07 19:50:00+00:00,747.7449951171875,747.77001953125,747.010009765625,747.010009765625,1271051
2026-07-07 19:55:00+00:00,747.7000122070312,747.969970703125,747.1400146484375,747.719970703125,2942974
2026-07-08 13:30:00+00:00,743.6599731445312,744.0850219726562,742.6400146484375,743.1599731445312,3113957
2026-07-08 13:35:00+00:00,743.9749755859375,744.169921875,743.0399780273438,743.6599731445312,835165
2026-07-08 13:40:00+00:00,744.3400268554688,744.75,743.8099975585938,743.9500122070312,603095
2026-07-08 13:45:00+00:00,743.6400146484375,744.9249877929688,743.5,744.3099975585938,1008334
2026-07-08 13:50:00+00:00,743.6599731445312,744.4600219726562,743.3499755859375,743.6300048828125,589677
2026-07-08 13:55:00+00:00,744.02001953125,744.6300048828125,743.22998046875,743.6599731445312,703915
2026-07-08 14:00:00+00:00,743.8098754882812,744.47998046875,743.5900268554688,744.030029296875,549242
2026-07-08 14:05:00+00:00,744.260009765625,744.7000122070312,743.77001953125,743.7899780273438,556244
2026-07-08 14:10:00+00:00,743.219970703125,744.4299926757812,743.0599975585938,744.239990234375,595716
2026-07-08 14:15:00+00:00,743.2000122070312,743.5999755859375,742.6799926757812,743.2000122070312,578912
2026-07-08 14:20:00+00:00,743.7899780273438,744.5399780273438,742.9804077148438,743.1799926757812,632267
2026-07-08 14:25:00+00:00,743.1099853515625,744.4299926757812,742.760009765625,743.780029296875,468132
2026-07-08 14:30:00+00:00,743.3099975585938,743.6900024414062,742.72998046875,743.0900268554688,478327
2026-07-08 14:35:00+00:00,742.3200073242188,743.2999877929688,742.2337036132812,743.2999877929688,580585
2026-07-08 14:40:00+00:00,742.4400024414062,742.72998046875,741.9500122070312,742.27001953125,505123
2026-07-08 14:45:00+00:00,741.2899780273438,742.47998046875,741.2899780273438,742.4299926757812,582546
2026-07-08 14:50:00+00:00,742.1199951171875,742.8363037109375,740.9299926757812,741.2899780273438,812582
2026-07-08 14:55:00+00:00,741.8400268554688,742.7100219726562,741.56201171875,742.0999755859375,325792
2026-07-08 15:00:00+00:00,741.5399780273438,742.030029296875,741.4199829101562,741.8300170898438,235469
2026-07-08 15:05:00+00:00,741.5050048828125,741.9299926757812,741.3900146484375,741.5349731445312,342367
2026-07-08 15:10:00+00:00,741.1199951171875,741.8400268554688,740.9500122070312,741.5,351963
2026-07-08 15:15:00+00:00,741.3200073242188,741.5125122070312,740.3800048828125,741.0999755859375,597418
2026-07-08 15:20:00+00:00,740.1500244140625,741.5599975585938,740.0499877929688,741.2999877929688,560931
2026-07-08 15:25:00+00:00,739.9400024414062,740.3300170898438,739.5499877929688,740.1400146484375,698137
2026-07-08 15:30:00+00:00,740.7399291992188,740.7576293945312,739.510009765625,739.9600219726562,572448
2026-07-08 15:35:00+00:00,740.5900268554688,741.27001953125,740.4099731445312,740.7100219726562,396502
2026-07-08 15:40:00+00:00,740.739990234375,741.1900024414062,740.5599975585938,740.5999755859375,232555
2026-07-08 15:45:00+00:00,740.5,741.010009765625,740.3200073242188,740.719970703125,290627
2026-07-08 15:50:00+00:00,740.47998046875,740.5900268554688,740.0198974609375,740.4949951171875,476006
2026-07-08 15:55:00+00:00,740.6400146484375,740.7999877929688,740.1699829101562,740.47998046875,430967
2026-07-08 16:00:00+00:00,741.25,741.260009765625,740.6099853515625,740.6799926757812,390387
2026-07-08 16:05:00+00:00,741.6599731445312,741.75,741.0900268554688,741.239990234375,322584
2026-07-08 16:10:00+00:00,742.27001953125,742.3499755859375,741.6400146484375,741.6599731445312,348047
2026-07-08 16:15:00+00:00,742.5800170898438,742.684326171875,741.97998046875,742.27001953125,437682
2026-07-08 16:20:00+00:00,742.72998046875,743.22998046875,742.5399780273438,742.5800170898438,400624
2026-07-08 16:25:00+00:00,743.0999755859375,743.469970703125,742.6699829101562,742.739990234375,264525
2026-07-08 16:30:00+00:00,743.0250244140625,743.8270263671875,742.97998046875,743.0900268554688,328898
2026-07-08 16:35:00+00:00,743.219970703125,743.5399780273438,742.4500122070312,743.02001953125,507501
2026-07-08 16:40:00+00:00,743.9400024414062,744.2177124023438,742.8900146484375,743.1900024414062,431671
2026-07-08 16:45:00+00:00,744.27001953125,744.280029296875,743.5800170898438,743.9299926757812,417133
2026-07-08 16:50:00+00:00,744.4000244140625,744.6099853515625,744.0900268554688,744.2899780273438,366260
2026-07-08 16:55:00+00:00,744.6799926757812,744.75,744.22998046875,744.4000244140625,300279
2026-07-08 17:00:00+00:00,744.2899780273438,744.7000122070312,744.1099853515625,744.6599731445312,322369
2026-07-08 17:05:00+00:00,744.280029296875,744.75,744.1699829101562,744.2899780273438,309047
2026-07-08 17:10:00+00:00,744.280029296875,744.6300048828125,743.9849853515625,744.2899780273438,352487
2026-07-08 17:15:00+00:00,744.9400024414062,744.989990234375,744.280029296875,744.2899780273438,277739
2026-07-08 17:20:00+00:00,745.4400024414062,745.4600219726562,744.8699951171875,744.9299926757812,352432
2026-07-08 17:25:00+00:00,745.719970703125,745.780029296875,745.22998046875,745.4500122070312,256535
2026-07-08 17:30:00+00:00,745.5499877929688,746.0900268554688,745.5499877929688,745.72998046875,313575
2026-07-08 17:35:00+00:00,745.260009765625,745.719970703125,745.2550048828125,745.5499877929688,362237
2026-07-08 17:40:00+00:00,744.9500122070312,745.3200073242188,744.7000122070312,745.27001953125,349507
2026-07-08 17:45:00+00:00,744.3599853515625,744.97998046875,744.260009765625,744.9400024414062,303764
2026-07-08 17:50:00+00:00,744.4299926757812,744.8800048828125,744.2324829101562,744.3800048828125,208058
2026-07-08 17:55:00+00:00,744.3900146484375,744.469970703125,743.9500122070312,744.4299926757812,250451
2026-07-08 18:00:00+00:00,745.2899780273438,745.4500122070312,744.0,744.3800048828125,653580
2026-07-08 18:05:00+00:00,745.27001953125,745.3800048828125,744.8699951171875,745.239990234375,222634
2026-07-08 18:10:00+00:00,745.280029296875,745.510009765625,744.9199829101562,745.25,287744
2026-07-08 18:15:00+00:00,745.1799926757812,745.4099731445312,744.7224731445312,745.2999877929688,283448
2026-07-08 18:20:00+00:00,744.9099731445312,745.3099975585938,744.8800048828125,745.1599731445312,191908
2026-07-08 18:25:00+00:00,744.6699829101562,745.22998046875,744.6699829101562,744.9400024414062,230637
2026-07-08 18:30:00+00:00,744.4400024414062,744.7797241210938,744.260009765625,744.6699829101562,263695
2026-07-08 18:35:00+00:00,745.1799926757812,745.25,744.3300170898438,744.4600219726562,268681
2026-07-08 18:40:00+00:00,745.0399780273438,745.3099975585938,744.5698852539062,745.1699829101562,214897
2026-07-08 18:45:00+00:00,745.27001953125,745.3300170898438,744.7999877929688,745.0800170898438,189434
2026-07-08 18:50:00+00:00,745.1400146484375,745.5,745.030029296875,745.260009765625,389759
2026-07-08 18:55:00+00:00,745.3300170898438,745.3300170898438,744.780029296875,745.1500244140625,201555
2026-07-08 19:00:00+00:00,745.260009765625,745.7249755859375,745.0499877929688,745.3400268554688,362839
2026-07-08 19:05:00+00:00,745.2999877929688,745.4099731445312,744.989990234375,745.25,240649
2026-07-08 19:10:00+00:00,744.8900146484375,745.3400268554688,744.7999877929688,745.3200073242188,327549
2026-07-08 19:15:00+00:00,744.8300170898438,745.1500244140625,744.6799926757812,744.8900146484375,251633
2026-07-08 19:20:00+00:00,745.030029296875,745.27001953125,744.8099975585938,744.8400268554688,241820
2026-07-08 19:25:00+00:00,745.1900024414062,745.3599853515625,744.9400024414062,745.030029296875,251953
2026-07-08 19:30:00+00:00,744.9199829101562,745.3400268554688,744.8300170898438,745.2000122070312,277760
2026-07-08 19:35:00+00:00,745.239990234375,745.3900146484375,744.8350219726562,744.9249877929688,365064
2026-07-08 19:40:00+00:00,745.3300170898438,745.3699951171875,744.8900146484375,745.219970703125,385543
2026-07-08 19:45:00+00:00,744.7999877929688,745.3699951171875,744.4099731445312,745.3300170898438,850847
2026-07-08 19:50:00+00:00,745.6599731445312,745.7000122070312,744.5999755859375,744.780029296875,851758
2026-07-08 19:55:00+00:00,745.2899780273438,746.1500244140625,745.27001953125,745.739990234375,3054338
2026-07-09 13:30:00+00:00,747.3499755859375,747.5,745.6799926757812,747.3499755859375,2486544
2026-07-09 13:35:00+00:00,748.1199951171875,748.3579711914062,747.0999755859375,747.3599853515625,704785
2026-07-09 13:40:00+00:00,748.4000244140625,748.510009765625,747.489990234375,748.1500244140625,461671
2026-07-09 13:45:00+00:00,748.1099853515625,748.760009765625,747.739990234375,748.4000244140625,475555
2026-07-09 13:50:00+00:00,748.9500122070312,749.1099853515625,747.8150024414062,748.0999755859375,1449695
2026-07-09 13:55:00+00:00,748.6699829101562,749.22998046875,748.5599975585938,748.97998046875,457388
2026-07-09 14:00:00+00:00,748.6900024414062,749.02001953125,748.5009765625,748.6900024414062,329240
2026-07-09 14:05:00+00:00,747.969970703125,748.8499755859375,747.969970703125,748.6699829101562,423110
2026-07-09 14:10:00+00:00,747.5499877929688,748.0,747.27001953125,747.9600219726562,471240
2026-07-09 14:15:00+00:00,746.2586059570312,747.5599975585938,745.9299926757812,747.5599975585938,1456170
2026-07-09 14:20:00+00:00,746.9500122070312,746.989990234375,745.5900268554688,746.260009765625,703987
2026-07-09 14:25:00+00:00,747.8798828125,748.1900024414062,746.75,746.9299926757812,697765
2026-07-09 14:30:00+00:00,747.6500244140625,748.0650024414062,747.0999755859375,747.8599853515625,225965
2026-07-09 14:35:00+00:00,748.4000244140625,748.47998046875,747.5499877929688,747.6500244140625,212739
2026-07-09 14:40:00+00:00,747.8800048828125,748.47998046875,747.8099975585938,748.4000244140625,192076
2026-07-09 14:45:00+00:00,748.0499877929688,748.3800048828125,747.8400268554688,747.9099731445312,226563
2026-07-09 14:50:00+00:00,747.969970703125,748.0599975585938,747.25,748.0599975585938,411178
2026-07-09 14:55:00+00:00,748.72998046875,748.9199829101562,747.9600219726562,747.9600219726562,314693
2026-07-09 15:00:00+00:00,748.860107421875,748.9400024414062,748.5999755859375,748.719970703125,297352
2026-07-09 15:05:00+00:00,749.489990234375,749.5599975585938,748.8400268554688,748.8800048828125,369154
2026-07-09 15:10:00+00:00,749.2000122070312,749.5800170898438,749.0999755859375,749.5,293939
2026-07-09 15:15:00+00:00,749.219970703125,749.5900268554688,748.97998046875,749.1900024414062,316150
2026-07-09 15:20:00+00:00,749.9000244140625,749.9600219726562,749.2100219726562,749.239990234375,215873
2026-07-09 15:25:00+00:00,749.7999877929688,749.97998046875,749.719970703125,749.9080200195312,324864
2026-07-09 15:30:00+00:00,749.5800170898438,749.7999877929688,749.4849853515625,749.780029296875,215318
2026-07-09 15:35:00+00:00,749.8699951171875,749.8800048828125,749.52001953125,749.5499877929688,182820
2026-07-09 15:40:00+00:00,750.1099853515625,750.25,749.80078125,749.8699951171875,263604
2026-07-09 15:45:00+00:00,750.1599731445312,750.25,749.9299926757812,750.0999755859375,163099
2026-07-09 15:50:00+00:00,749.9199829101562,750.2000122070312,749.8699951171875,750.1699829101562,185723
2026-07-09 15:55:00+00:00,749.8699951171875,750.0850219726562,749.7999877929688,749.9199829101562,193083
2026-07-09 16:00:00+00:00,750.3300170898438,750.4400024414062,749.8699951171875,749.8800048828125,258866
2026-07-09 16:05:00+00:00,750.4400024414062,750.5700073242188,750.3200073242188,750.3200073242188,225574
2026-07-09 16:10:00+00:00,750.5250244140625,750.5499877929688,750.3499755859375,750.4600219726562,183901
2026-07-09 16:15:00+00:00,750.5593872070312,750.6699829101562,750.3800048828125,750.510009765625,201571
2026-07-09 16:20:00+00:00,750.7999877929688,750.8200073242188,750.4500122070312,750.5399780273438,280654
2026-07-09 16:25:00+00:00,750.6400146484375,750.8099975585938,750.573974609375,750.7899780273438,1491905
2026-07-09 16:30:00+00:00,750.47998046875,750.89990234375,750.47998046875,750.6400146484375,266054
2026-07-09 16:35:00+00:00,750.5800170898438,750.5900268554688,750.3300170898438,750.4749755859375,279523
2026-07-09 16:40:00+00:00,750.6900024414062,750.7899780273438,750.5900268554688,750.5900268554688,183015
2026-07-09 16:45:00+00:00,750.47998046875,750.75,750.3699951171875,750.6900024414062,181236
2026-07-09 16:50:00+00:00,750.4199829101562,750.60498046875,750.3599853515625,750.47998046875,200371
2026-07-09 16:55:00+00:00,750.4400024414062,750.4949951171875,750.239990234375,750.4100952148438,663809
2026-07-09 17:00:00+00:00,750.719970703125,750.8400268554688,750.4000244140625,750.4500122070312,174654
2026-07-09 17:05:00+00:00,751.125,751.2200927734375,750.6400146484375,750.7000122070312,304715
2026-07-09 17:10:00+00:00,751.22998046875,751.3900146484375,751.0800170898438,751.1199951171875,246238
2026-07-09 17:15:00+00:00,751.5399780273438,751.5850219726562,751.219970703125,751.22998046875,168952
2026-07-09 17:20:00+00:00,751.4500122070312,751.6699829101562,751.3800048828125,751.5499877929688,250581
2026-07-09 17:25:00+00:00,751.7550048828125,751.7899780273438,751.4500122070312,751.4550170898438,244090
2026-07-09 17:30:00+00:00,751.6300048828125,751.8300170898438,751.4500122070312,751.760009765625,300959
2026-07-09 17:35:00+00:00,751.7100219726562,751.9000244140625,751.5900268554688,751.6104736328125,211758
2026-07-09 17:40:00+00:00,751.7000122070312,751.7999877929688,751.510009765625,751.719970703125,182383
2026-07-09 17:45:00+00:00,751.8400268554688,751.969970703125,751.6900024414062,751.7100219726562,272284
2026-07-09 17:50:00+00:00,751.72998046875,751.9099731445312,751.6799926757812,751.8499755859375,235938
2026-07-09 17:55:00+00:00,751.6300048828125,751.75,751.1799926757812,751.719970703125,322261
2026-07-09 18:00:00+00:00,751.5250244140625,751.72998046875,751.4400024414062,751.625,292088
2026-07-09 18:05:00+00:00,751.7000122070312,751.8099975585938,751.510009765625,751.5250244140625,288164
2026-07-09 18:10:00+00:00,751.739990234375,751.8300170898438,751.6300048828125,751.7000122070312,243271
2026-07-09 18:15:00+00:00,751.6300048828125,751.864990234375,751.5499877929688,751.739990234375,219393
2026-07-09 18:20:00+00:00,751.344970703125,751.64501953125,751.3400268554688,751.64501953125,317386
2026-07-09 18:25:00+00:00,751.4505004882812,751.4505004882812,751.239990234375,751.3499755859375,309616
2026-07-09 18:30:00+00:00,751.27001953125,751.5894775390625,751.22998046875,751.4500122070312,282941
2026-07-09 18:35:00+00:00,751.14501953125,751.3499755859375,751.1027221679688,751.260009765625,293451
2026-07-09 18:40:00+00:00,751.2999877929688,751.3300170898438,751.0399780273438,751.14501953125,488916
2026-07-09 18:45:00+00:00,751.2899780273438,751.3400268554688,751.1099853515625,751.2899780273438,354478
2026-07-09 18:50:00+00:00,751.1265869140625,751.3400268554688,751.1099853515625,751.2899780273438,515492
2026-07-09 18:55:00+00:00,751.0499267578125,751.1300048828125,750.8599853515625,751.1099853515625,382493
2026-07-09 19:00:00+00:00,750.8300170898438,751.0700073242188,750.72998046875,751.0499877929688,407176
2026-07-09 19:05:00+00:00,750.780029296875,751.010009765625,750.6600952148438,750.8201293945312,307281
2026-07-09 19:10:00+00:00,750.9000244140625,751.030029296875,750.6699829101562,750.77001953125,296623
2026-07-09 19:15:00+00:00,751.2999877929688,751.469970703125,750.8400268554688,750.9000244140625,386727
2026-07-09 19:20:00+00:00,751.1799926757812,751.4299926757812,751.1400146484375,751.2999877929688,370584
2026-07-09 19:25:00+00:00,751.0999755859375,751.260009765625,751.0499877929688,751.1900024414062,305276
2026-07-09 19:30:00+00:00,751.094970703125,751.1199951171875,750.9299926757812,751.0900268554688,435133
2026-07-09 19:35:00+00:00,751.27001953125,751.3699951171875,751.0900268554688,751.0999755859375,338426
2026-07-09 19:40:00+00:00,751.405029296875,751.47998046875,751.1400146484375,751.280029296875,423006
2026-07-09 19:45:00+00:00,751.25,751.469970703125,751.25,751.4000244140625,666632
2026-07-09 19:50:00+00:00,750.8300170898438,751.25,750.8300170898438,751.25,1824225
2026-07-09 19:55:00+00:00,751.6500244140625,751.6699829101562,750.8400268554688,750.8499755859375,2520041
2026-07-10 13:30:00+00:00,752.5900268554688,752.8599853515625,752.010009765625,752.0499877929688,1607405
2026-07-10 13:35:00+00:00,752.6099853515625,753.219970703125,752.47998046875,752.5999755859375,391046
2026-07-10 13:40:00+00:00,752.219970703125,752.6400146484375,751.7999877929688,752.5900268554688,489799
2026-07-10 13:45:00+00:00,753.030029296875,753.1599731445312,752.0850219726562,752.219970703125,343826
2026-07-10 13:50:00+00:00,752.885009765625,753.1900024414062,752.6599731445312,753.0150146484375,401390
2026-07-10 13:55:00+00:00,752.9149780273438,753.2349853515625,752.6099853515625,752.8699951171875,375957
2026-07-10 14:00:00+00:00,753.1199951171875,753.3499755859375,752.780029296875,752.9199829101562,310003
2026-07-10 14:05:00+00:00,753.0700073242188,753.25,752.4909057617188,753.1199951171875,308962
2026-07-10 14:10:00+00:00,752.6849975585938,753.1400146484375,752.6201171875,753.0900268554688,286316
2026-07-10 14:15:00+00:00,752.6799926757812,752.969970703125,752.3400268554688,752.697021484375,339067
2026-07-10 14:20:00+00:00,752.5399780273438,752.8300170898438,752.1099853515625,752.6699829101562,338961
2026-07-10 14:25:00+00:00,752.586181640625,753.135009765625,752.1500244140625,752.530029296875,362496
2026-07-10 14:30:00+00:00,750.9000244140625,753.25,748.0999755859375,752.5858764648438,2744953
2026-07-10 14:35:00+00:00,751.6900024414062,752.0599975585938,750.4299926757812,750.97998046875,744224
2026-07-10 14:40:00+00:00,752.1099853515625,752.2899780273438,751.3099975585938,751.7000122070312,463649
2026-07-10 14:45:00+00:00,752.4099731445312,752.469970703125,751.614990234375,752.0999755859375,210520
2026-07-10 14:50:00+00:00,751.9500122070312,752.6199951171875,751.9199829101562,752.4099731445312,342414
2026-07-10 14:55:00+00:00,751.2199096679688,752.03857421875,751.0800170898438,751.9299926757812,342347
2026-07-10 15:00:00+00:00,750.97998046875,751.4400024414062,750.8900146484375,751.1799926757812,290927
2026-07-10 15:05:00+00:00,751.760009765625,751.760009765625,750.6519775390625,751.0,223687
2026-07-10 15:10:00+00:00,751.9400024414062,752.0297241210938,751.6199951171875,751.75,156974
2026-07-10 15:15:00+00:00,752.6900024414062,753.1599731445312,751.9299926757812,751.9299926757812,338334
2026-07-10 15:20:00+00:00,753.030029296875,753.0850219726562,752.4199829101562,752.7000122070312,208873
2026-07-10 15:25:00+00:00,753.25,753.4199829101562,753.030029296875,753.0499877929688,311585
2026-07-10 15:30:00+00:00,753.0,753.3900146484375,752.8800048828125,753.25,313342
2026-07-10 15:35:00+00:00,752.4299926757812,753.0499877929688,752.3300170898438,753.0499877929688,244694
2026-07-10 15:40:00+00:00,752.030029296875,752.510009765625,751.3800048828125,752.4398803710938,330081
2026-07-10 15:45:00+00:00,752.469970703125,752.6799926757812,751.5936889648438,752.0399780273438,518279
2026-07-10 15:50:00+00:00,752.8499755859375,752.9349975585938,752.364013671875,752.4500122070312,152020
2026-07-10 15:55:00+00:00,752.8175048828125,752.9099731445312,752.510009765625,752.8499755859375,159677
2026-07-10 16:00:00+00:00,753.1599731445312,753.3499755859375,752.8099975585938,752.8099975585938,253414
2026-07-10 16:05:00+00:00,752.9600219726562,753.2100219726562,752.8499755859375,753.1799926757812,205122
2026-07-10 16:10:00+00:00,753.2100219726562,753.280029296875,752.8400268554688,752.969970703125,184791
2026-07-10 16:15:00+00:00,753.5800170898438,753.6900024414062,753.22998046875,753.239990234375,367214
2026-07-10 16:20:00+00:00,753.3800048828125,753.6375122070312,753.1599731445312,753.5800170898438,240851
2026-07-10 16:25:00+00:00,753.2100219726562,753.4299926757812,753.1699829101562,753.3900146484375,209731
2026-07-10 16:30:00+00:00,753.47998046875,753.590087890625,753.2100219726562,753.2100219726562,313520
2026-07-10 16:35:00+00:00,753.2899780273438,753.5900268554688,753.030029296875,753.489990234375,245833
2026-07-10 16:40:00+00:00,753.6199951171875,753.6500244140625,753.25,753.2899780273438,180911
2026-07-10 16:45:00+00:00,753.8200073242188,753.9299926757812,753.5900268554688,753.6099853515625,342896
2026-07-10 16:50:00+00:00,753.97998046875,754.0499877929688,753.780029296875,753.8150024414062,448965
2026-07-10 16:55:00+00:00,754.010009765625,754.1400146484375,753.8499755859375,753.9702758789062,211146
2026-07-10 17:00:00+00:00,753.7100219726562,754.030029296875,753.6099853515625,754.010009765625,181495
2026-07-10 17:05:00+00:00,753.6400146484375,753.8300170898438,753.6300048828125,753.719970703125,134399
2026-07-10 17:10:00+00:00,753.8040161132812,753.8400268554688,753.47998046875,753.6456298828125,139771
2026-07-10 17:15:00+00:00,753.8599853515625,754.0399780273438,753.760009765625,753.780029296875,2138956
2026-07-10 17:20:00+00:00,753.969970703125,754.0,753.8400268554688,753.8599853515625,145929
2026-07-10 17:25:00+00:00,754.010009765625,754.0599975585938,753.8966064453125,753.969970703125,192008
2026-07-10 17:30:00+00:00,754.0198974609375,754.1649780273438,753.875,754.02001953125,222825
2026-07-10 17:35:00+00:00,754.2459716796875,754.4099731445312,753.97998046875,754.0150146484375,309887
2026-07-10 17:40:00+00:00,754.114990234375,754.3200073242188,754.0800170898438,754.22998046875,225041
2026-07-10 17:45:00+00:00,754.2899780273438,754.3300170898438,754.1099853515625,754.1199951171875,169081
2026-07-10 17:50:00+00:00,754.27001953125,754.3800048828125,754.239990234375,754.2999877929688,161166
2026-07-10 17:55:00+00:00,753.989990234375,754.2999877929688,753.9299926757812,754.260009765625,200422
2026-07-10 18:00:00+00:00,754.0599975585938,754.1799926757812,753.9299926757812,754.0,453796
2026-07-10 18:05:00+00:00,754.239990234375,754.3200073242188,754.0599975585938,754.0599975585938,267686
2026-07-10 18:10:00+00:00,754.2899780273438,754.5999755859375,754.2100219726562,754.25,309509
2026-07-10 18:15:00+00:00,754.219970703125,754.3400268554688,754.1199951171875,754.280029296875,219111
2026-07-10 18:20:00+00:00,754.3150024414062,754.3900146484375,754.0800170898438,754.2100219726562,245144
2026-07-10 18:25:00+00:00,754.4299926757812,754.719970703125,754.3150024414062,754.3150024414062,380133
2026-07-10 18:30:00+00:00,754.510009765625,754.5800170898438,754.3599853515625,754.4199829101562,230429
2026-07-10 18:35:00+00:00,754.4099731445312,754.530029296875,754.3099975585938,754.52001953125,196853
2026-07-10 18:40:00+00:00,754.5075073242188,754.6199951171875,754.3699951171875,754.4199829101562,246786
2026-07-10 18:45:00+00:00,754.510009765625,754.5999755859375,754.469970703125,754.489990234375,214333
2026-07-10 18:50:00+00:00,754.5700073242188,754.6199951171875,754.4500122070312,754.5158081054688,210078
2026-07-10 18:55:00+00:00,754.4949951171875,754.6599731445312,754.469970703125,754.5499877929688,284786
2026-07-10 19:00:00+00:00,754.969970703125,755.0499877929688,754.4550170898438,754.4949951171875,1099158
2026-07-10 19:05:00+00:00,754.9199829101562,755.1699829101562,754.8599853515625,754.97998046875,412594
2026-07-10 19:10:00+00:00,755.1199951171875,755.1500244140625,754.9099731445312,754.9199829101562,459634
2026-07-10 19:15:00+00:00,755.02001953125,755.1799926757812,754.9219970703125,755.1199951171875,461031
2026-07-10 19:20:00+00:00,754.9450073242188,755.0599975585938,754.8800048828125,755.02001953125,378636
2026-07-10 19:25:00+00:00,754.9600219726562,755.1099853515625,754.9299926757812,754.9299926757812,529890
2026-07-10 19:30:00+00:00,754.9400024414062,755.1699829101562,754.786376953125,754.9600219726562,1047153
2026-07-10 19:35:00+00:00,755.030029296875,755.1400146484375,754.8599853515625,754.9500122070312,578388
2026-07-10 19:40:00+00:00,755.030029296875,755.219970703125,755.02001953125,755.0399780273438,688105
2026-07-10 19:45:00+00:00,755.0999755859375,755.1699829101562,754.9400024414062,755.02001953125,1494252
2026-07-10 19:50:00+00:00,755.0999755859375,755.4199829101562,755.02001953125,755.1099853515625,1727368
2026-07-10 19:55:00+00:00,754.9000244140625,755.1900024414062,754.5700073242188,755.0800170898438,2320555
2026-07-13 13:30:00+00:00,753.4249877929688,753.9099731445312,752.4000244140625,752.469970703125,1766189
2026-07-13 13:35:00+00:00,753.219970703125,753.780029296875,753.0399780273438,753.4299926757812,739583
2026-07-13 13:40:00+00:00,752.989990234375,753.219970703125,752.5399780273438,753.219970703125,670022
2026-07-13 13:45:00+00:00,752.8699951171875,753.1300048828125,752.280029296875,753.010009765625,459487
2026-07-13 13:50:00+00:00,752.6099853515625,752.9600219726562,751.9199829101562,752.9000244140625,627458
2026-07-13 13:55:00+00:00,753.6199951171875,753.739990234375,752.4199829101562,752.5900268554688,402162
2026-07-13 14:00:00+00:00,752.7899780273438,753.9105224609375,752.6599731445312,753.6300048828125,610120
2026-07-13 14:05:00+00:00,752.8200073242188,752.969970703125,752.27001953125,752.77001953125,377173
2026-07-13 14:10:00+00:00,753.27001953125,753.3300170898438,752.6699829101562,752.8099975585938,302173
2026-07-13 14:15:00+00:00,751.9299926757812,753.3699951171875,750.2999877929688,753.27001953125,1718968
2026-07-13 14:20:00+00:00,752.780029296875,752.9099731445312,751.4600219726562,751.9199829101562,513811
2026-07-13 14:25:00+00:00,753.0900268554688,753.1900024414062,752.530029296875,752.7449951171875,418865
2026-07-13 14:30:00+00:00,752.6400146484375,753.2999877929688,752.5700073242188,753.0900268554688,371113
2026-07-13 14:35:00+00:00,752.1900024414062,752.6849975585938,751.969970703125,752.6500244140625,298941
2026-07-13 14:40:00+00:00,751.5,752.2100219726562,751.25,752.2000122070312,300779
2026-07-13 14:45:00+00:00,752.3800048828125,752.4550170898438,751.0,751.510009765625,470823
2026-07-13 14:50:00+00:00,751.72998046875,752.469970703125,751.530029296875,752.380126953125,560864
2026-07-13 14:55:00+00:00,752.7401123046875,752.7899780273438,751.56201171875,751.72998046875,254720
2026-07-13 15:00:00+00:00,752.3319702148438,753.0549926757812,752.3078002929688,752.739990234375,288482
2026-07-13 15:05:00+00:00,752.25,752.5900268554688,752.1599731445312,752.3400268554688,140544
2026-07-13 15:10:00+00:00,752.0850219726562,752.5549926757812,751.9199829101562,752.2550048828125,210377
2026-07-13 15:15:00+00:00,752.25,752.3250122070312,751.8812255859375,752.0800170898438,129290
2026-07-13 15:20:00+00:00,752.447509765625,752.5679931640625,752.1099853515625,752.25,152214
2026-07-13 15:25:00+00:00,752.3800048828125,752.489990234375,751.9650268554688,752.4400024414062,185614
2026-07-13 15:30:00+00:00,752.1500244140625,752.5250244140625,752.0,752.3900146484375,183639
2026-07-13 15:35:00+00:00,752.1300048828125,752.2899780273438,751.8499755859375,752.1599731445312,194743
2026-07-13 15:40:00+00:00,751.72998046875,752.1699829101562,751.6900024414062,752.1099853515625,183891
2026-07-13 15:45:00+00:00,751.7150268554688,751.7880249023438,751.489990234375,751.719970703125,332289
2026-07-13 15:50:00+00:00,751.5499877929688,751.760009765625,751.155029296875,751.7150268554688,311812
2026-07-13 15:55:00+00:00,751.2349853515625,751.5700073242188,751.094482421875,751.5599975585938,198778
2026-07-13 16:00:00+00:00,751.169921875,751.469970703125,750.9500122070312,751.22998046875,218598
2026-07-13 16:05:00+00:00,751.47998046875,751.5499877929688,751.0599975585938,751.1300048828125,217999
2026-07-13 16:10:00+00:00,751.4299926757812,751.8099975585938,751.2537231445312,751.47998046875,241111
2026-07-13 16:15:00+00:00,750.85498046875,751.4400024414062,750.6699829101562,751.4199829101562,406017
2026-07-13 16:20:00+00:00,750.6400146484375,750.8800048828125,750.5900268554688,750.8599853515625,358544
2026-07-13 16:25:00+00:00,750.2899780273438,750.6799926757812,749.9299926757812,750.6300048828125,419345
2026-07-13 16:30:00+00:00,749.6199951171875,750.280029296875,749.5900268554688,750.27001953125,468099
2026-07-13 16:35:00+00:00,749.993408203125,750.260009765625,748.9299926757812,749.6300048828125,728131
2026-07-13 16:40:00+00:00,750.3599853515625,750.52001953125,749.5750122070312,749.969970703125,357078
2026-07-13 16:45:00+00:00,749.97998046875,750.6599731445312,749.9600219726562,750.3900146484375,393010
2026-07-13 16:50:00+00:00,749.4500122070312,750.0399780273438,749.1799926757812,749.9600219726562,379829
2026-07-13 16:55:00+00:00,749.8699951171875,750.1199951171875,749.2838745117188,749.4400024414062,318317
2026-07-13 17:00:00+00:00,749.8400268554688,750.2899780273438,749.75,749.9000244140625,236198
2026-07-13 17:05:00+00:00,750.4199829101562,750.5,749.7849731445312,749.8400268554688,186998
2026-07-13 17:10:00+00:00,750.0599975585938,750.6400146484375,749.9301147460938,750.4199829101562,379093
2026-07-13 17:15:00+00:00,750.1599731445312,750.2899780273438,749.6400146484375,750.0499877929688,245888
2026-07-13 17:20:00+00:00,749.7100219726562,750.3499755859375,749.7000122070312,750.1400146484375,297597
2026-07-13 17:25:00+00:00,749.8099975585938,749.969970703125,749.530029296875,749.719970703125,305821
2026-07-13 17:30:00+00:00,749.9500122070312,750.1199951171875,749.6599731445312,749.8099975585938,211126
2026-07-13 17:35:00+00:00,749.7083740234375,749.9199829101562,749.4609985351562,749.9199829101562,184001
2026-07-13 17:40:00+00:00,749.9849853515625,750.1300048828125,749.489990234375,749.7000122070312,268269
2026-07-13 17:45:00+00:00,749.6300048828125,750.260009765625,749.5999755859375,750.0,223742
2026-07-13 17:50:00+00:00,749.4600219726562,749.7100219726562,749.219970703125,749.6400146484375,287485
2026-07-13 17:55:00+00:00,749.2349853515625,749.5499877929688,749.2100219726562,749.4650268554688,229884
2026-07-13 18:00:00+00:00,749.6699829101562,749.8699951171875,749.1900024414062,749.260009765625,296300
2026-07-13 18:05:00+00:00,749.6400146484375,750.2100219726562,749.5919799804688,749.6599731445312,317834
2026-07-13 18:10:00+00:00,749.760009765625,749.8099975585938,749.1300048828125,749.6500244140625,318911
2026-07-13 18:15:00+00:00,749.2100219726562,749.8200073242188,749.0399780273438,749.75,523341
2026-07-13 18:20:00+00:00,749.5,749.5399780273438,749.0499877929688,749.219970703125,299846
2026-07-13 18:25:00+00:00,749.239990234375,749.5599975585938,749.1599731445312,749.5,441428
2026-07-13 18:30:00+00:00,749.219970703125,749.530029296875,748.97021484375,749.239990234375,427713
2026-07-13 18:35:00+00:00,749.6799926757812,749.75,749.1900024414062,749.219970703125,433754
2026-07-13 18:40:00+00:00,749.8499755859375,750.0399780273438,749.5599975585938,749.6699829101562,1249524
2026-07-13 18:45:00+00:00,749.760009765625,749.9199829101562,749.510009765625,749.8499755859375,716289
2026-07-13 18:50:00+00:00,749.7899780273438,750.0700073242188,749.5250244140625,749.75,277476
2026-07-13 18:55:00+00:00,749.5599975585938,749.9099731445312,749.4600219726562,749.780029296875,362792
2026-07-13 19:00:00+00:00,749.8499755859375,749.9000244140625,749.1799926757812,749.5800170898438,325046
2026-07-13 19:05:00+00:00,749.510009765625,749.969970703125,749.5,749.8599853515625,269781
2026-07-13 19:10:00+00:00,749.2899780273438,749.530029296875,749.0999755859375,749.5,431612
2026-07-13 19:15:00+00:00,749.2550048828125,749.4400024414062,749.1300048828125,749.2899780273438,857684
2026-07-13 19:20:00+00:00,748.9149780273438,749.2999877929688,748.7000122070312,749.260009765625,590732
2026-07-13 19:25:00+00:00,748.3800048828125,748.9600219726562,748.1699829101562,748.9099731445312,772061
2026-07-13 19:30:00+00:00,748.655029296875,748.9000244140625,748.3099975585938,748.3900146484375,809967
2026-07-13 19:35:00+00:00,748.260009765625,748.6500244140625,748.0,748.6500244140625,643633
2026-07-13 19:40:00+00:00,748.9400024414062,749.0,748.1749877929688,748.27001953125,799858
2026-07-13 19:45:00+00:00,748.8800048828125,749.0499877929688,748.5700073242188,748.9400024414062,1496325
2026-07-13 19:50:00+00:00,749.030029296875,749.4500122070312,748.8699951171875,748.8900146484375,2128159
2026-07-13 19:55:00+00:00,749.0999755859375,749.6099853515625,748.9299926757812,749.0599975585938,3520350
2026-07-14 13:30:00+00:00,749.6400146484375,751.0399780273438,749.5443115234375,750.9099731445312,3082389
2026-07-14 13:35:00+00:00,751.1699829101562,751.3599853515625,749.4400024414062,749.6799926757812,746974
2026-07-14 13:40:00+00:00,751.3099975585938,751.52001953125,750.5700073242188,751.1799926757812,446418
2026-07-14 13:45:00+00:00,750.989990234375,751.7899780273438,750.5800170898438,751.3049926757812,519379
2026-07-14 13:50:00+00:00,751.0900268554688,751.5999755859375,750.6300048828125,750.969970703125,506535
2026-07-14 13:55:00+00:00,751.3099975585938,751.5700073242188,750.719970703125,751.1099853515625,382569
2026-07-14 14:00:00+00:00,750.4400024414062,751.47998046875,750.2100219726562,751.3200073242188,444625
2026-07-14 14:05:00+00:00,750.239501953125,750.6900024414062,749.8800048828125,750.4400024414062,382671
2026-07-14 14:10:00+00:00,750.4299926757812,750.489990234375,749.7799072265625,750.219970703125,400013
2026-07-14 14:15:00+00:00,749.85498046875,750.4199829101562,748.6599731445312,750.4199829101562,554982
2026-07-14 14:20:00+00:00,750.1300048828125,750.8800048828125,749.780029296875,749.8483276367188,391420
2026-07-14 14:25:00+00:00,750.7100219726562,751.2999877929688,749.9600219726562,750.1099853515625,376221
2026-07-14 14:30:00+00:00,752.02001953125,753.3099975585938,750.47998046875,750.7100219726562,1053181
2026-07-14 14:35:00+00:00,751.9299926757812,752.1500244140625,751.5399780273438,752.0399780273438,503256
2026-07-14 14:40:00+00:00,751.094970703125,752.2849731445312,750.9600219726562,751.9099731445312,301720
2026-07-14 14:45:00+00:00,750.8900146484375,751.4600219726562,750.77001953125,751.1099243164062,285252
2026-07-14 14:50:00+00:00,751.5900268554688,751.594970703125,750.469970703125,750.8599853515625,231046
2026-07-14 14:55:00+00:00,751.7100219726562,751.9600219726562,751.510009765625,751.6099853515625,272376
2026-07-14 15:00:00+00:00,752.3200073242188,753.0700073242188,751.280029296875,751.7100219726562,656361
2026-07-14 15:05:00+00:00,752.77001953125,753.0499877929688,752.1400146484375,752.3300170898438,573488
2026-07-14 15:10:00+00:00,752.5499877929688,753.0,752.3599853515625,752.7999877929688,263606
2026-07-14 15:15:00+00:00,751.9500122070312,752.64501953125,751.72998046875,752.5900268554688,289094
2026-07-14 15:20:00+00:00,752.52001953125,752.530029296875,751.6500244140625,751.9400024414062,206966
2026-07-14 15:25:00+00:00,752.6599731445312,752.7100219726562,752.2999877929688,752.52001953125,219382
2026-07-14 15:30:00+00:00,751.97998046875,752.9000244140625,751.8499755859375,752.6400146484375,427144
2026-07-14 15:35:00+00:00,751.8599853515625,752.0449829101562,751.530029296875,751.969970703125,213412
2026-07-14 15:40:00+00:00,751.5599975585938,751.8499755859375,750.760009765625,751.8499755859375,839263
2026-07-14 15:45:00+00:00,751.6300048828125,751.9500122070312,751.530029296875,751.5599975585938,195864
2026-07-14 15:50:00+00:00,751.0,751.6699829101562,750.9099731445312,751.5900268554688,227158
2026-07-14 15:55:00+00:00,750.97998046875,751.1699829101562,750.6199951171875,751.010009765625,201199
2026-07-14 16:00:00+00:00,750.3200073242188,751.0499877929688,750.0,750.989990234375,324296
2026-07-14 16:05:00+00:00,750.4500122070312,750.7000122070312,750.02001953125,750.3400268554688,271227
2026-07-14 16:10:00+00:00,750.5399780273438,750.72998046875,750.02001953125,750.4600219726562,363862
2026-07-14 16:15:00+00:00,750.4299926757812,750.7100219726562,750.02001953125,750.530029296875,187051
2026-07-14 16:20:00+00:00,750.3300170898438,750.5612182617188,750.0,750.4299926757812,248993
2026-07-14 16:25:00+00:00,750.780029296875,750.9099731445312,750.239990234375,750.3499755859375,327748
2026-07-14 16:30:00+00:00,751.0599975585938,751.1099853515625,750.6199951171875,750.780029296875,215746
2026-07-14 16:35:00+00:00,751.2349853515625,751.3300170898438,750.9506225585938,751.0499877929688,246418
2026-07-14 16:40:00+00:00,751.4650268554688,751.739990234375,751.0700073242188,751.2138061523438,273026
2026-07-14 16:45:00+00:00,751.4000244140625,751.739990234375,750.9600219726562,751.4600219726562,192444
2026-07-14 16:50:00+00:00,751.4758911132812,751.6599731445312,751.280029296875,751.3900146484375,123836
2026-07-14 16:55:00+00:00,751.8499755859375,751.8499755859375,751.4400024414062,751.47998046875,136622
2026-07-14 17:00:00+00:00,751.7150268554688,752.0499877929688,751.6500244140625,751.8699951171875,241857
2026-07-14 17:05:00+00:00,752.119873046875,752.2000122070312,751.5599975585938,751.719970703125,141361
2026-07-14 17:10:00+00:00,751.8099975585938,752.2100219726562,751.8099975585938,752.0999755859375,260806
2026-07-14 17:15:00+00:00,752.0700073242188,752.1300048828125,751.5,751.8099975585938,223187
2026-07-14 17:20:00+00:00,752.4299926757812,752.6099853515625,752.0850219726562,752.0850219726562,205631
2026-07-14 17:25:00+00:00,752.2999877929688,752.5599975585938,752.239990234375,752.4400024414062,143521
2026-07-14 17:30:00+00:00,752.010009765625,752.489990234375,752.0,752.3200073242188,137820
2026-07-14 17:35:00+00:00,752.1201171875,752.1300048828125,751.7999877929688,752.0050048828125,164530
2026-07-14 17:40:00+00:00,752.0399780273438,752.1900024414062,751.9000244140625,752.135009765625,137379
2026-07-14 17:45:00+00:00,752.0800170898438,752.25,751.760009765625,752.0599975585938,138101
2026-07-14 17:50:00+00:00,752.2260131835938,752.3099975585938,752.0700073242188,752.0800170898438,123216
2026-07-14 17:55:00+00:00,752.2750244140625,752.3099975585938,752.1300048828125,752.219970703125,143473
2026-07-14 18:00:00+00:00,752.4400024414062,752.47998046875,751.9299926757812,752.280029296875,229483
2026-07-14 18:05:00+00:00,752.4000244140625,752.5,752.260009765625,752.4500122070312,143498
2026-07-14 18:10:00+00:00,752.5999755859375,752.6300048828125,752.3400268554688,752.4000244140625,149750
2026-07-14 18:15:00+00:00,752.6199951171875,752.77001953125,752.4500122070312,752.5994873046875,197275
2026-07-14 18:20:00+00:00,752.4400024414062,752.760009765625,752.4099731445312,752.60498046875,174450
2026-07-14 18:25:00+00:00,752.5,752.6099853515625,752.2999877929688,752.4598999023438,261376
2026-07-14 18:30:00+00:00,752.4600219726562,752.5595092773438,752.3300170898438,752.4849853515625,196639
2026-07-14 18:35:00+00:00,752.3499755859375,752.5999755859375,752.0,752.469970703125,311116
2026-07-14 18:40:00+00:00,752.010009765625,752.3400268554688,751.6599731445312,752.3400268554688,409466
2026-07-14 18:45:00+00:00,751.9500122070312,752.239990234375,751.9000244140625,752.010009765625,236819
2026-07-14 18:50:00+00:00,752.239990234375,752.3200073242188,751.8599853515625,751.969970703125,1189488
2026-07-14 18:55:00+00:00,752.1704711914062,752.27001953125,752.0800170898438,752.2100219726562,211229
2026-07-14 19:00:00+00:00,751.969970703125,752.27001953125,751.8699951171875,752.1900024414062,388032
2026-07-14 19:05:00+00:00,751.9025268554688,752.1099853515625,751.8400268554688,751.9500122070312,342304
2026-07-14 19:10:00+00:00,752.0599975585938,752.1400146484375,751.77001953125,751.8900146484375,312246
2026-07-14 19:15:00+00:00,752.0900268554688,752.25,751.7999877929688,752.0800170898438,802910
2026-07-14 19:20:00+00:00,752.4149780273438,752.4400024414062,752.0588989257812,752.1099853515625,245238
2026-07-14 19:25:00+00:00,752.1500244140625,752.4500122070312,752.1199951171875,752.4000244140625,263064
2026-07-14 19:30:00+00:00,752.02001953125,752.1699829101562,751.7100219726562,752.1599731445312,538087
2026-07-14 19:35:00+00:00,751.9600219726562,752.3200073242188,751.8800048828125,752.02001953125,423156
2026-07-14 19:40:00+00:00,752.2899780273438,752.4000244140625,751.9099731445312,751.9600219726562,365949
2026-07-14 19:45:00+00:00,752.4749755859375,752.52001953125,752.25,752.280029296875,576226
2026-07-14 19:50:00+00:00,752.094970703125,752.52001953125,752.0900268554688,752.47998046875,1178683
2026-07-14 19:55:00+00:00,751.8699951171875,752.489990234375,751.7899780273438,752.0999755859375,2436651
2026-07-15 13:30:00+00:00,755.1900024414062,755.260009765625,754.2000122070312,754.239990234375,1860971
2026-07-15 13:35:00+00:00,754.8400268554688,755.5800170898438,754.510009765625,755.2000122070312,635841
2026-07-15 13:40:00+00:00,754.3599853515625,754.8599853515625,754.280029296875,754.8599853515625,488224
2026-07-15 13:45:00+00:00,753.5599975585938,754.47998046875,753.3499755859375,754.3599853515625,605047
2026-07-15 13:50:00+00:00,754.0800170898438,754.0800170898438,753.1799926757812,753.5800170898438,833149
2026-07-15 13:55:00+00:00,754.4500122070312,754.6099853515625,753.9199829101562,754.0599975585938,462875
2026-07-15 14:00:00+00:00,754.77001953125,755.1799926757812,754.5,754.52001953125,660710
2026-07-15 14:05:00+00:00,755.0499877929688,755.3200073242188,754.6400146484375,754.8099975585938,516448
2026-07-15 14:10:00+00:00,754.739990234375,755.2150268554688,754.6400146484375,755.0599975585938,345983
2026-07-15 14:15:00+00:00,755.3200073242188,755.5599975585938,754.7100219726562,754.760009765625,351336
2026-07-15 14:20:00+00:00,753.8049926757812,755.3699951171875,753.3499755859375,755.3300170898438,925807
2026-07-15 14:25:00+00:00,754.6199951171875,754.7225952148438,753.3800048828125,753.7999877929688,714426
2026-07-15 14:30:00+00:00,754.5999755859375,754.8699951171875,753.9500122070312,754.6400146484375,490534
2026-07-15 14:35:00+00:00,753.669921875,754.7899780273438,753.5150146484375,754.6300048828125,420871
2026-07-15 14:40:00+00:00,753.5299072265625,753.97998046875,752.8200073242188,753.6699829101562,471107
2026-07-15 14:45:00+00:00,753.7899780273438,753.8300170898438,752.9099731445312,753.5050048828125,461978
2026-07-15 14:50:00+00:00,753.0499877929688,753.8250122070312,752.7410278320312,753.7999877929688,412255
2026-07-15 14:55:00+00:00,753.460693359375,753.530029296875,752.8400268554688,753.0800170898438,287590
2026-07-15 15:00:00+00:00,753.2100219726562,753.6799926757812,753.0599975585938,753.47998046875,246355
2026-07-15 15:05:00+00:00,754.0349731445312,754.1500244140625,752.989990234375,753.2100219726562,272481
2026-07-15 15:10:00+00:00,753.1400146484375,754.1599731445312,753.0800170898438,754.030029296875,346951
2026-07-15 15:15:00+00:00,753.280029296875,753.364990234375,752.2000122070312,753.135009765625,491451
2026-07-15 15:20:00+00:00,752.9199829101562,753.27001953125,752.469970703125,753.27001953125,289074
2026-07-15 15:25:00+00:00,753.60498046875,753.6199951171875,752.780029296875,752.9199829101562,389621
2026-07-15 15:30:00+00:00,753.5700073242188,753.8400268554688,753.1500244140625,753.5999755859375,333737
2026-07-15 15:35:00+00:00,753.6799926757812,753.780029296875,753.030029296875,753.530029296875,268186
2026-07-15 15:40:00+00:00,753.1500244140625,753.760009765625,753.0399780273438,753.6900024414062,192917
2026-07-15 15:45:00+00:00,752.8200073242188,753.239990234375,752.780029296875,753.1500244140625,296635
2026-07-15 15:50:00+00:00,752.7100219726562,752.8300170898438,752.3300170898438,752.8099975585938,352785
2026-07-15 15:55:00+00:00,752.6694946289062,752.780029296875,752.280029296875,752.6900024414062,188506
2026-07-15 16:00:00+00:00,752.0800170898438,752.8280029296875,751.760009765625,752.6400146484375,442535
2026-07-15 16:05:00+00:00,751.9500122070312,752.1099853515625,751.3900146484375,752.0900268554688,418461
2026-07-15 16:10:00+00:00,751.219970703125,752.0700073242188,751.1400146484375,751.9500122070312,302078
2026-07-15 16:15:00+00:00,751.0399780273438,751.3800048828125,750.9099731445312,751.2000122070312,408972
2026-07-15 16:20:00+00:00,750.5399780273438,751.1699829101562,750.4400024414062,751.030029296875,474285
2026-07-15 16:25:00+00:00,750.8300170898438,750.8997192382812,750.4400024414062,750.530029296875,351428
2026-07-15 16:30:00+00:00,750.5499877929688,751.1900024414062,750.4500122070312,750.8099975585938,330946
2026-07-15 16:35:00+00:00,750.4400024414062,750.6199951171875,750.219970703125,750.5700073242188,312851
2026-07-15 16:40:00+00:00,750.9099731445312,750.9400024414062,750.2000122070312,750.4400024414062,329120
2026-07-15 16:45:00+00:00,751.3300170898438,752.3200073242188,750.72998046875,750.9199829101562,769995
2026-07-15 16:50:00+00:00,751.4299926757812,751.8400268554688,751.2899780273438,751.3300170898438,325864
2026-07-15 16:55:00+00:00,751.6699829101562,751.6799926757812,750.9603271484375,751.4199829101562,310052
2026-07-15 17:00:00+00:00,751.9199829101562,752.0700073242188,751.5800170898438,751.6799926757812,331458
2026-07-15 17:05:00+00:00,752.0999755859375,752.4025268554688,751.8400268554688,751.9249877929688,671669
2026-07-15 17:10:00+00:00,751.7999877929688,752.260009765625,751.780029296875,752.10498046875,281877
2026-07-15 17:15:00+00:00,752.4000244140625,752.530029296875,751.760009765625,751.8099975585938,301258
2026-07-15 17:20:00+00:00,752.4500122070312,752.5900268554688,752.22998046875,752.405029296875,137027
2026-07-15 17:25:00+00:00,752.8099975585938,752.8499755859375,752.3499755859375,752.4500122070312,291833
2026-07-15 17:30:00+00:00,753.0900268554688,753.2100219726562,752.8099975585938,752.8099975585938,412691
2026-07-15 17:35:00+00:00,753.3900146484375,753.4500122070312,753.010009765625,753.1090087890625,300636
2026-07-15 17:40:00+00:00,753.3300170898438,753.4400024414062,753.2000122070312,753.4000244140625,222664
2026-07-15 17:45:00+00:00,754.0399780273438,754.0750122070312,753.25,753.3300170898438,310038
2026-07-15 17:50:00+00:00,754.469970703125,754.5499877929688,753.8499755859375,754.0349731445312,386878
2026-07-15 17:55:00+00:00,754.1901245117188,754.4600219726562,754.010009765625,754.4600219726562,458575
2026-07-15 18:00:00+00:00,754.3400268554688,754.5499877929688,754.1400146484375,754.2000122070312,285025
2026-07-15 18:05:00+00:00,754.5499877929688,754.6500244140625,754.280029296875,754.3400268554688,288219
2026-07-15 18:10:00+00:00,754.5499877929688,754.75,754.5349731445312,754.5650024414062,391860
2026-07-15 18:15:00+00:00,754.3250122070312,754.5599975585938,754.219970703125,754.5549926757812,528603
2026-07-15 18:20:00+00:00,754.7000122070312,754.8400268554688,754.3150024414062,754.3250122070312,315746
2026-07-15 18:25:00+00:00,754.635009765625,754.7999877929688,754.5800170898438,754.7000122070312,460728
2026-07-15 18:30:00+00:00,754.8200073242188,754.9199829101562,754.530029296875,754.635009765625,462961
2026-07-15 18:35:00+00:00,754.489990234375,754.8200073242188,754.4400024414062,754.8099975585938,264606
2026-07-15 18:40:00+00:00,754.02001953125,754.5800170898438,754.0,754.489990234375,284690
2026-07-15 18:45:00+00:00,753.6300048828125,754.0399780273438,753.3800048828125,754.030029296875,461585
2026-07-15 18:50:00+00:00,753.3699951171875,753.7349853515625,753.1599731445312,753.6500244140625,495806
2026-07-15 18:55:00+00:00,753.1900024414062,753.530029296875,753.0999755859375,753.3400268554688,281419
2026-07-15 19:00:00+00:00,753.6599731445312,753.72998046875,753.0499877929688,753.1900024414062,352061
2026-07-15 19:05:00+00:00,753.5700073242188,753.8300170898438,753.489990234375,753.6699829101562,329593
2026-07-15 19:10:00+00:00,753.780029296875,753.9299926757812,753.469970703125,753.5399780273438,371501
2026-07-15 19:15:00+00:00,753.530029296875,753.8400268554688,753.52001953125,753.780029296875,250645
2026-07-15 19:20:00+00:00,753.3400268554688,753.5599975585938,753.1699829101562,753.530029296875,395568
2026-07-15 19:25:00+00:00,753.6300048828125,753.77001953125,753.1699829101562,753.3300170898438,383228
2026-07-15 19:30:00+00:00,753.260009765625,753.9299926757812,753.0900268554688,753.6300048828125,924330
2026-07-15 19:35:00+00:00,753.8499755859375,753.9000244140625,753.1300048828125,753.280029296875,598236
2026-07-15 19:40:00+00:00,754.094970703125,754.2100219726562,753.77001953125,753.8400268554688,642535
2026-07-15 19:45:00+00:00,753.6300048828125,754.1500244140625,753.5,754.0800170898438,779156
2026-07-15 19:50:00+00:00,754.1599731445312,754.1799926757812,753.6300048828125,753.6300048828125,1454644
2026-07-15 19:55:00+00:00,754.72998046875,754.7999877929688,754.1599731445312,754.1599731445312,2213854
2026-07-16 13:30:00+00:00,752.2000122070312,753.52001953125,752.0900268554688,752.760009765625,2043117
2026-07-16 13:35:00+00:00,751.7100219726562,752.52001953125,751.6400146484375,752.2000122070312,556064
2026-07-16 13:40:00+00:00,751.260009765625,752.2899780273438,751.0900268554688,751.719970703125,660254
2026-07-16 13:45:00+00:00,751.0499877929688,751.7000122070312,750.6699829101562,751.2999877929688,704345
2026-07-16 13:50:00+00:00,751.47998046875,752.260009765625,750.989990234375,751.0449829101562,569436
2026-07-16 13:55:00+00:00,751.905029296875,752.1199951171875,751.0,751.47998046875,356333
2026-07-16 14:00:00+00:00,752.719970703125,752.8201904296875,751.6400146484375,751.9000244140625,660715
2026-07-16 14:05:00+00:00,753.3905029296875,753.5499877929688,752.5900268554688,752.739990234375,524923
2026-07-16 14:10:00+00:00,753.3599853515625,753.6099853515625,753.2000122070312,753.3900146484375,399437
2026-07-16 14:15:00+00:00,753.8599853515625,753.9299926757812,753.2050170898438,753.3599853515625,316165
2026-07-16 14:20:00+00:00,753.6699829101562,753.9299926757812,753.0700073242188,753.8599853515625,516302
2026-07-16 14:25:00+00:00,754.3499755859375,754.3880004882812,753.2899780273438,753.6400146484375,507544
2026-07-16 14:30:00+00:00,754.189208984375,754.4400024414062,753.9849853515625,754.3400268554688,373892
2026-07-16 14:35:00+00:00,753.9400024414062,754.52001953125,753.8200073242188,754.1699829101562,294450
2026-07-16 14:40:00+00:00,754.3699951171875,754.4298706054688,753.75,753.9299926757812,342619
2026-07-16 14:45:00+00:00,754.1900024414062,754.5700073242188,754.1500244140625,754.3699951171875,368465
2026-07-16 14:50:00+00:00,753.6790771484375,754.260009765625,753.530029296875,754.1699829101562,362500
2026-07-16 14:55:00+00:00,754.1699829101562,754.2000122070312,753.3400268554688,753.6500244140625,452264
2026-07-16 15:00:00+00:00,753.6599731445312,754.3800048828125,753.6099853515625,754.2000122070312,234055
2026-07-16 15:05:00+00:00,753.530029296875,753.7999877929688,753.0800170898438,753.6300048828125,390780
2026-07-16 15:10:00+00:00,753.3250122070312,753.780029296875,753.0800170898438,753.52001953125,224791
2026-07-16 15:15:00+00:00,753.6300048828125,753.6397705078125,752.97998046875,753.3300170898438,336034
2026-07-16 15:20:00+00:00,753.6199951171875,753.6500244140625,753.030029296875,753.6199951171875,309732
2026-07-16 15:25:00+00:00,753.8001098632812,754.4400024414062,753.5599975585938,753.6199951171875,302836
2026-07-16 15:30:00+00:00,754.2000122070312,754.22998046875,753.27001953125,753.8200073242188,294692
2026-07-16 15:35:00+00:00,754.3200073242188,754.4000244140625,753.8300170898438,754.1900024414062,195474
2026-07-16 15:40:00+00:00,753.6599731445312,754.405029296875,753.52001953125,754.3098754882812,225776
2026-07-16 15:45:00+00:00,753.5399780273438,753.6599731445312,753.030029296875,753.6599731445312,240122
2026-07-16 15:50:00+00:00,753.7899780273438,754.0999755859375,753.510009765625,753.510009765625,362195
2026-07-16 15:55:00+00:00,753.5700073242188,753.7899780273438,753.3099975585938,753.780029296875,203375
2026-07-16 16:00:00+00:00,752.75,753.5999755859375,752.72998046875,753.5999755859375,158344
2026-07-16 16:05:00+00:00,752.8900146484375,753.0499877929688,752.3599853515625,752.7449951171875,643228
2026-07-16 16:10:00+00:00,752.0399780273438,752.9000244140625,751.9600219726562,752.8900146484375,494795
2026-07-16 16:15:00+00:00,752.219970703125,752.544921875,751.8900146484375,752.030029296875,319281
2026-07-16 16:20:00+00:00,751.6599731445312,752.219970703125,751.5399780273438,752.219970703125,441782
2026-07-16 16:25:00+00:00,751.9299926757812,752.1198120117188,751.4500122070312,751.6300048828125,199395
2026-07-16 16:30:00+00:00,752.1900024414062,752.5399780273438,751.9099731445312,751.9400024414062,222424
2026-07-16 16:35:00+00:00,751.9000244140625,752.3599853515625,751.8599853515625,752.1900024414062,171786
2026-07-16 16:40:00+00:00,751.969970703125,752.219970703125,751.780029296875,751.9000244140625,251292
2026-07-16 16:45:00+00:00,752.010009765625,752.2064819335938,751.5900268554688,751.969970703125,283777
2026-07-16 16:50:00+00:00,752.6099853515625,752.6699829101562,751.8699951171875,752.010009765625,226146
2026-07-16 16:55:00+00:00,752.8599853515625,752.969970703125,752.5999755859375,752.5999755859375,513213
2026-07-16 17:00:00+00:00,752.5999755859375,752.9099731445312,752.2000122070312,752.8800048828125,260222
2026-07-16 17:05:00+00:00,752.7000122070312,752.8200073242188,752.2000122070312,752.5800170898438,198029
2026-07-16 17:10:00+00:00,752.1900024414062,752.780029296875,752.1300048828125,752.6699829101562,197377
2026-07-16 17:15:00+00:00,752.4199829101562,752.530029296875,752.1099853515625,752.1900024414062,146370
2026-07-16 17:20:00+00:00,752.0399780273438,752.52001953125,752.0399780273438,752.4000244140625,903887
2026-07-16 17:25:00+00:00,752.7050170898438,752.8499755859375,752.030029296875,752.0499877929688,179454
2026-07-16 17:30:00+00:00,752.1099853515625,752.8099975585938,752.0399169921875,752.7100219726562,147944
2026-07-16 17:35:00+00:00,751.6500244140625,752.2001953125,751.5399780273438,752.1199951171875,377853
2026-07-16 17:40:00+00:00,751.4199829101562,751.6400146484375,751.0999755859375,751.6400146484375,664324
2026-07-16 17:45:00+00:00,751.6799926757812,751.8900146484375,751.0800170898438,751.4299926757812,345693
2026-07-16 17:50:00+00:00,751.5800170898438,751.8900146484375,751.3699951171875,751.6950073242188,154170
2026-07-16 17:55:00+00:00,751.3099975585938,751.5800170898438,751.0850219726562,751.5700073242188,197753
2026-07-16 18:00:00+00:00,750.8900146484375,751.47998046875,750.8900146484375,751.3300170898438,298249
2026-07-16 18:05:00+00:00,750.739990234375,750.9450073242188,750.4600219726562,750.9000244140625,549605
2026-07-16 18:10:00+00:00,750.72998046875,751.4500122070312,750.7100219726562,750.739990234375,426432
2026-07-16 18:15:00+00:00,751.2000122070312,751.3400268554688,750.4600219726562,750.7000122070312,427658
2026-07-16 18:20:00+00:00,751.3400268554688,751.7100219726562,751.1400146484375,751.1900024414062,337512
2026-07-16 18:25:00+00:00,750.9099731445312,751.5,750.8699951171875,751.3599853515625,389898
2026-07-16 18:30:00+00:00,750.719970703125,750.9299926757812,750.5499877929688,750.9199829101562,208525
2026-07-16 18:35:00+00:00,750.3599853515625,750.6799926757812,750.3499755859375,750.6799926757812,262718
2026-07-16 18:40:00+00:00,750.52001953125,750.7000122070312,749.9199829101562,750.3599853515625,515040
2026-07-16 18:45:00+00:00,750.77001953125,750.9000244140625,750.2999877929688,750.5,286190
2026-07-16 18:50:00+00:00,750.219970703125,750.9299926757812,750.219970703125,750.760009765625,264072
2026-07-16 18:55:00+00:00,750.22998046875,750.47998046875,750.1099853515625,750.219970703125,597119
2026-07-16 19:00:00+00:00,750.530029296875,750.7000122070312,750.0900268554688,750.219970703125,297832
2026-07-16 19:05:00+00:00,749.77001953125,750.6799926757812,749.760009765625,750.510009765625,393706
2026-07-16 19:10:00+00:00,749.760009765625,749.8499755859375,749.5800170898438,749.75,355767
2026-07-16 19:15:00+00:00,749.760009765625,749.8800048828125,749.4000854492188,749.739990234375,701998
2026-07-16 19:20:00+00:00,749.510009765625,750.010009765625,749.5,749.760009765625,913161
2026-07-16 19:25:00+00:00,749.0999755859375,749.6300048828125,748.8599853515625,749.5150146484375,632627
2026-07-16 19:30:00+00:00,748.6900024414062,749.1599731445312,748.4299926757812,749.0800170898438,751215
2026-07-16 19:35:00+00:00,749.030029296875,749.1500244140625,748.4000244140625,748.6799926757812,626528
2026-07-16 19:40:00+00:00,748.52001953125,749.1599731445312,748.47998046875,749.02001953125,1807922
2026-07-16 19:45:00+00:00,748.2100219726562,748.6300048828125,747.8800048828125,748.510009765625,1519249
2026-07-16 19:50:00+00:00,749.97998046875,750.0499877929688,748.1900024414062,748.2100219726562,2764428
2026-07-16 19:55:00+00:00,750.760009765625,751.0399780273438,749.989990234375,749.989990234375,3634040
2026-07-17 13:30:00+00:00,741.032470703125,742.6199951171875,741.010009765625,742.0800170898438,3646013
2026-07-17 13:35:00+00:00,741.52001953125,741.6599731445312,740.7999877929688,741.0399780273438,2254283
2026-07-17 13:40:00+00:00,741.0349731445312,742.6699829101562,740.840087890625,741.5,1285131
2026-07-17 13:45:00+00:00,743.030029296875,743.1400146484375,740.9500122070312,741.0499877929688,1050322
2026-07-17 13:50:00+00:00,743.88671875,744.2000122070312,743.0,743.010009765625,640475
2026-07-17 13:55:00+00:00,744.8101196289062,744.8300170898438,743.5999755859375,743.8800048828125,707927
2026-07-17 14:00:00+00:00,745.3400268554688,745.7725219726562,744.6701049804688,744.8099975585938,799754
2026-07-17 14:05:00+00:00,746.3200073242188,746.4600219726562,745.2999877929688,745.3200073242188,712291
2026-07-17 14:10:00+00:00,746.280029296875,746.7999877929688,745.9099731445312,746.3200073242188,788566
2026-07-17 14:15:00+00:00,746.5700073242188,747.2899780273438,746.1699829101562,746.2661743164062,721960
2026-07-17 14:20:00+00:00,746.8699951171875,747.0599975585938,746.2100219726562,746.564208984375,564846
2026-07-17 14:25:00+00:00,746.3350219726562,747.2100219726562,746.1699829101562,746.8699951171875,2399160
2026-07-17 14:30:00+00:00,745.989990234375,746.5999755859375,745.5999755859375,746.3400268554688,576136
2026-07-17 14:35:00+00:00,746.72998046875,746.7899780273438,745.7337036132812,745.9949951171875,478420
2026-07-17 14:40:00+00:00,745.8800048828125,746.7750244140625,745.75,746.719970703125,510674
2026-07-17 14:45:00+00:00,745.6849975585938,746.5900268554688,745.260009765625,745.8599853515625,744414
2026-07-17 14:50:00+00:00,745.4199829101562,745.8300170898438,745.2000122070312,745.6900024414062,314683
2026-07-17 14:55:00+00:00,745.0499877929688,746.1900024414062,744.8499755859375,745.3900146484375,416999
2026-07-17 15:00:00+00:00,744.22998046875,745.2235107421875,744.1400146484375,745.0499877929688,832834
2026-07-17 15:05:00+00:00,744.8699951171875,745.010009765625,744.1484985351562,744.22998046875,393491
2026-07-17 15:10:00+00:00,744.3200073242188,745.2100219726562,744.1099853515625,744.8800048828125,394536
2026-07-17 15:15:00+00:00,744.5399780273438,744.8499755859375,743.97998046875,744.3599853515625,447458
2026-07-17 15:20:00+00:00,744.2908935546875,744.9000244140625,743.9600219726562,744.5499877929688,496269
2026-07-17 15:25:00+00:00,745.4450073242188,745.5700073242188,744.280029296875,744.3099975585938,332841
2026-07-17 15:30:00+00:00,745.0399780273438,745.9000244140625,744.8599853515625,745.4400024414062,811194
2026-07-17 15:35:00+00:00,745.6599731445312,745.77001953125,744.4401245117188,745.010009765625,345546
2026-07-17 15:40:00+00:00,745.5,745.9000244140625,744.97998046875,745.6400146484375,314654
2026-07-17 15:45:00+00:00,745.5709838867188,745.6099853515625,744.8099975585938,745.489990234375,505214
2026-07-17 15:50:00+00:00,746.0908813476562,746.0908813476562,745.1699829101562,745.5800170898438,245141
2026-07-17 15:55:00+00:00,746.8699951171875,747.0599975585938,746.0018920898438,746.0900268554688,436523
2026-07-17 16:00:00+00:00,745.5499877929688,747.0999755859375,745.1799926757812,746.8800048828125,845719
2026-07-17 16:05:00+00:00,745.9500122070312,745.9600219726562,744.8300170898438,745.5499877929688,2514622
2026-07-17 16:10:00+00:00,746.27001953125,746.3699951171875,745.7000122070312,745.9450073242188,308586
2026-07-17 16:15:00+00:00,746.364990234375,746.5700073242188,746.010009765625,746.2899780273438,295906
2026-07-17 16:20:00+00:00,745.239990234375,746.52001953125,745.2100219726562,746.3599853515625,405591
2026-07-17 16:25:00+00:00,745.9400024414062,746.5,745.1420288085938,745.27001953125,333302
2026-07-17 16:30:00+00:00,745.5599975585938,746.1760864257812,745.5399780273438,745.9500122070312,328325
2026-07-17 16:35:00+00:00,745.9099731445312,746.0499877929688,745.5599975585938,745.60498046875,197300
2026-07-17 16:40:00+00:00,746.4099731445312,746.4500122070312,745.5999755859375,745.9000244140625,227125
2026-07-17 16:45:00+00:00,746.8685302734375,747.010009765625,746.22998046875,746.4299926757812,299535
2026-07-17 16:50:00+00:00,746.8510131835938,747.27001953125,746.5800170898438,746.8599853515625,445804
2026-07-17 16:55:00+00:00,746.3200073242188,746.9500122070312,746.1300048828125,746.8599853515625,259543
2026-07-17 17:00:00+00:00,746.6900024414062,747.1699829101562,746.219970703125,746.3699951171875,346995
2026-07-17 17:05:00+00:00,746.9600219726562,747.0,746.4500122070312,746.6599731445312,228704
2026-07-17 17:10:00+00:00,746.4199829101562,747.1199951171875,746.3900146484375,746.969970703125,265228
2026-07-17 17:15:00+00:00,746.280029296875,746.97998046875,746.2338256835938,746.4000244140625,297175
2026-07-17 17:20:00+00:00,746.2899780273438,746.4400024414062,745.969970703125,746.27001953125,434477
2026-07-17 17:25:00+00:00,746.8699951171875,747.02001953125,746.27001953125,746.2999877929688,1326653
2026-07-17 17:30:00+00:00,746.6099853515625,746.989990234375,746.5399780273438,746.8800048828125,259241
2026-07-17 17:35:00+00:00,746.02001953125,746.6799926757812,745.9099731445312,746.6199951171875,578118
2026-07-17 17:40:00+00:00,745.5999755859375,746.0599975585938,745.510009765625,746.010009765625,307718
2026-07-17 17:45:00+00:00,745.5700073242188,745.8909301757812,745.4000244140625,745.5999755859375,285280
2026-07-17 17:50:00+00:00,744.9000244140625,745.6400146484375,744.760009765625,745.5700073242188,294086
2026-07-17 17:55:00+00:00,744.5800170898438,744.9995727539062,744.3800048828125,744.8905029296875,353606
2026-07-17 18:00:00+00:00,744.6475219726562,745.1400146484375,744.3800048828125,744.5800170898438,516377
2026-07-17 18:05:00+00:00,744.3300170898438,744.6400146484375,744.1599731445312,744.6400146484375,416314
2026-07-17 18:10:00+00:00,744.1099853515625,744.489990234375,744.0900268554688,744.3099975585938,301115
2026-07-17 18:15:00+00:00,743.8300170898438,744.2030029296875,743.5859985351562,744.1199951171875,355599
2026-07-17 18:20:00+00:00,743.739990234375,744.1699829101562,743.5499877929688,743.8499755859375,954726
2026-07-17 18:25:00+00:00,743.7100219726562,743.75,743.239990234375,743.72998046875,469769
2026-07-17 18:30:00+00:00,743.6611938476562,744.3400268554688,743.4199829101562,743.6900024414062,395985
2026-07-17 18:35:00+00:00,743.72998046875,743.9500122070312,743.510009765625,743.6699829101562,199582
2026-07-17 18:40:00+00:00,743.260009765625,743.7999877929688,743.0999755859375,743.75,316384
2026-07-17 18:45:00+00:00,743.8905029296875,744.25,743.094970703125,743.239990234375,795556
2026-07-17 18:50:00+00:00,744.5599975585938,744.5798950195312,743.6799926757812,743.8995971679688,397373
2026-07-17 18:55:00+00:00,744.3699951171875,744.6599731445312,744.1599731445312,744.5650024414062,336557
2026-07-17 19:00:00+00:00,743.8599853515625,744.469970703125,743.739990234375,744.3900146484375,408602
2026-07-17 19:05:00+00:00,743.4099731445312,743.989990234375,743.3800048828125,743.8699951171875,238804
2026-07-17 19:10:00+00:00,742.760009765625,743.47998046875,742.719970703125,743.4099731445312,768193
2026-07-17 19:15:00+00:00,742.9199829101562,742.97998046875,742.5700073242188,742.739990234375,477727
2026-07-17 19:20:00+00:00,742.3599853515625,742.9000244140625,742.3400268554688,742.9000244140625,447454
2026-07-17 19:25:00+00:00,743.1599731445312,743.280029296875,742.1300048828125,742.330078125,746844
2026-07-17 19:30:00+00:00,743.030029296875,743.6199951171875,742.77001953125,743.1699829101562,1127405
2026-07-17 19:35:00+00:00,742.8300170898438,743.530029296875,742.72998046875,743.030029296875,844183
2026-07-17 19:40:00+00:00,743.47998046875,743.6199951171875,742.5999755859375,742.8300170898438,736663
2026-07-17 19:45:00+00:00,744.0399780273438,744.0399780273438,743.3699951171875,743.47998046875,1120911
2026-07-17 19:50:00+00:00,743.969970703125,744.2899780273438,743.47998046875,744.030029296875,1759257
2026-07-17 19:55:00+00:00,743.155029296875,744.4000244140625,742.9199829101562,744.0,3182293
2026-07-20 13:30:00+00:00,748.0499877929688,748.0499877929688,746.7999877929688,747.0599975585938,1851776
2026-07-20 13:35:00+00:00,748.1699829101562,748.7100219726562,747.72998046875,748.030029296875,833394
2026-07-20 13:40:00+00:00,748.5599975585938,748.5900268554688,748.0599975585938,748.1699829101562,511709
2026-07-20 13:45:00+00:00,747.5800170898438,748.72998046875,747.530029296875,748.5700073242188,805592
2026-07-20 13:50:00+00:00,746.4550170898438,747.8400268554688,746.25,747.5800170898438,874876
2026-07-20 13:55:00+00:00,745.6900024414062,746.489990234375,745.52001953125,746.4500122070312,671795
2026-07-20 14:00:00+00:00,745.885009765625,746.3599853515625,745.3900146484375,745.6799926757812,524174
2026-07-20 14:05:00+00:00,745.4000244140625,746.1199951171875,745.27001953125,745.9000244140625,475704
2026-07-20 14:10:00+00:00,744.989990234375,745.3800048828125,744.7650146484375,745.3400268554688,414066
2026-07-20 14:15:00+00:00,744.9000244140625,745.47998046875,744.6300048828125,745.02001953125,420432
2026-07-20 14:20:00+00:00,744.969970703125,745.2100219726562,744.260009765625,744.8499755859375,561519
2026-07-20 14:25:00+00:00,745.6799926757812,745.739990234375,744.9099731445312,744.969970703125,355120
2026-07-20 14:30:00+00:00,745.260009765625,745.9600219726562,745.0399780273438,745.6900024414062,475390
2026-07-20 14:35:00+00:00,745.3300170898438,745.530029296875,744.9598999023438,745.260009765625,453223
2026-07-20 14:40:00+00:00,744.8900146484375,745.7899780273438,744.7520141601562,745.3499755859375,258874
2026-07-20 14:45:00+00:00,744.6400146484375,745.739990234375,744.4901123046875,744.8800048828125,323848
2026-07-20 14:50:00+00:00,744.3250122070312,744.9400024414062,744.1500244140625,744.6199951171875,539597
2026-07-20 14:55:00+00:00,744.1099853515625,744.489990234375,743.6900024414062,744.3200073242188,429824
2026-07-20 15:00:00+00:00,744.5800170898438,744.8800048828125,743.8049926757812,744.1400146484375,297794
2026-07-20 15:05:00+00:00,745.4099731445312,745.4849853515625,743.8499755859375,744.5599975585938,502571
2026-07-20 15:10:00+00:00,744.7999877929688,745.4600219726562,744.6699829101562,745.4000244140625,226403
2026-07-20 15:15:00+00:00,745.27001953125,745.530029296875,744.6099853515625,744.7999877929688,295430
2026-07-20 15:20:00+00:00,745.75,745.969970703125,745.0700073242188,745.260009765625,316075
2026-07-20 15:25:00+00:00,745.8699951171875,745.969970703125,745.219970703125,745.719970703125,503848
2026-07-20 15:30:00+00:00,745.8800048828125,746.02001953125,745.77001953125,745.8900146484375,192342
2026-07-20 15:35:00+00:00,745.4600219726562,745.9299926757812,745.3900146484375,745.9000244140625,214063
2026-07-20 15:40:00+00:00,745.969970703125,745.969970703125,745.280029296875,745.469970703125,214146
2026-07-20 15:45:00+00:00,745.2999877929688,745.989990234375,745.0999755859375,745.97998046875,254897
2026-07-20 15:50:00+00:00,746.219970703125,746.3599853515625,745.1300048828125,745.2899780273438,400298
2026-07-20 15:55:00+00:00,745.989990234375,746.4400024414062,745.9400024414062,746.22998046875,310885
2026-07-20 16:00:00+00:00,746.1599731445312,746.25,745.5800170898438,746.0,407969
2026-07-20 16:05:00+00:00,746.7999877929688,746.8350219726562,746.1599731445312,746.1599731445312,588741
2026-07-20 16:10:00+00:00,746.7899780273438,747.0050048828125,746.6400146484375,746.780029296875,297597
2026-07-20 16:15:00+00:00,746.6799926757812,746.844970703125,746.3099975585938,746.8300170898438,314922
2026-07-20 16:20:00+00:00,746.780029296875,746.8800048828125,746.6199951171875,746.7000122070312,227319
2026-07-20 16:25:00+00:00,746.5,746.8300170898438,746.1699829101562,746.780029296875,323898
2026-07-20 16:30:00+00:00,745.8300170898438,746.780029296875,745.7999877929688,746.489990234375,328389
2026-07-20 16:35:00+00:00,746.3499755859375,746.3699951171875,745.8099975585938,745.8200073242188,240742
2026-07-20 16:40:00+00:00,745.4299926757812,746.52001953125,744.5,746.3300170898438,1044388
2026-07-20 16:45:00+00:00,746.1300048828125,746.1799926757812,745.2100219726562,745.4099731445312,420926
2026-07-20 16:50:00+00:00,744.969970703125,746.155029296875,744.9099731445312,746.1199951171875,316124
2026-07-20 16:55:00+00:00,745.0,745.1900024414062,744.72998046875,744.969970703125,481423
2026-07-20 17:00:00+00:00,744.552490234375,745.2100219726562,744.5499877929688,745.010009765625,307945
2026-07-20 17:05:00+00:00,744.5900268554688,744.6500244140625,744.1300048828125,744.5399780273438,288703
2026-07-20 17:10:00+00:00,743.9000244140625,744.6400146484375,743.8400268554688,744.5900268554688,294244
2026-07-20 17:15:00+00:00,744.1199951171875,744.260009765625,743.5599975585938,743.8900146484375,383022
2026-07-20 17:20:00+00:00,744.1099853515625,744.489990234375,743.969970703125,744.114990234375,228512
2026-07-20 17:25:00+00:00,744.1199951171875,744.3699951171875,743.8900146484375,744.0999755859375,258856
2026-07-20 17:30:00+00:00,744.3250122070312,744.4201049804688,743.9500122070312,744.1300048828125,243517
2026-07-20 17:35:00+00:00,744.010009765625,744.5399780273438,743.989990234375,744.2999877929688,267253
2026-07-20 17:40:00+00:00,743.760009765625,744.0499877929688,743.5900268554688,744.030029296875,344669
2026-07-20 17:45:00+00:00,744.25,744.3499755859375,743.6300048828125,743.77001953125,281957
2026-07-20 17:50:00+00:00,744.6500244140625,744.9199829101562,744.2100219726562,744.219970703125,290349
2026-07-20 17:55:00+00:00,744.5499877929688,744.6900024414062,744.2100830078125,744.6500244140625,261761
2026-07-20 18:00:00+00:00,744.8499755859375,745.1699829101562,744.5499877929688,744.5499877929688,363635
2026-07-20 18:05:00+00:00,744.875,744.9400024414062,744.530029296875,744.8400268554688,239896
2026-07-20 18:10:00+00:00,745.030029296875,745.219970703125,744.7100219726562,744.9000244140625,219433
2026-07-20 18:15:00+00:00,745.239990234375,745.3800048828125,744.8800048828125,745.02001953125,387343
2026-07-20 18:20:00+00:00,744.280029296875,745.2899780273438,744.25,745.219970703125,618991
2026-07-20 18:25:00+00:00,744.469970703125,744.7999877929688,744.1300048828125,744.2899780273438,343916
2026-07-20 18:30:00+00:00,743.6649780273438,744.489990234375,743.47998046875,744.469970703125,473873
2026-07-20 18:35:00+00:00,743.5750122070312,744.2949829101562,743.4400024414062,743.6599731445312,340647
2026-07-20 18:40:00+00:00,742.5449829101562,743.6199951171875,742.530029296875,743.5750122070312,546380
2026-07-20 18:45:00+00:00,742.7000122070312,743.0499877929688,742.4299926757812,742.5499877929688,685176
2026-07-20 18:50:00+00:00,743.0999755859375,743.22998046875,742.5599975585938,742.7100219726562,302428
2026-07-20 18:55:00+00:00,742.719970703125,743.1400146484375,742.47998046875,743.094970703125,308207
2026-07-20 19:00:00+00:00,742.5900268554688,743.1900024414062,742.4199829101562,742.760009765625,616940
2026-07-20 19:05:00+00:00,742.6950073242188,742.8209838867188,742.25,742.5900268554688,525097
2026-07-20 19:10:00+00:00,741.7000122070312,743.0999755859375,741.7000122070312,742.6994018554688,591743
2026-07-20 19:15:00+00:00,741.9199829101562,742.2100219726562,741.5103149414062,741.7100219726562,970049
2026-07-20 19:20:00+00:00,742.2999877929688,742.4299926757812,741.7899780273438,741.9299926757812,614806
2026-07-20 19:25:00+00:00,742.72998046875,742.9199829101562,741.8599853515625,742.3200073242188,683468
2026-07-20 19:30:00+00:00,742.97998046875,743.2000122070312,742.3400268554688,742.739990234375,709918
2026-07-20 19:35:00+00:00,742.97998046875,743.1300048828125,742.510009765625,742.9600219726562,647393
2026-07-20 19:40:00+00:00,742.989990234375,743.3400268554688,742.7999877929688,742.969970703125,568417
2026-07-20 19:45:00+00:00,743.0800170898438,743.25,742.7000122070312,743.0,993664
2026-07-20 19:50:00+00:00,742.2000122070312,743.0700073242188,741.760009765625,743.0700073242188,1894670
2026-07-20 19:55:00+00:00,742.1400146484375,742.239990234375,741.6099853515625,742.1799926757812,4361321
2026-07-21 13:30:00+00:00,745.5999755859375,746.6799926757812,745.1199951171875,746.2899780273438,1901011
2026-07-21 13:35:00+00:00,745.280029296875,746.231689453125,745.27001953125,745.6099853515625,824912
2026-07-21 13:40:00+00:00,744.510009765625,745.3099975585938,744.2708740234375,745.260009765625,600352
2026-07-21 13:45:00+00:00,744.9500122070312,745.0,744.1799926757812,744.52001953125,420126
2026-07-21 13:50:00+00:00,745.0700073242188,745.3499755859375,744.260009765625,744.969970703125,386215
2026-07-21 13:55:00+00:00,745.3599853515625,745.364990234375,744.6099853515625,745.0499877929688,344126
2026-07-21 14:00:00+00:00,745.4199829101562,745.869873046875,744.9600219726562,745.3699951171875,348723
2026-07-21 14:05:00+00:00,745.1950073242188,745.77001953125,745.02001953125,745.4199829101562,212358
2026-07-21 14:10:00+00:00,745.7449951171875,745.8599853515625,744.9500122070312,745.1900024414062,284660
2026-07-21 14:15:00+00:00,746.02001953125,746.1699829101562,744.7899780273438,745.719970703125,302137
2026-07-21 14:20:00+00:00,745.97998046875,746.1900024414062,745.4550170898438,746.0150146484375,224452
2026-07-21 14:25:00+00:00,746.8699951171875,746.989990234375,745.9299926757812,745.9600219726562,450689
2026-07-21 14:30:00+00:00,746.7999877929688,747.25,746.5800170898438,746.8499755859375,340012
2026-07-21 14:35:00+00:00,746.2999877929688,747.02001953125,746.0900268554688,746.7949829101562,301549
2026-07-21 14:40:00+00:00,746.5999755859375,746.635009765625,745.77001953125,746.2999877929688,298164
2026-07-21 14:45:00+00:00,746.9099731445312,747.260009765625,746.4500122070312,746.6099853515625,401228
2026-07-21 14:50:00+00:00,746.6900024414062,746.9600219726562,746.5,746.9099731445312,166050
2026-07-21 14:55:00+00:00,746.739990234375,746.7899780273438,746.260009765625,746.6799926757812,202701
2026-07-21 15:00:00+00:00,746.0009765625,746.8900146484375,745.8300170898438,746.77001953125,310493
2026-07-21 15:05:00+00:00,746.97998046875,747.0700073242188,745.8499755859375,746.0,292853
2026-07-21 15:10:00+00:00,747.2097778320312,747.52001953125,746.9400024414062,746.97998046875,337144
2026-07-21 15:15:00+00:00,747.4099731445312,747.5499877929688,747.1588134765625,747.2100219726562,202955
2026-07-21 15:20:00+00:00,747.656005859375,747.97998046875,747.3200073242188,747.4099731445312,426494
2026-07-21 15:25:00+00:00,748.0,748.010009765625,747.6099853515625,747.6544189453125,191435
2026-07-21 15:30:00+00:00,747.7750244140625,748.0,747.4099731445312,747.97998046875,364371
2026-07-21 15:35:00+00:00,747.5800170898438,747.9299926757812,747.4299926757812,747.7899780273438,267226
2026-07-21 15:40:00+00:00,747.594970703125,747.8588256835938,747.5198974609375,747.5599975585938,235112
2026-07-21 15:45:00+00:00,747.8115234375,747.9199829101562,747.530029296875,747.580322265625,165894
2026-07-21 15:50:00+00:00,747.719970703125,747.97998046875,747.7000122070312,747.8200073242188,270841
2026-07-21 15:55:00+00:00,747.52001953125,747.9000244140625,747.469970703125,747.77001953125,178981
2026-07-21 16:00:00+00:00,748.219970703125,748.22998046875,747.489990234375,747.52001953125,235413
2026-07-21 16:05:00+00:00,748.1500244140625,748.3099975585938,748.0700073242188,748.2255249023438,157808
2026-07-21 16:10:00+00:00,748.22998046875,748.27001953125,748.0399780273438,748.1497802734375,163585
2026-07-21 16:15:00+00:00,748.469970703125,748.530029296875,748.219970703125,748.239990234375,456214
2026-07-21 16:20:00+00:00,748.5800170898438,748.75,748.4099731445312,748.47998046875,202970
2026-07-21 16:25:00+00:00,748.6599731445312,748.7000122070312,748.4400024414062,748.5800170898438,119457
2026-07-21 16:30:00+00:00,748.6849975585938,748.780029296875,748.4801025390625,748.6400146484375,186951
2026-07-21 16:35:00+00:00,748.6699829101562,748.719970703125,748.489990234375,748.680908203125,101468
2026-07-21 16:40:00+00:00,748.6099853515625,748.739990234375,748.5,748.6699829101562,120496
2026-07-21 16:45:00+00:00,748.489990234375,748.6500244140625,748.4000244140625,748.6300048828125,125200
2026-07-21 16:50:00+00:00,748.9598999023438,748.9949951171875,748.4500122070312,748.489990234375,215362
2026-07-21 16:55:00+00:00,748.6900024414062,749.0399780273438,748.6799926757812,748.9600219726562,620830
2026-07-21 17:00:00+00:00,748.6199951171875,748.8300170898438,748.5805053710938,748.6884155273438,170343
2026-07-21 17:05:00+00:00,748.7100219726562,748.85498046875,748.5800170898438,748.6199951171875,356355
2026-07-21 17:10:00+00:00,748.5999755859375,748.739990234375,748.530029296875,748.719970703125,478893
2026-07-21 17:15:00+00:00,748.35498046875,748.6599731445312,748.3300170898438,748.6099853515625,335585
2026-07-21 17:20:00+00:00,748.4000244140625,748.47998046875,748.25,748.3499755859375,192939
2026-07-21 17:25:00+00:00,748.3599853515625,748.47998046875,748.239990234375,748.4199829101562,175614
2026-07-21 17:30:00+00:00,748.3599853515625,748.5700073242188,748.2150268554688,748.3599853515625,225080
2026-07-21 17:35:00+00:00,748.7000122070312,748.7999877929688,748.3400268554688,748.3499755859375,247679
2026-07-21 17:40:00+00:00,748.669921875,748.72998046875,748.510009765625,748.7000122070312,142384
2026-07-21 17:45:00+00:00,748.8200073242188,748.8599853515625,748.5499877929688,748.6599731445312,161776
2026-07-21 17:50:00+00:00,748.6799926757812,748.9299926757812,748.6599731445312,748.8400268554688,306097
2026-07-21 17:55:00+00:00,748.5900268554688,748.719970703125,748.4400024414062,748.6749877929688,232952
2026-07-21 18:00:00+00:00,748.3200073242188,748.77001953125,748.260009765625,748.5900268554688,295577
2026-07-21 18:05:00+00:00,748.4550170898438,748.5499877929688,748.27001953125,748.2999877929688,163057
2026-07-21 18:10:00+00:00,748.1599731445312,748.5490112304688,748.1199951171875,748.4400024414062,245581
2026-07-21 18:15:00+00:00,748.2100219726562,748.27001953125,748.0900268554688,748.1699829101562,219304
2026-07-21 18:20:00+00:00,748.2999877929688,748.4000244140625,748.1099853515625,748.1900024414062,200541
2026-07-21 18:25:00+00:00,748.2100219726562,748.2999877929688,748.0650024414062,748.2899780273438,316580
2026-07-21 18:30:00+00:00,747.969970703125,748.260009765625,747.9400024414062,748.219970703125,218286
2026-07-21 18:35:00+00:00,748.1500244140625,748.27001953125,747.9600219726562,747.969970703125,227217
2026-07-21 18:40:00+00:00,748.5399780273438,748.6099853515625,748.02001953125,748.1500244140625,215354
2026-07-21 18:45:00+00:00,748.4500122070312,748.6400146484375,748.3800048828125,748.530029296875,161869
2026-07-21 18:50:00+00:00,748.25927734375,748.510009765625,748.25,748.469970703125,185937
2026-07-21 18:55:00+00:00,748.3699951171875,748.5700073242188,748.22998046875,748.25,314496
2026-07-21 19:00:00+00:00,748.27001953125,748.469970703125,748.1500244140625,748.3800048828125,225750
2026-07-21 19:05:00+00:00,748.135009765625,748.4199829101562,748.1199951171875,748.25,277072
2026-07-21 19:10:00+00:00,748.239990234375,748.4299926757812,748.0900268554688,748.1400146484375,308319
2026-07-21 19:15:00+00:00,748.3099975585938,748.4600219726562,748.1900024414062,748.25,190314
2026-07-21 19:20:00+00:00,748.3099975585938,748.3900146484375,748.1900024414062,748.3099975585938,183500
2026-07-21 19:25:00+00:00,748.260009765625,748.4600219726562,748.219970703125,748.2899780273438,375104
2026-07-21 19:30:00+00:00,748.1799926757812,748.3900146484375,748.1500244140625,748.25,361485
2026-07-21 19:35:00+00:00,748.4099731445312,748.5700073242188,748.1199951171875,748.1699829101562,332389
2026-07-21 19:40:00+00:00,748.530029296875,748.5880126953125,748.239990234375,748.4005126953125,742764
2026-07-21 19:45:00+00:00,748.60498046875,748.6400146484375,748.2449951171875,748.530029296875,605051
2026-07-21 19:50:00+00:00,748.3800048828125,748.7000122070312,748.2899780273438,748.5900268554688,1277177
2026-07-21 19:55:00+00:00,748.3300170898438,748.5800170898438,748.0900268554688,748.3800048828125,1743645
2026-07-22 13:30:00+00:00,747.3150024414062,747.5700073242188,746.3699951171875,746.6199951171875,1723196
2026-07-22 13:35:00+00:00,747.4000244140625,747.489990234375,747.02001953125,747.3099975585938,398272
2026-07-22 13:40:00+00:00,747.5700073242188,747.7000122070312,747.0900268554688,747.4099731445312,386033
2026-07-22 13:45:00+00:00,747.760009765625,748.0599975585938,747.5700073242188,747.5999755859375,387195
2026-07-22 13:50:00+00:00,748.1500244140625,748.1799926757812,747.39501953125,747.739990234375,499544
2026-07-22 13:55:00+00:00,748.780029296875,748.7849731445312,748.02001953125,748.1300048828125,496342
2026-07-22 14:00:00+00:00,748.969970703125,748.969970703125,748.52001953125,748.77001953125,393130
2026-07-22 14:05:00+00:00,748.5401000976562,749.3800048828125,748.510009765625,748.969970703125,386190
2026-07-22 14:10:00+00:00,748.239990234375,748.7750244140625,748.110107421875,748.5399780273438,289947
2026-07-22 14:15:00+00:00,748.1300048828125,748.3200073242188,747.77001953125,748.260009765625,251758
2026-07-22 14:20:00+00:00,747.5999755859375,748.4299926757812,747.3800048828125,748.1400146484375,390741
2026-07-22 14:25:00+00:00,747.2999877929688,747.8099975585938,747.0900268554688,747.6300048828125,311511
2026-07-22 14:30:00+00:00,747.239990234375,747.7899780273438,747.1699829101562,747.2899780273438,405856
2026-07-22 14:35:00+00:00,747.3099975585938,747.4500122070312,747.05078125,747.260009765625,396475
2026-07-22 14:40:00+00:00,746.780029296875,747.4500122070312,746.760009765625,747.2999877929688,250611
2026-07-22 14:45:00+00:00,747.3699951171875,747.469970703125,746.6799926757812,746.7899780273438,297686
2026-07-22 14:50:00+00:00,747.4199829101562,747.6500244140625,747.0900268554688,747.3800048828125,348917
2026-07-22 14:55:00+00:00,747.9349975585938,747.9769897460938,747.1500244140625,747.3900146484375,280430
2026-07-22 15:00:00+00:00,748.3049926757812,748.4400024414062,747.8900146484375,747.9299926757812,277938
2026-07-22 15:05:00+00:00,748.6099853515625,748.75,748.2000122070312,748.2999877929688,333941
2026-07-22 15:10:00+00:00,748.875,749.039306640625,748.5900268554688,748.6099853515625,275844
2026-07-22 15:15:00+00:00,748.8599853515625,748.9849853515625,748.52001953125,748.8800048828125,382048
2026-07-22 15:20:00+00:00,749.3099975585938,749.4000244140625,748.8300170898438,748.8699951171875,177372
2026-07-22 15:25:00+00:00,749.4099731445312,749.6799926757812,749.2606811523438,749.3200073242188,274008
2026-07-22 15:30:00+00:00,748.9600219726562,749.510009765625,748.9199829101562,749.4199829101562,258364
2026-07-22 15:35:00+00:00,748.9149780273438,749.1400146484375,748.7506713867188,748.9849853515625,184888
2026-07-22 15:40:00+00:00,749.0,749.2100219726562,748.8499755859375,748.9149780273438,123396
2026-07-22 15:45:00+00:00,749.3800048828125,749.3800048828125,749.02001953125,749.02001953125,251782
2026-07-22 15:50:00+00:00,749.280029296875,749.5900268554688,749.22998046875,749.3800048828125,154286
2026-07-22 15:55:00+00:00,749.760009765625,749.7899780273438,749.1799926757812,749.260009765625,157530
2026-07-22 16:00:00+00:00,749.6849975585938,749.8200073242188,749.489990234375,749.760009765625,191780
2026-07-22 16:05:00+00:00,749.7449951171875,749.9099731445312,749.5399780273438,749.6900024414062,230076
2026-07-22 16:10:00+00:00,749.7100219726562,749.7899780273438,749.5999755859375,749.739990234375,200353
2026-07-22 16:15:00+00:00,749.9749755859375,750.02001953125,749.6799926757812,749.7100219726562,195351
2026-07-22 16:20:00+00:00,749.8699951171875,749.969970703125,749.780029296875,749.969970703125,234835
2026-07-22 16:25:00+00:00,749.8499755859375,749.9400024414062,749.6799926757812,749.8699951171875,242635
2026-07-22 16:30:00+00:00,749.9299926757812,750.0048217773438,749.75,749.8599853515625,178756
2026-07-22 16:35:00+00:00,749.8699951171875,749.9600219726562,749.7899780273438,749.9199829101562,313848
2026-07-22 16:40:00+00:00,749.7550048828125,749.8900146484375,749.6400146484375,749.8900146484375,179533
2026-07-22 16:45:00+00:00,749.60498046875,749.9000244140625,749.52001953125,749.760009765625,179344
2026-07-22 16:50:00+00:00,749.52001953125,749.6799926757812,749.47998046875,749.6099853515625,132286
2026-07-22 16:55:00+00:00,749.8300170898438,749.9500122070312,749.5,749.510009765625,146439
2026-07-22 17:00:00+00:00,749.5,749.9600219726562,749.3699951171875,749.8350219726562,233695
2026-07-22 17:05:00+00:00,749.6099853515625,749.75,749.47998046875,749.5,580307
2026-07-22 17:10:00+00:00,749.3200073242188,749.6199951171875,749.25,749.5999755859375,361788
2026-07-22 17:15:00+00:00,749.25,749.4299926757812,749.1900024414062,749.3099975585938,502612
2026-07-22 17:20:00+00:00,749.1749877929688,749.260009765625,748.9500122070312,749.239990234375,195943
2026-07-22 17:25:00+00:00,749.0444946289062,749.3900146484375,749.0,749.1699829101562,196990
2026-07-22 17:30:00+00:00,748.8800048828125,749.2899780273438,748.8599853515625,749.0499877929688,244761
2026-07-22 17:35:00+00:00,749.3599853515625,749.4099731445312,748.8499755859375,748.8800048828125,210400
2026-07-22 17:40:00+00:00,749.1199951171875,749.3699951171875,749.0499877929688,749.3599853515625,175551
2026-07-22 17:45:00+00:00,749.0499877929688,749.22998046875,749.0150146484375,749.1300048828125,126164
2026-07-22 17:50:00+00:00,748.7100219726562,749.1500244140625,748.6920166015625,749.0399780273438,166578
2026-07-22 17:55:00+00:00,748.52001953125,748.7000122070312,748.3900146484375,748.7000122070312,645620
2026-07-22 18:00:00+00:00,748.3800048828125,748.7100219726562,748.2000122070312,748.5150146484375,297919
2026-07-22 18:05:00+00:00,748.3289794921875,748.6900024414062,748.27001953125,748.3800048828125,295069
2026-07-22 18:10:00+00:00,748.0399780273438,748.4000244140625,748.010009765625,748.2999877929688,232207
2026-07-22 18:15:00+00:00,748.22998046875,748.3900146484375,748.0250244140625,748.030029296875,203582
2026-07-22 18:20:00+00:00,748.2225952148438,748.5900268554688,748.1599731445312,748.25,238646
2026-07-22 18:25:00+00:00,748.489990234375,748.5499877929688,748.2100219726562,748.22998046875,188785
2026-07-22 18:30:00+00:00,748.2000122070312,748.489990234375,748.0499877929688,748.489990234375,276360
2026-07-22 18:35:00+00:00,748.4099731445312,748.469970703125,748.1599731445312,748.1900024414062,188524
2026-07-22 18:40:00+00:00,748.2901000976562,748.469970703125,748.22998046875,748.4299926757812,288221
2026-07-22 18:45:00+00:00,748.2224731445312,748.5999755859375,748.2048950195312,748.2899780273438,216078
2026-07-22 18:50:00+00:00,748.52001953125,748.5798950195312,748.1099853515625,748.219970703125,245576
2026-07-22 18:55:00+00:00,748.4099731445312,748.5900268554688,748.37890625,748.5,183536
2026-07-22 19:00:00+00:00,748.239990234375,748.4600219726562,748.1500244140625,748.4400024414062,208281
2026-07-22 19:05:00+00:00,748.1900024414062,748.3499755859375,748.1500244140625,748.2449951171875,162600
2026-07-22 19:10:00+00:00,747.8900146484375,748.239990234375,747.8300170898438,748.2000122070312,248523
2026-07-22 19:15:00+00:00,748.1099853515625,748.1900024414062,747.8300170898438,747.9000244140625,189199
2026-07-22 19:20:00+00:00,747.8499755859375,748.1199951171875,747.7999877929688,748.1099853515625,205636
2026-07-22 19:25:00+00:00,748.0,748.0999755859375,747.6500244140625,747.8499755859375,415094
2026-07-22 19:30:00+00:00,747.7100219726562,748.0,747.6699829101562,748.0,616066
2026-07-22 19:35:00+00:00,747.4099731445312,747.7999877929688,747.3599853515625,747.7100219726562,522654
2026-07-22 19:40:00+00:00,747.7899780273438,747.9199829101562,747.4199829101562,747.4215087890625,556526
2026-07-22 19:45:00+00:00,747.97998046875,748.0700073242188,747.7550048828125,747.7949829101562,742707
2026-07-22 19:50:00+00:00,747.8099975585938,748.2999877929688,747.6900024414062,747.989990234375,870972
2026-07-22 19:55:00+00:00,747.3300170898438,748.239990234375,747.2949829101562,747.8200073242188,3100017
2026-07-23 13:30:00+00:00,741.3200073242188,741.3699951171875,738.469970703125,739.3699951171875,4201871
2026-07-23 13:35:00+00:00,741.4450073242188,741.8699951171875,740.8499755859375,741.2999877929688,793095
2026-07-23 13:40:00+00:00,741.8200073242188,742.5599975585938,741.4199829101562,741.4199829101562,612613
2026-07-23 13:45:00+00:00,740.4000244140625,741.9949951171875,740.1699829101562,741.8499755859375,807521
2026-07-23 13:50:00+00:00,740.9299926757812,740.9450073242188,739.719970703125,740.3699951171875,1031948
2026-07-23 13:55:00+00:00,739.5750122070312,741.280029296875,739.2999877929688,740.9500122070312,676870
2026-07-23 14:00:00+00:00,740.344970703125,740.6300048828125,739.5800170898438,739.5800170898438,531714
2026-07-23 14:05:00+00:00,739.3599853515625,740.9299926757812,738.8699951171875,740.3599853515625,443580
2026-07-23 14:10:00+00:00,739.6900024414062,740.5399780273438,739.2100219726562,739.344970703125,445606
2026-07-23 14:15:00+00:00,739.510009765625,740.3599853515625,739.4099731445312,739.6599731445312,449562
2026-07-23 14:20:00+00:00,739.4400024414062,740.4349975585938,739.1699829101562,739.52001953125,577693
2026-07-23 14:25:00+00:00,739.7999877929688,739.9099731445312,738.989990234375,739.4000244140625,545442
2026-07-23 14:30:00+00:00,738.969970703125,740.0399780273438,738.6599731445312,739.739990234375,449770
2026-07-23 14:35:00+00:00,740.3800048828125,740.510009765625,738.5900268554688,738.97998046875,780782
2026-07-23 14:40:00+00:00,738.8699951171875,740.6400146484375,738.6699829101562,740.3800048828125,432500
2026-07-23 14:45:00+00:00,738.8300170898438,739.469970703125,738.6699829101562,738.8599853515625,422993
2026-07-23 14:50:00+00:00,738.1400146484375,739.0700073242188,738.010009765625,738.8400268554688,527804
2026-07-23 14:55:00+00:00,738.3099975585938,738.5800170898438,738.0700073242188,738.155029296875,354913
2026-07-23 15:00:00+00:00,737.6599731445312,738.47998046875,737.5,738.3200073242188,456987
2026-07-23 15:05:00+00:00,737.155029296875,737.7000122070312,736.9400024414062,737.6699829101562,831070
2026-07-23 15:10:00+00:00,736.6500244140625,737.4099731445312,736.4500122070312,737.1599731445312,985434
2026-07-23 15:15:00+00:00,737.1799926757812,737.2750244140625,736.5800170898438,736.6199951171875,637201
2026-07-23 15:20:00+00:00,736.669921875,737.6900024414062,735.97998046875,737.2000122070312,1020234
2026-07-23 15:25:00+00:00,735.9298706054688,736.7203979492188,735.8099975585938,736.6699829101562,857021
2026-07-23 15:30:00+00:00,736.4099731445312,736.4199829101562,735.2100219726562,735.9099731445312,810901
2026-07-23 15:35:00+00:00,737.3480224609375,737.4400024414062,736.3800048828125,736.4099731445312,696790
2026-07-23 15:40:00+00:00,736.6400146484375,737.6599731445312,736.6400146484375,737.3400268554688,544099
2026-07-23 15:45:00+00:00,736.8961791992188,736.969970703125,736.3599853515625,736.6400146484375,352859
2026-07-23 15:50:00+00:00,737.3200073242188,737.3300170898438,736.5900268554688,736.8900146484375,320277
2026-07-23 15:55:00+00:00,737.844970703125,737.9000244140625,737.1199951171875,737.3300170898438,333004
2026-07-23 16:00:00+00:00,738.0349731445312,738.3099975585938,737.530029296875,737.844970703125,421746
2026-07-23 16:05:00+00:00,738.469970703125,738.469970703125,737.5499877929688,738.0399780273438,343277
2026-07-23 16:10:00+00:00,738.6199951171875,738.8350219726562,738.4199829101562,738.469970703125,409071
2026-07-23 16:15:00+00:00,738.5700073242188,738.8300170898438,738.219970703125,738.6199951171875,1292232
2026-07-23 16:20:00+00:00,739.4600219726562,739.6599731445312,738.5700073242188,738.5828247070312,484093
2026-07-23 16:25:00+00:00,739.4500122070312,739.6199951171875,739.1500244140625,739.4500122070312,378385
2026-07-23 16:30:00+00:00,739.1199951171875,739.489990234375,739.0599975585938,739.4500122070312,328174
2026-07-23 16:35:00+00:00,739.6998901367188,739.719970703125,738.9400024414062,739.0999755859375,333622
2026-07-23 16:40:00+00:00,738.969970703125,739.7100219726562,738.969970703125,739.7000122070312,222903
2026-07-23 16:45:00+00:00,738.0250244140625,738.9600219726562,738.010009765625,738.9600219726562,351531
2026-07-23 16:50:00+00:00,737.97998046875,738.3400268554688,737.75,738.02001953125,299219
2026-07-23 16:55:00+00:00,738.6599731445312,738.7100219726562,737.97998046875,737.97998046875,271435
2026-07-23 17:00:00+00:00,738.2100219726562,738.9400024414062,738.2000122070312,738.6699829101562,175458
2026-07-23 17:05:00+00:00,738.489990234375,738.489990234375,737.7899780273438,738.219970703125,423821
2026-07-23 17:10:00+00:00,738.6099853515625,738.8400268554688,738.4299926757812,738.4600219726562,405299
2026-07-23 17:15:00+00:00,738.5250244140625,738.9000244140625,738.1599731445312,738.5599975585938,519411
2026-07-23 17:20:00+00:00,738.989990234375,739.030029296875,738.4000244140625,738.5650024414062,1506693
2026-07-23 17:25:00+00:00,738.75,739.2000122070312,738.739990234375,738.97998046875,374258
2026-07-23 17:30:00+00:00,738.0900268554688,738.7999877929688,738.0499877929688,738.739990234375,647896
2026-07-23 17:35:00+00:00,737.6199951171875,738.1199951171875,737.4650268554688,738.0549926757812,154118
2026-07-23 17:40:00+00:00,737.7100219726562,737.8599853515625,737.27001953125,737.6199951171875,189087
2026-07-23 17:45:00+00:00,738.1599731445312,738.2899780273438,737.5,737.7000122070312,179442
2026-07-23 17:50:00+00:00,737.7100219726562,738.2399291992188,737.7000122070312,738.1699829101562,140875
2026-07-23 17:55:00+00:00,737.1900024414062,737.7098999023438,737.1300048828125,737.6500244140625,149773
2026-07-23 18:00:00+00:00,736.97998046875,737.3099975585938,736.9000244140625,737.1599731445312,212506
2026-07-23 18:05:00+00:00,736.8619995117188,737.1599731445312,736.8001098632812,736.969970703125,209211
2026-07-23 18:10:00+00:00,737.02978515625,737.3699951171875,736.8699951171875,736.8900146484375,593695
2026-07-23 18:15:00+00:00,737.0,737.3599853515625,736.8200073242188,736.9719848632812,281077
2026-07-23 18:20:00+00:00,737.4099731445312,737.4400024414062,736.9400024414062,737.02001953125,183660
2026-07-23 18:25:00+00:00,737.4199829101562,737.489990234375,737.0349731445312,737.4199829101562,218263
2026-07-23 18:30:00+00:00,737.5999755859375,737.6599731445312,737.3200073242188,737.4149780273438,279276
2026-07-23 18:35:00+00:00,736.9299926757812,737.6900024414062,736.8300170898438,737.5800170898438,327191
2026-07-23 18:40:00+00:00,736.8400268554688,737.02001953125,736.6099853515625,736.9299926757812,415699
2026-07-23 18:45:00+00:00,737.2999877929688,737.4500122070312,736.8300170898438,736.8300170898438,583968
2026-07-23 18:50:00+00:00,736.719970703125,737.3699951171875,736.6868286132812,737.2999877929688,295039
2026-07-23 18:55:00+00:00,737.0499877929688,737.0599975585938,736.6300048828125,736.7100219726562,491634
2026-07-23 19:00:00+00:00,736.7999877929688,737.3900146484375,736.780029296875,737.0800170898438,340647
2026-07-23 19:05:00+00:00,736.72998046875,736.9600219726562,736.7000122070312,736.7999877929688,257690
2026-07-23 19:10:00+00:00,736.5999755859375,736.875,736.469970703125,736.719970703125,201871
2026-07-23 19:15:00+00:00,736.9500122070312,737.1599731445312,736.5900268554688,736.5999755859375,339486
2026-07-23 19:20:00+00:00,737.6199951171875,737.6300048828125,736.9500122070312,736.969970703125,451009
2026-07-23 19:25:00+00:00,737.47998046875,737.9000244140625,737.3200073242188,737.6199951171875,493815
2026-07-23 19:30:00+00:00,737.1500244140625,737.739990234375,736.6799926757812,737.489990234375,580631
2026-07-23 19:35:00+00:00,736.8900146484375,737.219970703125,736.8300170898438,737.14501953125,702327
2026-07-23 19:40:00+00:00,736.25,736.97998046875,736.25,736.8699951171875,1754270
2026-07-23 19:45:00+00:00,735.9249877929688,736.4000244140625,735.719970703125,736.260009765625,988958
2026-07-23 19:50:00+00:00,736.7100219726562,736.97998046875,735.9299926757812,735.9299926757812,2437408
2026-07-23 19:55:00+00:00,738.1699829101562,738.6400146484375,736.72998046875,736.72998046875,5113800
2026-07-24 13:30:00+00:00,739.277099609375,739.5,738.4199829101562,738.510009765625,1467113
2026-07-24 13:35:00+00:00,739.1099853515625,739.6599731445312,738.8800048828125,739.2899780273438,415105
2026-07-24 13:40:00+00:00,738.8101196289062,739.1400756835938,738.6599731445312,739.0999755859375,406628
2026-07-24 13:45:00+00:00,739.8200073242188,739.8800048828125,738.5700073242188,738.8099975585938,482528
2026-07-24 13:50:00+00:00,737.8400268554688,739.8099975585938,737.6900024414062,739.8099975585938,758616
2026-07-24 13:55:00+00:00,737.530029296875,738.2000122070312,737.4299926757812,737.8300170898438,480275
2026-07-24 14:00:00+00:00,737.7440185546875,738.6701049804688,737.3330078125,737.5,777067
2026-07-24 14:05:00+00:00,739.2999877929688,739.489990234375,737.5700073242188,737.7899780273438,489734
2026-07-24 14:10:00+00:00,739.5394897460938,739.905029296875,738.8250122070312,739.2650146484375,932941
2026-07-24 14:15:00+00:00,738.5349731445312,739.7100219726562,738.0,739.5399780273438,993924
2026-07-24 14:20:00+00:00,739.5399780273438,739.9500122070312,738.1599731445312,738.530029296875,401286
2026-07-24 14:25:00+00:00,739.1799926757812,739.719970703125,738.969970703125,739.5599975585938,390349
2026-07-24 14:30:00+00:00,738.3400268554688,739.22998046875,738.3300170898438,739.1900024414062,412680
2026-07-24 14:35:00+00:00,738.0599975585938,738.8200073242188,737.9099731445312,738.3350219726562,331563
2026-07-24 14:40:00+00:00,737.905029296875,738.3499755859375,737.8400268554688,738.030029296875,667881
2026-07-24 14:45:00+00:00,738.530029296875,738.5499877929688,737.4299926757812,737.8900146484375,341313
2026-07-24 14:50:00+00:00,739.010009765625,739.3200073242188,738.530029296875,738.5349731445312,368611
2026-07-24 14:55:00+00:00,740.5900268554688,740.7000122070312,739.010009765625,739.010009765625,457825
2026-07-24 15:00:00+00:00,740.239990234375,740.9600219726562,740.2100219726562,740.5900268554688,1066983
2026-07-24 15:05:00+00:00,739.6998901367188,740.6400146484375,739.6599731445312,740.22998046875,310429
2026-07-24 15:10:00+00:00,741.8800048828125,742.1699829101562,739.5800170898438,739.6900024414062,772738
2026-07-24 15:15:00+00:00,741.4774780273438,743.0,741.3400268554688,741.8599853515625,736171
2026-07-24 15:20:00+00:00,742.3699951171875,742.6500244140625,741.4099731445312,741.4949951171875,453802
2026-07-24 15:25:00+00:00,742.6099853515625,743.1300048828125,742.3300170898438,742.39501953125,413289
2026-07-24 15:30:00+00:00,742.0800170898438,742.9000244140625,742.0499877929688,742.5999755859375,242596
2026-07-24 15:35:00+00:00,743.0700073242188,743.1580200195312,742.030029296875,742.0449829101562,318123
2026-07-24 15:40:00+00:00,742.2899780273438,743.25,742.0289916992188,743.0599975585938,273038
2026-07-24 15:45:00+00:00,742.1300048828125,742.6500244140625,742.0,742.2899780273438,215877
2026-07-24 15:50:00+00:00,742.5599975585938,742.7899780273438,742.1300048828125,742.135009765625,351940
2026-07-24 15:55:00+00:00,743.0150146484375,743.1099853515625,742.52001953125,742.5599975585938,310650
2026-07-24 16:00:00+00:00,743.2100219726562,743.239990234375,742.6400146484375,743.0399780273438,667546
2026-07-24 16:05:00+00:00,743.280029296875,743.5499877929688,742.9400024414062,743.2000122070312,454257
2026-07-24 16:10:00+00:00,742.969970703125,743.719970703125,742.8499755859375,743.2999877929688,340403
2026-07-24 16:15:00+00:00,743.1347045898438,743.3200073242188,742.8099975585938,743.0,255553
2026-07-24 16:20:00+00:00,743.3599243164062,743.5,743.0999755859375,743.1448974609375,200917
2026-07-24 16:25:00+00:00,743.1900024414062,743.5700073242188,743.1799926757812,743.3599853515625,178237
2026-07-24 16:30:00+00:00,742.5,743.1900024414062,742.3599853515625,743.1699829101562,390307
2026-07-24 16:35:00+00:00,742.27001953125,742.739990234375,742.22998046875,742.5150146484375,210497
2026-07-24 16:40:00+00:00,741.6500244140625,742.260009765625,741.6400146484375,742.260009765625,236074
2026-07-24 16:45:00+00:00,741.1898803710938,741.8099975585938,740.9500122070312,741.6400146484375,405413
2026-07-24 16:50:00+00:00,741.0700073242188,741.27001953125,740.739990234375,741.1900024414062,279526
2026-07-24 16:55:00+00:00,741.4500122070312,741.760009765625,740.8699951171875,741.0490112304688,199361
2026-07-24 17:00:00+00:00,741.1749877929688,741.5999755859375,741.010009765625,741.469970703125,182715
2026-07-24 17:05:00+00:00,740.4182739257812,741.3300170898438,740.3800048828125,741.1699829101562,386540
2026-07-24 17:10:00+00:00,740.9299926757812,741.0599975585938,740.2301025390625,740.4000244140625,255564
2026-07-24 17:15:00+00:00,741.4099731445312,741.469970703125,740.6599731445312,740.9500122070312,184125
2026-07-24 17:20:00+00:00,741.2999877929688,741.489990234375,740.9072265625,741.41650390625,327532
2026-07-24 17:25:00+00:00,741.7100219726562,741.8400268554688,740.989990234375,741.2899780273438,196903
2026-07-24 17:30:00+00:00,742.11181640625,742.169189453125,741.530029296875,741.75,156146
2026-07-24 17:35:00+00:00,741.510009765625,742.1199951171875,741.4299926757812,742.1099853515625,162452
2026-07-24 17:40:00+00:00,741.0800170898438,741.5399780273438,741.0700073242188,741.52001953125,184684
2026-07-24 17:45:00+00:00,741.3099975585938,741.3900146484375,740.9199829101562,741.0700073242188,162181
2026-07-24 17:50:00+00:00,741.27001953125,741.5349731445312,740.969970703125,741.3099975585938,270661
2026-07-24 17:55:00+00:00,740.97998046875,741.3900146484375,740.969970703125,741.2899780273438,244499
2026-07-24 18:00:00+00:00,740.8900146484375,741.2899780273438,740.77001953125,740.989990234375,188906
2026-07-24 18:05:00+00:00,740.969970703125,741.27001953125,740.75,740.8800048828125,338674
2026-07-24 18:10:00+00:00,740.5900268554688,741.0750122070312,740.47998046875,741.02001953125,257613
2026-07-24 18:15:00+00:00,740.22998046875,740.6500244140625,740.1400146484375,740.594970703125,387838
2026-07-24 18:20:00+00:00,739.8099975585938,740.2000122070312,739.719970703125,740.1900024414062,433579
2026-07-24 18:25:00+00:00,739.0349731445312,739.8800048828125,739.0,739.7999877929688,473174
2026-07-24 18:30:00+00:00,738.173828125,739.1599731445312,738.0700073242188,739.0499877929688,593684
2026-07-24 18:35:00+00:00,738.27001953125,738.6300048828125,737.8300170898438,738.1900024414062,879485
2026-07-24 18:40:00+00:00,737.8499755859375,738.27001953125,737.6400146484375,738.27001953125,439073
2026-07-24 18:45:00+00:00,738.3099975585938,738.7000122070312,737.7899780273438,737.8699951171875,392359
2026-07-24 18:50:00+00:00,738.2050170898438,738.5,738.030029296875,738.2899780273438,417134
2026-07-24 18:55:00+00:00,738.3800048828125,738.7100219726562,738.1400146484375,738.1900024414062,302475
2026-07-24 19:00:00+00:00,738.280029296875,738.89501953125,738.2100219726562,738.3900146484375,895698
2026-07-24 19:05:00+00:00,737.60498046875,738.6500244140625,737.5599975585938,738.25,779209
2026-07-24 19:10:00+00:00,737.5999755859375,738.22998046875,737.469970703125,737.6099853515625,705769
2026-07-24 19:15:00+00:00,737.7999877929688,737.8300170898438,737.4099731445312,737.5999755859375,1036183
2026-07-24 19:20:00+00:00,737.4299926757812,738.02001953125,737.2899780273438,737.8200073242188,521023
2026-07-24 19:25:00+00:00,737.6500244140625,737.8699951171875,737.2999877929688,737.4400024414062,459031
2026-07-24 19:30:00+00:00,738.0900268554688,738.3800048828125,737.6599731445312,737.719970703125,822160
2026-07-24 19:35:00+00:00,738.1099853515625,738.6599731445312,737.989990234375,738.0800170898438,1074359
2026-07-24 19:40:00+00:00,738.280029296875,738.3400268554688,737.7899780273438,738.1099853515625,800742
2026-07-24 19:45:00+00:00,738.3399047851562,738.4400024414062,737.75,738.2999877929688,1069183
2026-07-24 19:50:00+00:00,738.469970703125,738.5800170898438,737.6400146484375,738.3400268554688,1055109
2026-07-24 19:55:00+00:00,738.8599853515625,739.0999755859375,738.0499877929688,738.489990234375,3826336
2026-07-27 13:30:00+00:00,744.655029296875,745.1699829101562,743.9425048828125,744.9099731445312,1905497
2026-07-27 13:35:00+00:00,744.969970703125,745.530029296875,744.5700073242188,744.6599731445312,673895
2026-07-27 13:40:00+00:00,743.4500122070312,745.0650024414062,743.4400024414062,744.969970703125,563061
2026-07-27 13:45:00+00:00,743.7999877929688,744.1500244140625,743.2000122070312,743.47998046875,584594
2026-07-27 13:50:00+00:00,743.4500122070312,744.1699829101562,743.3699951171875,743.8499755859375,404221
2026-07-27 13:55:00+00:00,741.5999755859375,743.4600219726562,741.5999755859375,743.4299926757812,587019
2026-07-27 14:00:00+00:00,741.6599731445312,742.1300048828125,741.219970703125,741.5999755859375,1099633
2026-07-27 14:05:00+00:00,741.75,742.0399780273438,741.22998046875,741.6500244140625,612508
2026-07-27 14:10:00+00:00,740.9650268554688,741.77001953125,740.4600219726562,741.75,653122
2026-07-27 14:15:00+00:00,740.989990234375,741.5650024414062,740.52001953125,740.969970703125,610851
2026-07-27 14:20:00+00:00,739.8250122070312,740.9450073242188,739.6300048828125,740.9450073242188,539015
2026-07-27 14:25:00+00:00,738.3150024414062,740.0,738.2000122070312,739.8250122070312,1004967
2026-07-27 14:30:00+00:00,737.969970703125,738.5549926757812,737.72998046875,738.3300170898438,902868
2026-07-27 14:35:00+00:00,738.0800170898438,738.2999877929688,737.1400146484375,737.9450073242188,720749
2026-07-27 14:40:00+00:00,736.7899780273438,738.27001953125,736.5399780273438,738.0750122070312,636446
2026-07-27 14:45:00+00:00,738.0,738.1599731445312,736.7899780273438,736.7899780273438,542379
2026-07-27 14:50:00+00:00,738.5900268554688,738.8250122070312,737.9299926757812,737.989990234375,597315
2026-07-27 14:55:00+00:00,739.6901245117188,739.8800048828125,738.3699951171875,738.5900268554688,566206
2026-07-27 15:00:00+00:00,739.760009765625,739.969970703125,739.3400268554688,739.719970703125,442765
2026-07-27 15:05:00+00:00,739.219970703125,740.3099975585938,739.1901245117188,739.739990234375,910063
2026-07-27 15:10:00+00:00,739.3900146484375,739.9349975585938,739.0999755859375,739.27001953125,360377
2026-07-27 15:15:00+00:00,738.8049926757812,739.52001953125,737.9400024414062,739.3599853515625,363940
2026-07-27 15:20:00+00:00,738.1799926757812,739.2999877929688,738.02001953125,738.8099975585938,265057
2026-07-27 15:25:00+00:00,738.2899780273438,738.5399780273438,737.8800048828125,738.1649780273438,433314
2026-07-27 15:30:00+00:00,737.4099731445312,738.27001953125,737.2999877929688,738.27001953125,264012
2026-07-27 15:35:00+00:00,736.9400024414062,737.5,736.3350219726562,737.4199829101562,409638
2026-07-27 15:40:00+00:00,737.4400024414062,737.469970703125,736.5911865234375,736.9299926757812,334033
2026-07-27 15:45:00+00:00,736.8900146484375,737.5499877929688,736.6900024414062,737.4299926757812,243039
2026-07-27 15:50:00+00:00,737.0599975585938,737.3599853515625,736.7100219726562,736.9199829101562,183387
2026-07-27 15:55:00+00:00,737.4849853515625,737.6500244140625,736.9600219726562,737.0599975585938,217265
2026-07-27 16:00:00+00:00,738.1500244140625,738.1599731445312,737.3900146484375,737.4924926757812,221283
2026-07-27 16:05:00+00:00,738.2999877929688,738.3699951171875,737.718017578125,738.1500244140625,196164
2026-07-27 16:10:00+00:00,737.4500122070312,738.6900024414062,737.3856811523438,738.3099975585938,226422
2026-07-27 16:15:00+00:00,737.2999877929688,737.47998046875,736.8599853515625,737.4400024414062,543560
2026-07-27 16:20:00+00:00,737.77001953125,737.8300170898438,737.0700073242188,737.3099975585938,156681
2026-07-27 16:25:00+00:00,738.719970703125,739.6799926757812,737.7100219726562,737.77001953125,763317
2026-07-27 16:30:00+00:00,738.909912109375,739.3099975585938,738.4000244140625,738.719970703125,183224
2026-07-27 16:35:00+00:00,738.969970703125,739.3499755859375,738.4500122070312,738.8900146484375,218445
2026-07-27 16:40:00+00:00,738.3400268554688,739.102294921875,738.0800170898438,738.97998046875,162992
2026-07-27 16:45:00+00:00,738.0999755859375,738.7999877929688,738.0999755859375,738.3499755859375,138429
2026-07-27 16:50:00+00:00,737.1500244140625,738.0800170898438,737.0,738.0800170898438,209793
2026-07-27 16:55:00+00:00,737.0570068359375,737.1599731445312,736.6400146484375,737.1500244140625,188221
2026-07-27 17:00:00+00:00,736.1810302734375,737.0999755859375,736.0999755859375,737.0700073242188,289830
2026-07-27 17:05:00+00:00,736.3800048828125,736.5800170898438,736.0700073242188,736.1799926757812,201760
2026-07-27 17:10:00+00:00,736.6500244140625,736.77001953125,736.1799926757812,736.3699951171875,343362
2026-07-27 17:15:00+00:00,736.2150268554688,736.760009765625,735.8699951171875,736.6400146484375,231599
2026-07-27 17:20:00+00:00,736.385009765625,736.760009765625,736.0999755859375,736.219970703125,266710
2026-07-27 17:25:00+00:00,736.2000122070312,736.6500244140625,736.1900024414062,736.39501953125,195724
2026-07-27 17:30:00+00:00,737.1599731445312,737.2000122070312,736.1799926757812,736.219970703125,231267
2026-07-27 17:35:00+00:00,736.7100219726562,737.280029296875,736.5599975585938,737.14501953125,171705
2026-07-27 17:40:00+00:00,736.7999877929688,736.9099731445312,736.5,736.6900024414062,114163
2026-07-27 17:45:00+00:00,736.760009765625,737.135009765625,736.5700073242188,736.8200073242188,125647
2026-07-27 17:50:00+00:00,737.4982299804688,737.5499877929688,736.6799926757812,736.72998046875,141067
2026-07-27 17:55:00+00:00,737.7999877929688,737.8499755859375,737.280029296875,737.5399780273438,184185
2026-07-27 18:00:00+00:00,737.6099853515625,737.9600219726562,737.5399780273438,737.8400268554688,212283
2026-07-27 18:05:00+00:00,737.6799926757812,737.969970703125,737.47998046875,737.5999755859375,299969
2026-07-27 18:10:00+00:00,737.75,737.9299926757812,737.6199951171875,737.6699829101562,216631
2026-07-27 18:15:00+00:00,737.25,737.8300170898438,737.030029296875,737.75,250125
2026-07-27 18:20:00+00:00,737.5501098632812,737.6900024414062,737.0800170898438,737.219970703125,163252
2026-07-27 18:25:00+00:00,737.6199951171875,737.7999877929688,737.4199829101562,737.5499877929688,244690
2026-07-27 18:30:00+00:00,736.905029296875,737.6500244140625,736.8599853515625,737.6400146484375,198582
2026-07-27 18:35:00+00:00,736.7899780273438,737.0800170898438,736.7000122070312,736.8599853515625,226540
2026-07-27 18:40:00+00:00,737.469970703125,737.5900268554688,736.6199951171875,736.7899780273438,682693
2026-07-27 18:45:00+00:00,737.3699951171875,737.75,737.3599853515625,737.4849853515625,236413
2026-07-27 18:50:00+00:00,738.5499877929688,738.6500244140625,737.3699951171875,737.3800048828125,328213
2026-07-27 18:55:00+00:00,739.0599975585938,739.25,738.510009765625,738.5599975585938,485661
2026-07-27 19:00:00+00:00,738.5750122070312,739.1699829101562,738.552001953125,739.0599975585938,417093
2026-07-27 19:05:00+00:00,739.3200073242188,739.4000244140625,738.489990234375,738.5700073242188,422423
2026-07-27 19:10:00+00:00,739.0900268554688,739.5800170898438,738.9500122070312,739.2999877929688,283609
2026-07-27 19:15:00+00:00,739.4949951171875,739.5,739.0900268554688,739.0999755859375,257850
2026-07-27 19:20:00+00:00,739.614990234375,739.77001953125,739.3499755859375,739.52001953125,409953
2026-07-27 19:25:00+00:00,739.6500244140625,739.719970703125,739.3400268554688,739.6199951171875,268266
2026-07-27 19:30:00+00:00,739.5700073242188,739.8499755859375,739.469970703125,739.6500244140625,448729
2026-07-27 19:35:00+00:00,738.989990234375,739.6900024414062,738.9199829101562,739.5499877929688,650122
2026-07-27 19:40:00+00:00,738.969970703125,739.2199096679688,738.8200073242188,738.989990234375,627623
2026-07-27 19:45:00+00:00,739.0399780273438,739.0700073242188,738.6199951171875,738.9600219726562,1084314
2026-07-27 19:50:00+00:00,738.77001953125,739.22998046875,738.5823974609375,739.0499877929688,1543745
2026-07-27 19:55:00+00:00,739.02001953125,739.1099853515625,738.5,738.77001953125,4015323
2026-07-28 13:30:00+00:00,738.155029296875,739.47998046875,738.030029296875,739.1900024414062,2837977
2026-07-28 13:35:00+00:00,737.7899780273438,739.0650024414062,737.760009765625,738.1599731445312,824055
2026-07-28 13:40:00+00:00,737.0499877929688,738.3400268554688,736.5599975585938,737.7899780273438,1041103
2026-07-28 13:45:00+00:00,737.530029296875,737.6099853515625,735.97998046875,737.0499877929688,893500
2026-07-28 13:50:00+00:00,737.0598754882812,738.1749877929688,736.72998046875,737.530029296875,748968
2026-07-28 13:55:00+00:00,736.5,737.25,736.1599731445312,737.0399780273438,520934
2026-07-28 14:00:00+00:00,737.260009765625,737.7100219726562,736.4500122070312,736.489990234375,402300
2026-07-28 14:05:00+00:00,737.0900268554688,738.2150268554688,736.8800048828125,737.239990234375,500278
2026-07-28 14:10:00+00:00,736.5900268554688,737.8099975585938,736.27001953125,737.0399780273438,454557
2026-07-28 14:15:00+00:00,736.6099853515625,737.1599731445312,736.4400024414062,736.6099853515625,789147
2026-07-28 14:20:00+00:00,737.3049926757812,737.8779907226562,736.3699951171875,736.6300048828125,483313
2026-07-28 14:25:00+00:00,737.7000122070312,737.75,737.1500244140625,737.3099975585938,463346
2026-07-28 14:30:00+00:00,737.2449951171875,738.0,737.2100219726562,737.719970703125,548219
2026-07-28 14:35:00+00:00,737.530029296875,738.6199951171875,737.1500244140625,737.239990234375,535883
2026-07-28 14:40:00+00:00,738.27001953125,738.6099853515625,737.4000244140625,737.5399780273438,676154
2026-07-28 14:45:00+00:00,739.3099975585938,739.4099731445312,737.8599853515625,738.25,660577
2026-07-28 14:50:00+00:00,739.4199829101562,739.7849731445312,739.1500244140625,739.2999877929688,626397
2026-07-28 14:55:00+00:00,738.6400146484375,739.8200073242188,738.5800170898438,739.4299926757812,364229
2026-07-28 15:00:00+00:00,738.1500244140625,739.1799926757812,738.1400146484375,738.7000122070312,677367
2026-07-28 15:05:00+00:00,738.7999877929688,738.8400268554688,738.010009765625,738.1599731445312,254071
2026-07-28 15:10:00+00:00,739.3400268554688,739.7100219726562,738.4600219726562,738.77001953125,420180
2026-07-28 15:15:00+00:00,740.5700073242188,740.5700073242188,739.1901245117188,739.3800048828125,658227
2026-07-28 15:20:00+00:00,741.3800048828125,741.3800048828125,740.5449829101562,740.5700073242188,702554
2026-07-28 15:25:00+00:00,741.2000122070312,741.9000244140625,741.0399780273438,741.3599853515625,664777
2026-07-28 15:30:00+00:00,741.25,741.47998046875,740.9910278320312,741.1699829101562,233448
2026-07-28 15:35:00+00:00,741.6199951171875,741.9000244140625,741.239990234375,741.3099975585938,249016
2026-07-28 15:40:00+00:00,742.0700073242188,742.0900268554688,741.4199829101562,741.5999755859375,288552
2026-07-28 15:45:00+00:00,742.3200073242188,742.4500122070312,741.9600219726562,742.0700073242188,347047
2026-07-28 15:50:00+00:00,742.0599975585938,742.4099731445312,741.7899780273438,742.3200073242188,326561
2026-07-28 15:55:00+00:00,742.2150268554688,742.3900146484375,741.7999877929688,742.0700073242188,198277
2026-07-28 16:00:00+00:00,742.02001953125,742.3499755859375,741.9400024414062,742.2050170898438,433367
2026-07-28 16:05:00+00:00,741.5700073242188,742.2000122070312,741.5599975585938,742.02001953125,298787
2026-07-28 16:10:00+00:00,741.6199951171875,741.8400268554688,741.47998046875,741.5700073242188,270948
2026-07-28 16:15:00+00:00,741.9000244140625,741.9199829101562,741.3200073242188,741.6099853515625,244630
2026-07-28 16:20:00+00:00,741.489990234375,742.0900268554688,741.3099975585938,741.9080200195312,209637
2026-07-28 16:25:00+00:00,741.2100219726562,741.5999755859375,741.2100219726562,741.47998046875,176750
2026-07-28 16:30:00+00:00,741.1099853515625,741.3900146484375,740.9199829101562,741.22998046875,180477
2026-07-28 16:35:00+00:00,741.7799072265625,741.7999877929688,741.0800170898438,741.1199951171875,173601
2026-07-28 16:40:00+00:00,741.9400024414062,742.1500244140625,741.7100219726562,741.780029296875,353730
2026-07-28 16:45:00+00:00,741.7899780273438,742.0800170898438,741.3900146484375,741.9400024414062,309539
2026-07-28 16:50:00+00:00,742.6099853515625,742.6599731445312,741.760009765625,741.7899780273438,383824
2026-07-28 16:55:00+00:00,742.6099853515625,742.7901000976562,742.47998046875,742.6199951171875,167506
2026-07-28 17:00:00+00:00,742.1400146484375,742.780029296875,742.0850219726562,742.6099853515625,297007
2026-07-28 17:05:00+00:00,741.5299072265625,742.3200073242188,741.4500122070312,742.1500244140625,228247
2026-07-28 17:10:00+00:00,741.3400268554688,741.8200073242188,741.1799926757812,741.5,343721
2026-07-28 17:15:00+00:00,741.3099975585938,741.530029296875,741.0800170898438,741.3350219726562,175637
2026-07-28 17:20:00+00:00,741.3499755859375,742.1900024414062,741.2100219726562,741.3200073242188,357005
2026-07-28 17:25:00+00:00,741.3099975585938,741.719970703125,741.1300048828125,741.3350219726562,124272
2026-07-28 17:30:00+00:00,741.7000122070312,741.8300170898438,741.1099853515625,741.2999877929688,189957
2026-07-28 17:35:00+00:00,741.4000244140625,741.9199829101562,741.3400268554688,741.719970703125,125230
2026-07-28 17:40:00+00:00,740.7999877929688,741.6599731445312,740.6500244140625,741.3800048828125,323917
2026-07-28 17:45:00+00:00,741.2999877929688,741.3900146484375,740.6400146484375,740.7949829101562,273765
2026-07-28 17:50:00+00:00,740.7609252929688,741.2849731445312,740.6799926757812,741.2849731445312,136456
2026-07-28 17:55:00+00:00,741.1900024414062,741.219970703125,740.510009765625,740.739990234375,222469
2026-07-28 18:00:00+00:00,741.22998046875,741.52001953125,741.010009765625,741.2000122070312,273418
2026-07-28 18:05:00+00:00,740.8499755859375,741.2899780273438,740.739990234375,741.2000122070312,233917
2026-07-28 18:10:00+00:00,740.4550170898438,740.9318237304688,740.4199829101562,740.8499755859375,380289
2026-07-28 18:15:00+00:00,740.760009765625,740.844970703125,740.4299926757812,740.4600219726562,292465
2026-07-28 18:20:00+00:00,740.5401000976562,740.9600219726562,740.510009765625,740.75,165059
2026-07-28 18:25:00+00:00,740.5900268554688,740.6900024414062,740.4299926757812,740.5499877929688,250657
2026-07-28 18:30:00+00:00,740.9349975585938,741.0499877929688,740.5,740.5900268554688,265820
2026-07-28 18:35:00+00:00,740.8200073242188,741.1199951171875,740.739990234375,740.9049072265625,170009
2026-07-28 18:40:00+00:00,740.77001953125,740.8800048828125,740.5499877929688,740.8400268554688,255894
2026-07-28 18:45:00+00:00,741.25,741.4099731445312,740.6900024414062,740.7899780273438,338437
2026-07-28 18:50:00+00:00,741.25,741.52001953125,741.1500244140625,741.25,229256
2026-07-28 18:55:00+00:00,741.4500122070312,741.614990234375,741.0700073242188,741.25,237145
2026-07-28 19:00:00+00:00,741.9099731445312,741.9600219726562,741.4299926757812,741.4500122070312,375364
2026-07-28 19:05:00+00:00,741.4199829101562,741.9550170898438,741.3900146484375,741.8800048828125,1364659
2026-07-28 19:10:00+00:00,741.469970703125,741.6500244140625,741.3300170898438,741.4299926757812,221720
2026-07-28 19:15:00+00:00,741.64990234375,741.719970703125,741.3099975585938,741.4600219726562,345562
2026-07-28 19:20:00+00:00,741.8099975585938,741.8400268554688,741.530029296875,741.6199951171875,1094845
2026-07-28 19:25:00+00:00,741.7000122070312,741.8499755859375,741.3499755859375,741.8200073242188,398036
2026-07-28 19:30:00+00:00,741.532470703125,741.72998046875,741.4600219726562,741.7100219726562,690086
2026-07-28 19:35:00+00:00,741.010009765625,741.5549926757812,740.9299926757812,741.530029296875,391016
2026-07-28 19:40:00+00:00,741.2999877929688,741.3099975585938,740.989990234375,741.010009765625,476767
2026-07-28 19:45:00+00:00,741.1099853515625,741.3400268554688,740.8900146484375,741.2999877929688,919399
2026-07-28 19:50:00+00:00,741.6400146484375,741.6699829101562,740.8499755859375,741.0999755859375,1198938
2026-07-28 19:55:00+00:00,740.760009765625,741.6300048828125,740.4299926757812,741.6300048828125,5045104
2026-07-29 13:30:00+00:00,740.030029296875,740.3900146484375,738.719970703125,739.969970703125,2005035
2026-07-29 13:35:00+00:00,739.9000244140625,740.239990234375,739.1749877929688,740.02001953125,395710
2026-07-29 13:40:00+00:00,739.6799926757812,740.0399780273438,739.3200073242188,739.8900146484375,838844
2026-07-29 13:45:00+00:00,739.155029296875,740.219970703125,738.8800048828125,739.6599731445312,525174
2026-07-29 13:50:00+00:00,737.8099975585938,739.2100219726562,737.4299926757812,739.1599731445312,613806
2026-07-29 13:55:00+00:00,737.3599853515625,737.780029296875,736.6099853515625,737.780029296875,627156
2026-07-29 14:00:00+00:00,737.7999877929688,738.0900268554688,737.3499755859375,737.4299926757812,917628
2026-07-29 14:05:00+00:00,736.8099975585938,738.3300170898438,736.7100219726562,737.7849731445312,415704
2026-07-29 14:10:00+00:00,735.4099731445312,737.0399780273438,735.0401000976562,736.780029296875,727128
2026-07-29 14:15:00+00:00,735.8900146484375,736.27001953125,735.3599853515625,735.4099731445312,540169
2026-07-29 14:20:00+00:00,735.489990234375,736.469970703125,735.3099975585938,735.8900146484375,520529
2026-07-29 14:25:00+00:00,734.9199829101562,735.52001953125,734.260009765625,735.469970703125,838779
2026-07-29 14:30:00+00:00,735.3200073242188,735.8400268554688,734.8099975585938,734.9099731445312,86016
2026-07-29 14:35:00+00:00,734.8099975585938,735.4600219726562,734.6599731445312,735.3200073242188,657612
2026-07-29 14:40:00+00:00,734.219970703125,734.7999877929688,733.7899780273438,734.780029296875,577499
2026-07-29 14:45:00+00:00,734.4299926757812,734.7899780273438,733.8900146484375,734.2100219726562,442505
2026-07-29 14:50:00+00:00,735.030029296875,735.3400268554688,734.260009765625,734.4249877929688,479301
2026-07-29 14:55:00+00:00,734.8200073242188,735.0900268554688,734.27001953125,735.02001953125,281205
2026-07-29 15:00:00+00:00,735.3200073242188,735.54931640625,734.4299926757812,734.8200073242188,373832
2026-07-29 15:05:00+00:00,735.5900268554688,735.6190795898438,734.6699829101562,735.3200073242188,345938
2026-07-29 15:10:00+00:00,734.6400146484375,735.6599731445312,734.530029296875,735.6300048828125,354996
2026-07-29 15:15:00+00:00,734.5599975585938,735.489990234375,734.530029296875,734.6500244140625,303515
2026-07-29 15:20:00+00:00,735.02001953125,735.0499877929688,734.3699951171875,734.5700073242188,284631
2026-07-29 15:25:00+00:00,734.4403076171875,735.2150268554688,734.3499755859375,735.010009765625,209233
2026-07-29 15:30:00+00:00,734.5700073242188,734.989990234375,734.280029296875,734.4199829101562,204830
2026-07-29 15:35:00+00:00,734.030029296875,734.9699096679688,734.030029296875,734.5800170898438,232836
2026-07-29 15:40:00+00:00,733.989990234375,734.4199829101562,733.719970703125,734.02001953125,263869
2026-07-29 15:45:00+00:00,734.4400024414062,734.469970703125,733.7899780273438,733.97998046875,217372
2026-07-29 15:50:00+00:00,733.47998046875,734.5399780273438,733.469970703125,734.4299926757812,235884
2026-07-29 15:55:00+00:00,733.72998046875,733.8800048828125,733.02001953125,733.510009765625,406160
2026-07-29 16:00:00+00:00,732.8099975585938,734.030029296875,732.739990234375,733.760009765625,327099
2026-07-29 16:05:00+00:00,732.7100219726562,732.8400268554688,732.219970703125,732.8400268554688,472886
2026-07-29 16:10:00+00:00,732.02001953125,732.760009765625,732.02001953125,732.7000122070312,325022
2026-07-29 16:15:00+00:00,732.22998046875,732.3599853515625,731.72998046875,732.02001953125,660736
2026-07-29 16:20:00+00:00,733.3499755859375,733.5999755859375,732.1099853515625,732.239990234375,399286
2026-07-29 16:25:00+00:00,733.8499755859375,733.9199829101562,733.280029296875,733.3499755859375,356148
2026-07-29 16:30:00+00:00,733.394775390625,734.3200073242188,733.394775390625,733.8400268554688,393943
2026-07-29 16:35:00+00:00,733.5700073242188,733.6799926757812,732.97998046875,733.4000244140625,663020
2026-07-29 16:40:00+00:00,733.2299194335938,733.7100219726562,732.8800048828125,733.5499877929688,303600
2026-07-29 16:45:00+00:00,733.9299926757812,733.9600219726562,733.030029296875,733.219970703125,274572
2026-07-29 16:50:00+00:00,734.2899780273438,734.5,733.7100219726562,733.9500122070312,254201
2026-07-29 16:55:00+00:00,734.8699951171875,734.8699951171875,734.1400756835938,734.260009765625,220409
2026-07-29 17:00:00+00:00,735.8599853515625,735.989990234375,734.739990234375,734.8800048828125,362702
2026-07-29 17:05:00+00:00,735.39501953125,735.9299926757812,735.3400268554688,735.89501953125,353415
2026-07-29 17:10:00+00:00,736.5999755859375,736.6199951171875,735.3300170898438,735.4000244140625,429716
2026-07-29 17:15:00+00:00,736.72998046875,736.864990234375,736.2949829101562,736.6099853515625,384861
2026-07-29 17:20:00+00:00,736.3400268554688,737.239990234375,736.2899780273438,736.72998046875,368551
2026-07-29 17:25:00+00:00,735.739990234375,736.4600219726562,735.72998046875,736.3300170898438,388325
2026-07-29 17:30:00+00:00,735.8400268554688,736.3499755859375,735.27001953125,735.75,374541
2026-07-29 17:35:00+00:00,735.6400146484375,735.969970703125,735.3499755859375,735.8099975585938,222045
2026-07-29 17:40:00+00:00,735.75,735.9199829101562,735.3900146484375,735.6400146484375,231375
2026-07-29 17:45:00+00:00,735.97802734375,736.030029296875,735.3900146484375,735.760009765625,217402
2026-07-29 17:50:00+00:00,736.1900024414062,736.4000244140625,735.9500122070312,735.97998046875,369375
2026-07-29 17:55:00+00:00,736.407470703125,736.4199829101562,735.6099853515625,736.1900024414062,330588
2026-07-29 18:00:00+00:00,738.1400146484375,739.5499877929688,736.3699951171875,736.3699951171875,1893154
2026-07-29 18:05:00+00:00,738.0900268554688,739.0399780273438,737.6799926757812,738.1099853515625,665191
2026-07-29 18:10:00+00:00,737.3900146484375,738.3800048828125,736.9600219726562,738.0599975585938,613643
2026-07-29 18:15:00+00:00,737.02001953125,738.260009765625,736.8200073242188,737.4199829101562,481252
2026-07-29 18:20:00+00:00,736.6599731445312,737.1099853515625,736.3182983398438,737.010009765625,396281
2026-07-29 18:25:00+00:00,737.3099975585938,737.3599853515625,736.4600219726562,736.6900024414062,490315
2026-07-29 18:30:00+00:00,736.9099731445312,738.0800170898438,735.9500122070312,737.3599853515625,834015
2026-07-29 18:35:00+00:00,738.9400024414062,739.2899780273438,736.3400268554688,736.9299926757812,532500
2026-07-29 18:40:00+00:00,740.719970703125,741.02001953125,738.8499755859375,738.9345703125,906270
2026-07-29 18:45:00+00:00,741.9299926757812,742.1199951171875,740.469970703125,740.719970703125,1062438
2026-07-29 18:50:00+00:00,742.5900268554688,742.64501953125,741.27001953125,741.9199829101562,924783
2026-07-29 18:55:00+00:00,741.9500122070312,742.6799926757812,741.5499877929688,742.6099853515625,608207
2026-07-29 19:00:00+00:00,740.5399780273438,742.5900268554688,740.0999755859375,741.9450073242188,862845
2026-07-29 19:05:00+00:00,738.4299926757812,740.5599975585938,738.4199829101562,740.52001953125,878279
2026-07-29 19:10:00+00:00,738.91259765625,739.25,737.9500122070312,738.4099731445312,711858
2026-07-29 19:15:00+00:00,737.5899047851562,739.77001953125,737.3800048828125,738.89501953125,868891
2026-07-29 19:20:00+00:00,735.3699951171875,737.6699829101562,735.3300170898438,737.5900268554688,1214289
2026-07-29 19:25:00+00:00,735.1500244140625,735.7100219726562,734.2805786132812,735.3699951171875,1201050
2026-07-29 19:30:00+00:00,733.5899047851562,735.739990234375,732.6950073242188,735.2100219726562,2836755
2026-07-29 19:35:00+00:00,731.60498046875,734.02001953125,731.52001953125,733.5800170898438,1571024
2026-07-29 19:40:00+00:00,731.2999877929688,732.27001953125,730.9000244140625,731.594970703125,1726730
2026-07-29 19:45:00+00:00,731.909912109375,732.0900268554688,730.4099731445312,731.2999877929688,2456951
2026-07-29 19:50:00+00:00,730.8300170898438,731.8900146484375,730.1699829101562,731.8900146484375,2247582
2026-07-29 19:55:00+00:00,729.5399780273438,730.8200073242188,729.0999755859375,730.8200073242188,8906932
2026-07-30 13:30:00+00:00,735.4451293945312,736.27001953125,734.969970703125,736.0499877929688,3476633
2026-07-30 13:35:00+00:00,735.3400268554688,736.0499877929688,734.97998046875,735.4400024414062,1026329
2026-07-30 13:40:00+00:00,736.39501953125,736.7899780273438,734.6300048828125,735.3099975585938,1100592
2026-07-30 13:45:00+00:00,737.4000244140625,737.4299926757812,736.3499755859375,736.3900146484375,1294931
2026-07-30 13:50:00+00:00,737.8699951171875,738.3640747070312,737.0700073242188,737.3900146484375,1047074
2026-07-30 13:55:00+00:00,738.625,738.6599731445312,737.5900268554688,737.864990234375,963366
2026-07-30 14:00:00+00:00,738.5800170898438,738.989990234375,738.0800170898438,738.625,1379841
2026-07-30 14:05:00+00:00,737.7672119140625,738.905029296875,737.5499877929688,738.5800170898438,792218
2026-07-30 14:10:00+00:00,737.97998046875,738.155029296875,737.4400024414062,737.760009765625,670183
2026-07-30 14:15:00+00:00,737.7899780273438,738.47998046875,737.3800048828125,737.97998046875,539046
2026-07-30 14:20:00+00:00,737.969970703125,738.5700073242188,737.6199951171875,737.7899780273438,489609
2026-07-30 14:25:00+00:00,738.5797729492188,739.2999877929688,737.72998046875,737.969970703125,683208
2026-07-30 14:30:00+00:00,738.3599853515625,738.8800048828125,738.0549926757812,738.6400146484375,817739
2026-07-30 14:35:00+00:00,738.6849975585938,738.9398803710938,738.0371704101562,738.3209838867188,301325
2026-07-30 14:40:00+00:00,737.8400268554688,739.1099853515625,737.6799926757812,738.6900024414062,454847
2026-07-30 14:45:00+00:00,737.219970703125,738.1500244140625,736.8300170898438,737.8499145507812,592163
2026-07-30 14:50:00+00:00,736.2100219726562,737.35498046875,736.0850219726562,737.219970703125,1178122
2026-07-30 14:55:00+00:00,736.22998046875,736.5700073242188,735.6099243164062,736.2000122070312,956670
2026-07-30 15:00:00+00:00,736.2650146484375,736.5900268554688,735.260009765625,736.22998046875,712620
2026-07-30 15:05:00+00:00,736.75,736.8200073242188,735.3900146484375,736.219970703125,702778
2026-07-30 15:10:00+00:00,734.8900146484375,736.77001953125,734.8300170898438,736.7401123046875,633889
2026-07-30 15:15:00+00:00,735.469970703125,735.72998046875,734.5900268554688,734.8699951171875,615652
2026-07-30 15:20:00+00:00,735.4299926757812,736.1649780273438,735.2100219726562,735.47998046875,514103
2026-07-30 15:25:00+00:00,734.7999877929688,735.8200073242188,734.6300048828125,735.4249877929688,560256
2026-07-30 15:30:00+00:00,736.0800170898438,736.0800170898438,734.6799926757812,734.8400268554688,392420
2026-07-30 15:35:00+00:00,735.9299926757812,736.4600219726562,735.4500122070312,736.0900268554688,333094
2026-07-30 15:40:00+00:00,736.6229858398438,736.969970703125,735.780029296875,735.9199829101562,399337
2026-07-30 15:45:00+00:00,737.0750122070312,737.3200073242188,736.6500244140625,736.6500244140625,815781
2026-07-30 15:50:00+00:00,737.22998046875,737.25,736.3800048828125,737.0800170898438,524660
2026-07-30 15:55:00+00:00,737.1300048828125,737.6699829101562,737.0601196289062,737.22998046875,590600
2026-07-30 16:00:00+00:00,738.280029296875,738.345703125,736.8699951171875,737.1500244140625,768816
2026-07-30 16:05:00+00:00,738.1900024414062,738.4299926757812,737.8800048828125,738.27001953125,385370
2026-07-30 16:10:00+00:00,738.864990234375,738.97998046875,738.1300048828125,738.1799926757812,745890
2026-07-30 16:15:00+00:00,738.9500122070312,739.219970703125,738.8200073242188,738.8699951171875,285061
2026-07-30 16:20:00+00:00,738.6649780273438,739.1300048828125,738.5800170898438,738.9500122070312,409762
2026-07-30 16:25:00+00:00,738.760009765625,738.969970703125,738.5402221679688,738.6500244140625,208936
2026-07-30 16:30:00+00:00,738.739990234375,738.8900146484375,738.3599853515625,738.77001953125,308487
2026-07-30 16:35:00+00:00,738.510009765625,739.0499877929688,738.4807739257812,738.7650146484375,232896
2026-07-30 16:40:00+00:00,738.030029296875,738.5449829101562,737.7550048828125,738.510009765625,409450
2026-07-30 16:45:00+00:00,738.5599975585938,738.75,738.0,738.0399780273438,291951
2026-07-30 16:50:00+00:00,738.969970703125,739.1699829101562,738.27001953125,738.5900268554688,254477
2026-07-30 16:55:00+00:00,738.9849853515625,739.1699829101562,738.7800903320312,738.969970703125,203497
2026-07-30 17:00:00+00:00,739.9500122070312,740.0499877929688,738.9799194335938,738.97998046875,534185
2026-07-30 17:05:00+00:00,739.780029296875,740.1300048828125,739.6195068359375,739.9600219726562,327734
2026-07-30 17:10:00+00:00,739.7000122070312,739.989990234375,739.530029296875,739.7899780273438,579955
2026-07-30 17:15:00+00:00,740.1799926757812,740.239990234375,739.6400146484375,739.7000122070312,240039
2026-07-30 17:20:00+00:00,739.97998046875,740.1799926757812,739.76123046875,740.1699829101562,232907
2026-07-30 17:25:00+00:00,739.760009765625,739.989990234375,739.6500244140625,739.9600219726562,463383
2026-07-30 17:30:00+00:00,739.530029296875,740.010009765625,739.3800048828125,739.7650146484375,320664
2026-07-30 17:35:00+00:00,739.2999877929688,739.9299926757812,739.1900024414062,739.5399780273438,482773
2026-07-30 17:40:00+00:00,739.9099731445312,740.1599731445312,739.3499755859375,739.3499755859375,439077
2026-07-30 17:45:00+00:00,739.8703002929688,740.1599731445312,739.8599853515625,739.9099731445312,460648
2026-07-30 17:50:00+00:00,739.8699951171875,740.3800048828125,739.8200073242188,739.8699951171875,264502
2026-07-30 17:55:00+00:00,739.780029296875,739.989990234375,739.6511840820312,739.8599853515625,174042
2026-07-30 18:00:00+00:00,739.760009765625,740.2999877929688,739.719970703125,739.7849731445312,587491
2026-07-30 18:05:00+00:00,740.0850219726562,740.219970703125,739.7050170898438,739.739990234375,350183
2026-07-30 18:10:00+00:00,740.2000122070312,740.2999877929688,739.97998046875,740.1199951171875,379776
2026-07-30 18:15:00+00:00,740.1699829101562,740.3599853515625,740.0599975585938,740.219970703125,258804
2026-07-30 18:20:00+00:00,740.3099975585938,740.4400024414062,740.0599975585938,740.1500244140625,271499
2026-07-30 18:25:00+00:00,740.3800048828125,740.4099731445312,740.1199951171875,740.2999877929688,220586
2026-07-30 18:30:00+00:00,740.3200073242188,740.5900268554688,740.2000122070312,740.4000244140625,461007
2026-07-30 18:35:00+00:00,740.1199951171875,740.3800048828125,740.030029296875,740.3099975585938,362920
2026-07-30 18:40:00+00:00,740.3300170898438,740.3900146484375,740.072509765625,740.1099853515625,447102
2026-07-30 18:45:00+00:00,740.510009765625,740.5800170898438,740.3099975585938,740.3400268554688,286530
2026-07-30 18:50:00+00:00,740.5,740.6900024414062,740.3900146484375,740.5,396608
2026-07-30 18:55:00+00:00,740.77001953125,740.8300170898438,740.3900146484375,740.489990234375,300577
2026-07-30 19:00:00+00:00,741.2150268554688,741.35498046875,740.739990234375,740.75,486213
2026-07-30 19:05:00+00:00,741.7750244140625,741.8099975585938,741.1400146484375,741.22998046875,587863
2026-07-30 19:10:00+00:00,742.0700073242188,742.2999877929688,741.760009765625,741.780029296875,562828
2026-07-30 19:15:00+00:00,742.2899780273438,742.4500122070312,741.8099975585938,742.0599975585938,459565
2026-07-30 19:20:00+00:00,742.0399780273438,742.3099975585938,741.9600219726562,742.3095703125,853964
2026-07-30 19:25:00+00:00,741.780029296875,742.2100219726562,741.739990234375,742.030029296875,539449
2026-07-30 19:30:00+00:00,741.7650146484375,741.989990234375,741.6500244140625,741.77001953125,573565
2026-07-30 19:35:00+00:00,741.72998046875,741.9000244140625,741.4299926757812,741.77001953125,1137061
2026-07-30 19:40:00+00:00,741.7899780273438,741.9099731445312,741.52001953125,741.72998046875,840977
2026-07-30 19:45:00+00:00,741.6099853515625,741.8800048828125,741.3099975585938,741.7999877929688,2424614
2026-07-30 19:50:00+00:00,741.3900146484375,741.6500244140625,741.1400146484375,741.5900268554688,2223414
2026-07-30 19:55:00+00:00,741.72998046875,742.0999755859375,741.0,741.4099731445312,5384123
2026-07-31 13:30:00+00:00,746.0,746.301025390625,744.5800170898438,744.6799926757812,2361327
2026-07-31 13:35:00+00:00,744.1220092773438,746.260009765625,744.1099853515625,745.97998046875,1141953
2026-07-31 13:40:00+00:00,743.0999755859375,744.2100219726562,742.8400268554688,744.1300048828125,1343432
2026-07-31 13:45:00+00:00,742.2750244140625,743.5999755859375,741.989990234375,743.0999755859375,1072726
2026-07-31 13:50:00+00:00,742.0,742.6799926757812,741.5499877929688,742.2849731445312,928049
2026-07-31 13:55:00+00:00,741.9400024414062,742.8300170898438,741.6900024414062,742.010009765625,719610
2026-07-31 14:00:00+00:00,740.322509765625,742.364990234375,740.2899780273438,741.9400024414062,846677
2026-07-31 14:05:00+00:00,739.1400146484375,740.75,738.4299926757812,740.2949829101562,1217952
2026-07-31 14:10:00+00:00,738.47802734375,739.3900146484375,737.969970703125,739.1500244140625,1280307
2026-07-31 14:15:00+00:00,738.6300048828125,739.5,737.6799926757812,738.469970703125,1235745
2026-07-31 14:20:00+00:00,739.510009765625,740.1199951171875,738.3800048828125,738.6099853515625,945580
2026-07-31 14:25:00+00:00,740.489990234375,740.5700073242188,739.280029296875,739.510009765625,755236
2026-07-31 14:30:00+00:00,740.489990234375,741.1799926757812,740.1300048828125,740.47998046875,679280
2026-07-31 14:35:00+00:00,741.2249755859375,741.4099731445312,740.4500122070312,740.47998046875,539441
2026-07-31 14:40:00+00:00,741.625,741.6599731445312,740.5800170898438,741.2100219726562,505040
2026-07-31 14:45:00+00:00,742.4229125976562,742.4970092773438,741.4400024414062,741.5999755859375,562833
2026-07-31 14:50:00+00:00,742.1900024414062,742.9500122070312,742.0488891601562,742.4199829101562,528639
2026-07-31 14:55:00+00:00,742.5,742.6900024414062,741.510009765625,742.1900024414062,410682
2026-07-31 15:00:00+00:00,742.5050048828125,742.7050170898438,741.760009765625,742.530029296875,325179
2026-07-31 15:05:00+00:00,741.8300170898438,742.8200073242188,741.4600219726562,742.5200805664062,379746
2026-07-31 15:10:00+00:00,742.1500244140625,742.489990234375,741.1237182617188,741.8400268554688,315476
2026-07-31 15:15:00+00:00,741.9500122070312,743.0999755859375,741.510009765625,742.1400146484375,388881
2026-07-31 15:20:00+00:00,741.0800170898438,742.1699829101562,741.0,741.9199829101562,387515
2026-07-31 15:25:00+00:00,740.2999877929688,741.211181640625,740.0900268554688,741.02001953125,606756
2026-07-31 15:30:00+00:00,740.739990234375,741.0,739.8099975585938,740.2899780273438,471108
2026-07-31 15:35:00+00:00,742.0650024414062,742.3350219726562,740.6799926757812,740.75,665735
2026-07-31 15:40:00+00:00,741.8200073242188,742.3400268554688,740.9700927734375,742.0599975585938,268217
2026-07-31 15:45:00+00:00,741.4299926757812,741.97998046875,741.10498046875,741.8300170898438,257942
2026-07-31 15:50:00+00:00,742.8049926757812,742.9400024414062,741.2899780273438,741.4199829101562,322510
2026-07-31 15:55:00+00:00,743.0908203125,743.3300170898438,742.5499877929688,742.780029296875,412576
2026-07-31 16:00:00+00:00,743.25,743.5599975585938,742.9199829101562,743.0900268554688,378058
2026-07-31 16:05:00+00:00,743.0399780273438,743.3900146484375,742.4600219726562,743.239990234375,495945
2026-07-31 16:10:00+00:00,743.5499877929688,743.6599731445312,743.0,743.0449829101562,393988
2026-07-31 16:15:00+00:00,743.3049926757812,743.5999755859375,742.780029296875,743.52001953125,277585
2026-07-31 16:20:00+00:00,744.285888671875,744.4299926757812,743.25,743.2899780273438,397448
2026-07-31 16:25:00+00:00,744.4199829101562,744.4199829101562,743.7999877929688,744.2899780273438,244371
2026-07-31 16:30:00+00:00,744.780029296875,744.8298950195312,744.280029296875,744.4299926757812,373165
2026-07-31 16:35:00+00:00,744.5499877929688,745.030029296875,744.3499755859375,744.780029296875,308507
2026-07-31 16:40:00+00:00,744.1699829101562,744.77001953125,744.0900268554688,744.530029296875,269195
2026-07-31 16:45:00+00:00,744.530029296875,744.5999755859375,743.989990234375,744.1599731445312,238591
2026-07-31 16:50:00+00:00,744.592529296875,745.02001953125,744.4299926757812,744.5700073242188,216358
2026-07-31 16:55:00+00:00,744.6199951171875,744.8599853515625,744.5250244140625,744.5800170898438,193880
2026-07-31 17:00:00+00:00,745.0599975585938,745.3060302734375,744.5,744.6199951171875,387170
2026-07-31 17:05:00+00:00,744.8099975585938,745.260009765625,744.5499877929688,745.030029296875,268677
2026-07-31 17:10:00+00:00,745.2249755859375,745.2899780273438,744.6300048828125,744.7899780273438,478960
2026-07-31 17:15:00+00:00,745.4500122070312,745.510009765625,745.0999755859375,745.219970703125,259359
2026-07-31 17:20:00+00:00,746.0399780273438,746.0999755859375,745.2000122070312,745.4400024414062,354634
2026-07-31 17:25:00+00:00,746.2899780273438,746.4000244140625,745.9099731445312,746.0399780273438,724209
2026-07-31 17:30:00+00:00,746.364990234375,746.4400024414062,746.0599975585938,746.2999877929688,349311
2026-07-31 17:35:00+00:00,745.7899169921875,746.5,745.75,746.3499755859375,541313
2026-07-31 17:40:00+00:00,745.842529296875,746.030029296875,745.6099853515625,745.77001953125,340151
2026-07-31 17:45:00+00:00,745.2899780273438,746.1099853515625,745.22998046875,745.8599853515625,772408
2026-07-31 17:50:00+00:00,745.5900268554688,745.8599853515625,745.1900024414062,745.27001953125,350266
2026-07-31 17:55:00+00:00,745.4400024414062,745.77001953125,745.4099731445312,745.5850219726562,278582
2026-07-31 18:00:00+00:00,745.6400146484375,746.0198974609375,745.2949829101562,745.4400024414062,421654
2026-07-31 18:05:00+00:00,745.8900146484375,746.0399780273438,745.469970703125,745.6400146484375,275172
2026-07-31 18:10:00+00:00,745.719970703125,746.030029296875,745.52001953125,745.8900146484375,241354
2026-07-31 18:15:00+00:00,746.0850219726562,746.260009765625,745.6300048828125,745.6900024414062,322018
2026-07-31 18:20:00+00:00,746.3300170898438,746.4299926757812,746.010009765625,746.0800170898438,391030
2026-07-31 18:25:00+00:00,746.010009765625,746.3599853515625,745.9099731445312,746.3400268554688,1032930
2026-07-31 18:30:00+00:00,746.0900268554688,746.2750244140625,746.030029296875,746.0399780273438,295203
2026-07-31 18:35:00+00:00,745.8200073242188,746.0999755859375,745.75,746.0700073242188,588344
2026-07-31 18:40:00+00:00,746.0650024414062,746.1799926757812,745.6699829101562,745.8099975585938,397597
2026-07-31 18:45:00+00:00,746.3400268554688,746.3699951171875,745.9199829101562,746.0800170898438,442739
2026-07-31 18:50:00+00:00,746.239990234375,746.5399780273438,746.1900024414062,746.3300170898438,498599
2026-07-31 18:55:00+00:00,746.155029296875,746.3699951171875,745.9000244140625,746.239990234375,435798
2026-07-31 19:00:00+00:00,745.8800048828125,746.5700073242188,745.8800048828125,746.1400146484375,384081
2026-07-31 19:05:00+00:00,746.1599731445312,746.239990234375,745.7899780273438,745.9199829101562,540213
2026-07-31 19:10:00+00:00,746.3300170898438,746.530029296875,746.1199951171875,746.1599731445312,628266
2026-07-31 19:15:00+00:00,747.52001953125,747.5549926757812,746.260009765625,746.3250122070312,1294128
2026-07-31 19:20:00+00:00,747.4949951171875,747.9199829101562,747.4099731445312,747.52001953125,1001378
2026-07-31 19:25:00+00:00,747.489990234375,747.6699829101562,747.3300170898438,747.489990234375,1336398
2026-07-31 19:30:00+00:00,747.1699829101562,747.510009765625,746.8699951171875,747.489990234375,952697
2026-07-31 19:35:00+00:00,747.5599975585938,747.64501953125,747.1500244140625,747.1799926757812,974739
2026-07-31 19:40:00+00:00,748.094970703125,748.1099853515625,747.2999877929688,747.5399780273438,1014375
2026-07-31 19:45:00+00:00,748.5,748.510009765625,748.0700073242188,748.0999755859375,1566180
2026-07-31 19:50:00+00:00,748.594970703125,748.89501953125,747.8400268554688,748.489990234375,1539906
2026-07-31 19:55:00+00:00,746.8099975585938,748.6900024414062,746.3400268554688,748.5800170898438,4267686
2026-08-03 13:30:00+00:00,750.780029296875,751.3200073242188,749.0999755859375,749.4400024414062,2814090
2026-08-03 13:35:00+00:00,751.719970703125,751.9400024414062,750.739990234375,750.760009765625,1182383
2026-08-03 13:40:00+00:00,751.5800170898438,751.8300170898438,750.969970703125,751.7000122070312,779930
2026-08-03 13:45:00+00:00,751.9099731445312,752.3300170898438,751.3699951171875,751.5900268554688,989041
2026-08-03 13:50:00+00:00,752.760009765625,752.9500122070312,751.5999755859375,751.9199829101562,1051955
2026-08-03 13:55:00+00:00,753.5999755859375,753.638671875,752.6500854492188,752.7650146484375,865548
2026-08-03 14:00:00+00:00,753.4099731445312,753.9500122070312,753.0,753.6199951171875,687378
2026-08-03 14:05:00+00:00,753.5800170898438,753.6400146484375,753.1699829101562,753.4099731445312,569103
2026-08-03 14:10:00+00:00,753.9000244140625,754.0499877929688,753.5499877929688,753.5701293945312,756162
2026-08-03 14:15:00+00:00,754.1826782226562,754.5399780273438,753.8300170898438,753.8900146484375,705702
2026-08-03 14:20:00+00:00,754.619873046875,754.780029296875,754.1599731445312,754.1900024414062,855195
2026-08-03 14:25:00+00:00,754.5,754.77001953125,754.3619995117188,754.6199951171875,917643
2026-08-03 14:30:00+00:00,754.510009765625,754.6400146484375,754.3099975585938,754.5,856562
2026-08-03 14:35:00+00:00,754.7949829101562,754.9349975585938,754.4301147460938,754.52001953125,622383
2026-08-03 14:40:00+00:00,754.9000244140625,755.1649780273438,754.75,754.7899780273438,728742
2026-08-03 14:45:00+00:00,754.8699951171875,754.9600219726562,754.7050170898438,754.9099731445312,546306
2026-08-03 14:50:00+00:00,754.9199829101562,755.1400146484375,754.8150024414062,754.8699951171875,714168
2026-08-03 14:55:00+00:00,755.3701171875,755.405517578125,754.9149780273438,754.9149780273438,552651
2026-08-03 15:00:00+00:00,755.239990234375,755.4299926757812,755.094970703125,755.3800048828125,761862
2026-08-03 15:05:00+00:00,754.9500122070312,755.25,754.7899780273438,755.239990234375,416538
2026-08-03 15:10:00+00:00,755.0549926757812,755.1300048828125,754.7999877929688,754.9400024414062,536919
2026-08-03 15:15:00+00:00,755.3900146484375,755.4000244140625,755.0499877929688,755.0549926757812,574404
2026-08-03 15:20:00+00:00,755.5800170898438,755.6900024414062,755.3800048828125,755.4000244140625,525449
2026-08-03 15:25:00+00:00,755.1099853515625,755.7000122070312,755.02001953125,755.5750122070312,700928
2026-08-03 15:30:00+00:00,755.2999877929688,755.469970703125,755.0750122070312,755.1199951171875,546004
2026-08-03 15:35:00+00:00,755.5599975585938,755.6199951171875,755.2000122070312,755.2899780273438,1677014
2026-08-03 15:40:00+00:00,755.6400756835938,755.8300170898438,755.530029296875,755.5449829101562,425499
2026-08-03 15:45:00+00:00,756.02001953125,756.0700073242188,755.6500244140625,755.6500244140625,683205
2026-08-03 15:50:00+00:00,756.1799926757812,756.2100219726562,755.969970703125,756.030029296875,315176
2026-08-03 15:55:00+00:00,755.9550170898438,756.1900024414062,755.8214111328125,756.1699829101562,392424
2026-08-03 16:00:00+00:00,756.0,756.1699829101562,755.9301147460938,755.9600219726562,297262
2026-08-03 16:05:00+00:00,756.0291137695312,756.0900268554688,755.864990234375,756.0025024414062,536475
2026-08-03 16:10:00+00:00,755.989990234375,756.0499877929688,755.760009765625,756.0499267578125,388291
2026-08-03 16:15:00+00:00,756.2349853515625,756.27001953125,755.9600219726562,755.989990234375,587120
2026-08-03 16:20:00+00:00,756.260009765625,756.2899780273438,756.0750122070312,756.2349853515625,268717
2026-08-03 16:25:00+00:00,756.5700073242188,756.5999755859375,756.1799926757812,756.260009765625,433356
2026-08-03 16:30:00+00:00,756.4349975585938,756.6199951171875,756.3217163085938,756.5700073242188,704767
2026-08-03 16:35:00+00:00,756.2899780273438,756.4299926757812,756.2100219726562,756.4299926757812,399778
2026-08-03 16:40:00+00:00,756.469970703125,756.5050048828125,756.22998046875,756.2899780273438,360899
2026-08-03 16:45:00+00:00,756.3099975585938,756.5,756.2999877929688,756.47998046875,370115
2026-08-03 16:50:00+00:00,756.0499877929688,756.3800048828125,756.030029296875,756.3200073242188,431609
2026-08-03 16:55:00+00:00,756.219970703125,756.3499755859375,756.0150146484375,756.0499877929688,282492
2026-08-03 17:00:00+00:00,756.2100219726562,756.2999877929688,756.030029296875,756.219970703125,416913
2026-08-03 17:05:00+00:00,756.2150268554688,756.2999877929688,755.97998046875,756.2100219726562,492900
2026-08-03 17:10:00+00:00,756.510009765625,756.6099853515625,756.2100219726562,756.2100219726562,303766
2026-08-03 17:15:00+00:00,756.77001953125,756.7899780273438,756.4949951171875,756.51171875,375228
2026-08-03 17:20:00+00:00,756.9650268554688,757.0150146484375,756.6699829101562,756.77001953125,380249
2026-08-03 17:25:00+00:00,757.0850219726562,757.155029296875,756.8400268554688,756.9650268554688,412070
2026-08-03 17:30:00+00:00,757.35498046875,757.3599853515625,757.010009765625,757.083984375,386141
2026-08-03 17:35:00+00:00,757.2100219726562,757.469970703125,757.1199951171875,757.3499755859375,462426
2026-08-03 17:40:00+00:00,757.3300170898438,757.3400268554688,757.1599731445312,757.22998046875,187564
2026-08-03 17:45:00+00:00,757.4400024414062,757.52001953125,757.3200073242188,757.3200073242188,568490
2026-08-03 17:50:00+00:00,757.5999755859375,757.6199951171875,757.4099731445312,757.4500122070312,1919089
2026-08-03 17:55:00+00:00,757.6450805664062,757.780029296875,757.5599975585938,757.5999755859375,506377
2026-08-03 18:00:00+00:00,758.1400146484375,758.1400146484375,757.6400146484375,757.64501953125,585793
2026-08-03 18:05:00+00:00,758.3049926757812,758.3200073242188,758.0800170898438,758.135009765625,589387
2026-08-03 18:10:00+00:00,758.010009765625,758.3300170898438,757.8635864257812,758.3099975585938,498353
2026-08-03 18:15:00+00:00,757.9600219726562,758.3099975585938,757.9000244140625,758.0150146484375,469204
2026-08-03 18:20:00+00:00,757.9500122070312,758.1699829101562,757.7999877929688,757.969970703125,331124
2026-08-03 18:25:00+00:00,757.5700073242188,758.0499877929688,757.47998046875,757.9400024414062,399077
2026-08-03 18:30:00+00:00,757.510009765625,757.8200073242188,757.3400268554688,757.5800170898438,611117
2026-08-03 18:35:00+00:00,757.6699829101562,757.8099975585938,757.47998046875,757.52001953125,565082
2026-08-03 18:40:00+00:00,758.0850219726562,758.1099853515625,757.5800170898438,757.6799926757812,395689
2026-08-03 18:45:00+00:00,758.10498046875,758.1900024414062,757.760009765625,758.0900268554688,559451
2026-08-03 18:50:00+00:00,758.0800170898438,758.2899780273438,757.9199829101562,758.10498046875,385601
2026-08-03 18:55:00+00:00,757.9349975585938,758.22998046875,757.9199829101562,758.0800170898438,344276
2026-08-03 19:00:00+00:00,758.5,758.5800170898438,757.9400024414062,757.9400024414062,433642
2026-08-03 19:05:00+00:00,758.1900024414062,758.5399780273438,758.0700073242188,758.5004272460938,388446
2026-08-03 19:10:00+00:00,758.1799926757812,758.4099731445312,758.0850219726562,758.1950073242188,373906
2026-08-03 19:15:00+00:00,758.3400268554688,758.4400024414062,758.1799926757812,758.1810302734375,451729
2026-08-03 19:20:00+00:00,758.4149780273438,758.4500122070312,758.219970703125,758.3499755859375,419583
2026-08-03 19:25:00+00:00,758.3400268554688,758.5499877929688,758.260009765625,758.4149780273438,495251
2026-08-03 19:30:00+00:00,758.3406982421875,758.510009765625,758.2000122070312,758.3499755859375,719106
2026-08-03 19:35:00+00:00,758.0,758.4600219726562,757.9600219726562,758.3599853515625,821114
2026-08-03 19:40:00+00:00,758.0700073242188,758.1649780273438,757.8599853515625,758.010009765625,1008223
2026-08-03 19:45:00+00:00,758.1400146484375,758.25,757.9299926757812,758.0700073242188,1089275
2026-08-03 19:50:00+00:00,757.780029296875,758.4099731445312,757.6400146484375,758.1500244140625,1585858
2026-08-03 19:55:00+00:00,757.6699829101562,757.9849853515625,757.4400024414062,757.77001953125,3196714
2026-08-04 13:30:00+00:00,761.8499755859375,761.8800048828125,760.52001953125,760.6300048828125,2403799
2026-08-04 13:35:00+00:00,761.9500122070312,762.1900024414062,761.5399780273438,761.8300170898438,853271
2026-08-04 13:40:00+00:00,761.8524780273438,762.2100219726562,761.6199951171875,761.9600219726562,645544
2026-08-04 13:45:00+00:00,762.530029296875,762.5349731445312,761.8599853515625,761.8599853515625,868173
2026-08-04 13:50:00+00:00,763.4199829101562,763.47998046875,762.4000244140625,762.5399780273438,838596
2026-08-04 13:55:00+00:00,763.3900146484375,763.4400024414062,762.6651000976562,763.4400024414062,792816
2026-08-04 14:00:00+00:00,763.8699951171875,764.1300048828125,763.0900268554688,763.3699951171875,1027586
2026-08-04 14:05:00+00:00,764.3400268554688,764.5499877929688,763.7999877929688,763.8800048828125,757078
2026-08-04 14:10:00+00:00,764.85498046875,764.8599853515625,764.3099975585938,764.3400268554688,522181
2026-08-04 14:15:00+00:00,765.2449951171875,765.3828125,764.77001953125,764.8499755859375,671630
2026-08-04 14:20:00+00:00,764.3300170898438,765.280029296875,764.1699829101562,765.25,916082
2026-08-04 14:25:00+00:00,764.489990234375,764.8499755859375,764.3198852539062,764.3300170898438,596876
2026-08-04 14:30:00+00:00,764.9349975585938,765.02001953125,764.0999755859375,764.489990234375,643452
2026-08-04 14:35:00+00:00,765.1599731445312,765.719970703125,764.760009765625,764.9299926757812,734396
2026-08-04 14:40:00+00:00,765.7899780273438,765.8599853515625,765.094970703125,765.1672973632812,737613
2026-08-04 14:45:00+00:00,765.9199829101562,765.9600219726562,765.5900268554688,765.780029296875,632872
2026-08-04 14:50:00+00:00,765.9000244140625,766.030029296875,765.6400146484375,765.9199829101562,491238
2026-08-04 14:55:00+00:00,766.2999877929688,766.4199829101562,765.8099975585938,765.9000244140625,905205
2026-08-04 15:00:00+00:00,766.8499755859375,766.8900146484375,766.1699829101562,766.3300170898438,540916
2026-08-04 15:05:00+00:00,766.8499755859375,766.8699951171875,766.3900146484375,766.8599853515625,698891
2026-08-04 15:10:00+00:00,766.9099731445312,767.1599731445312,766.719970703125,766.85498046875,418177
2026-08-04 15:15:00+00:00,767.3250122070312,767.3499755859375,766.8900146484375,766.9199829101562,639315
2026-08-04 15:20:00+00:00,767.739990234375,767.7514038085938,767.2050170898438,767.3300170898438,576418
2026-08-04 15:25:00+00:00,767.3499755859375,767.8699951171875,767.280029296875,767.75,734509
2026-08-04 15:30:00+00:00,767.260009765625,767.5700073242188,767.1599731445312,767.3400268554688,459242
2026-08-04 15:35:00+00:00,767.7999877929688,768.0899047851562,767.2249755859375,767.27001953125,620918
2026-08-04 15:40:00+00:00,768.280029296875,768.3400268554688,767.7349853515625,767.780029296875,1316760
2026-08-04 15:45:00+00:00,768.64990234375,768.7000122070312,768.260009765625,768.280029296875,599127
2026-08-04 15:50:00+00:00,768.27001953125,768.9000244140625,768.1799926757812,768.6400146484375,639140
2026-08-04 15:55:00+00:00,768.4400024414062,768.6400146484375,768.1900024414062,768.260009765625,359098
2026-08-04 16:00:00+00:00,768.7249755859375,768.8599853515625,768.4149780273438,768.4450073242188,508135
2026-08-04 16:05:00+00:00,768.3800048828125,768.9400024414062,768.3400268554688,768.7249755859375,485229
2026-08-04 16:10:00+00:00,768.2550048828125,768.52001953125,768.1400146484375,768.3995971679688,936859
2026-08-04 16:15:00+00:00,768.75,768.7899780273438,768.239990234375,768.2650146484375,697184
2026-08-04 16:20:00+00:00,769.219970703125,769.280029296875,768.719970703125,768.760009765625,385414
2026-08-04 16:25:00+00:00,769.239990234375,769.3400268554688,769.02001953125,769.2150268554688,520302
2026-08-04 16:30:00+00:00,769.4749755859375,769.5999755859375,769.0,769.219970703125,597144
2026-08-04 16:35:00+00:00,769.4849853515625,769.6799926757812,769.239990234375,769.47998046875,828303
2026-08-04 16:40:00+00:00,769.97998046875,770.010009765625,769.3900146484375,769.4849853515625,634595
2026-08-04 16:45:00+00:00,770.1950073242188,770.2249755859375,769.97998046875,769.989990234375,437651
2026-08-04 16:50:00+00:00,770.1900024414062,770.3200073242188,770.0549926757812,770.1898803710938,360572
2026-08-04 16:55:00+00:00,770.2650146484375,770.27001953125,770.0499877929688,770.1900024414062,313627
2026-08-04 17:00:00+00:00,771.0089721679688,771.030029296875,770.1649780273438,770.27001953125,777474
2026-08-04 17:05:00+00:00,771.0499877929688,771.2849731445312,770.72998046875,771.010009765625,822525
2026-08-04 17:10:00+00:00,771.219970703125,771.22998046875,770.9199829101562,771.0399780273438,542050
2026-08-04 17:15:00+00:00,771.3699951171875,771.60498046875,771.219970703125,771.22998046875,696042
2026-08-04 17:20:00+00:00,771.2050170898438,771.4099731445312,770.9500122070312,771.375,394203
2026-08-04 17:25:00+00:00,771.280029296875,771.47998046875,771.1300048828125,771.2050170898438,388198
2026-08-04 17:30:00+00:00,771.3800048828125,771.4000244140625,770.9650268554688,771.2899780273438,443758
2026-08-04 17:35:00+00:00,771.8599853515625,771.905029296875,771.3400268554688,771.3599853515625,412817
2026-08-04 17:40:00+00:00,772.3300170898438,772.344970703125,771.8599853515625,771.8599853515625,732752
2026-08-04 17:45:00+00:00,772.72998046875,773.0850219726562,772.3250122070312,772.3250122070312,857661
2026-08-04 17:50:00+00:00,771.8699951171875,772.7150268554688,771.64501953125,772.7150268554688,975625
2026-08-04 17:55:00+00:00,771.5700073242188,772.1500244140625,771.5700073242188,771.8800048828125,599267
2026-08-04 18:00:00+00:00,771.330078125,771.989990234375,771.0800170898438,771.5700073242188,742742
2026-08-04 18:05:00+00:00,771.8499755859375,771.989990234375,771.27001953125,771.3400268554688,509851
2026-08-04 18:10:00+00:00,772.1799926757812,772.239990234375,771.7100219726562,771.844970703125,541494
2026-08-04 18:15:00+00:00,772.1099853515625,772.3699951171875,771.97998046875,772.1981201171875,330958
2026-08-04 18:20:00+00:00,772.1300048828125,772.4500122070312,772.0499877929688,772.1099853515625,585209
2026-08-04 18:25:00+00:00,772.3699951171875,772.3800048828125,772.010009765625,772.1199951171875,326080
2026-08-04 18:30:00+00:00,772.1699829101562,772.4797973632812,772.125,772.3798828125,563294
2026-08-04 18:35:00+00:00,771.8900146484375,772.3200073242188,771.7899780273438,772.1649780273438,729539
2026-08-04 18:40:00+00:00,771.719970703125,771.9000244140625,771.4099731445312,771.8800048828125,450817
2026-08-04 18:45:00+00:00,772.0700073242188,772.280029296875,771.719970703125,771.72998046875,806972
2026-08-04 18:50:00+00:00,771.989990234375,772.2899780273438,771.9210205078125,772.0499877929688,422817
2026-08-04 18:55:00+00:00,772.0700073242188,772.1300048828125,771.9299926757812,771.9949951171875,364367
2026-08-04 19:00:00+00:00,772.780029296875,772.9600219726562,772.0499877929688,772.0850219726562,745681
2026-08-04 19:05:00+00:00,773.0198974609375,773.02001953125,772.5499877929688,772.77001953125,1289457
2026-08-04 19:10:00+00:00,772.8800048828125,773.0391235351562,772.719970703125,773.0,513920
2026-08-04 19:15:00+00:00,773.0,773.0800170898438,772.7520141601562,772.8800048828125,552704
2026-08-04 19:20:00+00:00,772.8250122070312,773.1199951171875,772.7000122070312,773.0,540114
2026-08-04 19:25:00+00:00,772.3200073242188,772.9199829101562,772.1199951171875,772.8300170898438,625520
2026-08-04 19:30:00+00:00,772.5900268554688,772.6300048828125,772.1199951171875,772.3099975585938,853642
2026-08-04 19:35:00+00:00,772.780029296875,772.9099731445312,772.3200073242188,772.5900268554688,704223
2026-08-04 19:40:00+00:00,773.25,773.3300170898438,772.760009765625,772.780029296875,703836
2026-08-04 19:45:00+00:00,772.9099731445312,773.4099731445312,772.739990234375,773.2550048828125,1200912
2026-08-04 19:50:00+00:00,771.7418212890625,773.030029296875,771.7418212890625,772.9099731445312,2794903
2026-08-04 19:55:00+00:00,771.280029296875,772.3099975585938,770.9600219726562,771.75,4757221
2026-08-05 13:30:00+00:00,776.1998901367188,776.7899780273438,775.260009765625,775.8499755859375,2356246
2026-08-05 13:35:00+00:00,776.510009765625,776.8499755859375,775.3040161132812,776.1900024414062,2059541
2026-08-05 13:40:00+00:00,776.47998046875,776.8099975585938,775.8599853515625,776.530029296875,566173
2026-08-05 13:45:00+00:00,775.3900146484375,776.6599731445312,775.3400268554688,776.5399780273438,716822
2026-08-05 13:50:00+00:00,775.889892578125,775.889892578125,774.3900146484375,775.39501953125,921681
2026-08-05 13:55:00+00:00,776.70361328125,776.70361328125,775.364990234375,775.8800048828125,646807
2026-08-05 14:00:00+00:00,775.7899780273438,776.7000122070312,774.9500122070312,776.6699829101562,704641
2026-08-05 14:05:00+00:00,776.0599975585938,776.5499267578125,775.6199951171875,775.8099975585938,580664
2026-08-05 14:10:00+00:00,776.1599731445312,776.510009765625,775.7999877929688,776.0700073242188,344032
2026-08-05 14:15:00+00:00,775.6699829101562,776.4600219726562,775.6599731445312,776.1799926757812,268012
2026-08-05 14:20:00+00:00,775.7550048828125,775.8200073242188,774.77001953125,775.6799926757812,429630
2026-08-05 14:25:00+00:00,774.7808837890625,776.1799926757812,774.75,775.760009765625,494368
2026-08-05 14:30:00+00:00,774.5999755859375,775.0200805664062,774.22998046875,774.780029296875,617880
2026-08-05 14:35:00+00:00,773.9199829101562,774.8300170898438,773.8400268554688,774.5700073242188,774546
2026-08-05 14:40:00+00:00,774.0349731445312,774.4299926757812,773.6199951171875,773.9199829101562,595251
2026-08-05 14:45:00+00:00,774.5750122070312,774.719970703125,773.844970703125,774.030029296875,435589
2026-08-05 14:50:00+00:00,773.1300048828125,774.8400268554688,772.5700073242188,774.6046752929688,720034
2026-08-05 14:55:00+00:00,773.469970703125,773.7598876953125,772.72998046875,773.1599731445312,518821
2026-08-05 15:00:00+00:00,773.6300048828125,773.9500122070312,773.3499755859375,773.4600219726562,378838
2026-08-05 15:05:00+00:00,773.6300048828125,773.864990234375,773.1649780273438,773.6300048828125,413264
2026-08-05 15:10:00+00:00,773.0599975585938,773.9149780273438,773.010009765625,773.6300048828125,298736
2026-08-05 15:15:00+00:00,772.4199829101562,773.1599731445312,771.0,773.0700073242188,1022215
2026-08-05 15:20:00+00:00,772.2691040039062,772.6699829101562,772.0800170898438,772.409912109375,339239
2026-08-05 15:25:00+00:00,771.7100219726562,772.25,771.52001953125,772.1500854492188,530737
2026-08-05 15:30:00+00:00,771.875,772.52001953125,771.6799926757812,771.7000122070312,300651
2026-08-05 15:35:00+00:00,772.14501953125,772.2999877929688,771.8099975585938,771.8800048828125,317439
2026-08-05 15:40:00+00:00,772.010009765625,772.260009765625,771.6749877929688,772.1500244140625,279873
2026-08-05 15:45:00+00:00,771.340576171875,772.030029296875,771.25,772.02001953125,299266
2026-08-05 15:50:00+00:00,771.25,771.5750122070312,771.1300048828125,771.3375244140625,350842
2026-08-05 15:55:00+00:00,770.64501953125,771.25,770.3300170898438,771.25,644598
2026-08-05 16:00:00+00:00,770.8400268554688,771.02001953125,770.0800170898438,770.6300048828125,677692
2026-08-05 16:05:00+00:00,770.239990234375,770.8699951171875,769.9099731445312,770.8400268554688,536649
2026-08-05 16:10:00+00:00,770.4400024414062,770.469970703125,769.9298095703125,770.239990234375,392332
2026-08-05 16:15:00+00:00,770.6099853515625,771.1199951171875,770.22998046875,770.4500122070312,499198
2026-08-05 16:20:00+00:00,771.0800170898438,771.760009765625,770.5599975585938,770.614990234375,564366
2026-08-05 16:25:00+00:00,772.0999755859375,772.1199951171875,771.0599975585938,771.0750122070312,567115
2026-08-05 16:30:00+00:00,771.6900024414062,772.219970703125,771.2000122070312,772.0900268554688,427057
2026-08-05 16:35:00+00:00,771.5599975585938,771.8394775390625,771.3400268554688,771.6900024414062,247331
2026-08-05 16:40:00+00:00,771.5900268554688,772.0,771.3770751953125,771.5499877929688,324240
2026-08-05 16:45:00+00:00,771.4249877929688,771.75,771.2899780273438,771.5800170898438,195315
2026-08-05 16:50:00+00:00,772.010009765625,772.0800170898438,771.385009765625,771.4000244140625,449350
2026-08-05 16:55:00+00:00,771.8524780273438,772.1699829101562,771.7050170898438,772.010009765625,304185
2026-08-05 17:00:00+00:00,771.405029296875,772.1599731445312,771.2999877929688,771.8900146484375,237862
2026-08-05 17:05:00+00:00,771.3200073242188,771.5999755859375,771.0700073242188,771.405029296875,245234
2026-08-05 17:10:00+00:00,771.5,771.75,771.0399780273438,771.3300170898438,687575
2026-08-05 17:15:00+00:00,771.3800048828125,771.8049926757812,771.22998046875,771.4801025390625,245593
2026-08-05 17:20:00+00:00,771.4249877929688,771.4600219726562,771.010009765625,771.4099731445312,175531
2026-08-05 17:25:00+00:00,771.3400268554688,771.802490234375,771.260009765625,771.4298706054688,154836
2026-08-05 17:30:00+00:00,771.5900268554688,771.7296752929688,771.0700073242188,771.3300170898438,171307
2026-08-05 17:35:00+00:00,771.6599731445312,771.780029296875,771.4605102539062,771.5900268554688,182867
2026-08-05 17:40:00+00:00,771.7017822265625,772.010009765625,771.6599731445312,771.6599731445312,187951
2026-08-05 17:45:00+00:00,771.8300170898438,771.9249877929688,771.3300170898438,771.7000122070312,134714
2026-08-05 17:50:00+00:00,771.6400146484375,771.9600219726562,771.5900268554688,771.8300170898438,269325
2026-08-05 17:55:00+00:00,771.5549926757812,771.8400268554688,771.4600219726562,771.6300048828125,170417
2026-08-05 18:00:00+00:00,772.1201171875,772.1699829101562,771.5399780273438,771.5599975585938,511807
2026-08-05 18:05:00+00:00,771.9099731445312,772.25,771.6799926757812,772.1199951171875,319230
2026-08-05 18:10:00+00:00,771.7899780273438,772.10498046875,771.760986328125,771.9600219726562,441258
2026-08-05 18:15:00+00:00,772.0399780273438,772.0999755859375,771.6699829101562,771.7999877929688,235339
2026-08-05 18:20:00+00:00,771.8599853515625,772.0549926757812,771.7401123046875,772.0399780273438,229902
2026-08-05 18:25:00+00:00,771.9400024414062,772.1199951171875,771.8099975585938,771.8499755859375,341463
2026-08-05 18:30:00+00:00,771.3599853515625,771.9400024414062,771.2000122070312,771.9299926757812,400700
2026-08-05 18:35:00+00:00,771.4600219726562,771.7098999023438,771.3400268554688,771.3599853515625,359926
2026-08-05 18:40:00+00:00,771.5800170898438,771.6699829101562,771.3972778320312,771.469970703125,293527
2026-08-05 18:45:00+00:00,771.8099975585938,771.9500122070312,771.5150146484375,771.5700073242188,280759
2026-08-05 18:50:00+00:00,771.72998046875,771.9600219726562,771.6300048828125,771.8099975585938,254521
2026-08-05 18:55:00+00:00,771.3909912109375,771.7750244140625,771.3400268554688,771.72998046875,433572
2026-08-05 19:00:00+00:00,771.6298828125,771.6300048828125,771.239990234375,771.4000244140625,346157
2026-08-05 19:05:00+00:00,771.6904907226562,771.8499755859375,771.52001953125,771.6099853515625,269928
2026-08-05 19:10:00+00:00,771.72998046875,771.780029296875,771.5399780273438,771.7000122070312,350175
2026-08-05 19:15:00+00:00,771.8200073242188,771.9190063476562,771.6599731445312,771.739990234375,304657
2026-08-05 19:20:00+00:00,771.869873046875,771.989013671875,771.6500244140625,771.8300170898438,532595
2026-08-05 19:25:00+00:00,771.7999267578125,771.969970703125,771.760009765625,771.8599853515625,495459
2026-08-05 19:30:00+00:00,771.5399780273438,771.8900146484375,771.364990234375,771.780029296875,453945
2026-08-05 19:35:00+00:00,771.3051147460938,771.5399780273438,771.2537841796875,771.5399780273438,584306
2026-08-05 19:40:00+00:00,771.4949951171875,771.6298828125,771.27001953125,771.2999877929688,482574
2026-08-05 19:45:00+00:00,771.489990234375,771.6500244140625,771.2000122070312,771.47998046875,719357
2026-08-05 19:50:00+00:00,771.5,771.7000122070312,771.3599853515625,771.489990234375,711237
2026-08-05 19:55:00+00:00,769.739990234375,771.5900268554688,769.510009765625,771.510009765625,3030101
2026-08-06 13:30:00+00:00,769.9199829101562,770.7899780273438,769.0576171875,770.2100219726562,1913009
2026-08-06 13:35:00+00:00,769.719970703125,770.8699951171875,769.5999755859375,769.9000244140625,578769
2026-08-06 13:40:00+00:00,770.5,770.9000244140625,769.5050048828125,769.7050170898438,314301
2026-08-06 13:45:00+00:00,771.3099975585938,771.52001953125,770.47998046875,770.47998046875,344237
2026-08-06 13:50:00+00:00,770.9199829101562,771.5250244140625,770.780029296875,771.3099975585938,360772
2026-08-06 13:55:00+00:00,770.9199829101562,771.260009765625,770.5399780273438,770.9249877929688,312956
2026-08-06 14:00:00+00:00,771.1300048828125,771.3499755859375,770.614990234375,770.9500122070312,270466
2026-08-06 14:05:00+00:00,771.4299926757812,771.510009765625,770.8900146484375,771.1500244140625,250838
2026-08-06 14:10:00+00:00,771.5499877929688,771.77001953125,771.380126953125,771.4349975585938,399828
2026-08-06 14:15:00+00:00,771.7050170898438,771.8099975585938,771.1199951171875,771.530029296875,230239
2026-08-06 14:20:00+00:00,771.22998046875,771.8200073242188,771.1699829101562,771.7239990234375,279760
2026-08-06 14:25:00+00:00,770.4500122070312,771.27001953125,770.0700073242188,771.22998046875,384013
2026-08-06 14:30:00+00:00,770.7949829101562,770.8800048828125,770.1649780273438,770.4500122070312,476066
2026-08-06 14:35:00+00:00,769.760009765625,770.9600219726562,769.760009765625,770.7949829101562,485367
2026-08-06 14:40:00+00:00,770.14501953125,770.72998046875,769.6400146484375,769.75,283552
2026-08-06 14:45:00+00:00,769.6699829101562,770.2150268554688,769.6500244140625,770.135009765625,351513
2026-08-06 14:50:00+00:00,770.4500122070312,770.47998046875,769.530029296875,769.6599731445312,387204
2026-08-06 14:55:00+00:00,770.9849853515625,771.0599975585938,770.2899780273438,770.47998046875,256400
2026-08-06 15:00:00+00:00,770.2899780273438,771.2100219726562,770.1099853515625,771.0,908147
2026-08-06 15:05:00+00:00,770.5700073242188,770.8099975585938,770.27001953125,770.280029296875,225382
2026-08-06 15:10:00+00:00,769.9600219726562,770.739990234375,769.9099731445312,770.5700073242188,210453
2026-08-06 15:15:00+00:00,768.9600219726562,770.1199951171875,768.9600219726562,769.9600219726562,612056
2026-08-06 15:20:00+00:00,768.9299926757812,769.239990234375,768.6199951171875,768.9749755859375,381693
2026-08-06 15:25:00+00:00,769.239990234375,769.2999877929688,768.6500244140625,768.9299926757812,289608
2026-08-06 15:30:00+00:00,768.530029296875,769.4400024414062,768.530029296875,769.239990234375,287297
2026-08-06 15:35:00+00:00,768.7000122070312,768.9000244140625,768.3300170898438,768.530029296875,364377
2026-08-06 15:40:00+00:00,768.3300170898438,768.969970703125,768.3300170898438,768.6900024414062,458842
2026-08-06 15:45:00+00:00,769.2000732421875,769.5800170898438,768.3200073242188,768.3300170898438,363673
2026-08-06 15:50:00+00:00,768.1300048828125,769.780029296875,768.0800170898438,769.2100219726562,517615
2026-08-06 15:55:00+00:00,768.125,768.5599975585938,767.9500122070312,768.125,457255
2026-08-06 16:00:00+00:00,768.0549926757812,768.3200073242188,767.75,768.1599731445312,433878
2026-08-06 16:05:00+00:00,768.3400268554688,768.510009765625,767.9099731445312,768.0482177734375,317306
2026-08-06 16:10:00+00:00,767.97998046875,768.5399780273438,767.8200073242188,768.3200073242188,269314
2026-08-06 16:15:00+00:00,768.2150268554688,768.5,767.4600219726562,767.97998046875,447162
2026-08-06 16:20:00+00:00,768.27001953125,768.35498046875,767.8800048828125,768.219970703125,1189073
2026-08-06 16:25:00+00:00,768.260009765625,768.489990234375,768.0,768.280029296875,488835
2026-08-06 16:30:00+00:00,768.3099975585938,768.8200073242188,768.1300048828125,768.27001953125,265709
2026-08-06 16:35:00+00:00,768.8699951171875,768.8699951171875,768.2100219726562,768.3300170898438,259145
2026-08-06 16:40:00+00:00,768.0800170898438,768.9000244140625,768.0700073242188,768.8800048828125,288107
2026-08-06 16:45:00+00:00,768.4149780273438,768.4163208007812,767.9080810546875,768.0700073242188,205713
2026-08-06 16:50:00+00:00,768.3499755859375,768.6599731445312,768.22998046875,768.4199829101562,207398
2026-08-06 16:55:00+00:00,768.9600219726562,769.0399780273438,768.3400268554688,768.3499755859375,150600
2026-08-06 17:00:00+00:00,768.77001953125,769.1799926757812,768.6900024414062,768.989990234375,286134
2026-08-06 17:05:00+00:00,768.3400268554688,769.1400146484375,768.1900024414062,768.760009765625,363159
2026-08-06 17:10:00+00:00,768.1699829101562,768.5800170898438,768.0900268554688,768.3300170898438,162088
2026-08-06 17:15:00+00:00,768.3400268554688,768.4600219726562,768.030029296875,768.1400146484375,199311
2026-08-06 17:20:00+00:00,767.969970703125,768.4099731445312,767.9005126953125,768.3400268554688,227981
2026-08-06 17:25:00+00:00,767.8300170898438,768.27001953125,767.8099975585938,767.969970703125,254712
2026-08-06 17:30:00+00:00,768.0999755859375,768.2100219726562,767.719970703125,767.8300170898438,197360
2026-08-06 17:35:00+00:00,768.02001953125,768.280029296875,767.969970703125,768.1099853515625,178647
2026-08-06 17:40:00+00:00,768.1400146484375,768.1400146484375,767.8250122070312,768.0399780273438,363757
2026-08-06 17:45:00+00:00,767.9835815429688,768.375,767.9835815429688,768.1500244140625,206530
2026-08-06 17:50:00+00:00,768.432861328125,768.510009765625,767.9600219726562,767.989990234375,315523
2026-08-06 17:55:00+00:00,768.6303100585938,768.6400146484375,768.2750854492188,768.4600219726562,368849
2026-08-06 18:00:00+00:00,768.8947143554688,768.9000244140625,768.5,768.6500244140625,380717
2026-08-06 18:05:00+00:00,768.8599853515625,768.97998046875,768.6599731445312,768.8900146484375,311812
2026-08-06 18:10:00+00:00,769.1799926757812,769.239990234375,768.7000122070312,768.8699951171875,254657
2026-08-06 18:15:00+00:00,769.3300170898438,769.72998046875,768.4500122070312,769.19140625,591778
2026-08-06 18:20:00+00:00,769.5599975585938,769.6199951171875,769.2999877929688,769.3250122070312,319553
2026-08-06 18:25:00+00:00,769.4299926757812,769.614990234375,769.1900024414062,769.5549926757812,298281
2026-08-06 18:30:00+00:00,769.114990234375,769.469970703125,769.0700073242188,769.4299926757812,232178
2026-08-06 18:35:00+00:00,768.8300170898438,769.2899780273438,768.7999877929688,769.1099853515625,260758
2026-08-06 18:40:00+00:00,768.780029296875,768.9349975585938,768.5150146484375,768.844970703125,222400
2026-08-06 18:45:00+00:00,768.8800048828125,769.1699829101562,768.719970703125,768.7849731445312,344433
2026-08-06 18:50:00+00:00,768.885009765625,769.010009765625,768.739990234375,768.875,218040
2026-08-06 18:55:00+00:00,768.9600219726562,769.0800170898438,768.8099975585938,768.8699951171875,245763
2026-08-06 19:00:00+00:00,769.5789794921875,769.5789794921875,768.9500122070312,768.969970703125,477380
2026-08-06 19:05:00+00:00,769.7000122070312,769.7100219726562,769.2636108398438,769.5599975585938,248781
2026-08-06 19:10:00+00:00,769.3300170898438,769.7899780273438,769.2800903320312,769.7100219726562,269217
2026-08-06 19:15:00+00:00,769.1599731445312,769.3499145507812,769.051025390625,769.3250122070312,360889
2026-08-06 19:20:00+00:00,768.8200073242188,769.489990234375,768.8200073242188,769.1699829101562,441472
2026-08-06 19:25:00+00:00,768.6599731445312,768.989990234375,768.5700073242188,768.8300170898438,549048
2026-08-06 19:30:00+00:00,768.9600219726562,769.0,768.4099731445312,768.655029296875,472779
2026-08-06 19:35:00+00:00,768.530029296875,768.989990234375,768.530029296875,768.9600219726562,474387
2026-08-06 19:40:00+00:00,768.3099975585938,768.6099853515625,768.0999755859375,768.5369262695312,423734
2026-08-06 19:45:00+00:00,768.4400024414062,768.52001953125,767.9600219726562,768.3099975585938,830017
2026-08-06 19:50:00+00:00,768.6400146484375,768.7730102539062,767.7000122070312,768.4299926757812,1720823
2026-08-06 19:55:00+00:00,768.530029296875,768.8900146484375,768.1300048828125,768.6199951171875,2485588
2026-08-07 13:30:00+00:00,771.47998046875,771.6199951171875,770.6199951171875,771.02001953125,2853922
2026-08-07 13:35:00+00:00,771.13037109375,771.5474853515625,770.6799926757812,771.5,529092
2026-08-07 13:40:00+00:00,771.989990234375,772.0900268554688,770.8804931640625,771.125,498047
2026-08-07 13:45:00+00:00,771.7301025390625,772.3699951171875,771.1348876953125,771.989990234375,485208
2026-08-07 13:50:00+00:00,771.97998046875,772.2349853515625,771.5999755859375,771.72998046875,367189
2026-08-07 13:55:00+00:00,771.040283203125,772.1300048828125,770.4600219726562,771.97998046875,524553
2026-08-07 14:00:00+00:00,770.4349975585938,771.6099853515625,770.4000244140625,771.0700073242188,375913
2026-08-07 14:05:00+00:00,770.4949951171875,771.0700073242188,770.3699951171875,770.400390625,335775
2026-08-07 14:10:00+00:00,769.844970703125,770.7899780273438,769.6199951171875,770.47998046875,650116
2026-08-07 14:15:00+00:00,771.8200073242188,771.8289184570312,769.6799926757812,769.8699951171875,675465
2026-08-07 14:20:00+00:00,772.0399780273438,772.280029296875,771.530029296875,771.8300170898438,446551
2026-08-07 14:25:00+00:00,773.1900024414062,773.2899780273438,772.0449829101562,772.0449829101562,430651
2026-08-07 14:30:00+00:00,772.6099853515625,773.3499755859375,772.3930053710938,773.1599731445312,473336
2026-08-07 14:35:00+00:00,771.9000244140625,772.7999877929688,771.719970703125,772.6099853515625,360704
2026-08-07 14:40:00+00:00,771.97998046875,772.4400024414062,771.7100219726562,771.8900146484375,373525
2026-08-07 14:45:00+00:00,772.3900146484375,772.7050170898438,771.9500122070312,771.9500122070312,314230
2026-08-07 14:50:00+00:00,772.2100219726562,772.510009765625,771.8699951171875,772.3900146484375,237498
2026-08-07 14:55:00+00:00,772.8800048828125,773.0,772.1599731445312,772.2100219726562,285701
2026-08-07 15:00:00+00:00,772.760009765625,772.89990234375,772.3699951171875,772.8800048828125,255311
2026-08-07 15:05:00+00:00,772.9600219726562,773.030029296875,772.7100219726562,772.780029296875,985747
2026-08-07 15:10:00+00:00,773.0900268554688,773.3975219726562,772.6500244140625,772.96630859375,440029
2026-08-07 15:15:00+00:00,772.8800048828125,773.1599731445312,772.7849731445312,773.0900268554688,252251
2026-08-07 15:20:00+00:00,773.5349731445312,773.6099853515625,772.8400268554688,772.8699951171875,330541
2026-08-07 15:25:00+00:00,773.6500244140625,773.8900146484375,773.47998046875,773.530029296875,428634
2026-08-07 15:30:00+00:00,773.4199829101562,773.9149780273438,773.4000244140625,773.6599731445312,703196
2026-08-07 15:35:00+00:00,773.3900146484375,773.5499877929688,773.2100219726562,773.4550170898438,320907
2026-08-07 15:40:00+00:00,773.1649780273438,773.6300048828125,772.892822265625,773.4000244140625,252931
2026-08-07 15:45:00+00:00,773.5750122070312,773.5900268554688,773.0399780273438,773.1799926757812,208770
2026-08-07 15:50:00+00:00,773.2999877929688,773.6400146484375,773.0499877929688,773.5499877929688,236401
2026-08-07 15:55:00+00:00,773.030029296875,773.3300170898438,772.8300170898438,773.3099975585938,251081
2026-08-07 16:00:00+00:00,773.155029296875,773.1599731445312,772.7449951171875,773.0399780273438,401586
2026-08-07 16:05:00+00:00,773.1649780273438,773.3800048828125,773.030029296875,773.1599731445312,208248
2026-08-07 16:10:00+00:00,773.010009765625,773.35498046875,772.9949951171875,773.1699829101562,271262
2026-08-07 16:15:00+00:00,772.969970703125,773.219970703125,772.8699951171875,772.989990234375,301270
2026-08-07 16:20:00+00:00,772.25,773.3300170898438,772.239990234375,772.97998046875,304859
2026-08-07 16:25:00+00:00,771.7249755859375,772.3300170898438,771.333984375,772.260009765625,436150
2026-08-07 16:30:00+00:00,771.9301147460938,771.969970703125,771.0615234375,771.7349853515625,1275956
2026-08-07 16:35:00+00:00,772.2949829101562,772.3300170898438,771.7100219726562,771.9400024414062,408761
2026-08-07 16:40:00+00:00,772.5900268554688,772.6300048828125,772.239990234375,772.281494140625,198371
2026-08-07 16:45:00+00:00,772.6400146484375,772.75,772.4199829101562,772.5999755859375,285979
2026-08-07 16:50:00+00:00,772.1950073242188,772.8599853515625,772.0850219726562,772.6300048828125,189549
2026-08-07 16:55:00+00:00,771.9650268554688,772.3900146484375,771.9500122070312,772.2100219726562,609854
2026-08-07 17:00:00+00:00,772.0399780273438,772.2999267578125,771.77001953125,771.9600830078125,223605
2026-08-07 17:05:00+00:00,772.260009765625,772.2999877929688,772.030029296875,772.0349731445312,168889
2026-08-07 17:10:00+00:00,772.0549926757812,772.3699951171875,771.989990234375,772.260009765625,142993
2026-08-07 17:15:00+00:00,772.3049926757812,772.3800048828125,771.989990234375,772.0549926757812,164223
2026-08-07 17:20:00+00:00,771.9000244140625,772.4099731445312,771.9000244140625,772.2899780273438,204177
2026-08-07 17:25:00+00:00,772.0900268554688,772.22998046875,771.739990234375,771.8900146484375,163027
2026-08-07 17:30:00+00:00,771.9299926757812,772.22998046875,771.72998046875,772.1099853515625,231652
2026-08-07 17:35:00+00:00,772.3699951171875,772.3900146484375,771.8800048828125,771.9299926757812,144880
2026-08-07 17:40:00+00:00,772.1699829101562,772.4199829101562,772.1300048828125,772.3900146484375,137361
2026-08-07 17:45:00+00:00,772.2899780273438,772.4400024414062,772.0900268554688,772.1799926757812,178812
2026-08-07 17:50:00+00:00,772.2999877929688,772.4600219726562,771.989990234375,772.2775268554688,156607
2026-08-07 17:55:00+00:00,772.1699829101562,772.4000244140625,772.1699829101562,772.3099975585938,128891
2026-08-07 18:00:00+00:00,772.1400146484375,772.2849731445312,772.0800170898438,772.1649780273438,283862
2026-08-07 18:05:00+00:00,772.0399169921875,772.1799926757812,771.8300170898438,772.1500244140625,334083
2026-08-07 18:10:00+00:00,771.5750122070312,772.1199951171875,771.4500122070312,772.0499877929688,562177
2026-08-07 18:15:00+00:00,771.72998046875,771.8099975585938,771.469970703125,771.5805053710938,326722
2026-08-07 18:20:00+00:00,771.6599731445312,771.7999877929688,771.5399780273438,771.719970703125,169024
2026-08-07 18:25:00+00:00,771.47998046875,771.760009765625,771.4500122070312,771.6599731445312,195297
2026-08-07 18:30:00+00:00,771.3900146484375,771.6400146484375,771.3350219726562,771.4749755859375,263426
2026-08-07 18:35:00+00:00,771.2999877929688,771.510009765625,771.1900024414062,771.3900146484375,420610
2026-08-07 18:40:00+00:00,770.9600219726562,771.3800048828125,770.8900146484375,771.2999877929688,284861
2026-08-07 18:45:00+00:00,771.25,771.280029296875,770.9099731445312,770.969970703125,190814
2026-08-07 18:50:00+00:00,771.3200073242188,771.489990234375,771.219970703125,771.25,444613
2026-08-07 18:55:00+00:00,771.7100219726562,771.8099975585938,771.2100219726562,771.3300170898438,316460
2026-08-07 19:00:00+00:00,772.0499877929688,772.469970703125,771.6599731445312,771.6799926757812,572579
2026-08-07 19:05:00+00:00,772.6500244140625,772.6799926757812,772.0349731445312,772.0499877929688,528850
2026-08-07 19:10:00+00:00,772.9000244140625,773.0599975585938,772.6649780273438,772.6649780273438,494134
2026-08-07 19:15:00+00:00,772.8400268554688,773.4500122070312,772.7999877929688,772.9099731445312,598593
2026-08-07 19:20:00+00:00,772.9000244140625,773.219970703125,772.8400268554688,772.8599853515625,320971
2026-08-07 19:25:00+00:00,773.0750122070312,773.1199951171875,772.8599853515625,772.9099731445312,475399
2026-08-07 19:30:00+00:00,772.719970703125,773.0900268554688,772.6599731445312,773.0800170898438,544858
2026-08-07 19:35:00+00:00,772.9099731445312,773.0999755859375,772.60498046875,772.739990234375,581500
2026-08-07 19:40:00+00:00,772.5700073242188,772.9598999023438,772.52001953125,772.9199829101562,569447
2026-08-07 19:45:00+00:00,772.8699951171875,772.97998046875,772.5499877929688,772.5700073242188,658932
2026-08-07 19:50:00+00:00,772.8499755859375,773.0549926757812,772.6500244140625,772.8499755859375,1143195
2026-08-07 19:55:00+00:00,773.1199951171875,773.8300170898438,772.8200073242188,772.8599853515625,2978910
2026-08-10 13:30:00+00:00,772.6400146484375,773.6300048828125,772.5499877929688,772.5999755859375,1394672
2026-08-10 13:35:00+00:00,772.7999877929688,773.1199951171875,772.5,772.6300048828125,580217
2026-08-10 13:40:00+00:00,772.6599731445312,773.1099853515625,772.52001953125,772.7899780273438,512584
2026-08-10 13:45:00+00:00,773.1300048828125,773.260009765625,772.6199951171875,772.6500244140625,570720
2026-08-10 13:50:00+00:00,773.1300048828125,773.4099731445312,772.5,773.1300048828125,604359
2026-08-10 13:55:00+00:00,773.468994140625,773.52001953125,773.010009765625,773.125,365858
2026-08-10 14:00:00+00:00,773.719970703125,773.8499755859375,773.3900146484375,773.4199829101562,1022823
2026-08-10 14:05:00+00:00,774.0250244140625,774.030029296875,773.5700073242188,773.6799926757812,411551
2026-08-10 14:10:00+00:00,774.2150268554688,774.260009765625,773.8900146484375,774.0250244140625,536935
2026-08-10 14:15:00+00:00,774.2899780273438,774.3499755859375,773.969970703125,774.219970703125,352830
2026-08-10 14:20:00+00:00,773.969970703125,774.375,773.8300170898438,774.2899780273438,624972
2026-08-10 14:25:00+00:00,774.35498046875,774.4600219726562,773.7650146484375,773.9650268554688,407563
2026-08-10 14:30:00+00:00,774.3599853515625,774.6900024414062,774.27001953125,774.35498046875,616342
2026-08-10 14:35:00+00:00,774.3400268554688,774.6199951171875,774.1746826171875,774.35498046875,384364
2026-08-10 14:40:00+00:00,774.5999755859375,774.6400146484375,774.3049926757812,774.3400268554688,378768
2026-08-10 14:45:00+00:00,774.9199829101562,775.0499877929688,774.5999755859375,774.60498046875,830372
2026-08-10 14:50:00+00:00,773.8800048828125,774.9500122070312,773.7999877929688,774.9299926757812,618461
2026-08-10 14:55:00+00:00,773.5150146484375,774.1099853515625,773.5,773.8499755859375,473579
2026-08-10 15:00:00+00:00,773.7100219726562,773.9500122070312,773.3099975585938,773.510009765625,435586
2026-08-10 15:05:00+00:00,773.5800170898438,774.030029296875,773.5800170898438,773.7100219726562,341452
2026-08-10 15:10:00+00:00,773.8200073242188,773.9199829101562,773.4500122070312,773.5499877929688,302087
2026-08-10 15:15:00+00:00,773.9199829101562,774.1900024414062,773.760009765625,773.8200073242188,283525
2026-08-10 15:20:00+00:00,773.9199829101562,774.0999755859375,773.7999877929688,773.9199829101562,267595
2026-08-10 15:25:00+00:00,773.739990234375,773.989990234375,773.4199829101562,773.9199829101562,197255
2026-08-10 15:30:00+00:00,773.3900146484375,773.8699951171875,773.3599853515625,773.760009765625,216002
2026-08-10 15:35:00+00:00,773.280029296875,773.5999755859375,773.22998046875,773.405029296875,354915
2026-08-10 15:40:00+00:00,773.7899780273438,773.8049926757812,773.1599731445312,773.27001953125,189257
2026-08-10 15:45:00+00:00,773.5499877929688,773.8800048828125,773.5100708007812,773.8099975585938,172417
2026-08-10 15:50:00+00:00,774.2100219726562,774.3400268554688,773.4949951171875,773.5650024414062,248757
2026-08-10 15:55:00+00:00,774.3099975585938,774.4099731445312,774.030029296875,774.1900024414062,335269
2026-08-10 16:00:00+00:00,774.1649780273438,774.4349975585938,774.0399780273438,774.3400268554688,242067
2026-08-10 16:05:00+00:00,773.989990234375,774.2000122070312,773.875,774.1699829101562,219466
2026-08-10 16:10:00+00:00,773.780029296875,774.1400146484375,773.780029296875,774.0,282665
2026-08-10 16:15:00+00:00,773.6900024414062,773.7899780273438,773.4500122070312,773.780029296875,240699
2026-08-10 16:20:00+00:00,773.7650146484375,773.8599853515625,773.47998046875,773.6699829101562,183608
2026-08-10 16:25:00+00:00,773.3699951171875,773.9199829101562,773.3499755859375,773.7550048828125,233503
2026-08-10 16:30:00+00:00,772.6799926757812,773.4879760742188,771.6199951171875,773.3699951171875,936642
2026-08-10 16:35:00+00:00,772.5700073242188,773.0700073242188,772.52001953125,772.739990234375,396668
2026-08-10 16:40:00+00:00,772.159912109375,772.6400146484375,771.9749755859375,772.5700073242188,399488
2026-08-10 16:45:00+00:00,772.6099853515625,772.6300048828125,771.9299926757812,772.1599731445312,343625
2026-08-10 16:50:00+00:00,772.530029296875,772.6400146484375,772.260009765625,772.6300048828125,163277
2026-08-10 16:55:00+00:00,772.9500122070312,772.9600219726562,772.52001953125,772.530029296875,217374
2026-08-10 17:00:00+00:00,772.6799926757812,773.0499877929688,772.5,772.9400024414062,313484
2026-08-10 17:05:00+00:00,773.0900268554688,773.0900268554688,772.5800170898438,772.6799926757812,194299
2026-08-10 17:10:00+00:00,773.1099853515625,773.25,772.9000244140625,773.0700073242188,222041
2026-08-10 17:15:00+00:00,773.1400146484375,773.280029296875,772.9852294921875,773.114990234375,199345
2026-08-10 17:20:00+00:00,773.1500244140625,773.2100219726562,772.989990234375,773.147705078125,196008
2026-08-10 17:25:00+00:00,773.1094970703125,773.1799926757812,772.8599853515625,773.1400146484375,156557
2026-08-10 17:30:00+00:00,773.1300048828125,773.260009765625,773.0599975585938,773.1099853515625,176726
2026-08-10 17:35:00+00:00,772.844970703125,773.1599731445312,772.7000122070312,773.1199951171875,176600
2026-08-10 17:40:00+00:00,772.6500244140625,772.969970703125,772.6099853515625,772.8400268554688,159893
2026-08-10 17:45:00+00:00,772.6799926757812,772.760009765625,772.5499877929688,772.6599731445312,154297
2026-08-10 17:50:00+00:00,772.6199951171875,772.75,772.489990234375,772.6799926757812,209840
2026-08-10 17:55:00+00:00,772.739013671875,772.8200073242188,772.510009765625,772.6099853515625,240959
2026-08-10 18:00:00+00:00,772.739990234375,772.8800048828125,772.6599731445312,772.72998046875,232718
2026-08-10 18:05:00+00:00,772.9400024414062,773.02001953125,772.6500244140625,772.739990234375,265829
2026-08-10 18:10:00+00:00,772.6799926757812,773.0599975585938,772.6400146484375,772.9349975585938,249045
2026-08-10 18:15:00+00:00,772.5599975585938,772.75,772.530029296875,772.6699829101562,567494
2026-08-10 18:20:00+00:00,772.5499877929688,772.75,772.5,772.5800170898438,223977
2026-08-10 18:25:00+00:00,772.530029296875,772.7100219726562,772.510009765625,772.5499877929688,280755
2026-08-10 18:30:00+00:00,772.5449829101562,772.6699829101562,772.3599853515625,772.52001953125,520433
2026-08-10 18:35:00+00:00,772.5599975585938,772.7100219726562,772.3200073242188,772.5399780273438,314908
2026-08-10 18:40:00+00:00,772.885009765625,772.9299926757812,772.5499877929688,772.5599975585938,723242
2026-08-10 18:45:00+00:00,772.8499755859375,772.9299926757812,772.739990234375,772.8800048828125,357552
2026-08-10 18:50:00+00:00,773.1099853515625,773.1500244140625,772.8400268554688,772.8400268554688,214897
2026-08-10 18:55:00+00:00,773.1900024414062,773.3300170898438,773.0,773.114990234375,330679
2026-08-10 19:00:00+00:00,773.1900024414062,773.3200073242188,773.0499877929688,773.2000122070312,380984
2026-08-10 19:05:00+00:00,773.3900146484375,773.4000244140625,773.1099853515625,773.1849975585938,229464
2026-08-10 19:10:00+00:00,773.2999877929688,773.3900146484375,773.219970703125,773.3900146484375,315994
2026-08-10 19:15:00+00:00,773.2999877929688,773.4400024414062,773.2100219726562,773.2999877929688,265632
2026-08-10 19:20:00+00:00,773.3701171875,773.4000244140625,773.1817016601562,773.3099975585938,338157
2026-08-10 19:25:00+00:00,772.9299926757812,773.3900146484375,772.8800048828125,773.3900146484375,285647
2026-08-10 19:30:00+00:00,772.8900146484375,773.0007934570312,772.72998046875,772.9450073242188,337947
2026-08-10 19:35:00+00:00,773.1701049804688,773.2899780273438,772.780029296875,772.8800048828125,381510
2026-08-10 19:40:00+00:00,773.0850219726562,773.2000122070312,772.9400024414062,773.1900024414062,319656
2026-08-10 19:45:00+00:00,773.1699829101562,773.219970703125,772.89501953125,773.0800170898438,951188
2026-08-10 19:50:00+00:00,772.3800048828125,773.1599731445312,772.35498046875,773.1599731445312,1210259
2026-08-10 19:55:00+00:00,773.0700073242188,773.1599731445312,772.3150024414062,772.4000244140625,2364437
2026-08-11 13:30:00+00:00,773.469970703125,774.5399780273438,773.22998046875,774.530029296875,1428648
2026-08-11 13:35:00+00:00,773.1099853515625,773.5399780273438,772.864990234375,773.4600219726562,424993
2026-08-11 13:40:00+00:00,773.2999877929688,773.7100219726562,773.0999755859375,773.1198120117188,324717
2026-08-11 13:45:00+00:00,772.8400268554688,773.4849853515625,772.5800170898438,773.2999877929688,532137
2026-08-11 13:50:00+00:00,772.9199829101562,773.1400146484375,772.5900268554688,772.8350219726562,298670
2026-08-11 13:55:00+00:00,773.614990234375,773.6400146484375,772.7999877929688,772.8800048828125,380944
2026-08-11 14:00:00+00:00,773.8699951171875,774.0800170898438,773.489990234375,773.614990234375,453452
2026-08-11 14:05:00+00:00,773.7899780273438,773.969970703125,773.5499877929688,773.85498046875,329331
2026-08-11 14:10:00+00:00,773.780029296875,773.9761962890625,773.5900268554688,773.8018188476562,251067
2026-08-11 14:15:00+00:00,773.6300048828125,773.9500122070312,773.3800048828125,773.7999877929688,160206
2026-08-11 14:20:00+00:00,773.405029296875,773.8699951171875,773.3800048828125,773.6400146484375,291938
2026-08-11 14:25:00+00:00,773.8699951171875,773.9498901367188,773.3300170898438,773.3900146484375,406585
2026-08-11 14:30:00+00:00,773.6699829101562,773.9299926757812,773.4600219726562,773.8800048828125,243033
2026-08-11 14:35:00+00:00,773.344970703125,773.7750244140625,773.2100219726562,773.6699829101562,383084
2026-08-11 14:40:00+00:00,773.369873046875,773.6199951171875,773.280029296875,773.3699951171875,201888
2026-08-11 14:45:00+00:00,773.9000244140625,773.9299926757812,773.3499755859375,773.3599853515625,542338
2026-08-11 14:50:00+00:00,773.8900146484375,774.0349731445312,773.4600219726562,773.8800048828125,260399
2026-08-11 14:55:00+00:00,773.6199951171875,774.030029296875,773.5449829101562,773.8900146484375,271133
2026-08-11 15:00:00+00:00,773.5,773.8099975585938,773.375,773.6300048828125,207831
2026-08-11 15:05:00+00:00,772.8049926757812,773.5098876953125,772.719970703125,773.5050048828125,460078
2026-08-11 15:10:00+00:00,772.6599731445312,772.9450073242188,772.5499877929688,772.7899780273438,361674
2026-08-11 15:15:00+00:00,772.4500122070312,772.6799926757812,772.2000122070312,772.6599731445312,401588
2026-08-11 15:20:00+00:00,772.510009765625,772.8400268554688,772.4000244140625,772.4500122070312,296732
2026-08-11 15:25:00+00:00,772.4010009765625,772.7000122070312,772.4000244140625,772.52001953125,200505
2026-08-11 15:30:00+00:00,771.9450073242188,772.5599975585938,771.8049926757812,772.4099731445312,336602
2026-08-11 15:35:00+00:00,771.8599853515625,772.1300048828125,771.75,771.9500122070312,395830
2026-08-11 15:40:00+00:00,772.1799926757812,772.2100219726562,771.780029296875,771.85498046875,295888
2026-08-11 15:45:00+00:00,771.9949951171875,772.1763916015625,771.8905029296875,772.1699829101562,214007
2026-08-11 15:50:00+00:00,771.8399047851562,772.2479858398438,771.77001953125,772.0,246644
2026-08-11 15:55:00+00:00,772.0,772.1400146484375,771.7899780273438,771.8400268554688,315282
2026-08-11 16:00:00+00:00,772.0399780273438,772.3099975585938,772.010009765625,772.030029296875,212708
2026-08-11 16:05:00+00:00,772.3099975585938,772.3900146484375,771.969970703125,772.030029296875,592824
2026-08-11 16:10:00+00:00,771.9550170898438,772.3300170898438,771.9299926757812,772.318115234375,306205
2026-08-11 16:15:00+00:00,772.0800170898438,772.4500122070312,771.9661865234375,771.969970703125,986294
2026-08-11 16:20:00+00:00,771.7050170898438,772.2000122070312,771.6300048828125,772.0800170898438,296802
2026-08-11 16:25:00+00:00,771.8189697265625,771.8900146484375,771.3800048828125,771.7000122070312,681860
2026-08-11 16:30:00+00:00,771.5599975585938,771.9199829101562,771.4600219726562,771.8175048828125,295572
2026-08-11 16:35:00+00:00,771.8699951171875,772.010009765625,771.52001953125,771.5549926757812,216327
2026-08-11 16:40:00+00:00,771.5800170898438,771.8599853515625,771.5499877929688,771.8599853515625,290232
2026-08-11 16:45:00+00:00,771.4299926757812,771.5999755859375,771.280029296875,771.5800170898438,599549
2026-08-11 16:50:00+00:00,771.3800048828125,771.5599975585938,771.3001098632812,771.4400024414062,178651
2026-08-11 16:55:00+00:00,771.1400146484375,771.4099731445312,771.0399780273438,771.3800048828125,464586
2026-08-11 17:00:00+00:00,770.7849731445312,771.260009765625,770.780029296875,771.1500244140625,268966
2026-08-11 17:05:00+00:00,770.8800048828125,771.0999755859375,770.760009765625,770.780029296875,198827
2026-08-11 17:10:00+00:00,770.3265991210938,770.8800048828125,770.2999877929688,770.8800048828125,245008
2026-08-11 17:15:00+00:00,770.7550048828125,770.8399047851562,770.260009765625,770.3099975585938,285392
2026-08-11 17:20:00+00:00,770.9000244140625,771.0,770.5999755859375,770.760009765625,191635
2026-08-11 17:25:00+00:00,770.8499755859375,771.010009765625,770.6599731445312,770.8900146484375,158315
2026-08-11 17:30:00+00:00,770.9400024414062,770.9500122070312,770.72998046875,770.8499755859375,156705
2026-08-11 17:35:00+00:00,770.875,771.1300048828125,770.77001953125,770.9450073242188,235620
2026-08-11 17:40:00+00:00,771.27001953125,771.3099975585938,770.7899780273438,770.8900146484375,230686
2026-08-11 17:45:00+00:00,771.1702880859375,771.35498046875,771.1199951171875,771.260009765625,140117
2026-08-11 17:50:00+00:00,771.2949829101562,771.3300170898438,771.1500244140625,771.1950073242188,150583
2026-08-11 17:55:00+00:00,771.2399291992188,771.3099975585938,771.1099853515625,771.3099975585938,168385
2026-08-11 18:00:00+00:00,771.0650024414062,771.239501953125,770.9000244140625,771.219970703125,288249
2026-08-11 18:05:00+00:00,770.6900024414062,771.1599731445312,770.6699829101562,771.0700073242188,192607
2026-08-11 18:10:00+00:00,770.8350219726562,770.9099731445312,770.6500244140625,770.7000122070312,284970
2026-08-11 18:15:00+00:00,770.75,770.9400024414062,770.6400146484375,770.8400268554688,189412
2026-08-11 18:20:00+00:00,770.489990234375,770.75,770.280029296875,770.739990234375,275517
2026-08-11 18:25:00+00:00,769.5,770.5599975585938,769.2000122070312,770.5,469509
2026-08-11 18:30:00+00:00,770.0,770.0499877929688,769.5150146484375,769.52001953125,831651
2026-08-11 18:35:00+00:00,770.010009765625,770.219970703125,769.9299926757812,770.0050048828125,308649
2026-08-11 18:40:00+00:00,769.7899780273438,770.0,769.6599731445312,770.0,386285
2026-08-11 18:45:00+00:00,770.3400268554688,770.3499755859375,769.780029296875,769.780029296875,239434
2026-08-11 18:50:00+00:00,770.3699951171875,770.4650268554688,770.1400146484375,770.3250122070312,287103
2026-08-11 18:55:00+00:00,770.0750122070312,770.3800048828125,770.0599975585938,770.35498046875,163546
2026-08-11 19:00:00+00:00,770.094970703125,770.2100219726562,769.8900146484375,770.0900268554688,208970
2026-08-11 19:05:00+00:00,770.0800170898438,770.1699829101562,769.8499755859375,770.094970703125,301661
2026-08-11 19:10:00+00:00,770.239990234375,770.3800048828125,770.02001953125,770.0900268554688,215690
2026-08-11 19:15:00+00:00,770.4400024414062,770.4901123046875,770.1699829101562,770.27001953125,319523
2026-08-11 19:20:00+00:00,770.6400146484375,770.6699829101562,770.3699951171875,770.4400024414062,276727
2026-08-11 19:25:00+00:00,770.6300048828125,770.6900024414062,770.4500122070312,770.6389770507812,434929
2026-08-11 19:30:00+00:00,770.7999877929688,770.8400268554688,770.5499877929688,770.6300048828125,500789
2026-08-11 19:35:00+00:00,771.0499877929688,771.094970703125,770.7000122070312,770.7899780273438,320188
2026-08-11 19:40:00+00:00,770.7150268554688,771.0700073242188,770.6799926757812,771.0700073242188,377306
2026-08-11 19:45:00+00:00,770.3800048828125,770.719970703125,770.2899780273438,770.719970703125,798025
2026-08-11 19:50:00+00:00,770.4000244140625,770.469970703125,769.7899780273438,770.3900146484375,610583
2026-08-11 19:55:00+00:00,770.47998046875,770.5499877929688,769.8400268554688,770.4099731445312,2662022
2026-08-12 13:30:00+00:00,773.0650024414062,774.9000244140625,772.719970703125,774.7100219726562,2473063
2026-08-12 13:35:00+00:00,772.8800048828125,773.5150146484375,772.8049926757812,773.0499877929688,545687
2026-08-12 13:40:00+00:00,772.8095092773438,773.1199951171875,772.4550170898438,772.8900146484375,541526
2026-08-12 13:45:00+00:00,773.5399780273438,773.6500244140625,772.3619995117188,772.8200073242188,681812
2026-08-12 13:50:00+00:00,772.614990234375,773.5399780273438,772.5650024414062,773.5399780273438,475100
2026-08-12 13:55:00+00:00,772.5900268554688,772.780029296875,772.0900268554688,772.614990234375,420109
2026-08-12 14:00:00+00:00,771.9400024414062,772.8200073242188,771.9299926757812,772.594970703125,502816
2026-08-12 14:05:00+00:00,772.4000244140625,772.510009765625,771.8800048828125,771.9400024414062,468985
2026-08-12 14:10:00+00:00,772.3800048828125,772.719970703125,772.1599731445312,772.4199829101562,329490
2026-08-12 14:15:00+00:00,772.5,773.02001953125,772.22998046875,772.3599853515625,397238
2026-08-12 14:20:00+00:00,772.9650268554688,773.030029296875,772.1799926757812,772.5,308692
2026-08-12 14:25:00+00:00,772.7949829101562,773.3049926757812,772.5900268554688,772.9400024414062,350688
2026-08-12 14:30:00+00:00,772.0700073242188,772.9807739257812,771.2899780273438,772.7899780273438,941071
2026-08-12 14:35:00+00:00,772.7899780273438,772.7899780273438,771.9199829101562,772.0599975585938,327442
2026-08-12 14:40:00+00:00,773.0599975585938,773.0900268554688,772.6799926757812,772.7799072265625,357018
2026-08-12 14:45:00+00:00,772.6799926757812,773.2000122070312,772.4199829101562,773.0599975585938,247235
2026-08-12 14:50:00+00:00,772.0599975585938,772.7100219726562,771.989990234375,772.6799926757812,270283
2026-08-12 14:55:00+00:00,772.219970703125,772.3400268554688,771.8200073242188,772.0399780273438,311084
2026-08-12 15:00:00+00:00,771.8699951171875,772.2899780273438,771.760009765625,772.2208862304688,217138
2026-08-12 15:05:00+00:00,772.0900268554688,772.2100219726562,771.7100219726562,771.864990234375,281952
2026-08-12 15:10:00+00:00,772.1699829101562,772.4099731445312,771.77001953125,772.1199951171875,234332
2026-08-12 15:15:00+00:00,772.0999755859375,772.3198852539062,771.9400024414062,772.1300048828125,143342
2026-08-12 15:20:00+00:00,771.9089965820312,772.1900024414062,771.719970703125,772.1220092773438,539655
2026-08-12 15:25:00+00:00,772.3699951171875,772.3699951171875,771.844970703125,771.8900146484375,116530
2026-08-12 15:30:00+00:00,771.9000244140625,772.469970703125,771.6649780273438,772.4000244140625,235675
2026-08-12 15:35:00+00:00,771.6849975585938,772.1900024414062,771.6649780273438,771.8900146484375,186942
2026-08-12 15:40:00+00:00,771.7999877929688,771.969970703125,771.5599975585938,771.6699829101562,555093
2026-08-12 15:45:00+00:00,772.1699829101562,772.1699829101562,771.7698974609375,771.7999877929688,131275
2026-08-12 15:50:00+00:00,771.97998046875,772.1900024414062,771.8400268554688,772.1900024414062,155260
2026-08-12 15:55:00+00:00,772.030029296875,772.0800170898438,771.8699951171875,771.9400024414062,160609
2026-08-12 16:00:00+00:00,772.219970703125,772.4299926757812,771.969970703125,772.0150146484375,187168
2026-08-12 16:05:00+00:00,772.3499755859375,772.3599853515625,771.97998046875,772.219970703125,174934
2026-08-12 16:10:00+00:00,772.5198974609375,772.6199951171875,772.2000122070312,772.3699951171875,407843
2026-08-12 16:15:00+00:00,772.434326171875,772.6199951171875,772.3599853515625,772.530029296875,245911
2026-08-12 16:20:00+00:00,772.5700073242188,772.6400146484375,772.3200073242188,772.435302734375,209073
2026-08-12 16:25:00+00:00,772.4500122070312,772.6699829101562,772.4099731445312,772.5800170898438,181309
2026-08-12 16:30:00+00:00,772.2000122070312,772.530029296875,772.1799926757812,772.4500122070312,269932
2026-08-12 16:35:00+00:00,772.760009765625,772.77001953125,772.1799926757812,772.2000122070312,190220
2026-08-12 16:40:00+00:00,772.739990234375,772.9099731445312,772.6599731445312,772.760009765625,204084
2026-08-12 16:45:00+00:00,772.8499755859375,772.8870239257812,772.5599975585938,772.760009765625,185898
2026-08-12 16:50:00+00:00,773.0650024414062,773.2000122070312,772.8400268554688,772.8499755859375,264200
2026-08-12 16:55:00+00:00,772.905029296875,773.0800170898438,772.8099975585938,773.0599975585938,222871
2026-08-12 17:00:00+00:00,773.0499877929688,773.0999755859375,772.8400268554688,772.9099731445312,206060
2026-08-12 17:05:00+00:00,773.010009765625,773.2899780273438,773.0,773.0549926757812,223812
2026-08-12 17:10:00+00:00,773.030029296875,773.0700073242188,772.77001953125,773.0198974609375,166664
2026-08-12 17:15:00+00:00,772.77001953125,773.030029296875,772.6099853515625,773.030029296875,300930
2026-08-12 17:20:00+00:00,772.7899780273438,772.905029296875,772.6599731445312,772.77001953125,153404
2026-08-12 17:25:00+00:00,772.780029296875,773.0250244140625,772.72998046875,772.780029296875,175028
2026-08-12 17:30:00+00:00,772.9000244140625,773.0,772.7000122070312,772.8300170898438,307687
2026-08-12 17:35:00+00:00,772.864990234375,772.9500122070312,772.760009765625,772.9000244140625,161672
2026-08-12 17:40:00+00:00,772.8800048828125,772.969970703125,772.719970703125,772.8599853515625,175230
2026-08-12 17:45:00+00:00,772.7999877929688,772.9600219726562,772.760009765625,772.8599853515625,145350
2026-08-12 17:50:00+00:00,772.75,772.97998046875,772.72998046875,772.7899780273438,203119
2026-08-12 17:55:00+00:00,772.8101196289062,772.89501953125,772.6414184570312,772.75,134379
2026-08-12 18:00:00+00:00,772.9099731445312,772.9600219726562,772.780029296875,772.8099975585938,195541
2026-08-12 18:05:00+00:00,772.8900146484375,772.97998046875,772.8099975585938,772.8900146484375,154186
2026-08-12 18:10:00+00:00,773.1099853515625,773.2100219726562,772.8887329101562,772.8887329101562,219976
2026-08-12 18:15:00+00:00,773.1300048828125,773.1300048828125,772.97998046875,773.1099853515625,323123
2026-08-12 18:20:00+00:00,773.2249755859375,773.22998046875,772.9600219726562,773.1199951171875,208122
2026-08-12 18:25:00+00:00,773.0900268554688,773.3099975585938,773.0700073242188,773.22998046875,189330
2026-08-12 18:30:00+00:00,773.344970703125,773.468994140625,773.0900268554688,773.0900268554688,198769
2026-08-12 18:35:00+00:00,773.4249877929688,773.489990234375,773.3300170898438,773.3300170898438,213080
2026-08-12 18:40:00+00:00,773.510009765625,773.6300048828125,773.4199829101562,773.4199829101562,222541
2026-08-12 18:45:00+00:00,773.5250244140625,773.5499877929688,773.3800048828125,773.5150146484375,248126
2026-08-12 18:50:00+00:00,773.4400024414062,773.6300048828125,773.4400024414062,773.530029296875,198072
2026-08-12 18:55:00+00:00,773.0599975585938,773.4500122070312,773.0399780273438,773.4500122070312,299380
2026-08-12 19:00:00+00:00,773.2503051757812,773.3250122070312,773.02001953125,773.0349731445312,222436
2026-08-12 19:05:00+00:00,773.22998046875,773.3800048828125,773.2100219726562,773.2559814453125,490028
2026-08-12 19:10:00+00:00,773.0700073242188,773.280029296875,773.0,773.22998046875,204145
2026-08-12 19:15:00+00:00,773.14501953125,773.219970703125,773.0549926757812,773.0700073242188,400179
2026-08-12 19:20:00+00:00,772.8699951171875,773.1599731445312,772.7999877929688,773.1400146484375,256993
2026-08-12 19:25:00+00:00,772.97998046875,772.989990234375,772.8099975585938,772.8699951171875,338557
2026-08-12 19:30:00+00:00,772.8800048828125,773.02001953125,772.7999877929688,772.97998046875,322257
2026-08-12 19:35:00+00:00,772.8900146484375,773.0,772.8400268554688,772.8699951171875,369107
2026-08-12 19:40:00+00:00,772.864990234375,772.9099731445312,772.5599975585938,772.8800048828125,301466
2026-08-12 19:45:00+00:00,772.8800048828125,773.0,772.7000122070312,772.8599853515625,452702
2026-08-12 19:50:00+00:00,772.239990234375,772.9000244140625,772.1699829101562,772.8800048828125,838012
2026-08-12 19:55:00+00:00,772.52001953125,772.719970703125,772.0,772.260009765625,1530781
2026-08-13 13:30:00+00:00,775.3807983398438,775.489990234375,774.1199951171875,774.8699951171875,1376104
2026-08-13 13:35:00+00:00,776.4400024414062,776.469970703125,775.3599853515625,775.3900146484375,709923
2026-08-13 13:40:00+00:00,775.7100219726562,776.4400024414062,775.5499877929688,776.4400024414062,478545
2026-08-13 13:45:00+00:00,776.8400268554688,776.9603271484375,775.6199951171875,775.719970703125,560229
2026-08-13 13:50:00+00:00,777.1500244140625,777.1699829101562,776.6699829101562,776.8400268554688,516829
2026-08-13 13:55:00+00:00,777.6099853515625,777.6900024414062,776.9299926757812,777.135009765625,518195
2026-08-13 14:00:00+00:00,778.2249755859375,778.25,777.52001953125,777.5999755859375,529056
2026-08-13 14:05:00+00:00,778.1400146484375,778.3900146484375,777.9299926757812,778.2249755859375,448939
2026-08-13 14:10:00+00:00,778.510009765625,778.5499877929688,778.1300048828125,778.1500244140625,353311
2026-08-13 14:15:00+00:00,778.530029296875,778.6599731445312,778.023193359375,778.5250244140625,348225
2026-08-13 14:20:00+00:00,779.0294799804688,779.2100219726562,778.3900146484375,778.5399780273438,453879
2026-08-13 14:25:00+00:00,779.1900024414062,779.25,778.9099731445312,779.030029296875,271731
2026-08-13 14:30:00+00:00,779.219970703125,779.3699951171875,778.97998046875,779.1900024414062,464862
2026-08-13 14:35:00+00:00,779.0650024414062,779.3699951171875,778.75,779.219970703125,416718
2026-08-13 14:40:00+00:00,778.5695190429688,779.1099853515625,778.5695190429688,779.0650024414062,391491
2026-08-13 14:45:00+00:00,777.6799926757812,778.5499877929688,777.530029296875,778.5399780273438,489939
2026-08-13 14:50:00+00:00,777.8400268554688,777.9349975585938,777.5700073242188,777.6900024414062,628299
2026-08-13 14:55:00+00:00,777.760009765625,777.969970703125,777.3800048828125,777.8400268554688,299201
2026-08-13 15:00:00+00:00,777.3800048828125,778.22998046875,777.3200073242188,777.77001953125,292865
2026-08-13 15:05:00+00:00,777.2349853515625,777.60498046875,776.9650268554688,777.3699951171875,364453
2026-08-13 15:10:00+00:00,777.1199951171875,777.3699951171875,777.02001953125,777.239990234375,379276
2026-08-13 15:15:00+00:00,777.1749877929688,777.25,776.7213134765625,777.125,269694
2026-08-13 15:20:00+00:00,776.9149780273438,777.260009765625,776.8250122070312,777.1500244140625,311149
2026-08-13 15:25:00+00:00,776.1699829101562,776.9299926757812,775.9199829101562,776.9199829101562,783714
2026-08-13 15:30:00+00:00,775.72998046875,776.3099975585938,775.7100219726562,776.1799926757812,364892
2026-08-13 15:35:00+00:00,775.9600219726562,776.1500244140625,775.5800170898438,775.739990234375,843741
2026-08-13 15:40:00+00:00,775.9650268554688,776.3699951171875,775.7000122070312,775.9500122070312,345484
2026-08-13 15:45:00+00:00,775.909912109375,776.1300048828125,775.7000122070312,775.9600219726562,237331
2026-08-13 15:50:00+00:00,775.6599731445312,775.9299926757812,775.52001953125,775.89501953125,194043
2026-08-13 15:55:00+00:00,775.489990234375,775.9299926757812,775.3800048828125,775.6599731445312,263486
2026-08-13 16:00:00+00:00,775.89990234375,776.0499877929688,775.4600219726562,775.47998046875,207585
2026-08-13 16:05:00+00:00,775.9650268554688,776.2899780273438,775.8900146484375,775.9099731445312,204513
2026-08-13 16:10:00+00:00,775.6900024414062,776.1199951171875,775.6749877929688,775.9650268554688,154007
2026-08-13 16:15:00+00:00,775.8499755859375,775.8800048828125,775.5999755859375,775.6923217773438,198565
2026-08-13 16:20:00+00:00,776.0599975585938,776.0900268554688,775.760009765625,775.8499755859375,207324
2026-08-13 16:25:00+00:00,776.52001953125,776.52001953125,776.0449829101562,776.0650024414062,543639
2026-08-13 16:30:00+00:00,776.6400146484375,776.7100219726562,776.405029296875,776.5250244140625,278306
2026-08-13 16:35:00+00:00,776.2899780273438,776.7000122070312,776.2199096679688,776.6400146484375,258151
2026-08-13 16:40:00+00:00,776.4400024414062,776.510009765625,776.2050170898438,776.2857055664062,159458
2026-08-13 16:45:00+00:00,776.6099853515625,776.6699829101562,776.4146728515625,776.4146728515625,180286
2026-08-13 16:50:00+00:00,776.6900024414062,776.7999877929688,776.594970703125,776.6099853515625,160969
2026-08-13 16:55:00+00:00,776.7000122070312,776.760009765625,776.5850219726562,776.6799926757812,126149
2026-08-13 17:00:00+00:00,776.989990234375,777.0499877929688,776.7100219726562,776.7100219726562,156097
2026-08-13 17:05:00+00:00,777.25,777.3800048828125,776.9299926757812,777.0,168554
2026-08-13 17:10:00+00:00,777.1900024414062,777.2999877929688,777.0900268554688,777.25,121079
2026-08-13 17:15:00+00:00,777.4000244140625,777.4000244140625,777.1699829101562,777.1699829101562,139804
2026-08-13 17:20:00+00:00,777.280029296875,777.47998046875,777.1699829101562,777.405029296875,122761
2026-08-13 17:25:00+00:00,777.1099853515625,777.3099975585938,777.0900268554688,777.2899780273438,134965
2026-08-13 17:30:00+00:00,776.9299926757812,777.239990234375,776.8300170898438,777.0999755859375,139366
2026-08-13 17:35:00+00:00,776.7899780273438,776.9349975585938,776.6649780273438,776.9299926757812,170159
2026-08-13 17:40:00+00:00,776.6199951171875,776.9000244140625,776.6199951171875,776.7864990234375,115385
2026-08-13 17:45:00+00:00,776.8300170898438,776.9199829101562,776.6199951171875,776.6199951171875,109112
2026-08-13 17:50:00+00:00,776.77001953125,776.9299926757812,776.739990234375,776.8400268554688,86696
2026-08-13 17:55:00+00:00,776.7449951171875,776.9400024414062,776.6699829101562,776.780029296875,148652
2026-08-13 18:00:00+00:00,776.9099731445312,776.9400024414062,776.739990234375,776.75,137327
2026-08-13 18:05:00+00:00,776.8300170898438,777.0399780273438,776.7999877929688,776.9299926757812,335929
2026-08-13 18:10:00+00:00,777.0800170898438,777.1400146484375,776.6599731445312,776.8200073242188,201122
2026-08-13 18:15:00+00:00,776.9500122070312,777.1699829101562,776.8900146484375,777.0750122070312,468879
2026-08-13 18:20:00+00:00,776.719970703125,776.989990234375,776.6799926757812,776.9299926757812,225428
2026-08-13 18:25:00+00:00,776.97998046875,777.0449829101562,776.7100219726562,776.72998046875,253739
2026-08-13 18:30:00+00:00,777.2368774414062,777.260009765625,776.989990234375,776.989990234375,236949
2026-08-13 18:35:00+00:00,777.4000244140625,777.4199829101562,777.2000122070312,777.25,252989
2026-08-13 18:40:00+00:00,777.6174926757812,777.739990234375,777.3599853515625,777.4099731445312,251157
2026-08-13 18:45:00+00:00,777.75,777.760009765625,777.6055297851562,777.614990234375,166152
2026-08-13 18:50:00+00:00,777.8699951171875,777.9299926757812,777.6300048828125,777.75,244315
2026-08-13 18:55:00+00:00,777.739990234375,777.9199829101562,777.6699829101562,777.8699951171875,176845
2026-08-13 19:00:00+00:00,777.8800048828125,777.9301147460938,777.719970703125,777.75,292028
2026-08-13 19:05:00+00:00,778.35498046875,778.4299926757812,777.7999877929688,777.8800048828125,309207
2026-08-13 19:10:00+00:00,777.9600219726562,778.3599853515625,777.8400268554688,778.3599853515625,399339
2026-08-13 19:15:00+00:00,778.1500244140625,778.1500244140625,777.7899780273438,777.9500122070312,470137
2026-08-13 19:20:00+00:00,778.2949829101562,778.3300170898438,778.1300048828125,778.14501953125,318573
2026-08-13 19:25:00+00:00,778.0300903320312,778.3699951171875,777.97998046875,778.2899780273438,312743
2026-08-13 19:30:00+00:00,778.0399780273438,778.239990234375,777.9500122070312,778.030029296875,648879
2026-08-13 19:35:00+00:00,777.9550170898438,778.0599975585938,777.72998046875,778.0399780273438,1055543
2026-08-13 19:40:00+00:00,777.719970703125,778.030029296875,777.6900024414062,777.9600219726562,394536
2026-08-13 19:45:00+00:00,777.77001953125,777.8200073242188,777.6400146484375,777.7100219726562,715586
2026-08-13 19:50:00+00:00,777.5150146484375,777.75,777.3499755859375,777.75,1408773
2026-08-13 19:55:00+00:00,777.780029296875,777.9349975585938,777.364990234375,777.530029296875,2781625
2026-08-14 13:30:00+00:00,778.1900024414062,778.5800170898438,777.9199829101562,778.5399780273438,1160934
2026-08-14 13:35:00+00:00,778.02001953125,778.280029296875,777.6599731445312,778.1649780273438,478796
2026-08-14 13:40:00+00:00,778.3800048828125,778.4849853515625,777.8200073242188,778.0399780273438,509871
2026-08-14 13:45:00+00:00,777.9500122070312,778.5999755859375,777.88037109375,778.3900146484375,335338
2026-08-14 13:50:00+00:00,778.469970703125,778.5999755859375,777.8099975585938,777.9600219726562,384936
2026-08-14 13:55:00+00:00,778.4299926757812,778.510009765625,778.0999755859375,778.469970703125,228278
2026-08-14 14:00:00+00:00,778.5499877929688,778.5900268554688,778.1599731445312,778.4199829101562,232658
2026-08-14 14:05:00+00:00,778.52001953125,778.7999877929688,778.469970703125,778.5499877929688,274925
2026-08-14 14:10:00+00:00,778.280029296875,778.6799926757812,778.280029296875,778.530029296875,205626
2026-08-14 14:15:00+00:00,777.8101196289062,778.3400268554688,777.7650146484375,778.2750244140625,353296
2026-08-14 14:20:00+00:00,777.530029296875,777.9099731445312,777.3800048828125,777.8099975585938,414251
2026-08-14 14:25:00+00:00,777.4099731445312,777.619873046875,777.1300048828125,777.527099609375,381514
2026-08-14 14:30:00+00:00,776.8699951171875,777.47998046875,776.8200073242188,777.4000244140625,435292
2026-08-14 14:35:00+00:00,777.4000244140625,777.4400024414062,776.8400268554688,776.8599853515625,277615
2026-08-14 14:40:00+00:00,777.1300048828125,777.375,777.010009765625,777.375,225269
2026-08-14 14:45:00+00:00,777.260009765625,777.4299926757812,777.030029296875,777.1199951171875,298480
2026-08-14 14:50:00+00:00,777.0150146484375,777.4392700195312,776.9880981445312,777.2449951171875,253978
2026-08-14 14:55:00+00:00,776.739990234375,777.1500244140625,776.739990234375,777.02001953125,199305
2026-08-14 15:00:00+00:00,776.9400024414062,777.1099853515625,776.7100219726562,776.7449951171875,186300
2026-08-14 15:05:00+00:00,776.6599731445312,777.0599975585938,776.5700073242188,776.9299926757812,223936
2026-08-14 15:10:00+00:00,776.4550170898438,776.780029296875,776.4199829101562,776.6699829101562,238187
2026-08-14 15:15:00+00:00,776.5900268554688,776.6900024414062,776.4299926757812,776.4500122070312,265969
2026-08-14 15:20:00+00:00,776.0017700195312,776.6500244140625,775.989990234375,776.5900268554688,463188
2026-08-14 15:25:00+00:00,776.2999877929688,776.2999877929688,775.8599853515625,776.0,485454
2026-08-14 15:30:00+00:00,776.1699829101562,776.4149780273438,776.010009765625,776.2899780273438,430442
2026-08-14 15:35:00+00:00,776.0618286132812,776.4600219726562,776.0599975585938,776.1799926757812,381075
2026-08-14 15:40:00+00:00,776.0499877929688,776.1300048828125,775.8499755859375,776.0900268554688,349847
2026-08-14 15:45:00+00:00,775.8900146484375,776.3699951171875,775.8599853515625,776.0549926757812,346623
2026-08-14 15:50:00+00:00,776.114990234375,776.2100219726562,775.8099975585938,775.8800048828125,358905
2026-08-14 15:55:00+00:00,776.219970703125,776.3499755859375,776.02001953125,776.1199951171875,218846
2026-08-14 16:00:00+00:00,776.4398803710938,776.5900268554688,776.22998046875,776.22998046875,283320
2026-08-14 16:05:00+00:00,776.239990234375,776.510009765625,776.0999755859375,776.4099731445312,189294
2026-08-14 16:10:00+00:00,776.5499877929688,776.5599975585938,776.1699829101562,776.236328125,359889
2026-08-14 16:15:00+00:00,776.5900268554688,776.75,776.530029296875,776.5499877929688,463051
2026-08-14 16:20:00+00:00,776.6699829101562,776.7000122070312,776.4400024414062,776.5900268554688,208944
2026-08-14 16:25:00+00:00,776.7100219726562,776.8200073242188,776.6199951171875,776.6749877929688,206619
2026-08-14 16:30:00+00:00,776.375,776.7349853515625,776.2999877929688,776.7000122070312,266514
2026-08-14 16:35:00+00:00,776.469970703125,776.6300048828125,776.3400268554688,776.3800048828125,202947
2026-08-14 16:40:00+00:00,776.135009765625,776.489990234375,776.135009765625,776.489990234375,183890
2026-08-14 16:45:00+00:00,776.1375122070312,776.2100219726562,775.9805297851562,776.1300048828125,180390
2026-08-14 16:50:00+00:00,775.9237060546875,776.1199951171875,775.8250122070312,776.1199951171875,180647
2026-08-14 16:55:00+00:00,775.7000122070312,776.010009765625,775.6599731445312,775.9299926757812,233654
2026-08-14 17:00:00+00:00,775.7899780273438,775.8800048828125,775.6300048828125,775.7000122070312,183720
2026-08-14 17:05:00+00:00,775.9000244140625,775.969970703125,775.780029296875,775.7899780273438,169827
2026-08-14 17:10:00+00:00,776.0599975585938,776.114990234375,775.8300170898438,775.9099731445312,224927
2026-08-14 17:15:00+00:00,775.9650268554688,776.1099853515625,775.7899780273438,776.0499877929688,138172
2026-08-14 17:20:00+00:00,775.8300170898438,776.1300048828125,775.780029296875,775.9600219726562,206717
2026-08-14 17:25:00+00:00,775.77001953125,775.8300170898438,775.653076171875,775.8200073242188,134375
2026-08-14 17:30:00+00:00,775.8300170898438,775.97998046875,775.739990234375,775.780029296875,172892
2026-08-14 17:35:00+00:00,775.5750122070312,775.8200073242188,775.4301147460938,775.8200073242188,148579
2026-08-14 17:40:00+00:00,775.5999755859375,775.6599731445312,775.469970703125,775.5499877929688,238174
2026-08-14 17:45:00+00:00,775.6099853515625,775.719970703125,775.5399780273438,775.5999755859375,188872
2026-08-14 17:50:00+00:00,775.7550048828125,775.8099975585938,775.4650268554688,775.5999755859375,154521
2026-08-14 17:55:00+00:00,775.8300170898438,775.9299926757812,775.6400146484375,775.7550048828125,124476
2026-08-14 18:00:00+00:00,776.02001953125,776.1099853515625,775.72998046875,775.8350219726562,490127
2026-08-14 18:05:00+00:00,776.155029296875,776.1599731445312,775.9500122070312,776.02001953125,195210
2026-08-14 18:10:00+00:00,776.1599731445312,776.2999877929688,776.0700073242188,776.1500244140625,236277
2026-08-14 18:15:00+00:00,776.2050170898438,776.3300170898438,776.1199951171875,776.1500244140625,504091
2026-08-14 18:20:00+00:00,776.1749877929688,776.3200073242188,776.0800170898438,776.2100219726562,200261
2026-08-14 18:25:00+00:00,775.9249877929688,776.27001953125,775.8900146484375,776.1799926757812,131096
2026-08-14 18:30:00+00:00,775.9000244140625,776.1099853515625,775.8200073242188,775.9299926757812,182489
2026-08-14 18:35:00+00:00,776.0050048828125,776.0399780273438,775.8200073242188,775.9000244140625,311403
2026-08-14 18:40:00+00:00,776.2100219726562,776.27001953125,775.9500122070312,776.0050048828125,220569
2026-08-14 18:45:00+00:00,776.2550048828125,776.260009765625,776.0399780273438,776.2100219726562,165278
2026-08-14 18:50:00+00:00,776.3599853515625,776.4918823242188,776.260009765625,776.260009765625,279514
2026-08-14 18:55:00+00:00,776.1900024414062,776.3599853515625,776.1500244140625,776.3599853515625,123002
2026-08-14 19:00:00+00:00,775.989990234375,776.219970703125,775.8900146484375,776.1900024414062,212320
2026-08-14 19:05:00+00:00,776.1599731445312,776.1900024414062,775.9500122070312,775.9849853515625,109170
2026-08-14 19:10:00+00:00,776.0499877929688,776.1849975585938,776.0399780273438,776.1699829101562,406662
2026-08-14 19:15:00+00:00,775.9949951171875,776.1300048828125,775.8300170898438,776.0499877929688,478012
2026-08-14 19:20:00+00:00,776.1099853515625,776.1199951171875,775.8699951171875,775.9949951171875,375563
2026-08-14 19:25:00+00:00,776.155029296875,776.3300170898438,776.1099853515625,776.1099853515625,218832
2026-08-14 19:30:00+00:00,776.2349853515625,776.3088989257812,776.0999755859375,776.155029296875,314674
2026-08-14 19:35:00+00:00,776.1699829101562,776.3200073242188,776.030029296875,776.239990234375,643297
2026-08-14 19:40:00+00:00,776.1649780273438,776.3049926757812,776.114990234375,776.1699829101562,290616
2026-08-14 19:45:00+00:00,776.2000122070312,776.219970703125,775.969970703125,776.1599731445312,398764
2026-08-14 19:50:00+00:00,776.2000122070312,776.4099731445312,776.0999755859375,776.1900024414062,620968
2026-08-14 19:55:00+00:00,776.2999877929688,776.4199829101562,775.9199829101562,776.2100219726562,1512056
2026-08-17 13:30:00+00:00,775.510009765625,776.7750244140625,775.4620971679688,776.1799926757812,1534766
2026-08-17 13:35:00+00:00,775.4398803710938,775.8900146484375,775.3200073242188,775.5098876953125,495067
2026-08-17 13:40:00+00:00,775.5650024414062,775.8400268554688,775.3200073242188,775.4500122070312,234312
2026-08-17 13:45:00+00:00,775.969970703125,776.0100708007812,775.1900024414062,775.5599975585938,491370
2026-08-17 13:50:00+00:00,775.8099975585938,776.0,775.5599975585938,775.9749755859375,256324
2026-08-17 13:55:00+00:00,775.29052734375,775.8300170898438,775.1799926757812,775.8300170898438,272021
2026-08-17 14:00:00+00:00,775.4099731445312,775.5999755859375,775.02001953125,775.2650146484375,352408
2026-08-17 14:05:00+00:00,775.4349975585938,775.5,775.0900268554688,775.4099731445312,324799
2026-08-17 14:10:00+00:00,775.6599731445312,775.77001953125,775.3599853515625,775.4400024414062,267380
2026-08-17 14:15:00+00:00,775.3300170898438,775.6599731445312,775.2349853515625,775.6599731445312,250538
2026-08-17 14:20:00+00:00,775.25,775.3599853515625,775.02001953125,775.3499755859375,208298
2026-08-17 14:25:00+00:00,775.4600219726562,775.469970703125,775.0,775.260009765625,303355
2026-08-17 14:30:00+00:00,775.5601196289062,775.5899047851562,775.3400268554688,775.4500122070312,262806
2026-08-17 14:35:00+00:00,775.0599975585938,775.5700073242188,774.9299926757812,775.5700073242188,247573
2026-08-17 14:40:00+00:00,775.1212158203125,775.3400268554688,775.030029296875,775.0700073242188,249271
2026-08-17 14:45:00+00:00,775.2849731445312,775.3699951171875,775.1300048828125,775.1400146484375,254667
2026-08-17 14:50:00+00:00,774.9600219726562,775.47998046875,774.9000244140625,775.2899780273438,461284
2026-08-17 14:55:00+00:00,775.27001953125,775.2899780273438,774.8900146484375,774.9600219726562,327036
2026-08-17 15:00:00+00:00,775.5,775.5999755859375,775.1500244140625,775.27001953125,260821
2026-08-17 15:05:00+00:00,775.3800048828125,775.5999755859375,775.2999877929688,775.5,202964
2026-08-17 15:10:00+00:00,775.3300170898438,775.5700073242188,775.3200073242188,775.3699951171875,171675
2026-08-17 15:15:00+00:00,775.7000122070312,775.760009765625,775.2999877929688,775.3300170898438,200356
2026-08-17 15:20:00+00:00,775.6699829101562,775.8599853515625,775.6199951171875,775.7000122070312,233700
2026-08-17 15:25:00+00:00,775.7150268554688,775.7899780273438,775.530029296875,775.7000122070312,171067
2026-08-17 15:30:00+00:00,775.2210083007812,775.8200073242188,775.219970703125,775.7150268554688,208647
2026-08-17 15:35:00+00:00,775.02001953125,775.3250122070312,774.969970703125,775.239990234375,265539
2026-08-17 15:40:00+00:00,775.0999755859375,775.1099853515625,774.7100219726562,775.010009765625,412020
2026-08-17 15:45:00+00:00,775.0999755859375,775.239990234375,775.0150146484375,775.0999755859375,210075
2026-08-17 15:50:00+00:00,775.3300170898438,775.4099731445312,775.02001953125,775.0700073242188,250662
2026-08-17 15:55:00+00:00,775.2999877929688,775.4400024414062,775.280029296875,775.3300170898438,161832
2026-08-17 16:00:00+00:00,775.219970703125,775.375,775.135009765625,775.2949829101562,152249
2026-08-17 16:05:00+00:00,775.1300048828125,775.3200073242188,775.0599975585938,775.219970703125,200896
2026-08-17 16:10:00+00:00,775.3800048828125,775.4600219726562,775.1300048828125,775.1500244140625,218467
2026-08-17 16:15:00+00:00,775.5,775.5900268554688,775.3599853515625,775.3800048828125,142448
2026-08-17 16:20:00+00:00,775.4199829101562,775.6099853515625,775.3699951171875,775.510009765625,138618
2026-08-17 16:25:00+00:00,775.2899780273438,775.4299926757812,775.2050170898438,775.4000244140625,119019
2026-08-17 16:30:00+00:00,775.1099853515625,775.4099731445312,775.0900268554688,775.2999877929688,153351
2026-08-17 16:35:00+00:00,775.2899780273438,775.2899780273438,775.0900268554688,775.1099853515625,129886
2026-08-17 16:40:00+00:00,774.9400024414062,775.2899780273438,774.9299926757812,775.2899780273438,162965
2026-08-17 16:45:00+00:00,775.0050048828125,775.0700073242188,774.8499755859375,774.9450073242188,213328
2026-08-17 16:50:00+00:00,774.8699951171875,775.0499877929688,774.6500244140625,775.010009765625,180503
2026-08-17 16:55:00+00:00,774.6799926757812,774.9099731445312,774.6099853515625,774.8699951171875,205635
2026-08-17 17:00:00+00:00,774.6799926757812,774.780029296875,774.5599975585938,774.6699829101562,203950
2026-08-17 17:05:00+00:00,774.5599975585938,774.6799926757812,774.489990234375,774.6799926757812,242930
2026-08-17 17:10:00+00:00,774.3099975585938,774.6500244140625,774.2999877929688,774.5599975585938,294702
2026-08-17 17:15:00+00:00,774.239990234375,774.4450073242188,774.0700073242188,774.2899780273438,349125
2026-08-17 17:20:00+00:00,773.75,774.3200073242188,773.6599731445312,774.239990234375,438645
2026-08-17 17:25:00+00:00,773.5800170898438,773.7899780273438,773.469970703125,773.75,357085
2026-08-17 17:30:00+00:00,773.4400024414062,773.8599853515625,773.4199829101562,773.5700073242188,401629
2026-08-17 17:35:00+00:00,773.14501953125,773.530029296875,773.14501953125,773.4299926757812,274573
2026-08-17 17:40:00+00:00,773.780029296875,773.8400268554688,773.0999755859375,773.1300048828125,426708
2026-08-17 17:45:00+00:00,773.5050048828125,773.844970703125,773.4749755859375,773.760986328125,209291
2026-08-17 17:50:00+00:00,773.5549926757812,773.6699829101562,773.4000244140625,773.510009765625,243333
2026-08-17 17:55:00+00:00,773.4099731445312,773.5700073242188,773.3200073242188,773.5598754882812,179368
2026-08-17 18:00:00+00:00,773.4500122070312,773.5900268554688,773.280029296875,773.4199829101562,416637
2026-08-17 18:05:00+00:00,773.3900146484375,773.6300048828125,773.2999877929688,773.4500122070312,309578
2026-08-17 18:10:00+00:00,773.6900024414062,773.75,773.3300170898438,773.3599853515625,260321
2026-08-17 18:15:00+00:00,773.5789794921875,773.7999877929688,773.510009765625,773.6950073242188,237162
2026-08-17 18:20:00+00:00,773.7100219726562,773.739990234375,773.3900146484375,773.5599975585938,297506
2026-08-17 18:25:00+00:00,773.5900268554688,773.7999877929688,773.4199829101562,773.7000122070312,230399
2026-08-17 18:30:00+00:00,773.260009765625,773.6300048828125,773.22998046875,773.5800170898438,387643
2026-08-17 18:35:00+00:00,773.4799194335938,773.489990234375,773.260009765625,773.260009765625,193441
2026-08-17 18:40:00+00:00,773.5999755859375,773.7000122070312,773.4000244140625,773.4500122070312,239373
2026-08-17 18:45:00+00:00,773.719970703125,773.780029296875,773.5549926757812,773.60498046875,286347
2026-08-17 18:50:00+00:00,773.5999755859375,773.8200073242188,773.5449829101562,773.7150268554688,222482
2026-08-17 18:55:00+00:00,773.5349731445312,773.635009765625,773.5,773.594970703125,170976
2026-08-17 19:00:00+00:00,773.3200073242188,773.5900268554688,773.2999877929688,773.5349731445312,298525
2026-08-17 19:05:00+00:00,773.2949829101562,773.4299926757812,773.260009765625,773.3300170898438,303874
2026-08-17 19:10:00+00:00,773.2100219726562,773.4149780273438,773.155029296875,773.2949829101562,579610
2026-08-17 19:15:00+00:00,773.3800048828125,773.510009765625,773.1599731445312,773.2100219726562,285425
2026-08-17 19:20:00+00:00,773.280029296875,773.469970703125,773.25,773.3900146484375,258956
2026-08-17 19:25:00+00:00,773.1199951171875,773.4099731445312,773.1199951171875,773.27001953125,295472
2026-08-17 19:30:00+00:00,772.9749755859375,773.1599731445312,772.72998046875,773.1300048828125,624398
2026-08-17 19:35:00+00:00,773.0150146484375,773.1199951171875,772.8626708984375,772.97998046875,604289
2026-08-17 19:40:00+00:00,772.97998046875,773.0700073242188,772.8099975585938,773.010009765625,583838
2026-08-17 19:45:00+00:00,773.3150024414062,773.3400268554688,772.969970703125,772.97998046875,842549
2026-08-17 19:50:00+00:00,772.7550048828125,773.3599853515625,772.6199951171875,773.3150024414062,1025199
2026-08-17 19:55:00+00:00,772.6799926757812,772.9500122070312,772.510009765625,772.75,4905007
2026-08-18 13:30:00+00:00,768.5499877929688,769.4600219726562,767.9099731445312,768.7000122070312,2622640
2026-08-18 13:35:00+00:00,769.1300048828125,769.19970703125,768.3099975585938,768.5499877929688,756092
2026-08-18 13:40:00+00:00,768.75,769.5,768.719970703125,769.10498046875,636495
2026-08-18 13:45:00+00:00,768.4500122070312,769.0800170898438,768.3599853515625,768.72998046875,689642
2026-08-18 13:50:00+00:00,768.5599975585938,768.8099975585938,768.2150268554688,768.4600219726562,472300
2026-08-18 13:55:00+00:00,768.469970703125,768.8499755859375,768.1199951171875,768.5800170898438,373690
2026-08-18 14:00:00+00:00,768.969970703125,769.27001953125,768.1799926757812,768.489990234375,485647
2026-08-18 14:05:00+00:00,768.5399780273438,769.2100219726562,768.4450073242188,768.9600219726562,541217
2026-08-18 14:10:00+00:00,768.0900268554688,768.5700073242188,767.6300048828125,768.5399780273438,806006
2026-08-18 14:15:00+00:00,768.5499877929688,768.8200073242188,767.989990234375,768.1099853515625,508100
2026-08-18 14:20:00+00:00,768.8099975585938,768.97998046875,768.0900268554688,768.5499877929688,456557
2026-08-18 14:25:00+00:00,768.6599731445312,769.0800170898438,768.5358276367188,768.8200073242188,444417
2026-08-18 14:30:00+00:00,768.77001953125,769.25,768.5700073242188,768.6400146484375,387090
2026-08-18 14:35:00+00:00,769.0900268554688,769.1699829101562,768.72998046875,768.77001953125,546474
2026-08-18 14:40:00+00:00,768.4000244140625,769.2100219726562,768.3800048828125,769.0900268554688,404735
2026-08-18 14:45:00+00:00,768.469970703125,768.5850219726562,768.1799926757812,768.3900146484375,375061
2026-08-18 14:50:00+00:00,767.9400024414062,768.8049926757812,767.9099731445312,768.4749755859375,497885
2026-08-18 14:55:00+00:00,767.9199829101562,768.1300048828125,767.7100219726562,767.9400024414062,469333
2026-08-18 15:00:00+00:00,768.219970703125,768.2949829101562,767.4199829101562,767.9299926757812,462120
2026-08-18 15:05:00+00:00,767.77001953125,768.3800048828125,767.719970703125,768.219970703125,342508
2026-08-18 15:10:00+00:00,767.719970703125,767.9249877929688,767.6400146484375,767.780029296875,301549
2026-08-18 15:15:00+00:00,767.47998046875,767.8900146484375,767.469970703125,767.72998046875,348711
2026-08-18 15:20:00+00:00,767.5499877929688,767.718017578125,767.3300170898438,767.4500122070312,326194
2026-08-18 15:25:00+00:00,767.8400268554688,768.0313720703125,767.4199829101562,767.5399780273438,263936
2026-08-18 15:30:00+00:00,767.8900146484375,768.1900024414062,767.7349853515625,767.85498046875,386741
2026-08-18 15:35:00+00:00,767.8250122070312,767.9000244140625,767.5999755859375,767.8900146484375,260768
2026-08-18 15:40:00+00:00,768.0599975585938,768.2650146484375,767.6900024414062,767.8350219726562,398746
2026-08-18 15:45:00+00:00,768.39501953125,768.5700073242188,768.0700073242188,768.0700073242188,416330
2026-08-18 15:50:00+00:00,768.489990234375,768.6300048828125,768.0999755859375,768.3699951171875,194237
2026-08-18 15:55:00+00:00,768.3499755859375,768.5,768.0700073242188,768.47998046875,229765
2026-08-18 16:00:00+00:00,768.5700073242188,768.6500244140625,768.2750244140625,768.3499755859375,198610
2026-08-18 16:05:00+00:00,768.3699951171875,768.7100219726562,768.219970703125,768.5549926757812,185821
2026-08-18 16:10:00+00:00,768.5499877929688,768.72998046875,768.3699951171875,768.3699951171875,122339
2026-08-18 16:15:00+00:00,768.3099975585938,768.6400146484375,768.2210083007812,768.5700073242188,166128
2026-08-18 16:20:00+00:00,768.6799926757812,768.8699951171875,768.3099975585938,768.3099975585938,155592
2026-08-18 16:25:00+00:00,768.2100219726562,768.7299194335938,768.1400146484375,768.6699829101562,240325
2026-08-18 16:30:00+00:00,768.3099975585938,768.4299926757812,768.0700073242188,768.1900024414062,155634
2026-08-18 16:35:00+00:00,768.4550170898438,768.5800170898438,768.1649780273438,768.3200073242188,202447
2026-08-18 16:40:00+00:00,768.3699951171875,768.5999755859375,768.1900024414062,768.4600219726562,113118
2026-08-18 16:45:00+00:00,768.77001953125,768.8400268554688,768.2000122070312,768.3800048828125,168244
2026-08-18 16:50:00+00:00,768.8298950195312,768.8699951171875,768.64501953125,768.77001953125,149309
2026-08-18 16:55:00+00:00,768.6300048828125,768.8300170898438,768.6199951171875,768.8200073242188,412159
2026-08-18 17:00:00+00:00,768.5499877929688,768.6900024414062,768.3699951171875,768.6199951171875,257158
2026-08-18 17:05:00+00:00,768.760009765625,768.760009765625,768.4500122070312,768.5599975585938,208302
2026-08-18 17:10:00+00:00,768.6199951171875,768.8200073242188,768.489990234375,768.760009765625,126300
2026-08-18 17:15:00+00:00,768.2999877929688,768.6400146484375,768.27001953125,768.6199951171875,123137
2026-08-18 17:20:00+00:00,768.260009765625,768.5449829101562,768.239990234375,768.2999877929688,149089
2026-08-18 17:25:00+00:00,768.2999877929688,768.3300170898438,768.0800170898438,768.260009765625,148242
2026-08-18 17:30:00+00:00,768.1900024414062,768.3900146484375,768.0938720703125,768.2899780273438,302759
2026-08-18 17:35:00+00:00,768.219970703125,768.3925170898438,768.010009765625,768.198974609375,138634
2026-08-18 17:40:00+00:00,768.0900268554688,768.2899780273438,768.0599975585938,768.219970703125,121558
2026-08-18 17:45:00+00:00,768.010009765625,768.2100219726562,767.989990234375,768.0700073242188,104516
2026-08-18 17:50:00+00:00,768.0700073242188,768.1799926757812,767.9500122070312,768.02001953125,100285
2026-08-18 17:55:00+00:00,767.6199951171875,768.0700073242188,767.6099853515625,768.0650024414062,203563
2026-08-18 18:00:00+00:00,767.635009765625,767.72998046875,767.530029296875,767.6199951171875,373405
2026-08-18 18:05:00+00:00,767.489990234375,767.760009765625,767.4500122070312,767.6400146484375,1146482
2026-08-18 18:10:00+00:00,768.0599975585938,768.0999755859375,767.4600219726562,767.5,332283
2026-08-18 18:15:00+00:00,768.4099731445312,768.4400024414062,768.0399169921875,768.0700073242188,402236
2026-08-18 18:20:00+00:00,768.27001953125,768.5650024414062,768.2100219726562,768.405029296875,250132
2026-08-18 18:25:00+00:00,768.3599853515625,768.405029296875,768.10498046875,768.2650146484375,230834
2026-08-18 18:30:00+00:00,768.2949829101562,768.4099731445312,768.1400146484375,768.35498046875,225951
2026-08-18 18:35:00+00:00,768.3200073242188,768.4299926757812,768.2899780273438,768.3200073242188,177403
2026-08-18 18:40:00+00:00,768.0900268554688,768.3599853515625,768.0800170898438,768.3200073242188,221217
2026-08-18 18:45:00+00:00,768.0599975585938,768.2000122070312,768.02001953125,768.0999755859375,281604
2026-08-18 18:50:00+00:00,767.8099975585938,768.0900268554688,767.7999877929688,768.0499877929688,291691
2026-08-18 18:55:00+00:00,767.7000122070312,767.9149780273438,767.6799926757812,767.7999877929688,264171
2026-08-18 19:00:00+00:00,767.7449951171875,767.8699951171875,767.6199951171875,767.6900024414062,384418
2026-08-18 19:05:00+00:00,767.8300170898438,767.9500122070312,767.6500244140625,767.75,218237
2026-08-18 19:10:00+00:00,767.6199951171875,767.9199829101562,767.5599975585938,767.8300170898438,262138
2026-08-18 19:15:00+00:00,767.8499755859375,767.8599853515625,767.6099853515625,767.6199951171875,227850
2026-08-18 19:20:00+00:00,768.1500244140625,768.1500244140625,767.760009765625,767.85498046875,373300
2026-08-18 19:25:00+00:00,768.02001953125,768.1799926757812,768.0050048828125,768.1300048828125,269239
2026-08-18 19:30:00+00:00,767.8900146484375,768.219970703125,767.8499755859375,768.0150146484375,418605
2026-08-18 19:35:00+00:00,767.9500122070312,768.0599975585938,767.8499755859375,767.8956298828125,351624
2026-08-18 19:40:00+00:00,767.89501953125,767.969970703125,767.719970703125,767.9500122070312,562829
2026-08-18 19:45:00+00:00,767.8900146484375,767.9600219726562,767.6500244140625,767.8900146484375,986099
2026-08-18 19:50:00+00:00,767.4149780273438,767.9400024414062,767.27001953125,767.8900146484375,1662877
2026-08-18 19:55:00+00:00,767.3900146484375,767.6699829101562,766.9249877929688,767.4199829101562,5893584
2026-08-19 13:30:00+00:00,770.02099609375,770.6300048828125,769.8599853515625,770.3599853515625,2772579
2026-08-19 13:35:00+00:00,769.510009765625,770.22998046875,769.4099731445312,770.030029296875,576086
2026-08-19 13:40:00+00:00,770.0999755859375,770.2999877929688,769.2501220703125,769.530029296875,491390
2026-08-19 13:45:00+00:00,768.543701171875,770.5999755859375,768.3599853515625,770.1099853515625,654143
2026-08-19 13:50:00+00:00,769.6749877929688,769.72998046875,768.0999755859375,768.5598754882812,710671
2026-08-19 13:55:00+00:00,769.989990234375,770.375,769.3800048828125,769.6699829101562,365577
2026-08-19 14:00:00+00:00,769.64501953125,770.260009765625,769.5599975585938,770.02001953125,357200
2026-08-19 14:05:00+00:00,769.7866821289062,770.02001953125,769.47998046875,769.6300048828125,301719
2026-08-19 14:10:00+00:00,768.739990234375,769.9697265625,768.72998046875,769.7999877929688,531369
2026-08-19 14:15:00+00:00,769.7650146484375,770.1300048828125,768.72998046875,768.739990234375,409215
2026-08-19 14:20:00+00:00,769.5800170898438,770.1699829101562,769.3800048828125,769.77001953125,230384
2026-08-19 14:25:00+00:00,770.030029296875,770.0650024414062,769.2100219726562,769.5700073242188,317779
2026-08-19 14:30:00+00:00,770.1898803710938,770.4580078125,769.8101806640625,769.97998046875,318762
2026-08-19 14:35:00+00:00,771.1400146484375,771.2999877929688,770.1500244140625,770.1799926757812,505359
2026-08-19 14:40:00+00:00,771.0595092773438,771.3300170898438,770.8300170898438,771.155029296875,401978
2026-08-19 14:45:00+00:00,770.760009765625,771.2899780273438,770.6699829101562,771.0700073242188,343048
2026-08-19 14:50:00+00:00,771.3499755859375,771.6099853515625,770.72998046875,770.7487182617188,295702
2026-08-19 14:55:00+00:00,772.2000122070312,772.2399291992188,771.3099975585938,771.364990234375,416878
2026-08-19 15:00:00+00:00,772.1749877929688,772.469970703125,772.0147094726562,772.1950073242188,328587
2026-08-19 15:05:00+00:00,771.52001953125,772.260009765625,771.489990234375,772.1799926757812,242869
2026-08-19 15:10:00+00:00,771.8200073242188,771.9500122070312,771.489990234375,771.5,233858
2026-08-19 15:15:00+00:00,771.5050048828125,771.8499755859375,771.4000244140625,771.8150024414062,189957
2026-08-19 15:20:00+00:00,771.182373046875,771.594970703125,771.1799926757812,771.5,209185
2026-08-19 15:25:00+00:00,771.1087036132812,771.25,770.8800048828125,771.1900024414062,429972
2026-08-19 15:30:00+00:00,770.7899780273438,771.1799926757812,770.75,771.1300048828125,205650
2026-08-19 15:35:00+00:00,770.5349731445312,770.919921875,770.3900146484375,770.8099975585938,259272
2026-08-19 15:40:00+00:00,770.4998779296875,770.5300903320312,770.0700073242188,770.5300903320312,753451
2026-08-19 15:45:00+00:00,770.3875122070312,770.8800048828125,770.3800048828125,770.5,223318
2026-08-19 15:50:00+00:00,770.1400146484375,770.5399780273438,770.0800170898438,770.4000244140625,309116
2026-08-19 15:55:00+00:00,770.6209106445312,770.6400146484375,770.0700073242188,770.1099853515625,172805
2026-08-19 16:00:00+00:00,771.2999877929688,771.3200073242188,770.4000244140625,770.6400146484375,215066
2026-08-19 16:05:00+00:00,771.52001953125,771.60498046875,771.2100219726562,771.3101196289062,203134
2026-08-19 16:10:00+00:00,771.5499877929688,771.6599731445312,771.4650268554688,771.52001953125,160110
2026-08-19 16:15:00+00:00,771.8300170898438,771.989990234375,771.4400024414062,771.5499877929688,252767
2026-08-19 16:20:00+00:00,771.4199829101562,771.8499755859375,771.3599853515625,771.8300170898438,166996
2026-08-19 16:25:00+00:00,770.6699829101562,771.4299926757812,770.6699829101562,771.4199829101562,195941
2026-08-19 16:30:00+00:00,770.739990234375,770.7550048828125,770.4199829101562,770.6799926757812,592691
2026-08-19 16:35:00+00:00,770.52001953125,770.7349853515625,770.2781982421875,770.72998046875,376918
2026-08-19 16:40:00+00:00,770.39501953125,770.5399780273438,770.25,770.52001953125,188831
2026-08-19 16:45:00+00:00,770.1799926757812,770.4500122070312,770.1199951171875,770.3900146484375,320128
2026-08-19 16:50:00+00:00,769.885009765625,770.1799926757812,769.739990234375,770.1799926757812,281749
2026-08-19 16:55:00+00:00,769.6799926757812,769.8800048828125,769.5,769.8800048828125,266580
2026-08-19 17:00:00+00:00,769.9099731445312,770.1099853515625,769.5999755859375,769.6900024414062,299283
2026-08-19 17:05:00+00:00,769.489990234375,770.22900390625,769.4600219726562,769.9099731445312,197155
2026-08-19 17:10:00+00:00,769.8250122070312,770.0700073242188,769.5250854492188,769.530029296875,188068
2026-08-19 17:15:00+00:00,769.4600219726562,769.969970703125,769.4600219726562,769.8250122070312,133715
2026-08-19 17:20:00+00:00,769.2899780273438,769.530029296875,769.02001953125,769.469970703125,462496
2026-08-19 17:25:00+00:00,769.5700073242188,769.6699829101562,769.2150268554688,769.25,138959
2026-08-19 17:30:00+00:00,769.2050170898438,769.6599731445312,769.2000122070312,769.5800170898438,226553
2026-08-19 17:35:00+00:00,769.2449951171875,769.469970703125,769.1599731445312,769.2000122070312,179273
2026-08-19 17:40:00+00:00,769.5889892578125,769.7598876953125,769.22998046875,769.25,232366
2026-08-19 17:45:00+00:00,769.5300903320312,769.7999877929688,769.510009765625,769.5999755859375,153701
2026-08-19 17:50:00+00:00,769.6099853515625,769.8900146484375,769.469970703125,769.5599975585938,131694
2026-08-19 17:55:00+00:00,769.5076293945312,769.6300048828125,769.3800048828125,769.6199951171875,214806
2026-08-19 18:00:00+00:00,770.1300048828125,770.5499877929688,769.4000244140625,769.530029296875,344237
2026-08-19 18:05:00+00:00,769.0009765625,770.25,768.9600219726562,770.1099853515625,355048
2026-08-19 18:10:00+00:00,769.4299926757812,769.7100219726562,768.97998046875,768.97998046875,219193
2026-08-19 18:15:00+00:00,769.3099975585938,769.489990234375,769.0499877929688,769.4450073242188,359299
2026-08-19 18:20:00+00:00,769.3099975585938,769.47998046875,769.1737060546875,769.2899780273438,219192
2026-08-19 18:25:00+00:00,769.5800170898438,769.6099853515625,769.239990234375,769.2899780273438,169152
2026-08-19 18:30:00+00:00,769.9199829101562,770.02001953125,769.5800170898438,769.5800170898438,246735
2026-08-19 18:35:00+00:00,769.7899780273438,769.9400024414062,769.6799926757812,769.9298706054688,112470
2026-08-19 18:40:00+00:00,769.8099975585938,770.0900268554688,769.7100219726562,769.7650146484375,274173
2026-08-19 18:45:00+00:00,769.8250122070312,769.8400268554688,769.5848999023438,769.8099975585938,169729
2026-08-19 18:50:00+00:00,769.6506958007812,769.8699951171875,769.47998046875,769.8250122070312,424967
2026-08-19 18:55:00+00:00,769.5150146484375,769.739990234375,769.4849853515625,769.6699829101562,163110
2026-08-19 19:00:00+00:00,769.6099853515625,769.7999877929688,769.4299926757812,769.530029296875,205676
2026-08-19 19:05:00+00:00,769.9000244140625,769.989990234375,769.5,769.614990234375,290410
2026-08-19 19:10:00+00:00,769.7100219726562,769.9500122070312,769.6849975585938,769.9000244140625,130313
2026-08-19 19:15:00+00:00,770.010009765625,770.0194702148438,769.5999755859375,769.7100219726562,607852
2026-08-19 19:20:00+00:00,769.9400024414062,770.02001953125,769.6799926757812,770.010009765625,553735
2026-08-19 19:25:00+00:00,769.6300048828125,770.02001953125,769.5800170898438,769.9299926757812,637699
2026-08-19 19:30:00+00:00,770.1799926757812,770.3800048828125,769.6099853515625,769.6500244140625,457266
2026-08-19 19:35:00+00:00,769.1749877929688,770.1900024414062,769.1699829101562,770.1799926757812,789867
2026-08-19 19:40:00+00:00,769.0,769.389404296875,768.9849853515625,769.1699829101562,361742
2026-08-19 19:45:00+00:00,768.760009765625,769.1199951171875,768.530029296875,769.0,649946
2026-08-19 19:50:00+00:00,768.719970703125,768.8599853515625,768.2899780273438,768.760009765625,937871
2026-08-19 19:55:00+00:00,769.0900268554688,769.0999755859375,768.2000122070312,768.7100219726562,4596251
2026-08-20 13:30:00+00:00,767.0499877929688,767.0999755859375,765.8599853515625,765.9600219726562,1861245
2026-08-20 13:35:00+00:00,767.2999877929688,767.719970703125,766.6599731445312,767.0599975585938,936615
2026-08-20 13:40:00+00:00,767.364990234375,767.75,766.6400146484375,767.3200073242188,448531
2026-08-20 13:45:00+00:00,767.1500244140625,767.5,766.6099853515625,767.3699951171875,619548
2026-08-20 13:50:00+00:00,766.9600219726562,767.260009765625,766.4400024414062,767.1500244140625,482422
2026-08-20 13:55:00+00:00,766.5499877929688,767.3200073242188,766.1599731445312,766.97998046875,415264
2026-08-20 14:00:00+00:00,765.9801025390625,766.9199829101562,765.97998046875,766.5,346518
2026-08-20 14:05:00+00:00,766.64501953125,766.6599731445312,765.8699951171875,765.989990234375,445379
2026-08-20 14:10:00+00:00,765.9956665039062,766.760009765625,765.9299926757812,766.6799926757812,399204
2026-08-20 14:15:00+00:00,765.4400024414062,766.135009765625,765.3900146484375,765.969970703125,532728
2026-08-20 14:20:00+00:00,766.75,766.9500122070312,765.3599853515625,765.4398803710938,491794
2026-08-20 14:25:00+00:00,766.219970703125,766.8300170898438,765.969970703125,766.7691040039062,264369
2026-08-20 14:30:00+00:00,766.10498046875,766.8200073242188,766.010009765625,766.2050170898438,250402
2026-08-20 14:35:00+00:00,766.969970703125,767.1649780273438,765.9299926757812,766.1099853515625,241881
2026-08-20 14:40:00+00:00,767.1699829101562,767.260009765625,766.5700073242188,766.9600219726562,538852
2026-08-20 14:45:00+00:00,766.72998046875,767.47998046875,766.6199951171875,767.1599731445312,374604
2026-08-20 14:50:00+00:00,766.7000122070312,767.25,766.5999755859375,766.739990234375,245764
2026-08-20 14:55:00+00:00,767.1500244140625,767.2349853515625,766.47998046875,766.719970703125,266129
2026-08-20 15:00:00+00:00,767.9199829101562,768.1500244140625,767.1220703125,767.1699829101562,903821
2026-08-20 15:05:00+00:00,766.5599975585938,767.9000244140625,766.3599853515625,767.8800048828125,708991
2026-08-20 15:10:00+00:00,766.7899780273438,767.0,766.0599975585938,766.52001953125,657901
2026-08-20 15:15:00+00:00,766.77001953125,767.0800170898438,766.4000244140625,766.7750244140625,348262
2026-08-20 15:20:00+00:00,766.2899780273438,766.780029296875,765.969970703125,766.72998046875,556408
2026-08-20 15:25:00+00:00,766.75,766.7999877929688,766.0,766.2750244140625,361681
2026-08-20 15:30:00+00:00,765.97998046875,766.8699951171875,765.8300170898438,766.739990234375,260742
2026-08-20 15:35:00+00:00,765.5549926757812,766.1300048828125,765.5499877929688,765.989990234375,580915
2026-08-20 15:40:00+00:00,765.3599853515625,765.8499755859375,765.3099975585938,765.5499877929688,308538
2026-08-20 15:45:00+00:00,765.530029296875,765.719970703125,765.22998046875,765.3499755859375,334990
2026-08-20 15:50:00+00:00,765.8499755859375,766.030029296875,765.4299926757812,765.5399780273438,387050
2026-08-20 15:55:00+00:00,765.8400268554688,766.0050048828125,765.6199951171875,765.8699951171875,290791
2026-08-20 16:00:00+00:00,765.5899047851562,766.0900268554688,765.47998046875,765.8400268554688,302130
2026-08-20 16:05:00+00:00,766.02001953125,766.02001953125,765.530029296875,765.5800170898438,176474
2026-08-20 16:10:00+00:00,765.5150146484375,766.0800170898438,765.4650268554688,766.0098876953125,193733
2026-08-20 16:15:00+00:00,765.6099853515625,765.665283203125,765.4500122070312,765.489990234375,156878
2026-08-20 16:20:00+00:00,765.9299926757812,766.0800170898438,765.4600219726562,765.6099853515625,342804
2026-08-20 16:25:00+00:00,765.7449951171875,766.0349731445312,765.6300048828125,765.9099731445312,159033
2026-08-20 16:30:00+00:00,766.0800170898438,766.1199951171875,765.3599853515625,765.739990234375,168451
2026-08-20 16:35:00+00:00,766.2999877929688,766.3800048828125,766.0,766.0900268554688,193454
2026-08-20 16:40:00+00:00,766.6400146484375,766.6400146484375,766.280029296875,766.2899780273438,264812
2026-08-20 16:45:00+00:00,766.3699951171875,766.6300048828125,766.3099975585938,766.6300048828125,302471
2026-08-20 16:50:00+00:00,766.1799926757812,766.6199951171875,766.1199951171875,766.375,198469
2026-08-20 16:55:00+00:00,766.4199829101562,766.5,766.02001953125,766.1699829101562,240863
2026-08-20 17:00:00+00:00,766.0700073242188,766.4299926757812,765.9600219726562,766.3900146484375,203595
2026-08-20 17:05:00+00:00,765.6799926757812,766.0499877929688,765.5999755859375,766.0399780273438,264638
2026-08-20 17:10:00+00:00,765.52001953125,765.8300170898438,765.489990234375,765.6799926757812,312538
2026-08-20 17:15:00+00:00,764.8599853515625,765.5399780273438,764.8400268554688,765.530029296875,416957
2026-08-20 17:20:00+00:00,765.02001953125,765.260009765625,764.7899780273438,764.8499755859375,354371
2026-08-20 17:25:00+00:00,764.780029296875,765.0900268554688,764.7100219726562,765.0,274481
2026-08-20 17:30:00+00:00,764.606689453125,764.8900146484375,764.5599975585938,764.780029296875,275149
2026-08-20 17:35:00+00:00,764.4749755859375,764.780029296875,764.2999877929688,764.6099853515625,281544
2026-08-20 17:40:00+00:00,764.4500122070312,764.52001953125,764.22998046875,764.4600219726562,285937
2026-08-20 17:45:00+00:00,764.719970703125,764.8400268554688,764.4000244140625,764.4500122070312,295092
2026-08-20 17:50:00+00:00,764.7689819335938,765.010009765625,764.6900024414062,764.7100830078125,252014
2026-08-20 17:55:00+00:00,764.5399780273438,764.8400268554688,764.52001953125,764.77001953125,232520
2026-08-20 18:00:00+00:00,764.0999755859375,764.5499877929688,764.02001953125,764.5499877929688,372938
2026-08-20 18:05:00+00:00,763.7249755859375,764.1500244140625,763.5850219726562,764.0999755859375,384327
2026-08-20 18:10:00+00:00,763.5800170898438,763.7750244140625,763.3499755859375,763.719970703125,506521
2026-08-20 18:15:00+00:00,763.6799926757812,763.7100219726562,763.1500244140625,763.5800170898438,556079
2026-08-20 18:20:00+00:00,763.6199951171875,763.9450073242188,763.590087890625,763.6900024414062,331078
2026-08-20 18:25:00+00:00,763.5599975585938,763.719970703125,763.4400024414062,763.6199951171875,234431
2026-08-20 18:30:00+00:00,763.3200073242188,763.6300048828125,763.25,763.5650024414062,305119
2026-08-20 18:35:00+00:00,763.4199829101562,763.6199951171875,763.2899780273438,763.3099975585938,285566
2026-08-20 18:40:00+00:00,763.5527954101562,763.6199951171875,763.2100219726562,763.4099731445312,277240
2026-08-20 18:45:00+00:00,763.7100219726562,763.8499755859375,763.4099731445312,763.5599975585938,400838
2026-08-20 18:50:00+00:00,763.6060180664062,763.7750244140625,763.510009765625,763.7100219726562,488047
2026-08-20 18:55:00+00:00,763.239990234375,763.760009765625,763.239990234375,763.5900268554688,388955
2026-08-20 19:00:00+00:00,763.4199829101562,763.4600219726562,763.1699829101562,763.25,424049
2026-08-20 19:05:00+00:00,763.6199951171875,763.7150268554688,763.2899780273438,763.4000244140625,417845
2026-08-20 19:10:00+00:00,763.5399780273438,763.6699829101562,763.3900146484375,763.6400146484375,378938
2026-08-20 19:15:00+00:00,763.3400268554688,763.7999877929688,763.260009765625,763.530029296875,395078
2026-08-20 19:20:00+00:00,763.6500244140625,763.760009765625,763.22998046875,763.3499755859375,498238
2026-08-20 19:25:00+00:00,763.489990234375,763.72998046875,763.4400024414062,763.6199951171875,477204
2026-08-20 19:30:00+00:00,763.1900024414062,763.510009765625,763.0399780273438,763.47998046875,938372
2026-08-20 19:35:00+00:00,763.5,763.6500244140625,763.0999755859375,763.1900024414062,878204
2026-08-20 19:40:00+00:00,763.0999755859375,763.5698852539062,762.969970703125,763.5,875171
2026-08-20 19:45:00+00:00,763.3699951171875,763.4000244140625,762.8099975585938,763.0999755859375,1420528
2026-08-20 19:50:00+00:00,762.9099731445312,763.4199829101562,762.760009765625,763.3699951171875,1367383
2026-08-20 19:55:00+00:00,762.6400146484375,763.0,762.0399780273438,762.9199829101562,5284942
2026-08-21 13:30:00+00:00,764.8599243164062,766.1400146484375,764.8300170898438,766.0499877929688,2183133
2026-08-21 13:35:00+00:00,765.0900268554688,765.1900024414062,764.6199951171875,764.8699951171875,936515
2026-08-21 13:40:00+00:00,765.1599731445312,765.27001953125,764.780029296875,765.1199951171875,694462
2026-08-21 13:45:00+00:00,764.9600219726562,765.4199829101562,764.6799926757812,765.1599731445312,636844
2026-08-21 13:50:00+00:00,764.4199829101562,765.2449951171875,764.1699829101562,764.969970703125,409975
2026-08-21 13:55:00+00:00,764.5123901367188,764.8300170898438,764.2899780273438,764.4199829101562,338253
2026-08-21 14:00:00+00:00,764.9299926757812,764.9600219726562,764.530029296875,764.530029296875,266966
2026-08-21 14:05:00+00:00,765.239990234375,765.530029296875,764.9099731445312,764.9398803710938,394655
2026-08-21 14:10:00+00:00,764.7100219726562,765.4550170898438,764.5999755859375,765.260009765625,271319
2026-08-21 14:15:00+00:00,764.6300048828125,765.0599975585938,764.5700073242188,764.7000122070312,373509
2026-08-21 14:20:00+00:00,764.7501220703125,765.2050170898438,764.4500122070312,764.6300048828125,1395844
2026-08-21 14:25:00+00:00,764.6500244140625,765.0999755859375,764.5999755859375,764.7550048828125,295025
2026-08-21 14:30:00+00:00,764.5,764.8800048828125,764.47998046875,764.6500244140625,202029
2026-08-21 14:35:00+00:00,764.3800048828125,764.64501953125,764.219970703125,764.489990234375,307472
2026-08-21 14:40:00+00:00,764.6199951171875,764.8699951171875,764.2150268554688,764.364990234375,256214
2026-08-21 14:45:00+00:00,765.030029296875,765.0900268554688,764.5300903320312,764.5900268554688,258973
2026-08-21 14:50:00+00:00,765.0637817382812,765.2999877929688,764.8699951171875,765.0399780273438,204246
2026-08-21 14:55:00+00:00,765.8151245117188,765.8350219726562,764.9500122070312,765.0499877929688,314945
2026-08-21 15:00:00+00:00,766.239990234375,766.4000244140625,765.739990234375,765.8099975585938,828488
2026-08-21 15:05:00+00:00,765.8400268554688,766.4099731445312,765.7999877929688,766.25,426005
2026-08-21 15:10:00+00:00,765.7000122070312,766.0401000976562,765.6799926757812,765.85498046875,184850
2026-08-21 15:15:00+00:00,765.60498046875,765.969970703125,765.5399780273438,765.7050170898438,311709
2026-08-21 15:20:00+00:00,765.510009765625,765.8699951171875,765.4550170898438,765.5999755859375,271128
2026-08-21 15:25:00+00:00,765.9550170898438,766.02001953125,765.4550170898438,765.510009765625,366942
2026-08-21 15:30:00+00:00,766.489990234375,766.489990234375,765.8200073242188,765.9600219726562,3359717
2026-08-21 15:35:00+00:00,767.0584106445312,767.0584106445312,766.4400024414062,766.47998046875,369121
2026-08-21 15:40:00+00:00,767.2999877929688,767.4400024414062,766.9199829101562,767.0499877929688,356768
2026-08-21 15:45:00+00:00,767.010009765625,767.4500122070312,766.9400024414062,767.3099975585938,326336
2026-08-21 15:50:00+00:00,767.6734008789062,767.8499755859375,767.00048828125,767.0206298828125,242298
2026-08-21 15:55:00+00:00,767.2000122070312,767.6900024414062,767.0798950195312,767.6699829101562,330383
2026-08-21 16:00:00+00:00,766.739990234375,767.3298950195312,766.6400146484375,767.2000122070312,421378
2026-08-21 16:05:00+00:00,766.3499755859375,766.75,766.2899780273438,766.75,442629
2026-08-21 16:10:00+00:00,766.239990234375,766.5900268554688,766.239990234375,766.3400268554688,258800
2026-08-21 16:15:00+00:00,766.02001953125,766.6599731445312,765.9099731445312,766.239990234375,1156821
2026-08-21 16:20:00+00:00,766.1950073242188,767.0050048828125,765.8699951171875,766.010009765625,510661
2026-08-21 16:25:00+00:00,766.5150146484375,766.5800170898438,766.1300048828125,766.2000122070312,149120
2026-08-21 16:30:00+00:00,766.030029296875,766.530029296875,766.030029296875,766.510009765625,181668
2026-08-21 16:35:00+00:00,766.5499877929688,766.5700073242188,766.0250244140625,766.030029296875,289266
2026-08-21 16:40:00+00:00,766.375,766.5599975585938,766.2849731445312,766.5499877929688,160418
2026-08-21 16:45:00+00:00,766.1699829101562,766.3699951171875,766.0999755859375,766.3699951171875,171097
2026-08-21 16:50:00+00:00,766.02001953125,766.1799926757812,765.8099975585938,766.1599731445312,497354
2026-08-21 16:55:00+00:00,766.3900146484375,766.4299926757812,765.9550170898438,766.010009765625,222703
2026-08-21 17:00:00+00:00,766.27001953125,766.4650268554688,766.22998046875,766.3900146484375,166320
2026-08-21 17:05:00+00:00,766.3699951171875,766.530029296875,766.1599731445312,766.280029296875,192721
2026-08-21 17:10:00+00:00,766.2188720703125,766.3699951171875,766.0999755859375,766.3699951171875,140492
2026-08-21 17:15:00+00:00,766.1599731445312,766.2999877929688,766.0900268554688,766.219970703125,251335
2026-08-21 17:20:00+00:00,765.8400268554688,766.2000122070312,765.72998046875,766.1500244140625,457856
2026-08-21 17:25:00+00:00,765.7999877929688,766.010009765625,765.7050170898438,765.843994140625,211275
2026-08-21 17:30:00+00:00,765.5394897460938,765.9000244140625,765.5394897460938,765.8200073242188,193141
2026-08-21 17:35:00+00:00,765.5750122070312,765.8150024414062,765.5,765.52001953125,133709
2026-08-21 17:40:00+00:00,765.655029296875,765.7100219726562,765.469970703125,765.5750122070312,134439
2026-08-21 17:45:00+00:00,765.7100219726562,765.8800048828125,765.5850219726562,765.7000122070312,144525
2026-08-21 17:50:00+00:00,765.5800170898438,765.760009765625,765.510009765625,765.697998046875,137048
2026-08-21 17:55:00+00:00,765.4299926757812,765.5800170898438,765.4299926757812,765.5800170898438,173800
2026-08-21 18:00:00+00:00,765.6699829101562,765.7349853515625,765.3499755859375,765.4400024414062,289550
2026-08-21 18:05:00+00:00,765.3150024414062,765.6799926757812,765.2999877929688,765.6699829101562,153182
2026-08-21 18:10:00+00:00,765.3400268554688,765.5499877929688,765.2849731445312,765.3099975585938,175619
2026-08-21 18:15:00+00:00,765.469970703125,765.530029296875,765.3099975585938,765.3499755859375,179232
2026-08-21 18:20:00+00:00,765.4949951171875,765.614990234375,765.4099731445312,765.4600219726562,121496
2026-08-21 18:25:00+00:00,765.2849731445312,765.530029296875,765.260009765625,765.5,125743
2026-08-21 18:30:00+00:00,765.1749877929688,765.3699951171875,765.0599975585938,765.27001953125,241643
2026-08-21 18:35:00+00:00,765.2301025390625,765.3400268554688,765.1799926757812,765.1799926757812,146811
2026-08-21 18:40:00+00:00,765.3900146484375,765.52001953125,765.2100219726562,765.2349853515625,208006
2026-08-21 18:45:00+00:00,765.6561279296875,765.7000122070312,765.3150024414062,765.39501953125,271561
2026-08-21 18:50:00+00:00,765.8900146484375,765.97998046875,765.6599731445312,765.6599731445312,409399
2026-08-21 18:55:00+00:00,766.197509765625,766.22998046875,765.7899780273438,765.8900146484375,365782
2026-08-21 19:00:00+00:00,766.0302734375,766.364990234375,766.010009765625,766.2000122070312,587367
2026-08-21 19:05:00+00:00,766.0999755859375,766.3300170898438,766.0,766.0349731445312,297398
2026-08-21 19:10:00+00:00,766.0449829101562,766.0999755859375,765.8699951171875,766.0900268554688,237724
2026-08-21 19:15:00+00:00,765.969970703125,766.1199951171875,765.8499755859375,766.0449829101562,518302
2026-08-21 19:20:00+00:00,766.2000732421875,766.22998046875,765.8699951171875,765.9650268554688,250765
2026-08-21 19:25:00+00:00,766.0499877929688,766.2100219726562,765.9500122070312,766.2050170898438,225112
2026-08-21 19:30:00+00:00,766.0845947265625,766.3150024414062,766.02001953125,766.0499877929688,324330
2026-08-21 19:35:00+00:00,766.2750244140625,766.3699951171875,765.9749755859375,766.0900268554688,403725
2026-08-21 19:40:00+00:00,766.469970703125,766.4849853515625,766.0900268554688,766.27001953125,725547
2026-08-21 19:45:00+00:00,766.6699829101562,766.7999877929688,766.3800048828125,766.4600219726562,969624
2026-08-21 19:50:00+00:00,765.9000244140625,766.6599731445312,765.8499755859375,766.6500244140625,898459
2026-08-21 19:55:00+00:00,765.6500244140625,766.2349853515625,765.3400268554688,765.8900146484375,2638693
2026-08-24 13:30:00+00:00,763.4500122070312,764.8099975585938,763.2000122070312,764.780029296875,2161631
2026-08-24 13:35:00+00:00,763.3599853515625,763.8200073242188,762.969970703125,763.510009765625,468492
2026-08-24 13:40:00+00:00,762.1900024414062,763.72998046875,762.1900024414062,763.3699951171875,577255
2026-08-24 13:45:00+00:00,763.10498046875,763.5900268554688,762.0800170898438,762.1900024414062,842395
2026-08-24 13:50:00+00:00,763.47998046875,763.530029296875,762.739990234375,763.1099853515625,409135
2026-08-24 13:55:00+00:00,763.3900146484375,763.6599731445312,763.2399291992188,763.469970703125,395002
2026-08-24 14:00:00+00:00,762.969970703125,763.9450073242188,762.7999877929688,763.4099731445312,555214
2026-08-24 14:05:00+00:00,762.8900146484375,763.2000122070312,762.6199951171875,762.97998046875,226955
2026-08-24 14:10:00+00:00,762.97998046875,763.02001953125,762.5,762.9099731445312,243334
2026-08-24 14:15:00+00:00,762.8699951171875,763.0599975585938,762.6500244140625,762.97998046875,211854
2026-08-24 14:20:00+00:00,762.8499755859375,763.5089721679688,762.7999877929688,762.8599853515625,578408
2026-08-24 14:25:00+00:00,762.9199829101562,763.14501953125,762.6699829101562,762.8699951171875,1048163
2026-08-24 14:30:00+00:00,763.6199951171875,763.75,762.780029296875,762.9199829101562,301253
2026-08-24 14:35:00+00:00,763.7000122070312,763.885009765625,763.5599975585938,763.6199951171875,193939
2026-08-24 14:40:00+00:00,763.7000122070312,764.1099853515625,763.50341796875,763.7000122070312,2476986
2026-08-24 14:45:00+00:00,763.8800048828125,763.8800048828125,763.469970703125,763.6849975585938,378023
2026-08-24 14:50:00+00:00,763.6199951171875,763.9299926757812,763.4249877929688,763.8699951171875,211239
2026-08-24 14:55:00+00:00,763.6400146484375,763.9600219726562,763.52001953125,763.625,310423
2026-08-24 15:00:00+00:00,763.0599975585938,763.8200073242188,763.02001953125,763.6400146484375,232119
2026-08-24 15:05:00+00:00,762.989990234375,763.0800170898438,762.780029296875,763.0599975585938,230631
2026-08-24 15:10:00+00:00,762.75,763.1751098632812,762.7000122070312,762.97998046875,218279
2026-08-24 15:15:00+00:00,762.6799926757812,762.8198852539062,762.6307983398438,762.739990234375,138358
2026-08-24 15:20:00+00:00,763.1500244140625,763.1900024414062,762.3699951171875,762.6749877929688,408099
2026-08-24 15:25:00+00:00,763.7401123046875,764.0062255859375,763.0700073242188,763.1500854492188,480586
2026-08-24 15:30:00+00:00,763.8400268554688,764.0,763.4000244140625,763.739990234375,356346
2026-08-24 15:35:00+00:00,764.0250244140625,764.1599731445312,763.7000122070312,763.85498046875,264624
2026-08-24 15:40:00+00:00,764.253173828125,764.4199829101562,764.0200805664062,764.030029296875,274454
2026-08-24 15:45:00+00:00,764.280029296875,764.72998046875,764.2650146484375,764.27001953125,303002
2026-08-24 15:50:00+00:00,764.3099975585938,764.6099853515625,764.2849731445312,764.2899780273438,157315
2026-08-24 15:55:00+00:00,764.5200805664062,764.530029296875,764.1799926757812,764.2999877929688,272226
2026-08-24 16:00:00+00:00,764.9500122070312,765.1300048828125,764.4299926757812,764.52001953125,428076
2026-08-24 16:05:00+00:00,764.469970703125,764.989990234375,764.4600219726562,764.9500122070312,163853
2026-08-24 16:10:00+00:00,764.6488037109375,764.6599731445312,764.4299926757812,764.4849853515625,108004
2026-08-24 16:15:00+00:00,765.0499877929688,765.1588134765625,764.6099853515625,764.6400146484375,245039
2026-08-24 16:20:00+00:00,764.8699951171875,765.219970703125,764.7999877929688,765.0499267578125,245677
2026-08-24 16:25:00+00:00,764.8900146484375,765.0018920898438,764.7999877929688,764.8699951171875,174251
2026-08-24 16:30:00+00:00,764.5701293945312,765.0,764.5003051757812,764.9099731445312,274900
2026-08-24 16:35:00+00:00,764.3499755859375,764.7100219726562,764.3350219726562,764.5800170898438,143081
2026-08-24 16:40:00+00:00,764.3099975585938,764.4099731445312,764.1900024414062,764.3499755859375,287270
2026-08-24 16:45:00+00:00,764.3499755859375,764.4000244140625,764.1400146484375,764.3300170898438,143128
2026-08-24 16:50:00+00:00,764.2100219726562,764.469482421875,764.1300048828125,764.3599853515625,129084
2026-08-24 16:55:00+00:00,764.1900024414062,764.3200073242188,764.1199951171875,764.2299194335938,131861
2026-08-24 17:00:00+00:00,764.010009765625,764.2100219726562,763.8699951171875,764.2000122070312,135437
2026-08-24 17:05:00+00:00,764.4500122070312,764.655029296875,763.9500122070312,763.989990234375,194862
2026-08-24 17:10:00+00:00,764.52001953125,764.780029296875,764.3099975585938,764.4500122070312,314038
2026-08-24 17:15:00+00:00,764.1199951171875,764.5999755859375,764.0499877929688,764.5,164433
2026-08-24 17:20:00+00:00,763.5650024414062,764.1599731445312,763.5,764.1300048828125,337394
2026-08-24 17:25:00+00:00,763.4000244140625,763.719970703125,763.3350219726562,763.5700073242188,193172
2026-08-24 17:30:00+00:00,763.3001098632812,763.5700073242188,763.27001953125,763.3800048828125,192457
2026-08-24 17:35:00+00:00,763.3900146484375,763.3900146484375,763.1400146484375,763.2999877929688,161284
2026-08-24 17:40:00+00:00,763.10498046875,763.4500122070312,763.10498046875,763.4000244140625,221499
2026-08-24 17:45:00+00:00,763.239990234375,763.2899780273438,763.0499877929688,763.1099853515625,173204
2026-08-24 17:50:00+00:00,763.2000122070312,763.510009765625,763.1300048828125,763.239990234375,168380
2026-08-24 17:55:00+00:00,763.2899780273438,763.3800048828125,763.1201171875,763.2050170898438,226742
2026-08-24 18:00:00+00:00,763.5599975585938,763.6599731445312,763.280029296875,763.3099975585938,190948
2026-08-24 18:05:00+00:00,763.9199829101562,763.989990234375,763.489990234375,763.530029296875,203890
2026-08-24 18:10:00+00:00,764.260009765625,764.260009765625,763.8200073242188,763.9000244140625,213906
2026-08-24 18:15:00+00:00,764.2349853515625,764.469970703125,764.1300048828125,764.2550048828125,213948
2026-08-24 18:20:00+00:00,764.614990234375,764.6900024414062,764.2000122070312,764.22998046875,345017
2026-08-24 18:25:00+00:00,764.7999877929688,764.8400268554688,764.5599975585938,764.614990234375,324066
2026-08-24 18:30:00+00:00,764.6699829101562,765.1099853515625,764.6599731445312,764.7999877929688,261335
2026-08-24 18:35:00+00:00,764.239501953125,764.75,764.1199951171875,764.6849975585938,229992
2026-08-24 18:40:00+00:00,764.3300170898438,764.405029296875,764.1500244140625,764.22998046875,233608
2026-08-24 18:45:00+00:00,764.3200073242188,764.4199829101562,764.1099853515625,764.3339233398438,196161
2026-08-24 18:50:00+00:00,764.1400146484375,764.4299926757812,764.0700073242188,764.3200073242188,150055
2026-08-24 18:55:00+00:00,764.0,764.25,763.969970703125,764.1400146484375,197493
2026-08-24 19:00:00+00:00,763.9199829101562,764.0499877929688,763.8099975585938,763.969970703125,204008
2026-08-24 19:05:00+00:00,763.9000244140625,764.0900268554688,763.8499755859375,763.9199829101562,172444
2026-08-24 19:10:00+00:00,764.1099853515625,764.2000122070312,763.8599853515625,763.9000244140625,148121
2026-08-24 19:15:00+00:00,764.0999755859375,764.22998046875,763.9199829101562,764.1099853515625,189753
2026-08-24 19:20:00+00:00,764.02001953125,764.1900024414062,763.9600219726562,764.0700073242188,192402
2026-08-24 19:25:00+00:00,763.9600219726562,764.1699829101562,763.9199829101562,764.0150146484375,200097
2026-08-24 19:30:00+00:00,763.739990234375,764.239990234375,763.739990234375,763.9600219726562,255565
2026-08-24 19:35:00+00:00,763.655029296875,763.8499755859375,763.6400146484375,763.739990234375,276731
2026-08-24 19:40:00+00:00,763.6599731445312,763.75,763.5399780273438,763.6500244140625,344874
2026-08-24 19:45:00+00:00,763.77001953125,763.780029296875,763.47998046875,763.6599731445312,608012
2026-08-24 19:50:00+00:00,763.739990234375,763.9500122070312,763.3499755859375,763.780029296875,685812
2026-08-24 19:55:00+00:00,763.47998046875,763.9500122070312,763.3800048828125,763.760009765625,2331037
2026-08-25 13:30:00+00:00,766.72998046875,766.780029296875,765.9299926757812,766.1599731445312,1531753
2026-08-25 13:35:00+00:00,766.135009765625,766.7000122070312,766.1300048828125,766.6900024414062,346646
2026-08-25 13:40:00+00:00,766.1649780273438,766.6500244140625,765.8699951171875,766.1500244140625,311712
2026-08-25 13:45:00+00:00,766.4600219726562,766.719970703125,766.1199951171875,766.1500244140625,323890
2026-08-25 13:50:00+00:00,766.0,766.530029296875,766.0,766.4600219726562,484134
2026-08-25 13:55:00+00:00,765.6900024414062,766.0751953125,765.5001220703125,766.030029296875,375118
2026-08-25 14:00:00+00:00,765.4550170898438,765.8099975585938,765.22998046875,765.6900024414062,385077
2026-08-25 14:05:00+00:00,765.3400268554688,765.5599975585938,765.1199951171875,765.4600219726562,371268
2026-08-25 14:10:00+00:00,765.1849975585938,765.53369140625,765.0999755859375,765.3400268554688,311307
2026-08-25 14:15:00+00:00,765.4199829101562,765.6300048828125,765.0499877929688,765.1699829101562,372009
2026-08-25 14:20:00+00:00,765.0999755859375,765.489990234375,764.8400268554688,765.4400024414062,341315
2026-08-25 14:25:00+00:00,764.7000122070312,765.1699829101562,764.6799926757812,765.1099853515625,359484
2026-08-25 14:30:00+00:00,764.3300170898438,764.8800048828125,763.0501098632812,764.7000122070312,1112263
2026-08-25 14:35:00+00:00,765.02001953125,765.0599975585938,764.3300170898438,764.3400268554688,552248
2026-08-25 14:40:00+00:00,764.3499755859375,765.030029296875,764.1599731445312,765.0103759765625,329732
2026-08-25 14:45:00+00:00,764.2249755859375,764.489990234375,764.1699829101562,764.3499755859375,277883
2026-08-25 14:50:00+00:00,764.6599731445312,764.8099975585938,764.031005859375,764.1900024414062,227423
2026-08-25 14:55:00+00:00,764.719970703125,764.8499755859375,764.47998046875,764.6599731445312,265460
2026-08-25 15:00:00+00:00,764.4500122070312,764.77001953125,764.2999877929688,764.72998046875,154049
2026-08-25 15:05:00+00:00,764.60498046875,764.780029296875,764.39501953125,764.4500122070312,172782
2026-08-25 15:10:00+00:00,764.5899047851562,764.7999877929688,764.3800048828125,764.6199951171875,117091
2026-08-25 15:15:00+00:00,764.9000244140625,764.9349975585938,764.489990234375,764.5900268554688,176392
2026-08-25 15:20:00+00:00,764.77001953125,765.1599731445312,764.6799926757812,764.9199829101562,206458
2026-08-25 15:25:00+00:00,765.3099975585938,765.3900146484375,764.6500244140625,764.77001953125,280575
2026-08-25 15:30:00+00:00,765.0850219726562,765.7899780273438,765.030029296875,765.3200073242188,302084
2026-08-25 15:35:00+00:00,765.0999755859375,765.8499755859375,765.0604858398438,765.0800170898438,256493
2026-08-25 15:40:00+00:00,765.1699829101562,765.22998046875,764.9099731445312,765.1099853515625,216396
2026-08-25 15:45:00+00:00,764.7100219726562,765.1799926757812,764.5999755859375,765.1799926757812,141450
2026-08-25 15:50:00+00:00,765.2255859375,765.3101196289062,764.614990234375,764.7050170898438,250704
2026-08-25 15:55:00+00:00,765.4400024414062,765.5999755859375,765.2100219726562,765.2100219726562,185520
2026-08-25 16:00:00+00:00,765.5599975585938,765.8499755859375,765.4199829101562,765.4600219726562,388840
2026-08-25 16:05:00+00:00,765.3499755859375,765.6500244140625,765.3212890625,765.5700073242188,133742
2026-08-25 16:10:00+00:00,765.52001953125,765.5800170898438,765.3300170898438,765.3599853515625,163347
2026-08-25 16:15:00+00:00,765.5,765.5999755859375,765.4099731445312,765.52001953125,237051
2026-08-25 16:20:00+00:00,765.6199951171875,765.6500244140625,765.3699951171875,765.510009765625,430987
2026-08-25 16:25:00+00:00,765.760009765625,765.7999877929688,765.5599975585938,765.6217041015625,111754
2026-08-25 16:30:00+00:00,765.72998046875,765.8599853515625,765.67431640625,765.75,113569
2026-08-25 16:35:00+00:00,765.9000244140625,765.9500122070312,765.5900268554688,765.739990234375,126282
2026-08-25 16:40:00+00:00,765.5800170898438,765.9099731445312,765.510009765625,765.905029296875,109315
2026-08-25 16:45:00+00:00,765.625,765.7949829101562,765.4099731445312,765.5900268554688,154720
2026-08-25 16:50:00+00:00,765.4290161132812,765.6400146484375,765.3300170898438,765.6300048828125,100659
2026-08-25 16:55:00+00:00,765.760009765625,765.89990234375,765.4000244140625,765.4299926757812,104137
2026-08-25 17:00:00+00:00,765.3599853515625,765.8400268554688,765.3499755859375,765.760009765625,138537
2026-08-25 17:05:00+00:00,765.1099853515625,765.4000244140625,764.9400024414062,765.3499755859375,178066
2026-08-25 17:10:00+00:00,765.27001953125,765.3300170898438,764.9600219726562,765.1199951171875,318957
2026-08-25 17:15:00+00:00,765.4000244140625,765.4199829101562,765.161376953125,765.280029296875,74882
2026-08-25 17:20:00+00:00,765.030029296875,765.4099731445312,765.030029296875,765.4099731445312,122697
2026-08-25 17:25:00+00:00,764.8200073242188,765.02001953125,764.6300048828125,765.02001953125,337552
2026-08-25 17:30:00+00:00,764.8300170898438,764.9500122070312,764.739990234375,764.8200073242188,150576
2026-08-25 17:35:00+00:00,764.9199829101562,765.0050048828125,764.760009765625,764.8200073242188,1130602
2026-08-25 17:40:00+00:00,764.8699951171875,765.0349731445312,764.8400268554688,764.919921875,82982
2026-08-25 17:45:00+00:00,764.9199829101562,765.0599975585938,764.8400268554688,764.8699951171875,142516
2026-08-25 17:50:00+00:00,765.1099853515625,765.1500244140625,764.8400268554688,764.9199829101562,174975
2026-08-25 17:55:00+00:00,765.0399780273438,765.1599731445312,764.9199829101562,765.1071166992188,111072
2026-08-25 18:00:00+00:00,764.8300170898438,765.030029296875,764.8099975585938,765.030029296875,200372
2026-08-25 18:05:00+00:00,764.9199829101562,765.030029296875,764.7999877929688,764.7999877929688,132198
2026-08-25 18:10:00+00:00,764.7999877929688,765.0900268554688,764.7869873046875,764.9099731445312,170947
2026-08-25 18:15:00+00:00,764.8300170898438,764.8599853515625,764.719970703125,764.7899780273438,163510
2026-08-25 18:20:00+00:00,764.905029296875,764.989990234375,764.8200073242188,764.8350219726562,190635
2026-08-25 18:25:00+00:00,764.969970703125,765.010009765625,764.7999877929688,764.9000244140625,164895
2026-08-25 18:30:00+00:00,765.3599853515625,765.4000244140625,764.969970703125,764.969970703125,204141
2026-08-25 18:35:00+00:00,765.2999877929688,765.4000244140625,765.2349853515625,765.3499755859375,224387
2026-08-25 18:40:00+00:00,765.5399780273438,765.5900268554688,765.2899780273438,765.3099975585938,142607
2026-08-25 18:45:00+00:00,765.8099975585938,765.8699951171875,765.5449829101562,765.5499877929688,347738
2026-08-25 18:50:00+00:00,765.6900024414062,765.8400268554688,765.6309814453125,765.8200073242188,336027
2026-08-25 18:55:00+00:00,765.6400146484375,765.7899780273438,765.5399780273438,765.6900024414062,326416
2026-08-25 19:00:00+00:00,765.469970703125,765.8499755859375,765.4500122070312,765.6500244140625,256437
2026-08-25 19:05:00+00:00,765.3699951171875,765.5499877929688,765.2899780273438,765.4754028320312,282020
2026-08-25 19:10:00+00:00,765.1174926757812,765.3900146484375,765.0900268554688,765.3800048828125,545118
2026-08-25 19:15:00+00:00,764.9981079101562,765.1799926757812,764.9400024414062,765.1199951171875,365534
2026-08-25 19:20:00+00:00,765.0599975585938,765.0800170898438,764.8699951171875,765.0,278849
2026-08-25 19:25:00+00:00,765.1500244140625,765.1900024414062,765.010009765625,765.0700073242188,192156
2026-08-25 19:30:00+00:00,765.1300048828125,765.2449951171875,765.010009765625,765.1699829101562,250291
2026-08-25 19:35:00+00:00,765.260009765625,765.3599853515625,765.0900268554688,765.0999755859375,578069
2026-08-25 19:40:00+00:00,765.3699951171875,765.6300048828125,765.239990234375,765.25,358867
2026-08-25 19:45:00+00:00,765.4749755859375,765.5399780273438,765.2634887695312,765.3900146484375,566282
2026-08-25 19:50:00+00:00,766.1400146484375,766.1699829101562,765.239990234375,765.4749755859375,750870
2026-08-25 19:55:00+00:00,765.8350219726562,766.219970703125,765.6900024414062,766.1400146484375,1898464
2026-08-26 13:30:00+00:00,765.6749877929688,765.7999877929688,764.6799926757812,764.72998046875,1144518
2026-08-26 13:35:00+00:00,765.5750122070312,765.8200073242188,764.8099975585938,765.6749877929688,429945
2026-08-26 13:40:00+00:00,766.2999877929688,766.6099853515625,765.4299926757812,765.530029296875,420779
2026-08-26 13:45:00+00:00,765.9199829101562,766.6799926757812,765.9199829101562,766.3200073242188,373090
2026-08-26 13:50:00+00:00,766.5800170898438,766.6099853515625,765.6400146484375,765.9249877929688,297119
2026-08-26 13:55:00+00:00,766.8900146484375,766.89990234375,766.4550170898438,766.6199951171875,293775
2026-08-26 14:00:00+00:00,766.8499755859375,766.9600219726562,766.614990234375,766.8800048828125,204963
2026-08-26 14:05:00+00:00,766.6099853515625,766.9199829101562,766.469970703125,766.8800048828125,240176
2026-08-26 14:10:00+00:00,766.1699829101562,766.6300048828125,766.0700073242188,766.6099853515625,264544
2026-08-26 14:15:00+00:00,765.9650268554688,766.3499755859375,765.9299926757812,766.1699829101562,221140
2026-08-26 14:20:00+00:00,765.4249877929688,766.0599975585938,765.3800048828125,765.958984375,193323
2026-08-26 14:25:00+00:00,765.0800170898438,765.5,764.8300170898438,765.4099731445312,397863
2026-08-26 14:30:00+00:00,765.1300048828125,765.2949829101562,764.9199829101562,765.0700073242188,253224
2026-08-26 14:35:00+00:00,765.219970703125,765.5999755859375,765.0001220703125,765.1300048828125,210121
2026-08-26 14:40:00+00:00,765.3900146484375,765.5349731445312,765.1749877929688,765.239990234375,181698
2026-08-26 14:45:00+00:00,765.5599975585938,765.5700073242188,765.0999755859375,765.4000244140625,201711
2026-08-26 14:50:00+00:00,765.6400146484375,765.9400024414062,765.530029296875,765.5650024414062,227712
2026-08-26 14:55:00+00:00,765.8499755859375,765.9000244140625,765.5399780273438,765.6400146484375,174692
2026-08-26 15:00:00+00:00,766.1900024414062,766.4400024414062,765.8400268554688,765.8699951171875,205272
2026-08-26 15:05:00+00:00,766.3499755859375,766.469970703125,766.1699829101562,766.2100219726562,178368
2026-08-26 15:10:00+00:00,766.280029296875,766.4450073242188,766.1099853515625,766.3499755859375,415345
2026-08-26 15:15:00+00:00,765.7833862304688,766.2899780273438,765.5599975585938,766.27001953125,259550
2026-08-26 15:20:00+00:00,765.77001953125,766.030029296875,765.719970703125,765.77001953125,169433
2026-08-26 15:25:00+00:00,765.8499755859375,766.0599975585938,765.7000122070312,765.760009765625,142136
2026-08-26 15:30:00+00:00,765.25,765.9000244140625,765.1400146484375,765.8400268554688,193551
2026-08-26 15:35:00+00:00,765.4600219726562,765.5499877929688,765.2598876953125,765.2598876953125,181729
2026-08-26 15:40:00+00:00,766.0700073242188,766.1400146484375,765.4000244140625,765.469970703125,165128
2026-08-26 15:45:00+00:00,766.22998046875,766.27001953125,765.9600219726562,766.0650024414062,165291
2026-08-26 15:50:00+00:00,765.3900146484375,766.3099975585938,765.3099975585938,766.25,394460
2026-08-26 15:55:00+00:00,765.3200073242188,765.7698974609375,765.3099975585938,765.3900146484375,225334
2026-08-26 16:00:00+00:00,765.1799926757812,765.3499755859375,764.8800048828125,765.3300170898438,327388
2026-08-26 16:05:00+00:00,765.1500244140625,765.4400024414062,765.030029296875,765.1599731445312,187752
2026-08-26 16:10:00+00:00,765.030029296875,765.3099975585938,764.969970703125,765.1599731445312,143823
2026-08-26 16:15:00+00:00,764.989990234375,765.1400146484375,764.8300170898438,765.0399780273438,276896
2026-08-26 16:20:00+00:00,764.9299926757812,765.1099853515625,764.8699951171875,764.989990234375,178243
2026-08-26 16:25:00+00:00,764.7999877929688,765.0050048828125,764.72998046875,764.9498901367188,171838
2026-08-26 16:30:00+00:00,764.8800048828125,764.97998046875,764.760009765625,764.7949829101562,170029
2026-08-26 16:35:00+00:00,764.1599731445312,764.8900146484375,764.1599731445312,764.8400268554688,383983
2026-08-26 16:40:00+00:00,764.0120239257812,764.4000244140625,763.9299926757812,764.1500244140625,296818
2026-08-26 16:45:00+00:00,764.0700073242188,764.35498046875,763.9500122070312,764.010009765625,253226
2026-08-26 16:50:00+00:00,764.2000122070312,764.3200073242188,764.0499877929688,764.0800170898438,173927
2026-08-26 16:55:00+00:00,764.719970703125,764.7999877929688,764.1799926757812,764.1799926757812,324047
2026-08-26 17:00:00+00:00,764.8889770507812,764.96240234375,764.5701293945312,764.7000122070312,152710
2026-08-26 17:05:00+00:00,765.0499877929688,765.1099853515625,764.7100219726562,764.8699951171875,155219
2026-08-26 17:10:00+00:00,765.1400146484375,765.1400146484375,764.989990234375,765.0499877929688,177797
2026-08-26 17:15:00+00:00,765.3350219726562,765.5,765.1492919921875,765.1492919921875,199620
2026-08-26 17:20:00+00:00,765.6500244140625,765.6599731445312,765.3300170898438,765.3350219726562,214656
2026-08-26 17:25:00+00:00,765.6500244140625,765.719970703125,765.4299926757812,765.6500244140625,277001
2026-08-26 17:30:00+00:00,765.760009765625,765.7999877929688,765.530029296875,765.6500244140625,212724
2026-08-26 17:35:00+00:00,765.6099853515625,765.8400268554688,765.5999755859375,765.77001953125,162198
2026-08-26 17:40:00+00:00,765.6799926757812,765.760009765625,765.469970703125,765.60498046875,212544
2026-08-26 17:45:00+00:00,765.4600219726562,765.7100219726562,765.4400024414062,765.6900024414062,231353
2026-08-26 17:50:00+00:00,765.7620239257812,765.780029296875,765.4409790039062,765.469970703125,121755
2026-08-26 17:55:00+00:00,765.6799926757812,765.8699951171875,765.6400146484375,765.7650146484375,109454
2026-08-26 18:00:00+00:00,765.510009765625,765.6900024414062,765.469970703125,765.6699829101562,251503
2026-08-26 18:05:00+00:00,765.77001953125,765.8599853515625,765.510009765625,765.52001953125,189514
2026-08-26 18:10:00+00:00,765.4099731445312,765.7899780273438,765.3800048828125,765.780029296875,190451
2026-08-26 18:15:00+00:00,765.7349853515625,765.77001953125,765.3499755859375,765.4099731445312,177850
2026-08-26 18:20:00+00:00,765.5650024414062,765.97998046875,765.5650024414062,765.739990234375,215818
2026-08-26 18:25:00+00:00,765.6099853515625,765.72802734375,765.47998046875,765.5700073242188,191404
2026-08-26 18:30:00+00:00,765.75,765.9000244140625,765.52001953125,765.6099853515625,243282
2026-08-26 18:35:00+00:00,765.739990234375,765.8300170898438,765.6099853515625,765.7550048828125,230244
2026-08-26 18:40:00+00:00,765.8599853515625,765.89501953125,765.6699829101562,765.7257690429688,421512
2026-08-26 18:45:00+00:00,766.3200073242188,766.4500122070312,765.8499755859375,765.8699951171875,336781
2026-08-26 18:50:00+00:00,766.469970703125,766.5800170898438,766.219970703125,766.3099975585938,402036
2026-08-26 18:55:00+00:00,766.510009765625,766.6400146484375,766.3300170898438,766.47998046875,263941
2026-08-26 19:00:00+00:00,767.27001953125,767.3499755859375,766.469970703125,766.530029296875,465035
2026-08-26 19:05:00+00:00,766.9500122070312,767.2894287109375,766.8800048828125,767.260009765625,150152
2026-08-26 19:10:00+00:00,766.969970703125,767.0999755859375,766.8699951171875,766.9550170898438,305193
2026-08-26 19:15:00+00:00,767.1900024414062,767.27001953125,766.9400024414062,766.9600219726562,287064
2026-08-26 19:20:00+00:00,767.030029296875,767.2000122070312,766.8200073242188,767.1900024414062,275185
2026-08-26 19:25:00+00:00,766.8900146484375,767.1300048828125,766.8300170898438,767.02001953125,293639
2026-08-26 19:30:00+00:00,766.8599853515625,766.9149780273438,766.75,766.9000244140625,373935
2026-08-26 19:35:00+00:00,766.6649780273438,766.8800048828125,766.5900268554688,766.8599853515625,418674
2026-08-26 19:40:00+00:00,766.6900024414062,766.8699951171875,766.5999755859375,766.6649780273438,684352
2026-08-26 19:45:00+00:00,767.1199951171875,767.1300048828125,766.6300048828125,766.7000122070312,755475
2026-08-26 19:50:00+00:00,766.1799926757812,767.2100219726562,766.010009765625,767.1199951171875,1217561
2026-08-26 19:55:00+00:00,766.010009765625,766.4400024414062,765.489990234375,766.1799926757812,1630545
2026-08-27 13:30:00+00:00,767.47998046875,768.8099975585938,767.1599731445312,768.5,2348700
2026-08-27 13:35:00+00:00,768.219970703125,768.27001953125,767.1599731445312,767.47998046875,525672
2026-08-27 13:40:00+00:00,769.1900024414062,769.2000122070312,767.9600219726562,768.22998046875,717668
2026-08-27 13:45:00+00:00,768.0599975585938,769.6900024414062,767.7150268554688,769.219970703125,994450
2026-08-27 13:50:00+00:00,769.1849975585938,769.3699951171875,768.0700073242188,768.0700073242188,722341
2026-08-27 13:55:00+00:00,768.4055786132812,769.2487182617188,767.6199951171875,769.1699829101562,588090
2026-08-27 14:00:00+00:00,768.7899780273438,769.010009765625,768.2120971679688,768.4000244140625,580218
2026-08-27 14:05:00+00:00,768.4299926757812,769.0900268554688,768.0499877929688,768.7899780273438,304076
2026-08-27 14:10:00+00:00,768.655029296875,768.989990234375,768.4500122070312,768.4503173828125,315771
2026-08-27 14:15:00+00:00,769.1599731445312,769.3400268554688,768.6599731445312,768.6599731445312,470757
2026-08-27 14:20:00+00:00,769.4600219726562,769.5900268554688,769.0499877929688,769.1599731445312,304222
2026-08-27 14:25:00+00:00,769.6749877929688,769.8800048828125,769.260009765625,769.469970703125,375978
2026-08-27 14:30:00+00:00,769.3699951171875,769.739990234375,769.0599975585938,769.6998901367188,208017
2026-08-27 14:35:00+00:00,769.3400268554688,770.0399780273438,769.3200073242188,769.4000244140625,291257
2026-08-27 14:40:00+00:00,769.6199951171875,769.6699829101562,769.3250122070312,769.3499755859375,144726
2026-08-27 14:45:00+00:00,770.239990234375,770.2899780273438,769.35498046875,769.6099853515625,282886
2026-08-27 14:50:00+00:00,770.1300048828125,770.4400024414062,769.8900146484375,770.219970703125,285754
2026-08-27 14:55:00+00:00,770.39501953125,770.4000244140625,769.7349853515625,770.125,211617
2026-08-27 15:00:00+00:00,770.6300048828125,770.6599731445312,770.2280883789062,770.4099731445312,351905
2026-08-27 15:05:00+00:00,770.5401000976562,770.7100219726562,770.3250122070312,770.6199951171875,264591
2026-08-27 15:10:00+00:00,770.8200073242188,770.8400268554688,770.5,770.5399780273438,174918
2026-08-27 15:15:00+00:00,770.9600219726562,771.0999755859375,770.7999877929688,770.8298950195312,243951
2026-08-27 15:20:00+00:00,770.780029296875,771.0800170898438,770.7449951171875,770.97998046875,248394
2026-08-27 15:25:00+00:00,770.3150024414062,770.7999877929688,770.22998046875,770.7899780273438,203770
2026-08-27 15:30:00+00:00,770.2150268554688,770.6199951171875,770.0900268554688,770.3099975585938,544965
2026-08-27 15:35:00+00:00,769.9099731445312,770.3300170898438,769.8150024414062,770.22998046875,248213
2026-08-27 15:40:00+00:00,769.6500244140625,770.3599853515625,769.614990234375,769.9299926757812,463270
2026-08-27 15:45:00+00:00,769.6799926757812,769.72998046875,769.3900146484375,769.6599731445312,238609
2026-08-27 15:50:00+00:00,770.8599853515625,770.8800048828125,769.6649780273438,769.6699829101562,245185
2026-08-27 15:55:00+00:00,770.6400146484375,770.8599853515625,770.530029296875,770.8599853515625,238924
2026-08-27 16:00:00+00:00,770.8400268554688,770.969970703125,770.5499877929688,770.6400146484375,201115
2026-08-27 16:05:00+00:00,770.5399780273438,770.8499755859375,770.4400024414062,770.8300170898438,203359
2026-08-27 16:10:00+00:00,770.6298828125,770.7550048828125,770.4199829101562,770.510009765625,119828
2026-08-27 16:15:00+00:00,770.6099853515625,770.8107299804688,770.510009765625,770.5999755859375,101617
2026-08-27 16:20:00+00:00,770.5374755859375,770.6300048828125,770.3400268554688,770.5999755859375,123570
2026-08-27 16:25:00+00:00,770.9099731445312,770.9099731445312,770.4299926757812,770.530029296875,241088
2026-08-27 16:30:00+00:00,771.1599731445312,771.1699829101562,770.8200073242188,770.9099731445312,193918
2026-08-27 16:35:00+00:00,771.510009765625,771.5250244140625,771.1199951171875,771.1599731445312,226517
2026-08-27 16:40:00+00:00,771.6900024414062,771.7899780273438,771.510009765625,771.5499877929688,226714
2026-08-27 16:45:00+00:00,771.7050170898438,771.9400024414062,771.6599731445312,771.6900024414062,190693
2026-08-27 16:50:00+00:00,771.9299926757812,772.010009765625,771.6099853515625,771.72998046875,241641
2026-08-27 16:55:00+00:00,771.989990234375,772.030029296875,771.719970703125,771.9299926757812,208420
2026-08-27 17:00:00+00:00,772.030029296875,772.1500244140625,771.9600219726562,772.02001953125,202343
2026-08-27 17:05:00+00:00,772.219970703125,772.25,771.75,772.0399780273438,217071
2026-08-27 17:10:00+00:00,772.1900024414062,772.35498046875,772.0999755859375,772.22998046875,143701
2026-08-27 17:15:00+00:00,772.1300048828125,772.280029296875,772.0380249023438,772.2100219726562,225144
2026-08-27 17:20:00+00:00,772.1799926757812,772.2700805664062,772.0499877929688,772.125,303960
2026-08-27 17:25:00+00:00,771.75,772.1799926757812,771.5999755859375,772.1799926757812,478660
2026-08-27 17:30:00+00:00,771.77001953125,772.0599975585938,771.6849975585938,771.75,203362
2026-08-27 17:35:00+00:00,771.72998046875,771.8800048828125,771.6851196289062,771.77001953125,126804
2026-08-27 17:40:00+00:00,771.6400146484375,771.959716796875,771.5900268554688,771.739990234375,264748
2026-08-27 17:45:00+00:00,771.3900146484375,771.669921875,771.2999877929688,771.6300048828125,273019
2026-08-27 17:50:00+00:00,771.3499755859375,771.4500122070312,771.2100219726562,771.405029296875,208262
2026-08-27 17:55:00+00:00,771.2249755859375,771.4500122070312,771.0999755859375,771.3699951171875,278355
2026-08-27 18:00:00+00:00,770.5250244140625,771.3900146484375,770.5,771.2249755859375,453717
2026-08-27 18:05:00+00:00,770.489990234375,771.0,770.3499755859375,770.5250244140625,254651
2026-08-27 18:10:00+00:00,770.260009765625,770.5499877929688,769.9849853515625,770.52001953125,346669
2026-08-27 18:15:00+00:00,770.2750244140625,770.5194702148438,770.0700073242188,770.27001953125,194327
2026-08-27 18:20:00+00:00,770.0900268554688,770.4500122070312,770.010009765625,770.27001953125,192404
2026-08-27 18:25:00+00:00,769.4600219726562,770.1099853515625,769.260009765625,770.0900268554688,411160
2026-08-27 18:30:00+00:00,769.5399780273438,769.9349975585938,769.4299926757812,769.469970703125,420777
2026-08-27 18:35:00+00:00,770.0499877929688,770.0599975585938,769.47998046875,769.5499877929688,310402
2026-08-27 18:40:00+00:00,769.8800048828125,770.1199951171875,769.7899780273438,770.0449829101562,122501
2026-08-27 18:45:00+00:00,769.5040283203125,770.0800170898438,769.5,769.8900146484375,219319
2026-08-27 18:50:00+00:00,769.3300170898438,769.6199951171875,769.3099975585938,769.52001953125,293598
2026-08-27 18:55:00+00:00,769.6500244140625,769.77001953125,769.1599731445312,769.3350219726562,397264
2026-08-27 19:00:00+00:00,769.9400024414062,770.0399780273438,769.52001953125,769.6500244140625,427887
2026-08-27 19:05:00+00:00,770.1400146484375,770.2000122070312,769.7100219726562,769.9500122070312,604997
2026-08-27 19:10:00+00:00,769.8900146484375,770.22998046875,769.8900146484375,770.1300048828125,219694
2026-08-27 19:15:00+00:00,770.1900024414062,770.22998046875,769.9000244140625,769.9000244140625,351737
2026-08-27 19:20:00+00:00,770.0150146484375,770.280029296875,769.97998046875,770.1749877929688,277348
2026-08-27 19:25:00+00:00,769.9400024414062,770.0800170898438,769.760009765625,770.0100708007812,386174
2026-08-27 19:30:00+00:00,770.4400024414062,770.47998046875,769.8699951171875,769.9450073242188,269612
2026-08-27 19:35:00+00:00,770.5499877929688,770.6099853515625,770.4000244140625,770.4600219726562,341980
2026-08-27 19:40:00+00:00,770.6500244140625,770.6790161132812,770.3900146484375,770.5399780273438,454321
2026-08-27 19:45:00+00:00,770.7899780273438,770.8800048828125,770.5599975585938,770.6400146484375,572686
2026-08-27 19:50:00+00:00,771.2150268554688,771.3300170898438,770.4000244140625,770.7899780273438,773924
2026-08-27 19:55:00+00:00,771.0399780273438,771.3599853515625,770.9199829101562,771.219970703125,3081226
2026-08-28 13:30:00+00:00,772.0,772.0900268554688,771.469970703125,771.760009765625,1185700
2026-08-28 13:35:00+00:00,772.239990234375,772.4400024414062,771.72998046875,772.0250244140625,359329
2026-08-28 13:40:00+00:00,772.5800170898438,772.8400268554688,772.1599731445312,772.260009765625,283565
2026-08-28 13:45:00+00:00,772.1400146484375,772.8699951171875,771.989990234375,772.5800170898438,367203
2026-08-28 13:50:00+00:00,771.719970703125,772.1900024414062,771.6699829101562,772.1900024414062,366210
2026-08-28 13:55:00+00:00,771.780029296875,772.3699951171875,771.6300048828125,771.72998046875,326392
2026-08-28 14:00:00+00:00,771.7482299804688,773.1300048828125,771.25,771.7899780273438,930125
2026-08-28 14:05:00+00:00,771.0,771.7949829101562,770.6199951171875,771.7380981445312,735377
2026-08-28 14:10:00+00:00,770.280029296875,771.0999755859375,769.77001953125,770.989990234375,692198
2026-08-28 14:15:00+00:00,771.4299926757812,771.739990234375,770.1199951171875,770.239990234375,725171
2026-08-28 14:20:00+00:00,771.5800170898438,772.22998046875,770.97998046875,771.4099731445312,500677
2026-08-28 14:25:00+00:00,771.2999877929688,771.6900024414062,770.5900268554688,771.5900268554688,498738
2026-08-28 14:30:00+00:00,772.1400146484375,772.1599731445312,770.9000244140625,771.2999877929688,371897
2026-08-28 14:35:00+00:00,772.3300170898438,772.719970703125,772.0,772.14501953125,324347
2026-08-28 14:40:00+00:00,773.3900146484375,773.5599975585938,772.2999877929688,772.3300170898438,374829
2026-08-28 14:45:00+00:00,773.85498046875,773.8599853515625,773.2000122070312,773.4299926757812,549211
2026-08-28 14:50:00+00:00,774.5399780273438,774.7000122070312,773.780029296875,773.8599853515625,578937
2026-08-28 14:55:00+00:00,774.9600830078125,775.0399780273438,774.4600219726562,774.5349731445312,644611
2026-08-28 15:00:00+00:00,774.9099731445312,775.2999877929688,774.760009765625,774.97998046875,545947
2026-08-28 15:05:00+00:00,774.239990234375,775.0399780273438,774.1024780273438,774.9000244140625,505790
2026-08-28 15:10:00+00:00,774.1950073242188,774.4400024414062,773.8200073242188,774.239990234375,364453
2026-08-28 15:15:00+00:00,774.2999877929688,774.6699829101562,774.1900024414062,774.1900024414062,221236
2026-08-28 15:20:00+00:00,774.8250122070312,774.9000244140625,774.3049926757812,774.3099975585938,217533
2026-08-28 15:25:00+00:00,774.9500122070312,775.219970703125,774.7318725585938,774.8200073242188,388341
2026-08-28 15:30:00+00:00,774.4600219726562,775.0,774.4500122070312,774.969970703125,236755
2026-08-28 15:35:00+00:00,773.6500244140625,774.6099853515625,773.5700073242188,774.4600219726562,286963
2026-08-28 15:40:00+00:00,772.8200073242188,773.6599731445312,772.6699829101562,773.6599731445312,665456
2026-08-28 15:45:00+00:00,772.2899780273438,773.030029296875,772.1699829101562,772.8200073242188,461804
2026-08-28 15:50:00+00:00,772.0999145507812,772.489990234375,771.469970703125,772.2899780273438,476354
2026-08-28 15:55:00+00:00,771.0700073242188,772.1300048828125,770.8300170898438,772.0999755859375,436442
2026-08-28 16:00:00+00:00,770.8099975585938,771.22998046875,770.4600219726562,771.0850219726562,581209
2026-08-28 16:05:00+00:00,771.5587768554688,771.6500244140625,770.75,770.8049926757812,456579
2026-08-28 16:10:00+00:00,770.97998046875,771.5900268554688,770.9500122070312,771.5413818359375,335237
2026-08-28 16:15:00+00:00,770.1799926757812,771.22998046875,769.7550048828125,770.989990234375,369719
2026-08-28 16:20:00+00:00,769.5,770.3599853515625,769.1400146484375,770.1799926757812,456257
2026-08-28 16:25:00+00:00,769.5999755859375,769.8800048828125,769.3101196289062,769.469970703125,261618
2026-08-28 16:30:00+00:00,769.6400146484375,770.52001953125,769.5750122070312,769.5999755859375,324747
2026-08-28 16:35:00+00:00,770.3400268554688,770.6199951171875,769.6400146484375,769.6450805664062,252162
2026-08-28 16:40:00+00:00,769.6699829101562,770.3599853515625,769.5399780273438,770.3300170898438,201958
2026-08-28 16:45:00+00:00,770.4199829101562,770.60498046875,769.6500244140625,769.6799926757812,735803
2026-08-28 16:50:00+00:00,769.9400024414062,770.7000122070312,769.8300170898438,770.4099731445312,237594
2026-08-28 16:55:00+00:00,769.6900024414062,770.0999755859375,769.6799926757812,769.9299926757812,296481
2026-08-28 17:00:00+00:00,768.9949951171875,769.7100219726562,768.6599731445312,769.6799926757812,381643
2026-08-28 17:05:00+00:00,768.489990234375,769.010009765625,768.469970703125,769.0,302494
2026-08-28 17:10:00+00:00,769.3499755859375,769.3499755859375,768.3076171875,768.47998046875,304153
2026-08-28 17:15:00+00:00,769.1300048828125,769.4099731445312,768.9400024414062,769.3499755859375,272741
2026-08-28 17:20:00+00:00,768.9749755859375,769.219970703125,768.5800170898438,769.1300048828125,247381
2026-08-28 17:25:00+00:00,768.8200073242188,769.3250122070312,768.77001953125,768.97998046875,176927
2026-08-28 17:30:00+00:00,769.3200073242188,769.4600219726562,768.719970703125,768.8400268554688,165108
2026-08-28 17:35:00+00:00,768.6599731445312,769.5,768.5999755859375,769.3400268554688,234228
2026-08-28 17:40:00+00:00,769.0700073242188,769.1599731445312,768.6400146484375,768.6589965820312,187361
2026-08-28 17:45:00+00:00,769.6599731445312,769.72998046875,768.8900146484375,769.0499877929688,164535
2026-08-28 17:50:00+00:00,769.5,769.739990234375,769.4249877929688,769.6599731445312,146107
2026-08-28 17:55:00+00:00,769.5399169921875,769.5800170898438,769.0800170898438,769.5,140284
2026-08-28 18:00:00+00:00,769.52001953125,769.7999877929688,769.3400268554688,769.5599975585938,192034
2026-08-28 18:05:00+00:00,769.5700073242188,769.75,769.3400268554688,769.5,153586
2026-08-28 18:10:00+00:00,769.219970703125,769.780029296875,769.2000122070312,769.5800170898438,198963
2026-08-28 18:15:00+00:00,769.4149780273438,769.5299072265625,769.1400146484375,769.22998046875,146788
2026-08-28 18:20:00+00:00,769.0700073242188,769.5700073242188,768.9299926757812,769.4099731445312,191276
2026-08-28 18:25:00+00:00,769.0599975585938,769.3300170898438,768.8900146484375,769.0599975585938,157562
2026-08-28 18:30:00+00:00,769.3699951171875,769.47998046875,769.0,769.0499877929688,178395
2026-08-28 18:35:00+00:00,769.1099853515625,769.5800170898438,769.0599975585938,769.3800048828125,293078
2026-08-28 18:40:00+00:00,769.3150024414062,769.3900146484375,769.030029296875,769.1099853515625,217427
2026-08-28 18:45:00+00:00,768.77001953125,769.3049926757812,768.719970703125,769.27001953125,138564
2026-08-28 18:50:00+00:00,768.5599975585938,768.760009765625,768.3099975585938,768.760009765625,307478
2026-08-28 18:55:00+00:00,768.6799926757812,768.7899780273438,768.3699951171875,768.52001953125,207462
2026-08-28 19:00:00+00:00,768.7999877929688,768.9500122070312,768.469970703125,768.6799926757812,177222
2026-08-28 19:05:00+00:00,769.3499755859375,769.3699951171875,768.7100830078125,768.7899780273438,364153
2026-08-28 19:10:00+00:00,769.236328125,769.3800048828125,768.989990234375,769.3400268554688,373847
2026-08-28 19:15:00+00:00,769.2100219726562,769.280029296875,768.9967041015625,769.219970703125,298514
2026-08-28 19:20:00+00:00,769.3200073242188,769.52001953125,769.1500244140625,769.219970703125,495071
2026-08-28 19:25:00+00:00,769.5150146484375,769.5900268554688,769.2899780273438,769.3099975585938,260564
2026-08-28 19:30:00+00:00,769.4000244140625,769.5100708007812,769.1799926757812,769.510009765625,395715
2026-08-28 19:35:00+00:00,769.5449829101562,769.5750122070312,769.1300048828125,769.4000244140625,389938
2026-08-28 19:40:00+00:00,769.6199951171875,769.7899780273438,769.530029296875,769.5499877929688,701539
2026-08-28 19:45:00+00:00,769.239990234375,769.6900024414062,769.02001953125,769.5999755859375,802394
2026-08-28 19:50:00+00:00,769.3599853515625,769.780029296875,769.1099853515625,769.25,1057313
2026-08-28 19:55:00+00:00,769.3800048828125,769.8800048828125,769.0700073242188,769.3499755859375,2670344
2026-08-31 13:30:00+00:00,766.3800048828125,767.6199951171875,766.3049926757812,767.3300170898438,2007748
2026-08-31 13:35:00+00:00,766.2750244140625,766.52001953125,765.75,766.3699951171875,559315
2026-08-31 13:40:00+00:00,765.8049926757812,766.6400146484375,765.780029296875,766.25,440840
2026-08-31 13:45:00+00:00,766.114990234375,766.6300048828125,765.5,765.8300170898438,596028
2026-08-31 13:50:00+00:00,766.52001953125,766.530029296875,765.780029296875,766.1199951171875,335539
2026-08-31 13:55:00+00:00,766.1799926757812,766.7100219726562,766.0800170898438,766.47998046875,357326
2026-08-31 14:00:00+00:00,765.7999877929688,766.2999877929688,765.7000122070312,766.1900024414062,369270
2026-08-31 14:05:00+00:00,765.5,766.0800170898438,765.4600219726562,765.7899780273438,317612
2026-08-31 14:10:00+00:00,765.8101196289062,765.864990234375,765.3400268554688,765.4749755859375,262560
2026-08-31 14:15:00+00:00,765.9500122070312,766.0399780273438,765.5599975585938,765.7999877929688,300984
2026-08-31 14:20:00+00:00,765.0098876953125,765.9749755859375,765.0,765.9550170898438,291138
2026-08-31 14:25:00+00:00,764.9299926757812,765.0900268554688,764.7150268554688,765.010009765625,421453
2026-08-31 14:30:00+00:00,764.9000244140625,765.1500244140625,764.7999877929688,764.885009765625,266103
2026-08-31 14:35:00+00:00,765.6400146484375,765.7899780273438,764.8250122070312,764.8900146484375,309293
2026-08-31 14:40:00+00:00,765.8200073242188,766.0700073242188,765.5800170898438,765.6199951171875,282020
2026-08-31 14:45:00+00:00,765.4199829101562,765.8300170898438,765.3699951171875,765.8300170898438,215483
2026-08-31 14:50:00+00:00,765.8400268554688,765.8599853515625,765.3499755859375,765.4395141601562,168835
2026-08-31 14:55:00+00:00,765.9500122070312,766.3989868164062,765.72998046875,765.8433837890625,290970
2026-08-31 15:00:00+00:00,765.760009765625,766.4600219726562,765.6704711914062,765.9500122070312,361583
2026-08-31 15:05:00+00:00,765.6799926757812,766.2000122070312,765.6104736328125,765.760009765625,175330
2026-08-31 15:10:00+00:00,765.739990234375,765.969970703125,765.5499877929688,765.6900024414062,291550
2026-08-31 15:15:00+00:00,765.77001953125,765.9199829101562,765.3800048828125,765.7349853515625,181202
2026-08-31 15:20:00+00:00,766.0349731445312,766.0650024414062,765.5800170898438,765.780029296875,189790
2026-08-31 15:25:00+00:00,765.9400024414062,766.1799926757812,765.8200073242188,766.030029296875,154133
2026-08-31 15:30:00+00:00,765.7598876953125,766.0,765.4400024414062,765.9500122070312,251352
2026-08-31 15:35:00+00:00,765.5900268554688,765.844970703125,765.4299926757812,765.739990234375,212571
2026-08-31 15:40:00+00:00,765.8350219726562,765.8699951171875,765.4000244140625,765.5963745117188,146851
2026-08-31 15:45:00+00:00,765.851806640625,766.010009765625,765.6599731445312,765.8499755859375,118165
2026-08-31 15:50:00+00:00,766.0800170898438,766.3400268554688,765.8599853515625,765.8599853515625,246037
2026-08-31 15:55:00+00:00,765.419921875,766.1199951171875,765.3099975585938,766.0599975585938,169298
2026-08-31 16:00:00+00:00,765.1599731445312,765.4199829101562,765.0599975585938,765.4199829101562,233605
2026-08-31 16:05:00+00:00,765.135009765625,765.2100219726562,764.97998046875,765.1400146484375,251338
2026-08-31 16:10:00+00:00,765.7100219726562,765.77001953125,765.0800170898438,765.1300048828125,201127
2026-08-31 16:15:00+00:00,765.580078125,765.760009765625,765.27001953125,765.7150268554688,205946
2026-08-31 16:20:00+00:00,765.469970703125,765.6900024414062,765.27001953125,765.6099853515625,184921
2026-08-31 16:25:00+00:00,765.9000244140625,765.9500122070312,765.469970703125,765.489990234375,185065
2026-08-31 16:30:00+00:00,765.8049926757812,765.9500122070312,765.6300048828125,765.8948974609375,272440
2026-08-31 16:35:00+00:00,765.219970703125,765.9299926757812,765.2150268554688,765.8200073242188,160154
2026-08-31 16:40:00+00:00,765.4149780273438,765.75,765.1900024414062,765.22998046875,283496
2026-08-31 16:45:00+00:00,765.75,765.8599853515625,765.4199829101562,765.4199829101562,177902
2026-08-31 16:50:00+00:00,765.8099975585938,765.9600219726562,765.6799926757812,765.739990234375,162079
2026-08-31 16:55:00+00:00,765.8400268554688,765.97998046875,765.760009765625,765.7999877929688,133980
2026-08-31 17:00:00+00:00,765.6500244140625,765.8900146484375,765.5700073242188,765.8499755859375,154882
2026-08-31 17:05:00+00:00,765.5850219726562,765.8400268554688,765.5399780273438,765.6900024414062,119731
2026-08-31 17:10:00+00:00,765.9199829101562,765.9398803710938,765.5700073242188,765.5800170898438,103713
2026-08-31 17:15:00+00:00,765.8599853515625,766.0599975585938,765.7000122070312,765.9099731445312,142761
2026-08-31 17:20:00+00:00,765.7999877929688,765.9400024414062,765.7100219726562,765.8499755859375,112812
2026-08-31 17:25:00+00:00,765.4199829101562,765.8200073242188,765.3900146484375,765.7899780273438,149256
2026-08-31 17:30:00+00:00,765.2899780273438,765.5499877929688,765.1699829101562,765.4249877929688,227087
2026-08-31 17:35:00+00:00,765.8400268554688,765.8400268554688,765.3049926757812,765.3200073242188,96701
2026-08-31 17:40:00+00:00,766.239990234375,766.239990234375,765.780029296875,765.8400268554688,153606
2026-08-31 17:45:00+00:00,766.3250122070312,766.4500122070312,766.1400146484375,766.260009765625,158956
2026-08-31 17:50:00+00:00,766.7698974609375,766.7698974609375,766.3150024414062,766.3200073242188,210208
2026-08-31 17:55:00+00:00,766.52001953125,766.8099975585938,766.3800048828125,766.75,254319
2026-08-31 18:00:00+00:00,766.5999755859375,766.64990234375,766.1799926757812,766.5,262456
2026-08-31 18:05:00+00:00,766.6699829101562,766.7000122070312,766.469970703125,766.5900268554688,111087
2026-08-31 18:10:00+00:00,766.719970703125,766.72998046875,766.4500122070312,766.6699829101562,150759
2026-08-31 18:15:00+00:00,766.6950073242188,766.780029296875,766.5499877929688,766.7000122070312,255706
2026-08-31 18:20:00+00:00,766.614990234375,766.8400268554688,766.5,766.6950073242188,201499
2026-08-31 18:25:00+00:00,766.2999877929688,766.639892578125,766.280029296875,766.6199951171875,178821
2026-08-31 18:30:00+00:00,766.030029296875,766.4199829101562,766.0,766.2999877929688,648554
2026-08-31 18:35:00+00:00,765.4550170898438,766.0800170898438,765.27001953125,766.010009765625,443699
2026-08-31 18:40:00+00:00,765.3499145507812,765.5700073242188,765.0499877929688,765.4550170898438,375543
2026-08-31 18:45:00+00:00,765.4246215820312,765.4400024414062,765.1900024414062,765.3499755859375,168128
2026-08-31 18:50:00+00:00,765.6500244140625,765.719970703125,765.22998046875,765.4299926757812,303154
2026-08-31 18:55:00+00:00,765.6699829101562,765.89501953125,765.5499877929688,765.6400146484375,243168
2026-08-31 19:00:00+00:00,765.8099975585938,766.0499877929688,765.6699829101562,765.6699829101562,287123
2026-08-31 19:05:00+00:00,766.0150146484375,766.0399780273438,765.6799926757812,765.7899780273438,444544
2026-08-31 19:10:00+00:00,766.1799926757812,766.2164916992188,765.9409790039062,766.030029296875,214565
2026-08-31 19:15:00+00:00,766.0349731445312,766.25,765.97998046875,766.1799926757812,170588
2026-08-31 19:20:00+00:00,766.4099731445312,766.489990234375,765.989990234375,766.030029296875,227803
2026-08-31 19:25:00+00:00,766.635009765625,766.75,766.27001953125,766.4199829101562,292548
2026-08-31 19:30:00+00:00,766.4400024414062,766.6300048828125,766.1799926757812,766.6199951171875,272201
2026-08-31 19:35:00+00:00,766.6400146484375,766.7000122070312,766.3900146484375,766.4600219726562,399217
2026-08-31 19:40:00+00:00,767.010009765625,767.2050170898438,766.5999755859375,766.6300048828125,555216
2026-08-31 19:45:00+00:00,766.8499755859375,767.1599731445312,766.5999755859375,767.0,1090556
2026-08-31 19:50:00+00:00,767.3825073242188,767.6500244140625,766.8699951171875,766.8699951171875,3108863
2026-08-31 19:55:00+00:00,766.9500122070312,767.9949951171875,766.5800170898438,767.3599853515625,5474019
2026-09-01 13:30:00+00:00,761.9299926757812,762.1395263671875,761.1799926757812,762.010009765625,2402466
2026-09-01 13:35:00+00:00,761.7698974609375,762.39990234375,761.6099853515625,761.9400024414062,586625
2026-09-01 13:40:00+00:00,761.9600219726562,762.1199951171875,761.4299926757812,761.760009765625,476228
2026-09-01 13:45:00+00:00,762.2000122070312,762.2000122070312,761.6799926757812,761.9600219726562,484559
2026-09-01 13:50:00+00:00,761.8099975585938,762.47998046875,761.5946044921875,762.1799926757812,398859
2026-09-01 13:55:00+00:00,762.0150146484375,762.094970703125,761.4749755859375,761.8200073242188,410744
2026-09-01 14:00:00+00:00,762.1699829101562,762.5599975585938,761.739990234375,762.02001953125,426329
2026-09-01 14:05:00+00:00,762.9000244140625,762.9600219726562,762.1699829101562,762.1699829101562,353248
2026-09-01 14:10:00+00:00,763.0,763.083984375,762.4931030273438,762.9202270507812,341229
2026-09-01 14:15:00+00:00,763.3099975585938,763.52001953125,762.9000244140625,762.989990234375,402467
2026-09-01 14:20:00+00:00,763.6799926757812,764.0,763.3200073242188,763.3200073242188,360586
2026-09-01 14:25:00+00:00,763.7694702148438,764.0,763.6199951171875,763.6900024414062,336408
2026-09-01 14:30:00+00:00,764.4500122070312,764.4998779296875,763.75,763.760009765625,512464
2026-09-01 14:35:00+00:00,764.27001953125,764.5499877929688,764.0700073242188,764.4509887695312,401985
2026-09-01 14:40:00+00:00,764.1599731445312,764.3400268554688,763.8961791992188,764.27001953125,308914
2026-09-01 14:45:00+00:00,763.9199829101562,764.3599853515625,763.9199829101562,764.1599731445312,352920
2026-09-01 14:50:00+00:00,763.5900268554688,763.9299926757812,763.5,763.9299926757812,262548
2026-09-01 14:55:00+00:00,763.5399780273438,763.6998901367188,763.35009765625,763.5900268554688,348913
2026-09-01 15:00:00+00:00,763.1099853515625,763.6599731445312,763.010009765625,763.5599975585938,259723
2026-09-01 15:05:00+00:00,762.7999877929688,763.1699829101562,762.6699829101562,763.0700073242188,412531
2026-09-01 15:10:00+00:00,762.9255981445312,763.1701049804688,762.7100219726562,762.7825927734375,285042
2026-09-01 15:15:00+00:00,763.2899780273438,763.3499755859375,762.8499755859375,762.9400024414062,215011
2026-09-01 15:20:00+00:00,763.4500122070312,763.469970703125,763.0700073242188,763.289794921875,222401
2026-09-01 15:25:00+00:00,763.5900268554688,763.6099853515625,763.2100219726562,763.4299926757812,235867
2026-09-01 15:30:00+00:00,763.6199951171875,763.780029296875,763.4400024414062,763.5900268554688,238973
2026-09-01 15:35:00+00:00,764.0999755859375,764.1094970703125,763.47998046875,763.6199951171875,237135
2026-09-01 15:40:00+00:00,764.22998046875,764.27001953125,763.989990234375,764.0900268554688,260867
2026-09-01 15:45:00+00:00,764.5599975585938,764.5999755859375,764.1300048828125,764.219970703125,335095
2026-09-01 15:50:00+00:00,764.5499877929688,764.6699829101562,764.280029296875,764.5599975585938,283491
2026-09-01 15:55:00+00:00,764.2899780273438,764.5800170898438,764.1199951171875,764.5449829101562,307879
2026-09-01 16:00:00+00:00,764.260009765625,764.3400268554688,764.0599975585938,764.2899780273438,315458
2026-09-01 16:05:00+00:00,763.8900146484375,764.2999877929688,763.8099975585938,764.22998046875,222141
2026-09-01 16:10:00+00:00,763.5399780273438,764.0999755859375,763.510009765625,763.9099731445312,242293
2026-09-01 16:15:00+00:00,763.02001953125,763.6199951171875,762.9600219726562,763.5349731445312,310203
2026-09-01 16:20:00+00:00,762.8699951171875,763.0900268554688,762.4000244140625,763.0050048828125,568958
2026-09-01 16:25:00+00:00,762.5399169921875,762.9400024414062,762.2899780273438,762.8499755859375,495920
2026-09-01 16:30:00+00:00,761.69921875,762.6300048828125,761.5800170898438,762.5399780273438,594124
2026-09-01 16:35:00+00:00,762.2100219726562,762.22998046875,761.6900024414062,761.7100219726562,303533
2026-09-01 16:40:00+00:00,761.7100219726562,762.3699951171875,761.6599731445312,762.22998046875,299538
2026-09-01 16:45:00+00:00,761.9600219726562,762.02001953125,761.6400146484375,761.7000122070312,188674
2026-09-01 16:50:00+00:00,761.8800048828125,762.0800170898438,761.739990234375,761.9500122070312,170145
2026-09-01 16:55:00+00:00,762.260009765625,762.3900146484375,761.9000244140625,761.9000244140625,215350
2026-09-01 17:00:00+00:00,761.7100219726562,762.2899780273438,761.6900024414062,762.260009765625,205705
2026-09-01 17:05:00+00:00,761.7000122070312,761.8300170898438,761.5,761.7100219726562,273568
2026-09-01 17:10:00+00:00,761.9650268554688,762.0900268554688,761.6199951171875,761.7000122070312,275642
2026-09-01 17:15:00+00:00,761.60498046875,762.1500244140625,761.5,761.9600219726562,291021
2026-09-01 17:20:00+00:00,761.5999755859375,761.780029296875,761.489990234375,761.6199951171875,183689
2026-09-01 17:25:00+00:00,761.6799926757812,761.739990234375,760.72998046875,761.6199951171875,532099
2026-09-01 17:30:00+00:00,761.989990234375,762.0499877929688,761.6199951171875,761.6799926757812,278948
2026-09-01 17:35:00+00:00,761.9149780273438,762.2000122070312,761.780029296875,761.9949951171875,489639
2026-09-01 17:40:00+00:00,762.0700073242188,762.22998046875,761.8599853515625,761.9199829101562,175555
2026-09-01 17:45:00+00:00,761.5750122070312,762.1400146484375,761.5599975585938,762.0499877929688,218659
2026-09-01 17:50:00+00:00,761.5599975585938,761.8400268554688,761.47998046875,761.5750122070312,256975
2026-09-01 17:55:00+00:00,761.8200073242188,761.8800048828125,761.4600219726562,761.5650024414062,203629
2026-09-01 18:00:00+00:00,761.60009765625,762.0399780273438,761.5565185546875,761.8099975585938,276901
2026-09-01 18:05:00+00:00,761.6599731445312,761.6900024414062,761.4218139648438,761.5999755859375,291606
2026-09-01 18:10:00+00:00,761.3800048828125,761.7100219726562,761.30322265625,761.64501953125,193232
2026-09-01 18:15:00+00:00,761.47998046875,761.47998046875,761.280029296875,761.3699951171875,127176
