Datetime,Close,High,Low,Open,Volume
2026-06-09 07:00:00+00:00,13586.0,13716.0,13532.0,13632.0,48623
2026-06-09 07:15:00+00:00,13516.0,13610.0,13504.0,13590.0,44580
2026-06-09 07:30:00+00:00,13588.0,13604.0,13496.0,13518.0,42418
2026-06-09 07:45:00+00:00,13572.0,13612.0,13538.0,13592.0,8933
2026-06-09 08:00:00+00:00,13560.0,13606.0,13540.0,13566.0,13782
2026-06-09 08:15:00+00:00,13538.0,13572.0,13524.0,13564.0,12095
2026-06-09 08:30:00+00:00,13554.0,13558.0,13522.0,13538.0,11843
2026-06-09 08:45:00+00:00,13568.0,13587.0,13555.7958984375,13556.0,12080
2026-06-09 09:00:00+00:00,13560.0,13588.0,13546.0,13566.0,9997
2026-06-09 09:15:00+00:00,13492.0,13562.0,13490.0,13562.0,17980
2026-06-09 09:30:00+00:00,13550.0,13554.0,13486.0,13494.0,20887
2026-06-09 09:45:00+00:00,13528.0,13568.0,13528.0,13550.0,23528
2026-06-09 10:00:00+00:00,13552.0,13552.0,13522.0,13524.0,16693
2026-06-09 10:15:00+00:00,13562.0,13564.0,13540.0,13554.0,4754
2026-06-09 10:30:00+00:00,13588.0,13600.0,13562.0,13562.0,4920
2026-06-09 10:45:00+00:00,13596.0,13604.0,13584.0,13592.0,4246
2026-06-09 11:00:00+00:00,13600.0,13616.0,13588.0,13602.0,8794
2026-06-09 11:15:00+00:00,13604.0,13616.0,13592.0,13597.59375,6890
2026-06-09 11:30:00+00:00,13598.0,13628.0,13598.0,13608.0,19888
2026-06-09 11:45:00+00:00,13608.0,13610.0,13590.0,13597.7412109375,4858
2026-06-09 12:00:00+00:00,13566.0,13616.0,13566.0,13610.0,11792
2026-06-09 12:15:00+00:00,13572.0,13584.0,13558.9130859375,13568.0,11731
2026-06-09 12:30:00+00:00,13498.0,13570.0,13494.0,13570.0,25626
2026-06-09 12:45:00+00:00,13520.0,13617.0,13490.0,13496.0,22501
2026-06-09 13:00:00+00:00,13542.0,13564.0,13488.0,13520.0,28937
2026-06-09 13:15:00+00:00,13562.0,13574.0,13536.0,13546.0,9090
2026-06-09 13:30:00+00:00,13606.0,13654.0,13548.0,13562.0,44602
2026-06-09 13:45:00+00:00,13548.0,13632.0,13526.0,13606.0,45051
2026-06-09 14:00:00+00:00,13588.0,13640.0,13544.0,13554.0,42102
2026-06-09 14:15:00+00:00,13632.0,13636.0,13584.0,13590.0,43114
2026-06-09 14:30:00+00:00,13634.0,13672.0,13600.0,13634.0,39283
2026-06-09 14:45:00+00:00,13636.0,13646.0,13596.0,13634.0,53329
2026-06-09 15:00:00+00:00,13672.0,13674.0,13576.0,13640.0,59714
2026-06-09 15:15:00+00:00,13630.0,13684.0,13536.0,13674.0,80054
2026-06-10 07:00:00+00:00,13690.0,13730.0,13590.0,13730.0,52805
2026-06-10 07:15:00+00:00,13666.0,13714.0,13666.0,13688.0,13096
2026-06-10 07:30:00+00:00,13706.0,13706.0,13600.0,13668.0,9463
2026-06-10 07:45:00+00:00,13678.0,13708.0,13678.0,13706.0,7990
2026-06-10 08:00:00+00:00,13632.0,13704.0,13632.0,13678.0,13820
2026-06-10 08:15:00+00:00,13646.0,13654.0,13634.0,13638.0,11594
2026-06-10 08:30:00+00:00,13598.0,13640.0,13594.0,13640.0,4587
2026-06-10 08:45:00+00:00,13574.0,13608.0,13542.0,13598.0,7698
2026-06-10 09:00:00+00:00,13538.0,13574.0,13530.0,13570.0,16062
2026-06-10 09:15:00+00:00,13514.0,13538.0,13508.0,13536.0,9202
2026-06-10 09:30:00+00:00,13490.0,13532.0,13476.0,13514.0,15409
2026-06-10 09:45:00+00:00,13526.0,13530.0,13486.0,13494.0,4911
2026-06-10 10:00:00+00:00,13527.1982421875,13534.0,13514.0,13530.0,123464
2026-06-10 10:15:00+00:00,13538.0,13542.0,13520.0,13528.0,4860
2026-06-10 10:30:00+00:00,13518.0,13548.0,13514.0,13530.0,25958
2026-06-10 10:45:00+00:00,13496.0,13536.2607421875,13480.0,13518.0,83347
2026-06-10 11:00:00+00:00,13418.0,13502.396484375,13406.0,13502.0,68124
2026-06-10 11:15:00+00:00,13408.0,13440.0,13392.0,13420.0,30542
2026-06-10 11:30:00+00:00,13466.0,13526.728515625,13402.0,13410.0,27347
2026-06-10 11:45:00+00:00,13476.0,13490.0,13468.0,13472.0,5996
2026-06-10 12:00:00+00:00,13436.2568359375,13484.0,13436.0,13480.0,9325
2026-06-10 12:15:00+00:00,13454.0,13474.0,13438.0,13438.0,33340
2026-06-10 12:30:00+00:00,13458.0,13478.0,13436.0,13454.0,17020
2026-06-10 12:45:00+00:00,13500.0,13504.0,13460.0,13460.0,16181
2026-06-10 13:00:00+00:00,13456.0,13502.0,13454.0,13502.0,21512
2026-06-10 13:15:00+00:00,13500.0,13500.0,13450.0,13458.0,42757
2026-06-10 13:30:00+00:00,13462.0,13502.0,13442.0,13498.0,63372
2026-06-10 13:45:00+00:00,13432.0,13466.0,13386.0,13462.0,84914
2026-06-10 14:00:00+00:00,13406.0,13452.0,13376.0,13434.0,56109
2026-06-10 14:15:00+00:00,13438.0,13438.0,13398.0,13408.0,75186
2026-06-10 14:30:00+00:00,13464.0,13466.0,13410.0,13438.0,51514
2026-06-10 14:45:00+00:00,13520.0,13522.0,13446.0,13460.0,47013
2026-06-10 15:00:00+00:00,13546.0,13568.0,13435.9501953125,13524.0,53519
2026-06-10 15:15:00+00:00,13478.0,13548.0,13478.0,13548.0,36031
2026-06-11 07:00:00+00:00,13484.0,13500.0,13392.0,13432.0,45178
2026-06-11 07:15:00+00:00,13490.0,13544.0,13481.7802734375,13488.0,12708
2026-06-11 07:30:00+00:00,13530.0,13562.0,13460.2490234375,13544.0,36831
2026-06-11 07:45:00+00:00,13488.0,13542.0,13488.0,13530.0,58282
2026-06-11 08:00:00+00:00,13498.0,13524.0,13488.0,13488.0,8461
2026-06-11 08:15:00+00:00,13464.0,13500.0,13458.0,13498.0,11076
2026-06-11 08:30:00+00:00,13476.0,13494.0,13460.0,13464.0,25170
2026-06-11 08:45:00+00:00,13472.0,13476.0,13456.0,13476.0,6336
2026-06-11 09:00:00+00:00,13476.0,13476.0,13464.0,13471.287109375,8055
2026-06-11 09:15:00+00:00,13500.0,13509.7998046875,13476.0,13476.0,139261
2026-06-11 09:30:00+00:00,13500.0,13504.0,13490.0,13497.7548828125,4260
2026-06-11 09:45:00+00:00,13524.0,13528.0,13494.0,13500.0,5593
2026-06-11 10:00:00+00:00,13550.0,13552.0,13522.0,13522.0,14092
2026-06-11 10:15:00+00:00,13564.0,13576.0,13548.0,13550.0,29830
2026-06-11 10:30:00+00:00,13584.0,13594.0,13564.2041015625,13566.0,6822
2026-06-11 10:45:00+00:00,13564.0,13586.0,13560.0,13584.7958984375,6318
2026-06-11 11:00:00+00:00,13577.98046875,13578.0,13554.0,13564.0,9974
2026-06-11 11:15:00+00:00,13580.0,13586.0,13570.0,13576.0,10193
2026-06-11 11:30:00+00:00,13610.0,13610.0,13578.0,13580.5419921875,13556
2026-06-11 11:45:00+00:00,13656.0,13656.0,13608.0,13608.0,30107
2026-06-11 12:00:00+00:00,13662.0,13680.0,13640.0,13660.0,29104
2026-06-11 12:15:00+00:00,13598.0,13664.0,13569.494140625,13664.0,22197
2026-06-11 12:30:00+00:00,13580.0,13602.0,13580.0,13600.0,12235
2026-06-11 12:45:00+00:00,13578.0,13626.0,13570.0,13580.0,18946
2026-06-11 13:00:00+00:00,13567.0,13576.0,13548.0,13576.0,8048
2026-06-11 13:15:00+00:00,13588.0,13588.0,13546.0,13566.0,16988
2026-06-11 13:30:00+00:00,13594.0,13614.0,13554.0,13586.0,66234
2026-06-11 13:45:00+00:00,13598.0,13622.0,13572.0,13592.0,33902
2026-06-11 14:00:00+00:00,13606.0,13614.0,13572.0,13600.0,43234
2026-06-11 14:15:00+00:00,13602.0,13634.0,13600.0,13606.0,32718
2026-06-11 14:30:00+00:00,13578.0,13612.0,13554.0,13600.0,43803
2026-06-11 14:45:00+00:00,13558.0,13594.0,13550.0,13580.0,32018
2026-06-11 15:00:00+00:00,13588.0,13598.0,13542.0,13556.0,112897
2026-06-11 15:15:00+00:00,13540.0,13584.0,13540.0,13584.0,51574
2026-06-12 07:00:00+00:00,13686.0,13700.0,12222.0,12222.0,49321
2026-06-12 07:15:00+00:00,13680.0,13728.0,13666.0,13688.0,35126
2026-06-12 07:30:00+00:00,13666.0,13712.0,13656.0,13680.0,25273
2026-06-12 07:45:00+00:00,13715.6865234375,13715.6865234375,13662.0,13664.0,32439
2026-06-12 08:00:00+00:00,13758.0,13762.0,13670.0,13716.0,38323
2026-06-12 08:15:00+00:00,13764.2021484375,13784.0,13748.0,13758.0,12928
2026-06-12 08:30:00+00:00,13734.0,13770.0,13716.0,13766.0,14304
2026-06-12 08:45:00+00:00,13724.0,13750.0,13724.0,13730.0,10042
2026-06-12 09:00:00+00:00,13714.0,13738.0,13706.0,13724.0,7429
2026-06-12 09:15:00+00:00,13660.0,13724.0,13660.0,13716.0,29646
2026-06-12 09:30:00+00:00,13652.0,13670.0,13596.0,13660.0,68393
2026-06-12 09:45:00+00:00,13656.0,13660.0,13644.0,13652.0,5210
2026-06-12 10:00:00+00:00,13636.0,13654.0,13625.384765625,13650.0,5395
2026-06-12 10:15:00+00:00,13610.0,13640.0,13604.0,13640.0,5486
2026-06-12 10:30:00+00:00,13624.0,13664.0,13587.04296875,13608.0,5280
2026-06-12 10:45:00+00:00,13625.0,13628.0,13612.0,13622.0,9024
2026-06-12 11:00:00+00:00,13622.0,13630.0,13606.0,13624.0,72980
2026-06-12 11:15:00+00:00,13616.0,13630.0,13606.80078125,13622.0,10209
2026-06-12 11:30:00+00:00,13616.0,13626.0,13600.0,13618.0,17913
2026-06-12 11:45:00+00:00,13596.0,13621.017578125,13584.0,13618.0,5215
2026-06-12 12:00:00+00:00,13582.0,13612.0,13578.0,13594.0,14266
2026-06-12 12:15:00+00:00,13558.0,13584.0,13556.0,13582.0,3593
2026-06-12 12:30:00+00:00,13564.0,13586.0,13554.0,13554.0,10924
2026-06-12 12:45:00+00:00,13570.0,13612.0,13560.0,13566.0,12217
2026-06-12 13:00:00+00:00,13622.0,13622.0,13572.0,13572.0,14766
2026-06-12 13:15:00+00:00,13612.0,13630.0,13596.0,13618.0,9619
2026-06-12 13:30:00+00:00,13560.0,13630.0,13544.0,13614.0,37988
2026-06-12 13:45:00+00:00,13542.0,13566.0,13514.0,13560.0,23511
2026-06-12 14:00:00+00:00,13508.0,13574.0,13506.0,13542.0,27901
2026-06-12 14:15:00+00:00,13470.0,13536.0,13458.0,13506.0,103785
2026-06-12 14:30:00+00:00,13445.990234375,13664.0,13444.0,13476.0,58607
2026-06-12 14:45:00+00:00,13464.0,13482.0,13416.0,13446.0,83139
2026-06-12 15:00:00+00:00,13426.0,13468.0,13426.0,13464.0,159078
2026-06-12 15:15:00+00:00,13416.0,13530.0,13380.0,13426.0,208248
2026-06-15 07:00:00+00:00,13502.0,13528.0,13418.0,13462.0,15624
2026-06-15 07:15:00+00:00,13504.0,13534.0,13432.0,13504.0,25236
2026-06-15 07:30:00+00:00,13468.0,13508.0,13464.0,13506.0,23130
2026-06-15 07:45:00+00:00,13450.0,13474.0,13438.0,13468.0,10918
2026-06-15 08:00:00+00:00,13410.0,13454.0,13406.0,13444.0,12426
2026-06-15 08:15:00+00:00,13410.0,13506.0,13367.6171875,13408.0,10374
2026-06-15 08:30:00+00:00,13378.0,13506.0,13368.0,13408.0,14181
2026-06-15 08:45:00+00:00,13378.0,13384.0,13352.0,13380.0,11411
2026-06-15 09:00:00+00:00,13372.0,13450.0,13372.0,13376.0,14876
2026-06-15 09:15:00+00:00,13358.0,13392.0,13344.0,13370.0,7749
2026-06-15 09:30:00+00:00,13326.0,13382.0,13324.0,13382.0,16770
2026-06-15 09:45:00+00:00,13345.646484375,13372.0,13326.0,13326.0,58853
2026-06-15 10:00:00+00:00,13364.0,13372.0,13340.0,13342.0,4364
2026-06-15 10:15:00+00:00,13356.0,13368.0,13354.0,13363.98046875,4738
2026-06-15 10:30:00+00:00,13366.0,13368.0,13326.0,13358.0,16161
2026-06-15 10:45:00+00:00,13366.0,13374.0,13358.0,13362.0,5410
2026-06-15 11:00:00+00:00,13382.0,13382.0,13354.0,13366.0,8678
2026-06-15 11:15:00+00:00,13374.0,13388.0,13372.0,13378.0,13545
2026-06-15 11:30:00+00:00,13372.0,13382.0,13356.0,13374.0,17468
2026-06-15 11:45:00+00:00,13356.0,13380.0,13350.0,13372.0,5456
2026-06-15 12:00:00+00:00,13327.1982421875,13368.0,13320.0,13356.0,11344
2026-06-15 12:15:00+00:00,13348.0,13368.0,13314.0,13328.30859375,10337
2026-06-15 12:30:00+00:00,13348.0,13384.0,13345.701171875,13345.701171875,5913
2026-06-15 12:45:00+00:00,13354.0,13368.0,13346.0,13348.0,5965
2026-06-15 13:00:00+00:00,13340.0,13360.0,13330.0,13354.0,7679
2026-06-15 13:15:00+00:00,13332.0,13346.0,13308.0,13336.0,24398
2026-06-15 13:30:00+00:00,13238.0,13362.0,13174.0,13338.0,64913
2026-06-15 13:45:00+00:00,13194.0,13344.0,13190.0,13238.0,31962
2026-06-15 14:00:00+00:00,13226.0,13324.0,13172.0,13188.0,38161
2026-06-15 14:15:00+00:00,13226.0,13298.0,13206.0,13226.0,50805
2026-06-15 14:30:00+00:00,13228.9892578125,13360.1015625,13206.0,13228.0,61334
2026-06-15 14:45:00+00:00,13264.0,13266.0,13218.0,13226.0,41793
2026-06-15 15:00:00+00:00,13206.0,13266.0,13190.0,13260.0,74805
2026-06-15 15:15:00+00:00,13240.0,13244.0,13196.0,13204.0,89637
2026-06-16 07:00:00+00:00,13246.0,13280.0,11484.0,11484.0,49322
2026-06-16 07:15:00+00:00,13203.7734375,13252.0,13192.0,13248.0,27179
2026-06-16 07:30:00+00:00,13214.0,13230.0,13194.0,13204.0,20269
2026-06-16 07:45:00+00:00,13228.0,13230.0,13210.0,13214.0,20506
2026-06-16 08:00:00+00:00,13236.0,13252.0,13226.0,13226.0,20726
2026-06-16 08:15:00+00:00,13256.0,13262.2421875,13230.0,13236.0,20192
2026-06-16 08:30:00+00:00,13278.0,13278.0,13256.0,13256.0,12073
2026-06-16 08:45:00+00:00,13262.0,13286.0,13254.0,13282.0,16540
2026-06-16 09:00:00+00:00,13286.0,13288.0,13262.0,13264.0,9325
2026-06-16 09:15:00+00:00,13288.0,13302.0,13274.0,13286.0,14031
2026-06-16 09:30:00+00:00,13278.0,13290.0,13271.0,13289.39453125,13968
2026-06-16 09:45:00+00:00,13290.0,13304.0,13270.0,13276.0,34604
2026-06-16 10:00:00+00:00,13304.0,13308.0,13271.0,13292.0,18904
2026-06-16 10:15:00+00:00,13258.0,13308.0,13254.0,13304.0,5012
2026-06-16 10:30:00+00:00,13260.0,13282.0,13258.0,13259.0,36393
2026-06-16 10:45:00+00:00,13273.0,13274.0,13245.662109375,13260.0,25695
2026-06-16 11:00:00+00:00,13268.0,13290.0,13268.0,13274.0,6616
2026-06-16 11:15:00+00:00,13260.0,13272.0,13248.0,13270.0,31039
2026-06-16 11:30:00+00:00,13274.0,13276.0,13248.0,13262.0,167689
2026-06-16 11:45:00+00:00,13286.0,13288.0,13268.0,13270.0,3645
2026-06-16 12:00:00+00:00,13298.0,13306.0,13274.0,13286.0,9840
2026-06-16 12:15:00+00:00,13309.0,13312.0,13286.0,13296.0,4505
2026-06-16 12:30:00+00:00,13314.0,13320.0,13304.0,13314.0,6717
2026-06-16 12:45:00+00:00,13306.0,13313.44140625,13292.0,13310.0,16405
2026-06-16 13:00:00+00:00,13290.220703125,13306.0,13288.0,13306.0,28339
2026-06-16 13:15:00+00:00,13298.0,13314.0,13258.9873046875,13292.0,42032
2026-06-16 13:30:00+00:00,13254.0,13316.0,13240.0,13298.0,72158
2026-06-16 13:45:00+00:00,13186.0,13262.0,13172.0,13256.0,54792
2026-06-16 14:00:00+00:00,13276.0,13282.0,13174.0,13186.0,54472
2026-06-16 14:15:00+00:00,13290.0,13304.0,13262.0,13270.0,29593
2026-06-16 14:30:00+00:00,13254.0,13324.0,13252.0,13292.0,33104
2026-06-16 14:45:00+00:00,13296.0,13306.0,13200.0,13256.0,50345
2026-06-16 15:00:00+00:00,13266.0,13298.0,13200.0,13298.0,32209
2026-06-16 15:15:00+00:00,13266.0,13292.0,13258.0,13266.0,70379
2026-06-17 07:00:00+00:00,13362.0,13368.0,13304.0,13332.0,64168
2026-06-17 07:15:00+00:00,13370.0,13374.0,13336.0,13362.0,13980
2026-06-17 07:30:00+00:00,13348.0,13382.0,13342.0,13372.0,13133
2026-06-17 07:45:00+00:00,13320.0,13350.0,13316.0,13344.0,7714
2026-06-17 08:00:00+00:00,13282.0,13320.0,13276.0,13316.0,10860
2026-06-17 08:15:00+00:00,13292.0,13306.0,13282.0,13282.0,13785
2026-06-17 08:30:00+00:00,13281.0,13291.693359375,13272.0,13290.0,3696
2026-06-17 08:45:00+00:00,13290.0,13298.0,13281.5029296875,13284.0,5832
2026-06-17 09:00:00+00:00,13308.0,13314.0,13286.0,13292.0,7457
2026-06-17 09:15:00+00:00,13308.0,13310.0,13288.0,13310.0,7034
2026-06-17 09:30:00+00:00,13322.427734375,13334.0,13311.3251953125,13312.0,8337
2026-06-17 09:45:00+00:00,13346.0,13350.0,13324.0,13326.0,5080
2026-06-17 10:00:00+00:00,13328.0,13352.1181640625,13324.0,13346.0,9918
2026-06-17 10:15:00+00:00,13328.0,13350.0,13326.0,13326.0,9018
2026-06-17 10:30:00+00:00,13350.0,13353.9599609375,13334.0,13334.0,9729
2026-06-17 10:45:00+00:00,13366.0,13371.0908203125,13344.0,13346.0,5539
2026-06-17 11:00:00+00:00,13369.0,13390.0,13364.0498046875,13364.0498046875,19424
2026-06-17 11:15:00+00:00,13390.0,13392.0,13356.0,13368.0,12313
2026-06-17 11:30:00+00:00,13382.0,13390.0,13378.0,13390.0,34465
2026-06-17 11:45:00+00:00,13400.0,13404.0,13380.0,13381.0,4755
2026-06-17 12:00:00+00:00,13398.0400390625,13424.0,13396.0,13400.0,10674
2026-06-17 12:15:00+00:00,13392.0,13406.0,13386.0,13402.0,4641
2026-06-17 12:30:00+00:00,13390.0,13400.0,13374.0,13390.0,9557
2026-06-17 12:45:00+00:00,13382.0,13394.0,13379.1650390625,13390.0,11032
2026-06-17 13:00:00+00:00,13364.0,13380.0,13360.0,13380.0,10493
2026-06-17 13:15:00+00:00,13336.0,13368.0,13336.0,13363.0,13358
2026-06-17 13:30:00+00:00,13288.0,13346.0,13286.0,13340.0,41776
2026-06-17 13:45:00+00:00,13320.0,13348.0,13278.0,13288.0,34367
2026-06-17 14:00:00+00:00,13337.0,13358.0,13312.0,13318.0,18892
2026-06-17 14:15:00+00:00,13362.0,13362.0,13328.0,13340.0,26685
2026-06-17 14:30:00+00:00,13398.0,13400.0,13352.0,13364.0,21362
2026-06-17 14:45:00+00:00,13396.0,13410.0,13384.0,13394.0,29803
2026-06-17 15:00:00+00:00,13420.0,13420.0,13368.0,13396.0,95360
2026-06-17 15:15:00+00:00,13462.0,13462.0,13410.0,13418.0,36129
2026-06-18 07:00:00+00:00,13450.0,13486.3798828125,13428.0,13482.0,38922
2026-06-18 07:15:00+00:00,13474.0,13486.0,13434.0,13448.0,26164
2026-06-18 07:30:00+00:00,13486.0,13486.0,13458.0,13473.0458984375,10889
2026-06-18 07:45:00+00:00,13502.0,13506.0,13470.0,13484.0,8031
2026-06-18 08:00:00+00:00,13474.0,13500.0,13468.0,13500.0,8392
2026-06-18 08:15:00+00:00,13444.0,13476.0,13434.0,13476.0,14985
2026-06-18 08:30:00+00:00,13424.0,13442.01953125,13420.0,13442.01953125,3980
2026-06-18 08:45:00+00:00,13406.0,13424.0,13396.0,13424.0,8575
2026-06-18 09:00:00+00:00,13412.0,13482.0,13400.0,13404.0,114350
2026-06-18 09:15:00+00:00,13422.0,13434.0,13404.0,13412.0,6065
2026-06-18 09:30:00+00:00,13426.0,13426.0,13410.0,13420.0,4434
2026-06-18 09:45:00+00:00,13416.0,13427.0,13410.0,13424.0,4780
2026-06-18 10:00:00+00:00,13404.0,13416.0,13398.0,13416.0,4526
2026-06-18 10:15:00+00:00,13380.0,13400.0,13374.0,13400.0,5176
2026-06-18 10:30:00+00:00,13370.0,13381.2724609375,13368.2666015625,13378.0,5632
2026-06-18 10:45:00+00:00,13376.0,13384.0,13369.98046875,13369.98046875,9745
2026-06-18 11:00:00+00:00,13380.0,13384.0,13372.0,13378.0,5568
2026-06-18 11:15:00+00:00,13384.0,13390.0,13374.0,13380.0,3854
2026-06-18 11:30:00+00:00,13382.0,13386.0,13364.0,13386.0,2980
2026-06-18 11:45:00+00:00,13384.0,13398.0,13374.0,13384.0,5619
2026-06-18 12:00:00+00:00,13394.0,13400.0,13380.0,13386.0,5309
2026-06-18 12:15:00+00:00,13398.0,13410.0,13377.0,13392.0,11600
2026-06-18 12:30:00+00:00,13402.0,13426.0,13394.8017578125,13398.0,6729
2026-06-18 12:45:00+00:00,13414.0,13490.0,13396.0,13402.0,9666
2026-06-18 13:00:00+00:00,13414.0,13482.0,13404.0,13410.0,5463
2026-06-18 13:15:00+00:00,13418.0,13428.0,13408.0,13418.0,11993
2026-06-18 13:30:00+00:00,13388.0,13428.0,13336.0,13418.0,23756
2026-06-18 13:45:00+00:00,13274.0,13387.3662109375,13268.0,13386.0,18652
2026-06-18 14:00:00+00:00,13246.0,13300.0,13224.0,13272.0,25063
2026-06-18 14:15:00+00:00,13186.0,13264.0,13174.0,13248.0,25479
2026-06-18 14:30:00+00:00,13182.0,13208.0,13158.0,13182.0,37268
2026-06-18 14:45:00+00:00,13168.0,13482.0,13124.0,13181.19921875,95010
2026-06-18 15:00:00+00:00,13146.0,13182.0,13144.0,13170.0,21059
2026-06-18 15:15:00+00:00,13148.0,13164.0,13116.0,13148.0,97480
2026-06-19 07:00:00+00:00,13278.0,15126.0,13222.0,15126.0,78223
2026-06-19 07:15:00+00:00,13330.0,13356.0,13272.0,13280.0,11002
2026-06-19 07:30:00+00:00,13368.0,13368.0,13322.0,13330.0,5925
2026-06-19 07:45:00+00:00,13362.0,13396.0,13350.0,13370.0,13996
2026-06-19 08:00:00+00:00,13356.0,13376.0,13350.0,13368.0,8024
2026-06-19 08:15:00+00:00,13354.0,13364.3798828125,13346.0,13358.0,11570
2026-06-19 08:30:00+00:00,13332.0,13360.0,13332.0,13352.0,6739
2026-06-19 08:45:00+00:00,13336.0,13340.0,13318.0,13330.0,5160
2026-06-19 09:00:00+00:00,13320.0,13342.0,13310.0,13336.0,4740
2026-06-19 09:15:00+00:00,13306.0,13330.0,13286.0,13286.0,757686
2026-06-19 09:30:00+00:00,13302.2001953125,13314.0,13288.0,13307.9609375,4881
2026-06-19 09:45:00+00:00,13308.0,13342.0,13302.0,13303.869140625,94123
2026-06-19 10:00:00+00:00,13302.0,13316.0,13294.0,13308.0,9662
2026-06-19 10:15:00+00:00,13294.0,13314.0,13292.0,13293.486328125,3425
2026-06-19 10:30:00+00:00,13290.0,13302.0,13277.1201171875,13298.0,1447
2026-06-19 10:45:00+00:00,13294.0,13314.0,13290.0,13290.0,3426
2026-06-19 11:00:00+00:00,13262.0,13310.0,13260.0,13292.0,20246
2026-06-19 11:15:00+00:00,13278.0,13284.0,13266.0,13272.0,191112
2026-06-19 11:30:00+00:00,13286.0,13290.0,13275.5146484375,13275.5146484375,2889
2026-06-19 11:45:00+00:00,13290.0,13296.0,13280.0,13284.0,5454
2026-06-19 12:00:00+00:00,13282.19140625,13294.0,13268.0,13290.0,5392
2026-06-19 12:15:00+00:00,13282.0,13284.0,13266.0,13280.0,157523
2026-06-19 12:30:00+00:00,13282.3515625,13284.0,13266.0,13282.0,17238
2026-06-19 12:45:00+00:00,13300.0,13308.0,13280.0,13283.0,3274
2026-06-19 13:00:00+00:00,13288.0,13300.0,13282.0,13300.0,4317
2026-06-19 13:15:00+00:00,13314.0,13326.0,13284.0,13290.0,5957
2026-06-19 13:30:00+00:00,13296.0,13318.0,13292.0,13316.0,6105
2026-06-19 13:45:00+00:00,13274.0,13296.0,13268.0,13296.0,3302
2026-06-19 14:00:00+00:00,13218.0,13282.0,13208.0,13278.0,41824
2026-06-19 14:15:00+00:00,13172.0,13226.0,13156.0,13220.0,19769
2026-06-19 14:30:00+00:00,13212.0,13220.0,13171.337890625,13171.337890625,11246
2026-06-19 14:45:00+00:00,13199.9599609375,13212.0,13188.0,13212.0,13433
2026-06-19 15:00:00+00:00,13216.0,13218.0,13196.0,13200.0,20605
2026-06-19 15:15:00+00:00,13218.0,13226.0,13206.0,13216.0,34783
2026-06-22 07:00:00+00:00,13204.0,13264.0,13198.0,13240.0,16293
2026-06-22 07:15:00+00:00,13226.0,13238.0,13196.0,13210.0,5057
2026-06-22 07:30:00+00:00,13220.4462890625,13242.0,13214.0,13228.0,3009
2026-06-22 07:45:00+00:00,13234.0,13248.0,13218.0,13220.0,4011
2026-06-22 08:00:00+00:00,13224.0,13238.0,13216.0,13234.0,12984
2026-06-22 08:15:00+00:00,13250.0,13256.0,13214.0,13224.0,21624
2026-06-22 08:30:00+00:00,13252.0,13258.0,13232.0,13254.0,6354
2026-06-22 08:45:00+00:00,13226.0,13254.0,13224.0,13250.0,16799
2026-06-22 09:00:00+00:00,13258.0,13260.0,13218.0,13224.0,4646
2026-06-22 09:15:00+00:00,13272.0,13272.0,13248.0,13252.0,6083
2026-06-22 09:30:00+00:00,13222.0,13278.0,13216.0,13272.0,17318
2026-06-22 09:45:00+00:00,13212.0,13236.0,13211.0,13218.4853515625,9777
2026-06-22 10:00:00+00:00,13212.0,13224.0,13200.0,13210.0,12160
2026-06-22 10:15:00+00:00,13232.0,13232.0,13204.0,13222.0,9512
2026-06-22 10:30:00+00:00,13222.0,13240.0,13218.0,13230.0,33547
2026-06-22 10:45:00+00:00,13218.0,13232.0,13214.0,13220.7607421875,5324
2026-06-22 11:00:00+00:00,13246.0,13246.0,13214.0,13220.0,29947
2026-06-22 11:15:00+00:00,13228.0,13244.0,13220.0,13244.0,4933
2026-06-22 11:30:00+00:00,13244.8466796875,13248.0,13224.0,13224.0,5226
2026-06-22 11:45:00+00:00,13262.0,13262.0,13228.0,13240.0,5054
2026-06-22 12:00:00+00:00,13258.0,13262.0,13240.0,13258.0,21900
2026-06-22 12:15:00+00:00,13232.0,13264.0,13232.0,13260.0,3938
2026-06-22 12:30:00+00:00,13230.0,13233.5556640625,13216.0,13232.0,5205
2026-06-22 12:45:00+00:00,13238.0,13244.0,13224.0,13232.0,9799
2026-06-22 13:00:00+00:00,13234.0,13260.0,13229.7587890625,13236.0,13033
2026-06-22 13:15:00+00:00,13234.0,13248.0,13208.0,13234.0,13567
2026-06-22 13:30:00+00:00,13238.0,13270.0,13217.146484375,13230.0,36559
2026-06-22 13:45:00+00:00,13262.0,13296.0,13220.0,13252.0,43107
2026-06-22 14:00:00+00:00,13246.0,13284.0,13230.0,13263.0,22541
2026-06-22 14:15:00+00:00,13270.0,13284.0,13242.0,13246.0,23447
2026-06-22 14:30:00+00:00,13278.0,13294.0,13234.0,13273.78125,33325
2026-06-22 14:45:00+00:00,13294.0,13304.0,13270.0,13280.0,20659
2026-06-22 15:00:00+00:00,13298.0,13304.0,13280.0,13294.0,35322
2026-06-22 15:15:00+00:00,13340.0,13340.0,13278.0,13298.0,36375
2026-06-23 07:00:00+00:00,13464.0,13528.0,13342.0,13388.0,67787
2026-06-23 07:15:00+00:00,13428.0,13523.2578125,13413.712890625,13458.0,12810
2026-06-23 07:30:00+00:00,13444.0,13467.7998046875,13424.9384765625,13434.0,16383
2026-06-23 07:45:00+00:00,13441.6376953125,13464.0,13428.1796875,13446.0,9529
2026-06-23 08:00:00+00:00,13464.2197265625,13466.0,13420.0,13442.0,9781
2026-06-23 08:15:00+00:00,13482.0,13494.0,13464.0,13464.0,9362
2026-06-23 08:30:00+00:00,13520.0,13538.0,13484.0,13484.0,10553
2026-06-23 08:45:00+00:00,13534.0,13536.0,13510.0,13518.0,7221
2026-06-23 09:00:00+00:00,13552.0,13552.0,13516.0,13532.0,6127
2026-06-23 09:15:00+00:00,13546.0,13561.7333984375,13530.0,13552.0,8863
2026-06-23 09:30:00+00:00,13550.01953125,13558.0,13538.0,13550.0,7789
2026-06-23 09:45:00+00:00,13540.0400390625,13560.0,13536.0,13550.0,7991
2026-06-23 10:00:00+00:00,13540.0,13570.0,13538.0,13546.0,11743
2026-06-23 10:15:00+00:00,13552.0,13560.0,13533.1748046875,13540.0,9814
2026-06-23 10:30:00+00:00,13540.0,13552.0,13534.0,13552.0,35110
2026-06-23 10:45:00+00:00,13504.0,13546.0,13496.4404296875,13540.0,8167
2026-06-23 11:00:00+00:00,13524.0,13524.0,13498.0,13504.0,11796
2026-06-23 11:15:00+00:00,13512.0,13530.0,13500.0,13522.0,9679
2026-06-23 11:30:00+00:00,13526.0,13530.0,13500.0,13512.0,33033
2026-06-23 11:45:00+00:00,13530.0,13538.0,13500.0,13528.0,25759
2026-06-23 12:00:00+00:00,13516.0,13532.0,13508.0,13532.0,8909
2026-06-23 12:15:00+00:00,13532.0,13534.0,13512.0,13516.0,12281
2026-06-23 12:30:00+00:00,13534.0,13536.0,13506.0,13530.0,15468
2026-06-23 12:45:00+00:00,13546.0,13552.0,13530.0,13536.0,7632
2026-06-23 13:00:00+00:00,13548.0,13552.0,13530.0,13544.0,16931
2026-06-23 13:15:00+00:00,13616.0,13624.0,13550.0,13550.0,37685
2026-06-23 13:30:00+00:00,13642.0,13688.0,13594.0,13614.0,55360
2026-06-23 13:45:00+00:00,13684.0,13706.0,13632.0,13642.0,49856
2026-06-23 14:00:00+00:00,13662.0,13684.0,13638.0,13684.0,32408
2026-06-23 14:15:00+00:00,13654.0,13674.0,13619.0,13662.0,26107
2026-06-23 14:30:00+00:00,13644.099609375,13662.0,13388.0,13654.0,102483
2026-06-23 14:45:00+00:00,13632.0,13650.0,13618.0,13644.0,20854
2026-06-23 15:00:00+00:00,13644.0,13652.0,13614.0,13632.0,44464
2026-06-23 15:15:00+00:00,13620.263671875,13654.0,13612.0,13646.0,80136
2026-06-24 07:00:00+00:00,13644.0,13654.0,12640.0,12640.0,62011
2026-06-24 07:15:00+00:00,13622.0,13658.0,13588.0,13640.0,23522
2026-06-24 07:30:00+00:00,13628.0,13630.0,13596.0,13620.0,13105
2026-06-24 07:45:00+00:00,13636.0,13640.0,13614.0,13628.0,19321
2026-06-24 08:00:00+00:00,13638.0,13654.0,13626.0,13632.0,7387
2026-06-24 08:15:00+00:00,13634.0,13644.0,13623.439453125,13638.0,7894
2026-06-24 08:30:00+00:00,13654.0,13656.0,13629.4208984375,13636.0,17809
2026-06-24 08:45:00+00:00,13678.279296875,13680.0,13644.0,13654.0,8631
2026-06-24 09:00:00+00:00,13672.0,13682.0,13664.0,13680.0,14554
2026-06-24 09:15:00+00:00,13692.0,13692.0,13654.0,13672.0,21902
2026-06-24 09:30:00+00:00,13694.0,13700.0,13588.0,13692.0,8823
2026-06-24 09:45:00+00:00,13714.0,13714.0,13690.0,13694.0,14808
2026-06-24 10:00:00+00:00,13736.0,13746.0,13718.0,13718.0,13498
2026-06-24 10:15:00+00:00,13776.0,13778.0,13720.0,13734.0,45572
2026-06-24 10:30:00+00:00,13770.203125,13796.0,13768.0,13774.0,11862
2026-06-24 10:45:00+00:00,13772.18359375,13782.7080078125,13770.0,13772.0,5670
2026-06-24 11:00:00+00:00,13794.0,13804.794921875,13774.0,13774.0,22865
2026-06-24 11:15:00+00:00,13786.0,13800.0,13772.0,13792.69140625,9193
2026-06-24 11:30:00+00:00,13780.0,13798.0,13770.0,13786.0,5928
2026-06-24 11:45:00+00:00,13800.0,13800.0,13780.0,13784.0,5535
2026-06-24 12:00:00+00:00,13830.0,13831.7431640625,13588.0,13798.0,206689
2026-06-24 12:15:00+00:00,13880.0,13880.0,13826.0,13829.5048828125,30022
2026-06-24 12:30:00+00:00,13878.0,13904.0,13870.0,13880.0,14131
2026-06-24 12:45:00+00:00,13874.0,13890.0,13860.0,13881.5595703125,17187
2026-06-24 13:00:00+00:00,13878.0,13898.0,13866.0,13876.0,21785
2026-06-24 13:15:00+00:00,13928.0,13940.0,13872.0,13874.0,38419
2026-06-24 13:30:00+00:00,13986.0,14018.0,13588.0,13930.0,531433
2026-06-24 13:45:00+00:00,13988.0,13988.0,13642.4091796875,13984.0,39440
2026-06-24 14:00:00+00:00,13920.0,14012.0,13920.0,13990.0,63256
2026-06-24 14:15:00+00:00,13943.0,13954.0,13902.0,13918.0,83228
2026-06-24 14:30:00+00:00,13922.0,13948.0,13913.2080078125,13945.169921875,88090
2026-06-24 14:45:00+00:00,13880.0,13961.0,13880.0,13922.0,50699
2026-06-24 15:00:00+00:00,13858.0,13892.0,13852.0,13878.0,65934
2026-06-24 15:15:00+00:00,13888.0,13910.3193359375,13856.0,13860.0,120261
2026-06-25 07:00:00+00:00,13816.0,13862.0,13786.0,13862.0,6631
2026-06-25 07:15:00+00:00,13868.0,13872.0,13816.0,13816.0,20058
2026-06-25 07:30:00+00:00,13848.0,13874.0,13840.0,13872.0,21193
2026-06-25 07:45:00+00:00,13866.396484375,13866.396484375,13832.0,13848.0,19850
2026-06-25 08:00:00+00:00,13898.0,13902.0,13862.0,13868.0,23917
2026-06-25 08:15:00+00:00,13914.0,13914.0,13894.0,13896.0,6349
2026-06-25 08:30:00+00:00,13930.0,13940.0,13862.0,13914.0,20633
2026-06-25 08:45:00+00:00,13958.0,13960.0,13928.0,13930.0,10934
2026-06-25 09:00:00+00:00,13988.0,13994.0,13952.0,13960.0,23083
2026-06-25 09:15:00+00:00,13950.0,13998.0,13944.0,13984.0,10193
2026-06-25 09:30:00+00:00,13932.2001953125,13954.0,13932.2001953125,13952.0,11123
2026-06-25 09:45:00+00:00,13950.0,13950.0,13926.0,13934.0,5262
2026-06-25 10:00:00+00:00,13958.0,13966.0,13942.0,13952.0,9594
2026-06-25 10:15:00+00:00,13960.0,13970.0,13956.0,13959.0,8069
2026-06-25 10:30:00+00:00,13964.0,13984.0,13954.0,13962.0,13811
2026-06-25 10:45:00+00:00,13978.0,13979.41796875,13958.0,13961.2529296875,20227
2026-06-25 11:00:00+00:00,13984.0,13992.0,13964.0,13977.0,14659
2026-06-25 11:15:00+00:00,13992.0,13996.0,13862.0,13988.0,69312
2026-06-25 11:30:00+00:00,13996.0,14011.0,13862.0,13994.0,130257
2026-06-25 11:45:00+00:00,14012.0,14018.0,13862.0,13998.0,54054
2026-06-25 12:00:00+00:00,14050.0,14054.0,14002.0,14014.0,25051
2026-06-25 12:15:00+00:00,14050.0,14072.0,14046.0,14048.0,32508
2026-06-25 12:30:00+00:00,14052.0,14072.0,14052.0,14054.0,19743
2026-06-25 12:45:00+00:00,14044.0,14072.0,14037.7099609375,14052.0,12241
2026-06-25 13:00:00+00:00,14042.0,14058.0,14034.0,14042.0,9936
2026-06-25 13:15:00+00:00,14014.0,14045.0,14014.0,14042.0,23811
2026-06-25 13:30:00+00:00,14036.0,14050.0,13996.0,14018.0,75830
2026-06-25 13:45:00+00:00,14056.0,14086.873046875,14024.0,14034.0,33393
2026-06-25 14:00:00+00:00,14102.0,14110.0,14048.0,14053.0,51448
2026-06-25 14:15:00+00:00,14090.0,14134.0,14074.0,14100.0,41744
2026-06-25 14:30:00+00:00,14074.0,14100.0,14062.0,14090.0,29342
2026-06-25 14:45:00+00:00,14098.0,14112.0,14074.0,14074.0,25479
2026-06-25 15:00:00+00:00,14098.0,14104.0,14080.0,14098.0,29513
2026-06-25 15:15:00+00:00,14082.0,14104.0,14076.0,14096.0,43162
2026-06-26 07:00:00+00:00,14008.0,14086.0,13978.0,14038.0,76902
2026-06-26 07:15:00+00:00,13990.0,14010.0,13966.0,14006.0,6003
2026-06-26 07:30:00+00:00,14026.0,14038.0,13990.0,13996.0,8715
2026-06-26 07:45:00+00:00,14014.0,14026.0,14002.0,14024.0,15002
2026-06-26 08:00:00+00:00,14026.0,14058.0,14011.00390625,14011.00390625,14999
2026-06-26 08:15:00+00:00,14026.0,14038.0,14012.0,14024.0,21282
2026-06-26 08:30:00+00:00,14020.0,14030.0,13998.0,14026.0,14381
2026-06-26 08:45:00+00:00,13998.0,14040.228515625,13996.0,14024.0,25391
2026-06-26 09:00:00+00:00,13972.0,13998.0,13948.0,13996.0,9461
2026-06-26 09:15:00+00:00,13968.0,13984.0,13954.0,13972.0,8529
2026-06-26 09:30:00+00:00,13978.0,13994.0,13956.0,13968.0,9605
2026-06-26 09:45:00+00:00,13978.0,13980.0,13948.0,13976.0,239515
2026-06-26 10:00:00+00:00,13964.0,13986.0,13964.0,13978.0,5976
2026-06-26 10:15:00+00:00,13962.0,13974.0,13950.0,13966.0,236526
2026-06-26 10:30:00+00:00,13962.0,13972.0,13952.0,13964.0,254447
2026-06-26 10:45:00+00:00,13956.1962890625,13966.0,13942.0,13960.0,16432
2026-06-26 11:00:00+00:00,13950.0,13972.0,13950.0,13958.0,8370
2026-06-26 11:15:00+00:00,13944.0,13958.0,13932.0,13950.0,17473
2026-06-26 11:30:00+00:00,13952.0,13964.0,13942.0,13944.0,235008
2026-06-26 11:45:00+00:00,13944.0,13956.0,13942.0,13951.716796875,234112
2026-06-26 12:00:00+00:00,13950.0,13964.0,13936.0,13944.0,15518
2026-06-26 12:15:00+00:00,13928.0,13956.0,13926.0,13946.0,237255
2026-06-26 12:30:00+00:00,13926.0,13944.0,13926.0,13930.0,8638
2026-06-26 12:45:00+00:00,13916.0,13926.0,13898.0,13926.0,14753
2026-06-26 13:00:00+00:00,13916.0,13954.0,13906.0,13920.0,23427
2026-06-26 13:15:00+00:00,13940.0,13964.0,13914.0,13918.0,20344
2026-06-26 13:30:00+00:00,14080.0,14088.0,13940.0,13940.0,65814
2026-06-26 13:45:00+00:00,14223.0,14230.0,14074.0,14080.0,136105
2026-06-26 14:00:00+00:00,14264.0,14270.0,14196.0,14222.0,104301
2026-06-26 14:15:00+00:00,14294.0,14322.0,14262.0,14264.0,85994
2026-06-26 14:30:00+00:00,14284.0,14302.0,14258.0,14292.0,58298
2026-06-26 14:45:00+00:00,14286.0,14312.0,14266.0,14280.0,57790
2026-06-26 15:00:00+00:00,14284.0,14326.0,14262.0,14288.0,70567
2026-06-26 15:15:00+00:00,14260.0,14298.0,14248.0,14286.0,99563
2026-06-29 07:00:00+00:00,14306.0,14388.0,14300.0,14364.0,20065
2026-06-29 07:15:00+00:00,14306.0,14312.0,14282.0,14304.0,14815
2026-06-29 07:30:00+00:00,14284.0,14312.0,14282.0,14308.0,6463
2026-06-29 07:45:00+00:00,14302.0,14302.0,14264.0,14280.0,7456
2026-06-29 08:00:00+00:00,14284.0,14304.0439453125,14266.0,14302.0,9674
2026-06-29 08:15:00+00:00,14270.0,14292.0,14268.0,14284.0,5346
2026-06-29 08:30:00+00:00,14276.0,14288.0,14262.0,14266.0,10202
2026-06-29 08:45:00+00:00,14240.0,14278.0,14238.0,14278.0,10846
2026-06-29 09:00:00+00:00,14218.0,14246.0,14210.0,14246.0,5714
2026-06-29 09:15:00+00:00,14220.0,14310.0,14200.0,14220.0,9917
2026-06-29 09:30:00+00:00,14246.0,14306.0,14214.0,14218.0,11404
2026-06-29 09:45:00+00:00,14253.630859375,14258.0,14242.0,14248.0,9304
2026-06-29 10:00:00+00:00,14224.0,14264.0,14222.0,14254.0,7479
2026-06-29 10:15:00+00:00,14230.0,14230.0,14212.0,14221.31640625,8253
2026-06-29 10:30:00+00:00,14248.0,14252.0,14226.0,14228.10546875,6518
2026-06-29 10:45:00+00:00,14258.0,14266.0,14248.0,14250.0,7944
2026-06-29 11:00:00+00:00,14254.0,14264.0,14248.0,14260.0,15546
2026-06-29 11:15:00+00:00,14242.0,14254.0,14234.0,14254.0,3638
2026-06-29 11:30:00+00:00,14274.0,14276.0,14238.0,14242.0,8686
2026-06-29 11:45:00+00:00,14279.0,14280.0,14268.0,14275.1982421875,15893
2026-06-29 12:00:00+00:00,14272.0,14302.0,14262.0,14276.0,22734
2026-06-29 12:15:00+00:00,14276.0,14288.0,14270.0,14272.0,17964
2026-06-29 12:30:00+00:00,14288.0,14292.0,14266.0,14276.0,7665
2026-06-29 12:45:00+00:00,14276.0,14302.0,14274.0,14288.0,11732
2026-06-29 13:00:00+00:00,14290.0,14304.0,14276.0,14276.0,9160
2026-06-29 13:15:00+00:00,14294.0,14304.0,14258.0,14290.0,13984
2026-06-29 13:30:00+00:00,14280.0,14310.0,14226.0,14296.0,91117
2026-06-29 13:45:00+00:00,14264.0,14364.0,14260.0,14278.0,58212
2026-06-29 14:00:00+00:00,14284.0,14294.0,14246.0,14264.0,30880
2026-06-29 14:15:00+00:00,14326.0,14364.0,14280.0,14280.0,409014
2026-06-29 14:30:00+00:00,14332.0,14342.0,14310.0,14326.0,31865
2026-06-29 14:45:00+00:00,14296.0,14352.0,14290.3876953125,14332.0,32134
2026-06-29 15:00:00+00:00,14318.0,14320.0,14268.0,14298.0,41120
2026-06-29 15:15:00+00:00,14316.0,14324.0,14304.0,14318.0,67909
2026-06-30 07:00:00+00:00,14412.0,14452.0,14320.0,14356.0,78981
2026-06-30 07:15:00+00:00,14442.0,14460.0,14394.0,14414.0,15100
2026-06-30 07:30:00+00:00,14478.0,14492.0,14444.0,14446.0,19189
2026-06-30 07:45:00+00:00,14436.3154296875,14488.0,14432.0,14478.0,10862
2026-06-30 08:00:00+00:00,14434.0,14466.0,14434.0,14438.0,24754
2026-06-30 08:15:00+00:00,14412.396484375,14440.0,14408.0,14434.1279296875,4566
2026-06-30 08:30:00+00:00,14394.0,14426.0,14390.0,14414.0,4032
2026-06-30 08:45:00+00:00,14383.6259765625,14402.0,14382.0,14394.0,12448
2026-06-30 09:00:00+00:00,14430.0,14434.0,14384.0,14388.0,7795
2026-06-30 09:15:00+00:00,14418.0,14438.0,14416.0,14432.0,16635
2026-06-30 09:30:00+00:00,14418.0,14430.0,14412.0,14420.0,36245
2026-06-30 09:45:00+00:00,14448.0,14454.0,14418.0,14420.0,27557
2026-06-30 10:00:00+00:00,14474.0,14480.0,14440.0,14448.0,20823
2026-06-30 10:15:00+00:00,14468.0,14482.0,14460.0,14470.0,144097
2026-06-30 10:30:00+00:00,14498.0,14504.265625,14470.0,14470.0,14044
2026-06-30 10:45:00+00:00,14507.0,14524.0,14496.0,14500.0,20105
2026-06-30 11:00:00+00:00,14514.0,14536.0,14502.01953125,14508.0,13048
2026-06-30 11:15:00+00:00,14508.0,14522.0,14492.0,14512.0,14356
2026-06-30 11:30:00+00:00,14522.0,14536.0,14512.0,14514.0,8319
2026-06-30 11:45:00+00:00,14518.0,14530.0,14514.0,14524.0,9356
2026-06-30 12:00:00+00:00,14480.0,14522.0,14476.361328125,14520.0,32885
2026-06-30 12:15:00+00:00,14422.0,14482.0,14416.0,14482.0,31520
2026-06-30 12:30:00+00:00,14388.0,14424.0,14380.0,14420.0,37890
2026-06-30 12:45:00+00:00,14368.0,14419.0,14364.0,14388.0,8702
2026-06-30 13:00:00+00:00,14362.0,14374.0,14336.0,14372.0,9674
2026-06-30 13:15:00+00:00,14374.0,14400.0,14360.0,14360.0,48724
2026-06-30 13:30:00+00:00,14276.0,14402.0,14276.0,14370.0,52697
2026-06-30 13:45:00+00:00,14244.0,14312.0,14232.0,14278.0,41878
2026-06-30 14:00:00+00:00,14150.0,14286.0,14150.0,14244.0,96726
2026-06-30 14:15:00+00:00,14090.0,14160.0,14090.0,14144.0,45451
2026-06-30 14:30:00+00:00,14100.0,14114.0,14054.0,14086.0,52858
2026-06-30 14:45:00+00:00,14094.0,14122.0,14068.0,14102.0,51181
2026-06-30 15:00:00+00:00,14180.0,14186.0,14090.0,14092.0,55190
2026-06-30 15:15:00+00:00,14156.0,14198.0,14152.0,14182.0,51961
2026-07-01 07:00:00+00:00,14160.0,14180.0,14100.0,14138.0,60762
2026-07-01 07:15:00+00:00,14186.0,14186.0,14142.0,14162.0,14572
2026-07-01 07:30:00+00:00,14196.0,14210.0,14172.0,14186.0,15082
2026-07-01 07:45:00+00:00,14214.0,14232.0,14194.0,14200.0,9011
2026-07-01 08:00:00+00:00,14200.0,14220.0,14194.0,14214.0,9450
2026-07-01 08:15:00+00:00,14200.0,14222.0,14190.0,14198.0,6238
2026-07-01 08:30:00+00:00,14198.0,14216.0,14194.0,14200.0,11790
2026-07-01 08:45:00+00:00,14186.0,14204.0,14170.0,14194.451171875,11336
2026-07-01 09:00:00+00:00,14152.0,14190.0,14140.0,14188.0,20269
2026-07-01 09:15:00+00:00,14146.0,14160.0,14142.693359375,14150.0,6534
2026-07-01 09:30:00+00:00,14122.0,14150.0,14114.0,14145.3203125,8266
2026-07-01 09:45:00+00:00,14132.0,14140.0,14110.0,14120.0,13845
2026-07-01 10:00:00+00:00,14107.388671875,14136.0,14094.0,14130.0,17772
2026-07-01 10:15:00+00:00,14098.0,14110.0,14090.0,14106.0,5004
2026-07-01 10:30:00+00:00,14120.0,14124.0,14090.0,14094.01953125,13818
2026-07-01 10:45:00+00:00,14106.0,14124.0,14102.0,14124.0,7564
2026-07-01 11:00:00+00:00,14142.0,14150.0,14104.0,14108.0,11718
2026-07-01 11:15:00+00:00,14102.0,14146.23046875,14100.0,14144.0,6160
2026-07-01 11:30:00+00:00,14076.0,14100.8447265625,14074.0,14098.0,10715
2026-07-01 11:45:00+00:00,14054.0,14108.0,14042.0,14076.0,37804
2026-07-01 12:00:00+00:00,14038.0,14058.0,14032.0,14052.0,12939
2026-07-01 12:15:00+00:00,14054.0,14054.0,14032.0,14040.0,11281
2026-07-01 12:30:00+00:00,14076.0,14076.0,14044.0,14054.0,14066
2026-07-01 12:45:00+00:00,14088.0,14108.0,14072.0,14072.0,17063
2026-07-01 13:00:00+00:00,14120.0,14126.0,14082.0,14088.0,38963
2026-07-01 13:15:00+00:00,14112.0,14126.0,14098.0,14116.0,14541
2026-07-01 13:30:00+00:00,13952.0,14148.0,13927.603515625,14114.0,95854
2026-07-01 13:45:00+00:00,13938.0,13984.3408203125,13924.0,13954.0,42670
2026-07-01 14:00:00+00:00,13850.0,14138.0,13840.0,13934.0,110873
2026-07-01 14:15:00+00:00,13884.0,14138.0,13842.0,13850.0,60022
2026-07-01 14:30:00+00:00,13874.0,13888.0,13838.0,13882.0,34108
2026-07-01 14:45:00+00:00,13900.0,13921.9091796875,13868.0,13876.0,31433
2026-07-01 15:00:00+00:00,13886.0,13940.0,13882.0,13902.0,43236
2026-07-01 15:15:00+00:00,13882.0,13892.0,13860.0,13886.0,69234
2026-07-02 07:00:00+00:00,14012.0,14046.0,13894.0,13916.0,16758
2026-07-02 07:15:00+00:00,14046.0,14056.0,14010.0,14014.0,12866
2026-07-02 07:30:00+00:00,14090.0,14102.0,14044.0,14048.0,23619
2026-07-02 07:45:00+00:00,14102.0,14102.0,14066.0,14088.0,22459
2026-07-02 08:00:00+00:00,14155.646484375,14166.0,14102.0,14104.0,21845
2026-07-02 08:15:00+00:00,14120.0,14158.0,14120.0,14156.0,17141
2026-07-02 08:30:00+00:00,14110.0,14128.0,14110.0,14120.0,11325
2026-07-02 08:45:00+00:00,14090.0,14130.0,14090.0,14114.0,16407
2026-07-02 09:00:00+00:00,14106.0,14106.0,14082.0,14090.0,17008
2026-07-02 09:15:00+00:00,14102.0,14108.0,14080.0,14102.0,16852
2026-07-02 09:30:00+00:00,14088.0,14102.0,14088.0,14098.0,7535
2026-07-02 09:45:00+00:00,14096.0,14102.0,14082.0,14088.0,8911
2026-07-02 10:00:00+00:00,14092.0,14102.0,14078.0,14092.0,11070
2026-07-02 10:15:00+00:00,14072.0,14094.0,14068.0,14088.0400390625,8299
2026-07-02 10:30:00+00:00,14098.2001953125,14100.0,14066.0,14072.0,6742
2026-07-02 10:45:00+00:00,14106.0,14113.5888671875,14098.0,14102.0,10760
2026-07-02 11:00:00+00:00,14084.0,14102.0,14076.0,14102.0,13351
2026-07-02 11:15:00+00:00,14072.0,14092.0,14070.0,14080.0,7954
2026-07-02 11:30:00+00:00,14052.0,14078.0,13916.0,14070.0,117081
2026-07-02 11:45:00+00:00,14066.0,14080.0,14050.0,14054.0,12370
2026-07-02 12:00:00+00:00,14052.0,14070.0,14038.0,14066.0,11582
2026-07-02 12:15:00+00:00,14080.0,14101.0,14052.0,14054.0,18825
2026-07-02 12:30:00+00:00,14098.0,14102.0,14044.0,14078.0,32895
2026-07-02 12:45:00+00:00,14106.0,14116.0,14096.0,14100.0,27084
2026-07-02 13:00:00+00:00,14122.0,14132.0,14096.0,14104.0,17641
2026-07-02 13:15:00+00:00,14186.0,14204.0,14120.0,14122.0,28913
2026-07-02 13:30:00+00:00,14234.0,14238.0,14160.0,14186.0,102731
2026-07-02 13:45:00+00:00,14290.0,14294.083984375,13916.0,14236.0,469913
2026-07-02 14:00:00+00:00,14360.0,14360.0,14272.0,14288.0,58008
2026-07-02 14:15:00+00:00,14470.0,14474.0,14348.0,14362.0,164449
2026-07-02 14:30:00+00:00,14588.0,14588.0,13916.0,14472.0,245101
2026-07-02 14:45:00+00:00,14650.0,14686.0,14586.0,14590.0,88004
2026-07-02 15:00:00+00:00,14634.0,14686.0,14612.0,14648.0,130332
2026-07-02 15:15:00+00:00,14574.0,14636.0,14574.0,14632.0,55667
2026-07-03 07:00:00+00:00,14518.2529296875,14566.0,14446.0,14538.0,76065
2026-07-03 07:15:00+00:00,14522.0,14560.0,14510.0,14522.0,21100
2026-07-03 07:30:00+00:00,14506.0,14534.0,14502.0,14522.0,10988
2026-07-03 07:45:00+00:00,14468.267578125,14512.0,14468.0,14506.0,10588
2026-07-03 08:00:00+00:00,14422.0,14468.0,14416.0,14466.0,5217
2026-07-03 08:15:00+00:00,14424.271484375,14432.0,14414.0,14419.603515625,4791
2026-07-03 08:30:00+00:00,14384.34375,14434.0,14382.0,14430.0,25168
2026-07-03 08:45:00+00:00,14388.0,14398.0,14370.0,14386.0,21526
2026-07-03 09:00:00+00:00,14375.900390625,14420.0,14357.853515625,14392.0,45132
2026-07-03 09:15:00+00:00,14352.0,14378.0,14346.0,14378.0,9885
2026-07-03 09:30:00+00:00,14398.0,14402.0,14354.0,14354.0,31236
2026-07-03 09:45:00+00:00,14416.0,14420.0,14392.0,14392.8017578125,7711
2026-07-03 10:00:00+00:00,14434.0,14450.0,14418.0,14418.0,6950
2026-07-03 10:15:00+00:00,14412.0,14430.0,14410.0,14430.0,3230
2026-07-03 10:30:00+00:00,14400.0,14490.0,14394.0,14414.0,5640
2026-07-03 10:45:00+00:00,14390.0,14410.0,14384.0,14400.0,9252
2026-07-03 11:00:00+00:00,14366.0,14403.0,14366.0,14390.0,6499
2026-07-03 11:15:00+00:00,14352.853515625,14378.0,14350.0,14366.0,5321
2026-07-03 11:30:00+00:00,14360.0,14376.0,14352.0,14352.0,2658
2026-07-03 11:45:00+00:00,14386.0,14404.0,14360.0,14360.0,14717
2026-07-03 12:00:00+00:00,14400.0,14408.0,14388.0,14390.0,2346
2026-07-03 12:15:00+00:00,14400.0,14414.0,14390.0,14406.0,3682
2026-07-03 12:30:00+00:00,14380.0,14394.0,14376.0,14394.0,3575
2026-07-03 12:45:00+00:00,14366.0,14382.0,14355.3857421875,14380.0,10795
2026-07-03 13:00:00+00:00,14390.0,14398.0,14368.0,14368.0,18813
2026-07-03 13:15:00+00:00,14420.0,14434.0,14386.0,14394.0,6479
2026-07-03 13:30:00+00:00,14478.0,14478.0,14412.0,14416.0,7289
2026-07-03 13:45:00+00:00,14480.658203125,14492.0,14389.0,14480.0,4923
2026-07-03 14:00:00+00:00,14476.0,14500.0,14476.0,14482.0,6064
2026-07-03 14:15:00+00:00,14454.0,14488.0,14447.8828125,14476.0,7254
2026-07-03 14:30:00+00:00,14458.0,14470.0,14452.0,14452.0,6194
2026-07-03 14:45:00+00:00,14480.0,14490.0,14460.0,14460.0,8069
2026-07-03 15:00:00+00:00,14468.0,14480.0,14452.0,14480.0,9594
2026-07-03 15:15:00+00:00,14472.0,14478.0,14387.0,14468.0,11446
2026-07-06 07:00:00+00:00,14500.0,14526.0,14456.0,14500.0,25695
2026-07-06 07:15:00+00:00,14496.0,14512.0,14478.0,14496.01953125,5765
2026-07-06 07:30:00+00:00,14496.0,14506.0,14480.0,14498.83203125,7597
2026-07-06 07:45:00+00:00,14486.0,14496.0,14466.0,14496.0,5022
2026-07-06 08:00:00+00:00,14484.0,14488.0,14454.0,14488.0,11935
2026-07-06 08:15:00+00:00,14474.0,14488.0,14474.0,14488.0,10258
2026-07-06 08:30:00+00:00,14450.0,14480.0,14448.0,14476.0,10307
2026-07-06 08:45:00+00:00,14436.0,14452.0,14434.0,14446.0,6466
2026-07-06 09:00:00+00:00,14376.0400390625,14438.0,14362.0,14434.0,17032
2026-07-06 09:15:00+00:00,14360.0,14380.0,14348.0,14378.0,9383
2026-07-06 09:30:00+00:00,14357.681640625,14368.0,14352.0,14362.0,5560
2026-07-06 09:45:00+00:00,14318.0,14357.3896484375,14316.0,14356.0,11525
2026-07-06 10:00:00+00:00,14310.0,14318.0,14294.0,14316.0,6883
2026-07-06 10:15:00+00:00,14283.927734375,14310.0,14274.9580078125,14310.0,20539
2026-07-06 10:30:00+00:00,14270.0,14290.0,14254.0,14284.0,13781
2026-07-06 10:45:00+00:00,14246.0,14272.0,14246.0,14272.0,11836
2026-07-06 11:00:00+00:00,14272.0,14274.0,14228.0,14248.0,15885
2026-07-06 11:15:00+00:00,14262.0,14284.0,14254.0,14276.0,8560
2026-07-06 11:30:00+00:00,14262.0,14270.0,14237.6494140625,14262.0,27394
2026-07-06 11:45:00+00:00,14192.0,14262.0,14176.0,14262.0,22642
2026-07-06 12:00:00+00:00,14202.0,14214.0,14180.0,14191.779296875,17391
2026-07-06 12:15:00+00:00,14236.0,14252.0,14204.0,14204.0,8038
2026-07-06 12:30:00+00:00,14286.0,14286.0,14236.0,14236.0,20731
2026-07-06 12:45:00+00:00,14240.0,14500.0,14240.0,14284.0,190952
2026-07-06 13:00:00+00:00,14208.0,14238.0,14200.0,14238.0,7566
2026-07-06 13:15:00+00:00,14180.0,14220.0,14178.0,14210.0,40609
2026-07-06 13:30:00+00:00,14022.0,14214.0,14022.0,14184.0,138176
2026-07-06 13:45:00+00:00,13972.0,14130.0,13954.0,14024.0,71962
2026-07-06 14:00:00+00:00,14046.0,14054.0,13962.0,13978.0,47674
2026-07-06 14:15:00+00:00,14040.0,14056.0,13984.0,14040.0,42689
2026-07-06 14:30:00+00:00,14062.0,14062.0,13996.0,14040.0,37329
2026-07-06 14:45:00+00:00,14066.0,14072.0,14042.0,14060.0,44340
2026-07-06 15:00:00+00:00,14052.0,14078.0,14032.0,14064.0,55482
2026-07-06 15:15:00+00:00,14050.0,14086.0,14044.0,14050.0,95828
2026-07-07 07:00:00+00:00,14158.0,14220.0,14110.0,14172.0,51413
2026-07-07 07:15:00+00:00,14154.0,14188.0,14144.0,14158.0,15642
2026-07-07 07:30:00+00:00,14168.0,14182.0,14140.0,14158.0,11399
2026-07-07 07:45:00+00:00,14178.0,14188.0,14154.0,14166.0,7761
2026-07-07 08:00:00+00:00,14176.0,14196.0,14172.0,14180.0,9151
2026-07-07 08:15:00+00:00,14158.0,14203.7998046875,14158.0,14175.0009765625,11434
2026-07-07 08:30:00+00:00,14162.2001953125,14169.134765625,14146.0,14157.0986328125,8656
2026-07-07 08:45:00+00:00,14184.0,14194.0,14156.0,14166.0,10642
2026-07-07 09:00:00+00:00,14184.0,14200.0,14170.9912109375,14182.0,14336
2026-07-07 09:15:00+00:00,14194.0,14200.0,14172.0,14184.0,45140
2026-07-07 09:30:00+00:00,14184.0,14198.0,14178.0,14194.0,7443
2026-07-07 09:45:00+00:00,14192.0,14198.0,14174.0,14186.0,7502
2026-07-07 10:00:00+00:00,14176.0,14198.0,14176.0,14194.0,3570
2026-07-07 10:15:00+00:00,14194.0,14210.0,14178.0,14178.0,9055
2026-07-07 10:30:00+00:00,14228.0,14234.0,14172.0,14190.0,395912
2026-07-07 10:45:00+00:00,14224.0,14244.0,14216.0,14230.0,5859
2026-07-07 11:00:00+00:00,14246.0,14250.0,14226.0,14226.0,7081
2026-07-07 11:15:00+00:00,14256.0,14274.0,14248.0,14248.0,7253
2026-07-07 11:30:00+00:00,14304.0,14306.0,14252.0,14256.0,11370
2026-07-07 11:45:00+00:00,14336.0,14336.0,14288.0,14302.0,12231
2026-07-07 12:00:00+00:00,14352.0,14368.0,14332.01953125,14340.0,6646
2026-07-07 12:15:00+00:00,14374.0,14384.0,14348.0,14348.0,9495
2026-07-07 12:30:00+00:00,14372.0,14406.0,14356.0,14374.0,7580
2026-07-07 12:45:00+00:00,14394.0,14402.0,14368.0,14380.0,5959
2026-07-07 13:00:00+00:00,14374.0,14398.0,14371.0498046875,14394.0,8559
2026-07-07 13:15:00+00:00,14432.0,14454.0,14376.0,14376.0,22449
2026-07-07 13:30:00+00:00,14371.0,14478.0,14368.0,14430.0,44668
2026-07-07 13:45:00+00:00,14386.0,14448.0,14370.2236328125,14372.0,18870
2026-07-07 14:00:00+00:00,14372.0,14402.0,14346.0,14384.0,35228
2026-07-07 14:15:00+00:00,14386.0,14406.0,14348.0,14372.0,25267
2026-07-07 14:30:00+00:00,14414.0,14428.0,14358.482421875,14386.0,45110
2026-07-07 14:45:00+00:00,14396.0,14430.0,14388.0,14416.0,25426
2026-07-07 15:00:00+00:00,14390.0,14414.0,14378.0,14394.0,28948
2026-07-07 15:15:00+00:00,14406.546875,14416.0,14380.0,14388.0,24355
2026-07-08 07:00:00+00:00,14204.0,14332.0,14164.0,14312.0,80197
2026-07-08 07:15:00+00:00,14214.0,14234.0,14196.0,14202.0,16130
2026-07-08 07:30:00+00:00,14216.0,14224.0,14172.0,14212.0,9314
2026-07-08 07:45:00+00:00,14180.0,14222.0,14176.0,14214.0,10775
2026-07-08 08:00:00+00:00,14152.0,14190.0,14149.306640625,14186.0,10596
2026-07-08 08:15:00+00:00,14120.0,14152.0,14086.0,14150.0,17112
2026-07-08 08:30:00+00:00,14156.0,14164.0,14120.0,14120.0,18796
2026-07-08 08:45:00+00:00,14138.0,14172.0,14138.0,14158.0,12542
2026-07-08 09:00:00+00:00,14132.0,14150.0,14120.0,14142.0,16165
2026-07-08 09:15:00+00:00,14156.0,14166.0,14130.0,14132.0,7311
2026-07-08 09:30:00+00:00,14164.0,14172.0,14140.0,14154.0,8943
2026-07-08 09:45:00+00:00,14131.181640625,14168.0,14116.0,14164.0,11308
2026-07-08 10:00:00+00:00,14124.0,14134.0,14102.0,14134.0,16263
2026-07-08 10:15:00+00:00,14156.0,14164.0,14118.0,14126.0,9815
2026-07-08 10:30:00+00:00,14202.0,14202.0,14154.0,14154.0,42459
2026-07-08 10:45:00+00:00,14202.0,14214.0,14186.0,14202.0,9438
2026-07-08 11:00:00+00:00,14192.0,14214.0,14189.0,14198.0,18745
2026-07-08 11:15:00+00:00,14210.0,14210.0,14182.0,14194.0,5072
2026-07-08 11:30:00+00:00,14226.0,14242.0,14200.0,14210.0,12060
2026-07-08 11:45:00+00:00,14206.0,14234.0,14205.609375,14222.0,7399
2026-07-08 12:00:00+00:00,14236.0,14248.0,14186.0,14208.0,5911
2026-07-08 12:15:00+00:00,14254.0,14260.0,14230.0,14240.0,12096
2026-07-08 12:30:00+00:00,14218.0,14258.0,14216.0,14256.0,11121
2026-07-08 12:45:00+00:00,14248.0,14256.0,14220.0,14222.0,9984
2026-07-08 13:00:00+00:00,14244.0,14250.0,14233.8251953125,14248.0,7712
2026-07-08 13:15:00+00:00,14202.0,14244.0,14190.0,14244.0,9053
2026-07-08 13:30:00+00:00,14244.0,14260.0,14132.0,14206.0,83676
2026-07-08 13:45:00+00:00,14244.0,14276.0,14228.0,14242.0,75505
2026-07-08 14:00:00+00:00,14270.0,14312.0,14226.0,14244.0,62069
2026-07-08 14:15:00+00:00,14246.0,14288.0,14240.0,14270.0,56367
2026-07-08 14:30:00+00:00,14306.0,14320.0,14234.0,14246.0,41548
2026-07-08 14:45:00+00:00,14220.0,14318.0,14206.0,14306.0,45017
2026-07-08 15:00:00+00:00,14208.0,14228.0,14198.0,14222.0,54306
2026-07-08 15:15:00+00:00,14192.0,14214.0,14186.0,14206.0,111942
2026-07-09 07:00:00+00:00,13088.0,13300.0,12388.0,12388.0,463149
2026-07-09 07:15:00+00:00,12935.88671875,13124.0,12864.0,13090.0,433118
2026-07-09 07:30:00+00:00,12891.1171875,13008.0,12830.0,12938.0,423105
2026-07-09 07:45:00+00:00,12938.0,12950.0,12828.0,12877.4853515625,243538
2026-07-09 08:00:00+00:00,12924.0,12952.0,12864.0,12940.0,194543
2026-07-09 08:15:00+00:00,13026.0,13034.0,12910.0,12920.0,104824
2026-07-09 08:30:00+00:00,12984.0,13046.0,12956.0,13026.0,88700
2026-07-09 08:45:00+00:00,13087.5517578125,13104.0,12958.0,12982.0,153124
2026-07-09 09:00:00+00:00,12963.599609375,13130.0,12962.0,13100.0,84803
2026-07-09 09:15:00+00:00,12966.0,13016.0,12950.0,12960.0,79004
2026-07-09 09:30:00+00:00,12816.0,13081.0,12798.0,12963.5,147162
2026-07-09 09:45:00+00:00,12830.0,12838.0,12738.0,12818.0,102610
2026-07-09 10:00:00+00:00,12905.0546875,12908.0,12808.0,12830.0,75099
2026-07-09 10:15:00+00:00,12876.0,12912.0,12848.6630859375,12898.0,82637
2026-07-09 10:30:00+00:00,12930.0,12962.0,12836.0,12880.0,70482
2026-07-09 10:45:00+00:00,12880.0,12967.3984375,12878.0,12932.0,71584
2026-07-09 11:00:00+00:00,12926.0,12942.0,12834.0,12882.0,171980
2026-07-09 11:15:00+00:00,12990.0,12994.0,12882.0,12924.0,89983
2026-07-09 11:30:00+00:00,12996.0,13064.0,12990.0,12990.0,105199
2026-07-09 11:45:00+00:00,13020.0,13050.0,12954.0,13004.0,92574
2026-07-09 12:00:00+00:00,13053.0,13086.0,13000.0,13018.0,145253
2026-07-09 12:15:00+00:00,12998.0,13070.0,12996.0,13064.0,43213
2026-07-09 12:30:00+00:00,13006.0,13058.0,12972.0,12996.0,46858
2026-07-09 12:45:00+00:00,12954.0,13010.0,12873.73046875,13006.0,60154
2026-07-09 13:00:00+00:00,13086.853515625,13088.0,12940.0,12960.0,73461
2026-07-09 13:15:00+00:00,12942.0,13130.0,12942.0,13088.0,87653
2026-07-09 13:30:00+00:00,13042.0,13118.0,12934.0,12948.0,197768
2026-07-09 13:45:00+00:00,13084.0,13090.0,13014.0,13036.0,81005
2026-07-09 14:00:00+00:00,13144.0,13150.0,13016.0,13080.0,159830
2026-07-09 14:15:00+00:00,13100.0,13200.0,13098.0,13144.0,130252
2026-07-09 14:30:00+00:00,13110.0,13196.0,13102.0,13102.0,141542
2026-07-09 14:45:00+00:00,13178.0,13196.0,13102.0,13110.0,61865
2026-07-09 15:00:00+00:00,13190.0,13208.0,13160.0,13176.0,93713
2026-07-09 15:15:00+00:00,13222.0,13224.0,13174.0,13196.0,150984
2026-07-10 07:00:00+00:00,13332.0,13414.0,13256.0,13322.0,47525
2026-07-10 07:15:00+00:00,13150.0,13354.0,13144.0,13336.0,44788
2026-07-10 07:30:00+00:00,13180.0,13202.1494140625,13136.0,13152.0087890625,42141
2026-07-10 07:45:00+00:00,13168.0,13190.0,13152.0,13180.7978515625,24697
2026-07-10 08:00:00+00:00,13186.291015625,13222.0,13160.0,13170.0,35662
2026-07-10 08:15:00+00:00,13194.0,13210.0,13164.0,13185.392578125,20336
2026-07-10 08:30:00+00:00,13168.0,13200.0,13161.0,13196.0,18729
2026-07-10 08:45:00+00:00,13163.5380859375,13180.0,13151.0,13166.0,17771
2026-07-10 09:00:00+00:00,13175.0,13175.072265625,13152.0,13162.0,11594
2026-07-10 09:15:00+00:00,13135.0,13182.0,13116.0,13176.0,21696
2026-07-10 09:30:00+00:00,13112.0,13136.0,13080.0,13136.0,34554
2026-07-10 09:45:00+00:00,13152.0,13170.0,13112.720703125,13116.0,23271
2026-07-10 10:00:00+00:00,13140.0,13160.0,13136.0,13152.0,19284
2026-07-10 10:15:00+00:00,13147.240234375,13160.0,13139.7978515625,13140.0,10616
2026-07-10 10:30:00+00:00,13144.0,13158.0,13126.0,13144.0,12609
2026-07-10 10:45:00+00:00,13154.0,13160.0,13130.0,13144.0,12955
2026-07-10 11:00:00+00:00,13142.0,13156.0,13128.0,13150.0,17712
2026-07-10 11:15:00+00:00,13168.0,13182.0,13144.0,13145.240234375,17786
2026-07-10 11:30:00+00:00,13172.087890625,13174.0,13146.0,13168.0,19391
2026-07-10 11:45:00+00:00,13130.0,13188.0,13128.0,13174.0,28386
2026-07-10 12:00:00+00:00,13112.0,13142.0,13096.0,13134.0,76079
2026-07-10 12:15:00+00:00,13114.0,13164.0,13110.0,13118.0,156042
2026-07-10 12:30:00+00:00,13124.0,13152.0,13104.0,13114.0,32021
2026-07-10 12:45:00+00:00,13080.0,13124.0,13079.0,13124.0,31135
2026-07-10 13:00:00+00:00,13088.0,13098.0,13076.0,13082.0,24329
2026-07-10 13:15:00+00:00,13078.0,13108.0,13062.0,13090.0,25715
2026-07-10 13:30:00+00:00,12938.0,13112.0,12916.0,13072.0,125766
2026-07-10 13:45:00+00:00,12936.0,12984.0,12926.0,12934.0,59258
2026-07-10 14:00:00+00:00,12904.0,12940.0,12872.0,12938.0,107147
2026-07-10 14:15:00+00:00,12876.0,12912.0,12864.0,12906.0,80766
2026-07-10 14:30:00+00:00,12816.0,13322.0,12812.0,12878.0,241274
2026-07-10 14:45:00+00:00,12851.7802734375,12856.0,12784.0,12814.0,97943
2026-07-10 15:00:00+00:00,12862.0,12891.541015625,12824.888671875,12852.0,171717
2026-07-10 15:15:00+00:00,12912.0,12920.0,12858.0,12862.0,230620
2026-07-13 07:00:00+00:00,12795.1708984375,12810.0,12628.0,12722.0,68682
2026-07-13 07:15:00+00:00,12724.0,12796.0,12712.0,12787.71875,20931
2026-07-13 07:30:00+00:00,12664.0,12716.0,12646.0,12716.0,44750
2026-07-13 07:45:00+00:00,12662.0,12682.0,12658.0,12664.0,38845
2026-07-13 08:00:00+00:00,12662.0,12670.0,12636.0,12662.0,33136
2026-07-13 08:15:00+00:00,12742.0,12748.0,12660.0,12662.0,40762
2026-07-13 08:30:00+00:00,12754.0,12766.0,12740.0,12742.0,18710
2026-07-13 08:45:00+00:00,12784.0,12790.54296875,12756.0,12756.0,13870
2026-07-13 09:00:00+00:00,12736.0,12806.0,12732.0,12786.0,18734
2026-07-13 09:15:00+00:00,12738.0,12752.0,12726.0,12738.0,21767
2026-07-13 09:30:00+00:00,12750.544921875,12751.19921875,12728.0,12738.0,10535
2026-07-13 09:45:00+00:00,12730.0,12762.396484375,12728.0,12752.0,21584
2026-07-13 10:00:00+00:00,12698.26953125,12732.0,12696.0,12732.0,19825
2026-07-13 10:15:00+00:00,12642.0,12700.0,12642.0,12700.0,24629
2026-07-13 10:30:00+00:00,12622.0,12648.0,12610.0,12642.0,44522
2026-07-13 10:45:00+00:00,12654.0,12666.0,12610.0,12622.0,30553
2026-07-13 11:00:00+00:00,12662.0,12677.0224609375,12651.8125,12652.095703125,12033
2026-07-13 11:15:00+00:00,12666.0,12672.0,12658.0,12660.080078125,8442
2026-07-13 11:30:00+00:00,12644.0,12664.0,12640.0,12662.0,18552
2026-07-13 11:45:00+00:00,12624.0,12722.0,12614.0,12646.0,103461
2026-07-13 12:00:00+00:00,12602.0,12654.0,12598.0,12622.0,28592
2026-07-13 12:15:00+00:00,12677.7978515625,12680.0,12602.0,12602.0,18374
2026-07-13 12:30:00+00:00,12650.0,12688.0,12646.0,12680.0,11584
2026-07-13 12:45:00+00:00,12672.71875,12676.0,12652.0,12652.0,12287
2026-07-13 13:00:00+00:00,12658.0,12674.0,12640.0,12674.0,9262
2026-07-13 13:15:00+00:00,12594.0,12656.0,12572.0,12656.0,30769
2026-07-13 13:30:00+00:00,12672.0,12680.0,12546.0,12596.0,142885
2026-07-13 13:45:00+00:00,12714.0,12732.0,12668.0,12674.0,90284
2026-07-13 14:00:00+00:00,12654.0,12724.0,12638.0,12718.0,61533
2026-07-13 14:15:00+00:00,12606.82421875,12654.7265625,12606.0,12654.0,52233
2026-07-13 14:30:00+00:00,12642.0,12650.0,12600.0,12606.0,67005
2026-07-13 14:45:00+00:00,12678.0,12690.0,12634.0,12642.0,58990
2026-07-13 15:00:00+00:00,12656.0,12704.0,12644.0,12680.0,84187
2026-07-13 15:15:00+00:00,12662.0,12668.0,12618.0,12656.0,110762
2026-07-14 07:00:00+00:00,12550.0,12590.0,12482.0,12580.0,129075
2026-07-14 07:15:00+00:00,12480.0,12550.0,12474.0,12550.0,59182
2026-07-14 07:30:00+00:00,12441.0,12482.0,12436.07421875,12480.0,71969
2026-07-14 07:45:00+00:00,12462.0,12474.0,12437.85546875,12442.748046875,46420
2026-07-14 08:00:00+00:00,12474.0,12478.0,12438.0,12466.0,40229
2026-07-14 08:15:00+00:00,12500.0,12502.0,12464.0,12478.0,23524
2026-07-14 08:30:00+00:00,12518.0,12522.0,12490.0,12498.0,21655
2026-07-14 08:45:00+00:00,12465.0615234375,12526.0,12462.0,12514.0,23367
2026-07-14 09:00:00+00:00,12504.0,12504.0,12462.0,12472.0,39845
2026-07-14 09:15:00+00:00,12492.0,12508.0,12477.0,12504.0,41867
2026-07-14 09:30:00+00:00,12498.0,12502.0,12474.0,12491.7958984375,14334
2026-07-14 09:45:00+00:00,12494.0,12508.0,12490.0,12498.0,22020
2026-07-14 10:00:00+00:00,12550.0,12552.0,12490.0,12492.0,48600
2026-07-14 10:15:00+00:00,12554.0,12564.0,12542.0,12552.0,28109
2026-07-14 10:30:00+00:00,12552.0,12566.0,12540.0,12550.0,30932
2026-07-14 10:45:00+00:00,12568.0,12570.0,12554.0,12554.0,14198
2026-07-14 11:00:00+00:00,12570.396484375,12582.0,12550.0,12564.0,34507
2026-07-14 11:15:00+00:00,12570.0,12574.0,12554.0,12572.0,12898
2026-07-14 11:30:00+00:00,12572.0,12582.0,12558.0,12574.0,9351
2026-07-14 11:45:00+00:00,12576.0,12584.0,12560.0,12570.8271484375,20743
2026-07-14 12:00:00+00:00,12555.0908203125,12574.0,12540.0,12572.0,11737
2026-07-14 12:15:00+00:00,12522.0,12552.0,12520.0,12552.0,15737
2026-07-14 12:30:00+00:00,12542.0,12554.0,12514.0,12518.0,33564
2026-07-14 12:45:00+00:00,12532.0,12540.0,12520.0,12539.0,11845
2026-07-14 13:00:00+00:00,12542.0,12550.0,12504.0,12530.0,17090
2026-07-14 13:15:00+00:00,12496.0,12544.3349609375,12482.0,12542.0,38848
2026-07-14 13:30:00+00:00,12456.0,12542.0,12428.0,12498.0,244294
2026-07-14 13:45:00+00:00,12416.0,12464.0,12408.7861328125,12458.0,95336
2026-07-14 14:00:00+00:00,12394.0,12448.0,12394.0,12416.0,82756
2026-07-14 14:15:00+00:00,12384.0,12410.0,12364.0,12398.0,136949
2026-07-14 14:30:00+00:00,12348.0,12386.0,12342.0,12384.0,123009
2026-07-14 14:45:00+00:00,12386.0,12406.0,12328.0,12346.0,99648
2026-07-14 15:00:00+00:00,12394.0,12400.0,12366.0,12386.0,142539
2026-07-14 15:15:00+00:00,12388.0,12408.0,12380.0,12392.0,165484
2026-07-15 07:00:00+00:00,12304.0,12334.0,9892.0,9892.0,95898
2026-07-15 07:15:00+00:00,12282.0,12324.0,12278.0,12301.7958984375,26853
2026-07-15 07:30:00+00:00,12330.0,12332.0,12278.0,12280.0,80096
2026-07-15 07:45:00+00:00,12322.0,12348.0,12298.0,12329.6015625,64725
2026-07-15 08:00:00+00:00,12348.0,12352.0,12282.0,12320.0,23205
2026-07-15 08:15:00+00:00,12398.0,12408.0,12342.0,12350.0,65103
2026-07-15 08:30:00+00:00,12398.0,12412.0,12392.0,12400.0,17380
2026-07-15 08:45:00+00:00,12398.0,12400.0,12382.0,12400.0,12238
2026-07-15 09:00:00+00:00,12406.0,12422.0,12394.0,12398.0,12112
2026-07-15 09:15:00+00:00,12410.0,12424.0,12402.0,12406.0,21737
2026-07-15 09:30:00+00:00,12430.0,12430.4111328125,12402.80078125,12412.0,12585
2026-07-15 09:45:00+00:00,12418.0,12438.0,12410.0,12432.0,9461
2026-07-15 10:00:00+00:00,12450.0,12454.0,12416.65234375,12418.0,10358
2026-07-15 10:15:00+00:00,12414.0,12450.0,12411.2890625,12448.2568359375,22696
2026-07-15 10:30:00+00:00,12430.958984375,12438.0,12392.0,12418.0,13494
2026-07-15 10:45:00+00:00,12447.0,12456.0,12428.8896484375,12430.0,93927
2026-07-15 11:00:00+00:00,12432.0,12458.0,12424.0,12448.0,9819
2026-07-15 11:15:00+00:00,12426.0,12436.0,12420.0,12432.0,14778
2026-07-15 11:30:00+00:00,12440.0,12444.0,12426.0,12426.0,36812
2026-07-15 11:45:00+00:00,12422.0,12440.0,12414.0,12438.0,7411
2026-07-15 12:00:00+00:00,12432.0,12436.0,12400.0,12422.0,27106
2026-07-15 12:15:00+00:00,12422.0,12438.0,12422.0,12434.0,7442
2026-07-15 12:30:00+00:00,12453.0,12458.0,12414.0,12428.0,23331
2026-07-15 12:45:00+00:00,12434.0,12456.0,12428.0,12454.0,32945
2026-07-15 13:00:00+00:00,12425.41796875,12438.0,12424.0,12436.0,8138
2026-07-15 13:15:00+00:00,12390.0,12450.0,12382.0,12426.0,22588
2026-07-15 13:30:00+00:00,12514.0,12514.0,12386.0,12388.0,75938
2026-07-15 13:45:00+00:00,12526.0,12552.0,12512.0,12512.0,72392
2026-07-15 14:00:00+00:00,12502.0,12528.0,12488.0,12524.0,68385
2026-07-15 14:15:00+00:00,12546.0,12578.0,12498.0,12500.0,50498
2026-07-15 14:30:00+00:00,12524.0,12562.0,12524.0,12546.0,33286
2026-07-15 14:45:00+00:00,12500.0,12532.0,12496.0,12526.0,44823
2026-07-15 15:00:00+00:00,12488.0,12514.0,12482.0,12500.0,36639
2026-07-15 15:15:00+00:00,12518.0,12528.0,12476.0,12488.0,108068
2026-07-16 07:00:00+00:00,12468.0,12500.0,12422.0,12436.0,16688
2026-07-16 07:15:00+00:00,12498.0,12502.0,12454.0,12466.9599609375,10935
2026-07-16 07:30:00+00:00,12488.0,12504.0,12484.0,12496.0,19727
2026-07-16 07:45:00+00:00,12468.3134765625,12492.154296875,12458.0,12486.0,27695
2026-07-16 08:00:00+00:00,12452.0,12486.0,12434.0,12468.0,36053
2026-07-16 08:15:00+00:00,12447.75390625,12460.0,12432.0,12450.357421875,12090
2026-07-16 08:30:00+00:00,12454.0,12490.0,12448.0,12450.0,13882
2026-07-16 08:45:00+00:00,12444.0,12454.0,12440.0,12452.0,10298
2026-07-16 09:00:00+00:00,12438.0,12458.0,12434.0,12442.0,19265
2026-07-16 09:15:00+00:00,12432.0,12449.5,12424.0,12440.0,8496
2026-07-16 09:30:00+00:00,12440.0,12448.0,12428.0,12436.0,8558
2026-07-16 09:45:00+00:00,12464.0,12470.0,12438.0,12442.0,9554
2026-07-16 10:00:00+00:00,12448.0,12468.0,12446.0,12464.939453125,16553
2026-07-16 10:15:00+00:00,12446.0,12452.0,12438.0,12450.0,8725
2026-07-16 10:30:00+00:00,12465.0,12470.0,12448.0,12448.0,7858
2026-07-16 10:45:00+00:00,12454.0,12467.5,12438.0,12466.0,9163
2026-07-16 11:00:00+00:00,12490.0,12500.0,12446.0,12452.0,14771
2026-07-16 11:15:00+00:00,12494.0,12506.0,12488.0,12490.0,5292
2026-07-16 11:30:00+00:00,12480.0,12496.0,12453.0,12494.0,13859
2026-07-16 11:45:00+00:00,12472.0,12492.0,12462.0,12482.0,33567
2026-07-16 12:00:00+00:00,12482.2001953125,12502.0,12470.0,12472.0,4259
2026-07-16 12:15:00+00:00,12458.0,12490.0,12458.0,12484.0,67094
2026-07-16 12:30:00+00:00,12455.9990234375,12472.0,12454.0,12460.0,7716
2026-07-16 12:45:00+00:00,12452.0,12464.0,12450.0,12456.0,15488
2026-07-16 13:00:00+00:00,12452.0,12454.0,12435.0,12450.0,16468
2026-07-16 13:15:00+00:00,12444.0,12462.0,12434.0,12450.0,15898
2026-07-16 13:30:00+00:00,12472.0,12490.0,12386.0,12436.0,53621
2026-07-16 13:45:00+00:00,12554.0,12560.0,12470.0,12472.0,33671
2026-07-16 14:00:00+00:00,12556.0,12568.4892578125,12518.0,12556.0,48567
2026-07-16 14:15:00+00:00,12536.0,12560.0,12530.0,12556.0,55791
2026-07-16 14:30:00+00:00,12550.0,12552.0,12496.0,12538.0,85368
2026-07-16 14:45:00+00:00,12560.0,12586.0,12536.0,12552.0,117252
2026-07-16 15:00:00+00:00,12606.0,12612.0,12543.0,12562.0,25584
2026-07-16 15:15:00+00:00,12630.0,12650.0,12600.0,12608.0,46016
2026-07-17 07:00:00+00:00,12572.0,12614.0,12494.0,12614.0,30608
2026-07-17 07:15:00+00:00,12594.0,12622.0,12570.0,12574.0,29049
2026-07-17 07:30:00+00:00,12572.0,12594.0,12568.0,12592.0,24097
2026-07-17 07:45:00+00:00,12598.0,12602.0,12568.0,12572.0,9317
2026-07-17 08:00:00+00:00,12592.0,12622.0,12578.0,12596.0,8887
2026-07-17 08:15:00+00:00,12590.0,12598.0,12566.0,12588.0,8264
2026-07-17 08:30:00+00:00,12548.0,12596.0,12496.0,12592.0,75659
2026-07-17 08:45:00+00:00,12526.0,12568.0,12520.0,12545.7060546875,15631
2026-07-17 09:00:00+00:00,11870.0,12532.0,11870.0,12528.0,16371
2026-07-17 09:15:00+00:00,12548.0,12550.0,12504.0,12514.0,142071
2026-07-17 09:30:00+00:00,12544.0,12584.0,12539.001953125,12550.0,8478
2026-07-17 09:45:00+00:00,12526.0,12546.0,12518.0,12546.0,7897
2026-07-17 10:00:00+00:00,12510.0,12532.0,12496.0,12528.0,10522
2026-07-17 10:15:00+00:00,12542.0,12550.0,12508.0,12508.0,8073
2026-07-17 10:30:00+00:00,12480.0,12550.0,12471.0,12540.0,39190
2026-07-17 10:45:00+00:00,12486.0,12496.0,12476.0,12480.0,8188
2026-07-17 11:00:00+00:00,12490.0,12504.0,12474.0,12484.0,5322
2026-07-17 11:15:00+00:00,12503.263671875,12508.0,12488.6982421875,12488.6982421875,3937
2026-07-17 11:30:00+00:00,12510.0,12516.0,12500.0,12506.0,4479
2026-07-17 11:45:00+00:00,12521.0,12530.0,12507.5,12508.0,3946
2026-07-17 12:00:00+00:00,12526.0,12530.0,12508.0,12526.0,11890
2026-07-17 12:15:00+00:00,12567.3037109375,12570.0,12528.0,12528.0,6993
2026-07-17 12:30:00+00:00,12620.0,12620.0,12572.0,12572.0,10310
2026-07-17 12:45:00+00:00,12588.0,12616.0,12488.0,12616.0,21548
2026-07-17 13:00:00+00:00,12550.0,12588.775390625,12550.0,12588.775390625,15876
2026-07-17 13:15:00+00:00,12512.0,12560.0,12508.0,12550.0,22719
2026-07-17 13:30:00+00:00,12619.5,12650.0,12484.0,12514.0,99274
2026-07-17 13:45:00+00:00,12596.0,12672.0,12592.0,12618.0,32233
2026-07-17 14:00:00+00:00,12570.0,12606.0,12550.0,12594.0,20273
2026-07-17 14:15:00+00:00,12575.29296875,12590.0,12540.0,12570.0,25398
2026-07-17 14:30:00+00:00,12594.0,12600.0,12568.0,12575.0849609375,20045
2026-07-17 14:45:00+00:00,12634.0,12638.0,12586.0,12594.0,21582
2026-07-17 15:00:00+00:00,12622.0,12638.0,12602.0,12636.0,25431
2026-07-17 15:15:00+00:00,12618.0,12626.0,12604.0,12624.0,23355
2026-07-20 07:00:00+00:00,12541.9912109375,12566.0,12500.0,12504.0,20969
2026-07-20 07:15:00+00:00,12546.0,12563.0,12534.0,12540.0,15686
2026-07-20 07:30:00+00:00,12568.0,12576.0,12540.0,12544.0,11409
2026-07-20 07:45:00+00:00,12554.0,12580.0,12554.0,12572.0,6422
2026-07-20 08:00:00+00:00,12566.0,12586.0,12554.0,12556.0,8282
2026-07-20 08:15:00+00:00,12570.0,12590.0,12566.0,12568.0,10548
2026-07-20 08:30:00+00:00,12570.0,12578.005859375,12566.0,12572.0,10786
2026-07-20 08:45:00+00:00,12570.0,12572.0,12550.0,12570.0,8656
2026-07-20 09:00:00+00:00,12566.0,12576.0,12562.0,12568.0,8353
2026-07-20 09:15:00+00:00,12574.0,12578.0,12552.0,12566.0,6322
2026-07-20 09:30:00+00:00,12570.0,12576.0,12564.0,12574.0,10156
2026-07-20 09:45:00+00:00,12566.0,12576.0,12564.0,12568.0,7279
2026-07-20 10:00:00+00:00,12564.0,12570.0,12504.0,12568.0,195710
2026-07-20 10:15:00+00:00,12566.0,12572.0,12554.0,12562.0,12260
2026-07-20 10:30:00+00:00,12560.0,12566.0,12554.0,12566.0,7821
2026-07-20 10:45:00+00:00,12564.0,12568.0,12556.0,12560.0,6240
2026-07-20 11:00:00+00:00,12597.111328125,12610.0,12564.0,12566.0,16932
2026-07-20 11:15:00+00:00,12598.0,12626.0,12588.0,12596.0,29179
2026-07-20 11:30:00+00:00,12612.0,12636.0,12586.0,12596.0,31757
2026-07-20 11:45:00+00:00,12582.0,12618.0,12582.0,12612.0,13709
2026-07-20 12:00:00+00:00,12542.0,12582.0,12534.0,12582.0,44240
2026-07-20 12:15:00+00:00,12566.0,12572.0,12534.0,12540.0,8633
2026-07-20 12:30:00+00:00,12568.0,12582.0,12554.0,12566.0,5687
2026-07-20 12:45:00+00:00,12538.0,12572.0,12532.0,12568.0,7056
2026-07-20 13:00:00+00:00,12516.0,12550.0,12515.0,12539.119140625,7078
2026-07-20 13:15:00+00:00,12524.0,12526.0,12500.0,12516.0,10412
2026-07-20 13:30:00+00:00,12484.0,12534.0,12482.0,12520.0,50171
2026-07-20 13:45:00+00:00,12474.0,12492.0,12446.0,12482.0,40986
2026-07-20 14:00:00+00:00,12456.0,12498.0,12444.0,12472.0,23787
2026-07-20 14:15:00+00:00,12444.0,12464.0,12438.0,12458.0,21558
2026-07-20 14:30:00+00:00,12438.0,12464.0,12424.0,12442.0,41064
2026-07-20 14:45:00+00:00,12402.0,12456.0,12398.0,12440.0,89525
2026-07-20 15:00:00+00:00,12404.0,12416.0,12386.0,12402.0,45079
2026-07-20 15:15:00+00:00,12414.0,12422.0,12402.0,12402.0,43568
2026-07-21 07:00:00+00:00,12306.0,12326.0,10524.0,10524.0,100231
2026-07-21 07:15:00+00:00,12306.0,12330.0,12270.0,12304.0,35163
2026-07-21 07:30:00+00:00,12340.0,12362.0,12300.0,12306.0,29314
2026-07-21 07:45:00+00:00,12334.0,12358.0,12330.0,12344.0,25914
2026-07-21 08:00:00+00:00,12372.0,12380.28515625,12334.0,12336.0,19306
2026-07-21 08:15:00+00:00,12404.0,12407.6123046875,12371.0,12378.0,52755
2026-07-21 08:30:00+00:00,12406.0,12414.0,12388.0,12404.0,8948
2026-07-21 08:45:00+00:00,12392.0,12420.0,12392.0,12406.646484375,6193
2026-07-21 09:00:00+00:00,12432.0,12434.0,12396.0,12396.0,8001
2026-07-21 09:15:00+00:00,12423.0,12450.0,12422.0,12436.0,8311
2026-07-21 09:30:00+00:00,12424.0,12434.0,12418.0,12423.0,15142
2026-07-21 09:45:00+00:00,12438.0,12458.0,12424.0,12426.0,6220
2026-07-21 10:00:00+00:00,12452.0,12454.0,12430.0,12438.0,7615
2026-07-21 10:15:00+00:00,12446.0,12462.0,12442.0,12452.0,5085
2026-07-21 10:30:00+00:00,12450.0,12458.0,12436.0,12446.0,3309
2026-07-21 10:45:00+00:00,12422.0,12450.0,12420.0,12450.0,6513
2026-07-21 11:00:00+00:00,12428.0,12442.0,12402.0,12422.0,40144
2026-07-21 11:15:00+00:00,12422.0,12434.0,12408.0,12428.0,13010
2026-07-21 11:30:00+00:00,12392.0087890625,12422.0,12388.0,12422.0,10315
2026-07-21 11:45:00+00:00,12368.0,12394.0,12354.0,12394.0,11313
2026-07-21 12:00:00+00:00,12392.0,12392.0,12356.0,12368.0,14303
2026-07-21 12:15:00+00:00,12370.0,12396.0,12366.0,12392.0,11765
2026-07-21 12:30:00+00:00,12344.0,12370.0,12336.0,12368.0,16232
2026-07-21 12:45:00+00:00,12360.0,12366.0,12332.0,12340.0,15911
2026-07-21 13:00:00+00:00,12346.0,12366.0,12328.0,12362.0,15434
2026-07-21 13:15:00+00:00,12364.0,12364.0,12316.0,12346.0,23567
2026-07-21 13:30:00+00:00,12348.0,12416.0,12334.0,12364.0,78561
2026-07-21 13:45:00+00:00,12430.0,12442.0,12342.0,12348.0,56767
2026-07-21 14:00:00+00:00,12486.0,12492.0,12422.0,12426.0,58267
2026-07-21 14:15:00+00:00,12497.5,12536.0,12488.0,12488.0,31881
2026-07-21 14:30:00+00:00,12442.0,12514.75390625,12424.0,12496.0,88506
2026-07-21 14:45:00+00:00,12416.0,12454.0,12416.0,12442.0,37794
2026-07-21 15:00:00+00:00,12436.0,12442.0,12394.0,12418.0,64466
2026-07-21 15:15:00+00:00,12474.0,12476.0,12434.0,12438.0,106474
2026-07-22 07:00:00+00:00,12540.0,12580.0,12514.0,12570.0,141842
2026-07-22 07:15:00+00:00,12560.0,12568.0,12542.0,12542.0,20541
2026-07-22 07:30:00+00:00,12546.0,12562.0,12534.0,12558.0,14541
2026-07-22 07:45:00+00:00,12596.0,12596.0,12544.0,12544.0,15762
2026-07-22 08:00:00+00:00,12634.0,12636.0,12592.0,12596.0,31862
2026-07-22 08:15:00+00:00,12634.0,12652.0,12630.0,12636.0,15829
2026-07-22 08:30:00+00:00,12646.0,12658.0,12628.0,12634.0,13900
2026-07-22 08:45:00+00:00,12668.0,12678.0,12640.0,12644.0,19240
2026-07-22 09:00:00+00:00,12698.0,12720.0,12666.0,12670.0,32384
2026-07-22 09:15:00+00:00,12688.0,12722.0,12684.0,12696.0,26543
2026-07-22 09:30:00+00:00,12650.0,12689.3056640625,12640.0,12689.3056640625,14550
2026-07-22 09:45:00+00:00,12630.0,12662.0,12614.8515625,12650.0,30079
2026-07-22 10:00:00+00:00,12638.0,12646.0,12620.0,12632.0,13517
2026-07-22 10:15:00+00:00,12694.0,12694.0,12638.0,12644.0,28386
2026-07-22 10:30:00+00:00,12706.0,12728.0,12694.0,12696.0,31980
2026-07-22 10:45:00+00:00,12710.0,12750.0,12706.0,12706.0,26809
2026-07-22 11:00:00+00:00,12716.0,12722.0,12700.0,12712.0,14166
2026-07-22 11:15:00+00:00,12724.0,12728.0,12706.0,12712.0,11182
2026-07-22 11:30:00+00:00,12718.0,12752.046875,12706.0,12724.0,19395
2026-07-22 11:45:00+00:00,12732.0,12752.0,12716.0,12716.0,7685
2026-07-22 12:00:00+00:00,12764.0,12774.0,12730.0,12734.0,22719
2026-07-22 12:15:00+00:00,12760.0,12772.0,12752.0,12766.0,9638
2026-07-22 12:30:00+00:00,12750.0,12778.0,12750.0,12760.0,21288
2026-07-22 12:45:00+00:00,12756.0,12757.0,12734.0,12748.0,22143
2026-07-22 13:00:00+00:00,12748.0,12758.0,12740.0,12754.0,26055
2026-07-22 13:15:00+00:00,12760.0,12770.0,12742.0,12748.0,25730
2026-07-22 13:30:00+00:00,12664.0,12772.0,12662.0,12762.0,44877
2026-07-22 13:45:00+00:00,12664.0,12690.0,12648.0,12664.0,50282
2026-07-22 14:00:00+00:00,12691.0,12718.0,12662.0,12664.0,62927
2026-07-22 14:15:00+00:00,12682.0,12712.0,12670.0,12692.0,26671
2026-07-22 14:30:00+00:00,12696.0,12708.0,12680.0,12682.0,46693
2026-07-22 14:45:00+00:00,12722.0,12734.5,12696.0,12696.0,26636
2026-07-22 15:00:00+00:00,12696.0,12721.0,12684.0,12721.0,32545
2026-07-22 15:15:00+00:00,12704.0,12714.0,12692.0,12696.0,101938
2026-07-23 07:00:00+00:00,12498.0,12636.0,12444.8583984375,12610.0,79040
2026-07-23 07:15:00+00:00,12552.0,12552.0,12492.0,12500.0,52378
2026-07-23 07:30:00+00:00,12562.0,12562.0,12522.0,12554.0,11441
2026-07-23 07:45:00+00:00,12572.0,12580.0,12542.0,12562.0,12057
2026-07-23 08:00:00+00:00,12572.0,12586.0,12550.0,12572.0,21361
2026-07-23 08:15:00+00:00,12598.0,12599.5,12568.0,12574.0,6236
2026-07-23 08:30:00+00:00,12600.0,12610.0,12594.0,12602.0,8048
2026-07-23 08:45:00+00:00,12594.0,12600.0,12568.0,12600.0,38571
2026-07-23 09:00:00+00:00,12616.5,12630.0,12594.396484375,12596.0,7165
2026-07-23 09:15:00+00:00,12620.0,12626.0,12614.0,12616.0,10279
2026-07-23 09:30:00+00:00,12624.0,12624.0,12610.0,12620.0,12926
2026-07-23 09:45:00+00:00,12618.0,12634.0,12618.0,12618.5,9483
2026-07-23 10:00:00+00:00,12606.09765625,12620.0,12596.0,12617.4560546875,5970
2026-07-23 10:15:00+00:00,12614.0,12622.0,12604.0,12606.396484375,7080
2026-07-23 10:30:00+00:00,12620.0,12624.0,12612.0,12614.0,5403
2026-07-23 10:45:00+00:00,12614.0,12630.0,12602.2001953125,12620.1650390625,4821
2026-07-23 11:00:00+00:00,12592.0,12614.0,12582.0,12614.0,4034
2026-07-23 11:15:00+00:00,12567.7041015625,12594.0,12562.0,12590.0,10603
2026-07-23 11:30:00+00:00,12542.0,12572.0,12520.0,12568.0,8664
2026-07-23 11:45:00+00:00,12558.0,12568.0,12538.0,12540.0,10903
2026-07-23 12:00:00+00:00,12524.0,12564.0,12522.0,12556.0,10080
2026-07-23 12:15:00+00:00,12494.0,12617.798828125,12490.0,12528.0,26784
2026-07-23 12:30:00+00:00,12480.0,12510.0,12474.0,12494.0,15974
2026-07-23 12:45:00+00:00,12472.83984375,12502.0,12470.0,12480.0,10935
2026-07-23 13:00:00+00:00,12458.0,12486.0,12446.0,12480.0,21587
2026-07-23 13:15:00+00:00,12462.0,12478.0,12454.0,12458.0,24146
2026-07-23 13:30:00+00:00,12536.0,12596.0,12450.0,12462.0,123470
2026-07-23 13:45:00+00:00,12550.0,12554.0,12508.0,12532.0,62528
2026-07-23 14:00:00+00:00,12560.0,12562.0,12512.0,12548.0,32967
2026-07-23 14:15:00+00:00,12572.0,12580.0,12515.755859375,12560.0,34231
2026-07-23 14:30:00+00:00,12610.0,12620.0,12570.0,12576.0,44324
2026-07-23 14:45:00+00:00,12670.0,12670.0,12606.841796875,12606.841796875,65601
2026-07-23 15:00:00+00:00,12672.0,12700.0,12656.0,12670.0,46936
2026-07-23 15:15:00+00:00,12688.0,12696.0,12656.0,12670.0,115732
2026-07-24 07:00:00+00:00,12626.0,12650.0,12608.0,12650.0,13896
2026-07-24 07:15:00+00:00,12632.0,12638.0,12616.0,12626.0,12117
2026-07-24 07:30:00+00:00,12604.0,12640.0,12578.0,12628.0,13639
2026-07-24 07:45:00+00:00,12584.0,12610.0,12578.0,12600.0,7320
2026-07-24 08:00:00+00:00,12588.0,12606.0,12578.0,12584.0,5778
2026-07-24 08:15:00+00:00,12630.0,12630.0,12578.0,12584.0,8771
2026-07-24 08:30:00+00:00,12632.0,12647.40234375,12626.0,12630.0,9406
2026-07-24 08:45:00+00:00,12647.7958984375,12656.0,12631.9755859375,12634.0,8384
2026-07-24 09:00:00+00:00,12638.0,12650.0,12618.0,12648.0,25708
2026-07-24 09:15:00+00:00,12622.0,12638.0,12620.0,12637.0341796875,16426
2026-07-24 09:30:00+00:00,12603.001953125,12624.0,12596.0,12624.0,4237
2026-07-24 09:45:00+00:00,12608.0,12614.0,12600.0,12600.0,7198
2026-07-24 10:00:00+00:00,12603.154296875,12626.0,12602.0,12610.0,10285
2026-07-24 10:15:00+00:00,12620.0,12626.0,12602.0,12602.0,11410
2026-07-24 10:30:00+00:00,12614.0,12628.0,12604.0,12620.0,6612
2026-07-24 10:45:00+00:00,12610.0,12630.0,12606.0,12618.0,6169
2026-07-24 11:00:00+00:00,12582.0,12624.0,12578.0,12614.0,8668
2026-07-24 11:15:00+00:00,12594.0,12596.0,12568.01953125,12584.0,5770
2026-07-24 11:30:00+00:00,12596.0,12610.0,12592.0,12596.0,7608
2026-07-24 11:45:00+00:00,12606.0,12610.0,12591.583984375,12594.0,6294
2026-07-24 12:00:00+00:00,12632.0,12640.0,12596.0,12603.13671875,13100
2026-07-24 12:15:00+00:00,12656.0,12656.0,12626.0,12630.0,5076
2026-07-24 12:30:00+00:00,12648.0,12666.0,12646.0,12650.0,23847
2026-07-24 12:45:00+00:00,12660.0,12674.0,12646.0,12648.0,7041
2026-07-24 13:00:00+00:00,12704.0,12714.0,12662.0,12662.0,9409
2026-07-24 13:15:00+00:00,12756.0,12756.0,12704.0,12704.0,41374
2026-07-24 13:30:00+00:00,12724.0,12766.0,12676.0,12752.0,77936
2026-07-24 13:45:00+00:00,12716.0,12770.0,12700.0,12724.0,38721
2026-07-24 14:00:00+00:00,12738.0,12738.0,12702.0,12710.0,24392
2026-07-24 14:15:00+00:00,12726.0,12768.0,12718.0,12740.0,28723
2026-07-24 14:30:00+00:00,12698.0,12758.0,12694.0,12732.0,95292
2026-07-24 14:45:00+00:00,12690.0,12741.0,12670.0,12700.0,30797
2026-07-24 15:00:00+00:00,12736.0,12736.0,12676.0,12688.0,36345
2026-07-24 15:15:00+00:00,12760.0,12764.0,12728.0,12733.1435546875,80172
2026-07-27 07:00:00+00:00,12846.599609375,12866.0,12660.0,12726.0,67555
2026-07-27 07:15:00+00:00,12862.0,12890.0,12822.0,12848.0,49069
2026-07-27 07:30:00+00:00,12844.0,12886.0,12798.0,12862.0,31184
2026-07-27 07:45:00+00:00,12860.0,12922.0,12838.0,12842.0,39909
2026-07-27 08:00:00+00:00,12880.0,12882.0,12794.0,12860.0,28766
2026-07-27 08:15:00+00:00,12848.0,12878.7109375,12820.0,12876.0,27272
2026-07-27 08:30:00+00:00,12852.0,12864.0,12828.0,12846.0,14748
2026-07-27 08:45:00+00:00,12828.0,12860.0,12818.0,12850.0,16489
2026-07-27 09:00:00+00:00,12860.0,12876.0,12800.0,12826.0,31790
2026-07-27 09:15:00+00:00,12874.0,12934.0,12848.0,12862.0,58698
2026-07-27 09:30:00+00:00,12858.0,12898.0,12820.0,12874.0,11190
2026-07-27 09:45:00+00:00,12830.0,12864.0,12820.0,12858.0,11086
2026-07-27 10:00:00+00:00,12860.0,12872.0,12809.0,12830.0,22572
2026-07-27 10:15:00+00:00,12880.0,12892.0,12842.572265625,12860.0,10474
2026-07-27 10:30:00+00:00,12881.103515625,12882.0,12842.0,12880.0,9108
2026-07-27 10:45:00+00:00,12898.0,12938.0,12870.0,12876.0,29782
2026-07-27 11:00:00+00:00,12902.0,12925.0,12870.0,12904.0,26394
2026-07-27 11:15:00+00:00,12892.0,12924.0,12874.0,12902.0,9754
2026-07-27 11:30:00+00:00,12874.0,12910.0,12870.0,12894.0,9079
2026-07-27 11:45:00+00:00,12874.0,12898.0,12856.0,12876.0,21128
2026-07-27 12:00:00+00:00,12876.0,12895.6328125,12868.0,12876.0,13390
2026-07-27 12:15:00+00:00,12816.0,12880.0,12792.0,12876.0,19838
2026-07-27 12:30:00+00:00,12814.0,12829.0,12794.0,12818.0,24011
2026-07-27 12:45:00+00:00,12824.0,12838.0,12792.0,12812.0,23748
2026-07-27 13:00:00+00:00,12808.0,12860.0,12774.0,12828.0,34992
2026-07-27 13:15:00+00:00,12794.0,12850.0,12762.0,12810.0,35116
2026-07-27 13:30:00+00:00,12774.0,12826.0,12602.0,12788.0,150199
2026-07-27 13:45:00+00:00,12896.0,12902.0,12776.0,12778.0,87600
2026-07-27 14:00:00+00:00,12962.0,12990.0,12879.0,12900.0,146193
2026-07-27 14:15:00+00:00,12912.0,12986.0,12912.0,12964.0,49156
2026-07-27 14:30:00+00:00,12956.0,12974.0,12726.0,12914.0,352087
2026-07-27 14:45:00+00:00,12940.0,12978.0,12926.0,12956.0,88939
2026-07-27 15:00:00+00:00,13016.0,13020.0,12922.0,12938.0,92127
2026-07-27 15:15:00+00:00,12942.0,13015.451171875,12942.0,13014.0,53893
2026-07-28 07:00:00+00:00,12669.0,12736.0,12578.0,12700.0,44166
2026-07-28 07:15:00+00:00,12712.0,12734.0,12660.0,12674.0,34928
2026-07-28 07:30:00+00:00,12699.884765625,12714.0,12688.0,12712.111328125,23527
2026-07-28 07:45:00+00:00,12662.0,12702.0,12658.0,12698.0,15314
2026-07-28 08:00:00+00:00,12692.0,12728.0,12663.2626953125,12664.0,34422
2026-07-28 08:15:00+00:00,12680.0,12688.0,12640.0,12688.0,29998
2026-07-28 08:30:00+00:00,12726.0,12732.0,12674.0,12676.0,15000
2026-07-28 08:45:00+00:00,12722.0,12728.0,12704.0,12724.0,14970
2026-07-28 09:00:00+00:00,12738.0,12750.0,12714.0,12726.0,18933
2026-07-28 09:15:00+00:00,12756.0,12758.0,12730.0,12740.0,14733
2026-07-28 09:30:00+00:00,12746.0,12772.0,12742.0,12754.0,10479
2026-07-28 09:45:00+00:00,12760.0,12768.0,12744.0,12746.0,25084
2026-07-28 10:00:00+00:00,12781.71875,12804.0,12760.0,12760.0,19358
2026-07-28 10:15:00+00:00,12750.0,12784.0,12738.0,12780.0,6044
2026-07-28 10:30:00+00:00,12752.0,12758.0,12737.263671875,12750.5888671875,8065
2026-07-28 10:45:00+00:00,12761.0,12768.0,12750.0,12758.0,7421
2026-07-28 11:00:00+00:00,12778.0,12790.0,12696.0,12762.0,24977
2026-07-28 11:15:00+00:00,12758.0,12820.0068359375,12740.0,12776.0,27525
2026-07-28 11:30:00+00:00,12746.0,12772.0,12734.0,12758.0,11616
2026-07-28 11:45:00+00:00,12728.0,12770.7939453125,12722.0,12750.0,18281
2026-07-28 12:00:00+00:00,12768.0,12800.0,12722.0,12726.0,24665
2026-07-28 12:15:00+00:00,12812.0,12816.0,12770.0,12772.0,12803
2026-07-28 12:30:00+00:00,12808.0,12828.0,12782.0,12814.0,13249
2026-07-28 12:45:00+00:00,12780.0,12812.0,12778.0,12808.0,8841
2026-07-28 13:00:00+00:00,12748.0,12778.0,12742.0,12778.0,17148
2026-07-28 13:15:00+00:00,12834.0,12834.0,12748.0,12752.0,23992
2026-07-28 13:30:00+00:00,13039.216796875,13064.0,12826.0,12836.0,221790
2026-07-28 13:45:00+00:00,13048.0,13116.0,13014.0,13040.0,131672
2026-07-28 14:00:00+00:00,13060.0,13072.0,12902.35546875,13048.0,94124
2026-07-28 14:15:00+00:00,13038.0,13100.0,13012.0,13060.0,121089
2026-07-28 14:30:00+00:00,13036.0,13060.0,12700.0,13036.0,219978
2026-07-28 14:45:00+00:00,13018.0,13042.0,12984.0,13036.0,102476
2026-07-28 15:00:00+00:00,12968.0,13028.0,12946.0,13018.0,60071
2026-07-28 15:15:00+00:00,12964.0,12992.0,12950.0,12968.0,75672
2026-07-29 07:00:00+00:00,13102.0,13114.0,12978.0,13014.0,29199
2026-07-29 07:15:00+00:00,13099.0869140625,13128.0,13086.0,13098.0,48093
2026-07-29 07:30:00+00:00,13108.0,13116.0,13096.0,13104.0,15121
2026-07-29 07:45:00+00:00,13086.0,13108.0,13068.0,13108.0,21808
2026-07-29 08:00:00+00:00,13100.0,13110.0,13066.0,13082.0,62125
2026-07-29 08:15:00+00:00,13068.0,13114.0,13054.0,13100.0,98319
2026-07-29 08:30:00+00:00,13054.0,13078.0,13034.0,13070.0,67569
2026-07-29 08:45:00+00:00,13044.0,13064.0,13018.0,13058.0,69828
2026-07-29 09:00:00+00:00,13036.0,13060.0,13020.0,13044.0,31655
2026-07-29 09:15:00+00:00,13012.0,13052.0,13002.0,13036.0,51327
2026-07-29 09:30:00+00:00,13016.0,13028.0,12998.0,13008.0,59002
2026-07-29 09:45:00+00:00,13036.0,13038.0,13012.0,13016.0,38977
2026-07-29 10:00:00+00:00,13068.0,13074.0,13022.0,13036.984375,34017
2026-07-29 10:15:00+00:00,13082.0,13102.0,13068.0,13068.0,16430
2026-07-29 10:30:00+00:00,13090.0,13096.0,13074.0,13084.0,7722
2026-07-29 10:45:00+00:00,13116.0,13120.0,13014.0,13092.0,339318
2026-07-29 11:00:00+00:00,13122.0,13128.0,13104.0,13114.0,11632
2026-07-29 11:15:00+00:00,13120.0,13128.0,13110.0,13122.0,4229
2026-07-29 11:30:00+00:00,13104.1396484375,13148.0,13082.0,13114.0,20511
2026-07-29 11:45:00+00:00,13124.0,13126.0,13092.0,13106.0,7574
2026-07-29 12:00:00+00:00,13116.0,13138.0,13112.0,13126.0,8748
2026-07-29 12:15:00+00:00,13108.0,13124.0,13014.0,13112.0,487420
2026-07-29 12:30:00+00:00,13106.0,13136.0,13100.0,13108.0,8613
2026-07-29 12:45:00+00:00,13114.0,13118.0,13082.0,13104.0,31788
2026-07-29 13:00:00+00:00,13122.0,13132.0,13088.0,13114.0,27419
2026-07-29 13:15:00+00:00,13116.0,13132.0,13112.0,13128.0,50445
2026-07-29 13:30:00+00:00,13074.0,13130.0,13060.0,13116.0,291812
2026-07-29 13:45:00+00:00,13126.0,13130.0,13062.0,13072.0,78851
2026-07-29 14:00:00+00:00,13124.0,13160.0,13094.0,13130.0,106362
2026-07-29 14:15:00+00:00,13144.0,13158.0,13072.0,13124.0,145586
2026-07-29 14:30:00+00:00,13090.0,13164.0,13014.0,13142.0,285111
2026-07-29 14:45:00+00:00,13064.0,13100.0,13054.0,13088.0,180455
2026-07-29 15:00:00+00:00,13152.0,13161.603515625,13062.0,13064.0,138924
2026-07-29 15:15:00+00:00,13118.0,13154.0,13114.0,13152.0,53609
2026-07-30 07:00:00+00:00,13010.0,13034.7998046875,12936.0,12976.0,21407
2026-07-30 07:15:00+00:00,13024.0,13030.0,12990.0,13008.0,22085
2026-07-30 07:30:00+00:00,13068.0,13070.0,13010.0,13022.0,18950
2026-07-30 07:45:00+00:00,13048.0,13072.0,12970.0,13069.0,12506
2026-07-30 08:00:00+00:00,13072.0,13076.0,13040.0,13048.0,10187
2026-07-30 08:15:00+00:00,13060.0,13078.0,13050.0,13076.0,23155
2026-07-30 08:30:00+00:00,13000.0,13068.0,12978.0,13058.0,97102
2026-07-30 08:45:00+00:00,12956.0,13016.0,12930.0,13000.0,130532
2026-07-30 09:00:00+00:00,12988.0,12996.0,12928.0,12954.0,50964
2026-07-30 09:15:00+00:00,12968.0,13006.0,12950.0,12986.0,22320
2026-07-30 09:30:00+00:00,12942.0,12968.0,12924.0,12964.0,18470
2026-07-30 09:45:00+00:00,12870.0,12942.0,12852.0,12938.0,42093
2026-07-30 10:00:00+00:00,12840.0,12891.599609375,12836.0,12868.0,75390
2026-07-30 10:15:00+00:00,12858.0,12884.0,12842.0,12842.0,73998
2026-07-30 10:30:00+00:00,12764.0,12862.0,12764.0,12858.0,45421
2026-07-30 10:45:00+00:00,12800.0,12814.0,12756.0,12764.0,40750
2026-07-30 11:00:00+00:00,12832.0,12853.2646484375,12784.0,12800.0,34992
2026-07-30 11:15:00+00:00,12864.0,12872.0,12832.0,12832.0,18567
2026-07-30 11:30:00+00:00,12832.0,12871.0,12796.142578125,12866.0,37786
2026-07-30 11:45:00+00:00,12818.0,12970.0,12818.0,12830.0,271675
2026-07-30 12:00:00+00:00,12812.0,12826.0,12798.0,12816.0,25080
2026-07-30 12:15:00+00:00,12791.7998046875,12838.0,12790.0,12812.0,16649
2026-07-30 12:30:00+00:00,12780.0,12794.0,12764.0,12790.0,41846
2026-07-30 12:45:00+00:00,12790.0,12806.466796875,12780.0,12782.0,18555
2026-07-30 13:00:00+00:00,12782.0,12828.0,12776.0,12788.0,33573
2026-07-30 13:15:00+00:00,12742.0,12784.0,12736.0,12778.0,51831
2026-07-30 13:30:00+00:00,12692.0,12774.2021484375,12690.0,12740.0,109953
2026-07-30 13:45:00+00:00,12758.0,12770.0,12690.0,12694.0,80508
2026-07-30 14:00:00+00:00,12744.0,12790.0,12708.0,12762.0,156745
2026-07-30 14:15:00+00:00,12768.0,12796.0,12742.0,12746.0,76694
2026-07-30 14:30:00+00:00,12784.0,12824.0,12724.0,12766.0,54149
2026-07-30 14:45:00+00:00,12780.0,12788.0,12716.0,12786.0,51008
2026-07-30 15:00:00+00:00,12742.0,12788.0,12738.0,12782.0,60328
2026-07-30 15:15:00+00:00,12704.0,12746.0,12696.0,12741.0,87822
2026-07-31 07:00:00+00:00,12824.0,12836.0,12680.0,12700.0,36227
2026-07-31 07:15:00+00:00,12880.0,12888.0,12808.0,12826.0,19814
2026-07-31 07:30:00+00:00,12861.0859375,12894.0,12854.0,12882.0,23812
2026-07-31 07:45:00+00:00,12866.0,12876.0,12814.0,12864.0,15768
2026-07-31 08:00:00+00:00,12824.0,12872.0,12810.15625,12860.0,20060
2026-07-31 08:15:00+00:00,12826.0,12848.0,12822.0,12826.0,10730
2026-07-31 08:30:00+00:00,12822.0,12838.0,12814.0,12822.0,9677
2026-07-31 08:45:00+00:00,12836.0,12846.8173828125,12814.0,12820.0,13937
2026-07-31 09:00:00+00:00,12834.0,12840.0,12810.0,12838.0,10099
2026-07-31 09:15:00+00:00,12806.0,12832.0,12804.0,12830.0,9448
2026-07-31 09:30:00+00:00,12784.0,12810.0,12780.0,12808.0,12647
2026-07-31 09:45:00+00:00,12756.0,12784.0,12752.0,12782.0,11543
2026-07-31 10:00:00+00:00,12764.0,12768.0,12750.0,12756.0,16583
2026-07-31 10:15:00+00:00,12756.0,12764.0,12742.0,12762.0,14906
2026-07-31 10:30:00+00:00,12752.0,12778.0,12748.0,12756.0,21377
2026-07-31 10:45:00+00:00,12748.0,12762.0,12700.0,12754.0,19204
2026-07-31 11:00:00+00:00,12746.0,12754.0,12732.2822265625,12748.0,19451
2026-07-31 11:15:00+00:00,12732.0,12756.0,12698.0,12744.0,28472
2026-07-31 11:30:00+00:00,12722.0,12734.0,12714.0,12726.0,49295
2026-07-31 11:45:00+00:00,12730.0,12736.0,12704.0,12720.0,9142
2026-07-31 12:00:00+00:00,12734.0,12742.0,12716.0,12728.0,10982
2026-07-31 12:15:00+00:00,12738.0,12746.0,12728.0,12730.0,21975
2026-07-31 12:30:00+00:00,12744.0,12770.0,12726.0,12736.0,49391
2026-07-31 12:45:00+00:00,12728.0,12748.0,12724.0,12744.0,16965
2026-07-31 13:00:00+00:00,12725.7373046875,12752.0,12716.0,12726.0,19967
2026-07-31 13:15:00+00:00,12692.0,12742.0,12686.0,12726.0,36888
2026-07-31 13:30:00+00:00,12652.0,12707.3544921875,12614.0,12688.0,52099
2026-07-31 13:45:00+00:00,12614.0,12668.0,12606.0,12650.0,48029
2026-07-31 14:00:00+00:00,12576.0,12630.0,12576.0,12614.0,39664
2026-07-31 14:15:00+00:00,12606.0,12620.0,12558.0,12580.0,51025
2026-07-31 14:30:00+00:00,12630.0,12638.0,12600.0,12602.0,25183
2026-07-31 14:45:00+00:00,12656.0,12658.0,12624.9599609375,12632.0,39741
2026-07-31 15:00:00+00:00,12674.3193359375,12678.0,12636.0,12660.0,40234
2026-07-31 15:15:00+00:00,12668.0,12676.0,12646.0,12668.0205078125,50042
2026-08-03 07:00:00+00:00,11738.0,11988.0,11646.0,11842.0,472745
2026-08-03 07:15:00+00:00,11752.0,11860.0,11700.080078125,11734.0,258868
2026-08-03 07:30:00+00:00,11790.0,11874.0,11722.0,11752.0,195653
2026-08-03 07:45:00+00:00,11818.0,11852.0,11784.0,11788.0,125670
2026-08-03 08:00:00+00:00,11827.4287109375,11838.0,11786.0,11818.0,101910
2026-08-03 08:15:00+00:00,11868.0,11876.0,11798.0,11832.0,56616
2026-08-03 08:30:00+00:00,11870.0,11888.0,11818.0,11862.0,65142
2026-08-03 08:45:00+00:00,11860.0,11906.0,11848.0,11870.0,47665
2026-08-03 09:00:00+00:00,11856.0,11886.0,11842.0,11864.0,118639
2026-08-03 09:15:00+00:00,11836.0,11902.0,11832.0,11858.0,80260
2026-08-03 09:30:00+00:00,11837.599609375,11880.0,11830.0,11844.0,58041
2026-08-03 09:45:00+00:00,11938.0,11950.0,11838.0,11840.0,72221
2026-08-03 10:00:00+00:00,11916.0,11996.0,11898.0,11936.0,69193
2026-08-03 10:15:00+00:00,11890.0,11922.0,11876.0,11916.0,70621
2026-08-03 10:30:00+00:00,12010.0,12024.0,11895.6318359375,11898.0,199406
2026-08-03 10:45:00+00:00,12022.0,12050.0,11990.0,12010.0,146941
2026-08-03 11:00:00+00:00,12022.0,12038.0,11873.3271484375,12019.4296875,41163
2026-08-03 11:15:00+00:00,12024.0,12054.0,11992.0,12026.0,282993
2026-08-03 11:30:00+00:00,12037.1953125,12072.0,11842.0,12026.0,718961
2026-08-03 11:45:00+00:00,12066.0,12068.0,12020.0,12036.0,124768
2026-08-03 12:00:00+00:00,11964.0,12082.0,11938.0,12062.0,177424
2026-08-03 12:15:00+00:00,11856.0,11974.0,11854.0,11966.0,148847
2026-08-03 12:30:00+00:00,11772.0,11884.0,11770.0,11856.0,375520
2026-08-03 12:45:00+00:00,11708.0,11842.0,11676.0,11770.0,301739
2026-08-03 13:00:00+00:00,11700.0,11730.0,11632.0,11708.0,227899
2026-08-03 13:15:00+00:00,11672.0,11755.9501953125,11652.0,11702.0,195286
2026-08-03 13:30:00+00:00,11588.0,11810.0,11562.0,11662.0,314865
2026-08-03 13:45:00+00:00,11590.0,11670.0,11542.0,11586.0,145120
2026-08-03 14:00:00+00:00,11646.0,11662.0,11564.0,11586.0,212006
2026-08-03 14:15:00+00:00,11594.0,11664.0,11542.0,11644.0,198871
2026-08-03 14:30:00+00:00,11556.0,11626.0,11496.509765625,11592.0,224035
2026-08-03 14:45:00+00:00,11534.0,11564.0,11502.0,11558.0,161697
2026-08-03 15:00:00+00:00,11474.0,11546.0,11466.0,11538.0,186143
2026-08-03 15:15:00+00:00,11454.0,11512.0,11414.0,11476.0,271301
2026-08-04 07:00:00+00:00,11714.0,11812.0,11694.0,11728.0,156661
2026-08-04 07:15:00+00:00,11732.0,11760.0,11712.0,11716.0,91251
2026-08-04 07:30:00+00:00,11728.0,11738.0,11700.0,11732.0,77712
2026-08-04 07:45:00+00:00,11738.0,11746.0,11722.0,11728.0,74502
2026-08-04 08:00:00+00:00,11708.0,11738.0,11687.1025390625,11738.0,75614
2026-08-04 08:15:00+00:00,11744.0,11746.0,11704.0,11708.0,150081
2026-08-04 08:30:00+00:00,11738.0,11780.0,11730.0,11742.0,139996
2026-08-04 08:45:00+00:00,11724.0,11742.0,11699.046875,11736.0,57999
2026-08-04 09:00:00+00:00,11694.0,11728.0,11690.0,11720.0,84332
2026-08-04 09:15:00+00:00,11696.0,11708.0,11688.0,11696.0,72781
2026-08-04 09:30:00+00:00,11720.0,11746.0,11685.8779296875,11696.0,94793
2026-08-04 09:45:00+00:00,11730.0,11748.0,11718.0,11722.0,104725
2026-08-04 10:00:00+00:00,11732.259765625,11754.0,11716.0,11733.7998046875,102995
2026-08-04 10:15:00+00:00,11766.0,11766.0,11720.0,11732.0,75901
2026-08-04 10:30:00+00:00,11760.0,11782.0,11750.0,11770.0,128839
2026-08-04 10:45:00+00:00,11734.0,11762.0,11724.0,11760.0,118098
2026-08-04 11:00:00+00:00,11728.0,11742.0,11726.0,11734.0,107797
2026-08-04 11:15:00+00:00,11730.0,11738.0,11716.0,11729.5,51453
2026-08-04 11:30:00+00:00,11718.0,11736.0,11708.0,11730.0,71478
2026-08-04 11:45:00+00:00,11734.0,11740.0,11718.0,11720.0,71388
2026-08-04 12:00:00+00:00,11760.0,11766.0,11715.5380859375,11734.0,282104
2026-08-04 12:15:00+00:00,11744.0,11768.0,11738.0,11762.0,148386
2026-08-04 12:30:00+00:00,11742.0,11752.0,11719.0,11742.0,205925
2026-08-04 12:45:00+00:00,11736.0,11750.0,11728.0,11742.0,120158
2026-08-04 13:00:00+00:00,11702.0,11742.0,11698.0,11736.0,229920
2026-08-04 13:15:00+00:00,11748.0,11748.0,11700.0,11700.0,119410
2026-08-04 13:30:00+00:00,11678.0,11746.0,11668.0,11746.0,143914
2026-08-04 13:45:00+00:00,11702.0,11732.0,11674.0,11678.0,138997
2026-08-04 14:00:00+00:00,11683.703125,11734.0,11672.0,11700.0,168505
2026-08-04 14:15:00+00:00,11645.873046875,11690.0,11638.0,11678.0,154270
2026-08-04 14:30:00+00:00,11614.0,11683.4521484375,11610.0,11646.0,229559
2026-08-04 14:45:00+00:00,11714.0,11718.2041015625,11610.0,11614.0,356313
2026-08-04 15:00:00+00:00,11698.0,11746.0,11680.0,11716.0,571963
2026-08-04 15:15:00+00:00,11760.0,11782.0,11694.0,11696.0,364642
2026-08-05 07:00:00+00:00,11700.0,11752.0,11620.0,11644.0,169006
2026-08-05 07:15:00+00:00,11644.9482421875,11698.0,11616.0,11698.0,86222
2026-08-05 07:30:00+00:00,11624.0,11650.0,11622.0,11638.0,45646
2026-08-05 07:45:00+00:00,11601.583984375,11630.0,11596.0,11622.0,66297
2026-08-05 08:00:00+00:00,11620.0,11630.0,11596.0,11602.0,51879
2026-08-05 08:15:00+00:00,11624.8203125,11628.0,11596.0,11619.5,40600
2026-08-05 08:30:00+00:00,11635.41015625,11652.2421875,11624.0,11626.599609375,45579
2026-08-05 08:45:00+00:00,11608.2958984375,11636.0,11606.0,11635.6572265625,53698
2026-08-05 09:00:00+00:00,11592.0,11622.0,11588.0,11610.0,54681
2026-08-05 09:15:00+00:00,11602.0,11614.0,11578.0,11592.0,90909
2026-08-05 09:30:00+00:00,11619.2919921875,11632.0,11601.609375,11602.0,33599
2026-08-05 09:45:00+00:00,11622.0,11622.0,11604.0,11614.0,31258
2026-08-05 10:00:00+00:00,11652.0,11668.0,11614.0,11622.0,83483
2026-08-05 10:15:00+00:00,11672.0,11672.0,11642.0,11654.0,46371
2026-08-05 10:30:00+00:00,11666.0,11672.1533203125,11656.0,11670.0,32331
2026-08-05 10:45:00+00:00,11688.0,11692.0,11668.0,11668.0,56993
2026-08-05 11:00:00+00:00,11664.0,11694.0,11664.0,11686.0,44367
2026-08-05 11:15:00+00:00,11673.294921875,11684.0,11658.0,11664.0,168739
2026-08-05 11:30:00+00:00,11686.0,11700.0,11654.0,11672.0,112621
2026-08-05 11:45:00+00:00,11694.0,11700.0,11670.0,11686.0,27099
2026-08-05 12:00:00+00:00,12132.0,12223.0,11592.0,11696.0,662527
2026-08-05 12:15:00+00:00,12134.0,12274.0,12118.0,12118.0,386373
2026-08-05 12:30:00+00:00,12170.837890625,12210.0,11676.0,12140.0,340066
2026-08-05 12:45:00+00:00,12130.0,12218.0,12110.0,12171.2177734375,123810
2026-08-05 13:00:00+00:00,12163.00390625,12166.0,12118.0,12132.0,53351
2026-08-05 13:15:00+00:00,12158.0,12208.0,12148.0,12162.0,120831
2026-08-05 13:30:00+00:00,12014.0,12192.0,12008.0,12156.0,245006
2026-08-05 13:45:00+00:00,12064.0,12072.0,11970.0,12017.19921875,117958
2026-08-05 14:00:00+00:00,12062.0,12096.0,12050.0,12062.0,99427
2026-08-05 14:15:00+00:00,12058.0,12088.0,12048.0,12062.0,79247
2026-08-05 14:30:00+00:00,12111.0,12126.0,12058.0,12058.0,79135
2026-08-05 14:45:00+00:00,12068.0,12121.0,12044.0,12112.0,124509
2026-08-05 15:00:00+00:00,12094.0,12123.0,12052.0,12066.0,125005
2026-08-05 15:15:00+00:00,12066.0,12096.0,12046.0,12094.0,139158
2026-08-06 07:00:00+00:00,12128.0,12172.0,12066.0,12100.0,51876
2026-08-06 07:15:00+00:00,12088.0,12130.0,12084.0,12126.0,38830
2026-08-06 07:30:00+00:00,12074.0,12092.0,12066.0,12090.0,15845
2026-08-06 07:45:00+00:00,12082.4541015625,12090.0,12050.0498046875,12070.642578125,37438
2026-08-06 08:00:00+00:00,12076.0,12096.0,12064.0,12084.0,33675
2026-08-06 08:15:00+00:00,12072.0,12080.0,12054.0,12076.0,37161
2026-08-06 08:30:00+00:00,12056.0,12080.0,12042.0,12072.0,22415
2026-08-06 08:45:00+00:00,12060.0,12068.0,12040.0,12054.0,23164
2026-08-06 09:00:00+00:00,12050.0,12066.0,12040.0,12054.0,21087
2026-08-06 09:15:00+00:00,12064.0,12064.0,12042.0,12052.0,26991
2026-08-06 09:30:00+00:00,12050.0,12074.0,12050.0,12062.8017578125,19938
2026-08-06 09:45:00+00:00,12068.0,12074.0,12042.357421875,12050.0,31452
2026-08-06 10:00:00+00:00,12050.0,12078.0,12046.0,12066.0,18701
2026-08-06 10:15:00+00:00,12064.0,12070.0,12036.0,12048.0,19155
2026-08-06 10:30:00+00:00,12062.0,12064.00390625,12050.0,12064.0,56036
2026-08-06 10:45:00+00:00,12040.0,12062.0,12034.0,12060.0,20628
2026-08-06 11:00:00+00:00,12018.0,12046.0,12010.0,12042.0,16280
2026-08-06 11:15:00+00:00,12016.0,12024.0,12010.0,12018.0,22243
2026-08-06 11:30:00+00:00,11988.0,12049.3720703125,11988.0,12016.0,25675
2026-08-06 11:45:00+00:00,11974.0,11996.0,11970.0,11992.0,23725
2026-08-06 12:00:00+00:00,11954.0078125,11978.0,11946.0,11974.0,17108
2026-08-06 12:15:00+00:00,11976.0,11982.0,11946.0,11954.0,14233
2026-08-06 12:30:00+00:00,11966.0,11988.0,11964.0,11976.0,48276
2026-08-06 12:45:00+00:00,11966.0,11968.0,11942.0,11962.0,23046
2026-08-06 13:00:00+00:00,11980.0,11982.0,11954.0,11964.0,16553
2026-08-06 13:15:00+00:00,12010.0,12010.0,11940.0,11978.0,66292
2026-08-06 13:30:00+00:00,11894.0,12016.0,11878.0,12006.0,89420
2026-08-06 13:45:00+00:00,11882.0,11902.0,11870.0,11896.0,42824
2026-08-06 14:00:00+00:00,11876.0,11938.0,11870.0,11882.0,61092
2026-08-06 14:15:00+00:00,11854.0,11884.0,11844.0,11876.0,57843
2026-08-06 14:30:00+00:00,11844.0,11856.0,11818.0,11854.0,91155
2026-08-06 14:45:00+00:00,11902.0,11906.0,11840.0,11843.5576171875,68697
2026-08-06 15:00:00+00:00,11894.0,11903.0,11876.0,11902.0,81408
2026-08-06 15:15:00+00:00,11866.0,11908.0,11864.0,11894.0,221516
2026-08-07 07:00:00+00:00,12026.0,12040.0,11898.0,11898.0,198704
2026-08-07 07:15:00+00:00,12048.0,12096.0,12020.0,12020.0,38118
2026-08-07 07:30:00+00:00,12014.0,12044.0,12008.0,12044.0,22186
2026-08-07 07:45:00+00:00,11998.0,12022.0,11996.0,12014.0,24637
2026-08-07 08:00:00+00:00,12008.0,12032.0,11980.0,11999.7587890625,55126
2026-08-07 08:15:00+00:00,12026.7578125,12030.0,12004.0,12008.0,35812
2026-08-07 08:30:00+00:00,12019.2978515625,12030.0,12012.0,12026.0,23520
2026-08-07 08:45:00+00:00,12016.0,12024.0,12006.0,12014.0,22800
2026-08-07 09:00:00+00:00,12006.0,12016.0361328125,12002.0,12016.0,15959
2026-08-07 09:15:00+00:00,12006.0,12010.0,12001.708984375,12006.0,14509
2026-08-07 09:30:00+00:00,12031.1884765625,12036.0,12002.0,12006.0,51131
2026-08-07 09:45:00+00:00,12041.10546875,12046.0,12006.0,12026.0,42435
2026-08-07 10:00:00+00:00,12018.0,12046.0,12018.0,12040.0,25704
2026-08-07 10:15:00+00:00,12006.0,12020.0,12000.0,12016.0,17708
2026-08-07 10:30:00+00:00,11997.19921875,12010.0,11992.0,12006.0,22672
2026-08-07 10:45:00+00:00,12000.0,12014.0,11994.0,11994.0,57876
2026-08-07 11:00:00+00:00,12008.0,12020.0,12001.0966796875,12002.0,23142
2026-08-07 11:15:00+00:00,12014.0,12016.0,12004.0,12008.0,16967
2026-08-07 11:30:00+00:00,12018.5712890625,12026.0,12012.0,12016.0,30405
2026-08-07 11:45:00+00:00,12016.0,12022.0,11898.0,12018.5712890625,272571
2026-08-07 12:00:00+00:00,12010.0,12018.0,11996.0,12015.0,31707
2026-08-07 12:15:00+00:00,12012.0,12018.0,11898.0,12010.0,1478956
2026-08-07 12:30:00+00:00,11992.0,12014.0,11988.0,12008.0,27029
2026-08-07 12:45:00+00:00,11988.0,12000.0,11984.0,11990.0,13173
2026-08-07 13:00:00+00:00,12000.0,12012.0,11986.0,11990.0,30968
2026-08-07 13:15:00+00:00,12002.0,12025.0,11898.0,11998.80859375,88019
2026-08-07 13:30:00+00:00,11968.0,12006.0,11928.0,12004.0,93634
2026-08-07 13:45:00+00:00,11996.0,12010.0,11898.0,11966.0,423013
2026-08-07 14:00:00+00:00,11988.0,12008.0,11898.0,12000.0,296394
2026-08-07 14:15:00+00:00,11942.0,11992.0,11926.0,11990.0,66310
2026-08-07 14:30:00+00:00,11937.0,11950.0,11908.0,11943.12109375,57369
2026-08-07 14:45:00+00:00,11910.0,11940.0,11898.0,11938.0,1309244
2026-08-07 15:00:00+00:00,11864.0,11918.125,11860.0,11908.0,70068
2026-08-07 15:15:00+00:00,11864.0,11873.716796875,11854.0,11864.0,79575
2026-08-10 07:00:00+00:00,12030.0,12060.0,11976.0,12030.0,32523
2026-08-10 07:15:00+00:00,11994.0,12036.0,11988.0,12026.0,34718
2026-08-10 07:30:00+00:00,12014.0,12020.0,11994.0,11997.876953125,29896
2026-08-10 07:45:00+00:00,11992.0,12024.0,11984.0,12014.0,32308
2026-08-10 08:00:00+00:00,11990.0,12008.0,11982.0,11992.0,53043
2026-08-10 08:15:00+00:00,11971.2998046875,11990.0,11964.0,11988.0,23535
2026-08-10 08:30:00+00:00,11932.0,11978.0,11928.2021484375,11970.0,16735
2026-08-10 08:45:00+00:00,11926.0,11940.0,11912.0,11932.0,40934
2026-08-10 09:00:00+00:00,11910.0,11940.0,11904.0,11928.0,26287
2026-08-10 09:15:00+00:00,11902.0,11918.0,11895.7998046875,11909.814453125,23267
2026-08-10 09:30:00+00:00,11905.8330078125,11910.0,11894.0,11900.0,20507
2026-08-10 09:45:00+00:00,11904.0,11912.0,11900.0,11908.0,10140
2026-08-10 10:00:00+00:00,11900.0,11910.0,11896.0,11908.0,21988
2026-08-10 10:15:00+00:00,11888.0,11906.0,11888.0,11898.0,22550
2026-08-10 10:30:00+00:00,11904.0,11906.0,11884.0,11890.0,15578
2026-08-10 10:45:00+00:00,11909.3818359375,11910.0,11890.0,11902.0,15044
2026-08-10 11:00:00+00:00,11892.0,11912.0,11890.0,11908.0,21735
2026-08-10 11:15:00+00:00,11902.0,11904.0,11888.0,11894.0,14852
2026-08-10 11:30:00+00:00,11924.0,11932.0,11900.0,11904.0,30048
2026-08-10 11:45:00+00:00,11944.0,11956.0,11924.0,11926.0,18780
2026-08-10 12:00:00+00:00,11918.0,11950.0,11918.0,11944.0,23814
2026-08-10 12:15:00+00:00,11928.0,11940.0,11914.0,11916.0,18452
2026-08-10 12:30:00+00:00,11896.0,11944.0,11896.0,11930.0,19150
2026-08-10 12:45:00+00:00,11878.0,12030.0,11874.0,11898.0,362408
2026-08-10 13:00:00+00:00,11882.0,11896.0,11870.0,11878.6513671875,16321
2026-08-10 13:15:00+00:00,11888.0,11896.0,11862.0,11884.0,28267
2026-08-10 13:30:00+00:00,11896.0,11926.0,11860.0,11882.0,74516
2026-08-10 13:45:00+00:00,11892.0,11922.0,11872.0,11900.0,146899
2026-08-10 14:00:00+00:00,11874.0,11910.0,11862.0,11894.0,95503
2026-08-10 14:15:00+00:00,11942.0,11964.0,11856.0,11874.0,100964
2026-08-10 14:30:00+00:00,11950.0,11960.0,11888.0,11943.7998046875,63436
2026-08-10 14:45:00+00:00,11966.0,11968.0,11930.0,11952.0,58917
2026-08-10 15:00:00+00:00,11988.0,11990.0,11944.0,11964.0,74851
2026-08-10 15:15:00+00:00,12022.0,12026.0,11985.0,11986.0,91655
2026-08-11 07:00:00+00:00,11971.599609375,12004.0,11964.0,11980.0,23275
2026-08-11 07:15:00+00:00,11948.0,11982.0,11936.0,11972.0,138232
2026-08-11 07:30:00+00:00,11926.0,11956.0,11922.0,11950.0,30610
2026-08-11 07:45:00+00:00,11936.0,11946.0,11926.0,11926.0,16790
2026-08-11 08:00:00+00:00,11894.0,11938.0,11889.7998046875,11935.0,34603
2026-08-11 08:15:00+00:00,11892.0,11898.0,11878.0,11894.0,27446
2026-08-11 08:30:00+00:00,11904.0,11922.0,11896.0,11896.0,38441
2026-08-11 08:45:00+00:00,11892.0,11910.0,11889.2998046875,11904.0,23441
2026-08-11 09:00:00+00:00,11910.0,11919.1650390625,11890.0,11892.0,23950
2026-08-11 09:15:00+00:00,11922.0,11934.0,11908.0,11910.0,35466
2026-08-11 09:30:00+00:00,11950.0,11950.0,11922.0,11922.0,15851
2026-08-11 09:45:00+00:00,11982.0,11982.0,11945.98046875,11952.0,22956
2026-08-11 10:00:00+00:00,12004.0,12012.0,11964.0,11982.0,22233
2026-08-11 10:15:00+00:00,12021.98046875,12044.0,11996.0,12005.5146484375,23968
2026-08-11 10:30:00+00:00,12050.056640625,12052.0,12016.7001953125,12022.0,15833
2026-08-11 10:45:00+00:00,12044.0,12054.0,12038.0,12050.0,18853
2026-08-11 11:00:00+00:00,12018.0,12048.0,12014.0,12044.0,29516
2026-08-11 11:15:00+00:00,12006.3330078125,12016.0,12002.0,12016.0,11681
2026-08-11 11:30:00+00:00,12020.0,12022.0,11998.0,12008.0,22385
2026-08-11 11:45:00+00:00,12018.0,12024.0,12004.0,12022.0,31424
2026-08-11 12:00:00+00:00,12028.0,12032.0,12012.0,12018.0,7529
2026-08-11 12:15:00+00:00,12048.0,12052.0,12018.0,12028.0,16773
2026-08-11 12:30:00+00:00,12052.0,12058.0,12030.0,12048.0,22301
2026-08-11 12:45:00+00:00,12050.0,12054.0,11900.0,12052.0,21880
2026-08-11 13:00:00+00:00,12038.80078125,12056.0,11900.0,12050.0,23088
2026-08-11 13:15:00+00:00,12000.0,12042.0,11982.0,12038.0,23851
2026-08-11 13:30:00+00:00,11988.841796875,12012.0,11954.0,11998.0,72198
2026-08-11 13:45:00+00:00,11950.0,12008.0,11948.0,11986.0,75001
2026-08-11 14:00:00+00:00,11888.0,11956.0,11875.6748046875,11954.0,57038
2026-08-11 14:15:00+00:00,11848.0,11886.4873046875,11838.84375,11884.0,59570
2026-08-11 14:30:00+00:00,11894.0,11980.0,11846.0,11848.0,90206
2026-08-11 14:45:00+00:00,11868.0,11910.0,11852.0,11894.0,77999
2026-08-11 15:00:00+00:00,11880.0,11883.2099609375,11856.0,11871.0,102708
2026-08-11 15:15:00+00:00,11882.0,11888.0,11860.0,11876.0,103942
2026-08-12 07:00:00+00:00,11762.0,11800.0,11756.0,11786.0,27242
2026-08-12 07:15:00+00:00,11752.0,11768.0,11744.0,11760.0,27859
2026-08-12 07:30:00+00:00,11730.2001953125,11758.916015625,11730.0,11752.0,21362
2026-08-12 07:45:00+00:00,11716.0,11740.0,11704.0,11734.0,25799
2026-08-12 08:00:00+00:00,11703.1552734375,11720.0,11694.0,11716.0,54332
2026-08-12 08:15:00+00:00,11714.0,11722.0,11700.0,11702.55859375,27474
2026-08-12 08:30:00+00:00,11702.0,11720.2890625,11698.0,11714.0,21546
2026-08-12 08:45:00+00:00,11705.98046875,11712.0,11696.0,11700.107421875,31880
2026-08-12 09:00:00+00:00,11700.0,11712.0,11690.0,11706.0,27359
2026-08-12 09:15:00+00:00,11710.0,11720.0,11694.0,11698.0,23067
2026-08-12 09:30:00+00:00,11716.0,11728.0,11710.0,11712.0,16179
2026-08-12 09:45:00+00:00,11704.0,11722.0,11704.0,11712.0,18907
2026-08-12 10:00:00+00:00,11699.9248046875,11706.431640625,11696.0,11702.0,25768
2026-08-12 10:15:00+00:00,11692.0,11706.0,11689.279296875,11700.0,13600
2026-08-12 10:30:00+00:00,11688.0,11692.0,11680.0,11690.0,13905
2026-08-12 10:45:00+00:00,11692.0,11706.0,11680.0,11688.0,37011
2026-08-12 11:00:00+00:00,11695.6015625,11700.0,11682.0,11692.0,21506
2026-08-12 11:15:00+00:00,11688.0,11702.0,11688.0,11696.0,18345
2026-08-12 11:30:00+00:00,11706.880859375,11708.0,11679.3291015625,11691.8447265625,17394
2026-08-12 11:45:00+00:00,11684.0,11706.0,11684.0,11706.0,17419
2026-08-12 12:00:00+00:00,11680.0,11705.8203125,11674.0,11684.0,55971
2026-08-12 12:15:00+00:00,11716.0,11716.0,11680.0,11682.0,25721
2026-08-12 12:30:00+00:00,11694.0,11718.0,11677.0,11716.0,25957
2026-08-12 12:45:00+00:00,11696.0,11704.0,11690.0,11694.9033203125,21716
2026-08-12 13:00:00+00:00,11676.0,11702.0,11672.0,11696.0,15264
2026-08-12 13:15:00+00:00,11660.0,11686.0,11644.0,11676.0,24303
2026-08-12 13:30:00+00:00,11717.8251953125,11728.0,11610.0,11656.0,85195
2026-08-12 13:45:00+00:00,11730.0,11750.0,11694.2001953125,11716.0,41881
2026-08-12 14:00:00+00:00,11726.2021484375,11752.0302734375,11716.0,11728.0,46148
2026-08-12 14:15:00+00:00,11694.0,11732.0,11682.0,11728.0,72973
2026-08-12 14:30:00+00:00,11702.0,11714.0,11678.0,11696.0,45813
2026-08-12 14:45:00+00:00,11700.0,11710.0,11686.0,11702.0,45652
2026-08-12 15:00:00+00:00,11676.0,11698.822265625,11668.0,11698.0,50681
2026-08-12 15:15:00+00:00,11690.0,11694.0,11666.0,11674.0,69893
2026-08-13 07:00:00+00:00,11674.0,11746.0,11673.115234375,11706.0,60882
2026-08-13 07:15:00+00:00,11637.0,11680.0,11632.0,11671.982421875,41804
2026-08-13 07:30:00+00:00,11658.0,11658.0,11626.0,11636.0,25496
2026-08-13 07:45:00+00:00,11630.0,11658.0,11628.9296875,11656.4599609375,21876
2026-08-13 08:00:00+00:00,11620.0,11646.0,11620.0,11631.0,39452
2026-08-13 08:15:00+00:00,11634.0,11634.0,11604.0,11622.0,33109
2026-08-13 08:30:00+00:00,11644.0,11648.0,11622.0,11634.2666015625,32610
2026-08-13 08:45:00+00:00,11637.0,11654.0,11636.0,11644.0,19549
2026-08-13 09:00:00+00:00,11662.0,11664.0,11632.0,11638.0,26394
2026-08-13 09:15:00+00:00,11652.0,11664.0,11648.0,11660.0,15874
2026-08-13 09:30:00+00:00,11650.0,11652.0,11640.0,11650.0,10076
2026-08-13 09:45:00+00:00,11670.0,11676.0,11646.0,11646.0,21665
2026-08-13 10:00:00+00:00,11656.9501953125,11674.0,11656.0,11668.0,11413
2026-08-13 10:15:00+00:00,11648.0,11660.0,11648.0,11657.09375,12776
2026-08-13 10:30:00+00:00,11660.0,11660.0,11648.0,11650.0,14798
2026-08-13 10:45:00+00:00,11666.0,11706.0,11658.0,11658.3212890625,105651
2026-08-13 11:00:00+00:00,11672.197265625,11682.0,11662.2001953125,11664.0,19673
2026-08-13 11:15:00+00:00,11670.0,11706.0,11670.0,11674.0,250020
2026-08-13 11:30:00+00:00,11690.0,11692.0,11670.0,11670.0,8481
2026-08-13 11:45:00+00:00,11688.0,11690.0,11680.0,11688.0,11241
2026-08-13 12:00:00+00:00,11682.0,11692.0,11661.0,11692.0,9517
2026-08-13 12:15:00+00:00,11662.0,11688.0,11662.0,11682.8017578125,14135
2026-08-13 12:30:00+00:00,11670.3046875,11680.0,11658.0,11660.0,16875
2026-08-13 12:45:00+00:00,11670.5087890625,11672.0,11662.0,11671.0654296875,17221
2026-08-13 13:00:00+00:00,11666.0,11674.0,11660.0,11671.009765625,16649
2026-08-13 13:15:00+00:00,11684.0,11688.0,11666.0,11668.0,44443
2026-08-13 13:30:00+00:00,11666.0,11694.0,11636.0,11684.0,142100
2026-08-13 13:45:00+00:00,11652.0,11666.0,11627.0,11664.0,63595
2026-08-13 14:00:00+00:00,11658.0,11687.3681640625,11646.0,11654.0,71254
2026-08-13 14:15:00+00:00,11681.853515625,11688.0,11640.0,11658.0,77561
2026-08-13 14:30:00+00:00,11694.0,11694.0,11666.97265625,11680.0,90173
2026-08-13 14:45:00+00:00,11694.0,11712.0,11674.0,11694.0,118014
2026-08-13 15:00:00+00:00,11716.0,11720.0,11687.091796875,11694.0,175858
2026-08-13 15:15:00+00:00,11708.0,11736.0,11698.0,11716.0,220270
2026-08-14 07:00:00+00:00,11626.0,11658.0,11582.0,11610.0,93053
2026-08-14 07:15:00+00:00,11586.0,11626.0,11578.0,11626.0,28695
2026-08-14 07:30:00+00:00,11552.0,11590.5380859375,11546.0,11586.0,38898
2026-08-14 07:45:00+00:00,11552.0,11560.0,11530.0,11550.0,33858
2026-08-14 08:00:00+00:00,11542.0,11556.0,11512.0,11554.0,30202
2026-08-14 08:15:00+00:00,11548.0,11550.0,11532.0,11542.0,17260
2026-08-14 08:30:00+00:00,11534.0,11552.0,11526.0,11548.0,26395
2026-08-14 08:45:00+00:00,11538.0,11548.0,11528.3984375,11534.0,21117
2026-08-14 09:00:00+00:00,11534.0,11546.0,11531.7958984375,11538.0,21903
2026-08-14 09:15:00+00:00,11546.0,11546.0,11528.0,11532.0,23571
2026-08-14 09:30:00+00:00,11570.0,11574.0,11542.0,11544.0,82375
2026-08-14 09:45:00+00:00,11538.0,11572.0,11536.0,11570.0,266702
2026-08-14 10:00:00+00:00,11534.0,11550.0,11524.0,11538.0,22074
2026-08-14 10:15:00+00:00,11520.0,11534.0,11514.595703125,11534.0,16587
2026-08-14 10:30:00+00:00,11527.0,11528.0,11514.0,11520.0,14601
2026-08-14 10:45:00+00:00,11524.0,11532.0,11518.0,11528.0,13519
2026-08-14 11:00:00+00:00,11518.578125,11522.0,11508.96484375,11521.0,118422
2026-08-14 11:15:00+00:00,11532.0,11532.0,11512.0,11518.0,28565
2026-08-14 11:30:00+00:00,11514.0,11536.0,11506.0,11532.0,23580
2026-08-14 11:45:00+00:00,11512.0,11524.0,11508.0,11512.0,311460
2026-08-14 12:00:00+00:00,11510.0,11516.0,11496.400390625,11512.0,28194
2026-08-14 12:15:00+00:00,11520.0,11524.0,11509.056640625,11509.8759765625,26604
2026-08-14 12:30:00+00:00,11528.0,11530.0,11516.0,11522.0,20720
2026-08-14 12:45:00+00:00,11512.0,11530.0,11510.0,11527.19921875,32317
2026-08-14 13:00:00+00:00,11505.2998046875,11520.0,11502.0,11510.0,14642
2026-08-14 13:15:00+00:00,11476.0,11512.0,11476.0,11505.142578125,21770
2026-08-14 13:30:00+00:00,11464.0,11496.0,11446.0,11478.0,97951
2026-08-14 13:45:00+00:00,11474.0,11484.0,11426.0,11470.0,96365
2026-08-14 14:00:00+00:00,11466.0,11482.0,11438.0,11474.0,70678
2026-08-14 14:15:00+00:00,11482.7021484375,11496.0,11464.5361328125,11466.0,53871
2026-08-14 14:30:00+00:00,11412.0,11484.0,11404.0,11482.0,51305
2026-08-14 14:45:00+00:00,11442.0,11454.0,11410.0,11412.0,78459
2026-08-14 15:00:00+00:00,11458.0,11472.0,11435.0,11440.8486328125,103015
2026-08-14 15:15:00+00:00,11480.0,11482.0,11452.0,11458.0,83615
2026-08-17 07:00:00+00:00,11676.0,11686.0,11546.0,11550.0,85286
2026-08-17 07:15:00+00:00,11628.0,11690.0,11622.0,11672.0,63147
2026-08-17 07:30:00+00:00,11618.07421875,11630.0,11592.0,11630.0,29841
2026-08-17 07:45:00+00:00,11608.0,11622.0,11588.0,11618.0,20023
2026-08-17 08:00:00+00:00,11596.0,11624.0,11583.7900390625,11606.0,35725
2026-08-17 08:15:00+00:00,11592.0,11598.0,11584.0,11594.0,19115
2026-08-17 08:30:00+00:00,11606.0,11608.7373046875,11584.0,11592.0,46868
2026-08-17 08:45:00+00:00,11566.0,11611.0,11566.0,11606.0,28673
2026-08-17 09:00:00+00:00,11572.0,11592.0,11568.0,11570.0,60042
2026-08-17 09:15:00+00:00,11568.0,11580.0,11562.0,11574.0,10239
2026-08-17 09:30:00+00:00,11556.0,11574.0,11554.0,11570.0,12042
2026-08-17 09:45:00+00:00,11576.0,11580.0,11550.0,11554.0,20437
2026-08-17 10:00:00+00:00,11550.0,11574.841796875,11550.0,11574.0,31793
2026-08-17 10:15:00+00:00,11574.0,11574.0,11546.0,11548.0,37242
2026-08-17 10:30:00+00:00,11578.0,11592.0,11566.0,11574.0,52987
2026-08-17 10:45:00+00:00,11576.0,11594.0,11576.0,11580.0,16964
2026-08-17 11:00:00+00:00,11572.0,11578.0,11562.0,11572.0,24223
2026-08-17 11:15:00+00:00,11574.0,11586.0,11570.0,11574.0,23118
2026-08-17 11:30:00+00:00,11566.0,11578.0,11564.0,11574.341796875,30176
2026-08-17 11:45:00+00:00,11560.0,11568.0,11548.0,11564.0,18038
2026-08-17 12:00:00+00:00,11560.0,11574.0,11554.0,11560.0,19964
2026-08-17 12:15:00+00:00,11550.0,11562.0,11542.0,11558.0,29689
2026-08-17 12:30:00+00:00,11558.0,11570.0,11547.0,11550.0,29417
2026-08-17 12:45:00+00:00,11564.0,11568.0,11552.0,11558.0,58123
2026-08-17 13:00:00+00:00,11562.0,11566.0,11556.0,11564.0,20331
2026-08-17 13:15:00+00:00,11526.0,11566.0,11514.0,11560.0,46366
2026-08-17 13:30:00+00:00,11524.0,11580.0,11488.0,11526.0,139775
2026-08-17 13:45:00+00:00,11526.0,11538.0,11498.0,11524.0,137453
2026-08-17 14:00:00+00:00,11546.0,11554.0,11522.0,11522.0,449819
2026-08-17 14:15:00+00:00,11570.0,11590.0,11538.2001953125,11546.0,322429
2026-08-17 14:30:00+00:00,11576.0,11590.0,11560.0,11570.0,175550
2026-08-17 14:45:00+00:00,11538.0,11580.0,11530.0,11576.0,53331
2026-08-17 15:00:00+00:00,11534.0,11546.0,11518.0,11540.0,62895
2026-08-17 15:15:00+00:00,11544.0,11556.0,11524.0,11536.0,99543
2026-08-18 07:00:00+00:00,11574.2666015625,11596.0,11548.0,11558.0,50524
2026-08-18 07:15:00+00:00,11594.0,11604.0,11572.0,11572.0,52625
2026-08-18 07:30:00+00:00,11608.0,11618.0,11590.0,11595.4677734375,44786
2026-08-18 07:45:00+00:00,11604.7314453125,11612.0,11598.0,11607.63671875,17418
2026-08-18 08:00:00+00:00,11596.0,11610.0,11594.0,11604.0,18894
2026-08-18 08:15:00+00:00,11604.0,11608.0,11594.0,11596.0,29379
2026-08-18 08:30:00+00:00,11616.0,11618.0,11594.0,11606.0,46173
2026-08-18 08:45:00+00:00,11600.0,11616.0,11594.0,11616.0,25694
2026-08-18 09:00:00+00:00,11608.0,11614.0,11596.0,11600.0,47741
2026-08-18 09:15:00+00:00,11606.0,11620.0,11606.0,11608.0,16616
2026-08-18 09:30:00+00:00,11612.0,11612.0,11602.0,11608.0,19230
2026-08-18 09:45:00+00:00,11615.421875,11616.0,11606.0,11612.0,25746
2026-08-18 10:00:00+00:00,11618.6513671875,11626.0,11614.0,11614.0,64372
2026-08-18 10:15:00+00:00,11618.0,11620.0,11604.0,11618.0,10427
2026-08-18 10:30:00+00:00,11615.0458984375,11622.0,11558.0,11617.0,47358
2026-08-18 10:45:00+00:00,11624.0,11630.0,11608.0,11614.0,10370
2026-08-18 11:00:00+00:00,11622.0,11630.0,11618.0,11624.0,29606
2026-08-18 11:15:00+00:00,11628.0,11630.0,11620.0,11624.0,33142
2026-08-18 11:30:00+00:00,11630.0,11632.0,11622.0,11627.0,55143
2026-08-18 11:45:00+00:00,11630.9345703125,11634.0,11626.0,11630.0,29155
2026-08-18 12:00:00+00:00,11632.0,11636.0,11622.0,11630.0,26437
2026-08-18 12:15:00+00:00,11636.0,11642.0,11620.0,11632.0,83111
2026-08-18 12:30:00+00:00,11652.0,11654.0,11636.0,11638.0,35366
2026-08-18 12:45:00+00:00,11684.0,11684.0,11649.0,11650.0,138157
2026-08-18 13:00:00+00:00,11716.0,11726.0,11676.0,11682.0,59110
2026-08-18 13:15:00+00:00,11760.0,11769.0,11558.0,11716.0,362264
2026-08-18 13:30:00+00:00,11778.0,11810.0,11558.0,11762.0,117234
2026-08-18 13:45:00+00:00,11757.2314453125,11802.0,11757.2314453125,11782.0,86743
2026-08-18 14:00:00+00:00,11780.0,11784.0,11746.0,11758.0,62577
2026-08-18 14:15:00+00:00,11796.0,11798.0,11772.0,11778.0,63255
2026-08-18 14:30:00+00:00,11810.7607421875,11818.0,11774.0,11792.0,100847
2026-08-18 14:45:00+00:00,11800.0,11816.0,11776.0,11812.0,68179
2026-08-18 15:00:00+00:00,11810.0,11824.0,11790.0,11802.0,373511
2026-08-18 15:15:00+00:00,11840.0,11846.0,11800.0,11814.0,93757
2026-08-19 07:00:00+00:00,11896.0,11904.0,11832.0,11858.0,58508
2026-08-19 07:15:00+00:00,11876.0,11904.0,11876.0,11900.0,27853
2026-08-19 07:30:00+00:00,11946.7001953125,11964.0,11876.7001953125,11876.7001953125,65180
2026-08-19 07:45:00+00:00,11910.0,11946.0,11910.0,11946.0,26535
2026-08-19 08:00:00+00:00,11899.154296875,11912.0,11890.0,11912.0,20563
2026-08-19 08:15:00+00:00,11888.0,11906.0,11880.0,11900.0,19103
2026-08-19 08:30:00+00:00,11862.0,11890.0,11860.0,11886.0,17299
2026-08-19 08:45:00+00:00,11841.2998046875,11862.0,11836.7021484375,11862.0,25149
2026-08-19 09:00:00+00:00,11854.0,11872.0,11840.0,11845.03125,40108
2026-08-19 09:15:00+00:00,11854.0,11866.0,11850.0,11854.0,28476
2026-08-19 09:30:00+00:00,11860.0,11866.0,11838.0,11855.13671875,34008
2026-08-19 09:45:00+00:00,11860.0,11864.0,11854.0,11860.0,10252
2026-08-19 10:00:00+00:00,11888.0,11888.0,11860.0,11860.0,23890
2026-08-19 10:15:00+00:00,11876.0,11892.0,11870.0,11887.0,26096
2026-08-19 10:30:00+00:00,11880.0,11880.0,11870.0,11877.599609375,25683
2026-08-19 10:45:00+00:00,11924.0,11924.0,11876.0,11880.0,32063
2026-08-19 11:00:00+00:00,11910.595703125,11930.0,11910.595703125,11924.0,34124
2026-08-19 11:15:00+00:00,11924.0,11928.0,11908.0,11914.0,687206
2026-08-19 11:30:00+00:00,11938.0,11940.0,11912.701171875,11924.0,17702
2026-08-19 11:45:00+00:00,11950.0,11964.7001953125,11936.0,11938.0,362827
2026-08-19 12:00:00+00:00,11928.0,11950.0,11918.0,11950.0,357341
2026-08-19 12:15:00+00:00,11914.599609375,11938.0,11914.599609375,11930.0,355547
2026-08-19 12:30:00+00:00,11918.0,11938.0,11910.0,11916.0,362099
2026-08-19 12:45:00+00:00,11882.0,11924.0,11882.0,11920.0,378520
2026-08-19 13:00:00+00:00,11892.0,11900.0,11876.0,11882.0,368033
2026-08-19 13:15:00+00:00,11908.0,11936.2001953125,11878.0,11893.0009765625,36126
2026-08-19 13:30:00+00:00,12028.0,12036.0,11890.0,11904.0,428470
2026-08-19 13:45:00+00:00,12078.0,12114.0,12014.0,12028.0,114609
2026-08-19 14:00:00+00:00,12116.0,12140.0,12064.0,12084.0,89064
2026-08-19 14:15:00+00:00,12100.0,12140.0,12086.0,12116.400390625,392033
2026-08-19 14:30:00+00:00,12098.0,12112.0,12084.0,12098.0,425855
2026-08-19 14:45:00+00:00,12085.0,12112.0,12070.0,12098.0,42071
2026-08-19 15:00:00+00:00,12080.0,12084.0,12060.0,12084.0,420293
2026-08-19 15:15:00+00:00,12068.0,12088.0,12064.0,12076.0,57717
2026-08-20 07:00:00+00:00,12118.0,12162.0,12104.0,12162.0,80047
2026-08-20 07:15:00+00:00,12106.0,12132.0,12078.0,12116.0,40361
2026-08-20 07:30:00+00:00,12076.7001953125,12110.0,12070.0,12106.0,23819
2026-08-20 07:45:00+00:00,12026.0,12078.0,12022.0,12072.0,49771
2026-08-20 08:00:00+00:00,12002.0,12038.0,11996.8359375,12028.0,24690
2026-08-20 08:15:00+00:00,12002.0,12030.0,11996.0,12002.0,38165
2026-08-20 08:30:00+00:00,11998.0,12006.0,11991.2998046875,12002.0,33711
2026-08-20 08:45:00+00:00,11980.0,12002.0,11976.9287109375,11998.0,15588
2026-08-20 09:00:00+00:00,11972.0,11988.7001953125,11968.0,11982.615234375,14636
2026-08-20 09:15:00+00:00,11976.0,11988.0,11958.0,11970.0,13289
2026-08-20 09:30:00+00:00,11972.17578125,11986.0,11964.0,11974.37109375,18784
2026-08-20 09:45:00+00:00,11984.0,11986.0,11959.2998046875,11972.0,62879
2026-08-20 10:00:00+00:00,11998.0,12000.0,11966.916015625,11980.0,24007
2026-08-20 10:15:00+00:00,11997.2998046875,12020.0,11971.0,12000.0,20950
2026-08-20 10:30:00+00:00,11992.0,12012.0,11990.0,11996.0,29853
2026-08-20 10:45:00+00:00,11984.0,12002.0,11981.400390625,11992.0,23005
2026-08-20 11:00:00+00:00,11999.2998046875,12010.0,11983.2998046875,11984.0,27439
2026-08-20 11:15:00+00:00,11998.0,12004.0,11994.0,12000.0,10308
2026-08-20 11:30:00+00:00,12000.0,12002.0,11982.0,11999.4765625,15230
2026-08-20 11:45:00+00:00,11984.0,12012.0,11978.0,11998.0,31458
2026-08-20 12:00:00+00:00,11966.0,11990.845703125,11964.0,11984.0,27073
2026-08-20 12:15:00+00:00,11940.0,11968.81640625,11940.0,11967.0,16855
2026-08-20 12:30:00+00:00,11954.0,11954.0,11934.0,11940.0,41791
2026-08-20 12:45:00+00:00,11959.0,12162.0,11950.0,11951.404296875,570211
2026-08-20 13:00:00+00:00,11938.0,11966.0,11934.0,11964.0,19229
2026-08-20 13:15:00+00:00,11970.0,11972.0,11934.0,11940.0,31433
2026-08-20 13:30:00+00:00,11968.0,12018.0,11946.0,11970.0,117127
2026-08-20 13:45:00+00:00,11974.0,12006.0,11959.7998046875,11966.0,49075
2026-08-20 14:00:00+00:00,11942.0,11982.0,11932.0,11976.33203125,48781
2026-08-20 14:15:00+00:00,11944.0,11982.0,11940.0,11946.0,30008
2026-08-20 14:30:00+00:00,11926.0,11944.0,11844.0,11942.0,130578
2026-08-20 14:45:00+00:00,11992.0,11993.0,11922.595703125,11926.0,76010
2026-08-20 15:00:00+00:00,12054.0,12062.0,11980.0,11989.2978515625,174806
2026-08-20 15:15:00+00:00,12074.0,12162.0,12044.0,12056.0,639981
2026-08-21 07:00:00+00:00,12006.0,12010.0,11926.0,11926.0,98249
2026-08-21 07:15:00+00:00,11988.0,12010.0,11988.0,12008.0,26464
2026-08-21 07:30:00+00:00,11991.26953125,11994.0,11960.0,11990.0,28503
2026-08-21 07:45:00+00:00,11972.994140625,11994.0,11960.0,11992.0,33446
2026-08-21 08:00:00+00:00,11962.0,11982.0,11948.0,11972.0,9925
2026-08-21 08:15:00+00:00,11989.2998046875,11992.0,11962.0,11962.0,45509
2026-08-21 08:30:00+00:00,11970.7021484375,11988.0,11944.0,11988.0,29781
2026-08-21 08:45:00+00:00,11978.0,12000.0,11965.0,11970.0,76654
2026-08-21 09:00:00+00:00,11977.0849609375,11988.0,11974.0,11979.2998046875,38889
2026-08-21 09:15:00+00:00,11976.0,11996.0,11976.0,11996.0,187504
2026-08-21 09:30:00+00:00,11974.8173828125,11976.0,11960.0,11976.0,13712
2026-08-21 09:45:00+00:00,11958.0,11970.0,11944.0,11968.0,34417
2026-08-21 10:00:00+00:00,11982.0,11982.0,11958.0,11958.0,26649
2026-08-21 10:15:00+00:00,11988.8203125,11990.0,11974.0,11978.0,10273
2026-08-21 10:30:00+00:00,11990.0,11992.0,11980.0,11990.0,13406
2026-08-21 10:45:00+00:00,11996.0,12004.0,11989.2998046875,11992.0,24368
2026-08-21 11:00:00+00:00,12000.0,12008.0,11994.0,11996.099609375,12341
2026-08-21 11:15:00+00:00,12002.0,12006.3984375,11992.0,11998.0,13445
2026-08-21 11:30:00+00:00,11998.0,12014.0,11996.0,12006.0,141999
2026-08-21 11:45:00+00:00,12010.0,12010.0,11994.0,12000.0,154103
2026-08-21 12:00:00+00:00,12026.0,12028.0,12004.0,12010.0,22705
2026-08-21 12:15:00+00:00,12040.0,12042.0,12014.0,12026.0,17747
2026-08-21 12:30:00+00:00,12034.0,12043.400390625,12029.2998046875,12040.0,14251
2026-08-21 12:45:00+00:00,12026.0,12040.0,12016.0,12036.0,14398
2026-08-21 13:00:00+00:00,12028.0,12038.0,12024.0,12026.0,12153
2026-08-21 13:15:00+00:00,12030.0,12042.0,12015.2998046875,12028.0,27916
2026-08-21 13:30:00+00:00,12108.0,12116.1552734375,11926.0,12030.0,203413
2026-08-21 13:45:00+00:00,12128.0,12140.0,12082.0,12106.0,55534
2026-08-21 14:00:00+00:00,12178.0,12182.0,12114.0,12126.0,60820
2026-08-21 14:15:00+00:00,12194.0,12218.0,12174.0,12182.0,59547
2026-08-21 14:30:00+00:00,12200.0,12212.0,12178.0,12194.0,38338
2026-08-21 14:45:00+00:00,12214.0,12216.0,12180.0,12202.0,28169
2026-08-21 15:00:00+00:00,12220.0,12234.0,12208.0,12212.0,60450
2026-08-21 15:15:00+00:00,12228.0,12242.0,12210.0,12220.0,51267
2026-08-24 07:00:00+00:00,12116.0,12204.0,12101.044921875,12182.0,27837
2026-08-24 07:15:00+00:00,12116.0,12128.0,12106.0,12114.0,24009
2026-08-24 07:30:00+00:00,12111.7998046875,12140.0,12111.6171875,12120.0,17714
2026-08-24 07:45:00+00:00,12119.2998046875,12128.0,12112.0,12112.0,11478
2026-08-24 08:00:00+00:00,12120.0,12132.0,12113.873046875,12118.0,11984
2026-08-24 08:15:00+00:00,12127.6494140625,12132.0,12116.0,12122.0,13496
2026-08-24 08:30:00+00:00,12148.0,12152.0,12124.0,12130.0,58735
2026-08-24 08:45:00+00:00,12133.1494140625,12150.0,12133.1494140625,12146.0,30286
2026-08-24 09:00:00+00:00,12136.0,12140.0,12125.990234375,12132.0,14673
2026-08-24 09:15:00+00:00,12114.0,12138.0,12112.0,12138.0,25657
2026-08-24 09:30:00+00:00,12104.0,12124.0,12102.0,12116.0,19521
2026-08-24 09:45:00+00:00,12112.0,12114.0,12102.8017578125,12104.0,5664
2026-08-24 10:00:00+00:00,12116.0,12122.0,12106.0,12114.0,8117
2026-08-24 10:15:00+00:00,12104.0,12120.0,12104.0,12116.0,8878
2026-08-24 10:30:00+00:00,12106.0,12114.0,12102.0,12108.0,4406
2026-08-24 10:45:00+00:00,12082.0,12108.0,12079.7353515625,12108.0,9062
2026-08-24 11:00:00+00:00,12080.400390625,12110.0,12078.0,12078.0,41408
2026-08-24 11:15:00+00:00,12100.0,12182.0,12078.0,12078.0,154224
2026-08-24 11:30:00+00:00,12076.0,12098.0,12076.0,12098.0,17598
2026-08-24 11:45:00+00:00,12076.0,12086.0,12070.0,12074.0,13261
2026-08-24 12:00:00+00:00,12090.0,12096.0,12074.0,12076.0,10068
2026-08-24 12:15:00+00:00,12086.0,12096.0,12082.0,12090.0,11541
2026-08-24 12:30:00+00:00,12076.7001953125,12182.0,12066.0,12084.6640625,260782
2026-08-24 12:45:00+00:00,12068.0,12182.0,12056.0,12074.0,67984
2026-08-24 13:00:00+00:00,12054.0,12070.0,12049.2998046875,12068.0,17744
2026-08-24 13:15:00+00:00,12062.0,12086.0,12054.0,12056.0,12023
2026-08-24 13:30:00+00:00,12062.0,12076.0,12016.0,12064.0,83514
2026-08-24 13:45:00+00:00,12068.0,12090.0,12048.0,12066.0,39861
2026-08-24 14:00:00+00:00,12046.0,12086.0,12044.0,12068.0,30778
2026-08-24 14:15:00+00:00,12056.0,12090.0,12040.0,12048.0,33975
2026-08-24 14:30:00+00:00,12072.0,12076.0,12046.0,12056.0,28232
2026-08-24 14:45:00+00:00,12082.0,12086.0,12030.0,12072.0,133107
2026-08-24 15:00:00+00:00,12096.0,12100.0,12080.0,12082.0,68455
2026-08-24 15:15:00+00:00,12106.0,12142.0,12090.0,12098.0,37619
2026-08-25 07:00:00+00:00,12190.0,12236.0,12144.0,12220.0,77515
2026-08-25 07:15:00+00:00,12177.40234375,12198.0,12166.0,12190.0,31972
2026-08-25 07:30:00+00:00,12184.0,12184.0,12164.599609375,12174.2568359375,18452
2026-08-25 07:45:00+00:00,12167.19921875,12184.0,12166.0,12180.0,29733
2026-08-25 08:00:00+00:00,12156.0,12170.0,12146.0,12168.0,33705
2026-08-25 08:15:00+00:00,12144.0,12174.0,12142.0,12156.0,19949
2026-08-25 08:30:00+00:00,12128.7001953125,12156.0,12126.0,12150.0,16636
2026-08-25 08:45:00+00:00,12146.0,12146.0,12124.0,12130.0,16488
2026-08-25 09:00:00+00:00,12140.0,12145.599609375,12124.0,12144.0,22523
2026-08-25 09:15:00+00:00,12152.9287109375,12166.0,12138.0,12138.0,19117
2026-08-25 09:30:00+00:00,12168.0,12176.0,12150.0,12154.0,21346
2026-08-25 09:45:00+00:00,12176.0,12188.701171875,12167.19921875,12170.0,9963
2026-08-25 10:00:00+00:00,12160.8232421875,12178.0,12158.638671875,12178.0,12179
2026-08-25 10:15:00+00:00,12149.658203125,12164.822265625,12148.0,12160.0,12365
2026-08-25 10:30:00+00:00,12154.0,12154.0,12140.0,12150.0,19446
2026-08-25 10:45:00+00:00,12184.0,12192.0,12151.19921875,12154.0,17050
2026-08-25 11:00:00+00:00,12220.0,12220.0,12174.0,12184.0,38833
2026-08-25 11:15:00+00:00,12216.0,12238.0,12216.0,12220.0,15741
2026-08-25 11:30:00+00:00,12216.0,12230.0,12208.62890625,12216.0,9722
2026-08-25 11:45:00+00:00,12214.59765625,12228.0,12204.0,12220.0,21018
2026-08-25 12:00:00+00:00,12214.2001953125,12222.0,12207.6015625,12215.8408203125,18103
2026-08-25 12:15:00+00:00,12212.0,12218.0,12206.0,12214.0,15043
2026-08-25 12:30:00+00:00,12204.0,12222.0,12202.0,12214.0,22204
2026-08-25 12:45:00+00:00,12200.0,12214.0,12196.0,12204.0,25554
2026-08-25 13:00:00+00:00,12206.0,12212.0,12192.0,12206.0,11022
2026-08-25 13:15:00+00:00,12238.0,12240.0,12202.0,12204.0,383295
2026-08-25 13:30:00+00:00,12240.7001953125,12278.0,12222.0,12242.0,87870
2026-08-25 13:45:00+00:00,12316.0,12322.0,12220.0,12240.0,121043
2026-08-25 14:00:00+00:00,12346.0,12364.0,12260.0,12316.0,66597
2026-08-25 14:15:00+00:00,12382.0,12382.0,12336.0,12343.2998046875,48505
2026-08-25 14:30:00+00:00,12378.7001953125,12388.0,12110.0,12378.0,39866
2026-08-25 14:45:00+00:00,12412.0,12414.0,12374.0,12382.0,39490
2026-08-25 15:00:00+00:00,12440.0,12442.0,12406.0,12412.0,41286
2026-08-25 15:15:00+00:00,12464.0,12472.0,12438.0,12438.0,84523
2026-08-26 07:00:00+00:00,12454.0,12458.0,12410.0,12450.0,88938
2026-08-26 07:15:00+00:00,12410.8984375,12464.0,12402.0,12456.0,38794
2026-08-26 07:30:00+00:00,12386.0,12416.0,12370.0,12410.7802734375,15973
2026-08-26 07:45:00+00:00,12396.0,12402.0,12382.0,12384.7001953125,12904
2026-08-26 08:00:00+00:00,12404.7001953125,12404.7001953125,12382.0,12396.0,19187
2026-08-26 08:15:00+00:00,12376.0,12402.7021484375,12376.0,12402.0,13316
2026-08-26 08:30:00+00:00,12371.0,12450.0,12360.0,12378.0,29843
2026-08-26 08:45:00+00:00,12347.404296875,12378.0,12346.0,12370.0,22056
2026-08-26 09:00:00+00:00,12378.0,12382.0,12350.0,12350.0,15165
2026-08-26 09:15:00+00:00,12372.0,12388.0,12368.0,12379.2978515625,14305
2026-08-26 09:30:00+00:00,12351.2998046875,12373.404296875,12346.0,12372.0,50201
2026-08-26 09:45:00+00:00,12344.0,12356.0,12334.0,12352.0,38644
2026-08-26 10:00:00+00:00,12360.0,12362.0,12346.0,12346.0,14903
2026-08-26 10:15:00+00:00,12339.2998046875,12362.0,12332.0,12360.0,16763
2026-08-26 10:30:00+00:00,12328.0,12342.0,12326.0,12334.0,16985
2026-08-26 10:45:00+00:00,12318.0,12336.0,12314.0,12330.0,27262
2026-08-26 11:00:00+00:00,12324.7021484375,12326.0,12300.0,12318.0,16490
2026-08-26 11:15:00+00:00,12334.0,12338.0,12314.0,12324.0,14456
2026-08-26 11:30:00+00:00,12318.0,12338.0,12316.0,12332.7001953125,21205
2026-08-26 11:45:00+00:00,12338.0,12450.0,12310.0,12314.0,185537
2026-08-26 12:00:00+00:00,12338.7001953125,12356.0,12332.0,12340.0,27409
2026-08-26 12:15:00+00:00,12310.0,12450.0,12304.0,12336.0,159984
2026-08-26 12:30:00+00:00,12302.0,12320.0,12296.0,12309.29296875,23214
2026-08-26 12:45:00+00:00,12314.0,12320.0,12288.0,12302.0,52604
2026-08-26 13:00:00+00:00,12314.0,12326.0,12308.0,12314.0,30267
2026-08-26 13:15:00+00:00,12296.0,12338.0,12296.0,12312.0,37966
2026-08-26 13:30:00+00:00,12248.8017578125,12336.0,12226.0,12294.0,108062
2026-08-26 13:45:00+00:00,12242.0,12264.0,12220.0,12250.0,61792
2026-08-26 14:00:00+00:00,12282.0,12282.0,12240.0,12242.0,43297
2026-08-26 14:15:00+00:00,12293.2998046875,12304.0,12261.2978515625,12282.0,63198
2026-08-26 14:30:00+00:00,12272.0,12298.0,12262.0,12294.0,57634
2026-08-26 14:45:00+00:00,12240.0,12276.0,12236.0,12270.0,182477
2026-08-26 15:00:00+00:00,12232.0,12250.0,12214.0,12242.0,111869
2026-08-26 15:15:00+00:00,12254.0,12258.0,12224.0,12230.0,135664
2026-08-27 07:00:00+00:00,12220.0,12234.0,12180.0,12194.0,84930
2026-08-27 07:15:00+00:00,12174.0,12224.0,12172.0,12224.0,22513
2026-08-27 07:30:00+00:00,12172.0,12182.0,12154.0,12178.0,16007
2026-08-27 07:45:00+00:00,12161.2998046875,12184.0,12154.0,12172.0,36721
2026-08-27 08:00:00+00:00,12192.0,12196.0,12153.2998046875,12166.0,121136
2026-08-27 08:15:00+00:00,12142.0,12196.0,12138.0,12194.0,24508
2026-08-27 08:30:00+00:00,12122.0,12170.0,12118.0,12141.1904296875,142571
2026-08-27 08:45:00+00:00,12134.0,12134.0,12100.0,12120.0,143814
2026-08-27 09:00:00+00:00,12164.0,12166.0,12131.6484375,12131.6484375,24982
2026-08-27 09:15:00+00:00,12172.0,12172.0,12142.0,12164.0,19528
2026-08-27 09:30:00+00:00,12182.0,12186.0,12166.0,12172.0,40083
2026-08-27 09:45:00+00:00,12208.0,12208.0,12164.0,12180.2001953125,32091
2026-08-27 10:00:00+00:00,12222.0,12232.0,12202.0,12210.0,17673
2026-08-27 10:15:00+00:00,12199.599609375,12236.0,12158.0,12222.0,127764
2026-08-27 10:30:00+00:00,12188.0,12200.0,12188.0,12198.0947265625,15696
2026-08-27 10:45:00+00:00,12180.0,12192.0,12176.9521484375,12188.0,92910
2026-08-27 11:00:00+00:00,12166.0,12176.0,12156.0,12176.0,11928
2026-08-27 11:15:00+00:00,12180.0,12188.0,12164.0,12166.0,8460
2026-08-27 11:30:00+00:00,12192.0,12194.0,12174.0,12179.7451171875,9259
2026-08-27 11:45:00+00:00,12168.0,12190.671875,12164.0,12188.0,9435
2026-08-27 12:00:00+00:00,12173.0,12176.0,12158.0,12170.0,11458
2026-08-27 12:15:00+00:00,12174.0,12184.0,12166.0,12173.0,11132
2026-08-27 12:30:00+00:00,12166.0,12188.0,12156.0,12168.0,12607
2026-08-27 12:45:00+00:00,12172.0,12172.0,12160.0,12165.2998046875,9818
2026-08-27 13:00:00+00:00,12156.0,12170.0,12148.0,12170.0,15667
2026-08-27 13:15:00+00:00,12152.0,12158.0,12138.0,12154.0,27434
2026-08-27 13:30:00+00:00,12120.0,12178.0,12102.0,12152.0,86715
2026-08-27 13:45:00+00:00,12084.0,12130.0,12084.0,12116.0,42489
2026-08-27 14:00:00+00:00,12078.0,12098.0,12066.0,12090.0,68943
2026-08-27 14:15:00+00:00,12110.0,12112.0,12070.0,12076.0,41132
2026-08-27 14:30:00+00:00,12132.0,12156.0,12104.0,12110.0,27936
2026-08-27 14:45:00+00:00,12138.0,12170.0,12124.400390625,12132.0,127201
2026-08-27 15:00:00+00:00,12174.0,12180.0,12134.0,12146.0,186502
2026-08-27 15:15:00+00:00,12148.0,12182.0,12144.0,12172.0,144132
2026-08-28 07:00:00+00:00,12122.0,12200.0,12118.0,12200.0,23203
2026-08-28 07:15:00+00:00,12103.9130859375,12132.0,12100.0,12122.0,24539
2026-08-28 07:30:00+00:00,12120.0,12128.0,12106.0,12114.0,18046
2026-08-28 07:45:00+00:00,12138.0,12154.0,12124.0,12124.0,23670
2026-08-28 08:00:00+00:00,12146.0,12154.0,12120.0,12134.0,46512
2026-08-28 08:15:00+00:00,12158.0,12158.0,12137.4140625,12144.0,17462
2026-08-28 08:30:00+00:00,12142.0,12158.0,12138.0,12156.0,11126
2026-08-28 08:45:00+00:00,12148.0,12148.0,12126.0,12140.0,17974
2026-08-28 09:00:00+00:00,12136.0,12160.0,12130.0,12152.0,52671
2026-08-28 09:15:00+00:00,12128.0,12138.0,12122.8974609375,12138.0,10960
2026-08-28 09:30:00+00:00,12134.0,12138.0,12120.0,12127.7998046875,13019
2026-08-28 09:45:00+00:00,12112.0,12134.0,12106.0,12134.0,14553
2026-08-28 10:00:00+00:00,12114.7001953125,12132.0,12110.0,12114.0,11927
2026-08-28 10:15:00+00:00,12126.0,12132.0,12112.7666015625,12116.0,11474
2026-08-28 10:30:00+00:00,12118.0,12128.0,12113.2998046875,12122.0,15641
2026-08-28 10:45:00+00:00,12100.0,12118.0,12100.0,12118.0,7628
2026-08-28 11:00:00+00:00,12118.0,12118.0,12098.0,12101.2998046875,13345
2026-08-28 11:15:00+00:00,12110.0,12122.0,12106.0,12118.0,12525
2026-08-28 11:30:00+00:00,12100.0,12112.0,12098.0,12110.0,12018
2026-08-28 11:45:00+00:00,12104.0,12108.0,12094.0,12104.0,5585
2026-08-28 12:00:00+00:00,12068.0,12104.0,12064.70703125,12104.0,32871
2026-08-28 12:15:00+00:00,12060.0,12076.0,12055.0,12066.0,19892
2026-08-28 12:30:00+00:00,12068.0,12082.0,12056.0,12059.2998046875,21897
2026-08-28 12:45:00+00:00,12086.0,12086.0,12066.0,12066.0,14987
2026-08-28 13:00:00+00:00,12046.0,12094.0,12044.0,12088.0,20264
2026-08-28 13:15:00+00:00,12046.0,12070.0,12042.0,12046.0,21907
2026-08-28 13:30:00+00:00,12002.0,12048.0,11976.0,12046.0,98964
2026-08-28 13:45:00+00:00,12028.0,12034.0,12002.0,12004.0,35558
2026-08-28 14:00:00+00:00,12032.0,12050.0,12014.0,12026.0,43241
2026-08-28 14:15:00+00:00,12008.0,12044.0,11996.0,12034.0,53253
2026-08-28 14:30:00+00:00,12010.0,12050.0,12006.0830078125,12008.0,46065
2026-08-28 14:45:00+00:00,12004.0,12016.0,11958.0,12010.0,100274
2026-08-28 15:00:00+00:00,12002.0,12016.0,11982.0,12004.0,43390
2026-08-28 15:15:00+00:00,11996.0,12200.0,11990.0,12000.0,259516
2026-09-01 07:00:00+00:00,11830.2548828125,11878.0,11650.0,11650.0,130707
2026-09-01 07:15:00+00:00,11798.0,11868.0,11780.0,11830.0,49114
2026-09-01 07:30:00+00:00,11826.0,11830.0,11791.6728515625,11798.0,67672
2026-09-01 07:45:00+00:00,11859.3076171875,11870.0,11792.0,11826.0,92645
2026-09-01 08:00:00+00:00,11842.0,11888.0,11832.0,11860.0,109034
2026-09-01 08:15:00+00:00,11815.2255859375,11854.0,11796.0,11842.0,86610
2026-09-01 08:30:00+00:00,11806.0,11848.0,11800.0,11816.0,75453
2026-09-01 08:45:00+00:00,11790.0,11810.0,11780.0,11802.0,64563
2026-09-01 09:00:00+00:00,11780.0,11816.0,11774.0,11786.0,30452
2026-09-01 09:15:00+00:00,11796.0,11820.0,11776.0,11780.0,24336
2026-09-01 09:30:00+00:00,11838.0,11842.0,11796.0,11796.0,24745
2026-09-01 09:45:00+00:00,11838.0,11846.0,11824.0,11834.0,11383
2026-09-01 10:00:00+00:00,11854.0,11860.0,11832.0,11840.0,15771
2026-09-01 10:15:00+00:00,11892.0,11896.0,11856.0,11856.0,11314
2026-09-01 10:30:00+00:00,11900.0,11918.0,11884.0,11894.0,13391
2026-09-01 10:45:00+00:00,11886.0,11904.0,11864.0,11900.0,12048
2026-09-01 11:00:00+00:00,11950.0,11958.0,11886.0,11886.0,32677
2026-09-01 11:15:00+00:00,11976.0,11986.0,11952.0,11952.0,16343
2026-09-01 11:30:00+00:00,12018.0,12020.0,11980.0,11980.0,15375
2026-09-01 11:45:00+00:00,11990.0,12028.0,11982.0,12016.0,25582
2026-09-01 12:00:00+00:00,11990.0,11998.0,11983.7958984375,11986.0,26610
2026-09-01 12:15:00+00:00,11989.4453125,12002.0,11966.0,11992.0,26297
2026-09-01 12:30:00+00:00,11990.0,12010.0,11974.0,11986.0,49471
2026-09-01 12:45:00+00:00,12014.0,12020.0,11990.0,11996.0,27438
2026-09-01 13:00:00+00:00,11998.0,12044.0,11990.0,12016.0,53461
2026-09-01 13:15:00+00:00,12094.0,12096.0,11996.0,12000.0,49550
2026-09-01 13:30:00+00:00,12024.0,12132.0,11998.0,12092.0,141904
2026-09-01 13:45:00+00:00,11952.0,12028.0,11916.0,12026.7734375,68040
2026-09-01 14:00:00+00:00,12036.0,12040.0,11937.0,11952.0,75570
2026-09-01 14:15:00+00:00,11950.0,12048.0,11944.0,12038.0,124826
2026-09-01 14:30:00+00:00,11972.0,11978.0,11932.0,11948.0,50810
2026-09-01 14:45:00+00:00,11964.0,11992.0,11944.0,11972.0,57297
2026-09-01 15:00:00+00:00,11956.0,11986.0,11938.0,11964.0,95999
2026-09-01 15:15:00+00:00,11988.0,11990.0,11954.0,11954.0,80007
