Datetime,Close,High,Low,Open,Volume
2026-06-09 07:00:00+00:00,1361.199951171875,1369.800048828125,1360.0,1367.0,0
2026-06-09 07:05:00+00:00,1365.4000244140625,1368.5999755859375,1361.7490234375,1361.800048828125,351070
2026-06-09 07:10:00+00:00,1366.5999755859375,1368.5999755859375,1363.199951171875,1365.5999755859375,243576
2026-06-09 07:15:00+00:00,1367.5999755859375,1368.5999755859375,1365.0,1366.5999755859375,155367
2026-06-09 07:20:00+00:00,1362.4000244140625,1368.0,1361.800048828125,1367.5999755859375,121748
2026-06-09 07:25:00+00:00,1360.800048828125,1362.4000244140625,1358.199951171875,1362.4000244140625,138496
2026-06-09 07:30:00+00:00,1360.800048828125,1361.5999755859375,1360.0,1360.800048828125,79090
2026-06-09 07:35:00+00:00,1358.800048828125,1361.0,1357.5999755859375,1360.800048828125,172806
2026-06-09 07:40:00+00:00,1359.199951171875,1366.5999755859375,1358.0,1359.0,96737
2026-06-09 07:45:00+00:00,1361.5999755859375,1366.800048828125,1359.199951171875,1359.199951171875,190292
2026-06-09 07:50:00+00:00,1360.199951171875,1367.0,1358.199951171875,1361.5999755859375,233520
2026-06-09 07:55:00+00:00,1357.800048828125,1366.5999755859375,1357.0,1360.199951171875,111380
2026-06-09 08:00:00+00:00,1356.5999755859375,1366.0,1354.5999755859375,1357.4000244140625,212833
2026-06-09 08:05:00+00:00,1358.5999755859375,1365.4000244140625,1355.199951171875,1356.199951171875,66003
2026-06-09 08:10:00+00:00,1363.800048828125,1363.800048828125,1358.699951171875,1358.800048828125,38898
2026-06-09 08:15:00+00:00,1366.0,1367.800048828125,1363.800048828125,1363.800048828125,83313
2026-06-09 08:20:00+00:00,1363.9996337890625,1366.5999755859375,1363.9996337890625,1366.0,51200
2026-06-09 08:25:00+00:00,1363.4000244140625,1364.199951171875,1358.0,1363.800048828125,41069
2026-06-09 08:30:00+00:00,1363.199951171875,1365.4000244140625,1359.5999755859375,1363.199951171875,31273
2026-06-09 08:35:00+00:00,1364.0,1364.5999755859375,1362.0,1363.4000244140625,33499
2026-06-09 08:40:00+00:00,1363.199951171875,1364.4000244140625,1362.800048828125,1364.0,33465
2026-06-09 08:45:00+00:00,1361.4000244140625,1363.4000244140625,1361.4000244140625,1363.0,32821
2026-06-09 08:50:00+00:00,1360.5999755859375,1361.5999755859375,1359.4000244140625,1361.5999755859375,22523
2026-06-09 08:55:00+00:00,1359.4000244140625,1360.5999755859375,1359.199951171875,1360.4000244140625,35905
2026-06-09 09:00:00+00:00,1357.4000244140625,1359.199951171875,1356.800048828125,1359.199951171875,767897
2026-06-09 09:05:00+00:00,1357.5999755859375,1358.199951171875,1356.800048828125,1357.800048828125,48676
2026-06-09 09:10:00+00:00,1354.4000244140625,1357.5999755859375,1354.4000244140625,1357.5999755859375,47726
2026-06-09 09:15:00+00:00,1355.199951171875,1356.0,1354.699951171875,1354.800048828125,38132
2026-06-09 09:20:00+00:00,1354.800048828125,1356.800048828125,1354.800048828125,1355.199951171875,26289
2026-06-09 09:25:00+00:00,1354.5999755859375,1355.0,1354.0,1354.800048828125,47446
2026-06-09 09:30:00+00:00,1355.4000244140625,1355.5999755859375,1354.0,1354.5999755859375,28931
2026-06-09 09:35:00+00:00,1357.199951171875,1357.199951171875,1355.199951171875,1355.4000244140625,20198
2026-06-09 09:40:00+00:00,1355.199951171875,1357.4000244140625,1354.4000244140625,1356.800048828125,43131
2026-06-09 09:45:00+00:00,1353.5999755859375,1355.4000244140625,1353.199951171875,1355.4000244140625,136585
2026-06-09 09:50:00+00:00,1352.800048828125,1354.800048828125,1352.800048828125,1353.4000244140625,81383
2026-06-09 09:55:00+00:00,1353.4000244140625,1353.800048828125,1352.0,1353.199951171875,25257
2026-06-09 10:00:00+00:00,1352.800048828125,1353.800048828125,1352.4000244140625,1353.199951171875,17003
2026-06-09 10:05:00+00:00,1348.5999755859375,1352.4000244140625,1346.5999755859375,1352.4000244140625,127121
2026-06-09 10:10:00+00:00,1350.199951171875,1350.199951171875,1348.0,1348.800048828125,88752
2026-06-09 10:15:00+00:00,1350.0,1351.0,1349.5999755859375,1350.4000244140625,27455
2026-06-09 10:20:00+00:00,1348.800048828125,1350.0,1348.4000244140625,1349.5999755859375,24555
2026-06-09 10:25:00+00:00,1348.800048828125,1349.0,1347.800048828125,1349.0,22990
2026-06-09 10:30:00+00:00,1348.5999755859375,1349.0,1348.5601806640625,1348.800048828125,18169
2026-06-09 10:35:00+00:00,1349.4000244140625,1349.5999755859375,1348.4000244140625,1349.0389404296875,18843
2026-06-09 10:40:00+00:00,1349.5999755859375,1350.0,1348.5999755859375,1348.800048828125,20325
2026-06-09 10:45:00+00:00,1349.5999755859375,1350.199951171875,1349.1650390625,1350.0,34263
2026-06-09 10:50:00+00:00,1346.4000244140625,1349.4000244140625,1345.5999755859375,1349.4000244140625,98573
2026-06-09 10:55:00+00:00,1344.0,1346.4000244140625,1342.5999755859375,1346.4000244140625,72460
2026-06-09 11:00:00+00:00,1342.199951171875,1346.0,1342.199951171875,1344.0,99300
2026-06-09 11:05:00+00:00,1342.199951171875,1343.0,1341.0,1342.0,49130
2026-06-09 11:10:00+00:00,1343.5999755859375,1343.800048828125,1342.0,1342.199951171875,31407
2026-06-09 11:15:00+00:00,1346.199951171875,1346.4000244140625,1342.800048828125,1343.5999755859375,51421
2026-06-09 11:20:00+00:00,1349.0,1349.0,1346.199951171875,1346.300048828125,39807
2026-06-09 11:25:00+00:00,1350.199951171875,1351.0,1346.800048828125,1349.0,195050
2026-06-09 11:30:00+00:00,1351.0,1351.0,1349.199951171875,1350.199951171875,135696
2026-06-09 11:35:00+00:00,1351.0,1351.0,1347.800048828125,1350.800048828125,73543
2026-06-09 11:40:00+00:00,1348.5999755859375,1351.800048828125,1348.5999755859375,1351.0,58950
2026-06-09 11:45:00+00:00,1347.0,1348.800048828125,1347.0,1348.5999755859375,59608
2026-06-09 11:50:00+00:00,1346.8004150390625,1347.5999755859375,1346.4000244140625,1347.0,46363
2026-06-09 11:55:00+00:00,1346.4000244140625,1347.4000244140625,1346.199951171875,1347.0,66370
2026-06-09 12:00:00+00:00,1347.199951171875,1350.0,1346.0,1346.4000244140625,158164
2026-06-09 12:05:00+00:00,1346.800048828125,1348.199951171875,1345.800048828125,1347.199951171875,68882
2026-06-09 12:10:00+00:00,1348.199951171875,1348.800048828125,1346.800048828125,1347.199951171875,39184
2026-06-09 12:15:00+00:00,1348.0,1349.4000244140625,1347.4000244140625,1348.199951171875,66767
2026-06-09 12:20:00+00:00,1348.199951171875,1348.5999755859375,1347.4000244140625,1348.5999755859375,25800
2026-06-09 12:25:00+00:00,1348.199951171875,1348.800048828125,1347.199951171875,1348.199951171875,45807
2026-06-09 12:30:00+00:00,1348.199951171875,1348.800048828125,1346.0,1348.4599609375,99942
2026-06-09 12:35:00+00:00,1347.4000244140625,1348.5999755859375,1346.800048828125,1347.800048828125,38463
2026-06-09 12:40:00+00:00,1346.4000244140625,1348.5999755859375,1346.4000244140625,1347.5999755859375,57680
2026-06-09 12:45:00+00:00,1343.0,1346.199951171875,1342.5999755859375,1346.199951171875,83741
2026-06-09 12:50:00+00:00,1343.199951171875,1343.800048828125,1342.5999755859375,1342.800048828125,51759
2026-06-09 12:55:00+00:00,1343.76025390625,1344.800048828125,1342.4000244140625,1343.199951171875,74769
2026-06-09 13:00:00+00:00,1345.7679443359375,1345.800048828125,1343.5999755859375,1344.199951171875,42188
2026-06-09 13:05:00+00:00,1345.800048828125,1348.199951171875,1345.800048828125,1346.199951171875,48377
2026-06-09 13:10:00+00:00,1344.4000244140625,1345.800048828125,1343.4000244140625,1345.800048828125,74462
2026-06-09 13:15:00+00:00,1344.800048828125,1345.4000244140625,1343.0,1344.4000244140625,77960
2026-06-09 13:20:00+00:00,1344.0,1345.5999755859375,1342.4000244140625,1345.0,176387
2026-06-09 13:25:00+00:00,1347.0,1347.5999755859375,1343.4000244140625,1344.0,124798
2026-06-09 13:30:00+00:00,1348.5999755859375,1352.199951171875,1347.199951171875,1347.199951171875,605239
2026-06-09 13:35:00+00:00,1348.5999755859375,1349.4000244140625,1346.199951171875,1348.800048828125,193894
2026-06-09 13:40:00+00:00,1349.199951171875,1351.5999755859375,1348.199951171875,1348.5999755859375,303779
2026-06-09 13:45:00+00:00,1350.800048828125,1351.0,1348.800048828125,1349.4000244140625,109604
2026-06-09 13:50:00+00:00,1349.800048828125,1351.4000244140625,1348.0,1351.0,91560
2026-06-09 13:55:00+00:00,1343.800048828125,1349.199951171875,1342.800048828125,1349.199951171875,345215
2026-06-09 14:00:00+00:00,1345.800048828125,1348.800048828125,1343.0,1344.199951171875,181193
2026-06-09 14:05:00+00:00,1347.4339599609375,1348.4000244140625,1344.4000244140625,1346.199951171875,125494
2026-06-09 14:10:00+00:00,1345.4000244140625,1349.199951171875,1345.0,1347.5999755859375,113991
2026-06-09 14:15:00+00:00,1342.0,1349.4000244140625,1339.0,1345.0,296224
2026-06-09 14:20:00+00:00,1343.4000244140625,1345.199951171875,1341.5999755859375,1342.199951171875,178364
2026-06-09 14:25:00+00:00,1342.0,1343.958984375,1341.5999755859375,1343.5999755859375,235437
2026-06-09 14:30:00+00:00,1341.199951171875,1343.5999755859375,1340.0,1342.0,158506
2026-06-09 14:35:00+00:00,1350.199951171875,1350.199951171875,1336.199951171875,1341.199951171875,259051
2026-06-09 14:40:00+00:00,1350.5999755859375,1350.5999755859375,1331.800048828125,1336.4000244140625,152344
2026-06-09 14:45:00+00:00,1324.199951171875,1331.5999755859375,1323.4000244140625,1331.4000244140625,321681
2026-06-09 14:50:00+00:00,1326.199951171875,1328.5909423828125,1323.5999755859375,1324.0,253780
2026-06-09 14:55:00+00:00,1325.9000244140625,1326.5999755859375,1323.4000244140625,1326.4000244140625,228369
2026-06-09 15:00:00+00:00,1323.800048828125,1327.4000244140625,1323.800048828125,1326.4000244140625,205493
2026-06-09 15:05:00+00:00,1325.4000244140625,1325.5999755859375,1323.4000244140625,1323.800048828125,137154
2026-06-09 15:10:00+00:00,1324.199951171875,1326.0,1322.0,1325.5999755859375,623104
2026-06-09 15:15:00+00:00,1324.0,1325.4000244140625,1323.1259765625,1324.199951171875,182438
2026-06-09 15:20:00+00:00,1320.0,1325.0,1319.9189453125,1324.0,407854
2026-06-09 15:25:00+00:00,1314.0,1321.0,1313.4000244140625,1319.800048828125,516827
2026-06-10 07:00:00+00:00,1288.4000244140625,1297.199951171875,1286.800048828125,1293.800048828125,1201923
2026-06-10 07:05:00+00:00,1287.800048828125,1289.5999755859375,1286.0,1287.800048828125,243690
2026-06-10 07:10:00+00:00,1290.800048828125,1291.0,1285.5999755859375,1288.4000244140625,325558
2026-06-10 07:15:00+00:00,1286.199951171875,1294.199951171875,1286.0,1290.800048828125,203783
2026-06-10 07:20:00+00:00,1287.800048828125,1289.4000244140625,1284.199951171875,1286.199951171875,243469
2026-06-10 07:25:00+00:00,1284.0,1292.739990234375,1283.199951171875,1288.199951171875,309168
2026-06-10 07:30:00+00:00,1287.5999755859375,1292.5999755859375,1283.4000244140625,1284.0,504583
2026-06-10 07:35:00+00:00,1288.800048828125,1289.4000244140625,1287.4000244140625,1287.5999755859375,289167
2026-06-10 07:40:00+00:00,1287.199951171875,1289.199951171875,1287.0,1288.5999755859375,125100
2026-06-10 07:45:00+00:00,1285.5999755859375,1287.5999755859375,1285.199951171875,1287.5999755859375,124821
2026-06-10 07:50:00+00:00,1283.4000244140625,1286.199951171875,1282.199951171875,1285.5999755859375,219530
2026-06-10 07:55:00+00:00,1286.199951171875,1289.199951171875,1283.0,1283.0,404624
2026-06-10 08:00:00+00:00,1289.199951171875,1292.4000244140625,1285.800048828125,1286.4000244140625,430014
2026-06-10 08:05:00+00:00,1293.800048828125,1295.800048828125,1288.199951171875,1291.0,531269
2026-06-10 08:10:00+00:00,1292.5999755859375,1295.5999755859375,1291.5999755859375,1293.800048828125,156126
2026-06-10 08:15:00+00:00,1294.4000244140625,1295.4000244140625,1292.4000244140625,1292.800048828125,157891
2026-06-10 08:20:00+00:00,1290.4000244140625,1294.800048828125,1289.800048828125,1294.4000244140625,91704
2026-06-10 08:25:00+00:00,1288.800048828125,1295.0,1287.5999755859375,1290.800048828125,40070
2026-06-10 08:30:00+00:00,1291.0,1292.4000244140625,1288.5999755859375,1288.5999755859375,43039
2026-06-10 08:35:00+00:00,1291.0,1292.4000244140625,1290.5999755859375,1291.199951171875,51857
2026-06-10 08:40:00+00:00,1287.800048828125,1291.0,1287.800048828125,1290.800048828125,106831
2026-06-10 08:45:00+00:00,1285.800048828125,1288.5999755859375,1284.199951171875,1287.800048828125,95419
2026-06-10 08:50:00+00:00,1286.800048828125,1287.800048828125,1285.5999755859375,1286.0,48851
2026-06-10 08:55:00+00:00,1285.0,1286.4000244140625,1284.5999755859375,1286.4000244140625,32980
2026-06-10 09:00:00+00:00,1283.800048828125,1285.4000244140625,1282.0,1285.4000244140625,99613
2026-06-10 09:05:00+00:00,1283.199951171875,1285.0,1282.4000244140625,1283.800048828125,56070
2026-06-10 09:10:00+00:00,1280.800048828125,1284.4000244140625,1280.800048828125,1282.800048828125,103428
2026-06-10 09:15:00+00:00,1278.199951171875,1281.3900146484375,1278.199951171875,1281.199951171875,84614
2026-06-10 09:20:00+00:00,1277.4000244140625,1278.199951171875,1275.0,1278.0,82107
2026-06-10 09:25:00+00:00,1281.0,1281.0,1277.4000244140625,1277.4000244140625,39117
2026-06-10 09:30:00+00:00,1283.4000244140625,1283.4000244140625,1280.7998046875,1280.7998046875,86592
2026-06-10 09:35:00+00:00,1283.0,1285.199951171875,1283.0,1283.800048828125,156592
2026-06-10 09:40:00+00:00,1280.3800048828125,1282.800048828125,1278.5999755859375,1282.5999755859375,66997
2026-06-10 09:45:00+00:00,1279.7889404296875,1281.199951171875,1278.5999755859375,1280.5999755859375,37956
2026-06-10 09:50:00+00:00,1279.5999755859375,1280.5999755859375,1278.5999755859375,1279.199951171875,36114
2026-06-10 09:55:00+00:00,1277.5999755859375,1280.199951171875,1277.5999755859375,1279.800048828125,8478
2026-06-10 10:00:00+00:00,1278.5999755859375,1278.800048828125,1276.0,1278.0,41202
2026-06-10 10:05:00+00:00,1279.4000244140625,1280.4000244140625,1277.5999755859375,1278.4000244140625,49671
2026-06-10 10:10:00+00:00,1278.4000244140625,1279.800048828125,1278.199951171875,1279.199951171875,36928
2026-06-10 10:15:00+00:00,1276.4000244140625,1278.5999755859375,1275.800048828125,1278.4000244140625,69705
2026-06-10 10:20:00+00:00,1281.5999755859375,1281.699951171875,1276.4000244140625,1276.4000244140625,50267
2026-06-10 10:25:00+00:00,1283.4000244140625,1284.4000244140625,1281.199951171875,1281.800048828125,34121
2026-06-10 10:30:00+00:00,1282.4000244140625,1284.199951171875,1282.0,1283.4000244140625,58780
2026-06-10 10:35:00+00:00,1283.0,1283.5999755859375,1282.0,1282.4000244140625,11558
2026-06-10 10:40:00+00:00,1282.199951171875,1283.0,1282.0,1282.5999755859375,45786
2026-06-10 10:45:00+00:00,1283.4000244140625,1284.5999755859375,1282.5999755859375,1282.800048828125,35446
2026-06-10 10:50:00+00:00,1283.199951171875,1284.4000244140625,1282.199951171875,1283.5999755859375,42934
2026-06-10 10:55:00+00:00,1286.4000244140625,1286.5999755859375,1282.5999755859375,1283.199951171875,58911
2026-06-10 11:00:00+00:00,1277.800048828125,1289.800048828125,1277.199951171875,1286.4000244140625,367543
2026-06-10 11:05:00+00:00,1277.4000244140625,1278.0,1272.199951171875,1277.4000244140625,174923
2026-06-10 11:10:00+00:00,1281.3929443359375,1282.4000244140625,1277.4000244140625,1278.0,62952
2026-06-10 11:15:00+00:00,1278.5999755859375,1282.800048828125,1278.5999755859375,1281.5999755859375,49975
2026-06-10 11:20:00+00:00,1276.199951171875,1281.4000244140625,1276.199951171875,1278.5999755859375,143276
2026-06-10 11:25:00+00:00,1273.5999755859375,1276.800048828125,1267.199951171875,1276.800048828125,242790
2026-06-10 11:30:00+00:00,1275.800048828125,1276.4000244140625,1273.4000244140625,1273.800048828125,100926
2026-06-10 11:35:00+00:00,1276.199951171875,1277.800048828125,1275.199951171875,1275.800048828125,90657
2026-06-10 11:40:00+00:00,1277.5999755859375,1282.625,1276.199951171875,1276.4000244140625,526679
2026-06-10 11:45:00+00:00,1278.5999755859375,1279.4000244140625,1277.0,1277.800048828125,3884443
2026-06-10 11:50:00+00:00,1278.5999755859375,1279.0,1278.0,1278.5999755859375,43852
2026-06-10 11:55:00+00:00,1279.0,1279.199951171875,1277.800048828125,1278.5999755859375,51527
2026-06-10 12:00:00+00:00,1279.5999755859375,1280.5999755859375,1279.0,1279.0,173570
2026-06-10 12:05:00+00:00,1279.5999755859375,1281.0,1278.800048828125,1279.5999755859375,105238
2026-06-10 12:10:00+00:00,1279.199951171875,1281.199951171875,1278.0,1279.4000244140625,90337
2026-06-10 12:15:00+00:00,1280.4000244140625,1281.199951171875,1278.199951171875,1278.800048828125,83594
2026-06-10 12:20:00+00:00,1282.0899658203125,1282.4000244140625,1280.4000244140625,1280.4000244140625,109019
2026-06-10 12:25:00+00:00,1283.5999755859375,1284.199951171875,1282.0,1282.199951171875,363418
2026-06-10 12:30:00+00:00,1289.0,1289.0,1283.4000244140625,1283.800048828125,213296
2026-06-10 12:35:00+00:00,1289.5999755859375,1290.199951171875,1287.5999755859375,1289.199951171875,73750
2026-06-10 12:40:00+00:00,1288.800048828125,1289.4000244140625,1286.800048828125,1289.4000244140625,52071
2026-06-10 12:45:00+00:00,1290.5999755859375,1291.4000244140625,1289.0,1289.0,37142
2026-06-10 12:50:00+00:00,1290.199951171875,1291.5999755859375,1289.4000244140625,1290.800048828125,103166
2026-06-10 12:55:00+00:00,1288.0,1290.199951171875,1288.0,1290.0,72034
2026-06-10 13:00:00+00:00,1289.4000244140625,1290.199951171875,1287.5999755859375,1288.0,57239
2026-06-10 13:05:00+00:00,1288.800048828125,1289.4000244140625,1287.4000244140625,1289.4000244140625,49651
2026-06-10 13:10:00+00:00,1289.4000244140625,1291.199951171875,1288.199951171875,1289.4000244140625,46263
2026-06-10 13:15:00+00:00,1289.800048828125,1290.4000244140625,1289.199951171875,1289.5999755859375,54306
2026-06-10 13:20:00+00:00,1289.0,1290.199951171875,1288.0,1289.5999755859375,62765
2026-06-10 13:25:00+00:00,1291.199951171875,1292.5999755859375,1288.5999755859375,1289.0,339541
2026-06-10 13:30:00+00:00,1288.800048828125,1294.800048828125,1288.5999755859375,1291.0,268602
2026-06-10 13:35:00+00:00,1290.0,1293.0,1287.4000244140625,1288.4000244140625,163831
2026-06-10 13:40:00+00:00,1291.5799560546875,1291.800048828125,1289.0,1289.4000244140625,262444
2026-06-10 13:45:00+00:00,1291.5999755859375,1293.0,1289.5999755859375,1291.4000244140625,199353
2026-06-10 13:50:00+00:00,1291.0,1292.4000244140625,1289.199951171875,1291.5999755859375,209681
2026-06-10 13:55:00+00:00,1290.4000244140625,1292.0,1290.0,1290.800048828125,318447
2026-06-10 14:00:00+00:00,1291.4000244140625,1292.5999755859375,1290.0,1290.4000244140625,125421
2026-06-10 14:05:00+00:00,1291.800048828125,1292.0,1290.0,1291.4000244140625,99855
2026-06-10 14:10:00+00:00,1290.5999755859375,1293.800048828125,1290.5999755859375,1291.800048828125,275799
2026-06-10 14:15:00+00:00,1291.80078125,1292.0,1288.0,1291.0,263005
2026-06-10 14:20:00+00:00,1291.800048828125,1292.0,1289.199951171875,1291.4000244140625,92829
2026-06-10 14:25:00+00:00,1291.0,1292.800048828125,1290.199951171875,1291.800048828125,181792
2026-06-10 14:30:00+00:00,1294.0999755859375,1294.199951171875,1289.800048828125,1291.5999755859375,150572
2026-06-10 14:35:00+00:00,1293.5999755859375,1294.800048828125,1292.5999755859375,1294.4000244140625,186966
2026-06-10 14:40:00+00:00,1291.800048828125,1294.800048828125,1287.5999755859375,1293.800048828125,175747
2026-06-10 14:45:00+00:00,1292.0,1292.5999755859375,1290.5999755859375,1291.5999755859375,111323
2026-06-10 14:50:00+00:00,1292.0,1292.800048828125,1290.4000244140625,1292.0,315929
2026-06-10 14:55:00+00:00,1293.0,1293.5999755859375,1290.199951171875,1292.199951171875,102490
2026-06-10 15:00:00+00:00,1293.0,1295.5999755859375,1291.4000244140625,1292.5999755859375,461736
2026-06-10 15:05:00+00:00,1293.4000244140625,1293.4000244140625,1290.199951171875,1292.800048828125,214406
2026-06-10 15:10:00+00:00,1292.4000244140625,1294.4000244140625,1291.800048828125,1293.5999755859375,436444
2026-06-10 15:15:00+00:00,1290.800048828125,1292.489990234375,1290.0,1292.4000244140625,0
2026-06-10 15:20:00+00:00,1294.4000244140625,1294.4000244140625,1291.0,1291.0,125559
2026-06-10 15:25:00+00:00,1293.4000244140625,1295.0,1293.4000244140625,1294.199951171875,338385
2026-06-11 07:00:00+00:00,1317.4000244140625,1318.4000244140625,1302.4000244140625,1310.4000244140625,607237
2026-06-11 07:05:00+00:00,1320.0,1320.0,1316.199951171875,1318.0,475417
2026-06-11 07:10:00+00:00,1323.199951171875,1324.0,1319.5999755859375,1319.7088623046875,228010
2026-06-11 07:15:00+00:00,1325.199951171875,1326.800048828125,1322.4000244140625,1322.800048828125,205654
2026-06-11 07:20:00+00:00,1313.800048828125,1328.0,1313.800048828125,1325.800048828125,145506
2026-06-11 07:25:00+00:00,1324.800048828125,1327.4000244140625,1313.5999755859375,1327.0,176169
2026-06-11 07:30:00+00:00,1324.4000244140625,1327.199951171875,1323.5999755859375,1324.800048828125,165149
2026-06-11 07:35:00+00:00,1328.0,1328.4000244140625,1324.0,1324.800048828125,118388
2026-06-11 07:40:00+00:00,1326.0,1327.800048828125,1325.199951171875,1327.5999755859375,145565
2026-06-11 07:45:00+00:00,1324.800048828125,1327.199951171875,1324.4000244140625,1326.0,204385
2026-06-11 07:50:00+00:00,1322.800048828125,1324.800048828125,1321.5999755859375,1324.5999755859375,326363
2026-06-11 07:55:00+00:00,1320.4000244140625,1323.199951171875,1320.0,1323.199951171875,77182
2026-06-11 08:00:00+00:00,1322.800048828125,1326.0,1320.0,1320.0,100461
2026-06-11 08:05:00+00:00,1325.5999755859375,1325.800048828125,1322.800048828125,1323.0,193454
2026-06-11 08:10:00+00:00,1326.800048828125,1327.5999755859375,1325.4000244140625,1325.5999755859375,56518
2026-06-11 08:15:00+00:00,1325.0,1326.800048828125,1324.5999755859375,1326.0,22261
2026-06-11 08:20:00+00:00,1324.800048828125,1325.5999755859375,1324.199951171875,1324.800048828125,17296
2026-06-11 08:25:00+00:00,1326.5999755859375,1327.4000244140625,1324.5999755859375,1324.5999755859375,37507
2026-06-11 08:30:00+00:00,1328.800048828125,1329.5999755859375,1326.4000244140625,1326.4000244140625,29278
2026-06-11 08:35:00+00:00,1330.0,1330.199951171875,1328.5999755859375,1329.199951171875,38869
2026-06-11 08:40:00+00:00,1330.0,1330.5999755859375,1329.5999755859375,1330.4000244140625,51315
2026-06-11 08:45:00+00:00,1328.199951171875,1330.199951171875,1327.800048828125,1330.199951171875,123758
2026-06-11 08:50:00+00:00,1328.800048828125,1328.800048828125,1327.5999755859375,1328.199951171875,24630
2026-06-11 08:55:00+00:00,1328.4000244140625,1330.800048828125,1328.4000244140625,1329.0,32727
2026-06-11 09:00:00+00:00,1327.800048828125,1328.199951171875,1326.800048828125,1328.0,41767
2026-06-11 09:05:00+00:00,1327.406005859375,1328.0,1327.199951171875,1328.0,42035
2026-06-11 09:10:00+00:00,1326.0,1327.800048828125,1324.300048828125,1327.800048828125,26473
2026-06-11 09:15:00+00:00,1326.800048828125,1327.199951171875,1326.0,1326.199951171875,11909
2026-06-11 09:20:00+00:00,1326.5999755859375,1327.0,1325.5999755859375,1326.5999755859375,11527
2026-06-11 09:25:00+00:00,1328.4000244140625,1328.5999755859375,1326.199951171875,1326.199951171875,31406
2026-06-11 09:30:00+00:00,1326.4000244140625,1328.4000244140625,1326.199951171875,1328.4000244140625,17451
2026-06-11 09:35:00+00:00,1328.800048828125,1329.199951171875,1326.0,1326.4000244140625,24709
2026-06-11 09:40:00+00:00,1328.199951171875,1329.9000244140625,1327.800048828125,1328.800048828125,40158
2026-06-11 09:45:00+00:00,1328.9000244140625,1329.22705078125,1326.800048828125,1328.4000244140625,81161
2026-06-11 09:50:00+00:00,1328.5999755859375,1329.199951171875,1327.800048828125,1329.199951171875,71046
2026-06-11 09:55:00+00:00,1329.4000244140625,1329.4000244140625,1328.199951171875,1328.4000244140625,26435
2026-06-11 10:00:00+00:00,1328.5999755859375,1330.800048828125,1328.199951171875,1329.4000244140625,51202
2026-06-11 10:05:00+00:00,1328.199951171875,1328.5999755859375,1327.4000244140625,1328.5999755859375,43990
2026-06-11 10:10:00+00:00,1330.4000244140625,1330.800048828125,1327.800048828125,1328.199951171875,38308
2026-06-11 10:15:00+00:00,1330.5999755859375,1331.199951171875,1329.800048828125,1330.5999755859375,73280
2026-06-11 10:20:00+00:00,1330.5999755859375,1330.9000244140625,1330.199951171875,1330.5999755859375,22557
2026-06-11 10:25:00+00:00,1329.0,1330.4000244140625,1325.0,1330.199951171875,726967
2026-06-11 10:30:00+00:00,1330.4000244140625,1330.5999755859375,1329.199951171875,1329.199951171875,16002
2026-06-11 10:35:00+00:00,1330.699951171875,1330.800048828125,1329.5,1330.4000244140625,44089
2026-06-11 10:40:00+00:00,1329.199951171875,1331.5999755859375,1329.199951171875,1330.800048828125,22506
2026-06-11 10:45:00+00:00,1328.800048828125,1329.800048828125,1328.800048828125,1329.199951171875,19645
2026-06-11 10:50:00+00:00,1328.5999755859375,1329.5999755859375,1327.800048828125,1329.199951171875,10421
2026-06-11 10:55:00+00:00,1327.199951171875,1328.4000244140625,1327.0,1328.4000244140625,77744
2026-06-11 11:00:00+00:00,1327.199951171875,1327.199951171875,1325.4000244140625,1327.0,23266
2026-06-11 11:05:00+00:00,1326.0,1328.000244140625,1325.0,1327.199951171875,111849
2026-06-11 11:10:00+00:00,1328.5999755859375,1328.5999755859375,1325.5999755859375,1326.199951171875,98835
2026-06-11 11:15:00+00:00,1329.4000244140625,1329.4000244140625,1328.4000244140625,1328.4000244140625,14747
2026-06-11 11:20:00+00:00,1328.4000244140625,1329.5999755859375,1328.0,1329.199951171875,32918
2026-06-11 11:25:00+00:00,1330.0999755859375,1330.6290283203125,1328.0,1328.5999755859375,26916
2026-06-11 11:30:00+00:00,1330.4000244140625,1333.5999755859375,1329.800048828125,1330.0,233183
2026-06-11 11:35:00+00:00,1331.199951171875,1331.800048828125,1329.599609375,1330.0,62056
2026-06-11 11:40:00+00:00,1331.5999755859375,1332.199951171875,1330.800048828125,1330.800048828125,25739
2026-06-11 11:45:00+00:00,1331.5999755859375,1331.800048828125,1330.900146484375,1331.5999755859375,469881
2026-06-11 11:50:00+00:00,1332.0,1332.5999755859375,1331.5999755859375,1332.0,39659
2026-06-11 11:55:00+00:00,1332.800048828125,1333.800048828125,1332.0,1332.0,119289
2026-06-11 12:00:00+00:00,1333.5999755859375,1334.800048828125,1332.0,1333.199951171875,200115
2026-06-11 12:05:00+00:00,1333.199951171875,1334.0,1332.4000244140625,1333.4000244140625,70094
2026-06-11 12:10:00+00:00,1333.4000244140625,1333.5999755859375,1332.5999755859375,1333.4000244140625,29351
2026-06-11 12:15:00+00:00,1329.4000244140625,1333.4000244140625,1329.4000244140625,1333.199951171875,46470
2026-06-11 12:20:00+00:00,1322.199951171875,1333.5999755859375,1318.0,1329.800048828125,290854
2026-06-11 12:25:00+00:00,1324.5999755859375,1325.199951171875,1321.4000244140625,1322.199951171875,371837
2026-06-11 12:30:00+00:00,1321.199951171875,1332.199951171875,1319.199951171875,1324.5999755859375,175718
2026-06-11 12:35:00+00:00,1333.199951171875,1333.199951171875,1319.199951171875,1321.5999755859375,41425
2026-06-11 12:40:00+00:00,1320.800048828125,1333.5999755859375,1318.199951171875,1320.5999755859375,406173
2026-06-11 12:45:00+00:00,1322.969970703125,1333.199951171875,1319.5999755859375,1320.4000244140625,32432
2026-06-11 12:50:00+00:00,1323.199951171875,1330.0,1320.199951171875,1329.4000244140625,94262
2026-06-11 12:55:00+00:00,1323.4000244140625,1324.800048828125,1319.800048828125,1323.199951171875,95748
2026-06-11 13:00:00+00:00,1322.4000244140625,1322.5999755859375,1320.0,1321.5999755859375,18124
2026-06-11 13:05:00+00:00,1321.199951171875,1323.199951171875,1320.800048828125,1322.800048828125,7896
2026-06-11 13:10:00+00:00,1321.5999755859375,1322.4000244140625,1320.800048828125,1321.0,13364
2026-06-11 13:15:00+00:00,1322.5999755859375,1323.5,1321.199951171875,1322.199951171875,13558
2026-06-11 13:20:00+00:00,1324.199951171875,1324.5999755859375,1322.800048828125,1322.800048828125,16076
2026-06-11 13:25:00+00:00,1323.800048828125,1326.0,1323.4000244140625,1323.800048828125,28472
2026-06-11 13:30:00+00:00,1327.5999755859375,1328.0,1319.0,1323.5999755859375,198458
2026-06-11 13:35:00+00:00,1326.0,1329.0,1319.0,1327.4000244140625,51577
2026-06-11 13:40:00+00:00,1322.4000244140625,1326.199951171875,1318.800048828125,1326.0,42203
2026-06-11 13:45:00+00:00,1324.800048828125,1327.0,1322.0,1322.199951171875,222907
2026-06-11 13:50:00+00:00,1326.4000244140625,1327.5999755859375,1323.0,1325.0,148325
2026-06-11 13:55:00+00:00,1326.5999755859375,1327.5999755859375,1322.800048828125,1326.5999755859375,71652
2026-06-11 14:00:00+00:00,1324.4000244140625,1326.800048828125,1320.0,1326.800048828125,74620
2026-06-11 14:05:00+00:00,1323.4000244140625,1324.4000244140625,1320.199951171875,1323.0,44584
2026-06-11 14:10:00+00:00,1322.0,1324.5999755859375,1320.199951171875,1324.0,72861
2026-06-11 14:15:00+00:00,1321.4000244140625,1324.5999755859375,1320.0,1320.0,53533
2026-06-11 14:20:00+00:00,1323.4000244140625,1325.967041015625,1320.5999755859375,1324.4998779296875,97374
2026-06-11 14:25:00+00:00,1324.199951171875,1324.4000244140625,1320.4000244140625,1321.4000244140625,37227
2026-06-11 14:30:00+00:00,1325.4000244140625,1325.4000244140625,1320.5999755859375,1321.0,19933
2026-06-11 14:35:00+00:00,1323.800048828125,1325.5999755859375,1321.0,1325.4000244140625,75527
2026-06-11 14:40:00+00:00,1323.800048828125,1324.800048828125,1321.4000244140625,1324.199951171875,40361
2026-06-11 14:45:00+00:00,1323.800048828125,1324.5999755859375,1322.4000244140625,1323.800048828125,37233
2026-06-11 14:50:00+00:00,1323.5604248046875,1324.800048828125,1323.199951171875,1324.5999755859375,55908
2026-06-11 14:55:00+00:00,1321.0,1325.5999755859375,1320.0,1323.4000244140625,71143
2026-06-11 15:00:00+00:00,1322.4000244140625,1325.5999755859375,1321.0,1321.0,65151
2026-06-11 15:05:00+00:00,1323.199951171875,1325.0,1321.0,1322.5999755859375,105397
2026-06-11 15:10:00+00:00,1326.0,1326.199951171875,1323.5999755859375,1323.5999755859375,133807
2026-06-11 15:15:00+00:00,1324.4000244140625,1326.4000244140625,1323.4000244140625,1325.800048828125,70756
2026-06-11 15:20:00+00:00,1324.4000244140625,1326.199951171875,1324.0,1324.199951171875,107155
2026-06-11 15:25:00+00:00,1321.800048828125,1324.800048828125,1321.800048828125,1324.199951171875,239870
2026-06-12 07:00:00+00:00,1349.3389892578125,1356.0,1349.0,1354.800048828125,882990
2026-06-12 07:05:00+00:00,1350.300048828125,1353.4000244140625,1348.199951171875,1349.5999755859375,229345
2026-06-12 07:10:00+00:00,1350.199951171875,1353.4000244140625,1349.199951171875,1350.5999755859375,120516
2026-06-12 07:15:00+00:00,1347.5999755859375,1352.800048828125,1346.800048828125,1349.9000244140625,229791
2026-06-12 07:20:00+00:00,1349.0,1349.199951171875,1347.0,1348.0,88907
2026-06-12 07:25:00+00:00,1348.4000244140625,1350.199951171875,1348.0,1348.800048828125,62973
2026-06-12 07:30:00+00:00,1348.5999755859375,1348.800048828125,1347.199951171875,1348.0,93052
2026-06-12 07:35:00+00:00,1351.199951171875,1352.199951171875,1348.5999755859375,1348.5999755859375,225018
2026-06-12 07:40:00+00:00,1353.199951171875,1353.800048828125,1351.4000244140625,1351.5999755859375,174804
2026-06-12 07:45:00+00:00,1355.199951171875,1356.4000244140625,1349.4000244140625,1353.199951171875,307067
2026-06-12 07:50:00+00:00,1356.4000244140625,1356.5999755859375,1347.4000244140625,1355.5999755859375,99262
2026-06-12 07:55:00+00:00,1359.5999755859375,1361.4000244140625,1347.5999755859375,1356.4000244140625,820267
2026-06-12 08:00:00+00:00,1347.5999755859375,1364.800048828125,1347.5999755859375,1359.0,248111
2026-06-12 08:05:00+00:00,1366.4000244140625,1366.4000244140625,1355.4000244140625,1363.5999755859375,290408
2026-06-12 08:10:00+00:00,1370.0,1370.199951171875,1362.4000244140625,1366.199951171875,85735
2026-06-12 08:15:00+00:00,1371.0,1373.800048828125,1368.0,1370.0,83089
2026-06-12 08:20:00+00:00,1371.4000244140625,1373.199951171875,1370.4000244140625,1371.199951171875,51242
2026-06-12 08:25:00+00:00,1373.199951171875,1373.4000244140625,1371.0,1371.0,39687
2026-06-12 08:30:00+00:00,1371.9000244140625,1373.5999755859375,1365.0,1373.0,654585
2026-06-12 08:35:00+00:00,1367.800048828125,1371.9000244140625,1367.4000244140625,1371.800048828125,74992
2026-06-12 08:40:00+00:00,1366.800048828125,1368.199951171875,1366.0,1368.0,26432
2026-06-12 08:45:00+00:00,1368.0,1368.0,1365.4000244140625,1367.0,25661
2026-06-12 08:50:00+00:00,1366.199951171875,1368.0,1365.800048828125,1367.5999755859375,37577
2026-06-12 08:55:00+00:00,1366.4000244140625,1367.0,1365.5469970703125,1366.0,70672
2026-06-12 09:00:00+00:00,1369.0,1369.4000244140625,1366.199951171875,1366.199951171875,22362
2026-06-12 09:05:00+00:00,1367.0,1369.199951171875,1366.600341796875,1368.5999755859375,71433
2026-06-12 09:10:00+00:00,1371.0,1371.0,1366.199951171875,1366.5999755859375,36102
2026-06-12 09:15:00+00:00,1373.4000244140625,1373.800048828125,1370.800048828125,1371.800048828125,44528
2026-06-12 09:20:00+00:00,1372.0,1373.5999755859375,1371.7603759765625,1373.0,22420
2026-06-12 09:25:00+00:00,1372.800048828125,1373.5999755859375,1371.9996337890625,1372.199951171875,18615
2026-06-12 09:30:00+00:00,1373.199951171875,1373.4000244140625,1354.800048828125,1372.800048828125,408440
2026-06-12 09:35:00+00:00,1372.800048828125,1374.0,1372.5999755859375,1373.4000244140625,18455
2026-06-12 09:40:00+00:00,1372.0,1373.5999755859375,1372.0,1373.5999755859375,12477
2026-06-12 09:45:00+00:00,1369.800048828125,1371.8004150390625,1369.800048828125,1371.4000244140625,24361
2026-06-12 09:50:00+00:00,1370.800048828125,1370.800048828125,1369.800048828125,1369.800048828125,37408
2026-06-12 09:55:00+00:00,1370.345947265625,1371.5999755859375,1369.800048828125,1371.0,16785
2026-06-12 10:00:00+00:00,1371.199951171875,1371.5999755859375,1369.4000244140625,1370.199951171875,11924
2026-06-12 10:05:00+00:00,1370.0,1372.199951171875,1370.0,1371.199951171875,15032
2026-06-12 10:10:00+00:00,1369.5999755859375,1370.4000244140625,1368.199951171875,1369.800048828125,28553
2026-06-12 10:15:00+00:00,1369.199951171875,1370.0,1368.599609375,1370.0,12070
2026-06-12 10:20:00+00:00,1368.4000244140625,1368.5999755859375,1366.800048828125,1368.5999755859375,11587
2026-06-12 10:25:00+00:00,1364.800048828125,1368.0,1364.0,1368.0,28356
2026-06-12 10:30:00+00:00,1366.0,1366.5999755859375,1364.4000244140625,1364.800048828125,11274
2026-06-12 10:35:00+00:00,1366.1710205078125,1367.199951171875,1354.800048828125,1366.5999755859375,17097
2026-06-12 10:40:00+00:00,1368.0,1368.199951171875,1366.4000244140625,1366.4000244140625,21038
2026-06-12 10:45:00+00:00,1367.5999755859375,1369.4000244140625,1367.4000244140625,1368.0,54530
2026-06-12 10:50:00+00:00,1368.199951171875,1368.199951171875,1367.0,1367.5999755859375,8162
2026-06-12 10:55:00+00:00,1368.0,1368.4000244140625,1366.5999755859375,1368.0,315433
2026-06-12 11:00:00+00:00,1368.199951171875,1368.4000244140625,1367.1400146484375,1367.800048828125,27497
2026-06-12 11:05:00+00:00,1368.800048828125,1369.0,1367.199951171875,1368.0,27822
2026-06-12 11:10:00+00:00,1369.4000244140625,1369.91015625,1368.199951171875,1368.800048828125,16375
2026-06-12 11:15:00+00:00,1369.739990234375,1370.4000244140625,1369.0,1369.5999755859375,29854
2026-06-12 11:20:00+00:00,1370.800048828125,1370.800048828125,1369.800048828125,1370.199951171875,10771
2026-06-12 11:25:00+00:00,1370.199951171875,1371.199951171875,1370.0,1370.800048828125,8646
2026-06-12 11:30:00+00:00,1368.4000244140625,1370.5999755859375,1368.4000244140625,1370.199951171875,20305
2026-06-12 11:35:00+00:00,1368.199951171875,1368.800048828125,1367.800048828125,1368.800048828125,19462
2026-06-12 11:40:00+00:00,1368.5999755859375,1369.5999755859375,1368.0,1368.4000244140625,11756
2026-06-12 11:45:00+00:00,1366.800048828125,1368.9580078125,1366.800048828125,1368.5999755859375,15120
2026-06-12 11:50:00+00:00,1366.5999755859375,1367.4000244140625,1366.0,1366.779541015625,14284
2026-06-12 11:55:00+00:00,1365.800048828125,1367.199951171875,1365.199951171875,1366.800048828125,17498
2026-06-12 12:00:00+00:00,1365.0,1369.0,1364.5999755859375,1365.800048828125,58216
2026-06-12 12:05:00+00:00,1366.800048828125,1367.4000244140625,1365.5999755859375,1365.800048828125,6951
2026-06-12 12:10:00+00:00,1365.5999755859375,1366.5999755859375,1365.0,1366.5999755859375,5619
2026-06-12 12:15:00+00:00,1364.800048828125,1366.0,1364.0,1366.0,18454
2026-06-12 12:20:00+00:00,1363.199951171875,1364.4000244140625,1363.199951171875,1364.199951171875,8872
2026-06-12 12:25:00+00:00,1365.0,1365.199951171875,1363.4000244140625,1363.4000244140625,5344
2026-06-12 12:30:00+00:00,1364.199951171875,1365.5999755859375,1354.800048828125,1364.800048828125,1828445
2026-06-12 12:35:00+00:00,1364.199951171875,1365.199951171875,1363.199951171875,1364.5999755859375,29854
2026-06-12 12:40:00+00:00,1362.5999755859375,1364.4000244140625,1362.199951171875,1364.0,40005
2026-06-12 12:45:00+00:00,1364.0,1364.0,1362.800048828125,1363.0,16085
2026-06-12 12:50:00+00:00,1363.199951171875,1364.5999755859375,1363.0,1364.0,117524
2026-06-12 12:55:00+00:00,1363.199951171875,1363.5999755859375,1361.800048828125,1363.5999755859375,62994
2026-06-12 13:00:00+00:00,1365.4000244140625,1366.0,1354.800048828125,1363.3809814453125,356518
2026-06-12 13:05:00+00:00,1366.800048828125,1366.800048828125,1365.199951171875,1365.4000244140625,47166
2026-06-12 13:10:00+00:00,1368.5400390625,1369.0,1366.5999755859375,1367.199951171875,48348
2026-06-12 13:15:00+00:00,1369.5999755859375,1370.0,1368.4000244140625,1368.4000244140625,31895
2026-06-12 13:20:00+00:00,1370.800048828125,1370.800048828125,1369.4000244140625,1369.4000244140625,29969
2026-06-12 13:25:00+00:00,1366.199951171875,1370.800048828125,1363.4000244140625,1370.800048828125,437295
2026-06-12 13:30:00+00:00,1367.199951171875,1368.5999755859375,1365.199951171875,1366.4000244140625,170201
2026-06-12 13:35:00+00:00,1370.5999755859375,1371.4000244140625,1365.5999755859375,1367.5999755859375,85298
2026-06-12 13:40:00+00:00,1367.800048828125,1371.199951171875,1364.800048828125,1371.0,280444
2026-06-12 13:45:00+00:00,1366.4820556640625,1368.4000244140625,1365.4000244140625,1368.0,109728
2026-06-12 13:50:00+00:00,1364.5999755859375,1366.199951171875,1363.5999755859375,1366.199951171875,53150
2026-06-12 13:55:00+00:00,1366.4000244140625,1370.199951171875,1364.199951171875,1364.800048828125,42219
2026-06-12 14:00:00+00:00,1368.5999755859375,1370.0,1365.5999755859375,1366.5999755859375,95327
2026-06-12 14:05:00+00:00,1368.5999755859375,1369.4000244140625,1366.800048828125,1368.5999755859375,56449
2026-06-12 14:10:00+00:00,1367.5999755859375,1368.5999755859375,1366.800048828125,1368.4000244140625,54344
2026-06-12 14:15:00+00:00,1370.199951171875,1371.5999755859375,1367.4000244140625,1367.4000244140625,50664
2026-06-12 14:20:00+00:00,1368.800048828125,1371.0,1368.4000244140625,1370.4000244140625,87549
2026-06-12 14:25:00+00:00,1369.800048828125,1371.5999755859375,1368.5999755859375,1368.5999755859375,50257
2026-06-12 14:30:00+00:00,1370.800048828125,1371.4000244140625,1369.4000244140625,1370.0,33006
2026-06-12 14:35:00+00:00,1373.199951171875,1373.4000244140625,1364.4000244140625,1370.199951171875,102870
2026-06-12 14:40:00+00:00,1371.4000244140625,1373.4000244140625,1371.0,1373.199951171875,72587
2026-06-12 14:45:00+00:00,1370.800048828125,1372.4000244140625,1370.0,1371.4000244140625,52132
2026-06-12 14:50:00+00:00,1375.5999755859375,1377.4000244140625,1369.4000244140625,1370.800048828125,502035
2026-06-12 14:55:00+00:00,1377.4000244140625,1378.199951171875,1375.199951171875,1376.800048828125,87340
2026-06-12 15:00:00+00:00,1376.199951171875,1378.0,1375.4000244140625,1377.5999755859375,83963
2026-06-12 15:05:00+00:00,1373.4759521484375,1376.0,1373.4000244140625,1376.0,118203
2026-06-12 15:10:00+00:00,1375.0,1375.800048828125,1373.5999755859375,1373.800048828125,123912
2026-06-12 15:15:00+00:00,1375.199951171875,1376.199951171875,1374.800048828125,1375.0,0
2026-06-12 15:20:00+00:00,1375.5999755859375,1376.199951171875,1368.199951171875,1375.0,181663
2026-06-12 15:25:00+00:00,1374.0,1376.0,1373.800048828125,1375.5999755859375,209518
2026-06-15 07:00:00+00:00,1396.0,1397.0,1386.199951171875,1392.0,0
2026-06-15 07:05:00+00:00,1393.4000244140625,1397.0,1392.4000244140625,1395.6800537109375,142936
2026-06-15 07:10:00+00:00,1393.199951171875,1393.4000244140625,1390.199951171875,1393.4000244140625,253155
2026-06-15 07:15:00+00:00,1392.178955078125,1394.199951171875,1391.5999755859375,1393.4000244140625,117498
2026-06-15 07:20:00+00:00,1392.199951171875,1392.800048828125,1391.5999755859375,1392.800048828125,60911
2026-06-15 07:25:00+00:00,1393.4000244140625,1395.4000244140625,1391.8990478515625,1392.4000244140625,358934
2026-06-15 07:30:00+00:00,1394.0,1394.4000244140625,1391.800048828125,1393.5999755859375,172239
2026-06-15 07:35:00+00:00,1392.4000244140625,1394.199951171875,1391.800048828125,1394.199951171875,163104
2026-06-15 07:40:00+00:00,1389.4000244140625,1392.5999755859375,1389.0,1392.4000244140625,155908
2026-06-15 07:45:00+00:00,1388.5999755859375,1396.199951171875,1388.4000244140625,1389.4000244140625,66951
2026-06-15 07:50:00+00:00,1388.199951171875,1396.199951171875,1387.199951171875,1388.4000244140625,241672
2026-06-15 07:55:00+00:00,1387.5999755859375,1388.199951171875,1386.4000244140625,1388.0,108703
2026-06-15 08:00:00+00:00,1388.4000244140625,1389.199951171875,1387.0,1387.5999755859375,53765
2026-06-15 08:05:00+00:00,1388.0,1388.800048828125,1386.800048828125,1388.4000244140625,177551
2026-06-15 08:10:00+00:00,1388.199951171875,1389.0,1387.199951171875,1388.0,89107
2026-06-15 08:15:00+00:00,1389.0,1390.0,1388.5999755859375,1389.0,15908
2026-06-15 08:20:00+00:00,1389.0,1390.5999755859375,1389.0,1389.4000244140625,16761
2026-06-15 08:25:00+00:00,1389.800048828125,1390.0,1388.199951171875,1389.4000244140625,21602
2026-06-15 08:30:00+00:00,1390.5999755859375,1391.5999755859375,1389.4000244140625,1390.0,28518
2026-06-15 08:35:00+00:00,1392.0,1392.4000244140625,1390.5999755859375,1390.5999755859375,17041
2026-06-15 08:40:00+00:00,1392.4000244140625,1394.800048828125,1391.5999755859375,1392.0,17888
2026-06-15 08:45:00+00:00,1391.4000244140625,1394.5999755859375,1391.0,1392.5999755859375,23524
2026-06-15 08:50:00+00:00,1390.0,1395.0,1389.800048828125,1391.5999755859375,15504
2026-06-15 08:55:00+00:00,1389.800048828125,1394.5999755859375,1389.199951171875,1389.800048828125,16528
2026-06-15 09:00:00+00:00,1388.5999755859375,1389.4000244140625,1386.4000244140625,1389.4000244140625,18852
2026-06-15 09:05:00+00:00,1389.5999755859375,1389.5999755859375,1388.0,1388.800048828125,37153
2026-06-15 09:10:00+00:00,1387.5999755859375,1390.199951171875,1387.199951171875,1389.800048828125,56869
2026-06-15 09:15:00+00:00,1387.5999755859375,1389.4000244140625,1386.5999755859375,1386.800048828125,19206
2026-06-15 09:20:00+00:00,1386.800048828125,1391.199951171875,1386.0,1387.4000244140625,59650
2026-06-15 09:25:00+00:00,1388.4000244140625,1392.5999755859375,1386.4000244140625,1386.4000244140625,16333
2026-06-15 09:30:00+00:00,1388.199951171875,1389.4000244140625,1387.800048828125,1388.5999755859375,430632
2026-06-15 09:35:00+00:00,1387.739990234375,1388.800048828125,1387.5999755859375,1388.0,10247
2026-06-15 09:40:00+00:00,1387.4000244140625,1388.4000244140625,1387.4000244140625,1387.800048828125,11876
2026-06-15 09:45:00+00:00,1388.0,1388.4000244140625,1387.4000244140625,1387.800048828125,3448
2026-06-15 09:50:00+00:00,1389.0,1390.0,1388.199951171875,1388.4000244140625,25485
2026-06-15 09:55:00+00:00,1390.199951171875,1390.800048828125,1389.0,1389.199951171875,27210
2026-06-15 10:00:00+00:00,1390.0,1391.199951171875,1389.4000244140625,1389.5999755859375,9463
2026-06-15 10:05:00+00:00,1391.0,1391.0,1389.800048828125,1390.0,4975
2026-06-15 10:10:00+00:00,1390.5999755859375,1391.0,1390.199951171875,1390.800048828125,8616
2026-06-15 10:15:00+00:00,1388.5400390625,1391.0,1387.5999755859375,1391.0,45189
2026-06-15 10:20:00+00:00,1390.199951171875,1390.3759765625,1388.4000244140625,1389.0,9642
2026-06-15 10:25:00+00:00,1390.5999755859375,1391.0,1389.800048828125,1390.199951171875,16081
2026-06-15 10:30:00+00:00,1390.5999755859375,1391.199951171875,1387.800048828125,1390.5999755859375,23798
2026-06-15 10:35:00+00:00,1391.0,1391.4000244140625,1390.199951171875,1390.4000244140625,17314
2026-06-15 10:40:00+00:00,1390.800048828125,1391.199951171875,1390.4000244140625,1390.800048828125,13593
2026-06-15 10:45:00+00:00,1391.199951171875,1391.5999755859375,1390.6199951171875,1390.800048828125,12944
2026-06-15 10:50:00+00:00,1391.199951171875,1392.0,1390.5999755859375,1391.5999755859375,15663
2026-06-15 10:55:00+00:00,1390.4000244140625,1391.199951171875,1390.0,1391.0,25879
2026-06-15 11:00:00+00:00,1389.4000244140625,1390.800048828125,1389.4000244140625,1390.199951171875,9809
2026-06-15 11:05:00+00:00,1390.008056640625,1390.4000244140625,1389.5999755859375,1389.5999755859375,19596
2026-06-15 11:10:00+00:00,1391.0,1391.199951171875,1389.93994140625,1389.9996337890625,21603
2026-06-15 11:15:00+00:00,1390.199951171875,1391.4000244140625,1390.199951171875,1391.0,9326
2026-06-15 11:20:00+00:00,1391.0,1391.0,1390.199951171875,1390.4000244140625,7416
2026-06-15 11:25:00+00:00,1391.0,1391.4000244140625,1389.800048828125,1391.199951171875,22090
2026-06-15 11:30:00+00:00,1390.300048828125,1391.4000244140625,1390.199951171875,1391.199951171875,22401
2026-06-15 11:35:00+00:00,1389.761962890625,1390.199951171875,1389.4000244140625,1390.0,6312
2026-06-15 11:40:00+00:00,1389.4000244140625,1390.0,1388.800048828125,1389.5999755859375,22325
2026-06-15 11:45:00+00:00,1388.800048828125,1389.5999755859375,1388.0,1389.199951171875,21760
2026-06-15 11:50:00+00:00,1388.0,1389.199951171875,1388.0,1388.5999755859375,20905
2026-06-15 11:55:00+00:00,1387.5999755859375,1387.800048828125,1387.0,1387.5400390625,25318
2026-06-15 12:00:00+00:00,1387.4000244140625,1388.4000244140625,1386.4000244140625,1387.5999755859375,3030122
2026-06-15 12:05:00+00:00,1389.0,1389.199951171875,1387.0,1387.4000244140625,9617
2026-06-15 12:10:00+00:00,1389.199951171875,1390.199951171875,1389.0,1389.199951171875,19604
2026-06-15 12:15:00+00:00,1389.199951171875,1389.800048828125,1389.0,1389.199951171875,3110
2026-06-15 12:20:00+00:00,1388.800048828125,1389.4000244140625,1388.0,1389.199951171875,66834
2026-06-15 12:25:00+00:00,1388.800048828125,1391.5999755859375,1388.199951171875,1389.199951171875,21869
2026-06-15 12:30:00+00:00,1388.4000244140625,1390.800048828125,1388.4000244140625,1389.0,26250
2026-06-15 12:35:00+00:00,1388.800048828125,1390.4000244140625,1387.800048828125,1388.0,9483
2026-06-15 12:40:00+00:00,1389.0,1390.4000244140625,1388.199951171875,1388.800048828125,23257
2026-06-15 12:45:00+00:00,1389.800048828125,1390.199951171875,1388.4000244140625,1389.199951171875,15142
2026-06-15 12:50:00+00:00,1389.5999755859375,1390.199951171875,1389.199951171875,1390.0,17197
2026-06-15 12:55:00+00:00,1390.0,1390.5999755859375,1388.800048828125,1390.0,52786
2026-06-15 13:00:00+00:00,1390.5999755859375,1390.800048828125,1389.5999755859375,1389.5999755859375,48560
2026-06-15 13:05:00+00:00,1389.9310302734375,1390.4000244140625,1389.0,1390.4000244140625,12605
2026-06-15 13:10:00+00:00,1391.199951171875,1391.5999755859375,1390.0,1390.199951171875,36769
2026-06-15 13:15:00+00:00,1392.0,1392.4000244140625,1391.199951171875,1391.5999755859375,6653
2026-06-15 13:20:00+00:00,1390.4000244140625,1392.0,1388.800048828125,1391.800048828125,41677
2026-06-15 13:25:00+00:00,1388.5999755859375,1391.4000244140625,1388.4000244140625,1390.4000244140625,49868
2026-06-15 13:30:00+00:00,1389.5999755859375,1391.0,1388.4000244140625,1389.0,139856
2026-06-15 13:35:00+00:00,1381.800048828125,1389.800048828125,1381.800048828125,1389.0,160938
2026-06-15 13:40:00+00:00,1382.5999755859375,1391.0,1381.199951171875,1381.5999755859375,85637
2026-06-15 13:45:00+00:00,1379.199951171875,1382.199951171875,1378.800048828125,1382.199951171875,175790
2026-06-15 13:50:00+00:00,1380.800048828125,1387.800048828125,1378.5999755859375,1379.0,40131
2026-06-15 13:55:00+00:00,1378.800048828125,1381.4000244140625,1378.199951171875,1380.800048828125,103767
2026-06-15 14:00:00+00:00,1381.5999755859375,1389.4000244140625,1378.4000244140625,1378.5999755859375,123013
2026-06-15 14:05:00+00:00,1383.4000244140625,1383.4000244140625,1382.0,1382.199951171875,49580
2026-06-15 14:10:00+00:00,1381.4000244140625,1383.4000244140625,1380.4000244140625,1383.4000244140625,54685
2026-06-15 14:15:00+00:00,1381.5999755859375,1382.800048828125,1381.0,1381.4000244140625,46518
2026-06-15 14:20:00+00:00,1380.5999755859375,1390.199951171875,1380.199951171875,1381.0,99213
2026-06-15 14:25:00+00:00,1382.260009765625,1382.4000244140625,1380.5999755859375,1380.800048828125,67543
2026-06-15 14:30:00+00:00,1381.0,1383.5999755859375,1381.0,1382.4000244140625,80562
2026-06-15 14:35:00+00:00,1381.5999755859375,1389.800048828125,1380.4000244140625,1381.0,155448
2026-06-15 14:40:00+00:00,1380.199951171875,1382.199951171875,1380.199951171875,1381.780029296875,45342
2026-06-15 14:45:00+00:00,1379.0,1380.4000244140625,1378.5999755859375,1380.3199462890625,98813
2026-06-15 14:50:00+00:00,1379.900146484375,1386.199951171875,1378.0,1379.178955078125,76318
2026-06-15 14:55:00+00:00,1379.5999755859375,1380.199951171875,1378.5999755859375,1379.0,28609
2026-06-15 15:00:00+00:00,1379.4000244140625,1380.199951171875,1378.5999755859375,1379.5999755859375,64699
2026-06-15 15:05:00+00:00,1379.4000244140625,1380.4000244140625,1378.199951171875,1379.199951171875,127710
2026-06-15 15:10:00+00:00,1379.800048828125,1380.5999755859375,1379.199951171875,1379.800048828125,212342
2026-06-15 15:15:00+00:00,1382.0,1382.0,1379.4000244140625,1379.5999755859375,0
2026-06-15 15:20:00+00:00,1384.0,1385.4000244140625,1381.4000244140625,1381.5999755859375,189867
2026-06-15 15:25:00+00:00,1386.800048828125,1387.0,1384.199951171875,1384.4000244140625,278802
2026-06-16 07:00:00+00:00,1388.4000244140625,1389.0,1384.0,1387.199951171875,535747
2026-06-16 07:05:00+00:00,1388.800048828125,1389.800048828125,1387.199951171875,1388.800048828125,253099
2026-06-16 07:10:00+00:00,1390.199951171875,1391.4000244140625,1387.199951171875,1389.4000244140625,485813
2026-06-16 07:15:00+00:00,1390.800048828125,1393.0,1385.4000244140625,1390.199951171875,503466
2026-06-16 07:20:00+00:00,1391.4000244140625,1392.0,1387.4000244140625,1390.5999755859375,335859
2026-06-16 07:25:00+00:00,1391.5999755859375,1392.800048828125,1390.5999755859375,1391.5999755859375,351071
2026-06-16 07:30:00+00:00,1390.5999755859375,1393.0,1389.800048828125,1392.199951171875,203820
2026-06-16 07:35:00+00:00,1389.5999755859375,1392.0,1389.0,1391.4000244140625,145372
2026-06-16 07:40:00+00:00,1389.5999755859375,1393.0,1388.5999755859375,1389.800048828125,242796
2026-06-16 07:45:00+00:00,1388.5999755859375,1390.5999755859375,1388.5999755859375,1389.5999755859375,155567
2026-06-16 07:50:00+00:00,1392.5999755859375,1392.800048828125,1387.800048828125,1388.800048828125,491834
2026-06-16 07:55:00+00:00,1390.0,1392.4000244140625,1390.0,1392.4000244140625,83386
2026-06-16 08:00:00+00:00,1393.199951171875,1393.5999755859375,1389.4000244140625,1389.800048828125,86734
2026-06-16 08:05:00+00:00,1394.5999755859375,1395.199951171875,1392.4000244140625,1392.800048828125,361785
2026-06-16 08:10:00+00:00,1396.199951171875,1396.4000244140625,1394.469970703125,1394.5999755859375,35015
2026-06-16 08:15:00+00:00,1398.199951171875,1398.800048828125,1396.199951171875,1396.199951171875,25747
2026-06-16 08:20:00+00:00,1400.199951171875,1400.5999755859375,1398.0,1398.4000244140625,88269
2026-06-16 08:25:00+00:00,1404.800048828125,1405.0,1400.5999755859375,1400.5999755859375,200355
2026-06-16 08:30:00+00:00,1404.0,1405.0,1403.800048828125,1404.800048828125,551991
2026-06-16 08:35:00+00:00,1402.199951171875,1404.0,1401.800048828125,1404.0,33520
2026-06-16 08:40:00+00:00,1401.4000244140625,1402.4000244140625,1401.4000244140625,1402.199951171875,97211
2026-06-16 08:45:00+00:00,1402.0,1402.4000244140625,1401.199951171875,1401.4000244140625,34482
2026-06-16 08:50:00+00:00,1401.5999755859375,1402.199951171875,1400.5999755859375,1402.0,82343
2026-06-16 08:55:00+00:00,1400.0,1401.4000244140625,1399.199951171875,1401.4000244140625,114243
2026-06-16 09:00:00+00:00,1401.5999755859375,1401.800048828125,1399.5999755859375,1399.800048828125,93481
2026-06-16 09:05:00+00:00,1401.199951171875,1402.0,1400.0,1401.800048828125,33684
2026-06-16 09:10:00+00:00,1401.800048828125,1401.800048828125,1400.800048828125,1401.199951171875,40985
2026-06-16 09:15:00+00:00,1400.5999755859375,1402.4000244140625,1400.199951171875,1402.0,48740
2026-06-16 09:20:00+00:00,1401.27001953125,1401.800048828125,1399.4000244140625,1401.0,52588
2026-06-16 09:25:00+00:00,1402.0,1402.0,1400.4000244140625,1401.199951171875,42033
2026-06-16 09:30:00+00:00,1401.699951171875,1402.4000244140625,1401.4000244140625,1402.199951171875,34958
2026-06-16 09:35:00+00:00,1402.199951171875,1402.4000244140625,1401.0,1401.6700439453125,50681
2026-06-16 09:40:00+00:00,1401.0,1402.0,1400.800048828125,1401.800048828125,46821
2026-06-16 09:45:00+00:00,1402.0,1402.0699462890625,1400.800048828125,1400.800048828125,29424
2026-06-16 09:50:00+00:00,1402.4000244140625,1402.800048828125,1401.199951171875,1401.800048828125,27578
2026-06-16 09:55:00+00:00,1403.4000244140625,1404.0,1402.1400146484375,1402.199951171875,60552
2026-06-16 10:00:00+00:00,1402.41796875,1403.4000244140625,1402.0,1403.4000244140625,31976
2026-06-16 10:05:00+00:00,1404.800048828125,1404.800048828125,1402.5400390625,1402.800048828125,96107
2026-06-16 10:10:00+00:00,1402.4000244140625,1404.800048828125,1402.4000244140625,1404.800048828125,33601
2026-06-16 10:15:00+00:00,1402.4000244140625,1402.43798828125,1401.800048828125,1402.199951171875,10998
2026-06-16 10:20:00+00:00,1403.0,1403.0,1402.199951171875,1402.4000244140625,26472
2026-06-16 10:25:00+00:00,1401.8699951171875,1402.800048828125,1401.4000244140625,1402.800048828125,31553
2026-06-16 10:30:00+00:00,1402.5999755859375,1403.0,1401.800048828125,1401.800048828125,19150
2026-06-16 10:35:00+00:00,1403.4000244140625,1403.4000244140625,1402.199951171875,1402.800048828125,17349
2026-06-16 10:40:00+00:00,1406.9991455078125,1407.0,1402.5386962890625,1403.4599609375,1058119
2026-06-16 10:45:00+00:00,1407.5999755859375,1407.5999755859375,1406.5,1407.0,42781
2026-06-16 10:50:00+00:00,1407.199951171875,1408.0,1406.800048828125,1407.5999755859375,34847
2026-06-16 10:55:00+00:00,1406.699951171875,1407.199951171875,1406.5999755859375,1407.199951171875,60696
2026-06-16 11:00:00+00:00,1406.4000244140625,1406.800048828125,1405.800048828125,1406.7159423828125,36870
2026-06-16 11:05:00+00:00,1405.5999755859375,1407.0,1405.5999755859375,1406.5999755859375,19810
2026-06-16 11:10:00+00:00,1405.199951171875,1406.5999755859375,1405.0,1405.4000244140625,24869
2026-06-16 11:15:00+00:00,1406.293701171875,1406.800048828125,1404.5999755859375,1404.800048828125,23812
2026-06-16 11:20:00+00:00,1406.5999755859375,1407.0,1406.133056640625,1406.5999755859375,122181
2026-06-16 11:25:00+00:00,1406.5999755859375,1407.199951171875,1406.3399658203125,1406.800048828125,55830
2026-06-16 11:30:00+00:00,1407.199951171875,1407.800048828125,1406.3399658203125,1406.800048828125,30270
2026-06-16 11:35:00+00:00,1407.0,1407.800048828125,1406.4000244140625,1406.800048828125,28946
2026-06-16 11:40:00+00:00,1407.5999755859375,1408.0,1406.800048828125,1407.0,26195
2026-06-16 11:45:00+00:00,1407.800048828125,1408.0,1406.969970703125,1407.4000244140625,24346
2026-06-16 11:50:00+00:00,1408.4000244140625,1408.4000244140625,1407.4000244140625,1407.800048828125,24909
2026-06-16 11:55:00+00:00,1409.199951171875,1409.4000244140625,1408.199951171875,1408.4000244140625,27054
2026-06-16 12:00:00+00:00,1408.0,1408.800048828125,1387.199951171875,1408.800048828125,856420
2026-06-16 12:05:00+00:00,1408.4000244140625,1408.4000244140625,1387.199951171875,1408.0,1048056
2026-06-16 12:10:00+00:00,1408.800048828125,1409.199951171875,1408.0,1408.178955078125,34328
2026-06-16 12:15:00+00:00,1408.5999755859375,1409.199951171875,1408.199951171875,1408.800048828125,13590
2026-06-16 12:20:00+00:00,1407.0,1408.5999755859375,1406.199951171875,1408.5999755859375,28786
2026-06-16 12:25:00+00:00,1407.199951171875,1407.5999755859375,1406.4000244140625,1407.199951171875,24921
2026-06-16 12:30:00+00:00,1407.5999755859375,1408.0,1407.0,1407.4000244140625,72658
2026-06-16 12:35:00+00:00,1409.5999755859375,1409.5999755859375,1406.800048828125,1407.3470458984375,21658
2026-06-16 12:40:00+00:00,1408.199951171875,1409.800048828125,1408.0,1409.449951171875,25096
2026-06-16 12:45:00+00:00,1408.5999755859375,1408.5999755859375,1407.800048828125,1407.800048828125,42819
2026-06-16 12:50:00+00:00,1409.199951171875,1409.800048828125,1408.5999755859375,1408.800048828125,14978
2026-06-16 12:55:00+00:00,1407.5999755859375,1408.5999755859375,1407.4000244140625,1408.4000244140625,24295
2026-06-16 13:00:00+00:00,1408.800048828125,1408.800048828125,1407.3189697265625,1407.800048828125,32091
2026-06-16 13:05:00+00:00,1408.0,1409.199951171875,1407.800048828125,1408.800048828125,34564
2026-06-16 13:10:00+00:00,1408.199951171875,1408.5999755859375,1407.199951171875,1407.70703125,48967
2026-06-16 13:15:00+00:00,1406.800048828125,1408.5999755859375,1406.800048828125,1408.4000244140625,85139
2026-06-16 13:20:00+00:00,1407.5999755859375,1408.0,1406.800048828125,1406.800048828125,32095
2026-06-16 13:25:00+00:00,1410.199951171875,1410.800048828125,1407.5999755859375,1408.0,139273
2026-06-16 13:30:00+00:00,1412.4000244140625,1414.199951171875,1410.199951171875,1410.199951171875,257061
2026-06-16 13:35:00+00:00,1412.800048828125,1414.4000244140625,1410.0,1412.4000244140625,54654
2026-06-16 13:40:00+00:00,1412.199951171875,1413.4000244140625,1410.800048828125,1412.800048828125,67953
2026-06-16 13:45:00+00:00,1414.4000244140625,1414.4000244140625,1411.4000244140625,1412.4000244140625,64503
2026-06-16 13:50:00+00:00,1414.800048828125,1415.0,1413.800048828125,1414.4000244140625,119832
2026-06-16 13:55:00+00:00,1414.4000244140625,1415.0699462890625,1413.4000244140625,1414.800048828125,117599
2026-06-16 14:00:00+00:00,1417.4000244140625,1417.4000244140625,1414.0,1414.199951171875,94708
2026-06-16 14:05:00+00:00,1416.4000244140625,1418.0,1410.800048828125,1417.199951171875,82670
2026-06-16 14:10:00+00:00,1416.199951171875,1417.0,1415.4000244140625,1416.4000244140625,59221
2026-06-16 14:15:00+00:00,1414.0,1416.199951171875,1413.4000244140625,1416.199951171875,77723
2026-06-16 14:20:00+00:00,1412.1092529296875,1414.800048828125,1411.800048828125,1414.4000244140625,82219
2026-06-16 14:25:00+00:00,1410.800048828125,1413.5999755859375,1410.800048828125,1412.4000244140625,43200
2026-06-16 14:30:00+00:00,1408.800048828125,1411.199951171875,1407.9649658203125,1411.199951171875,90489
2026-06-16 14:35:00+00:00,1411.0,1414.4000244140625,1409.0,1409.0,47217
2026-06-16 14:40:00+00:00,1413.0,1414.4000244140625,1410.800048828125,1411.4000244140625,74069
2026-06-16 14:45:00+00:00,1411.800048828125,1413.199951171875,1411.4000244140625,1412.5999755859375,83065
2026-06-16 14:50:00+00:00,1411.800048828125,1412.4000244140625,1411.199951171875,1411.4000244140625,87199
2026-06-16 14:55:00+00:00,1410.800048828125,1415.3831787109375,1409.5999755859375,1411.4000244140625,280737
2026-06-16 15:00:00+00:00,1410.4000244140625,1411.4000244140625,1409.4000244140625,1410.4000244140625,84944
2026-06-16 15:05:00+00:00,1410.4000244140625,1417.5999755859375,1409.800048828125,1410.5999755859375,127958
2026-06-16 15:10:00+00:00,1409.8499755859375,1410.699951171875,1409.4000244140625,1410.4000244140625,112146
2026-06-16 15:15:00+00:00,1410.0,1417.5999755859375,1409.4000244140625,1409.800048828125,116019
2026-06-16 15:20:00+00:00,1409.0,1410.5999755859375,1409.0,1410.0999755859375,157385
2026-06-16 15:25:00+00:00,1409.199951171875,1413.199951171875,1408.800048828125,1409.199951171875,146682
2026-06-17 07:00:00+00:00,1412.0,1413.5999755859375,1410.199951171875,1413.199951171875,310436
2026-06-17 07:05:00+00:00,1411.199951171875,1413.199951171875,1409.5999755859375,1412.5999755859375,284891
2026-06-17 07:10:00+00:00,1412.5999755859375,1413.4000244140625,1410.800048828125,1411.199951171875,204278
2026-06-17 07:15:00+00:00,1411.9000244140625,1414.0,1411.5999755859375,1413.199951171875,218267
2026-06-17 07:20:00+00:00,1410.5999755859375,1412.199951171875,1410.4000244140625,1411.9000244140625,65706
2026-06-17 07:25:00+00:00,1410.4000244140625,1410.800048828125,1409.5999755859375,1410.5999755859375,55952
2026-06-17 07:30:00+00:00,1410.5999755859375,1411.4599609375,1410.241455078125,1410.800048828125,109350
2026-06-17 07:35:00+00:00,1411.4000244140625,1411.800048828125,1410.4000244140625,1410.5999755859375,181353
2026-06-17 07:40:00+00:00,1412.5999755859375,1412.800048828125,1411.199951171875,1411.4000244140625,214314
2026-06-17 07:45:00+00:00,1410.0,1412.199951171875,1409.800048828125,1412.199951171875,133876
2026-06-17 07:50:00+00:00,1409.4000244140625,1410.4000244140625,1408.800048828125,1409.800048828125,188347
2026-06-17 07:55:00+00:00,1410.0,1410.4000244140625,1408.800048828125,1409.199951171875,189106
2026-06-17 08:00:00+00:00,1409.800048828125,1410.800048828125,1409.0,1410.0,59452
2026-06-17 08:05:00+00:00,1411.199951171875,1411.5999755859375,1409.4000244140625,1409.800048828125,85094
2026-06-17 08:10:00+00:00,1412.0,1412.199951171875,1410.5999755859375,1411.0,37731
2026-06-17 08:15:00+00:00,1412.199951171875,1413.199951171875,1411.5999755859375,1411.800048828125,66609
2026-06-17 08:20:00+00:00,1412.800048828125,1412.800048828125,1410.800048828125,1412.4000244140625,65204
2026-06-17 08:25:00+00:00,1411.3602294921875,1413.199951171875,1411.0,1412.5999755859375,65603
2026-06-17 08:30:00+00:00,1411.0,1411.5999755859375,1410.0,1411.199951171875,21792
2026-06-17 08:35:00+00:00,1411.0,1413.0,1410.93994140625,1411.4000244140625,116386
2026-06-17 08:40:00+00:00,1413.0,1413.4000244140625,1410.800048828125,1411.0,34692
2026-06-17 08:45:00+00:00,1414.0,1414.800048828125,1412.5999755859375,1412.5999755859375,175418
2026-06-17 08:50:00+00:00,1415.199951171875,1415.199951171875,1412.7249755859375,1413.64599609375,386339
2026-06-17 08:55:00+00:00,1415.4000244140625,1416.0,1414.800048828125,1415.199951171875,34129
2026-06-17 09:00:00+00:00,1415.199951171875,1416.199951171875,1415.199951171875,1415.4000244140625,11728
2026-06-17 09:05:00+00:00,1415.4000244140625,1415.800048828125,1415.0,1415.5999755859375,17205
2026-06-17 09:10:00+00:00,1417.5999755859375,1418.0,1415.5999755859375,1415.5999755859375,85756
2026-06-17 09:15:00+00:00,1417.4000244140625,1418.800048828125,1417.199951171875,1417.800048828125,165065
2026-06-17 09:20:00+00:00,1418.800048828125,1418.800048828125,1417.199951171875,1417.4000244140625,15778
2026-06-17 09:25:00+00:00,1418.7900390625,1419.4000244140625,1418.0,1418.800048828125,11872
2026-06-17 09:30:00+00:00,1417.739990234375,1419.199951171875,1417.4000244140625,1418.800048828125,60794
2026-06-17 09:35:00+00:00,1416.8599853515625,1417.800048828125,1416.5400390625,1417.800048828125,38232
2026-06-17 09:40:00+00:00,1418.4000244140625,1418.4000244140625,1416.4000244140625,1416.5999755859375,18053
2026-06-17 09:45:00+00:00,1416.5999755859375,1418.199951171875,1416.5999755859375,1418.1700439453125,37704
2026-06-17 09:50:00+00:00,1416.5999755859375,1416.800048828125,1416.199951171875,1416.5999755859375,8545
2026-06-17 09:55:00+00:00,1417.5999755859375,1417.800048828125,1416.5999755859375,1416.800048828125,24923
2026-06-17 10:00:00+00:00,1418.4000244140625,1418.800048828125,1417.5999755859375,1418.0,20676
2026-06-17 10:05:00+00:00,1421.199951171875,1421.199951171875,1418.4000244140625,1418.4000244140625,73746
2026-06-17 10:10:00+00:00,1421.0,1421.800048828125,1420.199951171875,1421.199951171875,66054
2026-06-17 10:15:00+00:00,1421.5999755859375,1422.199951171875,1420.4000244140625,1421.199951171875,49224
2026-06-17 10:20:00+00:00,1423.199951171875,1424.0,1421.800048828125,1421.800048828125,20143
2026-06-17 10:25:00+00:00,1424.1400146484375,1424.199951171875,1423.0,1423.0,32829
2026-06-17 10:30:00+00:00,1424.5999755859375,1425.199951171875,1423.5400390625,1424.199951171875,12003
2026-06-17 10:35:00+00:00,1424.959716796875,1425.4000244140625,1423.5999755859375,1424.800048828125,57981
2026-06-17 10:40:00+00:00,1425.4000244140625,1425.6600341796875,1424.199951171875,1425.0,11781
2026-06-17 10:45:00+00:00,1426.5999755859375,1426.5999755859375,1425.0,1425.5999755859375,12237
2026-06-17 10:50:00+00:00,1425.119873046875,1427.0,1424.5999755859375,1426.800048828125,47765
2026-06-17 10:55:00+00:00,1424.800048828125,1426.0,1424.5400390625,1425.4000244140625,34071
2026-06-17 11:00:00+00:00,1424.800048828125,1425.0,1423.5999755859375,1424.5999755859375,49616
2026-06-17 11:05:00+00:00,1423.5999755859375,1425.0,1423.199951171875,1424.800048828125,17116
2026-06-17 11:10:00+00:00,1423.800048828125,1424.199951171875,1423.199951171875,1423.199951171875,15114
2026-06-17 11:15:00+00:00,1422.800048828125,1423.800048828125,1422.800048828125,1423.5999755859375,8995
2026-06-17 11:20:00+00:00,1424.4000244140625,1424.5999755859375,1422.800048828125,1422.8699951171875,16090
2026-06-17 11:25:00+00:00,1424.5999755859375,1425.0,1423.5999755859375,1424.199951171875,70001
2026-06-17 11:30:00+00:00,1424.0,1424.4471435546875,1423.5999755859375,1424.4471435546875,8700
2026-06-17 11:35:00+00:00,1425.5400390625,1425.5999755859375,1423.7403564453125,1423.7403564453125,16211
2026-06-17 11:40:00+00:00,1425.5999755859375,1425.800048828125,1424.800048828125,1425.4000244140625,15187
2026-06-17 11:45:00+00:00,1425.5999755859375,1426.0,1424.5999755859375,1425.800048828125,15609
2026-06-17 11:50:00+00:00,1424.469970703125,1426.4000244140625,1424.199951171875,1426.199951171875,11791
2026-06-17 11:55:00+00:00,1423.4000244140625,1424.4000244140625,1422.800048828125,1424.4000244140625,7918
2026-06-17 12:00:00+00:00,1423.5999755859375,1424.199951171875,1423.199951171875,1423.5999755859375,15477
2026-06-17 12:05:00+00:00,1424.4000244140625,1424.800048828125,1423.5999755859375,1423.5999755859375,14378
2026-06-17 12:10:00+00:00,1424.0,1425.199951171875,1423.5999755859375,1424.4000244140625,10973
2026-06-17 12:15:00+00:00,1424.155029296875,1424.199951171875,1423.5999755859375,1424.0,16193
2026-06-17 12:20:00+00:00,1422.800048828125,1424.0,1421.800048828125,1423.800048828125,35371
2026-06-17 12:25:00+00:00,1423.800048828125,1423.800048828125,1422.5999755859375,1423.0,19004
2026-06-17 12:30:00+00:00,1424.800048828125,1425.10400390625,1423.4000244140625,1423.800048828125,23223
2026-06-17 12:35:00+00:00,1424.0,1425.4000244140625,1424.0,1424.5999755859375,7212
2026-06-17 12:40:00+00:00,1423.4000244140625,1424.5999755859375,1423.4000244140625,1424.205810546875,25115
2026-06-17 12:45:00+00:00,1423.800048828125,1424.0,1423.4000244140625,1423.5,15136
2026-06-17 12:50:00+00:00,1422.800048828125,1424.4000244140625,1422.800048828125,1424.0,23780
2026-06-17 12:55:00+00:00,1423.199951171875,1423.4000244140625,1422.5999755859375,1422.96044921875,17672
2026-06-17 13:00:00+00:00,1423.8929443359375,1424.199951171875,1422.800048828125,1423.199951171875,44180
2026-06-17 13:05:00+00:00,1422.5999755859375,1423.4000244140625,1422.0,1423.4000244140625,11219
2026-06-17 13:10:00+00:00,1422.0,1422.800048828125,1421.5999755859375,1422.5999755859375,31293
2026-06-17 13:15:00+00:00,1421.5604248046875,1422.4000244140625,1421.4000244140625,1421.800048828125,6155
2026-06-17 13:20:00+00:00,1422.5999755859375,1422.5999755859375,1421.199951171875,1421.800048828125,15480
2026-06-17 13:25:00+00:00,1424.4000244140625,1425.0,1422.4000244140625,1422.5999755859375,41433
2026-06-17 13:30:00+00:00,1425.800048828125,1427.0699462890625,1423.0,1424.5999755859375,214007
2026-06-17 13:35:00+00:00,1424.5999755859375,1427.199951171875,1424.0,1425.5999755859375,50643
2026-06-17 13:40:00+00:00,1428.3399658203125,1429.5999755859375,1424.199951171875,1424.199951171875,89555
2026-06-17 13:45:00+00:00,1428.5999755859375,1429.0,1427.4000244140625,1428.199951171875,75085
2026-06-17 13:50:00+00:00,1430.199951171875,1430.4000244140625,1427.800048828125,1428.5999755859375,118580
2026-06-17 13:55:00+00:00,1430.0,1431.5999755859375,1429.0,1430.0,59509
2026-06-17 14:00:00+00:00,1431.800048828125,1432.199951171875,1428.800048828125,1429.5999755859375,90147
2026-06-17 14:05:00+00:00,1431.0,1433.0,1431.0,1432.0,97995
2026-06-17 14:10:00+00:00,1432.199951171875,1432.4000244140625,1430.5999755859375,1430.800048828125,93703
2026-06-17 14:15:00+00:00,1432.0,1432.5999755859375,1431.0,1432.5999755859375,52062
2026-06-17 14:20:00+00:00,1433.800048828125,1434.0,1431.5999755859375,1431.800048828125,67380
2026-06-17 14:25:00+00:00,1432.4000244140625,1434.199951171875,1432.0,1433.8819580078125,32702
2026-06-17 14:30:00+00:00,1431.800048828125,1432.0,1430.0,1432.0,55134
2026-06-17 14:35:00+00:00,1431.0,1433.0,1431.0,1432.199951171875,121179
2026-06-17 14:40:00+00:00,1431.199951171875,1431.199951171875,1430.1400146484375,1430.800048828125,69020
2026-06-17 14:45:00+00:00,1429.800048828125,1432.050048828125,1424.5999755859375,1431.0,671380
2026-06-17 14:50:00+00:00,1432.199951171875,1432.5999755859375,1429.5999755859375,1429.5999755859375,74991
2026-06-17 14:55:00+00:00,1430.4000244140625,1432.0,1429.800048828125,1431.800048828125,75956
2026-06-17 15:00:00+00:00,1429.800048828125,1431.800048828125,1429.199951171875,1430.2860107421875,122304
2026-06-17 15:05:00+00:00,1429.4000244140625,1430.4000244140625,1429.199951171875,1430.0,35747
2026-06-17 15:10:00+00:00,1429.4000244140625,1430.0,1428.4000244140625,1429.5999755859375,81592
2026-06-17 15:15:00+00:00,1431.4000244140625,1431.5999755859375,1429.199951171875,1429.4000244140625,119100
2026-06-17 15:20:00+00:00,1432.800048828125,1433.5999755859375,1431.800048828125,1431.800048828125,122940
2026-06-17 15:25:00+00:00,1432.199951171875,1432.800048828125,1431.0,1432.5999755859375,243684
2026-06-18 07:00:00+00:00,1433.0,1436.0,1430.0,1435.0,850929
2026-06-18 07:05:00+00:00,1432.4000244140625,1434.0,1430.984375,1433.199951171875,166816
2026-06-18 07:10:00+00:00,1432.4000244140625,1433.5999755859375,1430.0,1432.4000244140625,131329
2026-06-18 07:15:00+00:00,1429.5999755859375,1432.4000244140625,1428.4000244140625,1432.199951171875,47717
2026-06-18 07:20:00+00:00,1431.5999755859375,1431.5999755859375,1428.5999755859375,1429.800048828125,92226
2026-06-18 07:25:00+00:00,1430.199951171875,1431.4000244140625,1429.0,1431.199951171875,132805
2026-06-18 07:30:00+00:00,1431.0,1431.4000244140625,1428.8909912109375,1430.0,126021
2026-06-18 07:35:00+00:00,1428.800048828125,1433.199951171875,1428.5999755859375,1431.4000244140625,189597
2026-06-18 07:40:00+00:00,1429.0,1430.199951171875,1428.1468505859375,1428.5999755859375,59165
2026-06-18 07:45:00+00:00,1427.800048828125,1429.800048828125,1427.800048828125,1428.800048828125,121726
2026-06-18 07:50:00+00:00,1426.5999755859375,1428.199951171875,1426.199951171875,1428.199951171875,79772
2026-06-18 07:55:00+00:00,1428.4000244140625,1428.800048828125,1426.0,1426.5999755859375,36535
2026-06-18 08:00:00+00:00,1433.5999755859375,1434.4000244140625,1428.199951171875,1428.800048828125,789094
2026-06-18 08:05:00+00:00,1432.5999755859375,1434.4000244140625,1431.5999755859375,1433.5999755859375,93693
2026-06-18 08:10:00+00:00,1430.199951171875,1432.5999755859375,1430.199951171875,1432.260009765625,58243
2026-06-18 08:15:00+00:00,1429.5999755859375,1431.0,1428.800048828125,1429.800048828125,43993
2026-06-18 08:20:00+00:00,1430.5999755859375,1431.199951171875,1429.5999755859375,1430.0,21838
2026-06-18 08:25:00+00:00,1428.5999755859375,1430.800048828125,1428.5999755859375,1430.4000244140625,130689
2026-06-18 08:30:00+00:00,1428.199951171875,1429.800048828125,1427.816650390625,1428.4000244140625,34662
2026-06-18 08:35:00+00:00,1429.5400390625,1430.199951171875,1428.0,1428.0,10346
2026-06-18 08:40:00+00:00,1430.0,1430.5999755859375,1429.199951171875,1429.5999755859375,17928
2026-06-18 08:45:00+00:00,1428.5999755859375,1430.5999755859375,1428.0,1429.8699951171875,103581
2026-06-18 08:50:00+00:00,1429.0999755859375,1429.199951171875,1427.0,1428.4000244140625,80755
2026-06-18 08:55:00+00:00,1427.4000244140625,1429.5999755859375,1427.4000244140625,1429.0,96900
2026-06-18 09:00:00+00:00,1428.800048828125,1428.800048828125,1426.0,1427.0,18810
2026-06-18 09:05:00+00:00,1428.800048828125,1429.4000244140625,1428.199951171875,1428.800048828125,41744
2026-06-18 09:10:00+00:00,1429.800048828125,1429.800048828125,1426.0,1429.0,128180
2026-06-18 09:15:00+00:00,1431.5999755859375,1431.800048828125,1430.0,1430.199951171875,36169
2026-06-18 09:20:00+00:00,1429.9530029296875,1432.0,1429.5999755859375,1431.5999755859375,19796
2026-06-18 09:25:00+00:00,1431.0,1432.199951171875,1429.5999755859375,1429.800048828125,23811
2026-06-18 09:30:00+00:00,1427.800048828125,1431.0,1427.800048828125,1430.5999755859375,43017
2026-06-18 09:35:00+00:00,1430.4000244140625,1430.4000244140625,1427.0,1428.0,33914
2026-06-18 09:40:00+00:00,1430.0,1430.199951171875,1429.0,1430.199951171875,12183
2026-06-18 09:45:00+00:00,1431.800048828125,1432.199951171875,1430.0,1430.0,27438
2026-06-18 09:50:00+00:00,1431.199951171875,1432.800048828125,1431.199951171875,1432.0,24519
2026-06-18 09:55:00+00:00,1431.5999755859375,1431.5999755859375,1430.4000244140625,1430.4000244140625,9871
2026-06-18 10:00:00+00:00,1432.0,1432.199951171875,1430.800048828125,1431.800048828125,6306
2026-06-18 10:05:00+00:00,1431.5999755859375,1433.0,1431.199951171875,1432.0,38017
2026-06-18 10:10:00+00:00,1430.699951171875,1431.800048828125,1430.0,1431.5999755859375,27832
2026-06-18 10:15:00+00:00,1430.4000244140625,1431.0,1429.800048828125,1430.5999755859375,17416
2026-06-18 10:20:00+00:00,1429.0,1430.5,1429.0,1430.4000244140625,11437
2026-06-18 10:25:00+00:00,1430.5999755859375,1431.199951171875,1429.0,1429.199951171875,32312
2026-06-18 10:30:00+00:00,1430.4000244140625,1430.800048828125,1430.0,1430.4000244140625,20268
2026-06-18 10:35:00+00:00,1430.1522216796875,1430.800048828125,1430.0,1430.4000244140625,17120
2026-06-18 10:40:00+00:00,1429.199951171875,1430.5999755859375,1429.199951171875,1430.199951171875,23294
2026-06-18 10:45:00+00:00,1429.800048828125,1429.800048828125,1428.800048828125,1429.199951171875,14217
2026-06-18 10:50:00+00:00,1430.0,1430.0,1428.5999755859375,1429.699951171875,12553
2026-06-18 10:55:00+00:00,1430.0,1430.199951171875,1429.5999755859375,1430.0,290127
2026-06-18 11:00:00+00:00,1430.4000244140625,1430.800048828125,1428.5999755859375,1430.0,25291
2026-06-18 11:05:00+00:00,1428.199951171875,1430.199951171875,1428.0,1430.0,9685
2026-06-18 11:10:00+00:00,1428.5999755859375,1430.1055908203125,1427.800048828125,1428.4000244140625,298198
2026-06-18 11:15:00+00:00,1428.4000244140625,1428.800048828125,1428.199951171875,1428.4000244140625,10368
2026-06-18 11:20:00+00:00,1429.0,1429.199951171875,1428.199951171875,1428.4000244140625,7068
2026-06-18 11:25:00+00:00,1428.199951171875,1428.5999755859375,1427.199951171875,1428.4000244140625,13606
2026-06-18 11:30:00+00:00,1428.5999755859375,1428.800048828125,1427.5999755859375,1428.0,26970
2026-06-18 11:35:00+00:00,1427.5999755859375,1428.5999755859375,1427.4000244140625,1428.4000244140625,4054
2026-06-18 11:40:00+00:00,1427.4000244140625,1427.4000244140625,1426.199951171875,1427.4000244140625,13549
2026-06-18 11:45:00+00:00,1427.4000244140625,1427.4000244140625,1426.5999755859375,1427.199951171875,9825
2026-06-18 11:50:00+00:00,1428.800048828125,1428.800048828125,1427.1995849609375,1427.199951171875,11674
2026-06-18 11:55:00+00:00,1430.800048828125,1430.800048828125,1428.595947265625,1428.595947265625,14084
2026-06-18 12:00:00+00:00,1430.800048828125,1431.4979248046875,1430.5999755859375,1431.199951171875,10270
2026-06-18 12:05:00+00:00,1431.800048828125,1432.0,1430.5999755859375,1431.199951171875,9816
2026-06-18 12:10:00+00:00,1434.199951171875,1434.199951171875,1431.800048828125,1431.800048828125,11953
2026-06-18 12:15:00+00:00,1435.0,1435.4000244140625,1434.0,1434.0,45061
2026-06-18 12:20:00+00:00,1433.9996337890625,1435.199951171875,1433.4000244140625,1435.0,13783
2026-06-18 12:25:00+00:00,1433.699951171875,1434.0,1432.5999755859375,1433.5999755859375,20014
2026-06-18 12:30:00+00:00,1433.199951171875,1434.0,1432.5999755859375,1434.0,20124
2026-06-18 12:35:00+00:00,1434.5999755859375,1435.0,1432.800048828125,1433.4000244140625,19559
2026-06-18 12:40:00+00:00,1433.5999755859375,1435.0,1433.5999755859375,1434.5999755859375,13869
2026-06-18 12:45:00+00:00,1435.0,1435.0,1433.0,1433.800048828125,22586
2026-06-18 12:50:00+00:00,1435.800048828125,1436.199951171875,1430.0,1434.5999755859375,73316
2026-06-18 12:55:00+00:00,1434.800048828125,1436.0,1429.0,1435.4000244140625,19959
2026-06-18 13:00:00+00:00,1434.4000244140625,1436.4000244140625,1433.5849609375,1434.800048828125,31380
2026-06-18 13:05:00+00:00,1434.199951171875,1435.199951171875,1434.199951171875,1434.4000244140625,10590
2026-06-18 13:10:00+00:00,1432.199951171875,1433.800048828125,1426.0,1433.800048828125,34193
2026-06-18 13:15:00+00:00,1432.0,1432.800048828125,1428.800048828125,1432.4000244140625,24783
2026-06-18 13:20:00+00:00,1432.199951171875,1433.199951171875,1431.5999755859375,1432.0,38050
2026-06-18 13:25:00+00:00,1434.5999755859375,1434.800048828125,1432.1400146484375,1432.4000244140625,70174
2026-06-18 13:30:00+00:00,1435.3402099609375,1437.0,1434.5999755859375,1434.5999755859375,250961
2026-06-18 13:35:00+00:00,1431.199951171875,1436.5999755859375,1431.199951171875,1435.199951171875,64631
2026-06-18 13:40:00+00:00,1432.5999755859375,1433.199951171875,1431.199951171875,1431.800048828125,32038
2026-06-18 13:45:00+00:00,1433.199951171875,1433.199951171875,1430.0,1432.4000244140625,41972
2026-06-18 13:50:00+00:00,1433.0,1434.199951171875,1432.0,1433.0,53912
2026-06-18 13:55:00+00:00,1434.4000244140625,1435.0,1432.4000244140625,1432.5999755859375,58525
2026-06-18 14:00:00+00:00,1432.5999755859375,1434.199951171875,1431.4000244140625,1434.199951171875,50717
2026-06-18 14:05:00+00:00,1431.0,1434.0,1429.800048828125,1432.5999755859375,120304
2026-06-18 14:10:00+00:00,1432.0,1432.800048828125,1429.5999755859375,1430.800048828125,106579
2026-06-18 14:15:00+00:00,1433.800048828125,1434.199951171875,1431.199951171875,1432.0,70037
2026-06-18 14:20:00+00:00,1435.4000244140625,1435.800048828125,1433.199951171875,1434.0,94477
2026-06-18 14:25:00+00:00,1436.199951171875,1436.5999755859375,1435.0,1435.3590087890625,133868
2026-06-18 14:30:00+00:00,1436.0,1436.23974609375,1435.0,1436.0,68049
2026-06-18 14:35:00+00:00,1436.4000244140625,1436.4000244140625,1435.199951171875,1436.0,69463
2026-06-18 14:40:00+00:00,1440.4000244140625,1440.5999755859375,1436.4000244140625,1436.4000244140625,218440
2026-06-18 14:45:00+00:00,1439.4000244140625,1440.800048828125,1438.4000244140625,1440.199951171875,129012
2026-06-18 14:50:00+00:00,1439.5999755859375,1441.0,1439.5999755859375,1439.800048828125,101924
2026-06-18 14:55:00+00:00,1440.800048828125,1441.4000244140625,1439.199951171875,1439.5999755859375,95999
2026-06-18 15:00:00+00:00,1438.800048828125,1441.4000244140625,1438.4000244140625,1440.5999755859375,104805
2026-06-18 15:05:00+00:00,1438.27001953125,1439.199951171875,1437.0,1438.5999755859375,73614
2026-06-18 15:10:00+00:00,1435.5999755859375,1438.4000244140625,1435.5999755859375,1438.199951171875,164106
2026-06-18 15:15:00+00:00,1435.0,1436.4000244140625,1434.5999755859375,1435.800048828125,225976
2026-06-18 15:20:00+00:00,1435.0,1436.0,1434.5999755859375,1435.199951171875,191939
2026-06-18 15:25:00+00:00,1435.4000244140625,1436.0,1433.800048828125,1435.199951171875,385808
2026-06-19 07:00:00+00:00,1434.5999755859375,1434.5999755859375,1422.5999755859375,1423.0,0
2026-06-19 07:05:00+00:00,1437.4000244140625,1437.4000244140625,1432.199951171875,1433.800048828125,21881
2026-06-19 07:10:00+00:00,1439.0,1441.199951171875,1436.4000244140625,1436.800048828125,139881
2026-06-19 07:15:00+00:00,1437.0,1439.0,1436.5999755859375,1438.5999755859375,90290
2026-06-19 07:20:00+00:00,1436.0,1437.4000244140625,1435.199951171875,1436.5999755859375,70671
2026-06-19 07:25:00+00:00,1435.800048828125,1436.800048828125,1435.0,1435.5999755859375,59473
2026-06-19 07:30:00+00:00,1436.5999755859375,1437.4000244140625,1435.4339599609375,1435.800048828125,106084
2026-06-19 07:35:00+00:00,1436.4000244140625,1436.800048828125,1435.0,1436.4000244140625,6770
2026-06-19 07:40:00+00:00,1436.800048828125,1437.5999755859375,1435.800048828125,1436.4000244140625,26615
2026-06-19 07:45:00+00:00,1438.199951171875,1438.5999755859375,1437.4000244140625,1437.5999755859375,24492
2026-06-19 07:50:00+00:00,1439.199951171875,1439.5999755859375,1437.4000244140625,1438.199951171875,38320
2026-06-19 07:55:00+00:00,1439.5999755859375,1440.0,1439.0,1439.4000244140625,18546
2026-06-19 08:00:00+00:00,1436.0,1439.800048828125,1435.800048828125,1439.199951171875,52114
2026-06-19 08:05:00+00:00,1436.199951171875,1436.5999755859375,1435.800048828125,1436.5999755859375,9129
2026-06-19 08:10:00+00:00,1437.199951171875,1437.4000244140625,1435.800048828125,1436.4000244140625,10219
2026-06-19 08:15:00+00:00,1437.800048828125,1438.592041015625,1437.199951171875,1437.199951171875,8853
2026-06-19 08:20:00+00:00,1437.4000244140625,1438.0,1436.199951171875,1437.5999755859375,7525
2026-06-19 08:25:00+00:00,1438.800048828125,1439.800048828125,1437.0,1437.199951171875,19139
2026-06-19 08:30:00+00:00,1438.199951171875,1438.991943359375,1436.5999755859375,1438.991943359375,20342
2026-06-19 08:35:00+00:00,1437.5999755859375,1438.199951171875,1437.199951171875,1437.4000244140625,4110
2026-06-19 08:40:00+00:00,1439.800048828125,1439.800048828125,1437.199951171875,1437.4000244140625,26461
2026-06-19 08:45:00+00:00,1439.5999755859375,1440.0,1438.199951171875,1439.5999755859375,31273
2026-06-19 08:50:00+00:00,1440.0,1440.0,1438.5999755859375,1439.800048828125,11357
2026-06-19 08:55:00+00:00,1440.800048828125,1440.800048828125,1439.800048828125,1440.0,23630
2026-06-19 09:00:00+00:00,1438.800048828125,1442.199951171875,1438.800048828125,1440.5999755859375,229491
2026-06-19 09:05:00+00:00,1438.199951171875,1438.800048828125,1437.199951171875,1438.4000244140625,30606
2026-06-19 09:10:00+00:00,1653.4000244140625,1653.4000244140625,1653.4000244140625,1653.4000244140625,496
2026-06-19 09:15:00+00:00,1435.800048828125,1436.0,1433.5999755859375,1434.0,8876166
2026-06-19 09:20:00+00:00,1434.4000244140625,1436.0059814453125,1433.199951171875,1435.800048828125,83435
2026-06-19 09:25:00+00:00,1434.199951171875,1434.5999755859375,1433.5999755859375,1434.5999755859375,14110
2026-06-19 09:30:00+00:00,1432.5,1434.5999755859375,1431.800048828125,1433.800048828125,33988
2026-06-19 09:35:00+00:00,1432.5999755859375,1433.0,1431.4000244140625,1432.4000244140625,10893
2026-06-19 09:40:00+00:00,1434.0,1434.800048828125,1432.4000244140625,1432.800048828125,16232
2026-06-19 09:45:00+00:00,1432.800048828125,1434.4000244140625,1432.800048828125,1434.199951171875,33869
2026-06-19 09:50:00+00:00,1434.199951171875,1436.0,1432.800048828125,1433.0,350174
2026-06-19 09:55:00+00:00,1433.5999755859375,1435.0,1433.5999755859375,1433.800048828125,430591
2026-06-19 10:00:00+00:00,1433.800048828125,1434.5999755859375,1433.5999755859375,1434.0,232594
2026-06-19 10:05:00+00:00,1435.4000244140625,1435.800048828125,1433.199951171875,1433.6500244140625,66016
2026-06-19 10:10:00+00:00,1435.5999755859375,1436.4000244140625,1435.0,1435.199951171875,34220
2026-06-19 10:15:00+00:00,1434.4000244140625,1435.4000244140625,1434.0,1435.4000244140625,33127
2026-06-19 10:20:00+00:00,1434.4000244140625,1435.0,1434.0,1434.0,8262
2026-06-19 10:25:00+00:00,1434.0,1435.0,1433.800048828125,1434.1400146484375,11978
2026-06-19 10:30:00+00:00,1434.0,1434.199951171875,1433.4000244140625,1434.199951171875,10805
2026-06-19 10:35:00+00:00,1432.800048828125,1434.0,1432.800048828125,1433.800048828125,215580
2026-06-19 10:40:00+00:00,1434.5999755859375,1434.5999755859375,1432.5999755859375,1433.0,51357
2026-06-19 10:45:00+00:00,1436.5999755859375,1436.5999755859375,1434.199951171875,1434.5999755859375,45842
2026-06-19 10:50:00+00:00,1436.4000244140625,1437.199951171875,1436.199951171875,1436.4000244140625,38069
2026-06-19 10:55:00+00:00,1433.0,1436.1976318359375,1432.800048828125,1436.1976318359375,56146
2026-06-19 11:00:00+00:00,1431.4000244140625,1432.800048828125,1429.4000244140625,1432.800048828125,66833
2026-06-19 11:05:00+00:00,1432.0,1432.4000244140625,1430.800048828125,1431.4000244140625,58436
2026-06-19 11:10:00+00:00,1430.5999755859375,1430.800048828125,1423.0,1430.800048828125,363499
2026-06-19 11:15:00+00:00,1430.5999755859375,1431.0,1429.5999755859375,1430.800048828125,23008
2026-06-19 11:20:00+00:00,1430.5999755859375,1431.4029541015625,1430.4000244140625,1430.800048828125,5170
2026-06-19 11:25:00+00:00,1429.800048828125,1430.800048828125,1429.4000244140625,1430.4000244140625,15847
2026-06-19 11:30:00+00:00,1430.4000244140625,1430.800048828125,1429.4000244140625,1429.4000244140625,24124
2026-06-19 11:35:00+00:00,1430.199951171875,1430.199951171875,1429.0,1429.800048828125,8347
2026-06-19 11:40:00+00:00,1430.199951171875,1430.800048828125,1430.199951171875,1430.199951171875,4170
2026-06-19 11:45:00+00:00,1429.800048828125,1430.800048828125,1429.800048828125,1430.4000244140625,12935
2026-06-19 11:50:00+00:00,1428.5999755859375,1430.4000244140625,1428.5999755859375,1429.800048828125,15628
2026-06-19 11:55:00+00:00,1430.0,1430.199951171875,1428.4000244140625,1429.0,5257
2026-06-19 12:00:00+00:00,1430.5999755859375,1431.0,1429.800048828125,1429.800048828125,28567
2026-06-19 12:05:00+00:00,1431.5999755859375,1431.5999755859375,1430.4000244140625,1430.5999755859375,16279
2026-06-19 12:10:00+00:00,1431.4000244140625,1432.199951171875,1431.0,1431.4000244140625,15203
2026-06-19 12:15:00+00:00,1429.5999755859375,1431.5999755859375,1429.4000244140625,1431.4000244140625,15063
2026-06-19 12:20:00+00:00,1430.800048828125,1430.800048828125,1429.0,1429.5999755859375,24422
2026-06-19 12:25:00+00:00,1429.4000244140625,1430.800048828125,1429.4000244140625,1430.800048828125,2615
2026-06-19 12:30:00+00:00,1429.5999755859375,1430.0,1429.4000244140625,1429.4000244140625,89988
2026-06-19 12:35:00+00:00,1429.0,1429.0,1427.0,1429.0,43897
2026-06-19 12:40:00+00:00,1430.800048828125,1431.0,1428.4000244140625,1428.4000244140625,10318
2026-06-19 12:45:00+00:00,1430.5999755859375,1431.800048828125,1430.5999755859375,1431.0,4870
2026-06-19 12:50:00+00:00,1435.5999755859375,1436.4000244140625,1430.5999755859375,1430.5999755859375,50063
2026-06-19 12:55:00+00:00,1436.199951171875,1437.0,1435.4000244140625,1435.5999755859375,7220
2026-06-19 13:00:00+00:00,1434.5999755859375,1436.5999755859375,1434.199951171875,1436.199951171875,24519
2026-06-19 13:05:00+00:00,1435.199951171875,1435.5999755859375,1423.0,1434.800048828125,7181510
2026-06-19 13:10:00+00:00,1435.232177734375,1436.0,1435.0,1435.4000244140625,13349
2026-06-19 13:15:00+00:00,1434.407958984375,1435.4000244140625,1433.800048828125,1435.4000244140625,18060
2026-06-19 13:20:00+00:00,1435.4000244140625,1435.5999755859375,1434.199951171875,1434.4000244140625,25473
2026-06-19 13:25:00+00:00,1434.4000244140625,1435.800048828125,1434.4000244140625,1435.199951171875,38304
2026-06-19 13:30:00+00:00,1433.800048828125,1435.0,1433.5999755859375,1434.800048828125,31453
2026-06-19 13:35:00+00:00,1434.199951171875,1435.0,1433.5999755859375,1434.0,31971
2026-06-19 13:40:00+00:00,1433.5999755859375,1434.5999755859375,1433.5999755859375,1434.4000244140625,34455
2026-06-19 13:45:00+00:00,1435.199951171875,1435.5999755859375,1433.4000244140625,1433.800048828125,21558
2026-06-19 13:50:00+00:00,1434.199951171875,1435.199951171875,1433.800048828125,1435.199951171875,17643
2026-06-19 13:55:00+00:00,1434.3690185546875,1434.800048828125,1433.8800048828125,1434.0,11516
2026-06-19 14:00:00+00:00,1435.5999755859375,1435.5999755859375,1433.199951171875,1434.800048828125,11694
2026-06-19 14:05:00+00:00,1435.1600341796875,1436.4000244140625,1435.0,1436.0,16555
2026-06-19 14:10:00+00:00,1436.5999755859375,1436.800048828125,1435.199951171875,1435.4000244140625,22704
2026-06-19 14:15:00+00:00,1436.0,1436.199951171875,1435.0,1436.199951171875,13437
2026-06-19 14:20:00+00:00,1436.800048828125,1436.800048828125,1436.0,1436.0,36695
2026-06-19 14:25:00+00:00,1437.260009765625,1437.260009765625,1435.5999755859375,1436.4000244140625,43316
2026-06-19 14:30:00+00:00,1436.199951171875,1437.4000244140625,1436.199951171875,1437.199951171875,23558
2026-06-19 14:35:00+00:00,1437.800048828125,1437.800048828125,1436.199951171875,1436.199951171875,20353
2026-06-19 14:40:00+00:00,1435.0,1437.4000244140625,1435.0,1437.4000244140625,9142
2026-06-19 14:45:00+00:00,1434.4000244140625,1435.4000244140625,1434.300048828125,1435.199951171875,25248
2026-06-19 14:50:00+00:00,1434.47998046875,1435.199951171875,1434.199951171875,1434.530029296875,18757
2026-06-19 14:55:00+00:00,1432.800048828125,1434.5999755859375,1432.72998046875,1434.5999755859375,35656
2026-06-19 15:00:00+00:00,1433.4000244140625,1433.5999755859375,1432.199951171875,1433.199951171875,44024
2026-06-19 15:05:00+00:00,1432.800048828125,1434.0,1432.800048828125,1433.199951171875,28078
2026-06-19 15:10:00+00:00,1432.300048828125,1433.5999755859375,1432.0,1432.800048828125,42024
2026-06-19 15:15:00+00:00,1430.800048828125,1432.5999755859375,1430.800048828125,1432.4000244140625,335896
2026-06-19 15:20:00+00:00,1430.800048828125,1431.5999755859375,1430.5,1430.800048828125,67512
2026-06-19 15:25:00+00:00,1428.4000244140625,1430.800048828125,1428.199951171875,1430.800048828125,90128
2026-06-22 07:00:00+00:00,1435.800048828125,1438.0,1433.4000244140625,1435.0,0
2026-06-22 07:05:00+00:00,1434.4000244140625,1438.0,1433.5999755859375,1435.199951171875,100330
2026-06-22 07:10:00+00:00,1432.800048828125,1436.0,1431.199951171875,1434.5999755859375,145137
2026-06-22 07:15:00+00:00,1431.0,1433.0,1430.199951171875,1433.0,102810
2026-06-22 07:20:00+00:00,1433.0,1433.5999755859375,1431.0,1431.260009765625,252353
2026-06-22 07:25:00+00:00,1433.800048828125,1435.199951171875,1432.4000244140625,1432.800048828125,171027
2026-06-22 07:30:00+00:00,1431.800048828125,1434.5999755859375,1431.199951171875,1433.5999755859375,80815
2026-06-22 07:35:00+00:00,1433.800048828125,1434.0,1431.5999755859375,1431.5999755859375,81135
2026-06-22 07:40:00+00:00,1432.5999755859375,1433.800048828125,1431.780029296875,1433.5999755859375,44528
2026-06-22 07:45:00+00:00,1431.5999755859375,1432.800048828125,1431.5999755859375,1432.800048828125,50896
2026-06-22 07:50:00+00:00,1431.4000244140625,1432.4000244140625,1431.199951171875,1431.5999755859375,64638
2026-06-22 07:55:00+00:00,1432.800048828125,1433.199951171875,1431.199951171875,1431.4000244140625,239548
2026-06-22 08:00:00+00:00,1432.5999755859375,1433.0,1431.4000244140625,1433.0,64634
2026-06-22 08:05:00+00:00,1433.800048828125,1434.0,1432.0,1432.5999755859375,48411
2026-06-22 08:10:00+00:00,1433.4000244140625,1433.5999755859375,1431.5999755859375,1433.5999755859375,9948
2026-06-22 08:15:00+00:00,1433.0,1434.2099609375,1433.0,1433.5999755859375,19032
2026-06-22 08:20:00+00:00,1434.199951171875,1434.5999755859375,1433.0,1433.0,28284
2026-06-22 08:25:00+00:00,1433.8419189453125,1434.5999755859375,1433.4000244140625,1434.0,17694
2026-06-22 08:30:00+00:00,1432.5999755859375,1433.4000244140625,1431.800048828125,1433.4000244140625,1388
2026-06-22 08:35:00+00:00,1433.199951171875,1433.800048828125,1432.199951171875,1432.800048828125,5977
2026-06-22 08:40:00+00:00,1434.5999755859375,1434.699951171875,1432.800048828125,1433.4000244140625,17657
2026-06-22 08:45:00+00:00,1434.5999755859375,1435.0,1434.0,1434.5999755859375,5725
2026-06-22 08:50:00+00:00,1434.0,1434.800048828125,1434.0,1434.5999755859375,4824
2026-06-22 08:55:00+00:00,1433.4000244140625,1434.800048828125,1433.4000244140625,1434.0,9732
2026-06-22 09:00:00+00:00,1434.800048828125,1435.199951171875,1433.0,1434.199951171875,15121
2026-06-22 09:05:00+00:00,1435.5999755859375,1436.199951171875,1434.4000244140625,1435.0,19417
2026-06-22 09:10:00+00:00,1438.0,1438.0,1435.199951171875,1435.637939453125,26890
2026-06-22 09:15:00+00:00,1437.199951171875,1438.0,1436.5999755859375,1437.5999755859375,6447
2026-06-22 09:20:00+00:00,1436.800048828125,1437.800048828125,1436.0,1436.800048828125,32747
2026-06-22 09:25:00+00:00,1437.5999755859375,1438.0,1436.800048828125,1437.0,14327
2026-06-22 09:30:00+00:00,1438.199951171875,1438.4000244140625,1437.0,1437.5999755859375,29063
2026-06-22 09:35:00+00:00,1437.0,1437.800048828125,1436.5999755859375,1437.800048828125,32952
2026-06-22 09:40:00+00:00,1436.4000244140625,1437.199951171875,1436.0,1437.0,20331
2026-06-22 09:45:00+00:00,1436.800048828125,1437.56201171875,1436.4000244140625,1436.5999755859375,8096
2026-06-22 09:50:00+00:00,1436.5999755859375,1436.800048828125,1436.0,1436.5999755859375,29458
2026-06-22 09:55:00+00:00,1437.0,1437.0,1436.199951171875,1436.4000244140625,13525
2026-06-22 10:00:00+00:00,1439.0,1439.199951171875,1436.5999755859375,1436.5999755859375,55568
2026-06-22 10:05:00+00:00,1439.5999755859375,1439.800048828125,1438.5999755859375,1439.0,23006
2026-06-22 10:10:00+00:00,1438.800048828125,1439.800048828125,1438.4000244140625,1439.199951171875,17677
2026-06-22 10:15:00+00:00,1441.5,1441.5,1438.5999755859375,1438.5999755859375,35506
2026-06-22 10:20:00+00:00,1442.0,1442.800048828125,1441.0,1441.5999755859375,34835
2026-06-22 10:25:00+00:00,1442.0,1442.0,1441.4000244140625,1441.800048828125,24067
2026-06-22 10:30:00+00:00,1442.0,1442.800048828125,1441.199951171875,1442.0,23568
2026-06-22 10:35:00+00:00,1442.4000244140625,1443.5999755859375,1441.5999755859375,1441.800048828125,23497
2026-06-22 10:40:00+00:00,1442.199951171875,1442.4000244140625,1441.0,1442.4000244140625,48519
2026-06-22 10:45:00+00:00,1442.800048828125,1443.5999755859375,1442.199951171875,1442.4000244140625,17646
2026-06-22 10:50:00+00:00,1443.4000244140625,1444.0999755859375,1442.800048828125,1443.199951171875,79066
2026-06-22 10:55:00+00:00,1444.0,1444.5999755859375,1443.199951171875,1443.5999755859375,17591
2026-06-22 11:00:00+00:00,1445.800048828125,1445.800048828125,1444.0909423828125,1444.199951171875,37867
2026-06-22 11:05:00+00:00,1447.0,1447.4000244140625,1445.5999755859375,1445.5999755859375,72572
2026-06-22 11:10:00+00:00,1444.0,1447.199951171875,1444.0,1447.0,27359
2026-06-22 11:15:00+00:00,1445.199951171875,1446.0,1444.0,1444.0,13547
2026-06-22 11:20:00+00:00,1444.4000244140625,1445.4000244140625,1444.199951171875,1445.0,19512
2026-06-22 11:25:00+00:00,1444.4000244140625,1444.800048828125,1443.4000244140625,1443.800048828125,10627
2026-06-22 11:30:00+00:00,1445.1600341796875,1445.199951171875,1444.0,1444.4000244140625,22045
2026-06-22 11:35:00+00:00,1445.16015625,1445.199951171875,1443.5999755859375,1444.800048828125,12612
2026-06-22 11:40:00+00:00,1446.800048828125,1447.0,1445.4000244140625,1445.4000244140625,18093
2026-06-22 11:45:00+00:00,1446.800048828125,1447.199951171875,1445.4000244140625,1447.0,20168
2026-06-22 11:50:00+00:00,1446.5999755859375,1446.800048828125,1446.0,1446.5604248046875,15738
2026-06-22 11:55:00+00:00,1448.800048828125,1448.800048828125,1446.5999755859375,1446.5999755859375,61333
2026-06-22 12:00:00+00:00,1448.5999755859375,1449.5999755859375,1448.4000244140625,1448.800048828125,34711
2026-06-22 12:05:00+00:00,1451.5999755859375,1452.0,1448.800048828125,1449.199951171875,162994
2026-06-22 12:10:00+00:00,1450.800048828125,1451.5999755859375,1450.800048828125,1451.4000244140625,26277
2026-06-22 12:15:00+00:00,1451.275146484375,1452.0,1450.800048828125,1450.800048828125,28335
2026-06-22 12:20:00+00:00,1452.0,1452.199951171875,1451.0,1451.199951171875,22307
2026-06-22 12:25:00+00:00,1451.4000244140625,1452.199951171875,1451.0,1452.0,10993
2026-06-22 12:30:00+00:00,1451.0799560546875,1451.5999755859375,1450.199951171875,1451.199951171875,21355
2026-06-22 12:35:00+00:00,1451.4000244140625,1451.5999755859375,1450.5999755859375,1450.5999755859375,9098
2026-06-22 12:40:00+00:00,1451.0,1451.5999755859375,1449.800048828125,1451.4000244140625,18142
2026-06-22 12:45:00+00:00,1452.4000244140625,1452.5999755859375,1435.0,1451.199951171875,2418335
2026-06-22 12:50:00+00:00,1452.199951171875,1453.0,1452.0,1452.5999755859375,27900
2026-06-22 12:55:00+00:00,1451.0,1452.800048828125,1450.5999755859375,1452.1002197265625,33288
2026-06-22 13:00:00+00:00,1454.199951171875,1455.800048828125,1451.0,1451.199951171875,77274
2026-06-22 13:05:00+00:00,1452.0,1454.5999755859375,1451.4000244140625,1454.4000244140625,42267
2026-06-22 13:10:00+00:00,1453.199951171875,1453.800048828125,1451.800048828125,1452.199951171875,16225
2026-06-22 13:15:00+00:00,1451.4000244140625,1453.0,1451.199951171875,1452.960205078125,62581
2026-06-22 13:20:00+00:00,1450.4000244140625,1451.800048828125,1450.199951171875,1451.5999755859375,30541
2026-06-22 13:25:00+00:00,1454.800048828125,1455.5999755859375,1450.0,1450.4000244140625,48446
2026-06-22 13:30:00+00:00,1454.4000244140625,1455.4000244140625,1451.199951171875,1454.5999755859375,223299
2026-06-22 13:35:00+00:00,1453.4000244140625,1455.0,1451.5999755859375,1454.241455078125,55941
2026-06-22 13:40:00+00:00,1452.199951171875,1454.800048828125,1451.5999755859375,1453.5999755859375,128516
2026-06-22 13:45:00+00:00,1453.8004150390625,1454.4000244140625,1451.0,1451.5999755859375,209177
2026-06-22 13:50:00+00:00,1453.800048828125,1454.800048828125,1452.800048828125,1453.800048828125,101255
2026-06-22 13:55:00+00:00,1453.4000244140625,1455.800048828125,1453.4000244140625,1454.0,249942
2026-06-22 14:00:00+00:00,1454.5999755859375,1454.600341796875,1452.0,1453.0,100874
2026-06-22 14:05:00+00:00,1454.800048828125,1454.800048828125,1452.199951171875,1454.4000244140625,96978
2026-06-22 14:10:00+00:00,1454.800048828125,1455.0,1452.800048828125,1454.5999755859375,78548
2026-06-22 14:15:00+00:00,1453.0,1455.199951171875,1452.4000244140625,1454.800048828125,42635
2026-06-22 14:20:00+00:00,1453.4000244140625,1454.4000244140625,1452.4000244140625,1452.800048828125,77845
2026-06-22 14:25:00+00:00,1453.0,1453.800048828125,1452.0,1453.0,57728
2026-06-22 14:30:00+00:00,1452.199951171875,1454.0,1452.0,1452.5999755859375,105767
2026-06-22 14:35:00+00:00,1453.5999755859375,1454.0,1452.800048828125,1453.4000244140625,51284
2026-06-22 14:40:00+00:00,1453.0,1454.199951171875,1453.0,1453.5,92978
2026-06-22 14:45:00+00:00,1455.4000244140625,1455.5999755859375,1453.199951171875,1453.4000244140625,130662
2026-06-22 14:50:00+00:00,1454.5999755859375,1455.800048828125,1454.5999755859375,1455.199951171875,104270
2026-06-22 14:55:00+00:00,1455.5999755859375,1455.800048828125,1454.5999755859375,1454.5999755859375,115430
2026-06-22 15:00:00+00:00,1454.47998046875,1455.800048828125,1454.199951171875,1455.199951171875,51094
2026-06-22 15:05:00+00:00,1454.0,1454.5999755859375,1453.0,1454.0,103455
2026-06-22 15:10:00+00:00,1455.199951171875,1456.0,1454.0,1454.199951171875,35768
2026-06-22 15:15:00+00:00,1454.199951171875,1455.5999755859375,1454.199951171875,1455.5999755859375,83196
2026-06-22 15:20:00+00:00,1454.199951171875,1454.4000244140625,1453.199951171875,1454.4000244140625,146696
2026-06-22 15:25:00+00:00,1454.4000244140625,1454.5999755859375,1453.0,1454.199951171875,186861
2026-06-23 07:00:00+00:00,1427.5999755859375,1432.4000244140625,1426.0,1429.4000244140625,678309
2026-06-23 07:05:00+00:00,1433.800048828125,1434.4000244140625,1426.800048828125,1427.5999755859375,235425
2026-06-23 07:10:00+00:00,1434.0,1434.800048828125,1433.199951171875,1434.0,128937
2026-06-23 07:15:00+00:00,1434.4000244140625,1436.0,1433.800048828125,1434.0,184227
2026-06-23 07:20:00+00:00,1434.199951171875,1437.4000244140625,1434.0,1434.199951171875,123799
2026-06-23 07:25:00+00:00,1433.0,1434.5999755859375,1432.199951171875,1434.199951171875,96959
2026-06-23 07:30:00+00:00,1435.0,1435.300048828125,1431.199951171875,1432.800048828125,246841
2026-06-23 07:35:00+00:00,1435.800048828125,1435.800048828125,1434.199951171875,1435.199951171875,175853
2026-06-23 07:40:00+00:00,1435.0,1435.800048828125,1434.4000244140625,1435.5999755859375,99085
2026-06-23 07:45:00+00:00,1434.199951171875,1435.5999755859375,1433.5999755859375,1435.199951171875,107800
2026-06-23 07:50:00+00:00,1434.0,1435.4000244140625,1433.800048828125,1434.4000244140625,130122
2026-06-23 07:55:00+00:00,1433.4000244140625,1433.800048828125,1431.3399658203125,1433.800048828125,119163
2026-06-23 08:00:00+00:00,1434.4000244140625,1436.0,1431.5999755859375,1433.5999755859375,102247
2026-06-23 08:05:00+00:00,1434.4000244140625,1437.0,1432.800048828125,1434.5999755859375,115499
2026-06-23 08:10:00+00:00,1434.4000244140625,1434.800048828125,1431.800048828125,1434.5999755859375,80347
2026-06-23 08:15:00+00:00,1432.4000244140625,1435.0,1432.4000244140625,1434.4000244140625,98009
2026-06-23 08:20:00+00:00,1433.4000244140625,1434.0,1432.5999755859375,1432.5999755859375,20777
2026-06-23 08:25:00+00:00,1432.800048828125,1433.5999755859375,1432.0,1433.4000244140625,20016
2026-06-23 08:30:00+00:00,1437.0,1437.0,1433.0,1433.0,91345
2026-06-23 08:35:00+00:00,1436.0,1437.800048828125,1435.0,1437.199951171875,67853
2026-06-23 08:40:00+00:00,1435.800048828125,1438.199951171875,1435.800048828125,1436.0,82895
2026-06-23 08:45:00+00:00,1432.5999755859375,1435.4000244140625,1431.199951171875,1435.4000244140625,30866
2026-06-23 08:50:00+00:00,1435.0,1435.5999755859375,1432.199951171875,1432.5999755859375,21881
2026-06-23 08:55:00+00:00,1437.199951171875,1437.199951171875,1434.4000244140625,1435.199951171875,31978
2026-06-23 09:00:00+00:00,1437.199951171875,1438.0,1436.5999755859375,1437.199951171875,14891
2026-06-23 09:05:00+00:00,1439.4000244140625,1439.4000244140625,1437.199951171875,1437.199951171875,46122
2026-06-23 09:10:00+00:00,1440.0,1440.800048828125,1439.0,1439.4000244140625,544356
2026-06-23 09:15:00+00:00,1439.5999755859375,1440.5999755859375,1439.199951171875,1440.0,37067
2026-06-23 09:20:00+00:00,1441.4000244140625,1441.4000244140625,1439.199951171875,1440.199951171875,0
2026-06-23 09:25:00+00:00,1442.800048828125,1443.0,1441.2998046875,1441.2998046875,523520
2026-06-23 09:30:00+00:00,1443.5999755859375,1444.4000244140625,1441.800048828125,1442.800048828125,28250
2026-06-23 09:35:00+00:00,1442.5999755859375,1444.5999755859375,1434.5999755859375,1444.0,148451
2026-06-23 09:40:00+00:00,1441.800048828125,1443.199951171875,1441.4000244140625,1442.800048828125,19372
2026-06-23 09:45:00+00:00,1442.5999755859375,1443.5999755859375,1441.4000244140625,1441.4000244140625,11495
2026-06-23 09:50:00+00:00,1444.0,1444.199951171875,1442.800048828125,1442.800048828125,16697
2026-06-23 09:55:00+00:00,1444.800048828125,1445.4000244140625,1443.800048828125,1443.800048828125,19616
2026-06-23 10:00:00+00:00,1445.199951171875,1446.199951171875,1444.5999755859375,1444.800048828125,23116
2026-06-23 10:05:00+00:00,1443.6700439453125,1445.0,1443.4000244140625,1445.0,0
2026-06-23 10:10:00+00:00,1444.199951171875,1444.4000244140625,1443.0,1443.739990234375,526137
2026-06-23 10:15:00+00:00,1445.0,1445.4000244140625,1443.5999755859375,1443.800048828125,16552
2026-06-23 10:20:00+00:00,1445.199951171875,1447.0,1445.0,1445.0,35787
2026-06-23 10:25:00+00:00,1443.4000244140625,1445.5999755859375,1443.4000244140625,1445.199951171875,55245
2026-06-23 10:30:00+00:00,1442.4000244140625,1443.800048828125,1442.4000244140625,1443.199951171875,13092
2026-06-23 10:35:00+00:00,1441.5999755859375,1442.4000244140625,1440.800048828125,1442.199951171875,0
2026-06-23 10:40:00+00:00,1441.5999755859375,1441.800048828125,1439.800048828125,1441.4000244140625,530738
2026-06-23 10:45:00+00:00,1441.800048828125,1442.4000244140625,1441.4000244140625,1441.800048828125,23317
2026-06-23 10:50:00+00:00,1440.4000244140625,1442.199951171875,1440.199951171875,1441.800048828125,34518
2026-06-23 10:55:00+00:00,1440.4000244140625,1440.800048828125,1439.4000244140625,1440.4000244140625,15364
2026-06-23 11:00:00+00:00,1440.5999755859375,1442.199951171875,1440.0,1440.199951171875,27469
2026-06-23 11:05:00+00:00,1440.5999755859375,1440.5999755859375,1438.4000244140625,1439.5999755859375,26948
2026-06-23 11:10:00+00:00,1441.800048828125,1442.199951171875,1440.5999755859375,1440.5999755859375,21634
2026-06-23 11:15:00+00:00,1441.199951171875,1441.800048828125,1440.4000244140625,1441.800048828125,11199
2026-06-23 11:20:00+00:00,1441.199951171875,1443.800048828125,1440.4000244140625,1440.8780517578125,0
2026-06-23 11:25:00+00:00,1442.0,1442.5999755859375,1441.0,1441.199951171875,528137
2026-06-23 11:30:00+00:00,1441.199951171875,1442.4000244140625,1441.0,1441.800048828125,18796
2026-06-23 11:35:00+00:00,1442.5999755859375,1443.0,1441.0,1441.5,20954
2026-06-23 11:40:00+00:00,1444.199951171875,1444.199951171875,1442.4000244140625,1442.5999755859375,15573
2026-06-23 11:45:00+00:00,1443.93994140625,1444.5999755859375,1441.0999755859375,1444.4000244140625,149668
2026-06-23 11:50:00+00:00,1443.0,1444.0,1442.0,1443.800048828125,0
2026-06-23 11:55:00+00:00,1443.1400146484375,1444.0,1442.781005859375,1442.800048828125,523692
2026-06-23 12:00:00+00:00,1443.199951171875,1443.800048828125,1442.5999755859375,1443.4000244140625,11114
2026-06-23 12:05:00+00:00,1441.0999755859375,1443.0,1441.0,1443.0,15529
2026-06-23 12:10:00+00:00,1442.800048828125,1443.4000244140625,1441.800048828125,1441.800048828125,27827
2026-06-23 12:15:00+00:00,1443.0,1443.199951171875,1442.0,1442.5999755859375,14801
2026-06-23 12:20:00+00:00,1442.5999755859375,1443.0,1441.5999755859375,1442.800048828125,29878
2026-06-23 12:25:00+00:00,1442.4000244140625,1442.800048828125,1441.5999755859375,1442.4000244140625,22348
2026-06-23 12:30:00+00:00,1442.0,1443.0,1440.199951171875,1442.5999755859375,35153
2026-06-23 12:35:00+00:00,1441.800048828125,1442.5999755859375,1441.199951171875,1442.0,18753
2026-06-23 12:40:00+00:00,1441.4000244140625,1442.4000244140625,1441.199951171875,1441.8819580078125,16069
2026-06-23 12:45:00+00:00,1440.5999755859375,1441.5999755859375,1439.4000244140625,1441.4000244140625,26417
2026-06-23 12:50:00+00:00,1439.9000244140625,1441.199951171875,1439.5999755859375,1440.5999755859375,29749
2026-06-23 12:55:00+00:00,1441.0,1441.0,1439.5999755859375,1439.5999755859375,17417
2026-06-23 13:00:00+00:00,1438.81103515625,1440.5999755859375,1438.800048828125,1440.5999755859375,23829
2026-06-23 13:05:00+00:00,1439.199951171875,1439.5999755859375,1438.5999755859375,1439.0,29935
2026-06-23 13:10:00+00:00,1439.5999755859375,1441.199951171875,1439.0,1439.4000244140625,21539
2026-06-23 13:15:00+00:00,1440.199951171875,1440.800048828125,1439.0,1439.4000244140625,44533
2026-06-23 13:20:00+00:00,1440.5999755859375,1441.0,1439.199951171875,1440.199951171875,59108
2026-06-23 13:25:00+00:00,1440.0,1441.0,1438.800048828125,1440.5999755859375,66053
2026-06-23 13:30:00+00:00,1443.5999755859375,1444.4000244140625,1438.0,1440.199951171875,274180
2026-06-23 13:35:00+00:00,1443.199951171875,1445.199951171875,1441.4000244140625,1443.5999755859375,76231
2026-06-23 13:40:00+00:00,1444.0,1444.5999755859375,1442.800048828125,1443.0,67768
2026-06-23 13:45:00+00:00,1447.5999755859375,1448.199951171875,1444.4000244140625,1444.4000244140625,92220
2026-06-23 13:50:00+00:00,1448.800048828125,1450.0,1447.4000244140625,1447.4000244140625,99965
2026-06-23 13:55:00+00:00,1447.199951171875,1449.199951171875,1446.199951171875,1448.800048828125,128202
2026-06-23 14:00:00+00:00,1450.0,1450.199951171875,1447.0,1447.4000244140625,111950
2026-06-23 14:05:00+00:00,1451.199951171875,1451.5999755859375,1448.800048828125,1450.0,80598
2026-06-23 14:10:00+00:00,1451.0,1452.3399658203125,1450.0,1451.0,94749
2026-06-23 14:15:00+00:00,1451.199951171875,1451.199951171875,1449.1400146484375,1450.4000244140625,118798
2026-06-23 14:20:00+00:00,1450.199951171875,1451.800048828125,1449.800048828125,1451.199951171875,73698
2026-06-23 14:25:00+00:00,1450.4000244140625,1451.0,1447.800048828125,1450.0,98578
2026-06-23 14:30:00+00:00,1448.0,1450.5999755859375,1446.800048828125,1450.0999755859375,77765
2026-06-23 14:35:00+00:00,1448.4000244140625,1449.199951171875,1447.0,1448.199951171875,91331
2026-06-23 14:40:00+00:00,1449.0,1449.800048828125,1447.4000244140625,1448.4000244140625,74911
2026-06-23 14:45:00+00:00,1451.199951171875,1451.199951171875,1447.4000244140625,1448.800048828125,119346
2026-06-23 14:50:00+00:00,1451.5999755859375,1452.0,1450.5999755859375,1451.4000244140625,85952
2026-06-23 14:55:00+00:00,1452.800048828125,1453.0,1451.0,1451.4000244140625,84582
2026-06-23 15:00:00+00:00,1452.800048828125,1453.5999755859375,1452.0,1452.800048828125,114482
2026-06-23 15:05:00+00:00,1452.4000244140625,1453.4000244140625,1452.199951171875,1452.800048828125,79568
2026-06-23 15:10:00+00:00,1452.0,1452.800048828125,1450.5999755859375,1452.5999755859375,86775
2026-06-23 15:15:00+00:00,1451.199951171875,1452.199951171875,1447.9000244140625,1452.0,0
2026-06-23 15:20:00+00:00,1450.4000244140625,1451.9000244140625,1450.4000244140625,1451.199951171875,96614
2026-06-23 15:25:00+00:00,1452.0,1452.0,1450.4000244140625,1450.4000244140625,132630
2026-06-24 07:00:00+00:00,1442.873046875,1445.800048828125,1442.199951171875,1442.800048828125,372161
2026-06-24 07:05:00+00:00,1440.0,1443.800048828125,1439.199951171875,1443.800048828125,223291
2026-06-24 07:10:00+00:00,1439.800048828125,1442.5999755859375,1439.0,1440.4000244140625,173652
2026-06-24 07:15:00+00:00,1443.199951171875,1443.5999755859375,1439.5999755859375,1440.199951171875,173618
2026-06-24 07:20:00+00:00,1446.199951171875,1446.800048828125,1442.5999755859375,1443.0,432086
2026-06-24 07:25:00+00:00,1446.0,1447.800048828125,1445.4000244140625,1446.5999755859375,193933
2026-06-24 07:30:00+00:00,1444.4000244140625,1446.800048828125,1444.0,1445.9000244140625,188887
2026-06-24 07:35:00+00:00,1440.4000244140625,1444.199951171875,1439.5999755859375,1444.199951171875,79652
2026-06-24 07:40:00+00:00,1442.4000244140625,1443.4000244140625,1439.199951171875,1440.4000244140625,197880
2026-06-24 07:45:00+00:00,1440.800048828125,1442.199951171875,1440.5999755859375,1441.800048828125,158047
2026-06-24 07:50:00+00:00,1436.800048828125,1441.199951171875,1436.5999755859375,1441.199951171875,208229
2026-06-24 07:55:00+00:00,1435.5999755859375,1438.0,1435.5999755859375,1436.5999755859375,275065
2026-06-24 08:00:00+00:00,1436.800048828125,1437.199951171875,1433.5999755859375,1435.800048828125,180888
2026-06-24 08:05:00+00:00,1437.4000244140625,1438.0,1436.0,1436.800048828125,55156
2026-06-24 08:10:00+00:00,1437.800048828125,1438.800048828125,1436.4000244140625,1438.199951171875,22165
2026-06-24 08:15:00+00:00,1437.5999755859375,1440.4000244140625,1437.5999755859375,1438.0,34078
2026-06-24 08:20:00+00:00,1439.4000244140625,1439.800048828125,1437.8189697265625,1438.199951171875,30759
2026-06-24 08:25:00+00:00,1442.5999755859375,1442.5999755859375,1439.199951171875,1439.199951171875,27795
2026-06-24 08:30:00+00:00,1441.4000244140625,1444.0,1441.4000244140625,1442.4000244140625,80766
2026-06-24 08:35:00+00:00,1438.4000244140625,1441.199951171875,1438.4000244140625,1441.199951171875,35729
2026-06-24 08:40:00+00:00,1438.4000244140625,1439.199951171875,1438.199951171875,1438.4000244140625,18466
2026-06-24 08:45:00+00:00,1436.0,1438.800048828125,1435.5999755859375,1438.800048828125,22919
2026-06-24 08:50:00+00:00,1436.386962890625,1436.4000244140625,1435.4000244140625,1436.0,13641
2026-06-24 08:55:00+00:00,1437.4000244140625,1437.4000244140625,1436.0,1436.5999755859375,17070
2026-06-24 09:00:00+00:00,1437.0,1437.800048828125,1436.2640380859375,1437.4000244140625,29804
2026-06-24 09:05:00+00:00,1437.800048828125,1437.800048828125,1436.0,1437.199951171875,10337
2026-06-24 09:10:00+00:00,1439.5999755859375,1439.800048828125,1438.0,1438.199951171875,27837
2026-06-24 09:15:00+00:00,1438.5999755859375,1439.5999755859375,1437.4000244140625,1439.5999755859375,27982
2026-06-24 09:20:00+00:00,1439.4000244140625,1439.5999755859375,1438.4000244140625,1438.4000244140625,26385
2026-06-24 09:25:00+00:00,1439.0,1440.800048828125,1439.0,1439.5999755859375,28294
2026-06-24 09:30:00+00:00,1439.800048828125,1439.800048828125,1438.5999755859375,1439.199951171875,10003
2026-06-24 09:35:00+00:00,1439.199951171875,1440.199951171875,1439.0,1439.4000244140625,21601
2026-06-24 09:40:00+00:00,1437.5999755859375,1439.199951171875,1437.56005859375,1439.199951171875,15044
2026-06-24 09:45:00+00:00,1438.199951171875,1438.5999755859375,1437.199951171875,1437.4000244140625,12729
2026-06-24 09:50:00+00:00,1437.199951171875,1438.6409912109375,1437.0,1438.5999755859375,10970
2026-06-24 09:55:00+00:00,1438.4000244140625,1438.4000244140625,1436.800048828125,1437.06005859375,12858
2026-06-24 10:00:00+00:00,1437.5999755859375,1438.4000244140625,1437.4000244140625,1438.4000244140625,24157
2026-06-24 10:05:00+00:00,1436.199951171875,1437.5999755859375,1435.5999755859375,1437.5999755859375,647510
2026-06-24 10:10:00+00:00,1436.4000244140625,1437.199951171875,1435.800048828125,1436.199951171875,44258
2026-06-24 10:15:00+00:00,1439.199951171875,1439.4000244140625,1436.199951171875,1436.199951171875,69187
2026-06-24 10:20:00+00:00,1436.8997802734375,1439.5999755859375,1436.800048828125,1439.199951171875,22913
2026-06-24 10:25:00+00:00,1437.4000244140625,1437.800048828125,1436.800048828125,1437.800048828125,16660
2026-06-24 10:30:00+00:00,1438.0,1438.199951171875,1437.0,1437.4000244140625,15570
2026-06-24 10:35:00+00:00,1434.800048828125,1439.5999755859375,1434.4000244140625,1438.0899658203125,56240
2026-06-24 10:40:00+00:00,1435.8759765625,1436.5999755859375,1434.199951171875,1434.5999755859375,26969
2026-06-24 10:45:00+00:00,1435.800048828125,1436.4000244140625,1435.4000244140625,1436.199951171875,18343
2026-06-24 10:50:00+00:00,1435.800048828125,1436.199951171875,1434.4000244140625,1435.800048828125,8049
2026-06-24 10:55:00+00:00,1434.6729736328125,1436.4000244140625,1434.5999755859375,1435.5999755859375,14233
2026-06-24 11:00:00+00:00,1437.4000244140625,1438.199951171875,1434.5999755859375,1434.800048828125,187712
2026-06-24 11:05:00+00:00,1439.0,1439.0,1437.199951171875,1437.800048828125,41219
2026-06-24 11:10:00+00:00,1438.0799560546875,1439.5999755859375,1437.9996337890625,1438.800048828125,13262
2026-06-24 11:15:00+00:00,1437.5999755859375,1438.0,1437.199951171875,1437.800048828125,18542
2026-06-24 11:20:00+00:00,1438.199951171875,1438.4000244140625,1436.800048828125,1437.5999755859375,201133
2026-06-24 11:25:00+00:00,1440.0,1440.4000244140625,1438.800048828125,1438.800048828125,27853
2026-06-24 11:30:00+00:00,1439.4000244140625,1440.5999755859375,1439.0,1439.699951171875,19394
2026-06-24 11:35:00+00:00,1440.800048828125,1441.199951171875,1439.4000244140625,1439.4000244140625,4338
2026-06-24 11:40:00+00:00,1439.199951171875,1441.199951171875,1439.199951171875,1440.800048828125,32231
2026-06-24 11:45:00+00:00,1441.5999755859375,1442.199951171875,1438.0,1439.5999755859375,50208
2026-06-24 11:50:00+00:00,1441.199951171875,1441.5999755859375,1440.5999755859375,1441.5999755859375,5983
2026-06-24 11:55:00+00:00,1440.800048828125,1441.0,1440.0,1440.800048828125,6354
2026-06-24 12:00:00+00:00,1440.199951171875,1440.5999755859375,1439.5999755859375,1440.5999755859375,58756
2026-06-24 12:05:00+00:00,1439.4000244140625,1440.0,1438.5999755859375,1439.800048828125,11028
2026-06-24 12:10:00+00:00,1438.199951171875,1442.800048828125,1438.199951171875,1439.0,657546
2026-06-24 12:15:00+00:00,1440.0,1440.4000244140625,1437.4000244140625,1438.27099609375,25044
2026-06-24 12:20:00+00:00,1438.199951171875,1440.5999755859375,1437.5999755859375,1440.5999755859375,16021
2026-06-24 12:25:00+00:00,1438.199951171875,1438.5999755859375,1437.800048828125,1438.4000244140625,20744
2026-06-24 12:30:00+00:00,1438.5999755859375,1438.5999755859375,1437.800048828125,1438.199951171875,8461
2026-06-24 12:35:00+00:00,1437.5999755859375,1438.5400390625,1437.0,1438.4000244140625,5981
2026-06-24 12:40:00+00:00,1436.199951171875,1437.5999755859375,1435.5999755859375,1437.4000244140625,14623
2026-06-24 12:45:00+00:00,1436.199951171875,1437.0,1435.800048828125,1435.800048828125,13782
2026-06-24 12:50:00+00:00,1435.4000244140625,1436.5999755859375,1434.4000244140625,1436.4000244140625,42222
2026-06-24 12:55:00+00:00,1435.5999755859375,1436.5999755859375,1435.4000244140625,1435.4000244140625,6832
2026-06-24 13:00:00+00:00,1434.800048828125,1436.800048828125,1434.800048828125,1435.800048828125,13321
2026-06-24 13:05:00+00:00,1434.5999755859375,1435.800048828125,1434.4000244140625,1435.0,10391
2026-06-24 13:10:00+00:00,1431.800048828125,1434.199951171875,1431.5999755859375,1434.199951171875,14699
2026-06-24 13:15:00+00:00,1432.0,1432.4000244140625,1430.800048828125,1431.199951171875,38472
2026-06-24 13:20:00+00:00,1431.5999755859375,1432.199951171875,1431.0,1431.4000244140625,46326
2026-06-24 13:25:00+00:00,1432.4000244140625,1432.5999755859375,1431.199951171875,1431.5999755859375,85050
2026-06-24 13:30:00+00:00,1429.5999755859375,1432.3984375,1428.800048828125,1431.800048828125,197697
2026-06-24 13:35:00+00:00,1425.0,1429.800048828125,1424.199951171875,1429.4000244140625,105128
2026-06-24 13:40:00+00:00,1420.199951171875,1425.5999755859375,1417.199951171875,1425.0,379834
2026-06-24 13:45:00+00:00,1424.800048828125,1425.398193359375,1419.800048828125,1420.5999755859375,622359
2026-06-24 13:50:00+00:00,1427.800048828125,1428.800048828125,1425.4000244140625,1425.4000244140625,146025
2026-06-24 13:55:00+00:00,1429.0,1429.4000244140625,1425.4000244140625,1428.0,126084
2026-06-24 14:00:00+00:00,1427.4000244140625,1430.199951171875,1427.199951171875,1429.4000244140625,65516
2026-06-24 14:05:00+00:00,1428.0,1429.800048828125,1426.800048828125,1427.5999755859375,98643
2026-06-24 14:10:00+00:00,1426.5999755859375,1428.4000244140625,1426.4000244140625,1428.0,125798
2026-06-24 14:15:00+00:00,1425.0,1426.5999755859375,1423.178955078125,1426.199951171875,84526
2026-06-24 14:20:00+00:00,1427.5999755859375,1428.5999755859375,1424.800048828125,1424.800048828125,157790
2026-06-24 14:25:00+00:00,1430.0,1430.5999755859375,1427.199951171875,1427.5999755859375,221593
2026-06-24 14:30:00+00:00,1431.199951171875,1431.800048828125,1428.199951171875,1429.5999755859375,199072
2026-06-24 14:35:00+00:00,1430.199951171875,1431.800048828125,1429.800048828125,1431.0,59761
2026-06-24 14:40:00+00:00,1430.0,1430.0,1427.4000244140625,1430.0,40137
2026-06-24 14:45:00+00:00,1428.800048828125,1430.4000244140625,1428.800048828125,1430.199951171875,312070
2026-06-24 14:50:00+00:00,1426.300048828125,1429.4000244140625,1426.199951171875,1428.800048828125,104839
2026-06-24 14:55:00+00:00,1427.0,1427.0,1424.5999755859375,1426.199951171875,131995
2026-06-24 15:00:00+00:00,1426.0,1427.4000244140625,1425.5999755859375,1427.0,287314
2026-06-24 15:05:00+00:00,1424.5999755859375,1426.199951171875,1423.5999755859375,1426.199951171875,295488
2026-06-24 15:10:00+00:00,1423.0,1425.0,1422.5999755859375,1424.5999755859375,75116
2026-06-24 15:15:00+00:00,1425.5999755859375,1425.5999755859375,1422.5999755859375,1422.800048828125,364499
2026-06-24 15:20:00+00:00,1424.5999755859375,1426.199951171875,1424.4000244140625,1425.199951171875,120112
2026-06-24 15:25:00+00:00,1426.5999755859375,1427.0,1424.5999755859375,1424.5999755859375,146577
2026-06-25 07:00:00+00:00,1429.800048828125,1433.5999755859375,1428.5999755859375,1432.0,0
2026-06-25 07:05:00+00:00,1431.5999755859375,1432.5999755859375,1429.199951171875,1429.800048828125,130504
2026-06-25 07:10:00+00:00,1433.199951171875,1434.0,1431.0,1431.4000244140625,149800
2026-06-25 07:15:00+00:00,1435.0,1435.4000244140625,1433.0,1433.5999755859375,209143
2026-06-25 07:20:00+00:00,1436.800048828125,1436.800048828125,1435.0,1435.4000244140625,134695
2026-06-25 07:25:00+00:00,1437.5999755859375,1438.0,1436.199951171875,1436.4000244140625,311422
2026-06-25 07:30:00+00:00,1438.4000244140625,1439.199951171875,1437.4000244140625,1437.5999755859375,236320
2026-06-25 07:35:00+00:00,1439.4000244140625,1439.800048828125,1438.0,1438.199951171875,100951
2026-06-25 07:40:00+00:00,1438.0,1440.0,1438.0,1439.199951171875,89940
2026-06-25 07:45:00+00:00,1438.0,1438.2001953125,1437.0,1438.0,63097
2026-06-25 07:50:00+00:00,1437.4000244140625,1438.5999755859375,1437.4000244140625,1438.199951171875,53396
2026-06-25 07:55:00+00:00,1436.699951171875,1438.0,1436.099853515625,1437.5,118097
2026-06-25 08:00:00+00:00,1435.800048828125,1436.800048828125,1435.0,1436.5999755859375,46704
2026-06-25 08:05:00+00:00,1435.199951171875,1437.4000244140625,1435.199951171875,1436.199951171875,61157
2026-06-25 08:10:00+00:00,1435.800048828125,1437.3199462890625,1435.199951171875,1435.4000244140625,47569
2026-06-25 08:15:00+00:00,1433.199951171875,1435.800048828125,1432.199951171875,1435.800048828125,30821
2026-06-25 08:20:00+00:00,1433.5999755859375,1434.0,1432.4000244140625,1433.5999755859375,8834
2026-06-25 08:25:00+00:00,1434.4000244140625,1434.4000244140625,1432.5999755859375,1433.800048828125,4749
2026-06-25 08:30:00+00:00,1436.800048828125,1436.800048828125,1434.4000244140625,1434.5999755859375,26067
2026-06-25 08:35:00+00:00,1436.0,1436.800048828125,1435.199951171875,1436.4000244140625,22598
2026-06-25 08:40:00+00:00,1435.0,1436.5999755859375,1432.0,1436.0,30163
2026-06-25 08:45:00+00:00,1435.5999755859375,1435.5999755859375,1433.199951171875,1434.800048828125,30623
2026-06-25 08:50:00+00:00,1434.800048828125,1436.0,1434.3626708984375,1435.5999755859375,15572
2026-06-25 08:55:00+00:00,1434.4000244140625,1435.5999755859375,1433.9000244140625,1434.7001953125,14491
2026-06-25 09:00:00+00:00,1434.5999755859375,1434.800048828125,1433.800048828125,1434.4000244140625,21958
2026-06-25 09:05:00+00:00,1437.800048828125,1438.199951171875,1434.9000244140625,1434.9000244140625,52623
2026-06-25 09:10:00+00:00,1438.0,1438.800048828125,1437.5999755859375,1437.800048828125,36253
2026-06-25 09:15:00+00:00,1436.199951171875,1438.800048828125,1435.800048828125,1438.0,27358
2026-06-25 09:20:00+00:00,1435.5999755859375,1437.0,1435.4000244140625,1436.4000244140625,9848
2026-06-25 09:25:00+00:00,1437.0,1437.199951171875,1435.5999755859375,1436.199951171875,18639
2026-06-25 09:30:00+00:00,1436.5999755859375,1437.4000244140625,1436.024169921875,1437.199951171875,27638
2026-06-25 09:35:00+00:00,1437.4000244140625,1437.4000244140625,1436.199951171875,1436.800048828125,11799
2026-06-25 09:40:00+00:00,1436.199951171875,1437.4000244140625,1436.0,1437.199951171875,17591
2026-06-25 09:45:00+00:00,1436.800048828125,1436.800048828125,1435.5999755859375,1436.5999755859375,2511554
2026-06-25 09:50:00+00:00,1438.5999755859375,1438.800048828125,1437.199951171875,1437.199951171875,205408
2026-06-25 09:55:00+00:00,1438.800048828125,1439.800048828125,1438.4000244140625,1438.800048828125,71589
2026-06-25 10:00:00+00:00,1438.800048828125,1439.4000244140625,1438.4000244140625,1438.987060546875,43380
2026-06-25 10:05:00+00:00,1440.0,1440.5999755859375,1439.199951171875,1439.199951171875,19749
2026-06-25 10:10:00+00:00,1440.0,1440.4000244140625,1439.5999755859375,1440.4000244140625,7146
2026-06-25 10:15:00+00:00,1441.4000244140625,1442.0,1440.5999755859375,1440.5999755859375,18355
2026-06-25 10:20:00+00:00,1442.553466796875,1442.800048828125,1440.800048828125,1441.4000244140625,23261
2026-06-25 10:25:00+00:00,1443.199951171875,1443.4000244140625,1442.199951171875,1443.0,53835
2026-06-25 10:30:00+00:00,1441.800048828125,1443.0,1441.649658203125,1443.0,12313
2026-06-25 10:35:00+00:00,1441.800048828125,1442.199951171875,1440.800048828125,1442.0,19306
2026-06-25 10:40:00+00:00,1440.5999755859375,1442.199951171875,1440.5999755859375,1441.800048828125,15551
2026-06-25 10:45:00+00:00,1441.5999755859375,1441.5999755859375,1440.4000244140625,1440.5999755859375,9349
2026-06-25 10:50:00+00:00,1442.099853515625,1443.0,1442.0,1442.199951171875,28841
2026-06-25 10:55:00+00:00,1441.5,1442.4000244140625,1441.4000244140625,1442.199951171875,147917
2026-06-25 11:00:00+00:00,1444.199951171875,1444.199951171875,1441.4000244140625,1441.5999755859375,41656
2026-06-25 11:05:00+00:00,1444.199951171875,1444.199951171875,1443.0,1444.0,40796
2026-06-25 11:10:00+00:00,1443.199951171875,1444.800048828125,1443.0,1444.199951171875,51372
2026-06-25 11:15:00+00:00,1442.0,1443.4000244140625,1441.5999755859375,1443.1400146484375,28319
2026-06-25 11:20:00+00:00,1442.18701171875,1442.4000244140625,1441.5999755859375,1441.5999755859375,23396
2026-06-25 11:25:00+00:00,1443.4000244140625,1443.800048828125,1442.199951171875,1442.4000244140625,20279
2026-06-25 11:30:00+00:00,1444.0,1444.0,1443.0,1443.199951171875,41587
2026-06-25 11:35:00+00:00,1444.0999755859375,1444.199951171875,1442.800048828125,1443.5999755859375,2666934
2026-06-25 11:40:00+00:00,1444.199951171875,1444.4000244140625,1443.5999755859375,1444.0,20111
2026-06-25 11:45:00+00:00,1444.5999755859375,1445.199951171875,1444.199951171875,1444.800048828125,36082
2026-06-25 11:50:00+00:00,1444.4000244140625,1444.800048828125,1443.800048828125,1444.5999755859375,19659
2026-06-25 11:55:00+00:00,1444.4000244140625,1445.302978515625,1444.199951171875,1444.4000244140625,23795
2026-06-25 12:00:00+00:00,1444.800048828125,1445.199951171875,1444.4000244140625,1444.4000244140625,19466
2026-06-25 12:05:00+00:00,1446.0,1446.4000244140625,1444.5999755859375,1445.0,64559
2026-06-25 12:10:00+00:00,1447.0,1447.5999755859375,1446.199951171875,1446.199951171875,26512
2026-06-25 12:15:00+00:00,1448.4000244140625,1448.4000244140625,1446.800048828125,1446.800048828125,60240
2026-06-25 12:20:00+00:00,1449.5999755859375,1449.800048828125,1448.199951171875,1448.5999755859375,106185
2026-06-25 12:25:00+00:00,1447.5999755859375,1449.800048828125,1447.4000244140625,1449.5999755859375,23853
2026-06-25 12:30:00+00:00,1449.199951171875,1450.5999755859375,1447.800048828125,1447.800048828125,73954
2026-06-25 12:35:00+00:00,1448.7779541015625,1449.5999755859375,1448.4000244140625,1449.199951171875,31743
2026-06-25 12:40:00+00:00,1447.0,1449.4000244140625,1447.0,1449.0,32221
2026-06-25 12:45:00+00:00,1448.0,1448.199951171875,1446.800048828125,1447.5999755859375,43634
2026-06-25 12:50:00+00:00,1448.4000244140625,1450.199951171875,1448.0,1448.199951171875,31766
2026-06-25 12:55:00+00:00,1448.199951171875,1448.800048828125,1447.800048828125,1448.5999755859375,24414
2026-06-25 13:00:00+00:00,1448.5999755859375,1448.800048828125,1447.4000244140625,1448.4000244140625,39371
2026-06-25 13:05:00+00:00,1448.5999755859375,1449.0,1447.4000244140625,1448.69775390625,20385
2026-06-25 13:10:00+00:00,1450.097900390625,1450.4000244140625,1447.5999755859375,1448.4000244140625,52227
2026-06-25 13:15:00+00:00,1448.0,1449.199951171875,1446.800048828125,1449.0,29728
2026-06-25 13:20:00+00:00,1448.4000244140625,1449.0,1447.5999755859375,1447.904052734375,18224
2026-06-25 13:25:00+00:00,1449.199951171875,1449.4000244140625,1448.4000244140625,1448.5999755859375,75825
2026-06-25 13:30:00+00:00,1446.4000244140625,1449.199951171875,1446.4000244140625,1448.800048828125,236348
2026-06-25 13:35:00+00:00,1447.4000244140625,1449.5999755859375,1444.5999755859375,1446.800048828125,88112
2026-06-25 13:40:00+00:00,1444.0,1447.5999755859375,1444.0,1447.199951171875,99592
2026-06-25 13:45:00+00:00,1443.5999755859375,1444.5999755859375,1442.0,1444.0,151032
2026-06-25 13:50:00+00:00,1438.0,1444.4000244140625,1437.5999755859375,1443.4000244140625,113298
2026-06-25 13:55:00+00:00,1437.800048828125,1438.800048828125,1436.4000244140625,1438.199951171875,102844
2026-06-25 14:00:00+00:00,1440.300048828125,1441.4000244140625,1437.4000244140625,1437.800048828125,97316
2026-06-25 14:05:00+00:00,1444.5999755859375,1444.5999755859375,1439.5999755859375,1440.4000244140625,201242
2026-06-25 14:10:00+00:00,1443.199951171875,1447.0,1443.0,1444.4000244140625,166518
2026-06-25 14:15:00+00:00,1447.4000244140625,1447.4000244140625,1443.0,1443.199951171875,185497
2026-06-25 14:20:00+00:00,1447.199951171875,1449.4000244140625,1446.4000244140625,1447.4000244140625,145653
2026-06-25 14:25:00+00:00,1447.800048828125,1448.4000244140625,1446.800048828125,1447.199951171875,184644
2026-06-25 14:30:00+00:00,1450.0,1450.4000244140625,1447.800048828125,1447.800048828125,167386
2026-06-25 14:35:00+00:00,1449.4000244140625,1450.800048828125,1448.5999755859375,1449.800048828125,148662
2026-06-25 14:40:00+00:00,1447.4000244140625,1449.6600341796875,1447.4000244140625,1449.4000244140625,105620
2026-06-25 14:45:00+00:00,1449.4000244140625,1449.4000244140625,1446.800048828125,1447.4000244140625,130527
2026-06-25 14:50:00+00:00,1450.5999755859375,1451.199951171875,1448.800048828125,1449.199951171875,160964
2026-06-25 14:55:00+00:00,1449.4000244140625,1450.800048828125,1449.199951171875,1450.739990234375,139636
2026-06-25 15:00:00+00:00,1447.800048828125,1450.0,1447.199951171875,1449.4000244140625,111358
2026-06-25 15:05:00+00:00,1446.199951171875,1448.199951171875,1445.199951171875,1447.5999755859375,164862
2026-06-25 15:10:00+00:00,1442.800048828125,1449.199951171875,1442.5999755859375,1446.0,146601
2026-06-25 15:15:00+00:00,1443.5999755859375,1443.800048828125,1440.5999755859375,1442.4000244140625,0
2026-06-25 15:20:00+00:00,1445.5999755859375,1445.9300537109375,1443.4000244140625,1443.5999755859375,166771
2026-06-25 15:25:00+00:00,1445.199951171875,1445.5999755859375,1444.199951171875,1445.4000244140625,219258
2026-06-26 07:00:00+00:00,1434.5999755859375,1438.5999755859375,1427.0,1427.0,0
2026-06-26 07:05:00+00:00,1428.4000244140625,1434.0,1427.5999755859375,1433.9100341796875,182302
2026-06-26 07:10:00+00:00,1434.0,1434.800048828125,1428.4000244140625,1428.4000244140625,139424
2026-06-26 07:15:00+00:00,1434.199951171875,1436.0,1433.4000244140625,1434.5999755859375,105320
2026-06-26 07:20:00+00:00,1434.199951171875,1435.0,1432.800048828125,1434.4000244140625,97908
2026-06-26 07:25:00+00:00,1434.800048828125,1434.800048828125,1433.0,1434.199951171875,131237
2026-06-26 07:30:00+00:00,1436.4000244140625,1437.199951171875,1434.4000244140625,1434.800048828125,116469
2026-06-26 07:35:00+00:00,1434.800048828125,1436.800048828125,1434.199951171875,1436.4000244140625,138457
2026-06-26 07:40:00+00:00,1432.5999755859375,1435.199951171875,1432.199951171875,1435.199951171875,46506
2026-06-26 07:45:00+00:00,1431.5999755859375,1432.800048828125,1431.4000244140625,1432.800048828125,50244
2026-06-26 07:50:00+00:00,1431.4000244140625,1432.199951171875,1430.4000244140625,1431.199951171875,242054
2026-06-26 07:55:00+00:00,1430.199951171875,1431.5999755859375,1430.199951171875,1431.199951171875,144709
2026-06-26 08:00:00+00:00,1428.800048828125,1431.0,1428.4000244140625,1430.4000244140625,70037
2026-06-26 08:05:00+00:00,1430.0,1430.990966796875,1428.199951171875,1428.5999755859375,94966
2026-06-26 08:10:00+00:00,1427.5999755859375,1430.199951171875,1427.199951171875,1429.800048828125,12621
2026-06-26 08:15:00+00:00,1426.0,1428.3919677734375,1425.800048828125,1427.5999755859375,16807
2026-06-26 08:20:00+00:00,1426.5439453125,1426.800048828125,1424.4000244140625,1425.5999755859375,28611
2026-06-26 08:25:00+00:00,1427.0,1428.0,1426.199951171875,1426.199951171875,45017
2026-06-26 08:30:00+00:00,1425.5999755859375,1427.0,1425.199951171875,1426.5999755859375,59768
2026-06-26 08:35:00+00:00,1424.199951171875,1425.199951171875,1424.0,1425.199951171875,41930
2026-06-26 08:40:00+00:00,1422.833984375,1424.7919921875,1422.800048828125,1424.0,39282
2026-06-26 08:45:00+00:00,1421.199951171875,1423.5999755859375,1410.02294921875,1423.4000244140625,127208
2026-06-26 08:50:00+00:00,1420.800048828125,1422.5999755859375,1420.800048828125,1421.5999755859375,24203
2026-06-26 08:55:00+00:00,1422.5999755859375,1428.39599609375,1419.5999755859375,1420.800048828125,88238
2026-06-26 09:00:00+00:00,1420.5999755859375,1422.4000244140625,1420.4000244140625,1422.4000244140625,16346
2026-06-26 09:05:00+00:00,1419.800048828125,1421.0,1419.0,1420.4000244140625,19653
2026-06-26 09:10:00+00:00,1422.0,1422.4000244140625,1419.0,1419.4000244140625,20825
2026-06-26 09:15:00+00:00,1422.5999755859375,1423.199951171875,1421.0,1421.5999755859375,37328
2026-06-26 09:20:00+00:00,1422.0,1423.0,1420.800048828125,1423.0,6689
2026-06-26 09:25:00+00:00,1422.18701171875,1422.800048828125,1421.4000244140625,1422.199951171875,38873
2026-06-26 09:30:00+00:00,1422.800048828125,1422.800048828125,1421.0,1422.0,8369
2026-06-26 09:35:00+00:00,1424.5400390625,1424.800048828125,1422.5999755859375,1422.800048828125,14082
2026-06-26 09:40:00+00:00,1425.4000244140625,1426.4000244140625,1424.5999755859375,1424.800048828125,27616
2026-06-26 09:45:00+00:00,1425.5999755859375,1426.4000244140625,1425.199951171875,1425.3359375,8440
2026-06-26 09:50:00+00:00,1426.5999755859375,1427.4000244140625,1425.4000244140625,1426.0,41249
2026-06-26 09:55:00+00:00,1424.5999755859375,1426.199951171875,1424.5999755859375,1426.199951171875,14598
2026-06-26 10:00:00+00:00,1422.72021484375,1424.5999755859375,1421.5999755859375,1424.5999755859375,31454
2026-06-26 10:05:00+00:00,1423.4000244140625,1424.5999755859375,1423.0,1423.199951171875,13052
2026-06-26 10:10:00+00:00,1424.4000244140625,1424.5999755859375,1423.199951171875,1423.4000244140625,8059
2026-06-26 10:15:00+00:00,1424.4000244140625,1424.800048828125,1424.0,1424.199951171875,14579
2026-06-26 10:20:00+00:00,1423.4000244140625,1424.5999755859375,1422.800048828125,1424.5999755859375,25030
2026-06-26 10:25:00+00:00,1425.0,1425.4000244140625,1423.4000244140625,1423.5999755859375,9530
2026-06-26 10:30:00+00:00,1425.5999755859375,1425.800048828125,1424.800048828125,1425.199951171875,9414
2026-06-26 10:35:00+00:00,1424.5999755859375,1425.5999755859375,1424.530029296875,1425.4000244140625,21547
2026-06-26 10:40:00+00:00,1424.539794921875,1425.0,1424.199951171875,1424.6829833984375,27481
2026-06-26 10:45:00+00:00,1424.5999755859375,1424.800048828125,1424.199951171875,1424.4000244140625,6517
2026-06-26 10:50:00+00:00,1426.0,1426.031005859375,1424.199951171875,1424.800048828125,45802
2026-06-26 10:55:00+00:00,1424.199951171875,1426.0,1423.199951171875,1425.800048828125,86322
2026-06-26 11:00:00+00:00,1425.800048828125,1425.800048828125,1424.199951171875,1424.4000244140625,37690
2026-06-26 11:05:00+00:00,1425.5999755859375,1425.800048828125,1424.800048828125,1425.800048828125,34549
2026-06-26 11:10:00+00:00,1425.199951171875,1426.199951171875,1424.800048828125,1425.5999755859375,34850
2026-06-26 11:15:00+00:00,1423.4000244140625,1425.0,1423.4000244140625,1425.0,16911
2026-06-26 11:20:00+00:00,1423.800048828125,1424.0,1422.0,1423.5999755859375,14348
2026-06-26 11:25:00+00:00,1422.800048828125,1423.800048828125,1422.199951171875,1423.800048828125,18263
2026-06-26 11:30:00+00:00,1421.800048828125,1422.800048828125,1421.4000244140625,1422.800048828125,30529
2026-06-26 11:35:00+00:00,1420.5999755859375,1422.0,1420.5999755859375,1421.4000244140625,20459
2026-06-26 11:40:00+00:00,1420.0760498046875,1421.5999755859375,1419.5999755859375,1420.5999755859375,71532
2026-06-26 11:45:00+00:00,1420.5999755859375,1421.0,1419.5999755859375,1420.0,6771
2026-06-26 11:50:00+00:00,1419.8389892578125,1421.4000244140625,1419.800048828125,1420.800048828125,26594
2026-06-26 11:55:00+00:00,1420.0,1420.0679931640625,1419.0,1420.0,19534
2026-06-26 12:00:00+00:00,1418.800048828125,1420.199951171875,1418.5999755859375,1419.800048828125,54516
2026-06-26 12:05:00+00:00,1419.800048828125,1419.800048828125,1418.199951171875,1418.800048828125,48487
2026-06-26 12:10:00+00:00,1420.199951171875,1420.4000244140625,1419.0,1419.5999755859375,10427
2026-06-26 12:15:00+00:00,1419.199951171875,1421.4000244140625,1418.5999755859375,1420.4000244140625,83737
2026-06-26 12:20:00+00:00,1419.800048828125,1420.199951171875,1418.4000244140625,1419.4000244140625,16496
2026-06-26 12:25:00+00:00,1419.5999755859375,1420.0,1419.199951171875,1419.800048828125,30918
2026-06-26 12:30:00+00:00,1420.5999755859375,1421.4000244140625,1419.4000244140625,1419.4000244140625,34447
2026-06-26 12:35:00+00:00,1418.199951171875,1420.5999755859375,1418.0,1420.4000244140625,41422
2026-06-26 12:40:00+00:00,1417.800048828125,1418.800048828125,1417.5999755859375,1418.4000244140625,29117
2026-06-26 12:45:00+00:00,1416.4000244140625,1418.0,1416.199951171875,1417.5999755859375,65422
2026-06-26 12:50:00+00:00,1418.0,1418.0,1416.4000244140625,1416.5999755859375,23497
2026-06-26 12:55:00+00:00,1417.4000244140625,1418.4000244140625,1417.4000244140625,1418.0,37052
2026-06-26 13:00:00+00:00,1417.4000244140625,1417.800048828125,1416.199951171875,1417.4000244140625,39537
2026-06-26 13:05:00+00:00,1417.800048828125,1418.4000244140625,1417.199951171875,1417.199951171875,14537
2026-06-26 13:10:00+00:00,1418.4000244140625,1418.5999755859375,1416.800048828125,1418.199951171875,15536
2026-06-26 13:15:00+00:00,1416.0,1418.800048828125,1414.0,1418.47998046875,68760
2026-06-26 13:20:00+00:00,1417.800048828125,1419.199951171875,1416.0,1416.199951171875,36442
2026-06-26 13:25:00+00:00,1419.0,1419.199951171875,1417.4000244140625,1418.0,42150
2026-06-26 13:30:00+00:00,1411.5999755859375,1419.5999755859375,1409.800048828125,1418.800048828125,260682
2026-06-26 13:35:00+00:00,1408.9659423828125,1417.5999755859375,1408.800048828125,1411.199951171875,71746
2026-06-26 13:40:00+00:00,1408.800048828125,1410.800048828125,1407.5999755859375,1409.199951171875,92496
2026-06-26 13:45:00+00:00,1410.199951171875,1412.5357666015625,1407.5999755859375,1408.4000244140625,91856
2026-06-26 13:50:00+00:00,1412.5999755859375,1413.199951171875,1410.4000244140625,1410.4000244140625,59971
2026-06-26 13:55:00+00:00,1413.9000244140625,1415.199951171875,1411.5999755859375,1412.5999755859375,199394
2026-06-26 14:00:00+00:00,1416.0,1417.4000244140625,1413.5999755859375,1414.0,111841
2026-06-26 14:05:00+00:00,1418.800048828125,1419.199951171875,1415.199951171875,1416.199951171875,55016
2026-06-26 14:10:00+00:00,1418.5999755859375,1427.0,1418.199951171875,1418.800048828125,599175
2026-06-26 14:15:00+00:00,1418.5999755859375,1419.4000244140625,1418.0,1418.5999755859375,86067
2026-06-26 14:20:00+00:00,1419.800048828125,1421.4000244140625,1418.5999755859375,1418.5999755859375,99431
2026-06-26 14:25:00+00:00,1419.5999755859375,1419.800048828125,1418.199951171875,1419.5999755859375,52990
2026-06-26 14:30:00+00:00,1419.5999755859375,1420.5999755859375,1418.0,1419.800048828125,25159
2026-06-26 14:35:00+00:00,1420.4000244140625,1420.5999755859375,1419.199951171875,1419.199951171875,35471
2026-06-26 14:40:00+00:00,1420.0,1421.5999755859375,1419.800048828125,1420.4000244140625,71897
2026-06-26 14:45:00+00:00,1422.4000244140625,1422.4000244140625,1420.0,1420.0,50789
2026-06-26 14:50:00+00:00,1421.800048828125,1424.0,1421.5999755859375,1422.0,88415
2026-06-26 14:55:00+00:00,1421.4000244140625,1422.5999755859375,1421.4000244140625,1421.800048828125,95262
2026-06-26 15:00:00+00:00,1420.5999755859375,1422.199951171875,1419.800048828125,1421.4000244140625,120527
2026-06-26 15:05:00+00:00,1422.0,1422.199951171875,1420.0,1420.5999755859375,63418
2026-06-26 15:10:00+00:00,1418.800048828125,1422.199951171875,1418.800048828125,1422.199951171875,94133
2026-06-26 15:15:00+00:00,1420.5999755859375,1421.0,1417.5999755859375,1418.800048828125,117286
2026-06-26 15:20:00+00:00,1422.800048828125,1422.800048828125,1420.4000244140625,1420.4000244140625,97511
2026-06-26 15:25:00+00:00,1425.5999755859375,1425.5999755859375,1422.5999755859375,1422.5999755859375,145508
2026-06-29 07:00:00+00:00,1417.5999755859375,1420.199951171875,1416.0,1420.0,0
2026-06-29 07:05:00+00:00,1419.199951171875,1423.800048828125,1417.4000244140625,1417.4000244140625,268126
2026-06-29 07:10:00+00:00,1422.0,1423.800048828125,1417.4000244140625,1419.199951171875,190329
2026-06-29 07:15:00+00:00,1423.0,1424.199951171875,1421.5999755859375,1421.800048828125,176259
2026-06-29 07:20:00+00:00,1425.199951171875,1427.0,1423.199951171875,1423.199951171875,213283
2026-06-29 07:25:00+00:00,1427.800048828125,1427.800048828125,1424.4000244140625,1424.800048828125,380441
2026-06-29 07:30:00+00:00,1424.800048828125,1427.5999755859375,1424.0,1427.4000244140625,410851
2026-06-29 07:35:00+00:00,1423.199951171875,1425.5999755859375,1423.199951171875,1424.800048828125,129558
2026-06-29 07:40:00+00:00,1424.4000244140625,1426.0,1423.1689453125,1423.199951171875,211091
2026-06-29 07:45:00+00:00,1423.5999755859375,1425.0,1422.5999755859375,1424.4000244140625,165713
2026-06-29 07:50:00+00:00,1423.739990234375,1424.5999755859375,1422.800048828125,1423.5999755859375,281848
2026-06-29 07:55:00+00:00,1422.800048828125,1425.5999755859375,1422.4000244140625,1423.800048828125,586919
2026-06-29 08:00:00+00:00,1431.8199462890625,1432.800048828125,1422.4000244140625,1422.800048828125,121405
2026-06-29 08:05:00+00:00,1431.0,1432.0,1427.800048828125,1431.800048828125,423176
2026-06-29 08:10:00+00:00,1434.4000244140625,1435.0,1430.800048828125,1431.0,30537
2026-06-29 08:15:00+00:00,1433.199951171875,1435.0,1432.199951171875,1434.4000244140625,48474
2026-06-29 08:20:00+00:00,1432.5999755859375,1433.0,1431.5999755859375,1432.800048828125,8154
2026-06-29 08:25:00+00:00,1431.800048828125,1433.199951171875,1431.5999755859375,1433.199951171875,11476
2026-06-29 08:30:00+00:00,1430.199951171875,1431.800048828125,1429.800048828125,1431.5999755859375,60329
2026-06-29 08:35:00+00:00,1432.199951171875,1432.4000244140625,1430.5999755859375,1430.5999755859375,18300
2026-06-29 08:40:00+00:00,1430.800048828125,1432.27001953125,1430.199951171875,1432.0,12642
2026-06-29 08:45:00+00:00,1429.800048828125,1430.800048828125,1428.9439697265625,1430.800048828125,12413
2026-06-29 08:50:00+00:00,1430.199951171875,1430.5999755859375,1429.5999755859375,1430.1982421875,5203
2026-06-29 08:55:00+00:00,1429.199951171875,1430.5999755859375,1428.5999755859375,1430.0,14018
2026-06-29 09:00:00+00:00,1430.199951171875,1430.199951171875,1428.4000244140625,1429.199951171875,20228
2026-06-29 09:05:00+00:00,1430.43994140625,1431.0,1429.93994140625,1430.199951171875,3220
2026-06-29 09:10:00+00:00,1429.4000244140625,1431.0,1429.199951171875,1430.300048828125,16463
2026-06-29 09:15:00+00:00,1429.800048828125,1430.199951171875,1428.800048828125,1429.4000244140625,8256
2026-06-29 09:20:00+00:00,1429.0,1430.5999755859375,1428.4000244140625,1430.0,14541
2026-06-29 09:25:00+00:00,1426.0,1430.199951171875,1425.5999755859375,1429.4000244140625,15545
2026-06-29 09:30:00+00:00,1428.800048828125,1434.199951171875,1423.0,1430.4000244140625,16085
2026-06-29 09:35:00+00:00,1429.0,1429.0,1428.199951171875,1428.800048828125,13332
2026-06-29 09:40:00+00:00,1428.800048828125,1429.4000244140625,1428.4000244140625,1429.0,9897
2026-06-29 09:45:00+00:00,1427.199951171875,1429.0400390625,1427.199951171875,1429.0059814453125,22465
2026-06-29 09:50:00+00:00,1425.4000244140625,1428.199951171875,1425.4000244140625,1427.5999755859375,33018
2026-06-29 09:55:00+00:00,1425.7939453125,1426.0,1425.0,1425.800048828125,16168
2026-06-29 10:00:00+00:00,1425.5999755859375,1428.3658447265625,1425.199951171875,1425.800048828125,7859
2026-06-29 10:05:00+00:00,1426.199951171875,1426.199951171875,1425.199951171875,1425.322021484375,7838
2026-06-29 10:10:00+00:00,1425.800048828125,1426.199951171875,1425.199951171875,1426.199951171875,5409
2026-06-29 10:15:00+00:00,1426.5999755859375,1426.5999755859375,1424.5999755859375,1425.5999755859375,20685
2026-06-29 10:20:00+00:00,1427.5999755859375,1427.5999755859375,1426.199951171875,1426.4000244140625,17655
2026-06-29 10:25:00+00:00,1427.5999755859375,1428.0,1420.0,1427.199951171875,1594740
2026-06-29 10:30:00+00:00,1427.4000244140625,1428.0,1427.199951171875,1427.5999755859375,11482
2026-06-29 10:35:00+00:00,1428.800048828125,1428.800048828125,1426.800048828125,1427.0,13086
2026-06-29 10:40:00+00:00,1427.4000244140625,1428.800048828125,1427.4000244140625,1428.800048828125,13534
2026-06-29 10:45:00+00:00,1428.0,1428.0,1426.4000244140625,1427.5999755859375,53339
2026-06-29 10:50:00+00:00,1427.0,1428.199951171875,1427.0,1428.0,55766
2026-06-29 10:55:00+00:00,1427.4000244140625,1427.5999755859375,1426.800048828125,1427.4000244140625,10910
2026-06-29 11:00:00+00:00,1427.800048828125,1428.0,1427.199951171875,1427.5909423828125,14175
2026-06-29 11:05:00+00:00,1427.5999755859375,1428.0,1427.0,1428.0,17711
2026-06-29 11:10:00+00:00,1427.5999755859375,1428.0,1427.0,1427.1199951171875,20897
2026-06-29 11:15:00+00:00,1427.199951171875,1428.18896484375,1427.199951171875,1427.5999755859375,11657
2026-06-29 11:20:00+00:00,1426.0570068359375,1427.4000244140625,1426.0570068359375,1427.0,12685
2026-06-29 11:25:00+00:00,1427.0,1427.199951171875,1423.800048828125,1426.199951171875,14090
2026-06-29 11:30:00+00:00,1427.199951171875,1431.5999755859375,1426.5999755859375,1431.5999755859375,68126
2026-06-29 11:35:00+00:00,1426.0,1427.199951171875,1426.0,1427.199951171875,12928
2026-06-29 11:40:00+00:00,1428.5999755859375,1428.5999755859375,1426.199951171875,1426.4000244140625,11249
2026-06-29 11:45:00+00:00,1428.5999755859375,1429.199951171875,1428.3138427734375,1428.5999755859375,21278
2026-06-29 11:50:00+00:00,1429.0,1429.199951171875,1428.199951171875,1428.5999755859375,2504
2026-06-29 11:55:00+00:00,1429.800048828125,1430.0,1429.0,1429.199951171875,27551
2026-06-29 12:00:00+00:00,1430.199951171875,1431.0,1429.469970703125,1429.5999755859375,17539
2026-06-29 12:05:00+00:00,1428.800048828125,1430.4000244140625,1428.800048828125,1430.0699462890625,11628
2026-06-29 12:10:00+00:00,1428.0,1428.8699951171875,1428.0,1428.199951171875,15231
2026-06-29 12:15:00+00:00,1428.4000244140625,1428.4000244140625,1427.5999755859375,1427.800048828125,5286
2026-06-29 12:20:00+00:00,1428.4000244140625,1428.5999755859375,1427.9000244140625,1428.199951171875,11697
2026-06-29 12:25:00+00:00,1427.800048828125,1428.800048828125,1427.800048828125,1428.199951171875,10690
2026-06-29 12:30:00+00:00,1427.199951171875,1428.199951171875,1426.5999755859375,1427.800048828125,5146
2026-06-29 12:35:00+00:00,1425.5999755859375,1427.199951171875,1425.5999755859375,1427.0,26542
2026-06-29 12:40:00+00:00,1423.800048828125,1427.5999755859375,1423.4000244140625,1425.5999755859375,11571
2026-06-29 12:45:00+00:00,1424.0,1425.0,1423.800048828125,1424.199951171875,10709
2026-06-29 12:50:00+00:00,1424.800048828125,1425.199951171875,1423.800048828125,1424.0,8315
2026-06-29 12:55:00+00:00,1424.199951171875,1425.4000244140625,1424.199951171875,1424.5999755859375,14805
2026-06-29 13:00:00+00:00,1426.5999755859375,1426.5999755859375,1424.5999755859375,1424.5999755859375,20438
2026-06-29 13:05:00+00:00,1426.5999755859375,1427.5999755859375,1426.593017578125,1426.5999755859375,16753
2026-06-29 13:10:00+00:00,1428.199951171875,1428.4000244140625,1426.5999755859375,1426.800048828125,20442
2026-06-29 13:15:00+00:00,1427.5999755859375,1428.0,1427.199951171875,1428.0,30857
2026-06-29 13:20:00+00:00,1428.199951171875,1428.199951171875,1426.5999755859375,1427.199951171875,63072
2026-06-29 13:25:00+00:00,1427.0,1428.199951171875,1426.5999755859375,1428.0,65696
2026-06-29 13:30:00+00:00,1427.0,1427.4000244140625,1423.4000244140625,1427.199951171875,160908
2026-06-29 13:35:00+00:00,1426.4000244140625,1428.800048828125,1423.199951171875,1427.199951171875,116485
2026-06-29 13:40:00+00:00,1428.4000244140625,1429.0,1425.800048828125,1426.199951171875,187241
2026-06-29 13:45:00+00:00,1425.800048828125,1428.199951171875,1424.0,1428.199951171875,54449
2026-06-29 13:50:00+00:00,1425.0,1426.5999755859375,1424.4000244140625,1425.800048828125,50881
2026-06-29 13:55:00+00:00,1424.5999755859375,1425.0,1423.0,1425.0,49467
2026-06-29 14:00:00+00:00,1424.199951171875,1425.199951171875,1422.0,1424.5999755859375,122187
2026-06-29 14:05:00+00:00,1423.0,1424.0,1421.800048828125,1424.0,60966
2026-06-29 14:10:00+00:00,1418.4000244140625,1423.4000244140625,1418.4000244140625,1423.0,87080
2026-06-29 14:15:00+00:00,1421.199951171875,1421.199951171875,1417.4000244140625,1418.0,112756
2026-06-29 14:20:00+00:00,1422.199951171875,1423.0,1420.199951171875,1421.199951171875,98570
2026-06-29 14:25:00+00:00,1424.0,1425.5999755859375,1422.0,1422.0,82385
2026-06-29 14:30:00+00:00,1423.5999755859375,1424.199951171875,1422.199951171875,1423.800048828125,88044
2026-06-29 14:35:00+00:00,1423.800048828125,1424.5999755859375,1423.199951171875,1423.5999755859375,76506
2026-06-29 14:40:00+00:00,1424.0,1425.4000244140625,1423.199951171875,1423.800048828125,67417
2026-06-29 14:45:00+00:00,1423.5999755859375,1424.4000244140625,1422.0,1424.0,89288
2026-06-29 14:50:00+00:00,1423.4000244140625,1424.199951171875,1422.5999755859375,1423.5999755859375,91069
2026-06-29 14:55:00+00:00,1424.5999755859375,1424.800048828125,1423.199951171875,1423.5999755859375,93137
2026-06-29 15:00:00+00:00,1423.800048828125,1424.800048828125,1423.0,1424.5999755859375,138316
2026-06-29 15:05:00+00:00,1425.4000244140625,1426.199951171875,1423.800048828125,1423.800048828125,106196
2026-06-29 15:10:00+00:00,1427.0,1427.0,1424.4000244140625,1425.5999755859375,142423
2026-06-29 15:15:00+00:00,1426.199951171875,1427.800048828125,1426.199951171875,1427.199951171875,114706
2026-06-29 15:20:00+00:00,1426.199951171875,1427.5999755859375,1426.0,1426.4000244140625,242683
2026-06-29 15:25:00+00:00,1427.0,1427.5999755859375,1425.800048828125,1426.199951171875,271846
2026-06-30 07:00:00+00:00,1422.800048828125,1425.800048828125,1422.4000244140625,1424.4000244140625,0
2026-06-30 07:05:00+00:00,1424.4000244140625,1425.4000244140625,1422.800048828125,1422.800048828125,248859
2026-06-30 07:10:00+00:00,1420.5999755859375,1424.800048828125,1420.5999755859375,1424.4000244140625,164941
2026-06-30 07:15:00+00:00,1420.199951171875,1423.4000244140625,1419.800048828125,1420.199951171875,136641
2026-06-30 07:20:00+00:00,1419.5999755859375,1421.4000244140625,1418.4000244140625,1420.4000244140625,332337
2026-06-30 07:25:00+00:00,1420.199951171875,1421.5999755859375,1419.199951171875,1419.800048828125,98194
2026-06-30 07:30:00+00:00,1424.199951171875,1424.800048828125,1420.0,1420.199951171875,197109
2026-06-30 07:35:00+00:00,1426.4000244140625,1427.0,1424.0,1424.4000244140625,364383
2026-06-30 07:40:00+00:00,1427.4000244140625,1428.199951171875,1426.199951171875,1426.199951171875,318194
2026-06-30 07:45:00+00:00,1426.5999755859375,1427.4000244140625,1425.0,1427.199951171875,154391
2026-06-30 07:50:00+00:00,1426.0,1427.4000244140625,1424.800048828125,1426.199951171875,157668
2026-06-30 07:55:00+00:00,1424.4000244140625,1426.4000244140625,1424.199951171875,1426.4000244140625,270815
2026-06-30 08:00:00+00:00,1429.4000244140625,1430.199951171875,1424.4000244140625,1424.800048828125,132082
2026-06-30 08:05:00+00:00,1428.800048828125,1430.0,1428.0,1429.4000244140625,194563
2026-06-30 08:10:00+00:00,1428.199951171875,1431.18798828125,1427.5999755859375,1428.4000244140625,206062
2026-06-30 08:15:00+00:00,1430.199951171875,1430.199951171875,1426.4000244140625,1428.0,34269
2026-06-30 08:20:00+00:00,1431.0,1431.800048828125,1430.199951171875,1430.4000244140625,30861
2026-06-30 08:25:00+00:00,1432.0,1432.199951171875,1430.800048828125,1431.199951171875,32111
2026-06-30 08:30:00+00:00,1430.800048828125,1432.4000244140625,1430.5999755859375,1432.4000244140625,31071
2026-06-30 08:35:00+00:00,1431.5999755859375,1432.0,1429.800048828125,1430.800048828125,87220
2026-06-30 08:40:00+00:00,1432.4000244140625,1432.800048828125,1431.199951171875,1431.800048828125,22999
2026-06-30 08:45:00+00:00,1434.199951171875,1434.5999755859375,1432.199951171875,1432.199951171875,36202
2026-06-30 08:50:00+00:00,1437.0,1437.0,1434.449951171875,1434.5999755859375,41019
2026-06-30 08:55:00+00:00,1436.800048828125,1437.800048828125,1436.5999755859375,1437.199951171875,37701
2026-06-30 09:00:00+00:00,1439.199951171875,1439.800048828125,1436.5999755859375,1436.5999755859375,47412
2026-06-30 09:05:00+00:00,1438.0,1439.4000244140625,1436.800048828125,1439.199951171875,97993
2026-06-30 09:10:00+00:00,1440.0,1440.18896484375,1437.9119873046875,1438.0,35817
2026-06-30 09:15:00+00:00,1440.5999755859375,1440.800048828125,1439.5999755859375,1440.05859375,50607
2026-06-30 09:20:00+00:00,1441.5999755859375,1441.800048828125,1440.5999755859375,1440.800048828125,70793
2026-06-30 09:25:00+00:00,1440.699951171875,1441.5999755859375,1440.4000244140625,1441.5999755859375,93337
2026-06-30 09:30:00+00:00,1443.199951171875,1444.0,1440.5999755859375,1441.0,60549
2026-06-30 09:35:00+00:00,1444.199951171875,1444.4000244140625,1443.0,1443.199951171875,59492
2026-06-30 09:40:00+00:00,1444.0,1444.800048828125,1443.5999755859375,1444.199951171875,58963
2026-06-30 09:45:00+00:00,1444.4000244140625,1444.800048828125,1443.800048828125,1443.8599853515625,134413
2026-06-30 09:50:00+00:00,1444.5999755859375,1445.5999755859375,1444.0,1444.4000244140625,124183
2026-06-30 09:55:00+00:00,1443.800048828125,1445.4000244140625,1443.800048828125,1444.4000244140625,150310
2026-06-30 10:00:00+00:00,1445.199951171875,1445.800048828125,1443.5999755859375,1444.0,93690
2026-06-30 10:05:00+00:00,1446.800048828125,1446.800048828125,1445.0,1445.199951171875,99188
2026-06-30 10:10:00+00:00,1446.199951171875,1446.5999755859375,1445.4000244140625,1446.5999755859375,46273
2026-06-30 10:15:00+00:00,1447.5999755859375,1447.6700439453125,1446.199951171875,1446.199951171875,103179
2026-06-30 10:20:00+00:00,1445.4000244140625,1447.5999755859375,1444.5999755859375,1447.5999755859375,81108
2026-06-30 10:25:00+00:00,1447.5999755859375,1447.800048828125,1445.199951171875,1445.2430419921875,42212
2026-06-30 10:30:00+00:00,1447.4000244140625,1448.199951171875,1446.5999755859375,1447.800048828125,94185
2026-06-30 10:35:00+00:00,1447.0,1447.5999755859375,1446.4000244140625,1447.199951171875,60759
2026-06-30 10:40:00+00:00,1447.199951171875,1448.0,1446.800048828125,1447.0699462890625,79531
2026-06-30 10:45:00+00:00,1448.5999755859375,1449.0,1447.199951171875,1447.199951171875,78571
2026-06-30 10:50:00+00:00,1448.199951171875,1449.199951171875,1448.0,1448.800048828125,156321
2026-06-30 10:55:00+00:00,1447.699951171875,1448.199951171875,1447.4000244140625,1448.199951171875,107635
2026-06-30 11:00:00+00:00,1445.5999755859375,1447.800048828125,1444.469970703125,1447.5999755859375,106347
2026-06-30 11:05:00+00:00,1445.4000244140625,1446.199951171875,1445.08984375,1445.5999755859375,39300
2026-06-30 11:10:00+00:00,1445.800048828125,1445.800048828125,1444.4000244140625,1445.800048828125,53802
2026-06-30 11:15:00+00:00,1444.1309814453125,1445.800048828125,1443.800048828125,1445.5999755859375,62279
2026-06-30 11:20:00+00:00,1444.5999755859375,1445.0,1444.0,1444.0,50320
2026-06-30 11:25:00+00:00,1444.0,1444.5999755859375,1443.5999755859375,1444.4000244140625,36345
2026-06-30 11:30:00+00:00,1445.0,1445.4000244140625,1444.199951171875,1444.199951171875,36672
2026-06-30 11:35:00+00:00,1445.800048828125,1445.800048828125,1444.5999755859375,1445.199951171875,36109
2026-06-30 11:40:00+00:00,1446.4000244140625,1446.800048828125,1445.800048828125,1445.800048828125,128249
2026-06-30 11:45:00+00:00,1446.800048828125,1447.0,1445.4000244140625,1447.0,41253
2026-06-30 11:50:00+00:00,1446.5999755859375,1447.4000244140625,1446.4000244140625,1446.800048828125,37847
2026-06-30 11:55:00+00:00,1446.800048828125,1447.0,1446.0,1446.6988525390625,42027
2026-06-30 12:00:00+00:00,1444.199951171875,1447.0,1444.199951171875,1446.800048828125,58539
2026-06-30 12:05:00+00:00,1443.4000244140625,1444.199951171875,1443.199951171875,1444.199951171875,62409
2026-06-30 12:10:00+00:00,1441.5999755859375,1443.4000244140625,1441.5999755859375,1443.199951171875,24275
2026-06-30 12:15:00+00:00,1441.4000244140625,1441.800048828125,1440.4000244140625,1441.800048828125,16945
2026-06-30 12:20:00+00:00,1440.199951171875,1441.4000244140625,1439.800048828125,1441.4000244140625,19851
2026-06-30 12:25:00+00:00,1441.199951171875,1442.199951171875,1439.5999755859375,1440.0,109128
2026-06-30 12:30:00+00:00,1440.739990234375,1441.4000244140625,1440.4000244140625,1441.0,52867
2026-06-30 12:35:00+00:00,1441.0,1441.4000244140625,1440.0,1441.0,28292
2026-06-30 12:40:00+00:00,1441.800048828125,1441.8489990234375,1441.0,1441.199951171875,35877
2026-06-30 12:45:00+00:00,1442.0,1442.4000244140625,1441.199951171875,1441.800048828125,34508
2026-06-30 12:50:00+00:00,1440.5999755859375,1442.52001953125,1440.5999755859375,1442.0,33153
2026-06-30 12:55:00+00:00,1438.800048828125,1440.5999755859375,1438.0,1440.4000244140625,31916
2026-06-30 13:00:00+00:00,1438.3919677734375,1440.199951171875,1438.199951171875,1439.4000244140625,27049
2026-06-30 13:05:00+00:00,1436.4000244140625,1438.4000244140625,1436.4000244140625,1438.199951171875,23742
2026-06-30 13:10:00+00:00,1436.800048828125,1437.0,1436.0,1436.199951171875,50465
2026-06-30 13:15:00+00:00,1438.0,1438.5999755859375,1436.800048828125,1437.0,47403
2026-06-30 13:20:00+00:00,1436.800048828125,1437.800048828125,1436.5999755859375,1437.800048828125,58894
2026-06-30 13:25:00+00:00,1437.800048828125,1438.0,1436.800048828125,1436.800048828125,78057
2026-06-30 13:30:00+00:00,1435.0,1439.5999755859375,1434.0,1438.0,291086
2026-06-30 13:35:00+00:00,1436.0,1439.5999755859375,1433.5999755859375,1438.800048828125,90768
2026-06-30 13:40:00+00:00,1437.800048828125,1438.199951171875,1436.199951171875,1436.199951171875,95420
2026-06-30 13:45:00+00:00,1440.0,1442.0,1437.800048828125,1438.0,109376
2026-06-30 13:50:00+00:00,1440.0,1441.0,1439.5999755859375,1440.0,101828
2026-06-30 13:55:00+00:00,1440.5999755859375,1441.800048828125,1439.4000244140625,1440.5999755859375,140251
2026-06-30 14:00:00+00:00,1438.199951171875,1440.5999755859375,1438.199951171875,1440.5999755859375,87158
2026-06-30 14:05:00+00:00,1439.0977783203125,1439.5999755859375,1437.800048828125,1438.0,50595
2026-06-30 14:10:00+00:00,1439.5999755859375,1439.5999755859375,1438.5999755859375,1439.4000244140625,89080
2026-06-30 14:15:00+00:00,1438.7919921875,1439.4000244140625,1438.4000244140625,1439.199951171875,109206
2026-06-30 14:20:00+00:00,1437.5999755859375,1439.199951171875,1437.5999755859375,1438.5999755859375,97783
2026-06-30 14:25:00+00:00,1438.199951171875,1438.800048828125,1437.199951171875,1437.5999755859375,107257
2026-06-30 14:30:00+00:00,1435.5999755859375,1438.0,1435.5999755859375,1438.0,89945
2026-06-30 14:35:00+00:00,1435.4000244140625,1436.5999755859375,1435.0,1435.699951171875,60109
2026-06-30 14:40:00+00:00,1433.199951171875,1436.0,1433.199951171875,1435.5999755859375,124047
2026-06-30 14:45:00+00:00,1432.199951171875,1433.4000244140625,1430.199951171875,1433.4000244140625,122343
2026-06-30 14:50:00+00:00,1431.5999755859375,1432.0166015625,1431.0,1432.0,146162
2026-06-30 14:55:00+00:00,1430.800048828125,1432.0,1430.4000244140625,1431.4000244140625,64939
2026-06-30 15:00:00+00:00,1433.0,1433.199951171875,1430.800048828125,1430.800048828125,71652
2026-06-30 15:05:00+00:00,1435.5999755859375,1435.5999755859375,1432.800048828125,1433.199951171875,183950
2026-06-30 15:10:00+00:00,1434.800048828125,1435.199951171875,1433.800048828125,1435.199951171875,120101
2026-06-30 15:15:00+00:00,1433.0,1434.800048828125,1432.4000244140625,1434.5999755859375,148850
2026-06-30 15:20:00+00:00,1433.0,1433.4000244140625,1432.199951171875,1433.199951171875,223168
2026-06-30 15:25:00+00:00,1432.800048828125,1434.4000244140625,1432.199951171875,1433.199951171875,335630
2026-07-01 07:00:00+00:00,1423.199951171875,1432.800048828125,1423.0,1432.199951171875,104267
2026-07-01 07:05:00+00:00,1422.800048828125,1428.5999755859375,1421.4000244140625,1423.199951171875,108713
2026-07-01 07:10:00+00:00,1420.4000244140625,1422.800048828125,1418.199951171875,1422.800048828125,88281
2026-07-01 07:15:00+00:00,1422.800048828125,1423.4000244140625,1420.0,1420.5999755859375,62372
2026-07-01 07:20:00+00:00,1427.4000244140625,1428.800048828125,1421.800048828125,1423.0,68008
2026-07-01 07:25:00+00:00,1430.4000244140625,1430.4000244140625,1426.800048828125,1427.4000244140625,31598
2026-07-01 07:30:00+00:00,1432.4000244140625,1432.4000244140625,1429.800048828125,1430.4000244140625,52135
2026-07-01 07:35:00+00:00,1433.199951171875,1433.4000244140625,1432.0,1432.4000244140625,29745
2026-07-01 07:40:00+00:00,1430.800048828125,1433.4000244140625,1430.5999755859375,1433.4000244140625,46966
2026-07-01 07:45:00+00:00,1432.4000244140625,1432.800048828125,1430.4000244140625,1430.800048828125,16673
2026-07-01 07:50:00+00:00,1433.800048828125,1433.800048828125,1432.4000244140625,1432.5999755859375,10743
2026-07-01 07:55:00+00:00,1434.199951171875,1435.0,1433.800048828125,1433.800048828125,22282
2026-07-01 08:00:00+00:00,1431.5999755859375,1434.4000244140625,1431.5999755859375,1434.4000244140625,40671
2026-07-01 08:05:00+00:00,1431.4210205078125,1431.800048828125,1430.800048828125,1431.5999755859375,25177
2026-07-01 08:10:00+00:00,1431.5999755859375,1431.5999755859375,1430.800048828125,1431.469970703125,12649
2026-07-01 08:15:00+00:00,1435.0,1435.0,1431.199951171875,1431.199951171875,38693
2026-07-01 08:20:00+00:00,1434.5999755859375,1435.199951171875,1433.4000244140625,1435.0,31060
2026-07-01 08:25:00+00:00,1435.4000244140625,1436.0,1433.800048828125,1434.4000244140625,22285
2026-07-01 08:30:00+00:00,1435.199951171875,1435.3900146484375,1434.5999755859375,1435.199951171875,12136
2026-07-01 08:35:00+00:00,1435.0,1435.5999755859375,1434.5999755859375,1435.199951171875,12589
2026-07-01 08:40:00+00:00,1436.199951171875,1436.4000244140625,1434.5999755859375,1434.5999755859375,22569
2026-07-01 08:45:00+00:00,1434.800048828125,1436.199951171875,1434.800048828125,1436.199951171875,46546
2026-07-01 08:50:00+00:00,1435.800048828125,1435.800048828125,1434.5999755859375,1435.0,24150
2026-07-01 08:55:00+00:00,1436.800048828125,1437.199951171875,1435.800048828125,1435.800048828125,28614
2026-07-01 09:00:00+00:00,1435.0,1436.800048828125,1435.0,1436.800048828125,75670
2026-07-01 09:05:00+00:00,1435.4000244140625,1435.4000244140625,1434.4000244140625,1435.0,39856
2026-07-01 09:10:00+00:00,1435.5999755859375,1436.4000244140625,1435.199951171875,1435.199951171875,28282
2026-07-01 09:15:00+00:00,1435.199951171875,1435.800048828125,1435.0,1435.4000244140625,42154
2026-07-01 09:20:00+00:00,1436.0,1436.199951171875,1435.0,1435.199951171875,35474
2026-07-01 09:25:00+00:00,1435.199951171875,1436.0,1434.800048828125,1436.0,17011
2026-07-01 09:30:00+00:00,1435.208984375,1435.4000244140625,1434.800048828125,1435.4000244140625,10254
2026-07-01 09:35:00+00:00,1433.5999755859375,1435.199951171875,1433.4000244140625,1434.800048828125,67830
2026-07-01 09:40:00+00:00,1434.199951171875,1434.199951171875,1433.4000244140625,1433.800048828125,25671
2026-07-01 09:45:00+00:00,1434.199951171875,1434.5999755859375,1433.5999755859375,1434.199951171875,31516
2026-07-01 09:50:00+00:00,1434.800048828125,1435.199951171875,1433.800048828125,1434.199951171875,117573
2026-07-01 09:55:00+00:00,1435.4000244140625,1435.4000244140625,1434.199951171875,1435.1983642578125,29184
2026-07-01 10:00:00+00:00,1434.5999755859375,1435.4000244140625,1434.5999755859375,1435.199951171875,37756
2026-07-01 10:05:00+00:00,1432.5999755859375,1434.5999755859375,1432.4000244140625,1434.5999755859375,143856
2026-07-01 10:10:00+00:00,1431.800048828125,1432.5999755859375,1431.0,1432.5999755859375,42067
2026-07-01 10:15:00+00:00,1430.199951171875,1431.800048828125,1429.800048828125,1431.800048828125,132606
2026-07-01 10:20:00+00:00,1431.800048828125,1432.0,1430.199951171875,1430.199951171875,52156
2026-07-01 10:25:00+00:00,1431.4000244140625,1432.0,1431.0,1431.5999755859375,20980
2026-07-01 10:30:00+00:00,1430.5999755859375,1431.4000244140625,1430.199951171875,1431.2396240234375,30430
2026-07-01 10:35:00+00:00,1431.4000244140625,1432.199951171875,1430.199951171875,1430.800048828125,367614
2026-07-01 10:40:00+00:00,1430.800048828125,1431.800048828125,1430.4000244140625,1431.4000244140625,335542
2026-07-01 10:45:00+00:00,1431.5999755859375,1431.800048828125,1429.800048828125,1430.5999755859375,246769
2026-07-01 10:50:00+00:00,1431.800048828125,1432.0,1430.4000244140625,1431.800048828125,113970
2026-07-01 10:55:00+00:00,1432.4000244140625,1432.5999755859375,1431.5999755859375,1431.5999755859375,25719
2026-07-01 11:00:00+00:00,1433.0,1434.199951171875,1432.5999755859375,1432.5999755859375,38128
2026-07-01 11:05:00+00:00,1433.199951171875,1433.5999755859375,1432.800048828125,1433.0,31433
2026-07-01 11:10:00+00:00,1431.4000244140625,1433.4000244140625,1431.4000244140625,1433.199951171875,50402
2026-07-01 11:15:00+00:00,1431.800048828125,1432.0,1431.0,1431.199951171875,24838
2026-07-01 11:20:00+00:00,1431.5999755859375,1432.199951171875,1431.0,1432.0,161464
2026-07-01 11:25:00+00:00,1431.0,1431.4000244140625,1430.199951171875,1431.0,112067
2026-07-01 11:30:00+00:00,1430.5999755859375,1431.199951171875,1430.5999755859375,1430.800048828125,10224
2026-07-01 11:35:00+00:00,1428.199951171875,1430.4000244140625,1428.0,1430.4000244140625,270297
2026-07-01 11:40:00+00:00,1427.4000244140625,1429.0,1427.0,1427.800048828125,149851
2026-07-01 11:45:00+00:00,1427.469970703125,1432.699951171875,1426.5999755859375,1427.199951171875,305746
2026-07-01 11:50:00+00:00,1427.0,1427.800048828125,1427.0,1427.4000244140625,14922
2026-07-01 11:55:00+00:00,1427.199951171875,1427.800048828125,1427.0,1427.199951171875,15699
2026-07-01 12:00:00+00:00,1426.4000244140625,1427.5999755859375,1426.4000244140625,1427.199951171875,88017
2026-07-01 12:05:00+00:00,1427.4000244140625,1427.4000244140625,1425.5999755859375,1426.199951171875,68940
2026-07-01 12:10:00+00:00,1427.2239990234375,1432.199951171875,1427.0,1427.4000244140625,261302
2026-07-01 12:15:00+00:00,1428.5999755859375,1428.5999755859375,1427.199951171875,1427.4000244140625,40359
2026-07-01 12:20:00+00:00,1427.0999755859375,1428.4000244140625,1427.0,1428.4000244140625,47525
2026-07-01 12:25:00+00:00,1427.199951171875,1427.5999755859375,1427.0,1427.199951171875,29732
2026-07-01 12:30:00+00:00,1426.5999755859375,1427.800048828125,1426.300048828125,1427.199951171875,133160
2026-07-01 12:35:00+00:00,1427.0,1427.199951171875,1425.800048828125,1426.199951171875,49048
2026-07-01 12:40:00+00:00,1427.199951171875,1427.3919677734375,1426.4000244140625,1427.0,24788
2026-07-01 12:45:00+00:00,1428.0,1428.199951171875,1427.0150146484375,1427.199951171875,30561
2026-07-01 12:50:00+00:00,1429.0,1429.199951171875,1428.0,1428.0,31132
2026-07-01 12:55:00+00:00,1427.0,1428.5999755859375,1427.0,1428.5999755859375,30841
2026-07-01 13:00:00+00:00,1425.5999755859375,1427.4000244140625,1425.0,1426.907958984375,42709
2026-07-01 13:05:00+00:00,1425.0,1425.800048828125,1424.0,1425.3399658203125,153624
2026-07-01 13:10:00+00:00,1425.4000244140625,1425.800048828125,1424.670166015625,1424.800048828125,23686
2026-07-01 13:15:00+00:00,1425.4000244140625,1426.5999755859375,1424.469970703125,1425.4000244140625,39549
2026-07-01 13:20:00+00:00,1425.6595458984375,1426.0,1424.925048828125,1425.800048828125,18629
2026-07-01 13:25:00+00:00,1426.4000244140625,1427.0,1425.199951171875,1425.4000244140625,59272
2026-07-01 13:30:00+00:00,1426.5999755859375,1428.4000244140625,1425.5999755859375,1426.5999755859375,147432
2026-07-01 13:35:00+00:00,1429.199951171875,1429.4000244140625,1424.800048828125,1426.5999755859375,156073
2026-07-01 13:40:00+00:00,1432.4000244140625,1432.4000244140625,1428.5999755859375,1428.5999755859375,100720
2026-07-01 13:45:00+00:00,1434.4000244140625,1435.800048828125,1432.199951171875,1432.4000244140625,200465
2026-07-01 13:50:00+00:00,1433.0,1434.800048828125,1432.199951171875,1434.4000244140625,70091
2026-07-01 13:55:00+00:00,1435.0,1435.0,1432.4000244140625,1432.800048828125,97297
2026-07-01 14:00:00+00:00,1432.0,1435.0,1431.4000244140625,1434.800048828125,118753
2026-07-01 14:05:00+00:00,1436.0,1436.199951171875,1432.0,1432.0,230739
2026-07-01 14:10:00+00:00,1436.0,1437.199951171875,1435.7750244140625,1435.800048828125,114583
2026-07-01 14:15:00+00:00,1439.800048828125,1439.800048828125,1435.4000244140625,1436.0,196330
2026-07-01 14:20:00+00:00,1438.4000244140625,1440.199951171875,1437.0,1439.800048828125,110892
2026-07-01 14:25:00+00:00,1439.199951171875,1439.4000244140625,1438.0,1438.4000244140625,56529
2026-07-01 14:30:00+00:00,1439.5999755859375,1440.5999755859375,1439.199951171875,1439.5999755859375,90479
2026-07-01 14:35:00+00:00,1437.5999755859375,1439.800048828125,1437.5999755859375,1439.4000244140625,202591
2026-07-01 14:40:00+00:00,1435.199951171875,1438.0,1435.199951171875,1437.800048828125,218405
2026-07-01 14:45:00+00:00,1434.4000244140625,1435.4000244140625,1433.5999755859375,1435.199951171875,130418
2026-07-01 14:50:00+00:00,1433.800048828125,1435.0,1432.7464599609375,1434.4000244140625,143873
2026-07-01 14:55:00+00:00,1433.800048828125,1434.199951171875,1433.199951171875,1433.5999755859375,143029
2026-07-01 15:00:00+00:00,1435.4000244140625,1435.5999755859375,1433.800048828125,1433.800048828125,114648
2026-07-01 15:05:00+00:00,1434.5999755859375,1435.800048828125,1433.5999755859375,1435.4000244140625,183864
2026-07-01 15:10:00+00:00,1435.199951171875,1435.5999755859375,1434.199951171875,1434.5999755859375,209328
2026-07-01 15:15:00+00:00,1435.0,1435.800048828125,1434.199951171875,1435.0,158043
2026-07-01 15:20:00+00:00,1435.5999755859375,1436.0,1434.4000244140625,1435.0,248477
2026-07-01 15:25:00+00:00,1440.4000244140625,1440.4000244140625,1435.4700927734375,1435.800048828125,148947
2026-07-02 07:00:00+00:00,1425.5999755859375,1437.800048828125,1415.4000244140625,1430.800048828125,456413
2026-07-02 07:05:00+00:00,1425.5999755859375,1427.199951171875,1422.4000244140625,1426.0,148901
2026-07-02 07:10:00+00:00,1420.4000244140625,1426.4000244140625,1419.4000244140625,1426.0,132831
2026-07-02 07:15:00+00:00,1423.5999755859375,1424.0,1419.199951171875,1420.800048828125,157496
2026-07-02 07:20:00+00:00,1424.5999755859375,1425.5999755859375,1423.0,1423.199951171875,157614
2026-07-02 07:25:00+00:00,1423.0,1425.199951171875,1421.800048828125,1425.0,155888
2026-07-02 07:30:00+00:00,1425.800048828125,1426.199951171875,1422.199951171875,1423.0,333337
2026-07-02 07:35:00+00:00,1426.0,1427.5999755859375,1425.0,1425.800048828125,258045
2026-07-02 07:40:00+00:00,1427.5999755859375,1428.199951171875,1425.800048828125,1426.0,423490
2026-07-02 07:45:00+00:00,1427.5999755859375,1430.199951171875,1426.5999755859375,1427.800048828125,639007
2026-07-02 07:50:00+00:00,1427.0,1428.4000244140625,1425.5999755859375,1427.5999755859375,307442
2026-07-02 07:55:00+00:00,1426.0,1427.800048828125,1426.0,1427.199951171875,425160
2026-07-02 08:00:00+00:00,1432.199951171875,1432.5999755859375,1426.4000244140625,1426.4000244140625,696995
2026-07-02 08:05:00+00:00,1433.4000244140625,1433.5999755859375,1431.199951171875,1432.4000244140625,263284
2026-07-02 08:10:00+00:00,1428.4000244140625,1434.199951171875,1428.199951171875,1433.199951171875,143170
2026-07-02 08:15:00+00:00,1427.800048828125,1428.5999755859375,1424.5999755859375,1428.5999755859375,174694
2026-07-02 08:20:00+00:00,1431.800048828125,1431.800048828125,1427.800048828125,1427.800048828125,76086
2026-07-02 08:25:00+00:00,1433.0,1434.199951171875,1431.800048828125,1431.800048828125,100003
2026-07-02 08:30:00+00:00,1434.199951171875,1434.4000244140625,1432.0,1433.199951171875,31978
2026-07-02 08:35:00+00:00,1433.199951171875,1435.199951171875,1432.5999755859375,1433.800048828125,130524
2026-07-02 08:40:00+00:00,1432.5999755859375,1433.0,1431.4000244140625,1432.800048828125,41835
2026-07-02 08:45:00+00:00,1433.5999755859375,1433.5999755859375,1432.4000244140625,1433.0,56841
2026-07-02 08:50:00+00:00,1433.4000244140625,1433.8699951171875,1433.0999755859375,1433.800048828125,13870
2026-07-02 08:55:00+00:00,1434.199951171875,1434.5999755859375,1432.800048828125,1433.4000244140625,26401
2026-07-02 09:00:00+00:00,1433.5999755859375,1435.0,1433.5999755859375,1434.800048828125,23529
2026-07-02 09:05:00+00:00,1433.4000244140625,1434.5999755859375,1432.5999755859375,1433.800048828125,35102
2026-07-02 09:10:00+00:00,1433.4000244140625,1434.199951171875,1432.800048828125,1433.4000244140625,27164
2026-07-02 09:15:00+00:00,1433.5999755859375,1434.5999755859375,1433.199951171875,1433.5999755859375,33883
2026-07-02 09:20:00+00:00,1433.0,1433.800048828125,1432.4000244140625,1433.5999755859375,15481
2026-07-02 09:25:00+00:00,1433.4000244140625,1434.0,1432.199951171875,1432.800048828125,12418
2026-07-02 09:30:00+00:00,1434.0,1434.199951171875,1432.5604248046875,1433.4000244140625,64678
2026-07-02 09:35:00+00:00,1434.199951171875,1434.199951171875,1432.800048828125,1433.5999755859375,14089
2026-07-02 09:40:00+00:00,1433.5855712890625,1434.199951171875,1433.0,1434.0,14268
2026-07-02 09:45:00+00:00,1432.800048828125,1434.0,1432.0,1433.4000244140625,19898
2026-07-02 09:50:00+00:00,1433.199951171875,1433.5999755859375,1432.0,1432.199951171875,11477
2026-07-02 09:55:00+00:00,1434.5999755859375,1434.5999755859375,1433.32080078125,1433.5999755859375,138824
2026-07-02 10:00:00+00:00,1431.5999755859375,1434.4000244140625,1431.0,1434.4000244140625,41935
2026-07-02 10:05:00+00:00,1432.5999755859375,1433.0,1431.199951171875,1431.5999755859375,81409
2026-07-02 10:10:00+00:00,1432.4000244140625,1433.199951171875,1432.0,1432.4000244140625,21575
2026-07-02 10:15:00+00:00,1433.0,1433.0,1432.0,1432.5999755859375,26726
2026-07-02 10:20:00+00:00,1433.199951171875,1433.5999755859375,1432.4000244140625,1432.800048828125,29449
2026-07-02 10:25:00+00:00,1433.800048828125,1434.0,1432.5999755859375,1433.4000244140625,21134
2026-07-02 10:30:00+00:00,1434.2850341796875,1435.0,1434.199951171875,1434.199951171875,31062
2026-07-02 10:35:00+00:00,1433.5999755859375,1434.199951171875,1433.5999755859375,1434.199951171875,39579
2026-07-02 10:40:00+00:00,1432.0999755859375,1434.0,1431.7049560546875,1433.800048828125,43230
2026-07-02 10:45:00+00:00,1432.0,1432.5999755859375,1431.199951171875,1432.199951171875,19202
2026-07-02 10:50:00+00:00,1433.0,1433.199951171875,1431.5999755859375,1432.199951171875,34328
2026-07-02 10:55:00+00:00,1434.199951171875,1434.5999755859375,1433.0,1433.199951171875,29015
2026-07-02 11:00:00+00:00,1433.199951171875,1434.199951171875,1433.199951171875,1434.0,17988
2026-07-02 11:05:00+00:00,1433.800048828125,1434.0,1433.199951171875,1433.5999755859375,26773
2026-07-02 11:10:00+00:00,1432.199951171875,1433.7220458984375,1432.199951171875,1433.593994140625,63254
2026-07-02 11:15:00+00:00,1432.199951171875,1432.4000244140625,1431.5999755859375,1432.0,29942
2026-07-02 11:20:00+00:00,1432.0,1432.4000244140625,1431.5999755859375,1432.0,18459
2026-07-02 11:25:00+00:00,1432.0,1432.0,1431.199951171875,1432.0,29986
2026-07-02 11:30:00+00:00,1432.3404541015625,1432.5999755859375,1431.5999755859375,1431.800048828125,27173
2026-07-02 11:35:00+00:00,1433.800048828125,1433.889892578125,1432.199951171875,1432.5999755859375,48435
2026-07-02 11:40:00+00:00,1433.800048828125,1434.0,1433.4000244140625,1433.800048828125,26729
2026-07-02 11:45:00+00:00,1433.800048828125,1434.199951171875,1433.5999755859375,1433.5999755859375,35510
2026-07-02 11:50:00+00:00,1434.199951171875,1434.800048828125,1433.800048828125,1434.199951171875,35033
2026-07-02 11:55:00+00:00,1434.5999755859375,1434.800048828125,1433.800048828125,1433.800048828125,27237
2026-07-02 12:00:00+00:00,1436.5999755859375,1436.5999755859375,1434.199951171875,1434.4000244140625,39485
2026-07-02 12:05:00+00:00,1437.800048828125,1437.800048828125,1436.5999755859375,1436.800048828125,77620
2026-07-02 12:10:00+00:00,1439.1259765625,1439.199951171875,1437.0,1437.5999755859375,48444
2026-07-02 12:15:00+00:00,1439.0,1439.800048828125,1438.5999755859375,1439.199951171875,38723
2026-07-02 12:20:00+00:00,1440.0,1440.5999755859375,1433.800048828125,1438.800048828125,104535
2026-07-02 12:25:00+00:00,1439.800048828125,1440.800048828125,1439.5999755859375,1440.0,41368
2026-07-02 12:30:00+00:00,1440.199951171875,1440.800048828125,1438.5999755859375,1440.199951171875,122959
2026-07-02 12:35:00+00:00,1440.800048828125,1441.199951171875,1439.5999755859375,1440.4000244140625,31677
2026-07-02 12:40:00+00:00,1440.199951171875,1441.199951171875,1439.800048828125,1441.199951171875,48155
2026-07-02 12:45:00+00:00,1441.4000244140625,1441.4000244140625,1440.199951171875,1440.199951171875,60530
2026-07-02 12:50:00+00:00,1440.5999755859375,1442.0,1440.4000244140625,1441.5999755859375,43991
2026-07-02 12:55:00+00:00,1438.199951171875,1440.0,1438.199951171875,1440.0,166545
2026-07-02 13:00:00+00:00,1438.199951171875,1439.199951171875,1437.5999755859375,1438.199951171875,167806
2026-07-02 13:05:00+00:00,1438.800048828125,1438.800048828125,1436.43994140625,1437.5999755859375,21696
2026-07-02 13:10:00+00:00,1440.800048828125,1440.800048828125,1438.7178955078125,1438.800048828125,50917
2026-07-02 13:15:00+00:00,1441.4000244140625,1441.800048828125,1440.800048828125,1440.800048828125,21733
2026-07-02 13:20:00+00:00,1443.5999755859375,1443.800048828125,1441.4000244140625,1441.4000244140625,45677
2026-07-02 13:25:00+00:00,1447.199951171875,1448.4000244140625,1443.5999755859375,1443.5999755859375,95724
2026-07-02 13:30:00+00:00,1447.5999755859375,1449.5,1445.4000244140625,1447.199951171875,211387
2026-07-02 13:35:00+00:00,1447.5999755859375,1451.5999755859375,1445.5999755859375,1448.800048828125,234340
2026-07-02 13:40:00+00:00,1451.5999755859375,1452.4000244140625,1430.800048828125,1430.800048828125,2013352
2026-07-02 13:45:00+00:00,1453.199951171875,1453.800048828125,1450.800048828125,1451.4000244140625,123133
2026-07-02 13:50:00+00:00,1455.199951171875,1456.4000244140625,1453.199951171875,1453.199951171875,163094
2026-07-02 13:55:00+00:00,1453.199951171875,1455.800048828125,1451.5999755859375,1455.800048828125,122909
2026-07-02 14:00:00+00:00,1452.0,1453.800048828125,1451.4000244140625,1453.199951171875,89477
2026-07-02 14:05:00+00:00,1453.0,1454.5999755859375,1452.4000244140625,1452.4000244140625,73780
2026-07-02 14:10:00+00:00,1456.0,1456.4000244140625,1452.800048828125,1453.0,122334
2026-07-02 14:15:00+00:00,1455.4000244140625,1457.0,1454.4000244140625,1456.199951171875,200866
2026-07-02 14:20:00+00:00,1451.5999755859375,1454.800048828125,1451.199951171875,1454.800048828125,69586
2026-07-02 14:25:00+00:00,1450.199951171875,1451.4000244140625,1449.5999755859375,1451.4000244140625,98926
2026-07-02 14:30:00+00:00,1450.5999755859375,1452.5999755859375,1430.800048828125,1450.5999755859375,572991
2026-07-02 14:35:00+00:00,1450.0,1452.800048828125,1430.800048828125,1450.800048828125,2408767
2026-07-02 14:40:00+00:00,1448.8699951171875,1451.4000244140625,1448.800048828125,1450.5999755859375,78376
2026-07-02 14:45:00+00:00,1449.4000244140625,1450.199951171875,1448.0,1449.0,192495
2026-07-02 14:50:00+00:00,1448.800048828125,1450.0,1448.0,1449.0,112955
2026-07-02 14:55:00+00:00,1451.199951171875,1451.199951171875,1448.4000244140625,1449.0,128579
2026-07-02 15:00:00+00:00,1450.5999755859375,1452.800048828125,1450.5999755859375,1451.0,142329
2026-07-02 15:05:00+00:00,1450.800048828125,1451.0,1448.5999755859375,1450.5999755859375,153969
2026-07-02 15:10:00+00:00,1453.199951171875,1454.199951171875,1450.4000244140625,1450.5999755859375,227530
2026-07-02 15:15:00+00:00,1450.5999755859375,1453.800048828125,1450.0,1453.4000244140625,0
2026-07-02 15:20:00+00:00,1449.800048828125,1451.5999755859375,1449.800048828125,1450.5999755859375,306983
2026-07-02 15:25:00+00:00,1447.4000244140625,1451.800048828125,1447.4000244140625,1449.800048828125,302155
2026-07-03 07:00:00+00:00,1452.4000244140625,1454.4000244140625,1449.199951171875,1450.5999755859375,261009
2026-07-03 07:05:00+00:00,1453.199951171875,1454.0,1451.4000244140625,1452.949951171875,293043
2026-07-03 07:10:00+00:00,1454.0,1454.5999755859375,1452.199951171875,1452.800048828125,311041
2026-07-03 07:15:00+00:00,1452.199951171875,1453.800048828125,1451.199951171875,1453.800048828125,75196
2026-07-03 07:20:00+00:00,1452.199951171875,1453.5999755859375,1451.4000244140625,1452.199951171875,77519
2026-07-03 07:25:00+00:00,1450.5999755859375,1452.199951171875,1449.199951171875,1452.0,53341
2026-07-03 07:30:00+00:00,1449.800048828125,1450.800048828125,1449.800048828125,1450.4000244140625,44346
2026-07-03 07:35:00+00:00,1449.199951171875,1450.4000244140625,1448.800048828125,1449.800048828125,59553
2026-07-03 07:40:00+00:00,1448.199951171875,1449.4000244140625,1447.5999755859375,1449.4000244140625,40451
2026-07-03 07:45:00+00:00,1448.0,1448.800048828125,1447.4000244140625,1448.0,77766
2026-07-03 07:50:00+00:00,1448.199951171875,1449.5999755859375,1447.800048828125,1448.050048828125,42591
2026-07-03 07:55:00+00:00,1448.800048828125,1449.800048828125,1448.199951171875,1448.199951171875,180101
2026-07-03 08:00:00+00:00,1450.5999755859375,1450.5999755859375,1448.5999755859375,1448.5999755859375,61433
2026-07-03 08:05:00+00:00,1451.5999755859375,1452.800048828125,1450.0,1450.5999755859375,88026
2026-07-03 08:10:00+00:00,1451.199951171875,1452.0,1451.0,1451.199951171875,38043
2026-07-03 08:15:00+00:00,1449.5999755859375,1451.199951171875,1449.4000244140625,1451.0,46896
2026-07-03 08:20:00+00:00,1447.5999755859375,1449.800048828125,1447.4000244140625,1449.5999755859375,81234
2026-07-03 08:25:00+00:00,1448.199951171875,1449.4000244140625,1446.800048828125,1447.800048828125,125676
2026-07-03 08:30:00+00:00,1446.4000244140625,1448.800048828125,1446.4000244140625,1448.5999755859375,31910
2026-07-03 08:35:00+00:00,1443.800048828125,1447.4000244140625,1443.800048828125,1446.5999755859375,35413
2026-07-03 08:40:00+00:00,1443.0,1444.0,1442.5999755859375,1444.0,104633
2026-07-03 08:45:00+00:00,1440.4000244140625,1444.0,1440.4000244140625,1443.0,89731
2026-07-03 08:50:00+00:00,1442.800048828125,1443.0,1439.4000244140625,1440.4000244140625,78520
2026-07-03 08:55:00+00:00,1443.4000244140625,1444.4000244140625,1442.800048828125,1443.0,18048
2026-07-03 09:00:00+00:00,1442.0,1443.5999755859375,1441.5999755859375,1443.5999755859375,14724
2026-07-03 09:05:00+00:00,1442.4000244140625,1442.4000244140625,1441.4000244140625,1442.0,17907
2026-07-03 09:10:00+00:00,1444.5999755859375,1445.0,1442.0,1442.199951171875,101237
2026-07-03 09:15:00+00:00,1444.0,1444.5999755859375,1442.800048828125,1444.199951171875,29843
2026-07-03 09:20:00+00:00,1442.5999755859375,1444.800048828125,1442.4000244140625,1444.0140380859375,21177
2026-07-03 09:25:00+00:00,1441.0699462890625,1443.4000244140625,1441.0699462890625,1443.0,35985
2026-07-03 09:30:00+00:00,1440.800048828125,1443.199951171875,1440.800048828125,1441.0,62747
2026-07-03 09:35:00+00:00,1439.0,1441.199951171875,1438.4000244140625,1440.800048828125,184014
2026-07-03 09:40:00+00:00,1439.0,1440.0,1438.0,1438.800048828125,253273
2026-07-03 09:45:00+00:00,1438.4000244140625,1439.0,1438.199951171875,1438.800048828125,258508
2026-07-03 09:50:00+00:00,1440.199951171875,1440.199951171875,1438.0,1438.4000244140625,62050
2026-07-03 09:55:00+00:00,1440.0,1441.199951171875,1438.800048828125,1440.0,118812
2026-07-03 10:00:00+00:00,1440.946044921875,1441.0,1439.5999755859375,1440.199951171875,13066
2026-07-03 10:05:00+00:00,1440.5999755859375,1441.199951171875,1440.0,1441.199951171875,8499
2026-07-03 10:10:00+00:00,1441.0,1441.0,1440.0,1440.678955078125,19037
2026-07-03 10:15:00+00:00,1439.5999755859375,1440.800048828125,1439.0,1440.800048828125,57943
2026-07-03 10:20:00+00:00,1440.0,1440.4000244140625,1439.0,1439.4000244140625,12953
2026-07-03 10:25:00+00:00,1440.199951171875,1440.800048828125,1439.800048828125,1439.800048828125,16909
2026-07-03 10:30:00+00:00,1439.800048828125,1440.635986328125,1439.800048828125,1440.5999755859375,7022
2026-07-03 10:35:00+00:00,1439.5999755859375,1439.800048828125,1438.5999755859375,1439.5999755859375,42400
2026-07-03 10:40:00+00:00,1438.5999755859375,1440.199951171875,1438.5999755859375,1440.0,7811
2026-07-03 10:45:00+00:00,1438.4000244140625,1439.0,1438.0,1438.4000244140625,11820
2026-07-03 10:50:00+00:00,1438.800048828125,1439.199951171875,1438.0,1438.5589599609375,30643
2026-07-03 10:55:00+00:00,1440.0,1440.0,1438.199951171875,1439.0,15275
2026-07-03 11:00:00+00:00,1439.800048828125,1440.199951171875,1438.800048828125,1440.199951171875,13848
2026-07-03 11:05:00+00:00,1438.800048828125,1440.0,1438.800048828125,1439.800048828125,30917
2026-07-03 11:10:00+00:00,1438.0,1438.4000244140625,1437.800048828125,1438.199951171875,12294
2026-07-03 11:15:00+00:00,1439.0,1439.0,1438.0,1438.0,64612
2026-07-03 11:20:00+00:00,1439.0,1439.800048828125,1438.800048828125,1439.0,19261
2026-07-03 11:25:00+00:00,1438.5999755859375,1439.0,1438.0,1438.800048828125,27136
2026-07-03 11:30:00+00:00,1440.800048828125,1441.199951171875,1438.5999755859375,1438.5999755859375,11208
2026-07-03 11:35:00+00:00,1440.5999755859375,1440.800048828125,1439.4000244140625,1440.5999755859375,16754
2026-07-03 11:40:00+00:00,1441.4000244140625,1441.5999755859375,1440.199951171875,1440.199951171875,9177
2026-07-03 11:45:00+00:00,1442.800048828125,1443.199951171875,1441.0,1441.4000244140625,320173
2026-07-03 11:50:00+00:00,1442.5999755859375,1443.0,1441.0,1442.800048828125,67055
2026-07-03 11:55:00+00:00,1442.4000244140625,1442.800048828125,1441.4000244140625,1442.5999755859375,52036
2026-07-03 12:00:00+00:00,1443.0,1443.800048828125,1441.0,1442.800048828125,323335
2026-07-03 12:05:00+00:00,1441.800048828125,1443.0806884765625,1441.800048828125,1443.0806884765625,6998
2026-07-03 12:10:00+00:00,1441.5999755859375,1441.8599853515625,1441.0,1441.800048828125,6850
2026-07-03 12:15:00+00:00,1441.0,1442.0,1440.5999755859375,1441.5999755859375,7506
2026-07-03 12:20:00+00:00,1441.5999755859375,1441.5999755859375,1440.0,1440.800048828125,25379
2026-07-03 12:25:00+00:00,1442.0,1442.5999755859375,1441.4000244140625,1441.5999755859375,0
2026-07-03 12:30:00+00:00,1441.43994140625,1442.199951171875,1441.199951171875,1441.5999755859375,7853
2026-07-03 12:35:00+00:00,1441.4000244140625,1442.0,1440.800048828125,1441.199951171875,10329
2026-07-03 12:40:00+00:00,1443.199951171875,1443.4000244140625,1441.800048828125,1441.800048828125,31303
2026-07-03 12:45:00+00:00,1444.5999755859375,1444.5999755859375,1443.199951171875,1443.199951171875,11738
2026-07-03 12:50:00+00:00,1444.2950439453125,1444.5999755859375,1443.4000244140625,1444.4000244140625,7069
2026-07-03 12:55:00+00:00,1444.4000244140625,1445.0,1444.199951171875,1444.4000244140625,7803
2026-07-03 13:00:00+00:00,1444.800048828125,1445.800048828125,1444.4000244140625,1444.4000244140625,11375
2026-07-03 13:05:00+00:00,1444.199951171875,1444.5999755859375,1443.5999755859375,1444.5999755859375,7269
2026-07-03 13:10:00+00:00,1444.4000244140625,1444.4000244140625,1443.800048828125,1444.0,7102
2026-07-03 13:15:00+00:00,1445.0,1445.4000244140625,1444.4000244140625,1444.4000244140625,7507
2026-07-03 13:20:00+00:00,1446.0,1446.199951171875,1445.199951171875,1445.199951171875,29805
2026-07-03 13:25:00+00:00,1446.199951171875,1446.800048828125,1445.800048828125,1446.0,40092
2026-07-03 13:30:00+00:00,1445.0,1446.199951171875,1444.0,1446.199951171875,19257
2026-07-03 13:35:00+00:00,1446.0,1446.199951171875,1444.800048828125,1445.199951171875,24561
2026-07-03 13:40:00+00:00,1446.199951171875,1447.4000244140625,1445.2635498046875,1445.5999755859375,91767
2026-07-03 13:45:00+00:00,1447.800048828125,1447.800048828125,1446.4000244140625,1446.4000244140625,46688
2026-07-03 13:50:00+00:00,1447.199951171875,1448.0,1447.0,1447.5999755859375,27351
2026-07-03 13:55:00+00:00,1447.300048828125,1447.5404052734375,1446.4000244140625,1447.199951171875,17442
2026-07-03 14:00:00+00:00,1446.800048828125,1447.800048828125,1446.4000244140625,1447.5999755859375,18379
2026-07-03 14:05:00+00:00,1445.4000244140625,1447.199951171875,1445.4000244140625,1446.800048828125,15298
2026-07-03 14:10:00+00:00,1446.4000244140625,1447.0,1445.800048828125,1445.800048828125,34879
2026-07-03 14:15:00+00:00,1445.4000244140625,1446.5999755859375,1445.0,1446.4000244140625,14911
2026-07-03 14:20:00+00:00,1446.4000244140625,1446.800048828125,1445.199951171875,1445.4000244140625,29204
2026-07-03 14:25:00+00:00,1447.0,1447.0,1445.6810302734375,1446.5999755859375,27999
2026-07-03 14:30:00+00:00,1447.800048828125,1448.4000244140625,1446.4000244140625,1446.5999755859375,26937
2026-07-03 14:35:00+00:00,1448.199951171875,1449.0,1447.5999755859375,1447.5999755859375,50421
2026-07-03 14:40:00+00:00,1448.5999755859375,1449.0,1448.0,1448.4000244140625,22574
2026-07-03 14:45:00+00:00,1449.0,1449.5999755859375,1448.4000244140625,1448.5999755859375,166414
2026-07-03 14:50:00+00:00,1451.0,1451.0,1449.199951171875,1449.199951171875,64714
2026-07-03 14:55:00+00:00,1451.199951171875,1452.0,1450.800048828125,1450.800048828125,24648
2026-07-03 15:00:00+00:00,1450.0,1451.5999755859375,1449.5999755859375,1451.199951171875,49776
2026-07-03 15:05:00+00:00,1449.800048828125,1451.0,1449.5999755859375,1450.0,117873
2026-07-03 15:10:00+00:00,1450.199951171875,1450.5999755859375,1448.800048828125,1449.5999755859375,90075
2026-07-03 15:15:00+00:00,1449.5999755859375,1450.4000244140625,1449.4000244140625,1450.4000244140625,65992
2026-07-03 15:20:00+00:00,1449.5999755859375,1449.800048828125,1448.800048828125,1449.5999755859375,76640
2026-07-03 15:25:00+00:00,1450.199951171875,1450.4000244140625,1449.0,1449.6309814453125,80227
2026-07-06 07:00:00+00:00,1447.4000244140625,1590.0,1444.989990234375,1590.0,0
2026-07-06 07:05:00+00:00,1449.199951171875,1450.5999755859375,1445.199951171875,1447.800048828125,159566
2026-07-06 07:10:00+00:00,1450.800048828125,1451.0,1448.800048828125,1449.199951171875,109942
2026-07-06 07:15:00+00:00,1451.199951171875,1451.199951171875,1449.800048828125,1450.5999755859375,53005
2026-07-06 07:20:00+00:00,1450.800048828125,1451.199951171875,1448.199951171875,1450.800048828125,74603
2026-07-06 07:25:00+00:00,1451.199951171875,1451.4000244140625,1449.800048828125,1450.4000244140625,125412
2026-07-06 07:30:00+00:00,1451.5999755859375,1454.4000244140625,1450.5400390625,1451.0,402051
2026-07-06 07:35:00+00:00,1452.199951171875,1453.800048828125,1451.5999755859375,1452.0,118072
2026-07-06 07:40:00+00:00,1452.199951171875,1452.800048828125,1452.0,1452.759033203125,59788
2026-07-06 07:45:00+00:00,1453.0,1453.800048828125,1451.199951171875,1452.199951171875,227148
2026-07-06 07:50:00+00:00,1452.4000244140625,1453.5999755859375,1451.4000244140625,1453.199951171875,149068
2026-07-06 07:55:00+00:00,1454.1610107421875,1454.199951171875,1452.199951171875,1452.5999755859375,182193
2026-07-06 08:00:00+00:00,1456.4000244140625,1457.800048828125,1453.800048828125,1453.800048828125,100145
2026-07-06 08:05:00+00:00,1458.4000244140625,1458.637939453125,1456.4000244140625,1456.5999755859375,95453
2026-07-06 08:10:00+00:00,1459.0,1459.0,1457.800048828125,1458.199951171875,16560
2026-07-06 08:15:00+00:00,1458.5999755859375,1459.199951171875,1457.5999755859375,1458.800048828125,39647
2026-07-06 08:20:00+00:00,1459.199951171875,1459.5999755859375,1458.4000244140625,1458.4000244140625,16838
2026-07-06 08:25:00+00:00,1460.5999755859375,1460.5999755859375,1458.5999755859375,1459.0,17811
2026-07-06 08:30:00+00:00,1459.0,1460.7640380859375,1459.0,1460.5999755859375,28157
2026-07-06 08:35:00+00:00,1457.0,1458.7650146484375,1456.5999755859375,1458.4000244140625,38284
2026-07-06 08:40:00+00:00,1457.740966796875,1458.0,1457.0,1457.199951171875,5833
2026-07-06 08:45:00+00:00,1458.4000244140625,1459.800048828125,1458.0,1458.0,27294
2026-07-06 08:50:00+00:00,1458.5999755859375,1459.0,1458.0,1459.0,55377
2026-07-06 08:55:00+00:00,1456.0,1459.0,1455.4000244140625,1458.199951171875,55951
2026-07-06 09:00:00+00:00,1453.199951171875,1456.0,1453.199951171875,1456.0,14508
2026-07-06 09:05:00+00:00,1451.4000244140625,1453.5999755859375,1450.800048828125,1453.199951171875,14330
2026-07-06 09:10:00+00:00,1452.0400390625,1452.4000244140625,1451.0,1451.199951171875,26613
2026-07-06 09:15:00+00:00,1451.0,1452.4000244140625,1451.0,1452.199951171875,89796
2026-07-06 09:20:00+00:00,1451.4000244140625,1451.4000244140625,1450.199951171875,1451.199951171875,21725
2026-07-06 09:25:00+00:00,1452.199951171875,1453.0,1451.5999755859375,1451.5999755859375,8257
2026-07-06 09:30:00+00:00,1451.199951171875,1452.5999755859375,1451.199951171875,1452.4000244140625,33897
2026-07-06 09:35:00+00:00,1451.800048828125,1452.5999755859375,1451.4000244140625,1451.4000244140625,19400
2026-07-06 09:40:00+00:00,1454.199951171875,1454.800048828125,1451.800048828125,1451.800048828125,13692
2026-07-06 09:45:00+00:00,1454.4000244140625,1455.0,1453.5003662109375,1454.5999755859375,28317
2026-07-06 09:50:00+00:00,1453.199951171875,1454.5999755859375,1453.199951171875,1454.5999755859375,87659
2026-07-06 09:55:00+00:00,1451.4000244140625,1453.0,1451.0,1453.0,130220
2026-07-06 10:00:00+00:00,1450.800048828125,1452.0,1450.800048828125,1451.199951171875,20726
2026-07-06 10:05:00+00:00,1450.5999755859375,1450.5999755859375,1450.0,1450.4000244140625,12896
2026-07-06 10:10:00+00:00,1450.199951171875,1451.0,1450.199951171875,1450.5999755859375,10641
2026-07-06 10:15:00+00:00,1451.0,1451.0,1450.0,1450.0,13712
2026-07-06 10:20:00+00:00,1450.4000244140625,1451.4000244140625,1449.800048828125,1451.0,22673
2026-07-06 10:25:00+00:00,1450.800048828125,1450.800048828125,1450.0,1450.4000244140625,12435
2026-07-06 10:30:00+00:00,1450.199951171875,1451.199951171875,1450.199951171875,1450.800048828125,22270
2026-07-06 10:35:00+00:00,1450.4000244140625,1450.800048828125,1449.800048828125,1450.4000244140625,14228
2026-07-06 10:40:00+00:00,1450.0,1450.5999755859375,1449.800048828125,1450.5999755859375,26097
2026-07-06 10:45:00+00:00,1450.5999755859375,1450.5999755859375,1449.800048828125,1449.800048828125,26065
2026-07-06 10:50:00+00:00,1449.199951171875,1450.4000244140625,1448.5999755859375,1450.199951171875,36801
2026-07-06 10:55:00+00:00,1449.4000244140625,1449.5999755859375,1449.0,1449.4000244140625,8700
2026-07-06 11:00:00+00:00,1449.4000244140625,1450.5999755859375,1449.4000244140625,1449.5999755859375,43012
2026-07-06 11:05:00+00:00,1448.199951171875,1449.800048828125,1447.800048828125,1449.4000244140625,134813
2026-07-06 11:10:00+00:00,1448.199951171875,1448.4000244140625,1447.5999755859375,1448.199951171875,55464
2026-07-06 11:15:00+00:00,1448.199951171875,1448.800048828125,1448.199951171875,1448.5999755859375,24315
2026-07-06 11:20:00+00:00,1447.5999755859375,1448.199951171875,1447.4000244140625,1448.0,22660
2026-07-06 11:25:00+00:00,1446.5999755859375,1447.4000244140625,1446.4000244140625,1447.4000244140625,9166
2026-07-06 11:30:00+00:00,1447.199951171875,1447.199951171875,1445.800048828125,1446.5999755859375,18485
2026-07-06 11:35:00+00:00,1446.5999755859375,1447.199951171875,1446.199951171875,1447.199951171875,22021
2026-07-06 11:40:00+00:00,1445.5999755859375,1446.5999755859375,1444.5999755859375,1446.4000244140625,36308
2026-07-06 11:45:00+00:00,1445.199951171875,1446.199951171875,1445.0,1445.800048828125,32695
2026-07-06 11:50:00+00:00,1445.4000244140625,1446.739990234375,1444.800048828125,1445.0,58247
2026-07-06 11:55:00+00:00,1444.800048828125,1445.5999755859375,1444.363037109375,1444.9000244140625,68590
2026-07-06 12:00:00+00:00,1446.5999755859375,1446.800048828125,1444.800048828125,1444.800048828125,22772
2026-07-06 12:05:00+00:00,1446.4000244140625,1446.4000244140625,1445.4000244140625,1446.199951171875,42521
2026-07-06 12:10:00+00:00,1446.5999755859375,1446.800048828125,1445.800048828125,1446.3199462890625,20658
2026-07-06 12:15:00+00:00,1448.0,1448.4000244140625,1446.5999755859375,1446.5999755859375,22123
2026-07-06 12:20:00+00:00,1448.4000244140625,1448.5999755859375,1447.800048828125,1448.4000244140625,30674
2026-07-06 12:25:00+00:00,1447.199951171875,1448.0,1446.5999755859375,1448.0,42098
2026-07-06 12:30:00+00:00,1447.0,1447.5999755859375,1446.800048828125,1447.4000244140625,22049
2026-07-06 12:35:00+00:00,1447.4000244140625,1447.800048828125,1446.5999755859375,1446.800048828125,11414
2026-07-06 12:40:00+00:00,1449.5999755859375,1449.5999755859375,1447.199951171875,1447.199951171875,21467
2026-07-06 12:45:00+00:00,1449.4000244140625,1450.0,1447.1409912109375,1449.5999755859375,208544
2026-07-06 12:50:00+00:00,1450.4000244140625,1450.4000244140625,1448.800048828125,1449.800048828125,7356
2026-07-06 12:55:00+00:00,1451.199951171875,1451.800048828125,1450.5999755859375,1450.800048828125,5622
2026-07-06 13:00:00+00:00,1451.199951171875,1452.0,1450.800048828125,1451.0,35748
2026-07-06 13:05:00+00:00,1451.5999755859375,1452.5999755859375,1451.199951171875,1451.4000244140625,15167
2026-07-06 13:10:00+00:00,1450.4000244140625,1451.800048828125,1450.199951171875,1451.5999755859375,24563
2026-07-06 13:15:00+00:00,1449.800048828125,1450.800048828125,1449.4000244140625,1450.21484375,61343
2026-07-06 13:20:00+00:00,1452.4000244140625,1452.4000244140625,1449.800048828125,1450.0,25778
2026-07-06 13:25:00+00:00,1454.800048828125,1454.800048828125,1452.199951171875,1452.199951171875,69565
2026-07-06 13:30:00+00:00,1461.5400390625,1462.800048828125,1454.4000244140625,1455.0,516813
2026-07-06 13:35:00+00:00,1462.5999755859375,1464.0,1448.5999755859375,1463.0,4593453
2026-07-06 13:40:00+00:00,1464.199951171875,1464.199951171875,1461.0,1462.5999755859375,390188
2026-07-06 13:45:00+00:00,1462.199951171875,1464.300048828125,1461.199951171875,1463.5999755859375,257023
2026-07-06 13:50:00+00:00,1461.0,1462.5999755859375,1460.4000244140625,1461.5999755859375,83032
2026-07-06 13:55:00+00:00,1460.199951171875,1461.199951171875,1459.4000244140625,1461.199951171875,16064
2026-07-06 14:00:00+00:00,1459.0,1461.0,1458.199951171875,1460.199951171875,370439
2026-07-06 14:05:00+00:00,1460.0,1460.4000244140625,1458.4000244140625,1458.800048828125,141702
2026-07-06 14:10:00+00:00,1460.800048828125,1461.4000244140625,1459.5999755859375,1460.0,60975
2026-07-06 14:15:00+00:00,1462.5999755859375,1462.5999755859375,1460.5999755859375,1460.800048828125,20346
2026-07-06 14:20:00+00:00,1462.4000244140625,1463.5999755859375,1461.4000244140625,1462.5999755859375,33644
2026-07-06 14:25:00+00:00,1463.800048828125,1463.800048828125,1462.199951171875,1462.6719970703125,64245
2026-07-06 14:30:00+00:00,1462.3699951171875,1464.0,1461.5999755859375,1463.7039794921875,43723
2026-07-06 14:35:00+00:00,1463.5999755859375,1464.0,1462.0,1462.199951171875,19731
2026-07-06 14:40:00+00:00,1466.0,1466.4000244140625,1463.800048828125,1463.800048828125,82777
2026-07-06 14:45:00+00:00,1465.1400146484375,1465.740234375,1464.5999755859375,1465.5999755859375,89898
2026-07-06 14:50:00+00:00,1465.4000244140625,1466.0,1464.800048828125,1465.0,74959
2026-07-06 14:55:00+00:00,1464.199951171875,1465.5999755859375,1464.1795654296875,1465.199951171875,104881
2026-07-06 15:00:00+00:00,1463.5999755859375,1465.800048828125,1463.5999755859375,1464.4000244140625,99065
2026-07-06 15:05:00+00:00,1463.85009765625,1464.4000244140625,1463.4000244140625,1463.800048828125,65972
2026-07-06 15:10:00+00:00,1462.800048828125,1463.800048828125,1462.5999755859375,1463.800048828125,93245
2026-07-06 15:15:00+00:00,1463.4000244140625,1464.4000244140625,1463.0,1463.0,87677
2026-07-06 15:20:00+00:00,1464.5999755859375,1464.800048828125,1463.199951171875,1463.5999755859375,119511
2026-07-06 15:25:00+00:00,1466.4000244140625,1467.0,1464.199951171875,1464.800048828125,167307
2026-07-07 07:00:00+00:00,1459.4000244140625,1463.0,1459.199951171875,1462.5999755859375,341314
2026-07-07 07:05:00+00:00,1460.0,1460.5999755859375,1457.800048828125,1459.4000244140625,172743
2026-07-07 07:10:00+00:00,1459.800048828125,1462.199951171875,1458.199951171875,1459.5999755859375,119680
2026-07-07 07:15:00+00:00,1461.5999755859375,1462.5999755859375,1459.5999755859375,1459.800048828125,201630
2026-07-07 07:20:00+00:00,1461.4000244140625,1462.4000244140625,1460.800048828125,1461.199951171875,106088
2026-07-07 07:25:00+00:00,1460.4000244140625,1461.800048828125,1460.0,1461.4000244140625,120656
2026-07-07 07:30:00+00:00,1459.6080322265625,1460.4000244140625,1458.5999755859375,1460.199951171875,62673
2026-07-07 07:35:00+00:00,1461.0,1461.199951171875,1459.4000244140625,1459.4000244140625,37491
2026-07-07 07:40:00+00:00,1461.0,1462.0,1460.4000244140625,1461.4000244140625,88448
2026-07-07 07:45:00+00:00,1460.199951171875,1461.4000244140625,1460.0,1460.800048828125,104658
2026-07-07 07:50:00+00:00,1462.0,1462.199951171875,1459.4000244140625,1460.199951171875,129673
2026-07-07 07:55:00+00:00,1462.5999755859375,1463.199951171875,1461.5999755859375,1461.800048828125,133939
2026-07-07 08:00:00+00:00,1465.0,1465.0,1462.800048828125,1463.0,108470
2026-07-07 08:05:00+00:00,1465.199951171875,1465.800048828125,1464.5999755859375,1464.800048828125,63695
2026-07-07 08:10:00+00:00,1465.4000244140625,1466.5999755859375,1464.800048828125,1465.199951171875,45280
2026-07-07 08:15:00+00:00,1467.0,1467.0,1465.199951171875,1465.199951171875,48952
2026-07-07 08:20:00+00:00,1465.0,1467.0,1465.0,1467.0,11151
2026-07-07 08:25:00+00:00,1462.0,1465.4000244140625,1461.5999755859375,1465.0,30162
2026-07-07 08:30:00+00:00,1460.4000244140625,1462.385986328125,1460.199951171875,1462.0,30698
2026-07-07 08:35:00+00:00,1460.4000244140625,1460.800048828125,1460.199951171875,1460.199951171875,7740
2026-07-07 08:40:00+00:00,1461.530029296875,1461.800048828125,1460.43798828125,1460.5999755859375,33552
2026-07-07 08:45:00+00:00,1462.0,1463.1839599609375,1461.5999755859375,1461.5999755859375,22845
2026-07-07 08:50:00+00:00,1462.0,1463.199951171875,1461.385986328125,1461.5999755859375,36986
2026-07-07 08:55:00+00:00,1461.199951171875,1462.0,1460.4000244140625,1462.0,21416
2026-07-07 09:00:00+00:00,1462.5999755859375,1462.5999755859375,1460.5999755859375,1461.4000244140625,43644
2026-07-07 09:05:00+00:00,1462.4000244140625,1463.0999755859375,1462.0,1462.199951171875,9936
2026-07-07 09:10:00+00:00,1461.800048828125,1462.800048828125,1461.537841796875,1462.199951171875,32988
2026-07-07 09:15:00+00:00,1463.199951171875,1463.5999755859375,1461.5999755859375,1462.199951171875,29696
2026-07-07 09:20:00+00:00,1464.800048828125,1465.199951171875,1463.0,1463.5999755859375,15448
2026-07-07 09:25:00+00:00,1463.4000244140625,1464.5999755859375,1463.4000244140625,1464.5999755859375,15611
2026-07-07 09:30:00+00:00,1463.800048828125,1464.4000244140625,1462.93994140625,1463.4000244140625,9172
2026-07-07 09:35:00+00:00,1462.199951171875,1463.5999755859375,1461.199951171875,1463.4000244140625,57328
2026-07-07 09:40:00+00:00,1463.719970703125,1464.0,1461.199951171875,1462.199951171875,15380
2026-07-07 09:45:00+00:00,1463.800048828125,1464.0,1462.8079833984375,1463.4000244140625,5587
2026-07-07 09:50:00+00:00,1460.199951171875,1463.5999755859375,1460.199951171875,1463.5999755859375,128059
2026-07-07 09:55:00+00:00,1461.5999755859375,1461.5999755859375,1459.800048828125,1460.199951171875,19452
2026-07-07 10:00:00+00:00,1462.407958984375,1463.0,1461.0,1461.5999755859375,89125
2026-07-07 10:05:00+00:00,1462.0,1463.199951171875,1462.0,1462.5999755859375,11677
2026-07-07 10:10:00+00:00,1461.4000244140625,1462.4000244140625,1461.0,1462.199951171875,29557
2026-07-07 10:15:00+00:00,1461.5999755859375,1462.4000244140625,1461.199951171875,1461.4000244140625,20482
2026-07-07 10:20:00+00:00,1461.800048828125,1462.199951171875,1461.5999755859375,1461.800048828125,43294
2026-07-07 10:25:00+00:00,1457.5999755859375,1462.0,1457.5999755859375,1462.0,68777
2026-07-07 10:30:00+00:00,1459.5999755859375,1459.5999755859375,1457.199951171875,1457.4000244140625,133594
2026-07-07 10:35:00+00:00,1458.4000244140625,1459.3853759765625,1458.0,1459.199951171875,13595
2026-07-07 10:40:00+00:00,1455.0,1462.5999755859375,1454.199951171875,1458.199951171875,641660
2026-07-07 10:45:00+00:00,1457.0,1457.0,1454.800048828125,1455.0,69306
2026-07-07 10:50:00+00:00,1456.4000244140625,1457.0,1456.0,1456.5999755859375,31193
2026-07-07 10:55:00+00:00,1454.4000244140625,1456.4000244140625,1454.4000244140625,1456.199951171875,20628
2026-07-07 11:00:00+00:00,1456.4000244140625,1456.4000244140625,1453.0,1454.0,139024
2026-07-07 11:05:00+00:00,1456.5404052734375,1457.199951171875,1456.0,1456.5999755859375,14311
2026-07-07 11:10:00+00:00,1455.0,1456.800048828125,1455.0,1456.4000244140625,6706
2026-07-07 11:15:00+00:00,1456.4075927734375,1456.5999755859375,1455.13818359375,1455.199951171875,10201
2026-07-07 11:20:00+00:00,1458.5999755859375,1458.5999755859375,1456.5,1456.5999755859375,28511
2026-07-07 11:25:00+00:00,1457.4000244140625,1459.199951171875,1457.0,1458.800048828125,43839
2026-07-07 11:30:00+00:00,1458.8077392578125,1459.199951171875,1457.4000244140625,1457.5999755859375,29210
2026-07-07 11:35:00+00:00,1459.199951171875,1459.199951171875,1458.207763671875,1458.4000244140625,14720
2026-07-07 11:40:00+00:00,1459.0,1459.5999755859375,1458.800048828125,1459.0,23645
2026-07-07 11:45:00+00:00,1460.4000244140625,1460.5999755859375,1459.4000244140625,1459.4000244140625,14209
2026-07-07 11:50:00+00:00,1456.4749755859375,1461.0,1456.4749755859375,1460.300048828125,77788
2026-07-07 11:55:00+00:00,1457.0,1458.0,1456.199951171875,1456.407958984375,22503
2026-07-07 12:00:00+00:00,1458.199951171875,1458.199951171875,1456.5999755859375,1457.5999755859375,22833
2026-07-07 12:05:00+00:00,1458.5999755859375,1459.5999755859375,1457.5999755859375,1457.5999755859375,6684
2026-07-07 12:10:00+00:00,1457.5999755859375,1459.0,1457.4000244140625,1458.5999755859375,31654
2026-07-07 12:15:00+00:00,1458.5999755859375,1458.800048828125,1456.4000244140625,1457.4000244140625,26852
2026-07-07 12:20:00+00:00,1459.5999755859375,1460.0,1458.5999755859375,1458.5999755859375,26658
2026-07-07 12:25:00+00:00,1459.199951171875,1460.4000244140625,1458.800048828125,1460.1219482421875,40853
2026-07-07 12:30:00+00:00,1460.800048828125,1461.4000244140625,1459.0,1459.4000244140625,47072
2026-07-07 12:35:00+00:00,1462.0,1463.0,1460.4000244140625,1460.800048828125,54958
2026-07-07 12:40:00+00:00,1462.0,1463.4000244140625,1461.4000244140625,1461.5999755859375,74920
2026-07-07 12:45:00+00:00,1461.5999755859375,1461.5999755859375,1460.5999755859375,1461.5999755859375,23510
2026-07-07 12:50:00+00:00,1460.0469970703125,1461.5999755859375,1459.800048828125,1461.5999755859375,16049
2026-07-07 12:55:00+00:00,1460.0,1462.5999755859375,1458.800048828125,1460.199951171875,1627062
2026-07-07 13:00:00+00:00,1458.5999755859375,1459.800048828125,1458.300048828125,1459.4000244140625,14354
2026-07-07 13:05:00+00:00,1460.469970703125,1460.5999755859375,1458.4000244140625,1458.800048828125,18054
2026-07-07 13:10:00+00:00,1461.199951171875,1461.800048828125,1459.9625244140625,1460.5999755859375,12593
2026-07-07 13:15:00+00:00,1462.199951171875,1462.199951171875,1461.199951171875,1461.800048828125,14632
2026-07-07 13:20:00+00:00,1462.0,1463.199951171875,1462.0,1462.4000244140625,25185
2026-07-07 13:25:00+00:00,1461.0,1462.5999755859375,1460.0770263671875,1462.199951171875,78715
2026-07-07 13:30:00+00:00,1465.42041015625,1466.5999755859375,1460.5999755859375,1461.199951171875,127597
2026-07-07 13:35:00+00:00,1464.0,1466.0,1462.4000244140625,1465.42041015625,51443
2026-07-07 13:40:00+00:00,1465.4000244140625,1466.800048828125,1463.800048828125,1464.0,41965
2026-07-07 13:45:00+00:00,1466.4000244140625,1466.5999755859375,1464.4000244140625,1465.4000244140625,82146
2026-07-07 13:50:00+00:00,1464.5999755859375,1466.800048828125,1463.0,1466.4000244140625,133294
2026-07-07 13:55:00+00:00,1462.5999755859375,1464.4000244140625,1461.5400390625,1464.199951171875,139855
2026-07-07 14:00:00+00:00,1461.199951171875,1463.5999755859375,1461.0,1462.800048828125,158345
2026-07-07 14:05:00+00:00,1460.800048828125,1462.4000244140625,1460.0,1461.4000244140625,112548
2026-07-07 14:10:00+00:00,1458.0,1460.5999755859375,1458.0,1460.5999755859375,58403
2026-07-07 14:15:00+00:00,1460.5999755859375,1460.5999755859375,1457.739990234375,1458.4000244140625,41631
2026-07-07 14:20:00+00:00,1457.199951171875,1460.4000244140625,1456.800048828125,1460.4000244140625,74563
2026-07-07 14:25:00+00:00,1459.0,1459.4000244140625,1456.5999755859375,1457.4000244140625,58022
2026-07-07 14:30:00+00:00,1458.0,1459.4000244140625,1457.800048828125,1459.199951171875,41382
2026-07-07 14:35:00+00:00,1454.199951171875,1458.0,1454.0,1457.800048828125,255788
2026-07-07 14:40:00+00:00,1451.0,1454.5999755859375,1450.800048828125,1454.4000244140625,141890
2026-07-07 14:45:00+00:00,1451.800048828125,1451.800048828125,1449.5999755859375,1451.0,191710
2026-07-07 14:50:00+00:00,1454.5999755859375,1454.800048828125,1451.199951171875,1452.4000244140625,163553
2026-07-07 14:55:00+00:00,1457.4000244140625,1457.800048828125,1455.0,1455.0,154752
2026-07-07 15:00:00+00:00,1456.0,1458.4000244140625,1455.800048828125,1457.0,159952
2026-07-07 15:05:00+00:00,1457.800048828125,1458.199951171875,1455.800048828125,1456.0,147411
2026-07-07 15:10:00+00:00,1457.199951171875,1458.6080322265625,1457.0,1458.4000244140625,108771
2026-07-07 15:15:00+00:00,1457.199951171875,1457.5999755859375,1455.800048828125,1457.199951171875,79870
2026-07-07 15:20:00+00:00,1457.4000244140625,1458.5999755859375,1457.199951171875,1457.4000244140625,127385
2026-07-07 15:25:00+00:00,1457.199951171875,1457.5999755859375,1455.800048828125,1457.4000244140625,163478
2026-07-08 07:00:00+00:00,1442.4000244140625,1454.0,1438.800048828125,1454.0,0
2026-07-08 07:05:00+00:00,1446.0,1446.800048828125,1441.800048828125,1442.199951171875,244215
2026-07-08 07:10:00+00:00,1449.199951171875,1450.4000244140625,1445.199951171875,1446.0,102920
2026-07-08 07:15:00+00:00,1449.4000244140625,1452.199951171875,1449.0,1449.4000244140625,99095
2026-07-08 07:20:00+00:00,1448.800048828125,1450.199951171875,1447.800048828125,1449.800048828125,95615
2026-07-08 07:25:00+00:00,1449.4000244140625,1450.199951171875,1447.4000244140625,1448.800048828125,86962
2026-07-08 07:30:00+00:00,1451.0,1453.0,1449.199951171875,1449.5999755859375,128860
2026-07-08 07:35:00+00:00,1450.5999755859375,1450.800048828125,1448.4000244140625,1450.791015625,188948
2026-07-08 07:40:00+00:00,1453.5999755859375,1454.0,1450.5999755859375,1450.5999755859375,116562
2026-07-08 07:45:00+00:00,1453.4486083984375,1454.4000244140625,1452.800048828125,1453.5999755859375,38847
2026-07-08 07:50:00+00:00,1451.4000244140625,1453.800048828125,1450.5999755859375,1453.800048828125,56670
2026-07-08 07:55:00+00:00,1450.4000244140625,1452.0,1450.199951171875,1451.0,109360
2026-07-08 08:00:00+00:00,1450.4000244140625,1451.4000244140625,1449.4000244140625,1450.5999755859375,32864
2026-07-08 08:05:00+00:00,1450.4000244140625,1451.0,1449.5999755859375,1450.800048828125,112975
2026-07-08 08:10:00+00:00,1448.4000244140625,1451.0,1447.5999755859375,1450.199951171875,61221
2026-07-08 08:15:00+00:00,1435.800048828125,1449.0,1434.199951171875,1448.4000244140625,253788
2026-07-08 08:20:00+00:00,1430.199951171875,1436.4000244140625,1430.0,1435.5999755859375,300380
2026-07-08 08:25:00+00:00,1428.4000244140625,1430.800048828125,1428.4000244140625,1430.0,71515
2026-07-08 08:30:00+00:00,1434.0,1434.0,1427.800048828125,1428.4000244140625,153970
2026-07-08 08:35:00+00:00,1430.0,1434.199951171875,1429.4000244140625,1434.199951171875,185350
2026-07-08 08:40:00+00:00,1430.5999755859375,1430.800048828125,1428.0,1429.4000244140625,85386
2026-07-08 08:45:00+00:00,1425.5999755859375,1431.0,1425.5999755859375,1431.0,83194
2026-07-08 08:50:00+00:00,1424.5999755859375,1427.2596435546875,1424.199951171875,1425.800048828125,40650
2026-07-08 08:55:00+00:00,1424.199951171875,1426.800048828125,1423.4000244140625,1425.0,44297
2026-07-08 09:00:00+00:00,1425.800048828125,1426.4000244140625,1423.5999755859375,1424.4000244140625,138421
2026-07-08 09:05:00+00:00,1422.4000244140625,1425.4000244140625,1421.4000244140625,1425.4000244140625,89957
2026-07-08 09:10:00+00:00,1422.199951171875,1425.800048828125,1422.0,1422.199951171875,79812
2026-07-08 09:15:00+00:00,1424.7919921875,1425.4000244140625,1422.0,1422.199951171875,41575
2026-07-08 09:20:00+00:00,1424.4000244140625,1426.0,1423.199951171875,1424.800048828125,28354
2026-07-08 09:25:00+00:00,1423.5999755859375,1424.199951171875,1422.0,1423.4000244140625,39444
2026-07-08 09:30:00+00:00,1426.7230224609375,1426.800048828125,1423.0,1423.4000244140625,73217
2026-07-08 09:35:00+00:00,1423.800048828125,1428.0,1421.0,1426.800048828125,98155
2026-07-08 09:40:00+00:00,1423.199951171875,1423.800048828125,1421.4000244140625,1423.5999755859375,41858
2026-07-08 09:45:00+00:00,1421.5999755859375,1423.800048828125,1421.4000244140625,1423.199951171875,41560
2026-07-08 09:50:00+00:00,1419.199951171875,1422.0,1419.0,1422.0,88315
2026-07-08 09:55:00+00:00,1418.4000244140625,1454.0,1417.4000244140625,1419.199951171875,2230550
2026-07-08 10:00:00+00:00,1419.0,1420.800048828125,1418.199951171875,1418.5999755859375,81929
2026-07-08 10:05:00+00:00,1419.800048828125,1420.0,1417.800048828125,1419.5999755859375,55407
2026-07-08 10:10:00+00:00,1420.0,1420.4000244140625,1418.199951171875,1419.5999755859375,49137
2026-07-08 10:15:00+00:00,1419.4000244140625,1420.800048828125,1418.5999755859375,1420.199951171875,37789
2026-07-08 10:20:00+00:00,1419.199951171875,1420.800048828125,1418.199951171875,1419.199951171875,28643
2026-07-08 10:25:00+00:00,1421.199951171875,1421.199951171875,1419.0,1419.199951171875,32296
2026-07-08 10:30:00+00:00,1425.199951171875,1425.199951171875,1420.5999755859375,1421.199951171875,35323
2026-07-08 10:35:00+00:00,1425.199951171875,1425.800048828125,1424.0,1425.199951171875,36600
2026-07-08 10:40:00+00:00,1426.4000244140625,1426.4000244140625,1424.800048828125,1425.0,46483
2026-07-08 10:45:00+00:00,1424.4000244140625,1426.800048828125,1424.199951171875,1426.199951171875,73849
2026-07-08 10:50:00+00:00,1426.199951171875,1426.800048828125,1423.199951171875,1424.5999755859375,94543
2026-07-08 10:55:00+00:00,1426.5999755859375,1427.199951171875,1426.0,1426.0,70881
2026-07-08 11:00:00+00:00,1427.5999755859375,1428.199951171875,1425.3399658203125,1426.4000244140625,38705
2026-07-08 11:05:00+00:00,1427.5999755859375,1429.0,1427.4000244140625,1427.4000244140625,21345
2026-07-08 11:10:00+00:00,1428.800048828125,1429.0,1426.4000244140625,1428.0,180081
2026-07-08 11:15:00+00:00,1429.4000244140625,1430.0,1427.4000244140625,1429.0,61268
2026-07-08 11:20:00+00:00,1429.199951171875,1430.199951171875,1428.4000244140625,1429.199951171875,50465
2026-07-08 11:25:00+00:00,1429.5999755859375,1430.0,1428.800048828125,1429.4000244140625,53940
2026-07-08 11:30:00+00:00,1431.199951171875,1431.199951171875,1428.199951171875,1429.199951171875,22918
2026-07-08 11:35:00+00:00,1430.199951171875,1431.4000244140625,1429.4000244140625,1431.199951171875,81621
2026-07-08 11:40:00+00:00,1436.5999755859375,1443.0,1430.199951171875,1430.199951171875,281610
2026-07-08 11:45:00+00:00,1436.800048828125,1437.4000244140625,1435.800048828125,1436.4000244140625,41706
2026-07-08 11:50:00+00:00,1437.199951171875,1437.4000244140625,1435.4000244140625,1436.800048828125,22782
2026-07-08 11:55:00+00:00,1438.4000244140625,1438.5999755859375,1437.4000244140625,1437.4000244140625,6342
2026-07-08 12:00:00+00:00,1438.0,1438.199951171875,1436.0,1438.199951171875,30114
2026-07-08 12:05:00+00:00,1442.4000244140625,1442.4000244140625,1438.0,1438.0,27520
2026-07-08 12:10:00+00:00,1443.0,1444.5999755859375,1442.5999755859375,1442.5999755859375,16944
2026-07-08 12:15:00+00:00,1444.4000244140625,1445.199951171875,1442.5999755859375,1443.0,15366
2026-07-08 12:20:00+00:00,1442.800048828125,1444.800048828125,1442.800048828125,1444.5999755859375,15823
2026-07-08 12:25:00+00:00,1444.199951171875,1444.5999755859375,1442.4000244140625,1442.8079833984375,19436
2026-07-08 12:30:00+00:00,1443.5999755859375,1445.800048828125,1442.800048828125,1445.199951171875,93298
2026-07-08 12:35:00+00:00,1445.4000244140625,1445.5999755859375,1443.199951171875,1443.5999755859375,59609
2026-07-08 12:40:00+00:00,1446.0,1446.5999755859375,1443.199951171875,1445.199951171875,94338
2026-07-08 12:45:00+00:00,1446.0,1447.5999755859375,1445.5999755859375,1446.5999755859375,41721
2026-07-08 12:50:00+00:00,1447.0,1447.0,1445.4737548828125,1445.800048828125,116696
2026-07-08 12:55:00+00:00,1445.5999755859375,1449.199951171875,1445.0,1447.199951171875,35685
2026-07-08 13:00:00+00:00,1447.199951171875,1447.199951171875,1444.4000244140625,1445.0,45814
2026-07-08 13:05:00+00:00,1446.0,1447.0,1445.0,1447.0,36837
2026-07-08 13:10:00+00:00,1446.199951171875,1447.199951171875,1444.800048828125,1445.0,70941
2026-07-08 13:15:00+00:00,1445.800048828125,1446.199951171875,1445.0,1446.199951171875,16856
2026-07-08 13:20:00+00:00,1445.199951171875,1446.800048828125,1445.199951171875,1445.800048828125,11365
2026-07-08 13:25:00+00:00,1443.800048828125,1445.5999755859375,1443.4000244140625,1445.199951171875,122561
2026-07-08 13:30:00+00:00,1444.199951171875,1445.4000244140625,1441.800048828125,1443.800048828125,261757
2026-07-08 13:35:00+00:00,1441.0,1444.4000244140625,1438.4000244140625,1443.800048828125,86287
2026-07-08 13:40:00+00:00,1440.5999755859375,1442.199951171875,1439.4000244140625,1441.0,91539
2026-07-08 13:45:00+00:00,1441.5999755859375,1444.0,1440.4000244140625,1440.4000244140625,86581
2026-07-08 13:50:00+00:00,1442.199951171875,1442.800048828125,1440.800048828125,1442.0,80915
2026-07-08 13:55:00+00:00,1442.5999755859375,1443.4000244140625,1440.5999755859375,1441.800048828125,67114
2026-07-08 14:00:00+00:00,1443.199951171875,1443.199951171875,1441.0,1442.5999755859375,94397
2026-07-08 14:05:00+00:00,1443.199951171875,1444.4000244140625,1441.800048828125,1443.4000244140625,164094
2026-07-08 14:10:00+00:00,1439.800048828125,1443.800048828125,1439.4000244140625,1443.199951171875,69185
2026-07-08 14:15:00+00:00,1436.199951171875,1439.800048828125,1435.800048828125,1439.5999755859375,82825
2026-07-08 14:20:00+00:00,1438.0,1440.0,1435.4000244140625,1436.199951171875,78669
2026-07-08 14:25:00+00:00,1436.800048828125,1439.5999755859375,1435.5999755859375,1438.5999755859375,108824
2026-07-08 14:30:00+00:00,1435.9410400390625,1436.800048828125,1434.4000244140625,1436.5999755859375,210629
2026-07-08 14:35:00+00:00,1431.5999755859375,1436.5999755859375,1431.0,1436.0,226500
2026-07-08 14:40:00+00:00,1431.800048828125,1432.0,1430.4000244140625,1431.0,92987
2026-07-08 14:45:00+00:00,1428.199951171875,1431.4000244140625,1428.0,1431.4000244140625,173709
2026-07-08 14:50:00+00:00,1428.800048828125,1429.4000244140625,1427.800048828125,1428.199951171875,119117
2026-07-08 14:55:00+00:00,1428.5999755859375,1429.4000244140625,1427.800048828125,1428.5999755859375,98422
2026-07-08 15:00:00+00:00,1426.5999755859375,1429.0,1425.5999755859375,1428.5999755859375,169386
2026-07-08 15:05:00+00:00,1425.5999755859375,1427.4000244140625,1425.199951171875,1426.4000244140625,150182
2026-07-08 15:10:00+00:00,1423.5999755859375,1425.800048828125,1422.800048828125,1425.5999755859375,236224
2026-07-08 15:15:00+00:00,1423.0,1424.0,1421.0,1423.800048828125,273866
2026-07-08 15:20:00+00:00,1419.4000244140625,1423.0,1418.5999755859375,1423.0,258460
2026-07-08 15:25:00+00:00,1420.0,1420.4000244140625,1418.800048828125,1419.300048828125,384153
2026-07-09 07:00:00+00:00,1444.699951171875,1446.800048828125,1434.5999755859375,1440.0,0
2026-07-09 07:05:00+00:00,1444.5999755859375,1446.0,1442.5999755859375,1444.5999755859375,117518
2026-07-09 07:10:00+00:00,1446.800048828125,1447.800048828125,1443.800048828125,1445.199951171875,125615
2026-07-09 07:15:00+00:00,1446.800048828125,1447.0,1445.0,1446.800048828125,52733
2026-07-09 07:20:00+00:00,1447.0,1447.199951171875,1444.800048828125,1446.4000244140625,66032
2026-07-09 07:25:00+00:00,1445.800048828125,1448.0,1445.800048828125,1447.0,22308
2026-07-09 07:30:00+00:00,1447.199951171875,1448.0,1445.4000244140625,1445.800048828125,41190
2026-07-09 07:35:00+00:00,1447.0,1447.5999755859375,1445.800048828125,1447.008056640625,19824
2026-07-09 07:40:00+00:00,1448.7750244140625,1448.7750244140625,1446.4000244140625,1447.199951171875,21575
2026-07-09 07:45:00+00:00,1449.5999755859375,1450.5999755859375,1448.800048828125,1449.0,31885
2026-07-09 07:50:00+00:00,1448.4000244140625,1449.800048828125,1448.4000244140625,1449.699951171875,17964
2026-07-09 07:55:00+00:00,1447.199951171875,1448.4000244140625,1446.4000244140625,1448.4000244140625,8174
2026-07-09 08:00:00+00:00,1448.4000244140625,1449.4000244140625,1447.199951171875,1447.4000244140625,19165
2026-07-09 08:05:00+00:00,1448.4000244140625,1449.199951171875,1448.0,1448.5999755859375,11882
2026-07-09 08:10:00+00:00,1449.199951171875,1450.5999755859375,1448.0,1448.199951171875,17686
2026-07-09 08:15:00+00:00,1449.5999755859375,1450.5999755859375,1448.800048828125,1449.800048828125,13184
2026-07-09 08:20:00+00:00,1450.3680419921875,1450.3680419921875,1448.800048828125,1449.4000244140625,6267
2026-07-09 08:25:00+00:00,1451.800048828125,1452.199951171875,1450.199951171875,1450.199951171875,11785
2026-07-09 08:30:00+00:00,1449.800048828125,1451.5999755859375,1449.4000244140625,1451.5999755859375,12242
2026-07-09 08:35:00+00:00,1449.0,1450.4000244140625,1448.5999755859375,1449.93994140625,41733
2026-07-09 08:40:00+00:00,1450.3399658203125,1450.800048828125,1449.0,1449.0,33126
2026-07-09 08:45:00+00:00,1450.4000244140625,1451.5999755859375,1449.5999755859375,1450.199951171875,29617
2026-07-09 08:50:00+00:00,1450.800048828125,1452.0,1449.8079833984375,1450.5999755859375,12242
2026-07-09 08:55:00+00:00,1449.710205078125,1451.199951171875,1449.4000244140625,1451.0078125,14164
2026-07-09 09:00:00+00:00,1450.199951171875,1450.5999755859375,1448.5999755859375,1450.0,37161
2026-07-09 09:05:00+00:00,1450.199951171875,1451.4000244140625,1449.800048828125,1449.93994140625,51300
2026-07-09 09:10:00+00:00,1450.0,1450.5999755859375,1449.5999755859375,1450.199951171875,13049
2026-07-09 09:15:00+00:00,1448.5999755859375,1450.0,1448.0,1449.699951171875,56907
2026-07-09 09:20:00+00:00,1449.199951171875,1449.4000244140625,1448.0999755859375,1448.3399658203125,18507
2026-07-09 09:25:00+00:00,1448.5999755859375,1449.199951171875,1448.199951171875,1449.199951171875,12327
2026-07-09 09:30:00+00:00,1447.0,1449.199951171875,1446.4000244140625,1448.5999755859375,39936
2026-07-09 09:35:00+00:00,1447.0,1447.5999755859375,1446.199951171875,1447.199951171875,14878
2026-07-09 09:40:00+00:00,1444.5999755859375,1447.050048828125,1443.4000244140625,1446.800048828125,44066
2026-07-09 09:45:00+00:00,1446.5999755859375,1447.5999755859375,1445.0,1445.199951171875,12978
2026-07-09 09:50:00+00:00,1449.199951171875,1449.199951171875,1446.199951171875,1446.4000244140625,5263
2026-07-09 09:55:00+00:00,1449.4000244140625,1450.199951171875,1448.800048828125,1448.800048828125,25643
2026-07-09 10:00:00+00:00,1449.5999755859375,1449.800048828125,1448.5999755859375,1449.199951171875,6441
2026-07-09 10:05:00+00:00,1448.199951171875,1450.0,1448.0,1449.5999755859375,23305
2026-07-09 10:10:00+00:00,1448.4000244140625,1448.800048828125,1447.5999755859375,1448.4000244140625,5455
2026-07-09 10:15:00+00:00,1450.0,1450.800048828125,1448.199951171875,1448.5999755859375,43429
2026-07-09 10:20:00+00:00,1449.300048828125,1450.800048828125,1449.300048828125,1450.1177978515625,56828
2026-07-09 10:25:00+00:00,1448.5999755859375,1449.0,1447.5999755859375,1448.5999755859375,83173
2026-07-09 10:30:00+00:00,1445.800048828125,1448.800048828125,1445.800048828125,1448.800048828125,69908
2026-07-09 10:35:00+00:00,1446.199951171875,1447.5999755859375,1445.800048828125,1446.0,46754
2026-07-09 10:40:00+00:00,1445.800048828125,1446.199951171875,1445.27001953125,1446.199951171875,40768
2026-07-09 10:45:00+00:00,1444.800048828125,1446.199951171875,1444.4000244140625,1446.199951171875,88447
2026-07-09 10:50:00+00:00,1444.199951171875,1444.5999755859375,1442.199951171875,1444.5999755859375,57519
2026-07-09 10:55:00+00:00,1444.4000244140625,1445.0,1442.4000244140625,1443.800048828125,49427
2026-07-09 11:00:00+00:00,1446.800048828125,1447.4000244140625,1444.800048828125,1445.0,35871
2026-07-09 11:05:00+00:00,1445.5999755859375,1447.199951171875,1444.4000244140625,1447.199951171875,66881
2026-07-09 11:10:00+00:00,1447.4000244140625,1447.4000244140625,1445.5999755859375,1446.0,47781
2026-07-09 11:15:00+00:00,1446.5999755859375,1447.4000244140625,1446.4000244140625,1447.199951171875,34749
2026-07-09 11:20:00+00:00,1445.5999755859375,1447.4000244140625,1445.199951171875,1446.4000244140625,23835
2026-07-09 11:25:00+00:00,1445.5999755859375,1446.0699462890625,1445.199951171875,1445.4000244140625,25137
2026-07-09 11:30:00+00:00,1446.199951171875,1447.4000244140625,1445.4000244140625,1445.800048828125,104501
2026-07-09 11:35:00+00:00,1448.0,1448.199951171875,1446.0,1446.199951171875,237899
2026-07-09 11:40:00+00:00,1447.0,1448.199951171875,1446.0,1447.800048828125,36107
2026-07-09 11:45:00+00:00,1447.199951171875,1447.5999755859375,1446.4000244140625,1446.800048828125,72854
2026-07-09 11:50:00+00:00,1445.5999755859375,1447.800048828125,1445.4000244140625,1447.199951171875,77436
2026-07-09 11:55:00+00:00,1446.0,1446.199951171875,1445.4000244140625,1445.4000244140625,17295
2026-07-09 12:00:00+00:00,1447.4000244140625,1447.4000244140625,1445.800048828125,1446.199951171875,35504
2026-07-09 12:05:00+00:00,1450.0,1450.4000244140625,1447.0,1447.4000244140625,113092
2026-07-09 12:10:00+00:00,1447.5999755859375,1449.5999755859375,1447.5999755859375,1449.5999755859375,86816
2026-07-09 12:15:00+00:00,1447.800048828125,1448.199951171875,1447.199951171875,1448.0,42848
2026-07-09 12:20:00+00:00,1447.5999755859375,1447.800048828125,1446.4000244140625,1447.76904296875,84747
2026-07-09 12:25:00+00:00,1448.5999755859375,1449.4000244140625,1447.193359375,1447.5999755859375,72720
2026-07-09 12:30:00+00:00,1451.0,1451.199951171875,1448.4000244140625,1448.800048828125,50161
2026-07-09 12:35:00+00:00,1452.0,1452.199951171875,1450.5999755859375,1451.199951171875,70646
2026-07-09 12:40:00+00:00,1449.199951171875,1452.0,1449.199951171875,1452.0,49286
2026-07-09 12:45:00+00:00,1448.5999755859375,1449.0,1447.4000244140625,1449.0,254856
2026-07-09 12:50:00+00:00,1450.303955078125,1450.800048828125,1449.0,1449.0,78744
2026-07-09 12:55:00+00:00,1449.801025390625,1450.4000244140625,1449.5999755859375,1450.199951171875,44105
2026-07-09 13:00:00+00:00,1452.199951171875,1452.199951171875,1450.199951171875,1450.199951171875,38933
2026-07-09 13:05:00+00:00,1453.800048828125,1453.800048828125,1452.0,1452.199951171875,42038
2026-07-09 13:10:00+00:00,1452.4000244140625,1453.6080322265625,1452.4000244140625,1453.4078369140625,32490
2026-07-09 13:15:00+00:00,1452.5999755859375,1453.199951171875,1451.800048828125,1452.5999755859375,35957
2026-07-09 13:20:00+00:00,1453.5999755859375,1454.199951171875,1452.4000244140625,1452.5999755859375,74778
2026-07-09 13:25:00+00:00,1455.199951171875,1455.199951171875,1453.199951171875,1453.5999755859375,66172
2026-07-09 13:30:00+00:00,1454.800048828125,1456.5999755859375,1453.5999755859375,1456.0,135867
2026-07-09 13:35:00+00:00,1454.800048828125,1456.199951171875,1453.739990234375,1454.5999755859375,64569
2026-07-09 13:40:00+00:00,1454.800048828125,1455.4000244140625,1453.5999755859375,1454.5999755859375,122393
2026-07-09 13:45:00+00:00,1455.5999755859375,1455.5999755859375,1453.800048828125,1454.9000244140625,71279
2026-07-09 13:50:00+00:00,1455.5999755859375,1456.800048828125,1454.199951171875,1455.199951171875,153739
2026-07-09 13:55:00+00:00,1455.5999755859375,1456.800048828125,1454.199951171875,1455.4000244140625,228371
2026-07-09 14:00:00+00:00,1457.199951171875,1457.5999755859375,1455.4000244140625,1455.800048828125,73500
2026-07-09 14:05:00+00:00,1456.0,1457.800048828125,1456.0,1457.199951171875,112226
2026-07-09 14:10:00+00:00,1457.199951171875,1457.199951171875,1455.4000244140625,1456.0,92276
2026-07-09 14:15:00+00:00,1457.4000244140625,1457.800048828125,1455.800048828125,1457.4000244140625,191441
2026-07-09 14:20:00+00:00,1457.4000244140625,1457.800048828125,1456.0,1457.199951171875,61119
2026-07-09 14:25:00+00:00,1459.4000244140625,1459.5999755859375,1456.800048828125,1458.0,193770
2026-07-09 14:30:00+00:00,1458.800048828125,1460.5999755859375,1458.0,1459.199951171875,113723
2026-07-09 14:35:00+00:00,1458.5999755859375,1459.4000244140625,1457.4000244140625,1458.800048828125,77278
2026-07-09 14:40:00+00:00,1458.800048828125,1459.0,1457.5999755859375,1458.4000244140625,115228
2026-07-09 14:45:00+00:00,1458.199951171875,1459.0,1457.5999755859375,1458.800048828125,285859
2026-07-09 14:50:00+00:00,1458.800048828125,1459.199951171875,1458.0,1458.199951171875,77892
2026-07-09 14:55:00+00:00,1461.0,1461.0,1458.5999755859375,1458.5999755859375,109030
2026-07-09 15:00:00+00:00,1459.5999755859375,1461.199951171875,1459.199951171875,1460.800048828125,207630
2026-07-09 15:05:00+00:00,1460.4000244140625,1461.800048828125,1459.5999755859375,1459.800048828125,156868
2026-07-09 15:10:00+00:00,1460.199951171875,1460.5999755859375,1459.5999755859375,1460.4000244140625,109457
2026-07-09 15:15:00+00:00,1458.199951171875,1460.5999755859375,1458.0,1460.0,171066
2026-07-09 15:20:00+00:00,1457.0,1459.0,1457.0,1458.4000244140625,140405
2026-07-09 15:25:00+00:00,1456.800048828125,1457.4000244140625,1456.08984375,1457.0,231796
2026-07-10 07:00:00+00:00,1462.0,1464.800048828125,1458.199951171875,1463.800048828125,392122
2026-07-10 07:05:00+00:00,1461.0,1463.5999755859375,1460.800048828125,1462.4000244140625,43652
2026-07-10 07:10:00+00:00,1460.800048828125,1461.800048828125,1459.0,1461.199951171875,52021
2026-07-10 07:15:00+00:00,1459.800048828125,1462.0,1459.4000244140625,1461.0,88839
2026-07-10 07:20:00+00:00,1458.800048828125,1460.0,1458.199951171875,1459.800048828125,137345
2026-07-10 07:25:00+00:00,1458.0,1459.4000244140625,1457.800048828125,1458.800048828125,70891
2026-07-10 07:30:00+00:00,1457.0,1458.008056640625,1456.4000244140625,1458.007568359375,55978
2026-07-10 07:35:00+00:00,1457.5999755859375,1458.800048828125,1456.800048828125,1456.991943359375,109253
2026-07-10 07:40:00+00:00,1459.800048828125,1459.800048828125,1457.5999755859375,1457.5999755859375,75994
2026-07-10 07:45:00+00:00,1458.199951171875,1459.5999755859375,1457.800048828125,1459.5999755859375,180179
2026-07-10 07:50:00+00:00,1457.800048828125,1458.199951171875,1457.199951171875,1457.7039794921875,55229
2026-07-10 07:55:00+00:00,1458.5999755859375,1459.0,1457.800048828125,1457.90380859375,23960
2026-07-10 08:00:00+00:00,1461.199951171875,1461.800048828125,1458.800048828125,1458.800048828125,33803
2026-07-10 08:05:00+00:00,1462.199951171875,1462.199951171875,1458.800048828125,1461.199951171875,74543
2026-07-10 08:10:00+00:00,1462.6075439453125,1463.4000244140625,1461.199951171875,1462.0,17578
2026-07-10 08:15:00+00:00,1459.4000244140625,1462.800048828125,1459.199951171875,1462.4613037109375,40088
2026-07-10 08:20:00+00:00,1458.0,1459.4000244140625,1457.4000244140625,1459.4000244140625,55744
2026-07-10 08:25:00+00:00,1458.5999755859375,1463.800048828125,1458.0,1458.199951171875,85479
2026-07-10 08:30:00+00:00,1459.4000244140625,1459.4000244140625,1457.800048828125,1458.5999755859375,12475
2026-07-10 08:35:00+00:00,1459.800048828125,1459.800048828125,1458.739990234375,1459.4599609375,6750
2026-07-10 08:40:00+00:00,1460.6629638671875,1461.0999755859375,1459.0,1459.40087890625,25987
2026-07-10 08:45:00+00:00,1459.6700439453125,1461.199951171875,1459.5999755859375,1461.199951171875,5606
2026-07-10 08:50:00+00:00,1458.5999755859375,1460.0,1457.800048828125,1459.5999755859375,32579
2026-07-10 08:55:00+00:00,1459.800048828125,1459.800048828125,1458.5999755859375,1458.5999755859375,12669
2026-07-10 09:00:00+00:00,1460.0,1460.0,1458.5999755859375,1459.5999755859375,19954
2026-07-10 09:05:00+00:00,1459.800048828125,1463.800048828125,1458.800048828125,1459.4000244140625,568882
2026-07-10 09:10:00+00:00,1460.4000244140625,1460.4000244140625,1459.0,1459.800048828125,11745
2026-07-10 09:15:00+00:00,1462.800048828125,1462.800048828125,1460.0699462890625,1460.4000244140625,166126
2026-07-10 09:20:00+00:00,1461.1400146484375,1463.0,1461.1400146484375,1462.800048828125,176076
2026-07-10 09:25:00+00:00,1460.5999755859375,1461.0,1460.199951171875,1461.0,6783
2026-07-10 09:30:00+00:00,1461.5999755859375,1461.5999755859375,1460.5999755859375,1461.0,15272
2026-07-10 09:35:00+00:00,1459.5999755859375,1461.6700439453125,1459.4000244140625,1461.4000244140625,14076
2026-07-10 09:40:00+00:00,1459.199951171875,1459.800048828125,1459.0,1459.5999755859375,21190
2026-07-10 09:45:00+00:00,1461.0,1461.4000244140625,1459.5999755859375,1459.5999755859375,68234
2026-07-10 09:50:00+00:00,1461.199951171875,1462.0,1461.199951171875,1461.4000244140625,12586
2026-07-10 09:55:00+00:00,1461.800048828125,1462.199951171875,1461.199951171875,1461.199951171875,9697
2026-07-10 10:00:00+00:00,1462.89990234375,1463.0,1461.4000244140625,1462.199951171875,10077
2026-07-10 10:05:00+00:00,1462.800048828125,1463.5999755859375,1462.199951171875,1463.0,14363
2026-07-10 10:10:00+00:00,1462.800048828125,1463.5999755859375,1462.5999755859375,1462.699951171875,13179
2026-07-10 10:15:00+00:00,1463.5999755859375,1463.5999755859375,1462.5999755859375,1463.0,16493
2026-07-10 10:20:00+00:00,1463.800048828125,1463.800048828125,1462.4000244140625,1463.4000244140625,38054
2026-07-10 10:25:00+00:00,1464.800048828125,1464.800048828125,1463.5040283203125,1463.800048828125,36115
2026-07-10 10:30:00+00:00,1466.5999755859375,1466.800048828125,1464.800048828125,1465.0,23631
2026-07-10 10:35:00+00:00,1465.199951171875,1467.199951171875,1465.199951171875,1466.4000244140625,144899
2026-07-10 10:40:00+00:00,1465.199951171875,1465.5999755859375,1464.4000244140625,1465.199951171875,7515
2026-07-10 10:45:00+00:00,1464.5,1465.199951171875,1464.0,1464.800048828125,15889
2026-07-10 10:50:00+00:00,1464.5999755859375,1466.4000244140625,1464.5999755859375,1464.699951171875,90942
2026-07-10 10:55:00+00:00,1464.199951171875,1465.199951171875,1464.199951171875,1464.800048828125,66960
2026-07-10 11:00:00+00:00,1464.199951171875,1465.0,1464.199951171875,1464.199951171875,2956
2026-07-10 11:05:00+00:00,1464.8076171875,1464.904052734375,1464.0,1464.4000244140625,11846
2026-07-10 11:10:00+00:00,1464.0,1464.800048828125,1464.0,1464.739990234375,3393
2026-07-10 11:15:00+00:00,1464.800048828125,1465.199951171875,1464.4000244140625,1464.4000244140625,9771
2026-07-10 11:20:00+00:00,1465.5999755859375,1465.800048828125,1464.469970703125,1464.800048828125,18918
2026-07-10 11:25:00+00:00,1465.5999755859375,1466.5999755859375,1465.199951171875,1465.5,73276
2026-07-10 11:30:00+00:00,1464.199951171875,1465.800048828125,1463.800048828125,1465.4000244140625,14606
2026-07-10 11:35:00+00:00,1463.800048828125,1464.0,1463.199951171875,1464.0,10063
2026-07-10 11:40:00+00:00,1464.800048828125,1464.800048828125,1463.4000244140625,1463.800048828125,8344
2026-07-10 11:45:00+00:00,1464.3399658203125,1465.199951171875,1464.0,1464.5,20821
2026-07-10 11:50:00+00:00,1462.4000244140625,1464.5999755859375,1462.4000244140625,1464.1400146484375,8849
2026-07-10 11:55:00+00:00,1462.5999755859375,1463.0,1461.5999755859375,1462.4000244140625,38678
2026-07-10 12:00:00+00:00,1461.199951171875,1462.5999755859375,1461.0,1462.5999755859375,29799
2026-07-10 12:05:00+00:00,1461.0,1461.4000244140625,1460.5999755859375,1461.0,26245
2026-07-10 12:10:00+00:00,1465.199951171875,1467.4000244140625,1460.800048828125,1461.199951171875,187763
2026-07-10 12:15:00+00:00,1464.5999755859375,1465.199951171875,1463.800048828125,1465.199951171875,13857
2026-07-10 12:20:00+00:00,1465.0699462890625,1465.4000244140625,1463.739990234375,1464.0,9403
2026-07-10 12:25:00+00:00,1464.199951171875,1466.199951171875,1464.199951171875,1465.0,5646
2026-07-10 12:30:00+00:00,1464.800048828125,1465.199951171875,1463.5999755859375,1464.199951171875,13011
2026-07-10 12:35:00+00:00,1465.300048828125,1465.5999755859375,1464.5999755859375,1464.800048828125,35757
2026-07-10 12:40:00+00:00,1465.4000244140625,1465.800048828125,1465.0,1465.199951171875,18179
2026-07-10 12:45:00+00:00,1466.0999755859375,1466.199951171875,1465.4000244140625,1465.4000244140625,21587
2026-07-10 12:50:00+00:00,1467.5999755859375,1467.800048828125,1466.199951171875,1466.199951171875,23961
2026-07-10 12:55:00+00:00,1468.800048828125,1469.050048828125,1467.4000244140625,1467.800048828125,69072
2026-07-10 13:00:00+00:00,1468.0,1469.0,1467.199951171875,1469.0,46342
2026-07-10 13:05:00+00:00,1468.5,1468.5999755859375,1467.800048828125,1468.0,14922
2026-07-10 13:10:00+00:00,1469.5999755859375,1469.800048828125,1468.4000244140625,1468.4000244140625,27583
2026-07-10 13:15:00+00:00,1470.199951171875,1470.469970703125,1463.800048828125,1469.800048828125,541559
2026-07-10 13:20:00+00:00,1468.5999755859375,1470.5999755859375,1468.5999755859375,1470.199951171875,37865
2026-07-10 13:25:00+00:00,1467.5999755859375,1469.4000244140625,1467.5999755859375,1468.5999755859375,87491
2026-07-10 13:30:00+00:00,1469.5999755859375,1471.199951171875,1467.800048828125,1468.5999755859375,151494
2026-07-10 13:35:00+00:00,1469.199951171875,1470.199951171875,1463.800048828125,1469.4000244140625,887974
2026-07-10 13:40:00+00:00,1469.199951171875,1470.199951171875,1468.199951171875,1469.4000244140625,58629
2026-07-10 13:45:00+00:00,1471.4000244140625,1471.5999755859375,1468.800048828125,1469.4000244140625,54053
2026-07-10 13:50:00+00:00,1473.199951171875,1473.199951171875,1470.8070068359375,1471.199951171875,64928
2026-07-10 13:55:00+00:00,1471.4000244140625,1473.199951171875,1470.5999755859375,1473.199951171875,53779
2026-07-10 14:00:00+00:00,1471.5999755859375,1472.4000244140625,1471.199951171875,1471.5999755859375,109050
2026-07-10 14:05:00+00:00,1472.4000244140625,1472.800048828125,1470.5,1471.5999755859375,90184
2026-07-10 14:10:00+00:00,1471.5999755859375,1472.4000244140625,1470.800048828125,1472.4000244140625,177209
2026-07-10 14:15:00+00:00,1472.9000244140625,1473.0699462890625,1471.4000244140625,1471.5999755859375,95847
2026-07-10 14:20:00+00:00,1473.0,1474.469970703125,1472.96044921875,1473.199951171875,98176
2026-07-10 14:25:00+00:00,1474.800048828125,1475.800048828125,1472.800048828125,1473.4000244140625,133546
2026-07-10 14:30:00+00:00,1470.199951171875,1475.0,1462.0,1474.800048828125,1070740
2026-07-10 14:35:00+00:00,1469.800048828125,1471.199951171875,1469.4000244140625,1470.199951171875,72581
2026-07-10 14:40:00+00:00,1469.5999755859375,1470.199951171875,1468.4000244140625,1470.0,79197
2026-07-10 14:45:00+00:00,1470.800048828125,1471.0,1469.4000244140625,1469.5999755859375,103794
2026-07-10 14:50:00+00:00,1470.9000244140625,1471.4000244140625,1470.199951171875,1470.800048828125,100585
2026-07-10 14:55:00+00:00,1469.0,1471.199951171875,1468.5999755859375,1471.0,80442
2026-07-10 15:00:00+00:00,1468.5999755859375,1469.199951171875,1467.800048828125,1469.0,120905
2026-07-10 15:05:00+00:00,1468.800048828125,1469.0,1467.93994140625,1468.5999755859375,152929
2026-07-10 15:10:00+00:00,1470.199951171875,1470.199951171875,1468.5999755859375,1468.800048828125,169196
2026-07-10 15:15:00+00:00,1471.199951171875,1472.0,1470.199951171875,1470.199951171875,127144
2026-07-10 15:20:00+00:00,1471.800048828125,1472.289794921875,1470.800048828125,1471.0,268911
2026-07-10 15:25:00+00:00,1471.5999755859375,1472.800048828125,1471.199951171875,1471.800048828125,200438
2026-07-13 07:00:00+00:00,1470.4000244140625,1471.199951171875,1464.0,1465.5999755859375,0
2026-07-13 07:05:00+00:00,1468.800048828125,1471.199951171875,1467.199951171875,1470.4000244140625,119581
2026-07-13 07:10:00+00:00,1469.5999755859375,1470.4000244140625,1468.0,1469.199951171875,94420
2026-07-13 07:15:00+00:00,1467.5999755859375,1469.5999755859375,1467.5999755859375,1469.0,53920
2026-07-13 07:20:00+00:00,1466.0,1468.0,1465.199951171875,1467.199951171875,22771
2026-07-13 07:25:00+00:00,1464.800048828125,1465.800048828125,1464.199951171875,1465.800048828125,13035
2026-07-13 07:30:00+00:00,1464.5999755859375,1465.0,1462.800048828125,1464.5999755859375,20563
2026-07-13 07:35:00+00:00,1464.4000244140625,1465.199951171875,1463.5999755859375,1464.800048828125,10963
2026-07-13 07:40:00+00:00,1462.4000244140625,1465.0,1462.0,1464.4000244140625,31884
2026-07-13 07:45:00+00:00,1463.4000244140625,1464.199951171875,1462.5999755859375,1462.800048828125,11871
2026-07-13 07:50:00+00:00,1462.800048828125,1463.5689697265625,1462.199951171875,1463.4539794921875,13434
2026-07-13 07:55:00+00:00,1463.5999755859375,1463.5999755859375,1461.800048828125,1462.800048828125,18972
2026-07-13 08:00:00+00:00,1462.0,1463.5999755859375,1461.0,1463.199951171875,24822
2026-07-13 08:05:00+00:00,1463.5999755859375,1464.4000244140625,1461.800048828125,1461.800048828125,70785
2026-07-13 08:10:00+00:00,1461.5999755859375,1464.0,1461.0,1463.5999755859375,305410
2026-07-13 08:15:00+00:00,1465.0,1465.199951171875,1461.0,1461.4000244140625,36857
2026-07-13 08:20:00+00:00,1464.199951171875,1465.0,1463.800048828125,1464.800048828125,34692
2026-07-13 08:25:00+00:00,1465.199951171875,1465.800048828125,1464.10498046875,1464.10498046875,29987
2026-07-13 08:30:00+00:00,1464.4000244140625,1465.5780029296875,1463.5999755859375,1465.5780029296875,17059
2026-07-13 08:35:00+00:00,1464.800048828125,1465.4000244140625,1464.199951171875,1464.199951171875,8933
2026-07-13 08:40:00+00:00,1466.5999755859375,1467.0,1464.0,1464.5999755859375,23582
2026-07-13 08:45:00+00:00,1467.5999755859375,1467.5999755859375,1466.199951171875,1466.199951171875,14030
2026-07-13 08:50:00+00:00,1468.5999755859375,1468.5999755859375,1467.199951171875,1467.5999755859375,12199
2026-07-13 08:55:00+00:00,1469.0,1469.0,1468.199951171875,1468.4000244140625,33351
2026-07-13 09:00:00+00:00,1467.800048828125,1469.199951171875,1467.5999755859375,1469.0,10335
2026-07-13 09:05:00+00:00,1467.199951171875,1468.4000244140625,1467.199951171875,1467.800048828125,25291
2026-07-13 09:10:00+00:00,1466.0,1467.4000244140625,1466.0,1467.0999755859375,19412
2026-07-13 09:15:00+00:00,1466.5999755859375,1467.199951171875,1466.199951171875,1466.4000244140625,5884
2026-07-13 09:20:00+00:00,1466.5999755859375,1467.0,1466.0,1467.0,7548
2026-07-13 09:25:00+00:00,1466.3509521484375,1467.4000244140625,1466.199951171875,1466.8699951171875,16341
2026-07-13 09:30:00+00:00,1465.0,1466.43798828125,1464.800048828125,1466.199951171875,11856
2026-07-13 09:35:00+00:00,1466.199951171875,1466.199951171875,1465.0,1465.199951171875,7112
2026-07-13 09:40:00+00:00,1466.589599609375,1466.800048828125,1465.4000244140625,1466.0,13439
2026-07-13 09:45:00+00:00,1467.199951171875,1467.4000244140625,1466.4000244140625,1466.800048828125,22007
2026-07-13 09:50:00+00:00,1467.0,1467.0999755859375,1466.0,1467.0,10384
2026-07-13 09:55:00+00:00,1466.800048828125,1467.5999755859375,1466.4000244140625,1467.4000244140625,5197
2026-07-13 10:00:00+00:00,1466.5999755859375,1467.4000244140625,1465.800048828125,1466.800048828125,4132
2026-07-13 10:05:00+00:00,1466.5999755859375,1467.0,1466.0,1466.4000244140625,5229
2026-07-13 10:10:00+00:00,1467.0,1467.199951171875,1466.4000244140625,1466.5999755859375,4126
2026-07-13 10:15:00+00:00,1466.4000244140625,1467.4000244140625,1466.0,1467.199951171875,10934
2026-07-13 10:20:00+00:00,1465.0,1466.5999755859375,1465.0,1466.5999755859375,14527
2026-07-13 10:25:00+00:00,1463.5999755859375,1464.800048828125,1463.0,1464.800048828125,23576
2026-07-13 10:30:00+00:00,1463.0,1463.5999755859375,1462.4000244140625,1463.5999755859375,16240
2026-07-13 10:35:00+00:00,1464.0,1464.0,1462.800048828125,1463.0,12491
2026-07-13 10:40:00+00:00,1464.800048828125,1465.0,1463.4000244140625,1464.199951171875,20282
2026-07-13 10:45:00+00:00,1465.199951171875,1465.5999755859375,1463.800048828125,1464.5999755859375,3039
2026-07-13 10:50:00+00:00,1464.5999755859375,1465.4000244140625,1464.5999755859375,1465.0,9824
2026-07-13 10:55:00+00:00,1464.4000244140625,1465.5999755859375,1464.0,1464.800048828125,601588
2026-07-13 11:00:00+00:00,1465.4000244140625,1465.4000244140625,1464.0,1464.5999755859375,44714
2026-07-13 11:05:00+00:00,1465.800048828125,1466.4000244140625,1465.199951171875,1465.5999755859375,1062711
2026-07-13 11:10:00+00:00,1463.5999755859375,1465.4000244140625,1463.5999755859375,1465.4000244140625,6454
2026-07-13 11:15:00+00:00,1463.5999755859375,1464.5999755859375,1463.5999755859375,1463.800048828125,12064
2026-07-13 11:20:00+00:00,1465.800048828125,1465.800048828125,1463.4000244140625,1463.4000244140625,15283
2026-07-13 11:25:00+00:00,1466.800048828125,1467.0,1466.0,1466.0,34321
2026-07-13 11:30:00+00:00,1467.800048828125,1468.0,1466.4000244140625,1466.9000244140625,25681
2026-07-13 11:35:00+00:00,1467.9000244140625,1468.800048828125,1467.5999755859375,1468.0,41393
2026-07-13 11:40:00+00:00,1468.5999755859375,1468.800048828125,1467.800048828125,1468.199951171875,12668
2026-07-13 11:45:00+00:00,1467.4000244140625,1468.4000244140625,1466.5999755859375,1468.4000244140625,17983
2026-07-13 11:50:00+00:00,1464.0,1467.5999755859375,1464.0,1467.199951171875,52153
2026-07-13 11:55:00+00:00,1464.0,1464.0,1462.5999755859375,1463.800048828125,35109
2026-07-13 12:00:00+00:00,1462.4000244140625,1463.5999755859375,1462.4000244140625,1463.5999755859375,24268
2026-07-13 12:05:00+00:00,1462.399658203125,1463.199951171875,1461.5999755859375,1462.4000244140625,19700
2026-07-13 12:10:00+00:00,1462.199951171875,1464.5,1461.0,1463.0999755859375,162920
2026-07-13 12:15:00+00:00,1463.0,1463.5999755859375,1461.199951171875,1462.4000244140625,14210
2026-07-13 12:20:00+00:00,1461.5999755859375,1463.5999755859375,1461.4000244140625,1463.0,9620
2026-07-13 12:25:00+00:00,1460.4000244140625,1462.4000244140625,1460.4000244140625,1461.5999755859375,27439
2026-07-13 12:30:00+00:00,1459.199951171875,1460.4000244140625,1459.0,1460.4000244140625,24012
2026-07-13 12:35:00+00:00,1460.199951171875,1460.199951171875,1457.800048828125,1458.800048828125,71593
2026-07-13 12:40:00+00:00,1459.4000244140625,1461.199951171875,1459.199951171875,1460.0,28023
2026-07-13 12:45:00+00:00,1462.199951171875,1462.4000244140625,1459.5999755859375,1459.5999755859375,29898
2026-07-13 12:50:00+00:00,1462.5999755859375,1463.0,1462.0,1462.0,26226
2026-07-13 12:55:00+00:00,1464.199951171875,1464.4000244140625,1462.800048828125,1462.800048828125,35339
2026-07-13 13:00:00+00:00,1462.800048828125,1465.199951171875,1462.199951171875,1464.4000244140625,38100
2026-07-13 13:05:00+00:00,1463.4000244140625,1463.800048828125,1462.4000244140625,1462.4000244140625,40325
2026-07-13 13:10:00+00:00,1463.0,1463.800048828125,1462.5999755859375,1463.199951171875,9915
2026-07-13 13:15:00+00:00,1462.199951171875,1463.199951171875,1462.0,1463.0,26919
2026-07-13 13:20:00+00:00,1463.199951171875,1463.5999755859375,1462.5999755859375,1462.5999755859375,13733
2026-07-13 13:25:00+00:00,1463.800048828125,1464.0,1462.800048828125,1463.4000244140625,43357
2026-07-13 13:30:00+00:00,1462.08984375,1464.0,1461.199951171875,1463.5999755859375,119510
2026-07-13 13:35:00+00:00,1460.0,1464.199951171875,1457.5999755859375,1462.0,91430
2026-07-13 13:40:00+00:00,1458.5999755859375,1460.5999755859375,1458.199951171875,1459.800048828125,79541
2026-07-13 13:45:00+00:00,1459.5999755859375,1460.5999755859375,1457.4000244140625,1458.4000244140625,43451
2026-07-13 13:50:00+00:00,1460.0,1460.5999755859375,1458.5999755859375,1459.4000244140625,65354
2026-07-13 13:55:00+00:00,1460.4000244140625,1461.0,1459.4000244140625,1460.0,74514
2026-07-13 14:00:00+00:00,1459.5999755859375,1461.0,1458.5999755859375,1460.4000244140625,42563
2026-07-13 14:05:00+00:00,1459.5999755859375,1460.5999755859375,1458.4000244140625,1459.4000244140625,18212
2026-07-13 14:10:00+00:00,1460.0,1460.800048828125,1458.199951171875,1459.199951171875,55832
2026-07-13 14:15:00+00:00,1458.0,1461.800048828125,1452.5999755859375,1460.199951171875,725502
2026-07-13 14:20:00+00:00,1459.800048828125,1460.0,1455.0,1458.5999755859375,48227
2026-07-13 14:25:00+00:00,1461.5999755859375,1462.0,1459.199951171875,1459.5999755859375,25620
2026-07-13 14:30:00+00:00,1462.4000244140625,1462.5999755859375,1460.800048828125,1461.5999755859375,41861
2026-07-13 14:35:00+00:00,1461.199951171875,1463.199951171875,1460.4000244140625,1462.5679931640625,61334
2026-07-13 14:40:00+00:00,1459.4000244140625,1461.4000244140625,1458.5999755859375,1461.4000244140625,73254
2026-07-13 14:45:00+00:00,1460.0,1460.0,1458.199951171875,1459.199951171875,71961
2026-07-13 14:50:00+00:00,1460.0,1460.800048828125,1459.800048828125,1460.0,44964
2026-07-13 14:55:00+00:00,1460.4000244140625,1465.5999755859375,1459.4000244140625,1460.007568359375,4141139
2026-07-13 15:00:00+00:00,1459.199951171875,1460.800048828125,1459.0,1460.800048828125,113056
2026-07-13 15:05:00+00:00,1459.4000244140625,1459.4000244140625,1458.0,1459.0,39968
2026-07-13 15:10:00+00:00,1460.800048828125,1461.199951171875,1458.800048828125,1458.800048828125,57906
2026-07-13 15:15:00+00:00,1460.5999755859375,1460.800048828125,1459.800048828125,1460.800048828125,45792
2026-07-13 15:20:00+00:00,1458.43505859375,1460.800048828125,1457.800048828125,1460.800048828125,103032
2026-07-13 15:25:00+00:00,1459.0,1459.199951171875,1458.199951171875,1458.4000244140625,102576
2026-07-14 07:00:00+00:00,1454.0,1469.5999755859375,1451.4000244140625,1466.0,0
2026-07-14 07:05:00+00:00,1462.0,1462.199951171875,1453.5999755859375,1454.199951171875,110096
2026-07-14 07:10:00+00:00,1461.199951171875,1462.0,1459.199951171875,1461.5999755859375,59374
2026-07-14 07:15:00+00:00,1460.199951171875,1461.5999755859375,1459.199951171875,1460.4000244140625,97804
2026-07-14 07:20:00+00:00,1458.199951171875,1461.5999755859375,1457.5999755859375,1460.0,163643
2026-07-14 07:25:00+00:00,1459.800048828125,1460.0,1457.4000244140625,1457.5999755859375,94435
2026-07-14 07:30:00+00:00,1458.4000244140625,1460.0,1455.800048828125,1459.800048828125,169734
2026-07-14 07:35:00+00:00,1458.199951171875,1458.4000244140625,1456.5999755859375,1458.0,126837
2026-07-14 07:40:00+00:00,1456.5999755859375,1459.4000244140625,1456.0,1458.0,100009
2026-07-14 07:45:00+00:00,1457.199951171875,1457.199951171875,1453.800048828125,1456.5999755859375,209538
2026-07-14 07:50:00+00:00,1457.800048828125,1458.199951171875,1456.0,1457.199951171875,96301
2026-07-14 07:55:00+00:00,1456.5999755859375,1457.800048828125,1455.199951171875,1457.5999755859375,115861
2026-07-14 08:00:00+00:00,1455.800048828125,1461.699951171875,1454.4000244140625,1456.5999755859375,245507
2026-07-14 08:05:00+00:00,1453.4000244140625,1456.199951171875,1452.800048828125,1455.5999755859375,384340
2026-07-14 08:10:00+00:00,1451.5999755859375,1453.4000244140625,1451.0,1453.4000244140625,78514
2026-07-14 08:15:00+00:00,1452.0,1452.4000244140625,1451.199951171875,1452.0,46836
2026-07-14 08:20:00+00:00,1450.199951171875,1451.800048828125,1449.5999755859375,1451.800048828125,43412
2026-07-14 08:25:00+00:00,1451.5999755859375,1452.0,1449.5999755859375,1450.4000244140625,20388
2026-07-14 08:30:00+00:00,1451.800048828125,1453.0,1451.199951171875,1451.4000244140625,9798
2026-07-14 08:35:00+00:00,1450.0,1451.5999755859375,1449.199951171875,1451.5999755859375,20969
2026-07-14 08:40:00+00:00,1451.0,1452.0,1449.4000244140625,1449.4000244140625,36660
2026-07-14 08:45:00+00:00,1451.0,1452.199951171875,1451.0,1451.0,20233
2026-07-14 08:50:00+00:00,1452.4000244140625,1452.800048828125,1450.0,1450.5999755859375,7862
2026-07-14 08:55:00+00:00,1450.800048828125,1453.199951171875,1450.800048828125,1452.799560546875,31850
2026-07-14 09:00:00+00:00,1451.0,1451.5999755859375,1449.5999755859375,1450.800048828125,22435
2026-07-14 09:05:00+00:00,1453.5999755859375,1453.5999755859375,1450.5999755859375,1452.0,10218
2026-07-14 09:10:00+00:00,1455.5999755859375,1456.0,1453.0,1453.0,28981
2026-07-14 09:15:00+00:00,1454.346923828125,1455.800048828125,1453.399658203125,1455.199951171875,23480
2026-07-14 09:20:00+00:00,1455.0,1455.199951171875,1453.800048828125,1454.199951171875,29195
2026-07-14 09:25:00+00:00,1454.199951171875,1455.5999755859375,1454.199951171875,1454.800048828125,37432
2026-07-14 09:30:00+00:00,1456.0,1456.800048828125,1454.800048828125,1454.800048828125,31309
2026-07-14 09:35:00+00:00,1456.5999755859375,1456.800048828125,1455.4000244140625,1455.5999755859375,10462
2026-07-14 09:40:00+00:00,1457.4000244140625,1458.0,1456.0,1456.199951171875,127014
2026-07-14 09:45:00+00:00,1458.800048828125,1458.800048828125,1457.0,1457.1400146484375,13784
2026-07-14 09:50:00+00:00,1458.5999755859375,1459.4000244140625,1458.0,1458.0,14104
2026-07-14 09:55:00+00:00,1457.5999755859375,1458.5999755859375,1457.199951171875,1458.4000244140625,46493
2026-07-14 10:00:00+00:00,1458.199951171875,1458.199951171875,1457.0,1457.5999755859375,126713
2026-07-14 10:05:00+00:00,1459.199951171875,1459.5999755859375,1458.0,1458.4000244140625,17157
2026-07-14 10:10:00+00:00,1459.0,1459.800048828125,1458.0,1459.800048828125,60785
2026-07-14 10:15:00+00:00,1460.199951171875,1460.5999755859375,1459.199951171875,1459.3997802734375,13124
2026-07-14 10:20:00+00:00,1461.4000244140625,1461.4000244140625,1460.0,1460.5999755859375,7308
2026-07-14 10:25:00+00:00,1460.5999755859375,1461.5999755859375,1459.4000244140625,1461.5999755859375,8976
2026-07-14 10:30:00+00:00,1460.4000244140625,1462.199951171875,1458.800048828125,1460.5999755859375,24112
2026-07-14 10:35:00+00:00,1461.800048828125,1462.800048828125,1459.5999755859375,1459.5999755859375,23140
2026-07-14 10:40:00+00:00,1461.0,1461.800048828125,1459.5999755859375,1461.800048828125,11322
2026-07-14 10:45:00+00:00,1463.800048828125,1464.0,1460.199951171875,1460.800048828125,112613
2026-07-14 10:50:00+00:00,1463.0,1464.800048828125,1463.0,1463.4200439453125,21871
2026-07-14 10:55:00+00:00,1462.4000244140625,1462.8199462890625,1461.0,1462.8199462890625,7785
2026-07-14 11:00:00+00:00,1461.4000244140625,1462.199951171875,1459.5999755859375,1462.0,37303
2026-07-14 11:05:00+00:00,1462.999755859375,1463.800048828125,1461.800048828125,1462.0,6760
2026-07-14 11:10:00+00:00,1464.800048828125,1464.800048828125,1463.4000244140625,1463.800048828125,28245
2026-07-14 11:15:00+00:00,1466.199951171875,1466.199951171875,1464.800048828125,1464.800048828125,44446
2026-07-14 11:20:00+00:00,1468.199951171875,1469.4000244140625,1465.199951171875,1466.800048828125,50168
2026-07-14 11:25:00+00:00,1468.800048828125,1470.5999755859375,1468.199951171875,1468.199951171875,50199
2026-07-14 11:30:00+00:00,1469.199951171875,1471.0,1468.800048828125,1468.800048828125,83672
2026-07-14 11:35:00+00:00,1471.0,1471.4000244140625,1468.800048828125,1469.0,65228
2026-07-14 11:40:00+00:00,1470.4000244140625,1472.0,1470.4000244140625,1471.0,22892
2026-07-14 11:45:00+00:00,1471.5999755859375,1471.5999755859375,1470.0,1470.199951171875,26521
2026-07-14 11:50:00+00:00,1472.0,1473.0,1471.5999755859375,1471.800048828125,21801
2026-07-14 11:55:00+00:00,1472.4000244140625,1473.0,1472.0,1472.199951171875,27752
2026-07-14 12:00:00+00:00,1469.800048828125,1472.0,1469.199951171875,1472.0,19894
2026-07-14 12:05:00+00:00,1468.0,1469.800048828125,1468.0,1469.4000244140625,48901
2026-07-14 12:10:00+00:00,1467.4000244140625,1468.199951171875,1466.4000244140625,1468.0,18833
2026-07-14 12:15:00+00:00,1468.4000244140625,1468.400390625,1467.0,1467.5999755859375,7213
2026-07-14 12:20:00+00:00,1469.199951171875,1469.199951171875,1468.0,1468.5999755859375,3223
2026-07-14 12:25:00+00:00,1469.4000244140625,1469.800048828125,1468.800048828125,1469.199951171875,16160
2026-07-14 12:30:00+00:00,1472.4000244140625,1479.800048828125,1469.5999755859375,1469.5999755859375,254208
2026-07-14 12:35:00+00:00,1473.800048828125,1473.800048828125,1471.800048828125,1473.0,40400
2026-07-14 12:40:00+00:00,1474.800048828125,1475.4000244140625,1473.4078369140625,1473.5999755859375,55842
2026-07-14 12:45:00+00:00,1473.800048828125,1474.5999755859375,1472.5999755859375,1474.0,13564
2026-07-14 12:50:00+00:00,1473.4000244140625,1474.5999755859375,1473.199951171875,1473.4000244140625,19684
2026-07-14 12:55:00+00:00,1476.4000244140625,1476.4000244140625,1473.800048828125,1474.0,8359
2026-07-14 13:00:00+00:00,1476.0,1476.0,1474.800048828125,1475.5999755859375,13497
2026-07-14 13:05:00+00:00,1477.800048828125,1478.4000244140625,1476.4000244140625,1476.4000244140625,15955
2026-07-14 13:10:00+00:00,1476.199951171875,1477.4000244140625,1475.93994140625,1476.800048828125,8335
2026-07-14 13:15:00+00:00,1475.0,1476.800048828125,1474.5999755859375,1476.800048828125,26017
2026-07-14 13:20:00+00:00,1475.5999755859375,1476.199951171875,1474.4000244140625,1474.5999755859375,21682
2026-07-14 13:25:00+00:00,1477.800048828125,1478.4000244140625,1475.5999755859375,1475.5999755859375,80244
2026-07-14 13:30:00+00:00,1480.4000244140625,1481.0,1476.4000244140625,1477.800048828125,411801
2026-07-14 13:35:00+00:00,1484.0,1484.0,1480.5999755859375,1480.5999755859375,102354
2026-07-14 13:40:00+00:00,1488.800048828125,1489.199951171875,1483.5999755859375,1483.800048828125,151757
2026-07-14 13:45:00+00:00,1489.199951171875,1490.5999755859375,1487.5999755859375,1488.5999755859375,100156
2026-07-14 13:50:00+00:00,1488.5999755859375,1490.199951171875,1487.800048828125,1489.4000244140625,88421
2026-07-14 13:55:00+00:00,1488.4000244140625,1489.199951171875,1488.0,1488.4000244140625,89474
2026-07-14 14:00:00+00:00,1487.800048828125,1489.199951171875,1486.0,1488.199951171875,95864
2026-07-14 14:05:00+00:00,1489.199951171875,1489.800048828125,1487.5999755859375,1487.800048828125,86858
2026-07-14 14:10:00+00:00,1490.5999755859375,1491.199951171875,1489.0,1489.4000244140625,67273
2026-07-14 14:15:00+00:00,1490.199951171875,1490.4000244140625,1487.5999755859375,1490.4000244140625,68862
2026-07-14 14:20:00+00:00,1489.0,1490.800048828125,1488.800048828125,1490.0,47072
2026-07-14 14:25:00+00:00,1491.199951171875,1492.0,1488.5999755859375,1489.0,168785
2026-07-14 14:30:00+00:00,1492.0,1499.0,1490.199951171875,1491.199951171875,499228
2026-07-14 14:35:00+00:00,1491.4000244140625,1493.4000244140625,1491.4000244140625,1491.5999755859375,115703
2026-07-14 14:40:00+00:00,1490.5999755859375,1491.800048828125,1489.800048828125,1491.5826416015625,138416
2026-07-14 14:45:00+00:00,1486.800048828125,1490.4000244140625,1486.800048828125,1490.4000244140625,43710
2026-07-14 14:50:00+00:00,1486.4000244140625,1487.800048828125,1466.0,1486.800048828125,482391
2026-07-14 14:55:00+00:00,1488.27001953125,1488.4000244140625,1466.0,1487.0,497568
2026-07-14 15:00:00+00:00,1488.5999755859375,1492.0,1485.800048828125,1487.800048828125,294930
2026-07-14 15:05:00+00:00,1489.800048828125,1490.5999755859375,1487.5999755859375,1488.199951171875,58523
2026-07-14 15:10:00+00:00,1488.0,1489.800048828125,1487.199951171875,1489.5999755859375,69950
2026-07-14 15:15:00+00:00,1486.5999755859375,1488.199951171875,1485.800048828125,1488.008056640625,102916
2026-07-14 15:20:00+00:00,1485.5999755859375,1486.800048828125,1485.0,1486.4000244140625,124167
2026-07-14 15:25:00+00:00,1486.0,1487.5999755859375,1485.199951171875,1486.0,221101
2026-07-15 07:00:00+00:00,1483.5999755859375,1487.4000244140625,1482.0,1487.199951171875,0
2026-07-15 07:05:00+00:00,1479.5999755859375,1483.800048828125,1479.199951171875,1483.4000244140625,87560
2026-07-15 07:10:00+00:00,1479.800048828125,1481.0,1478.4000244140625,1479.5999755859375,79150
2026-07-15 07:15:00+00:00,1480.4000244140625,1481.5999755859375,1479.4000244140625,1479.5999755859375,37055
2026-07-15 07:20:00+00:00,1479.4000244140625,1481.5999755859375,1479.199951171875,1480.4000244140625,78563
2026-07-15 07:25:00+00:00,1477.0,1479.199951171875,1475.199951171875,1479.199951171875,76515
2026-07-15 07:30:00+00:00,1475.199951171875,1477.800048828125,1475.199951171875,1477.199951171875,54270
2026-07-15 07:35:00+00:00,1475.0,1476.4000244140625,1474.4000244140625,1475.199951171875,47028
2026-07-15 07:40:00+00:00,1478.5999755859375,1478.5999755859375,1474.4000244140625,1474.800048828125,88371
2026-07-15 07:45:00+00:00,1477.800048828125,1478.4000244140625,1476.5999755859375,1478.4000244140625,41941
2026-07-15 07:50:00+00:00,1478.800048828125,1479.5999755859375,1477.800048828125,1478.199951171875,69210
2026-07-15 07:55:00+00:00,1479.0,1479.5999755859375,1477.5999755859375,1478.800048828125,32974
2026-07-15 08:00:00+00:00,1478.2998046875,1480.199951171875,1478.2998046875,1478.800048828125,39356
2026-07-15 08:05:00+00:00,1480.5999755859375,1481.0,1478.199951171875,1478.5999755859375,41645
2026-07-15 08:10:00+00:00,1482.5999755859375,1482.5999755859375,1480.800048828125,1481.0,15053
2026-07-15 08:15:00+00:00,1483.4000244140625,1484.800048828125,1481.800048828125,1482.5279541015625,28060
2026-07-15 08:20:00+00:00,1481.800048828125,1483.800048828125,1481.5999755859375,1483.5999755859375,17983
2026-07-15 08:25:00+00:00,1482.0,1482.199951171875,1480.199951171875,1481.5999755859375,18031
2026-07-15 08:30:00+00:00,1481.800048828125,1482.4000244140625,1480.099853515625,1482.0,23668
2026-07-15 08:35:00+00:00,1485.4000244140625,1485.800048828125,1481.4000244140625,1481.5,24224
2026-07-15 08:40:00+00:00,1483.5999755859375,1485.5999755859375,1483.4000244140625,1485.593994140625,25777
2026-07-15 08:45:00+00:00,1482.0,1483.199951171875,1481.5999755859375,1483.0,12038
2026-07-15 08:50:00+00:00,1481.800048828125,1482.5999755859375,1481.4000244140625,1482.0,36564
2026-07-15 08:55:00+00:00,1483.199951171875,1483.4000244140625,1481.5999755859375,1481.5999755859375,13291
2026-07-15 09:00:00+00:00,1482.4000244140625,1484.800048828125,1481.800048828125,1483.0,158365
2026-07-15 09:05:00+00:00,1485.4000244140625,1485.4000244140625,1483.0,1483.0,12932
2026-07-15 09:10:00+00:00,1488.199951171875,1488.199951171875,1485.199951171875,1485.199951171875,17287
2026-07-15 09:15:00+00:00,1486.199951171875,1487.5999755859375,1486.0,1487.5999755859375,157671
2026-07-15 09:20:00+00:00,1484.4000244140625,1486.4000244140625,1484.4000244140625,1486.0,31341
2026-07-15 09:25:00+00:00,1485.4000244140625,1485.4000244140625,1484.199951171875,1484.4000244140625,27423
2026-07-15 09:30:00+00:00,1483.800048828125,1485.800048828125,1483.199951171875,1485.5999755859375,45165
2026-07-15 09:35:00+00:00,1484.5999755859375,1485.199951171875,1483.5999755859375,1484.0,37295
2026-07-15 09:40:00+00:00,1487.199951171875,1487.199951171875,1484.5999755859375,1484.5999755859375,17122
2026-07-15 09:45:00+00:00,1486.5999755859375,1487.4000244140625,1485.800048828125,1487.4000244140625,37406
2026-07-15 09:50:00+00:00,1486.1939697265625,1487.5999755859375,1485.5999755859375,1486.800048828125,33700
2026-07-15 09:55:00+00:00,1485.5999755859375,1486.199951171875,1485.4000244140625,1486.199951171875,15406
2026-07-15 10:00:00+00:00,1487.4000244140625,1487.800048828125,1485.4000244140625,1485.4000244140625,19664
2026-07-15 10:05:00+00:00,1488.0,1488.199951171875,1487.199951171875,1487.800048828125,18923
2026-07-15 10:10:00+00:00,1487.5999755859375,1488.5999755859375,1487.4000244140625,1488.0,21209
2026-07-15 10:15:00+00:00,1485.8004150390625,1487.5,1485.5999755859375,1487.199951171875,27020
2026-07-15 10:20:00+00:00,1484.5999755859375,1487.199951171875,1484.5999755859375,1486.0,24608
2026-07-15 10:25:00+00:00,1484.4000244140625,1485.4000244140625,1484.0,1484.800048828125,28804
2026-07-15 10:30:00+00:00,1483.0,1485.4000244140625,1483.0,1484.4000244140625,11326
2026-07-15 10:35:00+00:00,1484.4000244140625,1485.199951171875,1483.0,1483.199951171875,20359
2026-07-15 10:40:00+00:00,1484.199951171875,1485.0,1483.800048828125,1484.4000244140625,10863
2026-07-15 10:45:00+00:00,1483.5999755859375,1484.800048828125,1483.4000244140625,1484.4000244140625,43633
2026-07-15 10:50:00+00:00,1483.800048828125,1484.800048828125,1483.199951171875,1484.0,28232
2026-07-15 10:55:00+00:00,1482.4000244140625,1484.199951171875,1482.0,1484.0,49006
2026-07-15 11:00:00+00:00,1482.5999755859375,1483.4000244140625,1482.383056640625,1482.4000244140625,29025
2026-07-15 11:05:00+00:00,1482.5999755859375,1482.5999755859375,1481.4000244140625,1482.5999755859375,26647
2026-07-15 11:10:00+00:00,1482.0,1482.800048828125,1480.199951171875,1482.800048828125,51396
2026-07-15 11:15:00+00:00,1480.5999755859375,1482.800048828125,1480.199951171875,1482.800048828125,55834
2026-07-15 11:20:00+00:00,1480.5999755859375,1481.0,1480.199951171875,1480.5999755859375,15387
2026-07-15 11:25:00+00:00,1481.5999755859375,1482.0,1480.5999755859375,1480.800048828125,152733
2026-07-15 11:30:00+00:00,1482.5999755859375,1482.5999755859375,1480.800048828125,1481.800048828125,43775
2026-07-15 11:35:00+00:00,1481.199951171875,1482.4000244140625,1480.800048828125,1482.4000244140625,26422
2026-07-15 11:40:00+00:00,1482.0,1482.199951171875,1480.199951171875,1480.800048828125,30149
2026-07-15 11:45:00+00:00,1483.199951171875,1483.4000244140625,1481.4000244140625,1481.800048828125,465976
2026-07-15 11:50:00+00:00,1483.800048828125,1484.5999755859375,1482.800048828125,1483.4000244140625,24390
2026-07-15 11:55:00+00:00,1484.199951171875,1484.4000244140625,1483.199951171875,1483.7900390625,23373
2026-07-15 12:00:00+00:00,1484.5999755859375,1485.0,1483.800048828125,1484.800048828125,21436
2026-07-15 12:05:00+00:00,1484.199951171875,1484.4000244140625,1483.4000244140625,1484.4000244140625,25762
2026-07-15 12:10:00+00:00,1484.199951171875,1484.800048828125,1483.4000244140625,1484.4000244140625,24965
2026-07-15 12:15:00+00:00,1486.4000244140625,1486.5999755859375,1483.9404296875,1484.0,25712
2026-07-15 12:20:00+00:00,1485.5999755859375,1486.199951171875,1484.5999755859375,1486.199951171875,61795
2026-07-15 12:25:00+00:00,1484.4000244140625,1485.5999755859375,1484.4000244140625,1485.0,24379
2026-07-15 12:30:00+00:00,1484.0,1486.4000244140625,1483.4000244140625,1484.199951171875,79701
2026-07-15 12:35:00+00:00,1484.800048828125,1485.4000244140625,1483.5999755859375,1484.0,47617
2026-07-15 12:40:00+00:00,1484.75634765625,1484.75634765625,1483.800048828125,1484.4000244140625,23659
2026-07-15 12:45:00+00:00,1484.4000244140625,1485.1309814453125,1484.1400146484375,1484.4000244140625,15035
2026-07-15 12:50:00+00:00,1483.0,1484.4000244140625,1482.699951171875,1484.0,20467
2026-07-15 12:55:00+00:00,1484.199951171875,1484.199951171875,1482.800048828125,1483.0,14664
2026-07-15 13:00:00+00:00,1484.800048828125,1484.800048828125,1482.5999755859375,1483.2080078125,14293
2026-07-15 13:05:00+00:00,1483.0,1485.4000244140625,1482.800048828125,1484.5999755859375,33997
2026-07-15 13:10:00+00:00,1481.5999755859375,1482.5999755859375,1481.199951171875,1482.5999755859375,28598
2026-07-15 13:15:00+00:00,1483.5999755859375,1483.5999755859375,1481.199951171875,1481.5999755859375,31408
2026-07-15 13:20:00+00:00,1482.199951171875,1483.800048828125,1482.199951171875,1483.5999755859375,36568
2026-07-15 13:25:00+00:00,1485.199951171875,1485.4000244140625,1482.199951171875,1482.4000244140625,104665
2026-07-15 13:30:00+00:00,1482.5999755859375,1485.199951171875,1481.0,1485.0,117837
2026-07-15 13:35:00+00:00,1483.0,1483.800048828125,1481.199951171875,1482.800048828125,30312
2026-07-15 13:40:00+00:00,1483.4000244140625,1483.5999755859375,1481.4000244140625,1483.0,65571
2026-07-15 13:45:00+00:00,1483.800048828125,1484.199951171875,1482.0,1483.199951171875,80986
2026-07-15 13:50:00+00:00,1484.800048828125,1484.800048828125,1482.5999755859375,1484.0,51367
2026-07-15 13:55:00+00:00,1488.5999755859375,1489.0,1484.4000244140625,1484.4405517578125,119103
2026-07-15 14:00:00+00:00,1486.199951171875,1489.0,1486.199951171875,1488.5999755859375,39126
2026-07-15 14:05:00+00:00,1482.5999755859375,1486.199951171875,1481.5999755859375,1486.199951171875,111493
2026-07-15 14:10:00+00:00,1485.800048828125,1485.800048828125,1481.4000244140625,1482.5999755859375,86384
2026-07-15 14:15:00+00:00,1485.5999755859375,1485.800048828125,1484.800048828125,1485.800048828125,62370
2026-07-15 14:20:00+00:00,1481.4000244140625,1485.199951171875,1480.4000244140625,1485.199951171875,253744
2026-07-15 14:25:00+00:00,1483.0,1483.4000244140625,1480.5999755859375,1481.5999755859375,103660
2026-07-15 14:30:00+00:00,1483.199951171875,1484.0,1480.5999755859375,1483.4000244140625,105692
2026-07-15 14:35:00+00:00,1481.0,1483.199951171875,1480.800048828125,1482.800048828125,66164
2026-07-15 14:40:00+00:00,1477.800048828125,1481.0,1477.800048828125,1481.0,92337
2026-07-15 14:45:00+00:00,1479.800048828125,1480.0,1476.4000244140625,1477.800048828125,90817
2026-07-15 14:50:00+00:00,1478.5999755859375,1480.0,1477.5999755859375,1479.800048828125,118909
2026-07-15 14:55:00+00:00,1479.4000244140625,1480.0,1478.0,1478.5999755859375,100890
2026-07-15 15:00:00+00:00,1480.199951171875,1481.0,1479.4000244140625,1479.5999755859375,117988
2026-07-15 15:05:00+00:00,1480.199951171875,1482.199951171875,1478.800048828125,1480.0,124193
2026-07-15 15:10:00+00:00,1481.199951171875,1482.199951171875,1480.199951171875,1480.199951171875,80750
2026-07-15 15:15:00+00:00,1482.0,1482.199951171875,1480.4000244140625,1481.199951171875,0
2026-07-15 15:20:00+00:00,1480.5999755859375,1481.800048828125,1479.0,1481.800048828125,129520
2026-07-15 15:25:00+00:00,1480.0,1480.800048828125,1479.4000244140625,1480.800048828125,145621
2026-07-16 07:00:00+00:00,1486.4000244140625,1487.0,1481.5999755859375,1487.0,0
2026-07-16 07:05:00+00:00,1486.4000244140625,1487.199951171875,1485.4000244140625,1486.4000244140625,143945
2026-07-16 07:10:00+00:00,1483.199951171875,1486.4000244140625,1482.199951171875,1486.4000244140625,66502
2026-07-16 07:15:00+00:00,1483.199951171875,1483.800048828125,1481.5999755859375,1483.800048828125,102001
2026-07-16 07:20:00+00:00,1484.0,1484.5999755859375,1482.4000244140625,1483.199951171875,58956
2026-07-16 07:25:00+00:00,1483.5999755859375,1484.800048828125,1483.199951171875,1484.199951171875,85564
2026-07-16 07:30:00+00:00,1481.0,1484.10400390625,1479.800048828125,1483.5999755859375,156639
2026-07-16 07:35:00+00:00,1481.5999755859375,1481.5999755859375,1479.0,1481.199951171875,151635
2026-07-16 07:40:00+00:00,1484.199951171875,1485.4000244140625,1480.5999755859375,1481.5999755859375,87709
2026-07-16 07:45:00+00:00,1481.4000244140625,1484.800048828125,1481.4000244140625,1484.5999755859375,49306
2026-07-16 07:50:00+00:00,1482.800048828125,1483.0,1481.199951171875,1481.4000244140625,68457
2026-07-16 07:55:00+00:00,1481.5999755859375,1482.5999755859375,1480.4000244140625,1482.5999755859375,50626
2026-07-16 08:00:00+00:00,1480.199951171875,1483.0,1479.800048828125,1481.5999755859375,31439
2026-07-16 08:05:00+00:00,1480.199951171875,1480.800048828125,1479.199951171875,1480.5999755859375,137693
2026-07-16 08:10:00+00:00,1475.800048828125,1479.800048828125,1475.5999755859375,1479.5999755859375,78735
2026-07-16 08:15:00+00:00,1478.4000244140625,1478.4000244140625,1475.0,1475.4000244140625,34771
2026-07-16 08:20:00+00:00,1479.5999755859375,1480.199951171875,1476.4000244140625,1478.199951171875,45560
2026-07-16 08:25:00+00:00,1481.199951171875,1481.199951171875,1479.5999755859375,1479.5999755859375,35201
2026-07-16 08:30:00+00:00,1481.4000244140625,1482.800048828125,1481.0,1481.4000244140625,43671
2026-07-16 08:35:00+00:00,1481.781982421875,1482.5999755859375,1481.0,1481.300048828125,18609
2026-07-16 08:40:00+00:00,1481.5999755859375,1482.4000244140625,1481.5999755859375,1482.0,8440
2026-07-16 08:45:00+00:00,1483.4000244140625,1483.4000244140625,1480.4000244140625,1481.5743408203125,70208
2026-07-16 08:50:00+00:00,1482.800048828125,1484.199951171875,1482.199951171875,1483.0,12734
2026-07-16 08:55:00+00:00,1484.0,1484.5999755859375,1482.5999755859375,1482.5999755859375,40126
2026-07-16 09:00:00+00:00,1484.0,1485.009033203125,1484.0,1484.199951171875,15016
2026-07-16 09:05:00+00:00,1484.4000244140625,1484.800048828125,1483.5999755859375,1484.199951171875,6623
2026-07-16 09:10:00+00:00,1485.5999755859375,1486.0,1484.0,1484.0,37317
2026-07-16 09:15:00+00:00,1485.0,1486.0,1484.800048828125,1485.199951171875,13309
2026-07-16 09:20:00+00:00,1484.800048828125,1485.4000244140625,1484.5999755859375,1485.0,12215
2026-07-16 09:25:00+00:00,1486.5999755859375,1486.5999755859375,1484.0,1484.199951171875,56211
2026-07-16 09:30:00+00:00,1485.4000244140625,1487.0,1485.0,1486.5999755859375,43176
2026-07-16 09:35:00+00:00,1484.800048828125,1486.0,1484.5999755859375,1485.4000244140625,14297
2026-07-16 09:40:00+00:00,1484.4000244140625,1485.5999755859375,1484.0,1484.199951171875,19793
2026-07-16 09:45:00+00:00,1484.5999755859375,1485.4000244140625,1484.0,1484.0,12069
2026-07-16 09:50:00+00:00,1485.5999755859375,1485.800048828125,1484.4000244140625,1484.800048828125,9490
2026-07-16 09:55:00+00:00,1487.0,1488.0,1485.5999755859375,1485.5999755859375,57646
2026-07-16 10:00:00+00:00,1486.5999755859375,1487.904052734375,1486.0,1487.4000244140625,27071
2026-07-16 10:05:00+00:00,1486.5999755859375,1487.4000244140625,1484.5999755859375,1486.800048828125,64264
2026-07-16 10:10:00+00:00,1486.008056640625,1487.199951171875,1485.800048828125,1486.4000244140625,20735
2026-07-16 10:15:00+00:00,1485.800048828125,1486.5999755859375,1485.5999755859375,1486.0,16276
2026-07-16 10:20:00+00:00,1485.56298828125,1486.199951171875,1485.0,1485.800048828125,11422
2026-07-16 10:25:00+00:00,1487.800048828125,1487.800048828125,1485.4000244140625,1485.5999755859375,55747
2026-07-16 10:30:00+00:00,1487.4000244140625,1488.199951171875,1487.0,1487.800048828125,59355
2026-07-16 10:35:00+00:00,1487.199951171875,1487.800048828125,1486.4000244140625,1487.4000244140625,10980
2026-07-16 10:40:00+00:00,1486.5999755859375,1487.5999755859375,1486.199951171875,1487.4000244140625,12583
2026-07-16 10:45:00+00:00,1486.5999755859375,1487.199951171875,1486.5404052734375,1486.800048828125,5528
2026-07-16 10:50:00+00:00,1485.5999755859375,1486.800048828125,1485.5999755859375,1486.800048828125,5093
2026-07-16 10:55:00+00:00,1485.0,1486.0,1484.5999755859375,1485.800048828125,7221
2026-07-16 11:00:00+00:00,1482.4000244140625,1486.425048828125,1481.800048828125,1484.5999755859375,85897
2026-07-16 11:05:00+00:00,1485.0,1485.0,1482.59814453125,1482.59814453125,473771
2026-07-16 11:10:00+00:00,1483.5999755859375,1485.199951171875,1483.5999755859375,1484.800048828125,215464
2026-07-16 11:15:00+00:00,1485.5999755859375,1485.800048828125,1483.4000244140625,1483.5999755859375,55996
2026-07-16 11:20:00+00:00,1486.2349853515625,1486.5999755859375,1485.4000244140625,1485.5999755859375,23116
2026-07-16 11:25:00+00:00,1486.0,1487.0,1485.4000244140625,1486.4000244140625,3452
2026-07-16 11:30:00+00:00,1484.199951171875,1485.800048828125,1484.0,1485.800048828125,18065
2026-07-16 11:35:00+00:00,1484.4000244140625,1485.0,1484.199951171875,1484.5,281166
2026-07-16 11:40:00+00:00,1484.4000244140625,1485.199951171875,1483.9849853515625,1484.5999755859375,120810
2026-07-16 11:45:00+00:00,1478.5999755859375,1484.5999755859375,1477.5999755859375,1484.1400146484375,168307
2026-07-16 11:50:00+00:00,1484.0,1484.0,1478.800048828125,1478.800048828125,363885
2026-07-16 11:55:00+00:00,1484.5999755859375,1485.4000244140625,1483.5999755859375,1484.4000244140625,30401
2026-07-16 12:00:00+00:00,1485.5999755859375,1486.4000244140625,1484.5999755859375,1484.5999755859375,9319
2026-07-16 12:05:00+00:00,1484.5999755859375,1486.199951171875,1484.199951171875,1486.0,15223
2026-07-16 12:10:00+00:00,1483.5999755859375,1484.800048828125,1482.5999755859375,1484.800048828125,7799
2026-07-16 12:15:00+00:00,1482.800048828125,1483.199951171875,1481.800048828125,1483.199951171875,10675
2026-07-16 12:20:00+00:00,1479.4000244140625,1483.4000244140625,1479.4000244140625,1482.5999755859375,127116
2026-07-16 12:25:00+00:00,1481.0,1481.0,1479.199951171875,1479.5999755859375,15968
2026-07-16 12:30:00+00:00,1480.0,1481.0,1479.800048828125,1480.5999755859375,32244
2026-07-16 12:35:00+00:00,1478.4000244140625,1479.5999755859375,1478.199951171875,1479.4000244140625,23138
2026-07-16 12:40:00+00:00,1477.800048828125,1478.5999755859375,1477.199951171875,1478.4000244140625,44960
2026-07-16 12:45:00+00:00,1478.0,1479.5999755859375,1477.199951171875,1477.800048828125,81223
2026-07-16 12:50:00+00:00,1478.0,1479.0,1477.5999755859375,1478.0,8228
2026-07-16 12:55:00+00:00,1477.0,1478.4000244140625,1477.0,1478.0,8754
2026-07-16 13:00:00+00:00,1475.4000244140625,1477.800048828125,1475.199951171875,1477.5999755859375,63177
2026-07-16 13:05:00+00:00,1477.4000244140625,1477.4000244140625,1474.800048828125,1475.5999755859375,115626
2026-07-16 13:10:00+00:00,1479.5999755859375,1479.5999755859375,1477.199951171875,1477.199951171875,17397
2026-07-16 13:15:00+00:00,1478.800048828125,1479.800048828125,1478.800048828125,1479.5999755859375,54104
2026-07-16 13:20:00+00:00,1480.199951171875,1480.5999755859375,1479.0,1479.0,35454
2026-07-16 13:25:00+00:00,1480.199951171875,1480.5999755859375,1479.5999755859375,1480.5999755859375,56161
2026-07-16 13:30:00+00:00,1475.199951171875,1481.5999755859375,1475.199951171875,1480.4000244140625,180872
2026-07-16 13:35:00+00:00,1473.0,1475.800048828125,1472.5999755859375,1475.0,190836
2026-07-16 13:40:00+00:00,1473.199951171875,1474.4000244140625,1471.5999755859375,1473.0,143588
2026-07-16 13:45:00+00:00,1473.800048828125,1475.199951171875,1472.199951171875,1474.0,164595
2026-07-16 13:50:00+00:00,1473.800048828125,1477.5999755859375,1473.800048828125,1474.199951171875,87020
2026-07-16 13:55:00+00:00,1474.800048828125,1475.800048828125,1473.0,1473.5999755859375,120614
2026-07-16 14:00:00+00:00,1480.0,1480.0,1474.4000244140625,1474.4000244140625,173174
2026-07-16 14:05:00+00:00,1481.4000244140625,1481.4000244140625,1479.0,1480.199951171875,88945
2026-07-16 14:10:00+00:00,1481.0,1483.5999755859375,1480.0,1481.800048828125,69200
2026-07-16 14:15:00+00:00,1482.800048828125,1482.800048828125,1480.5999755859375,1481.4000244140625,50957
2026-07-16 14:20:00+00:00,1481.800048828125,1482.800048828125,1480.5999755859375,1482.4000244140625,53754
2026-07-16 14:25:00+00:00,1484.199951171875,1484.199951171875,1480.77978515625,1481.4000244140625,63599
2026-07-16 14:30:00+00:00,1484.4000244140625,1484.800048828125,1483.199951171875,1484.0,48479
2026-07-16 14:35:00+00:00,1485.5999755859375,1486.199951171875,1484.199951171875,1484.4000244140625,67336
2026-07-16 14:40:00+00:00,1486.5999755859375,1486.5999755859375,1484.4000244140625,1485.5999755859375,82264
2026-07-16 14:45:00+00:00,1485.781494140625,1487.199951171875,1481.1859130859375,1486.199951171875,1074911
2026-07-16 14:50:00+00:00,1485.5999755859375,1486.199951171875,1484.800048828125,1486.0,79111
2026-07-16 14:55:00+00:00,1485.4000244140625,1486.5999755859375,1484.5999755859375,1485.4000244140625,158907
2026-07-16 15:00:00+00:00,1487.199951171875,1487.199951171875,1485.0,1485.4000244140625,82942
2026-07-16 15:05:00+00:00,1487.800048828125,1487.800048828125,1485.5999755859375,1487.0,160881
2026-07-16 15:10:00+00:00,1487.5999755859375,1488.5999755859375,1487.199951171875,1488.0,108783
2026-07-16 15:15:00+00:00,1486.5,1488.199951171875,1485.800048828125,1487.5999755859375,54241
2026-07-16 15:20:00+00:00,1487.0,1487.4000244140625,1485.800048828125,1486.4000244140625,129918
2026-07-16 15:25:00+00:00,1486.0,1488.0,1485.800048828125,1487.0,200004
2026-07-17 07:00:00+00:00,1481.199951171875,1481.800048828125,1350.0,1350.0,0
2026-07-17 07:05:00+00:00,1480.800048828125,1482.0,1477.0,1481.4000244140625,156341
2026-07-17 07:10:00+00:00,1478.5999755859375,1481.4000244140625,1476.800048828125,1481.199951171875,149657
2026-07-17 07:15:00+00:00,1479.199951171875,1481.199951171875,1478.4000244140625,1478.4000244140625,85598
2026-07-17 07:20:00+00:00,1479.4000244140625,1480.4000244140625,1477.5999755859375,1479.199951171875,77804
2026-07-17 07:25:00+00:00,1482.4000244140625,1482.5999755859375,1479.0,1479.5999755859375,96647
2026-07-17 07:30:00+00:00,1483.5999755859375,1483.5999755859375,1481.199951171875,1482.5999755859375,85566
2026-07-17 07:35:00+00:00,1483.199951171875,1484.0,1482.4000244140625,1483.0,101049
2026-07-17 07:40:00+00:00,1485.4000244140625,1485.5999755859375,1483.5999755859375,1483.5999755859375,87715
2026-07-17 07:45:00+00:00,1485.0,1486.0,1484.199951171875,1485.199951171875,88881
2026-07-17 07:50:00+00:00,1484.4000244140625,1485.4000244140625,1483.5999755859375,1484.5999755859375,28581
2026-07-17 07:55:00+00:00,1483.5999755859375,1484.5999755859375,1482.5999755859375,1484.4000244140625,107071
2026-07-17 08:00:00+00:00,1487.4000244140625,1488.0,1483.5999755859375,1483.800048828125,85152
2026-07-17 08:05:00+00:00,1485.199951171875,1488.0,1485.0,1487.4000244140625,54310
2026-07-17 08:10:00+00:00,1485.4000244140625,1485.4000244140625,1481.5999755859375,1485.0,136659
2026-07-17 08:15:00+00:00,1482.800048828125,1485.5999755859375,1482.199951171875,1485.0,52081
2026-07-17 08:20:00+00:00,1482.800048828125,1483.800048828125,1481.4000244140625,1483.0,72553
2026-07-17 08:25:00+00:00,1483.4000244140625,1484.199951171875,1481.4000244140625,1482.800048828125,41152
2026-07-17 08:30:00+00:00,1480.199951171875,1484.4000244140625,1479.800048828125,1483.5999755859375,86903
2026-07-17 08:35:00+00:00,1477.5999755859375,1480.199951171875,1476.800048828125,1479.800048828125,45461
2026-07-17 08:40:00+00:00,1480.800048828125,1480.800048828125,1477.4000244140625,1478.0,59884
2026-07-17 08:45:00+00:00,1481.199951171875,1482.199951171875,1474.0,1481.0,79328
2026-07-17 08:50:00+00:00,1481.4000244140625,1481.800048828125,1480.199951171875,1481.4000244140625,23462
2026-07-17 08:55:00+00:00,1478.0,1481.4000244140625,1478.0,1480.9774169921875,31717
2026-07-17 09:00:00+00:00,1476.199951171875,1478.800048828125,1475.199951171875,1478.199951171875,55067
2026-07-17 09:05:00+00:00,1476.0,1476.800048828125,1475.0,1476.4000244140625,20527
2026-07-17 09:15:00+00:00,1479.199951171875,1480.199951171875,1476.199951171875,1479.4000244140625,1635399
2026-07-17 09:20:00+00:00,1480.800048828125,1481.4000244140625,1479.511962890625,1479.5999755859375,85175
2026-07-17 09:25:00+00:00,1483.0,1483.199951171875,1481.0,1481.199951171875,50138
2026-07-17 09:30:00+00:00,1482.5999755859375,1483.4000244140625,1482.199951171875,1483.199951171875,60531
2026-07-17 09:35:00+00:00,1482.4000244140625,1484.4000244140625,1481.800048828125,1482.4000244140625,427693
2026-07-17 09:40:00+00:00,1479.800048828125,1483.0999755859375,1479.5999755859375,1482.4000244140625,167206
2026-07-17 09:45:00+00:00,1479.5999755859375,1481.199951171875,1479.199951171875,1480.0,31231
2026-07-17 09:50:00+00:00,1479.5999755859375,1480.4000244140625,1478.199951171875,1479.800048828125,53150
2026-07-17 09:55:00+00:00,1480.4000244140625,1480.5999755859375,1479.0,1479.4000244140625,32410
2026-07-17 10:00:00+00:00,1481.800048828125,1482.0,1480.199951171875,1480.800048828125,10065
2026-07-17 10:05:00+00:00,1482.0,1483.0,1481.5999755859375,1481.5999755859375,23095
2026-07-17 10:10:00+00:00,1482.800048828125,1483.0,1481.199951171875,1482.0,21105
2026-07-17 10:15:00+00:00,1483.800048828125,1484.199951171875,1482.800048828125,1482.800048828125,25414
2026-07-17 10:20:00+00:00,1482.5999755859375,1484.5999755859375,1482.5999755859375,1484.0,63442
2026-07-17 10:25:00+00:00,1482.199951171875,1483.199951171875,1481.800048828125,1482.800048828125,65460
2026-07-17 10:30:00+00:00,1484.4000244140625,1484.800048828125,1482.199951171875,1482.199951171875,78672
2026-07-17 10:35:00+00:00,1484.5999755859375,1485.5999755859375,1484.0,1484.5999755859375,64937
2026-07-17 10:40:00+00:00,1484.800048828125,1485.5999755859375,1484.0,1484.800048828125,35808
2026-07-17 10:45:00+00:00,1485.4000244140625,1486.0,1484.5999755859375,1484.800048828125,39368
2026-07-17 10:50:00+00:00,1484.4000244140625,1485.800048828125,1483.4000244140625,1485.5999755859375,42581
2026-07-17 10:55:00+00:00,1483.0,1485.0,1483.0,1484.199951171875,35774
2026-07-17 11:00:00+00:00,1482.5999755859375,1484.4000244140625,1482.199951171875,1483.0,35426
2026-07-17 11:05:00+00:00,1480.199951171875,1483.199951171875,1480.199951171875,1482.5999755859375,267050
2026-07-17 11:10:00+00:00,1480.4000244140625,1481.0,1479.800048828125,1480.800048828125,27573
2026-07-17 11:15:00+00:00,1483.199951171875,1483.5999755859375,1480.4000244140625,1480.800048828125,69846
2026-07-17 11:20:00+00:00,1484.4000244140625,1484.5999755859375,1482.800048828125,1483.4000244140625,40758
2026-07-17 11:25:00+00:00,1484.0,1485.199951171875,1484.0,1484.0,54358
2026-07-17 11:30:00+00:00,1484.5999755859375,1484.800048828125,1484.0,1484.4000244140625,17338
2026-07-17 11:35:00+00:00,1483.5999755859375,1485.0,1483.4000244140625,1484.5999755859375,137983
2026-07-17 11:40:00+00:00,1482.0,1483.800048828125,1481.800048828125,1483.4000244140625,44070
2026-07-17 11:45:00+00:00,1482.4000244140625,1482.5999755859375,1481.5999755859375,1481.999755859375,22940
2026-07-17 11:50:00+00:00,1483.0,1483.5999755859375,1481.800048828125,1482.199951171875,42185
2026-07-17 11:55:00+00:00,1483.199951171875,1484.199951171875,1482.199951171875,1482.800048828125,26395
2026-07-17 12:00:00+00:00,1482.0,1483.800048828125,1482.0,1483.4000244140625,44524
2026-07-17 12:05:00+00:00,1479.5999755859375,1482.4000244140625,1479.1995849609375,1482.0,83292
2026-07-17 12:10:00+00:00,1480.4000244140625,1481.199951171875,1479.4000244140625,1479.800048828125,30165
2026-07-17 12:15:00+00:00,1480.4000244140625,1481.199951171875,1480.0,1480.199951171875,25932
2026-07-17 12:20:00+00:00,1481.0,1481.199951171875,1479.0,1480.2999267578125,29270
2026-07-17 12:25:00+00:00,1482.5999755859375,1483.199951171875,1481.5999755859375,1481.5999755859375,27746
2026-07-17 12:30:00+00:00,1481.0999755859375,1483.199951171875,1481.0,1483.0,27764
2026-07-17 12:35:00+00:00,1482.199951171875,1482.199951171875,1480.4000244140625,1480.5999755859375,17630
2026-07-17 12:40:00+00:00,1482.0,1482.199951171875,1481.199951171875,1482.199951171875,19937
2026-07-17 12:45:00+00:00,1481.199951171875,1483.4000244140625,1481.0,1481.0,156457
2026-07-17 12:50:00+00:00,1481.800048828125,1481.800048828125,1480.4000244140625,1481.199951171875,24702
2026-07-17 12:55:00+00:00,1481.0,1482.0,1480.5999755859375,1481.800048828125,15419
2026-07-17 13:00:00+00:00,1476.800048828125,1480.0,1476.5999755859375,1480.0,22063
2026-07-17 13:05:00+00:00,1469.800048828125,1477.0,1469.800048828125,1476.5999755859375,78716
2026-07-17 13:10:00+00:00,1468.5999755859375,1470.800048828125,1467.199951171875,1469.4000244140625,77903
2026-07-17 13:15:00+00:00,1466.0,1469.4000244140625,1465.800048828125,1468.4000244140625,63028
2026-07-17 13:20:00+00:00,1466.199951171875,1466.4000244140625,1464.5999755859375,1466.0,97167
2026-07-17 13:25:00+00:00,1465.800048828125,1470.0,1465.800048828125,1466.5999755859375,87352
2026-07-17 13:30:00+00:00,1461.199951171875,1466.199951171875,1460.5999755859375,1465.5999755859375,431282
2026-07-17 13:35:00+00:00,1465.739990234375,1467.0,1460.5999755859375,1461.0,164576
2026-07-17 13:40:00+00:00,1469.0,1470.800048828125,1465.0,1465.199951171875,184968
2026-07-17 13:45:00+00:00,1477.199951171875,1478.0,1468.0,1469.199951171875,147632
2026-07-17 13:50:00+00:00,1478.5999755859375,1478.800048828125,1476.4000244140625,1477.4000244140625,136964
2026-07-17 13:55:00+00:00,1481.0,1481.5999755859375,1478.199951171875,1478.4000244140625,94390
2026-07-17 14:00:00+00:00,1480.199951171875,1482.5999755859375,1479.800048828125,1481.0,159272
2026-07-17 14:05:00+00:00,1482.0,1482.4000244140625,1480.199951171875,1480.199951171875,76239
2026-07-17 14:10:00+00:00,1481.0,1483.800048828125,1480.4000244140625,1481.800048828125,172147
2026-07-17 14:15:00+00:00,1482.199951171875,1483.199951171875,1480.4000244140625,1480.4000244140625,92586
2026-07-17 14:20:00+00:00,1482.800048828125,1483.4000244140625,1482.0,1482.4000244140625,91412
2026-07-17 14:25:00+00:00,1482.800048828125,1483.5999755859375,1482.0,1483.0,60621
2026-07-17 14:30:00+00:00,1482.4000244140625,1482.699951171875,1481.0,1482.5999755859375,46333
2026-07-17 14:35:00+00:00,1484.4000244140625,1484.5999755859375,1482.0,1482.5999755859375,71341
2026-07-17 14:40:00+00:00,1484.199951171875,1484.800048828125,1483.5999755859375,1484.199951171875,62274
2026-07-17 14:45:00+00:00,1486.699951171875,1486.800048828125,1483.800048828125,1484.4000244140625,98014
2026-07-17 14:50:00+00:00,1486.4000244140625,1487.5999755859375,1485.800048828125,1486.800048828125,99212
2026-07-17 14:55:00+00:00,1486.0400390625,1488.207763671875,1485.199951171875,1486.4000244140625,111194
2026-07-17 15:00:00+00:00,1483.5999755859375,1486.0,1483.199951171875,1485.9000244140625,99863
2026-07-17 15:05:00+00:00,1485.199951171875,1485.199951171875,1483.0,1483.800048828125,95749
2026-07-17 15:10:00+00:00,1484.4000244140625,1485.800048828125,1484.0,1485.4000244140625,214310
2026-07-17 15:15:00+00:00,1485.699951171875,1486.5999755859375,1483.800048828125,1484.4000244140625,0
2026-07-17 15:20:00+00:00,1486.5999755859375,1487.800048828125,1484.800048828125,1485.4000244140625,161142
2026-07-17 15:25:00+00:00,1488.5999755859375,1489.0,1486.800048828125,1486.800048828125,170710
2026-07-20 07:00:00+00:00,1484.4000244140625,1486.0,1481.9591064453125,1483.4000244140625,0
2026-07-20 07:05:00+00:00,1483.199951171875,1486.5999755859375,1480.5999755859375,1484.0,118445
2026-07-20 07:10:00+00:00,1482.199951171875,1484.5999755859375,1481.5999755859375,1483.199951171875,87716
2026-07-20 07:15:00+00:00,1481.4000244140625,1482.5999755859375,1478.800048828125,1481.800048828125,125700
2026-07-20 07:20:00+00:00,1481.4000244140625,1483.199951171875,1480.4000244140625,1481.5999755859375,187844
2026-07-20 07:25:00+00:00,1484.5999755859375,1484.5999755859375,1481.800048828125,1482.0,33932
2026-07-20 07:30:00+00:00,1487.4000244140625,1488.2939453125,1484.4000244140625,1484.989013671875,62855
2026-07-20 07:35:00+00:00,1488.5999755859375,1488.5999755859375,1485.800048828125,1487.4000244140625,55103
2026-07-20 07:40:00+00:00,1491.0,1491.0,1488.0,1489.0,122328
2026-07-20 07:45:00+00:00,1487.5999755859375,1491.0,1487.4000244140625,1491.0,192106
2026-07-20 07:50:00+00:00,1488.800048828125,1489.199951171875,1486.800048828125,1487.4000244140625,202217
2026-07-20 07:55:00+00:00,1491.199951171875,1491.199951171875,1488.5999755859375,1489.199951171875,42525
2026-07-20 08:00:00+00:00,1492.5999755859375,1493.5999755859375,1490.995849609375,1491.199951171875,46381
2026-07-20 08:05:00+00:00,1493.4000244140625,1493.5999755859375,1490.4000244140625,1492.4000244140625,99948
2026-07-20 08:10:00+00:00,1493.5999755859375,1494.0,1492.199951171875,1493.199951171875,56845
2026-07-20 08:15:00+00:00,1494.0,1494.199951171875,1492.9000244140625,1493.4000244140625,34302
2026-07-20 08:20:00+00:00,1494.5999755859375,1494.5999755859375,1493.0,1494.199951171875,24432
2026-07-20 08:25:00+00:00,1494.800048828125,1495.800048828125,1494.4000244140625,1494.4000244140625,43969
2026-07-20 08:30:00+00:00,1493.8370361328125,1495.4000244140625,1493.4000244140625,1495.0,19845
2026-07-20 08:35:00+00:00,1492.199951171875,1493.800048828125,1492.199951171875,1493.5999755859375,31567
2026-07-20 08:40:00+00:00,1490.199951171875,1492.5999755859375,1490.199951171875,1492.4000244140625,25547
2026-07-20 08:45:00+00:00,1491.5999755859375,1491.5999755859375,1490.199951171875,1490.5999755859375,29143
2026-07-20 08:50:00+00:00,1490.928955078125,1491.4000244140625,1490.5,1491.0,50773
2026-07-20 08:55:00+00:00,1492.4000244140625,1492.800048828125,1491.0,1491.0,28204
2026-07-20 09:00:00+00:00,1489.8079833984375,1492.199951171875,1489.800048828125,1492.199951171875,12004
2026-07-20 09:05:00+00:00,1489.0,1489.800048828125,1488.4000244140625,1489.4000244140625,14974
2026-07-20 09:10:00+00:00,1489.407958984375,1489.448974609375,1488.800048828125,1488.800048828125,35940
2026-07-20 09:15:00+00:00,1488.800048828125,1491.0,1488.800048828125,1489.5999755859375,12111
2026-07-20 09:20:00+00:00,1490.5999755859375,1490.5999755859375,1488.800048828125,1488.800048828125,9366
2026-07-20 09:25:00+00:00,1490.5999755859375,1491.199951171875,1490.1998291015625,1490.4000244140625,8376
2026-07-20 09:30:00+00:00,1491.0,1491.199951171875,1490.0,1490.199951171875,14222
2026-07-20 09:35:00+00:00,1491.5999755859375,1492.0,1490.800048828125,1490.800048828125,9594
2026-07-20 09:40:00+00:00,1491.399658203125,1492.0,1490.9000244140625,1491.5999755859375,20925
2026-07-20 09:45:00+00:00,1491.0,1492.5999755859375,1491.0,1491.199951171875,17478
2026-07-20 09:50:00+00:00,1490.5999755859375,1491.0,1489.4000244140625,1491.0,15816
2026-07-20 09:55:00+00:00,1490.0,1490.800048828125,1489.4000244140625,1490.4000244140625,4771
2026-07-20 10:00:00+00:00,1489.800048828125,1490.199951171875,1488.909912109375,1489.8077392578125,6372
2026-07-20 10:05:00+00:00,1489.4000244140625,1490.5999755859375,1489.4000244140625,1489.635986328125,42882
2026-07-20 10:10:00+00:00,1487.4000244140625,1489.800048828125,1487.4000244140625,1489.4000244140625,18992
2026-07-20 10:15:00+00:00,1486.199951171875,1487.4000244140625,1485.4000244140625,1487.4000244140625,26619
2026-07-20 10:20:00+00:00,1487.0,1487.199951171875,1485.800048828125,1485.9859619140625,7774
2026-07-20 10:25:00+00:00,1485.4000244140625,1486.4000244140625,1485.4000244140625,1486.199951171875,4944
2026-07-20 10:30:00+00:00,1484.199951171875,1485.5999755859375,1484.199951171875,1485.199951171875,28346
2026-07-20 10:35:00+00:00,1482.800048828125,1484.4000244140625,1481.199951171875,1483.800048828125,29473
2026-07-20 10:40:00+00:00,1483.199951171875,1483.4000244140625,1481.0,1483.0,359273
2026-07-20 10:45:00+00:00,1483.199951171875,1483.800048828125,1481.800048828125,1483.5999755859375,75048
2026-07-20 10:50:00+00:00,1485.4000244140625,1485.4000244140625,1482.5999755859375,1483.0,25103
2026-07-20 10:55:00+00:00,1486.0,1486.800048828125,1484.800048828125,1485.4000244140625,37247
2026-07-20 11:00:00+00:00,1488.199951171875,1488.199951171875,1485.800048828125,1485.800048828125,23850
2026-07-20 11:05:00+00:00,1488.0,1488.5999755859375,1487.800048828125,1488.0,38333
2026-07-20 11:10:00+00:00,1488.0,1488.199951171875,1486.800048828125,1488.0,7424
2026-07-20 11:15:00+00:00,1488.0,1488.800048828125,1487.5999755859375,1488.199951171875,22077
2026-07-20 11:20:00+00:00,1487.5999755859375,1488.4000244140625,1486.800048828125,1488.0,14605
2026-07-20 11:25:00+00:00,1488.199951171875,1488.800048828125,1487.0,1487.5999755859375,24983
2026-07-20 11:30:00+00:00,1495.5999755859375,1496.800048828125,1488.0,1488.0,322997
2026-07-20 11:35:00+00:00,1494.800048828125,1496.4000244140625,1494.4000244140625,1495.199951171875,40669
2026-07-20 11:40:00+00:00,1495.5999755859375,1496.0,1494.5999755859375,1494.739990234375,45829
2026-07-20 11:45:00+00:00,1492.5999755859375,1495.4000244140625,1492.5999755859375,1495.4000244140625,9175
2026-07-20 11:50:00+00:00,1495.199951171875,1495.199951171875,1492.199951171875,1493.0,12019
2026-07-20 11:55:00+00:00,1494.562255859375,1495.4000244140625,1494.4000244140625,1494.800048828125,8641
2026-07-20 12:00:00+00:00,1487.4000244140625,1494.800048828125,1486.5999755859375,1494.800048828125,123584
2026-07-20 12:05:00+00:00,1489.5999755859375,1489.5999755859375,1487.800048828125,1487.800048828125,13506
2026-07-20 12:10:00+00:00,1488.800048828125,1489.4000244140625,1487.800048828125,1489.4000244140625,3247
2026-07-20 12:15:00+00:00,1489.800048828125,1490.199951171875,1488.0,1488.800048828125,5486
2026-07-20 12:20:00+00:00,1488.4000244140625,1490.0,1488.0,1489.4000244140625,26201
2026-07-20 12:25:00+00:00,1489.800048828125,1490.199951171875,1487.800048828125,1487.800048828125,16178
2026-07-20 12:30:00+00:00,1488.5999755859375,1490.4000244140625,1487.800048828125,1490.0,25713
2026-07-20 12:35:00+00:00,1490.199951171875,1491.199951171875,1488.4000244140625,1488.4000244140625,8547
2026-07-20 12:40:00+00:00,1489.199951171875,1491.0,1489.0,1490.199951171875,9770
2026-07-20 12:45:00+00:00,1489.800048828125,1490.800048828125,1489.4000244140625,1489.5999755859375,9741
2026-07-20 12:50:00+00:00,1487.0999755859375,1489.800048828125,1487.0999755859375,1489.5999755859375,16446
2026-07-20 12:55:00+00:00,1486.5999755859375,1487.4000244140625,1484.800048828125,1487.0,47582
2026-07-20 13:00:00+00:00,1487.199951171875,1488.0,1485.800048828125,1487.4000244140625,47166
2026-07-20 13:05:00+00:00,1486.0999755859375,1486.800048828125,1485.0,1486.4000244140625,54997
2026-07-20 13:10:00+00:00,1483.4000244140625,1486.5999755859375,1483.4000244140625,1486.5999755859375,82567
2026-07-20 13:15:00+00:00,1484.5999755859375,1485.0999755859375,1483.0,1483.4000244140625,37394
2026-07-20 13:20:00+00:00,1485.199951171875,1485.5999755859375,1484.800048828125,1485.199951171875,33036
2026-07-20 13:25:00+00:00,1487.5999755859375,1487.800048828125,1485.0,1485.800048828125,42339
2026-07-20 13:30:00+00:00,1487.4000244140625,1489.0,1486.199951171875,1487.5,132733
2026-07-20 13:35:00+00:00,1486.5999755859375,1489.0,1485.4000244140625,1487.199951171875,131692
2026-07-20 13:40:00+00:00,1484.0,1487.0,1482.800048828125,1486.4000244140625,89364
2026-07-20 13:45:00+00:00,1483.4000244140625,1484.199951171875,1481.5999755859375,1484.199951171875,50267
2026-07-20 13:50:00+00:00,1482.5999755859375,1484.800048828125,1481.199951171875,1483.800048828125,195583
2026-07-20 13:55:00+00:00,1481.5999755859375,1482.5999755859375,1480.0,1482.1839599609375,108579
2026-07-20 14:00:00+00:00,1481.199951171875,1486.4000244140625,1479.5999755859375,1481.4000244140625,84156
2026-07-20 14:05:00+00:00,1480.0,1482.5999755859375,1478.4000244140625,1481.800048828125,63308
2026-07-20 14:10:00+00:00,1479.800048828125,1480.800048828125,1478.4000244140625,1480.0,55163
2026-07-20 14:15:00+00:00,1478.5999755859375,1480.5999755859375,1478.0,1480.5999755859375,41577
2026-07-20 14:20:00+00:00,1479.5999755859375,1479.800048828125,1476.5999755859375,1478.800048828125,66963
2026-07-20 14:25:00+00:00,1478.4000244140625,1480.4000244140625,1477.800048828125,1479.4000244140625,85662
2026-07-20 14:30:00+00:00,1477.199951171875,1478.199951171875,1475.199951171875,1478.0,73488
2026-07-20 14:35:00+00:00,1477.800048828125,1478.4000244140625,1475.5999755859375,1477.199951171875,113103
2026-07-20 14:40:00+00:00,1478.699951171875,1479.4000244140625,1477.5999755859375,1478.0,107078
2026-07-20 14:45:00+00:00,1481.0,1481.0,1478.4000244140625,1478.4000244140625,149448
2026-07-20 14:50:00+00:00,1479.199951171875,1482.5999755859375,1479.0999755859375,1480.5999755859375,164442
2026-07-20 14:55:00+00:00,1478.800048828125,1479.5999755859375,1477.0,1479.0,191958
2026-07-20 15:00:00+00:00,1478.199951171875,1479.4000244140625,1476.4000244140625,1478.4000244140625,358547
2026-07-20 15:05:00+00:00,1478.300048828125,1478.5999755859375,1474.5999755859375,1478.199951171875,212209
2026-07-20 15:10:00+00:00,1478.800048828125,1479.800048828125,1477.800048828125,1478.0,179581
2026-07-20 15:15:00+00:00,1479.4000244140625,1480.4000244140625,1478.4000244140625,1478.4000244140625,122526
2026-07-20 15:20:00+00:00,1480.4000244140625,1481.199951171875,1478.800048828125,1479.800048828125,203448
2026-07-20 15:25:00+00:00,1481.199951171875,1481.800048828125,1480.4000244140625,1480.4000244140625,207853
2026-07-21 07:00:00+00:00,1485.800048828125,1488.199951171875,1479.800048828125,1481.5999755859375,0
2026-07-21 07:05:00+00:00,1478.4000244140625,1486.800048828125,1478.0,1486.0,72282
2026-07-21 07:10:00+00:00,1481.800048828125,1481.800048828125,1477.0,1478.4000244140625,125763
2026-07-21 07:15:00+00:00,1482.800048828125,1482.800048828125,1480.0,1481.4000244140625,64335
2026-07-21 07:20:00+00:00,1481.5999755859375,1483.800048828125,1481.4000244140625,1482.5999755859375,75562
2026-07-21 07:25:00+00:00,1480.0,1483.0,1479.0,1482.0,63367
2026-07-21 07:30:00+00:00,1482.5999755859375,1483.0,1478.199951171875,1480.0,79867
2026-07-21 07:35:00+00:00,1484.199951171875,1484.5999755859375,1482.4000244140625,1482.5999755859375,98641
2026-07-21 07:40:00+00:00,1483.199951171875,1484.5999755859375,1482.800048828125,1484.0,37550
2026-07-21 07:45:00+00:00,1484.199951171875,1484.4000244140625,1482.199951171875,1483.199951171875,68584
2026-07-21 07:50:00+00:00,1484.0,1484.800048828125,1483.199951171875,1484.199951171875,37014
2026-07-21 07:55:00+00:00,1485.800048828125,1486.0,1483.5999755859375,1484.0,53994
2026-07-21 08:00:00+00:00,1486.5999755859375,1487.5999755859375,1485.4000244140625,1486.0,70299
2026-07-21 08:05:00+00:00,1488.0,1488.0,1486.1798095703125,1486.5999755859375,20698
2026-07-21 08:10:00+00:00,1488.199951171875,1489.0469970703125,1487.0,1488.0,15197
2026-07-21 08:15:00+00:00,1489.4000244140625,1489.4000244140625,1488.199951171875,1488.800048828125,13578
2026-07-21 08:20:00+00:00,1489.5999755859375,1490.0,1489.0,1489.199951171875,12125
2026-07-21 08:25:00+00:00,1489.4000244140625,1490.5830078125,1489.4000244140625,1490.0,8744
2026-07-21 08:30:00+00:00,1490.0,1490.800048828125,1489.5999755859375,1489.800048828125,16597
2026-07-21 08:35:00+00:00,1490.199951171875,1490.4000244140625,1489.0,1490.0,16956
2026-07-21 08:40:00+00:00,1490.5999755859375,1491.5999755859375,1490.0,1490.4000244140625,28299
2026-07-21 08:45:00+00:00,1491.0,1491.0,1488.800048828125,1490.199951171875,40295
2026-07-21 08:50:00+00:00,1491.4119873046875,1491.800048828125,1490.4000244140625,1490.800048828125,11399
2026-07-21 08:55:00+00:00,1491.800048828125,1492.199951171875,1491.199951171875,1491.4000244140625,26327
2026-07-21 09:00:00+00:00,1492.0,1493.0,1491.4000244140625,1491.800048828125,35682
2026-07-21 09:05:00+00:00,1493.0,1494.0,1492.199951171875,1492.4000244140625,26771
2026-07-21 09:10:00+00:00,1494.4000244140625,1494.5999755859375,1493.199951171875,1493.4000244140625,35091
2026-07-21 09:15:00+00:00,1494.0,1494.5999755859375,1493.5999755859375,1494.4000244140625,21607
2026-07-21 09:20:00+00:00,1493.800048828125,1494.5999755859375,1493.4000244140625,1493.800048828125,26120
2026-07-21 09:25:00+00:00,1492.199951171875,1493.5999755859375,1491.5999755859375,1493.5999755859375,18508
2026-07-21 09:30:00+00:00,1494.0,1494.0,1491.5999755859375,1492.5999755859375,15163
2026-07-21 09:35:00+00:00,1493.4000244140625,1493.800048828125,1492.4000244140625,1493.800048828125,37400
2026-07-21 09:40:00+00:00,1492.4000244140625,1493.4000244140625,1491.800048828125,1493.4000244140625,13077
2026-07-21 09:45:00+00:00,1493.800048828125,1494.5999755859375,1492.4000244140625,1492.4000244140625,24169
2026-07-21 09:50:00+00:00,1493.800048828125,1494.4000244140625,1493.0,1493.5999755859375,34684
2026-07-21 09:55:00+00:00,1492.4031982421875,1493.800048828125,1491.800048828125,1493.5999755859375,16960
2026-07-21 10:00:00+00:00,1492.800048828125,1492.800048828125,1491.4000244140625,1492.4000244140625,30092
2026-07-21 10:05:00+00:00,1494.800048828125,1495.5999755859375,1492.4000244140625,1492.6075439453125,53904
2026-07-21 10:10:00+00:00,1496.4000244140625,1497.800048828125,1494.4000244140625,1494.5999755859375,63264
2026-07-21 10:15:00+00:00,1497.4000244140625,1497.4000244140625,1496.0,1496.0,9554
2026-07-21 10:20:00+00:00,1497.4000244140625,1498.0,1497.199951171875,1497.4000244140625,52762
2026-07-21 10:25:00+00:00,1497.7989501953125,1498.0,1497.4000244140625,1497.5999755859375,25025
2026-07-21 10:30:00+00:00,1498.199951171875,1498.199951171875,1496.800048828125,1497.5999755859375,16635
2026-07-21 10:35:00+00:00,1499.0,1499.5999755859375,1498.1800537109375,1498.199951171875,33605
2026-07-21 10:40:00+00:00,1497.800048828125,1499.199951171875,1497.4000244140625,1499.0,295810
2026-07-21 10:45:00+00:00,1497.4000244140625,1497.5999755859375,1496.199951171875,1497.4000244140625,29848
2026-07-21 10:50:00+00:00,1496.800048828125,1497.199951171875,1496.199951171875,1497.199951171875,14541
2026-07-21 10:55:00+00:00,1496.199951171875,1496.800048828125,1496.0,1496.4000244140625,28528
2026-07-21 11:00:00+00:00,1493.4000244140625,1500.0,1493.4000244140625,1496.4000244140625,108008
2026-07-21 11:05:00+00:00,1493.800048828125,1494.199951171875,1492.199951171875,1493.0,495540
2026-07-21 11:10:00+00:00,1494.4000244140625,1494.4000244140625,1493.4000244140625,1494.199951171875,28545
2026-07-21 11:15:00+00:00,1495.800048828125,1496.199951171875,1494.207763671875,1494.800048828125,14769
2026-07-21 11:20:00+00:00,1496.0,1496.0,1494.800048828125,1496.0,22435
2026-07-21 11:25:00+00:00,1496.5999755859375,1496.800048828125,1495.0,1496.0,35366
2026-07-21 11:30:00+00:00,1496.800048828125,1497.4000244140625,1496.4000244140625,1496.4000244140625,18844
2026-07-21 11:35:00+00:00,1497.0,1497.5999755859375,1496.4000244140625,1496.5999755859375,27732
2026-07-21 11:40:00+00:00,1496.4000244140625,1497.5999755859375,1496.199951171875,1496.800048828125,63826
2026-07-21 11:45:00+00:00,1496.5999755859375,1497.0,1495.5999755859375,1497.0,11668
2026-07-21 11:50:00+00:00,1496.9862060546875,1497.0,1496.199951171875,1496.5999755859375,37225
2026-07-21 11:55:00+00:00,1495.800048828125,1497.199951171875,1481.5999755859375,1496.800048828125,139823
2026-07-21 12:00:00+00:00,1496.800048828125,1497.199951171875,1496.0,1496.0,19303
2026-07-21 12:05:00+00:00,1497.5999755859375,1497.800048828125,1496.5999755859375,1496.5999755859375,9517
2026-07-21 12:10:00+00:00,1497.800048828125,1498.199951171875,1497.0,1497.4000244140625,17477
2026-07-21 12:15:00+00:00,1496.4000244140625,1498.199951171875,1495.800048828125,1498.199951171875,27024
2026-07-21 12:20:00+00:00,1497.4000244140625,1497.800048828125,1496.199951171875,1496.800048828125,16613
2026-07-21 12:25:00+00:00,1496.199951171875,1497.800048828125,1495.5999755859375,1497.800048828125,9388
2026-07-21 12:30:00+00:00,1498.220458984375,1498.4000244140625,1496.10400390625,1496.10400390625,35181
2026-07-21 12:35:00+00:00,1498.0,1498.800048828125,1497.5999755859375,1498.1500244140625,23590
2026-07-21 12:40:00+00:00,1496.5999755859375,1498.18701171875,1494.4000244140625,1498.0,35942
2026-07-21 12:45:00+00:00,1498.4000244140625,1498.4000244140625,1496.4000244140625,1496.4119873046875,19882
2026-07-21 12:50:00+00:00,1499.5999755859375,1499.710205078125,1498.4000244140625,1498.5999755859375,15998
2026-07-21 12:55:00+00:00,1498.5999755859375,1499.800048828125,1498.5999755859375,1499.800048828125,24735
2026-07-21 13:00:00+00:00,1499.199951171875,1499.199951171875,1497.4000244140625,1498.5999755859375,29008
2026-07-21 13:05:00+00:00,1499.199951171875,1500.5999755859375,1498.5999755859375,1498.5999755859375,114482
2026-07-21 13:10:00+00:00,1499.800048828125,1500.0050048828125,1499.0,1499.199951171875,11410
2026-07-21 13:15:00+00:00,1501.0,1501.0,1499.481689453125,1500.199951171875,15145
2026-07-21 13:20:00+00:00,1499.5999755859375,1501.800048828125,1499.4000244140625,1500.800048828125,27380
2026-07-21 13:25:00+00:00,1500.4000244140625,1500.5999755859375,1499.199951171875,1499.800048828125,333806
2026-07-21 13:30:00+00:00,1496.800048828125,1501.5999755859375,1496.800048828125,1500.199951171875,207143
2026-07-21 13:35:00+00:00,1496.199951171875,1498.800048828125,1496.0,1496.9000244140625,87341
2026-07-21 13:40:00+00:00,1493.4000244140625,1495.800048828125,1492.0,1495.800048828125,158918
2026-07-21 13:45:00+00:00,1497.800048828125,1498.0,1493.5999755859375,1494.199951171875,143018
2026-07-21 13:50:00+00:00,1495.199951171875,1498.800048828125,1494.199951171875,1498.0,124981
2026-07-21 13:55:00+00:00,1495.4000244140625,1496.800048828125,1494.4000244140625,1495.199951171875,82044
2026-07-21 14:00:00+00:00,1499.800048828125,1500.080078125,1495.0,1495.800048828125,131904
2026-07-21 14:05:00+00:00,1499.4000244140625,1500.3017578125,1498.4000244140625,1499.5999755859375,165854
2026-07-21 14:10:00+00:00,1501.0,1501.800048828125,1499.0,1499.199951171875,78164
2026-07-21 14:15:00+00:00,1502.4000244140625,1503.199951171875,1500.800048828125,1501.0,119219
2026-07-21 14:20:00+00:00,1501.199951171875,1502.800048828125,1501.199951171875,1502.4000244140625,77092
2026-07-21 14:25:00+00:00,1500.5999755859375,1502.0,1500.5999755859375,1501.199951171875,134217
2026-07-21 14:30:00+00:00,1501.5999755859375,1502.4000244140625,1500.5999755859375,1500.800048828125,82042
2026-07-21 14:35:00+00:00,1501.0,1501.989013671875,1499.800048828125,1501.4000244140625,53296
2026-07-21 14:40:00+00:00,1502.10009765625,1502.4000244140625,1500.800048828125,1500.800048828125,69100
2026-07-21 14:45:00+00:00,1501.800048828125,1502.4000244140625,1500.4000244140625,1501.800048828125,236303
2026-07-21 14:50:00+00:00,1501.800048828125,1502.5999755859375,1500.5999755859375,1501.5999755859375,74930
2026-07-21 14:55:00+00:00,1501.0,1502.4000244140625,1500.800048828125,1502.0,58374
2026-07-21 15:00:00+00:00,1503.0,1503.199951171875,1500.5999755859375,1501.0,135300
2026-07-21 15:05:00+00:00,1503.199951171875,1503.4000244140625,1502.199951171875,1502.800048828125,126963
2026-07-21 15:10:00+00:00,1504.199951171875,1504.4000244140625,1502.800048828125,1503.0,132651
2026-07-21 15:15:00+00:00,1504.5999755859375,1505.0,1503.5999755859375,1504.199951171875,152816
2026-07-21 15:20:00+00:00,1504.800048828125,1506.199951171875,1504.199951171875,1504.4000244140625,208644
2026-07-21 15:25:00+00:00,1505.4000244140625,1506.0,1504.800048828125,1504.800048828125,278167
2026-07-22 07:00:00+00:00,1510.199951171875,1511.4000244140625,1504.4000244140625,1505.0,0
2026-07-22 07:05:00+00:00,1506.199951171875,1510.2099609375,1505.800048828125,1509.5999755859375,177963
2026-07-22 07:10:00+00:00,1509.5999755859375,1509.5999755859375,1505.800048828125,1506.5999755859375,53617
2026-07-22 07:15:00+00:00,1511.0,1511.800048828125,1510.199951171875,1510.4000244140625,208395
2026-07-22 07:20:00+00:00,1510.5,1512.0,1510.4000244140625,1510.5999755859375,58991
2026-07-22 07:25:00+00:00,1511.800048828125,1512.5999755859375,1510.199951171875,1510.199951171875,197995
2026-07-22 07:30:00+00:00,1510.0,1512.0,1509.5999755859375,1511.5999755859375,106932
2026-07-22 07:35:00+00:00,1510.0,1510.800048828125,1509.0,1509.5999755859375,55351
2026-07-22 07:40:00+00:00,1511.800048828125,1512.0,1509.5999755859375,1510.4000244140625,326285
2026-07-22 07:45:00+00:00,1512.0,1513.199951171875,1511.5999755859375,1511.5999755859375,257251
2026-07-22 07:50:00+00:00,1511.5999755859375,1512.800048828125,1511.4000244140625,1512.199951171875,80479
2026-07-22 07:55:00+00:00,1512.4000244140625,1513.0,1511.5999755859375,1512.0,148981
2026-07-22 08:00:00+00:00,1518.5999755859375,1518.5999755859375,1511.800048828125,1512.0,367536
2026-07-22 08:05:00+00:00,1519.800048828125,1520.199951171875,1517.800048828125,1518.199951171875,359672
2026-07-22 08:10:00+00:00,1520.4000244140625,1521.800048828125,1519.199951171875,1520.199951171875,81871
2026-07-22 08:15:00+00:00,1523.199951171875,1523.4000244140625,1519.4000244140625,1520.0,96214
2026-07-22 08:20:00+00:00,1525.5999755859375,1525.5999755859375,1522.4000244140625,1523.4000244140625,76258
2026-07-22 08:25:00+00:00,1525.5999755859375,1527.0,1523.199951171875,1525.5999755859375,82764
2026-07-22 08:30:00+00:00,1530.5999755859375,1530.5999755859375,1526.199951171875,1526.199951171875,117123
2026-07-22 08:35:00+00:00,1530.0,1531.199951171875,1528.800048828125,1530.5999755859375,163480
2026-07-22 08:40:00+00:00,1531.0,1531.4000244140625,1528.800048828125,1530.0,35933
2026-07-22 08:45:00+00:00,1534.0,1534.4000244140625,1530.800048828125,1531.0,67950
2026-07-22 08:50:00+00:00,1534.4000244140625,1534.800048828125,1532.0,1534.0,59960
2026-07-22 08:55:00+00:00,1533.199951171875,1535.0,1532.199951171875,1534.5999755859375,204706
2026-07-22 09:00:00+00:00,1534.800048828125,1535.5999755859375,1533.0,1533.199951171875,96460
2026-07-22 09:05:00+00:00,1536.800048828125,1538.199951171875,1534.800048828125,1535.0,97278
2026-07-22 09:10:00+00:00,1535.800048828125,1536.800048828125,1535.199951171875,1536.4000244140625,47666
2026-07-22 09:15:00+00:00,1538.0,1538.0,1535.4000244140625,1535.5999755859375,88384
2026-07-22 09:20:00+00:00,1535.4000244140625,1537.800048828125,1534.199951171875,1537.800048828125,19104
2026-07-22 09:25:00+00:00,1534.199951171875,1537.0,1534.199951171875,1535.5999755859375,38573
2026-07-22 09:30:00+00:00,1532.199951171875,1535.4000244140625,1532.199951171875,1534.199951171875,40436
2026-07-22 09:35:00+00:00,1531.199951171875,1533.0,1530.0,1532.4000244140625,32960
2026-07-22 09:40:00+00:00,1530.0,1531.800048828125,1529.5999755859375,1531.0,22900
2026-07-22 09:45:00+00:00,1531.800048828125,1531.9410400390625,1530.0,1530.0,34999
2026-07-22 09:50:00+00:00,1529.4000244140625,1531.5999755859375,1528.4000244140625,1531.4000244140625,35785
2026-07-22 09:55:00+00:00,1530.4000244140625,1530.5999755859375,1529.4000244140625,1529.4000244140625,21152
2026-07-22 10:00:00+00:00,1530.0,1531.0699462890625,1529.4000244140625,1530.800048828125,23839
2026-07-22 10:05:00+00:00,1529.800048828125,1531.0,1529.5999755859375,1530.4000244140625,16691
2026-07-22 10:10:00+00:00,1529.4000244140625,1530.199951171875,1528.5999755859375,1530.0,34058
2026-07-22 10:15:00+00:00,1530.0,1530.5999755859375,1529.0,1529.5999755859375,13892
2026-07-22 10:20:00+00:00,1534.0,1534.199951171875,1530.199951171875,1530.199951171875,33456
2026-07-22 10:25:00+00:00,1534.0,1534.800048828125,1532.800048828125,1534.199951171875,49894
2026-07-22 10:30:00+00:00,1532.699951171875,1534.800048828125,1532.5999755859375,1534.4000244140625,24164
2026-07-22 10:35:00+00:00,1531.5999755859375,1533.0,1530.800048828125,1532.4000244140625,42015
2026-07-22 10:40:00+00:00,1532.4000244140625,1532.800048828125,1531.10205078125,1531.800048828125,45610
2026-07-22 10:45:00+00:00,1534.800048828125,1535.0,1532.0,1532.199951171875,38953
2026-07-22 10:50:00+00:00,1533.5999755859375,1535.199951171875,1533.4000244140625,1535.0,75553
2026-07-22 10:55:00+00:00,1533.0,1533.5999755859375,1532.800048828125,1533.4000244140625,40375
2026-07-22 11:00:00+00:00,1531.199951171875,1533.4000244140625,1530.5999755859375,1533.199951171875,57292
2026-07-22 11:05:00+00:00,1531.4000244140625,1531.800048828125,1530.0,1531.199951171875,61089
2026-07-22 11:10:00+00:00,1532.5999755859375,1533.5999755859375,1531.4000244140625,1531.5999755859375,52826
2026-07-22 11:15:00+00:00,1531.800048828125,1533.0,1531.800048828125,1532.5999755859375,40534
2026-07-22 11:20:00+00:00,1534.0,1534.0,1531.5999755859375,1531.5999755859375,122284
2026-07-22 11:25:00+00:00,1533.5999755859375,1534.4000244140625,1532.5999755859375,1534.0,37099
2026-07-22 11:30:00+00:00,1534.199951171875,1535.0,1533.5999755859375,1533.5999755859375,35849
2026-07-22 11:35:00+00:00,1533.199951171875,1534.800048828125,1533.199951171875,1534.199951171875,23886
2026-07-22 11:40:00+00:00,1529.5999755859375,1533.199951171875,1527.199951171875,1533.199951171875,84221
2026-07-22 11:45:00+00:00,1532.5999755859375,1533.199951171875,1529.199951171875,1529.199951171875,16904
2026-07-22 11:50:00+00:00,1532.5999755859375,1533.0,1531.800048828125,1532.800048828125,23575
2026-07-22 11:55:00+00:00,1531.800048828125,1533.5999755859375,1531.719970703125,1532.5999755859375,22720
2026-07-22 12:00:00+00:00,1531.0,1532.5999755859375,1531.0,1532.0,16986
2026-07-22 12:05:00+00:00,1531.9000244140625,1532.4000244140625,1530.800048828125,1531.199951171875,37849
2026-07-22 12:10:00+00:00,1532.800048828125,1533.199951171875,1531.4000244140625,1531.800048828125,53323
2026-07-22 12:15:00+00:00,1532.5999755859375,1533.5999755859375,1532.4000244140625,1532.9000244140625,64769
2026-07-22 12:20:00+00:00,1532.4000244140625,1533.0,1531.199951171875,1532.5999755859375,23831
2026-07-22 12:25:00+00:00,1533.5999755859375,1534.0699462890625,1532.199951171875,1532.4000244140625,47136
2026-07-22 12:30:00+00:00,1534.800048828125,1535.0,1533.5999755859375,1534.0,65694
2026-07-22 12:35:00+00:00,1534.0,1535.4000244140625,1533.800048828125,1534.800048828125,51606
2026-07-22 12:40:00+00:00,1536.0,1536.4000244140625,1533.5999755859375,1533.800048828125,78844
2026-07-22 12:45:00+00:00,1535.800048828125,1537.0,1535.5999755859375,1536.0,89030
2026-07-22 12:50:00+00:00,1536.4000244140625,1536.5999755859375,1534.4000244140625,1535.5999755859375,29944
2026-07-22 12:55:00+00:00,1532.5999755859375,1536.4000244140625,1529.800048828125,1536.4000244140625,239784
2026-07-22 13:00:00+00:00,1535.0999755859375,1535.0999755859375,1532.199951171875,1532.800048828125,45707
2026-07-22 13:05:00+00:00,1535.0,1535.5999755859375,1533.5999755859375,1535.0699462890625,44965
2026-07-22 13:10:00+00:00,1536.0,1536.199951171875,1534.800048828125,1535.4000244140625,113210
2026-07-22 13:15:00+00:00,1537.199951171875,1537.4000244140625,1535.800048828125,1535.800048828125,115867
2026-07-22 13:20:00+00:00,1537.5999755859375,1538.199951171875,1537.199951171875,1537.4000244140625,68085
2026-07-22 13:25:00+00:00,1536.4000244140625,1538.0,1535.5999755859375,1537.800048828125,92831
2026-07-22 13:30:00+00:00,1536.199951171875,1538.5999755859375,1535.0,1536.5999755859375,241033
2026-07-22 13:35:00+00:00,1533.0999755859375,1537.0,1532.199951171875,1535.800048828125,188998
2026-07-22 13:40:00+00:00,1535.0,1535.4000244140625,1532.5999755859375,1532.5999755859375,102575
2026-07-22 13:45:00+00:00,1537.800048828125,1538.199951171875,1535.300048828125,1535.300048828125,157746
2026-07-22 13:50:00+00:00,1539.199951171875,1539.199951171875,1538.0,1538.0,130447
2026-07-22 13:55:00+00:00,1540.0,1540.0,1538.4000244140625,1539.199951171875,118483
2026-07-22 14:00:00+00:00,1540.800048828125,1540.800048828125,1533.199951171875,1539.5999755859375,1159782
2026-07-22 14:05:00+00:00,1539.0,1541.199951171875,1538.0,1540.5999755859375,160296
2026-07-22 14:10:00+00:00,1538.4000244140625,1539.4000244140625,1536.800048828125,1539.0999755859375,150987
2026-07-22 14:15:00+00:00,1539.5999755859375,1539.800048828125,1537.199951171875,1538.5999755859375,137435
2026-07-22 14:20:00+00:00,1540.4000244140625,1540.5999755859375,1539.0,1539.199951171875,97148
2026-07-22 14:25:00+00:00,1541.800048828125,1542.0,1540.199951171875,1540.5999755859375,110768
2026-07-22 14:30:00+00:00,1541.800048828125,1543.199951171875,1541.199951171875,1541.800048828125,185740
2026-07-22 14:35:00+00:00,1541.699951171875,1542.5999755859375,1541.0,1541.800048828125,121809
2026-07-22 14:40:00+00:00,1541.5999755859375,1542.199951171875,1541.300048828125,1541.699951171875,105423
2026-07-22 14:45:00+00:00,1540.0,1541.800048828125,1539.4000244140625,1541.5999755859375,144069
2026-07-22 14:50:00+00:00,1540.4000244140625,1541.0,1539.0,1539.800048828125,225432
2026-07-22 14:55:00+00:00,1540.800048828125,1541.0,1540.0,1540.4000244140625,138022
2026-07-22 15:00:00+00:00,1540.800048828125,1541.800048828125,1539.5999755859375,1540.800048828125,155926
2026-07-22 15:05:00+00:00,1541.199951171875,1541.800048828125,1540.4000244140625,1540.5999755859375,237752
2026-07-22 15:10:00+00:00,1541.5999755859375,1541.800048828125,1540.5999755859375,1541.199951171875,259365
2026-07-22 15:15:00+00:00,1540.699951171875,1541.5,1540.4000244140625,1541.300048828125,279097
2026-07-22 15:20:00+00:00,1540.9000244140625,1541.5999755859375,1540.4000244140625,1540.5999755859375,262440
2026-07-22 15:25:00+00:00,1541.0,1541.5999755859375,1540.5999755859375,1540.9039306640625,441360
2026-07-23 07:00:00+00:00,1538.71142578125,1544.0,1537.0,1543.4000244140625,468484
2026-07-23 07:05:00+00:00,1533.4000244140625,1539.199951171875,1533.0,1538.5999755859375,186014
2026-07-23 07:10:00+00:00,1533.199951171875,1534.199951171875,1529.5999755859375,1533.4000244140625,215705
2026-07-23 07:15:00+00:00,1534.4000244140625,1535.199951171875,1533.199951171875,1533.4000244140625,164924
2026-07-23 07:20:00+00:00,1534.4000244140625,1535.4000244140625,1533.799560546875,1534.4000244140625,112151
2026-07-23 07:25:00+00:00,1540.5999755859375,1540.5999755859375,1534.4000244140625,1534.4000244140625,242084
2026-07-23 07:30:00+00:00,1540.800048828125,1542.199951171875,1539.5999755859375,1540.0,254687
2026-07-23 07:35:00+00:00,1540.5999755859375,1541.4000244140625,1539.0,1541.0,54663
2026-07-23 07:40:00+00:00,1540.199951171875,1540.800048828125,1537.800048828125,1540.5999755859375,73959
2026-07-23 07:45:00+00:00,1538.800048828125,1540.199951171875,1538.199951171875,1538.800048828125,45284
2026-07-23 07:50:00+00:00,1540.4000244140625,1541.0,1537.800048828125,1538.5999755859375,37488
2026-07-23 07:55:00+00:00,1544.199951171875,1544.4000244140625,1540.4000244140625,1540.4000244140625,68071
2026-07-23 08:00:00+00:00,1542.0,1544.800048828125,1540.0,1544.5,174237
2026-07-23 08:05:00+00:00,1544.199951171875,1544.5999755859375,1542.199951171875,1542.199951171875,151151
2026-07-23 08:10:00+00:00,1543.200439453125,1545.0,1542.4000244140625,1544.5999755859375,89989
2026-07-23 08:15:00+00:00,1543.0,1545.800048828125,1542.800048828125,1543.0,114317
2026-07-23 08:20:00+00:00,1541.4000244140625,1543.199951171875,1540.199951171875,1542.800048828125,100820
2026-07-23 08:25:00+00:00,1542.199951171875,1542.199951171875,1540.5999755859375,1541.4000244140625,19699
2026-07-23 08:30:00+00:00,1540.800048828125,1542.5999755859375,1540.199951171875,1542.0,18249
2026-07-23 08:35:00+00:00,1539.5999755859375,1540.800048828125,1539.199951171875,1540.800048828125,38649
2026-07-23 08:40:00+00:00,1538.199951171875,1539.5999755859375,1538.0,1539.5999755859375,61840
2026-07-23 08:45:00+00:00,1536.759033203125,1538.199951171875,1536.0,1538.199951171875,24713
2026-07-23 08:50:00+00:00,1537.4000244140625,1538.4000244140625,1536.0,1536.4000244140625,51673
2026-07-23 08:55:00+00:00,1539.199951171875,1539.199951171875,1536.5999755859375,1537.199951171875,29702
2026-07-23 09:00:00+00:00,1542.5999755859375,1543.800048828125,1539.0,1539.4000244140625,134109
2026-07-23 09:05:00+00:00,1539.5999755859375,1542.407958984375,1539.4000244140625,1542.199951171875,7500
2026-07-23 09:10:00+00:00,1538.199951171875,1539.4000244140625,1537.4000244140625,1539.4000244140625,13825
2026-07-23 09:15:00+00:00,1537.199951171875,1539.199951171875,1537.199951171875,1538.0,14241
2026-07-23 09:20:00+00:00,1536.0,1537.199951171875,1535.4000244140625,1537.199951171875,37893
2026-07-23 09:25:00+00:00,1534.4000244140625,1536.8070068359375,1534.199951171875,1536.199951171875,13928
2026-07-23 09:30:00+00:00,1535.4000244140625,1536.5999755859375,1534.800048828125,1535.0,65571
2026-07-23 09:35:00+00:00,1537.199951171875,1537.199951171875,1534.5999755859375,1535.2080078125,10576
2026-07-23 09:40:00+00:00,1537.5999755859375,1538.199951171875,1536.4000244140625,1537.0,33802
2026-07-23 09:45:00+00:00,1537.5999755859375,1538.4000244140625,1536.800048828125,1537.5999755859375,68408
2026-07-23 09:50:00+00:00,1536.199951171875,1537.800048828125,1535.5999755859375,1537.800048828125,18846
2026-07-23 09:55:00+00:00,1535.199951171875,1536.199951171875,1534.4000244140625,1536.199951171875,17885
2026-07-23 10:00:00+00:00,1537.0,1537.0,1534.5999755859375,1535.5999755859375,26160
2026-07-23 10:05:00+00:00,1535.5999755859375,1537.4000244140625,1535.199951171875,1536.5999755859375,41038
2026-07-23 10:10:00+00:00,1535.4000244140625,1536.199951171875,1535.0,1535.5999755859375,5667
2026-07-23 10:15:00+00:00,1536.4000244140625,1537.5999755859375,1535.199951171875,1535.5999755859375,51838
2026-07-23 10:20:00+00:00,1537.199951171875,1537.5999755859375,1536.3399658203125,1536.800048828125,19135
2026-07-23 10:25:00+00:00,1538.199951171875,1538.4000244140625,1537.0,1537.0,13955
2026-07-23 10:30:00+00:00,1538.800048828125,1540.4000244140625,1538.199951171875,1538.4000244140625,42790
2026-07-23 10:35:00+00:00,1539.1700439453125,1539.407958984375,1538.5999755859375,1538.800048828125,17583
2026-07-23 10:40:00+00:00,1540.199951171875,1540.4000244140625,1538.5999755859375,1539.199951171875,14168
2026-07-23 10:45:00+00:00,1541.199951171875,1541.199951171875,1539.800048828125,1540.0,22908
2026-07-23 10:50:00+00:00,1541.800048828125,1542.0,1540.800048828125,1541.0736083984375,17735
2026-07-23 10:55:00+00:00,1542.5999755859375,1542.800048828125,1541.5999755859375,1542.0,12441
2026-07-23 11:00:00+00:00,1540.0,1542.800048828125,1539.199951171875,1542.4000244140625,35479
2026-07-23 11:05:00+00:00,1541.0,1541.0,1539.199951171875,1539.800048828125,38104
2026-07-23 11:10:00+00:00,1542.199951171875,1542.199951171875,1541.199951171875,1541.199951171875,27155
2026-07-23 11:15:00+00:00,1542.0,1542.800048828125,1541.800048828125,1541.800048828125,43949
2026-07-23 11:20:00+00:00,1541.4000244140625,1542.199951171875,1541.199951171875,1541.800048828125,57501
2026-07-23 11:25:00+00:00,1541.800048828125,1542.0,1541.199951171875,1541.4000244140625,181454
2026-07-23 11:30:00+00:00,1542.199951171875,1542.5999755859375,1541.199951171875,1542.0,2871122
2026-07-23 11:35:00+00:00,1539.800048828125,1542.4000244140625,1538.199951171875,1542.199951171875,52329
2026-07-23 11:40:00+00:00,1539.199951171875,1539.800048828125,1537.0,1539.800048828125,91128
2026-07-23 11:45:00+00:00,1538.93994140625,1540.0,1537.4000244140625,1539.199951171875,34499
2026-07-23 11:50:00+00:00,1540.0,1543.0,1538.800048828125,1538.800048828125,141596
2026-07-23 11:55:00+00:00,1539.8819580078125,1540.0,1539.0,1539.4000244140625,22735
2026-07-23 12:00:00+00:00,1538.199951171875,1539.800048828125,1538.0,1539.5999755859375,20241
2026-07-23 12:05:00+00:00,1536.8079833984375,1539.0,1536.800048828125,1538.4000244140625,17513
2026-07-23 12:10:00+00:00,1536.800048828125,1537.4000244140625,1536.4000244140625,1537.0,34087
2026-07-23 12:15:00+00:00,1533.199951171875,1538.800048828125,1532.800048828125,1536.800048828125,180239
2026-07-23 12:20:00+00:00,1532.4000244140625,1542.0269775390625,1531.5999755859375,1532.800048828125,90262
2026-07-23 12:25:00+00:00,1532.0,1532.4000244140625,1531.0,1532.4000244140625,81964
2026-07-23 12:30:00+00:00,1533.5999755859375,1533.800048828125,1531.4000244140625,1532.0,58174
2026-07-23 12:35:00+00:00,1531.4000244140625,1533.5999755859375,1530.4000244140625,1533.4000244140625,255606
2026-07-23 12:40:00+00:00,1525.4000244140625,1531.0,1525.0,1531.0,363517
2026-07-23 12:45:00+00:00,1526.0,1526.0,1523.4000244140625,1525.0,86099
2026-07-23 12:50:00+00:00,1529.199951171875,1530.0,1525.8699951171875,1526.0,44374
2026-07-23 12:55:00+00:00,1526.5999755859375,1529.800048828125,1526.0,1529.199951171875,39735
2026-07-23 13:00:00+00:00,1524.6075439453125,1527.800048828125,1524.4000244140625,1526.5999755859375,35577
2026-07-23 13:05:00+00:00,1520.800048828125,1524.5999755859375,1520.199951171875,1524.5999755859375,73524
2026-07-23 13:10:00+00:00,1522.0,1522.800048828125,1520.199951171875,1520.800048828125,50057
2026-07-23 13:15:00+00:00,1523.800048828125,1524.199951171875,1521.4000244140625,1522.199951171875,48501
2026-07-23 13:20:00+00:00,1522.0,1524.800048828125,1522.0,1523.800048828125,46493
2026-07-23 13:25:00+00:00,1523.800048828125,1524.199951171875,1522.0,1522.5999755859375,55407
2026-07-23 13:30:00+00:00,1527.800048828125,1527.800048828125,1522.4000244140625,1524.0,196139
2026-07-23 13:35:00+00:00,1527.5999755859375,1529.4000244140625,1525.199951171875,1527.4000244140625,91059
2026-07-23 13:40:00+00:00,1528.800048828125,1530.0,1527.0,1527.5999755859375,73663
2026-07-23 13:45:00+00:00,1528.4000244140625,1529.5999755859375,1527.199951171875,1528.800048828125,121727
2026-07-23 13:50:00+00:00,1528.199951171875,1530.0,1527.300048828125,1528.4000244140625,544028
2026-07-23 13:55:00+00:00,1525.5999755859375,1528.800048828125,1524.4000244140625,1528.199951171875,77649
2026-07-23 14:00:00+00:00,1528.5999755859375,1528.800048828125,1525.5999755859375,1526.4000244140625,96160
2026-07-23 14:05:00+00:00,1527.5999755859375,1529.800048828125,1526.4000244140625,1528.5999755859375,88185
2026-07-23 14:10:00+00:00,1529.0,1530.5999755859375,1527.0,1527.5999755859375,122758
2026-07-23 14:15:00+00:00,1528.5999755859375,1530.800048828125,1528.4000244140625,1529.199951171875,90289
2026-07-23 14:20:00+00:00,1527.800048828125,1528.800048828125,1526.5999755859375,1528.5999755859375,108338
2026-07-23 14:25:00+00:00,1530.199951171875,1530.4000244140625,1527.199951171875,1527.5999755859375,51086
2026-07-23 14:30:00+00:00,1527.008056640625,1531.0,1526.0,1530.5999755859375,89787
2026-07-23 14:35:00+00:00,1528.5999755859375,1529.199951171875,1526.5999755859375,1527.4000244140625,54642
2026-07-23 14:40:00+00:00,1528.199951171875,1529.4000244140625,1528.0,1528.800048828125,64361
2026-07-23 14:45:00+00:00,1528.0,1529.199951171875,1527.5999755859375,1528.0,92389
2026-07-23 14:50:00+00:00,1525.5999755859375,1528.4000244140625,1525.4000244140625,1528.199951171875,121401
2026-07-23 14:55:00+00:00,1529.4000244140625,1529.4000244140625,1525.7020263671875,1525.800048828125,55898
2026-07-23 15:00:00+00:00,1529.199951171875,1530.0,1528.4000244140625,1529.0,97214
2026-07-23 15:05:00+00:00,1528.0,1530.0,1527.4000244140625,1528.800048828125,79498
2026-07-23 15:10:00+00:00,1526.199951171875,1528.199951171875,1525.199951171875,1527.5999755859375,111387
2026-07-23 15:15:00+00:00,1526.199951171875,1527.5999755859375,1525.800048828125,1525.800048828125,0
2026-07-23 15:20:00+00:00,1524.5999755859375,1526.5999755859375,1523.5999755859375,1526.199951171875,195763
2026-07-23 15:25:00+00:00,1524.4000244140625,1525.4000244140625,1523.199951171875,1524.5999755859375,138489
2026-07-24 07:00:00+00:00,1532.199951171875,1533.5999755859375,1524.0,1525.0,330021
2026-07-24 07:05:00+00:00,1534.800048828125,1535.0,1531.800048828125,1532.199951171875,185478
2026-07-24 07:10:00+00:00,1539.4000244140625,1539.4000244140625,1533.4000244140625,1534.5999755859375,340857
2026-07-24 07:15:00+00:00,1543.199951171875,1544.0,1537.800048828125,1539.0,184659
2026-07-24 07:20:00+00:00,1543.199951171875,1544.4000244140625,1541.4000244140625,1543.5999755859375,103343
2026-07-24 07:25:00+00:00,1545.800048828125,1546.4000244140625,1543.300048828125,1543.300048828125,507572
2026-07-24 07:30:00+00:00,1545.800048828125,1546.199951171875,1544.199951171875,1546.0,73169
2026-07-24 07:35:00+00:00,1546.800048828125,1547.4000244140625,1545.4000244140625,1545.5999755859375,45027
2026-07-24 07:40:00+00:00,1546.199951171875,1547.4000244140625,1545.5999755859375,1546.800048828125,37400
2026-07-24 07:45:00+00:00,1545.4000244140625,1547.0,1544.800048828125,1546.0,40864
2026-07-24 07:50:00+00:00,1543.4000244140625,1546.0,1543.4000244140625,1545.800048828125,68279
2026-07-24 07:55:00+00:00,1545.5999755859375,1546.4000244140625,1542.800048828125,1543.5999755859375,77128
2026-07-24 08:00:00+00:00,1544.400146484375,1545.4000244140625,1525.0,1545.4000244140625,251050
2026-07-24 08:05:00+00:00,1547.5999755859375,1548.0,1543.800048828125,1544.5999755859375,43320
2026-07-24 08:10:00+00:00,1543.3499755859375,1548.199951171875,1543.3499755859375,1547.5999755859375,63701
2026-07-24 08:15:00+00:00,1542.800048828125,1544.800048828125,1541.800048828125,1543.199951171875,33312
2026-07-24 08:20:00+00:00,1543.199951171875,1543.5999755859375,1542.0,1542.4000244140625,11779
2026-07-24 08:25:00+00:00,1545.5999755859375,1545.5999755859375,1542.800048828125,1543.800048828125,15881
2026-07-24 08:30:00+00:00,1546.0,1547.5999755859375,1544.800048828125,1545.5999755859375,39437
2026-07-24 08:35:00+00:00,1547.800048828125,1548.4000244140625,1545.5999755859375,1545.800048828125,21492
2026-07-24 08:40:00+00:00,1545.800048828125,1548.199951171875,1545.5987548828125,1548.0,9597
2026-07-24 08:45:00+00:00,1547.0,1547.199951171875,1545.4000244140625,1546.0003662109375,25802
2026-07-24 08:50:00+00:00,1545.800048828125,1547.4000244140625,1545.199951171875,1546.800048828125,19953
2026-07-24 08:55:00+00:00,1546.4000244140625,1546.5999755859375,1545.4000244140625,1545.800048828125,9986
2026-07-24 09:00:00+00:00,1547.0,1547.800048828125,1545.800048828125,1546.5999755859375,29266
2026-07-24 09:05:00+00:00,1548.4000244140625,1548.5999755859375,1546.5999755859375,1546.800048828125,16304
2026-07-24 09:10:00+00:00,1548.5999755859375,1548.5999755859375,1547.5999755859375,1548.5999755859375,27795
2026-07-24 09:15:00+00:00,1546.5999755859375,1548.800048828125,1546.0,1548.800048828125,19827
2026-07-24 09:20:00+00:00,1547.0,1547.800048828125,1546.5999755859375,1546.5999755859375,41673
2026-07-24 09:25:00+00:00,1546.4000244140625,1547.4000244140625,1546.0,1547.0,174507
2026-07-24 09:30:00+00:00,1548.5999755859375,1549.5999755859375,1546.0,1546.5999755859375,161045
2026-07-24 09:35:00+00:00,1547.5,1548.5999755859375,1547.0,1548.0,46314
2026-07-24 09:40:00+00:00,1547.3809814453125,1547.800048828125,1546.800048828125,1547.4000244140625,31058
2026-07-24 09:45:00+00:00,1547.4000244140625,1548.4000244140625,1547.4000244140625,1547.5999755859375,37201
2026-07-24 09:50:00+00:00,1548.0,1548.4000244140625,1547.4000244140625,1547.5999755859375,53157
2026-07-24 09:55:00+00:00,1548.4000244140625,1548.800048828125,1548.0,1548.0,35788
2026-07-24 10:00:00+00:00,1549.0,1549.0,1548.0,1548.4000244140625,21172
2026-07-24 10:05:00+00:00,1548.0,1549.199951171875,1548.0,1549.199951171875,35928
2026-07-24 10:10:00+00:00,1546.800048828125,1548.5999755859375,1546.199951171875,1548.5999755859375,37776
2026-07-24 10:15:00+00:00,1546.4000244140625,1547.199951171875,1546.4000244140625,1546.800048828125,28618
2026-07-24 10:20:00+00:00,1545.199951171875,1546.4000244140625,1545.0,1546.4000244140625,61870
2026-07-24 10:25:00+00:00,1546.0,1546.199951171875,1544.5999755859375,1545.0,26296
2026-07-24 10:30:00+00:00,1545.800048828125,1547.4000244140625,1545.800048828125,1546.0,53482
2026-07-24 10:35:00+00:00,1545.800048828125,1546.199951171875,1545.199951171875,1546.0,25109
2026-07-24 10:40:00+00:00,1545.800048828125,1546.199951171875,1545.199951171875,1545.5999755859375,60002
2026-07-24 10:45:00+00:00,1545.800048828125,1546.0,1545.4000244140625,1545.800048828125,25187
2026-07-24 10:50:00+00:00,1545.0,1546.199951171875,1545.0,1546.0,105542
2026-07-24 10:55:00+00:00,1545.0,1546.0,1545.0,1545.0,58650
2026-07-24 11:00:00+00:00,1545.5,1546.0,1544.4000244140625,1545.199951171875,44480
2026-07-24 11:05:00+00:00,1542.199951171875,1545.5999755859375,1541.800048828125,1545.4000244140625,80740
2026-07-24 11:10:00+00:00,1541.4000244140625,1542.4000244140625,1541.0,1542.4000244140625,57086
2026-07-24 11:15:00+00:00,1541.4000244140625,1542.0,1540.800048828125,1541.4000244140625,22810
2026-07-24 11:20:00+00:00,1542.0,1542.0,1540.5999755859375,1541.199951171875,34762
2026-07-24 11:25:00+00:00,1542.0,1542.199951171875,1541.199951171875,1541.800048828125,38255
2026-07-24 11:30:00+00:00,1544.0,1544.199951171875,1542.0,1542.0,34635
2026-07-24 11:35:00+00:00,1542.5040283203125,1544.0,1541.5999755859375,1543.800048828125,242381
2026-07-24 11:40:00+00:00,1542.4000244140625,1542.800048828125,1541.199951171875,1542.4000244140625,30774
2026-07-24 11:45:00+00:00,1543.0,1543.5999755859375,1542.199951171875,1542.4000244140625,33204
2026-07-24 11:50:00+00:00,1543.5999755859375,1544.0,1525.0,1542.800048828125,196677
2026-07-24 11:55:00+00:00,1545.4000244140625,1546.4000244140625,1543.199951171875,1543.800048828125,49292
2026-07-24 12:00:00+00:00,1545.199951171875,1545.800048828125,1544.4000244140625,1545.199951171875,29904
2026-07-24 12:05:00+00:00,1546.5999755859375,1546.5999755859375,1544.5999755859375,1545.4000244140625,23943
2026-07-24 12:10:00+00:00,1545.199951171875,1547.0,1545.199951171875,1546.5999755859375,90518
2026-07-24 12:15:00+00:00,1546.4000244140625,1547.199951171875,1545.0,1545.0,44618
2026-07-24 12:20:00+00:00,1546.5999755859375,1546.5999755859375,1545.4000244140625,1546.199951171875,23918
2026-07-24 12:25:00+00:00,1545.800048828125,1546.5999755859375,1544.4000244140625,1546.5999755859375,49783
2026-07-24 12:30:00+00:00,1545.4000244140625,1546.0,1545.0,1545.800048828125,38428
2026-07-24 12:35:00+00:00,1546.4000244140625,1546.5999755859375,1545.199951171875,1545.4000244140625,36770
2026-07-24 12:40:00+00:00,1544.5899658203125,1546.800048828125,1544.4000244140625,1546.800048828125,38116
2026-07-24 12:45:00+00:00,1544.787841796875,1545.0,1544.0,1544.5999755859375,44041
2026-07-24 12:50:00+00:00,1542.199951171875,1545.0,1542.199951171875,1544.800048828125,39243
2026-07-24 12:55:00+00:00,1541.0,1542.0,1539.800048828125,1542.0,34015
2026-07-24 13:00:00+00:00,1542.5999755859375,1543.199951171875,1541.0,1541.0,30552
2026-07-24 13:05:00+00:00,1543.0,1543.199951171875,1541.5999755859375,1542.800048828125,40965
2026-07-24 13:10:00+00:00,1544.199951171875,1544.5999755859375,1542.9549560546875,1543.0,26245
2026-07-24 13:15:00+00:00,1546.0,1546.0,1544.199951171875,1544.199951171875,63570
2026-07-24 13:20:00+00:00,1546.199951171875,1546.4000244140625,1545.4000244140625,1546.0,46678
2026-07-24 13:25:00+00:00,1546.800048828125,1546.800048828125,1545.5999755859375,1546.5999755859375,66618
2026-07-24 13:30:00+00:00,1543.5999755859375,1546.5999755859375,1543.0,1546.5999755859375,164335
2026-07-24 13:35:00+00:00,1547.0,1547.800048828125,1544.0,1544.4000244140625,689195
2026-07-24 13:40:00+00:00,1545.199951171875,1546.800048828125,1543.553955078125,1546.800048828125,80810
2026-07-24 13:45:00+00:00,1546.199951171875,1547.0,1544.4000244140625,1545.0,66191
2026-07-24 13:50:00+00:00,1545.4000244140625,1546.4000244140625,1543.800048828125,1546.4000244140625,94621
2026-07-24 13:55:00+00:00,1545.3399658203125,1545.7650146484375,1543.5999755859375,1545.199951171875,75461
2026-07-24 14:00:00+00:00,1544.0,1546.199951171875,1544.0,1545.4000244140625,108628
2026-07-24 14:05:00+00:00,1546.199951171875,1546.4000244140625,1543.5999755859375,1543.800048828125,77760
2026-07-24 14:10:00+00:00,1546.0,1547.199951171875,1545.5999755859375,1546.5999755859375,111433
2026-07-24 14:15:00+00:00,1545.9410400390625,1546.4000244140625,1545.199951171875,1546.0,169119
2026-07-24 14:20:00+00:00,1543.199951171875,1546.800048828125,1543.0999755859375,1546.199951171875,80595
2026-07-24 14:25:00+00:00,1544.5999755859375,1544.800048828125,1542.5999755859375,1543.199951171875,76894
2026-07-24 14:30:00+00:00,1545.199951171875,1546.0,1544.199951171875,1544.5999755859375,102542
2026-07-24 14:35:00+00:00,1545.4000244140625,1546.4000244140625,1545.199951171875,1545.4000244140625,115804
2026-07-24 14:40:00+00:00,1545.0,1545.5999755859375,1544.4000244140625,1545.5660400390625,87216
2026-07-24 14:45:00+00:00,1544.4000244140625,1545.0,1542.5999755859375,1545.0,100612
2026-07-24 14:50:00+00:00,1544.4000244140625,1545.800048828125,1544.199951171875,1544.4000244140625,76902
2026-07-24 14:55:00+00:00,1545.800048828125,1546.800048828125,1544.4000244140625,1544.4000244140625,73624
2026-07-24 15:00:00+00:00,1545.199951171875,1546.4000244140625,1545.0699462890625,1546.0,104920
2026-07-24 15:05:00+00:00,1545.199951171875,1546.0,1544.4000244140625,1545.199951171875,95700
2026-07-24 15:10:00+00:00,1549.199951171875,1549.5999755859375,1544.800048828125,1544.800048828125,210355
2026-07-24 15:15:00+00:00,1547.5999755859375,1551.801025390625,1547.5999755859375,1549.0,395338
2026-07-24 15:20:00+00:00,1548.9000244140625,1549.800048828125,1547.800048828125,1547.800048828125,156800
2026-07-24 15:25:00+00:00,1549.0,1549.5999755859375,1548.199951171875,1549.0,216064
2026-07-27 07:00:00+00:00,1559.199951171875,1562.800048828125,1557.9080810546875,1561.800048828125,0
2026-07-27 07:05:00+00:00,1557.9000244140625,1562.199951171875,1556.4000244140625,1559.0,89678
2026-07-27 07:10:00+00:00,1559.0,1559.199951171875,1555.4000244140625,1557.420166015625,127271
2026-07-27 07:15:00+00:00,1559.800048828125,1560.199951171875,1558.199951171875,1559.4000244140625,111990
2026-07-27 07:20:00+00:00,1561.0,1561.5999755859375,1559.0,1559.5999755859375,47402
2026-07-27 07:25:00+00:00,1557.0,1561.199951171875,1557.0,1560.5999755859375,44470
2026-07-27 07:30:00+00:00,1559.4000244140625,1559.5999755859375,1556.0,1557.0,247199
2026-07-27 07:35:00+00:00,1559.4000244140625,1560.800048828125,1557.800048828125,1559.4000244140625,57888
2026-07-27 07:40:00+00:00,1561.0,1561.0,1558.5999755859375,1559.2998046875,29747
2026-07-27 07:45:00+00:00,1561.0,1561.5999755859375,1560.0,1561.0,90568
2026-07-27 07:50:00+00:00,1562.199951171875,1563.0,1560.5999755859375,1561.199951171875,163811
2026-07-27 07:55:00+00:00,1558.800048828125,1562.800048828125,1558.800048828125,1562.0,118951
2026-07-27 08:00:00+00:00,1556.4000244140625,1559.4000244140625,1555.0,1558.800048828125,102135
2026-07-27 08:05:00+00:00,1556.0,1557.0,1555.5999755859375,1555.5999755859375,80688
2026-07-27 08:10:00+00:00,1558.5999755859375,1558.5999755859375,1555.699951171875,1556.199951171875,19037
2026-07-27 08:15:00+00:00,1556.800048828125,1558.800048828125,1555.800048828125,1558.800048828125,24666
2026-07-27 08:20:00+00:00,1556.800048828125,1558.199951171875,1556.4000244140625,1557.0,28038
2026-07-27 08:25:00+00:00,1559.4000244140625,1561.0,1556.5999755859375,1556.800048828125,136614
2026-07-27 08:30:00+00:00,1561.699951171875,1562.4000244140625,1559.4000244140625,1559.4000244140625,52518
2026-07-27 08:35:00+00:00,1563.199951171875,1563.199951171875,1561.199951171875,1561.4000244140625,43448
2026-07-27 08:40:00+00:00,1565.0,1565.0,1562.800048828125,1562.8994140625,18540
2026-07-27 08:45:00+00:00,1564.10009765625,1564.800048828125,1563.199951171875,1564.800048828125,38551
2026-07-27 08:50:00+00:00,1565.800048828125,1566.4000244140625,1563.800048828125,1564.199951171875,35453
2026-07-27 08:55:00+00:00,1565.800048828125,1566.199951171875,1564.800048828125,1566.0,15719
2026-07-27 09:00:00+00:00,1564.0,1566.0,1562.800048828125,1565.800048828125,147005
2026-07-27 09:05:00+00:00,1563.199951171875,1564.4000244140625,1563.0,1564.4000244140625,23621
2026-07-27 09:10:00+00:00,1561.0,1563.6671142578125,1560.800048828125,1563.199951171875,55038
2026-07-27 09:15:00+00:00,1561.199951171875,1562.0,1560.800048828125,1561.4000244140625,30250
2026-07-27 09:20:00+00:00,1561.4000244140625,1562.0,1560.1400146484375,1561.4000244140625,14648
2026-07-27 09:25:00+00:00,1562.199951171875,1563.199951171875,1561.5999755859375,1562.0,39067
2026-07-27 09:30:00+00:00,1562.199951171875,1562.5999755859375,1561.4000244140625,1562.0,18216
2026-07-27 09:35:00+00:00,1561.4000244140625,1562.800048828125,1561.4000244140625,1562.199951171875,12366
2026-07-27 09:40:00+00:00,1561.5400390625,1561.5999755859375,1560.5999755859375,1561.5,5299
2026-07-27 09:45:00+00:00,1561.5999755859375,1562.5999755859375,1561.0999755859375,1561.5999755859375,322303
2026-07-27 09:50:00+00:00,1561.4000244140625,1562.0,1561.0,1561.5999755859375,10732
2026-07-27 09:55:00+00:00,1561.800048828125,1561.800048828125,1561.0,1561.4000244140625,15031
2026-07-27 10:00:00+00:00,1562.5244140625,1563.0,1561.5999755859375,1561.800048828125,237678
2026-07-27 10:05:00+00:00,1562.4000244140625,1564.0,1562.4000244140625,1562.800048828125,31703
2026-07-27 10:10:00+00:00,1563.199951171875,1563.4000244140625,1561.800048828125,1562.699951171875,63955
2026-07-27 10:15:00+00:00,1563.4000244140625,1563.800048828125,1563.199951171875,1563.4000244140625,11476
2026-07-27 10:20:00+00:00,1563.5999755859375,1564.199951171875,1563.0,1563.199951171875,16951
2026-07-27 10:25:00+00:00,1563.4000244140625,1564.199951171875,1562.833251953125,1563.5999755859375,21416
2026-07-27 10:30:00+00:00,1563.220458984375,1564.0,1562.4000244140625,1563.5999755859375,23631
2026-07-27 10:35:00+00:00,1563.1929931640625,1563.5999755859375,1562.5999755859375,1563.22021484375,5487
2026-07-27 10:40:00+00:00,1563.800048828125,1564.199951171875,1563.199951171875,1563.500244140625,21859
2026-07-27 10:45:00+00:00,1564.800048828125,1565.4000244140625,1564.199951171875,1564.199951171875,19606
2026-07-27 10:50:00+00:00,1566.4000244140625,1566.4000244140625,1564.5999755859375,1565.0,18878
2026-07-27 10:55:00+00:00,1566.199951171875,1566.800048828125,1565.4000244140625,1566.199951171875,29258
2026-07-27 11:00:00+00:00,1566.800048828125,1567.5999755859375,1564.800048828125,1566.4000244140625,30636
2026-07-27 11:05:00+00:00,1565.4000244140625,1568.0,1564.9000244140625,1566.800048828125,35959
2026-07-27 11:10:00+00:00,1567.199951171875,1567.5999755859375,1566.800048828125,1567.5999755859375,12948
2026-07-27 11:15:00+00:00,1566.497314453125,1567.5,1565.4000244140625,1567.199951171875,19809
2026-07-27 11:20:00+00:00,1565.800048828125,1566.800048828125,1565.800048828125,1566.5999755859375,34766
2026-07-27 11:25:00+00:00,1563.0,1566.800048828125,1563.0,1565.800048828125,60623
2026-07-27 11:30:00+00:00,1562.800048828125,1565.1002197265625,1562.68994140625,1562.800048828125,20445
2026-07-27 11:35:00+00:00,1563.200439453125,1564.0,1563.0,1563.0,17341
2026-07-27 11:40:00+00:00,1562.3740234375,1563.5999755859375,1561.800048828125,1563.5999755859375,15541
2026-07-27 11:45:00+00:00,1563.4000244140625,1563.4000244140625,1562.199951171875,1562.29296875,4182
2026-07-27 11:50:00+00:00,1562.77978515625,1563.56103515625,1562.4000244140625,1563.199951171875,22427
2026-07-27 11:55:00+00:00,1562.800048828125,1563.199951171875,1561.800048828125,1562.4000244140625,73156
2026-07-27 12:00:00+00:00,1565.425048828125,1566.0,1562.800048828125,1563.0,68300
2026-07-27 12:05:00+00:00,1565.4000244140625,1565.800048828125,1564.4000244140625,1565.800048828125,209182
2026-07-27 12:10:00+00:00,1562.4000244140625,1565.5999755859375,1562.199951171875,1565.4000244140625,83759
2026-07-27 12:15:00+00:00,1561.5999755859375,1563.0,1561.5999755859375,1562.199951171875,106978
2026-07-27 12:20:00+00:00,1561.0,1562.0,1560.800048828125,1561.5999755859375,53191
2026-07-27 12:25:00+00:00,1555.5999755859375,1560.800048828125,1555.5999755859375,1560.4000244140625,206905
2026-07-27 12:30:00+00:00,1556.4000244140625,1556.800048828125,1555.4000244140625,1555.800048828125,18666
2026-07-27 12:35:00+00:00,1555.800048828125,1556.5999755859375,1555.800048828125,1555.800048828125,7368
2026-07-27 12:40:00+00:00,1557.199951171875,1557.5999755859375,1555.800048828125,1556.199951171875,47748
2026-07-27 12:45:00+00:00,1558.199951171875,1558.5999755859375,1557.199951171875,1557.199951171875,27454
2026-07-27 12:50:00+00:00,1558.0,1558.800048828125,1557.5999755859375,1558.5999755859375,23196
2026-07-27 12:55:00+00:00,1557.799560546875,1558.4000244140625,1556.5999755859375,1558.199951171875,35486
2026-07-27 13:00:00+00:00,1557.199951171875,1559.0,1557.199951171875,1557.800048828125,29894
2026-07-27 13:05:00+00:00,1557.0,1558.0,1556.4000244140625,1557.5999755859375,24915
2026-07-27 13:10:00+00:00,1558.199951171875,1558.5999755859375,1557.4000244140625,1557.4000244140625,77780
2026-07-27 13:15:00+00:00,1558.199951171875,1558.800048828125,1557.799560546875,1558.199951171875,11894
2026-07-27 13:20:00+00:00,1559.0,1559.4000244140625,1558.0,1558.5999755859375,16925
2026-07-27 13:25:00+00:00,1556.800048828125,1559.199951171875,1556.5999755859375,1559.199951171875,36620
2026-07-27 13:30:00+00:00,1557.800048828125,1558.4000244140625,1555.5999755859375,1557.0,152320
2026-07-27 13:35:00+00:00,1560.199951171875,1561.4000244140625,1555.4000244140625,1558.0,127091
2026-07-27 13:40:00+00:00,1560.5999755859375,1562.5999755859375,1559.5999755859375,1560.0,113473
2026-07-27 13:45:00+00:00,1561.5999755859375,1562.800048828125,1560.4000244140625,1560.5999755859375,122053
2026-07-27 13:50:00+00:00,1560.800048828125,1562.199951171875,1560.5999755859375,1561.800048828125,60398
2026-07-27 13:55:00+00:00,1558.199951171875,1560.9078369140625,1555.800048828125,1560.5999755859375,104383
2026-07-27 14:00:00+00:00,1562.4000244140625,1562.5999755859375,1557.1649169921875,1558.199951171875,62168
2026-07-27 14:05:00+00:00,1562.199951171875,1562.800048828125,1561.0,1562.4000244140625,134042
2026-07-27 14:10:00+00:00,1560.800048828125,1562.199951171875,1559.4000244140625,1562.199951171875,206976
2026-07-27 14:15:00+00:00,1561.4000244140625,1561.873046875,1560.4000244140625,1560.800048828125,80604
2026-07-27 14:20:00+00:00,1559.5999755859375,1561.4000244140625,1559.0,1561.199951171875,42414
2026-07-27 14:25:00+00:00,1557.199951171875,1560.3316650390625,1557.199951171875,1559.4000244140625,70187
2026-07-27 14:30:00+00:00,1555.5999755859375,1558.9879150390625,1554.5999755859375,1557.199951171875,146069
2026-07-27 14:35:00+00:00,1554.25244140625,1556.4000244140625,1552.5999755859375,1555.0,117546
2026-07-27 14:40:00+00:00,1550.5999755859375,1554.197998046875,1548.5999755859375,1553.800048828125,200803
2026-07-27 14:45:00+00:00,1554.5999755859375,1554.925048828125,1550.800048828125,1550.800048828125,50108
2026-07-27 14:50:00+00:00,1557.5999755859375,1557.5999755859375,1554.0,1554.800048828125,35424
2026-07-27 14:55:00+00:00,1559.0,1560.0,1557.800048828125,1557.800048828125,57011
2026-07-27 15:00:00+00:00,1556.199951171875,1559.0,1556.199951171875,1559.0,48883
2026-07-27 15:05:00+00:00,1555.800048828125,1557.800048828125,1555.6700439453125,1556.4000244140625,170976
2026-07-27 15:10:00+00:00,1555.800048828125,1556.800048828125,1555.199951171875,1555.5999755859375,236945
2026-07-27 15:15:00+00:00,1554.199951171875,1556.199951171875,1553.199951171875,1556.0,110408
2026-07-27 15:20:00+00:00,1551.800048828125,1555.199951171875,1551.800048828125,1554.4000244140625,185104
2026-07-27 15:25:00+00:00,1552.0,1553.5751953125,1550.800048828125,1551.800048828125,154523
2026-07-28 07:00:00+00:00,1550.0,1558.0,1547.800048828125,1558.0,0
2026-07-28 07:05:00+00:00,1546.800048828125,1550.199951171875,1545.0,1549.800048828125,290548
2026-07-28 07:10:00+00:00,1548.0,1549.5999755859375,1545.199951171875,1547.0,318952
2026-07-28 07:15:00+00:00,1551.0,1553.0,1547.4000244140625,1548.0,208553
2026-07-28 07:20:00+00:00,1555.4000244140625,1557.199951171875,1551.199951171875,1551.199951171875,323517
2026-07-28 07:25:00+00:00,1556.4000244140625,1557.5999755859375,1554.5999755859375,1555.0,69362
2026-07-28 07:30:00+00:00,1553.5999755859375,1556.4000244140625,1553.001953125,1556.199951171875,64019
2026-07-28 07:35:00+00:00,1553.4000244140625,1554.800048828125,1551.800048828125,1553.800048828125,218304
2026-07-28 07:40:00+00:00,1552.4000244140625,1554.4000244140625,1552.0,1553.5999755859375,88012
2026-07-28 07:45:00+00:00,1553.4000244140625,1554.0,1552.199951171875,1552.199951171875,64588
2026-07-28 07:50:00+00:00,1555.0,1555.4000244140625,1553.199951171875,1553.800048828125,50372
2026-07-28 07:55:00+00:00,1553.5999755859375,1555.4000244140625,1553.0,1555.0,56379
2026-07-28 08:00:00+00:00,1555.4000244140625,1556.5999755859375,1552.5999755859375,1553.4000244140625,254442
2026-07-28 08:05:00+00:00,1553.4000244140625,1556.199951171875,1553.0,1556.199951171875,60281
2026-07-28 08:10:00+00:00,1549.0,1553.4000244140625,1548.5999755859375,1553.4000244140625,101796
2026-07-28 08:15:00+00:00,1552.4000244140625,1553.199951171875,1548.4000244140625,1548.800048828125,35913
2026-07-28 08:20:00+00:00,1556.199951171875,1556.199951171875,1551.5999755859375,1552.800048828125,40652
2026-07-28 08:25:00+00:00,1556.800048828125,1556.800048828125,1555.199951171875,1555.800048828125,29899
2026-07-28 08:30:00+00:00,1559.5999755859375,1559.5999755859375,1555.300048828125,1556.0,39121
2026-07-28 08:35:00+00:00,1560.0,1560.199951171875,1558.199951171875,1559.800048828125,38815
2026-07-28 08:40:00+00:00,1561.0,1561.4000244140625,1560.199951171875,1560.199951171875,24756
2026-07-28 08:45:00+00:00,1562.5999755859375,1563.4000244140625,1560.5999755859375,1560.5999755859375,34008
2026-07-28 08:50:00+00:00,1561.0,1563.4000244140625,1561.0,1562.4000244140625,27624
2026-07-28 08:55:00+00:00,1563.0,1563.0,1559.800048828125,1561.0,43845
2026-07-28 09:00:00+00:00,1563.0,1565.0,1562.800048828125,1563.0,42212
2026-07-28 09:05:00+00:00,1564.0,1564.199951171875,1562.800048828125,1563.0,25512
2026-07-28 09:10:00+00:00,1561.5999755859375,1565.4000244140625,1561.199951171875,1564.4000244140625,52008
2026-07-28 09:15:00+00:00,1562.800048828125,1563.4000244140625,1561.4000244140625,1561.4000244140625,69617
2026-07-28 09:20:00+00:00,1563.4000244140625,1564.199951171875,1562.5999755859375,1562.5999755859375,44847
2026-07-28 09:25:00+00:00,1564.5999755859375,1564.5999755859375,1562.5999755859375,1563.300048828125,69877
2026-07-28 09:30:00+00:00,1562.800048828125,1564.5999755859375,1562.4000244140625,1564.4000244140625,36363
2026-07-28 09:35:00+00:00,1561.4000244140625,1563.0,1559.5999755859375,1562.800048828125,35664
2026-07-28 09:40:00+00:00,1558.199951171875,1562.199951171875,1558.199951171875,1561.4000244140625,25487
2026-07-28 09:45:00+00:00,1560.099853515625,1560.4000244140625,1557.800048828125,1558.0,47087
2026-07-28 09:50:00+00:00,1561.4000244140625,1562.199951171875,1560.4000244140625,1560.5999755859375,30540
2026-07-28 09:55:00+00:00,1562.699951171875,1563.4000244140625,1558.0,1561.5999755859375,3238000
2026-07-28 10:00:00+00:00,1564.800048828125,1564.800048828125,1562.0,1562.199951171875,18442
2026-07-28 10:05:00+00:00,1563.0,1565.0,1562.5999755859375,1565.0,62714
2026-07-28 10:10:00+00:00,1563.5999755859375,1564.800048828125,1562.5999755859375,1563.0,37678
2026-07-28 10:15:00+00:00,1563.4000244140625,1564.0,1562.0,1563.5999755859375,17504
2026-07-28 10:20:00+00:00,1562.199951171875,1563.4000244140625,1561.800048828125,1563.199951171875,19960
2026-07-28 10:25:00+00:00,1561.5028076171875,1562.199951171875,1560.5999755859375,1562.199951171875,22770
2026-07-28 10:30:00+00:00,1559.199951171875,1561.5999755859375,1558.5999755859375,1561.4000244140625,20975
2026-07-28 10:35:00+00:00,1558.4000244140625,1560.0,1557.5999755859375,1558.0,9560
2026-07-28 10:40:00+00:00,1558.52978515625,1558.5999755859375,1557.41796875,1558.199951171875,7610
2026-07-28 10:45:00+00:00,1557.8597412109375,1559.199951171875,1557.8597412109375,1558.800048828125,15598
2026-07-28 10:50:00+00:00,1557.4000244140625,1558.0,1556.800048828125,1557.800048828125,86193
2026-07-28 10:55:00+00:00,1556.800048828125,1558.0,1556.5999755859375,1557.4000244140625,40188
2026-07-28 11:00:00+00:00,1557.4000244140625,1558.0,1555.800048828125,1557.0,30577
2026-07-28 11:05:00+00:00,1553.5999755859375,1557.6529541015625,1553.4000244140625,1557.6529541015625,21123
2026-07-28 11:10:00+00:00,1551.800048828125,1553.800048828125,1551.4000244140625,1553.199951171875,101424
2026-07-28 11:15:00+00:00,1554.9300537109375,1555.4000244140625,1551.4000244140625,1551.800048828125,162569
2026-07-28 11:20:00+00:00,1553.199951171875,1555.4000244140625,1553.199951171875,1555.4000244140625,38071
2026-07-28 11:25:00+00:00,1553.5999755859375,1554.199951171875,1551.4000244140625,1553.4000244140625,31956
2026-07-28 11:30:00+00:00,1553.5999755859375,1554.0,1553.0,1553.800048828125,35846
2026-07-28 11:35:00+00:00,1553.800048828125,1555.800048828125,1553.4000244140625,1553.4000244140625,43257
2026-07-28 11:40:00+00:00,1551.5999755859375,1554.199951171875,1551.5999755859375,1554.0,56567
2026-07-28 11:45:00+00:00,1552.5999755859375,1553.4000244140625,1551.5999755859375,1551.800048828125,17478
2026-07-28 11:50:00+00:00,1554.5999755859375,1555.4000244140625,1552.5999755859375,1552.5999755859375,32942
2026-07-28 11:55:00+00:00,1555.199951171875,1556.0,1554.0,1554.4000244140625,37021
2026-07-28 12:00:00+00:00,1555.199951171875,1555.4000244140625,1554.4000244140625,1555.199951171875,16997
2026-07-28 12:05:00+00:00,1554.0,1555.800048828125,1553.199951171875,1555.0,19893
2026-07-28 12:10:00+00:00,1553.740966796875,1553.9000244140625,1552.5999755859375,1553.9000244140625,23222
2026-07-28 12:15:00+00:00,1554.0,1554.199951171875,1553.199951171875,1553.800048828125,18467
2026-07-28 12:20:00+00:00,1553.4000244140625,1554.4000244140625,1552.800048828125,1553.800048828125,21248
2026-07-28 12:25:00+00:00,1552.5999755859375,1554.0,1552.199951171875,1553.4000244140625,46158
2026-07-28 12:30:00+00:00,1551.199951171875,1553.4000244140625,1551.0,1552.5999755859375,71051
2026-07-28 12:35:00+00:00,1550.4000244140625,1551.800048828125,1550.4000244140625,1551.0,137474
2026-07-28 12:40:00+00:00,1547.4000244140625,1550.5999755859375,1547.4000244140625,1550.4000244140625,19366
2026-07-28 12:45:00+00:00,1549.800048828125,1549.800048828125,1547.0,1547.199951171875,22305
2026-07-28 12:50:00+00:00,1549.0,1550.0,1547.800048828125,1549.800048828125,91153
2026-07-28 12:55:00+00:00,1548.0,1549.199951171875,1547.5999755859375,1549.0,34480
2026-07-28 13:00:00+00:00,1545.5999755859375,1548.0,1545.5999755859375,1548.0,17924
2026-07-28 13:05:00+00:00,1547.199951171875,1547.4000244140625,1545.5999755859375,1545.800048828125,9562
2026-07-28 13:10:00+00:00,1545.800048828125,1547.0,1545.5999755859375,1547.0,19428
2026-07-28 13:15:00+00:00,1546.4000244140625,1547.4000244140625,1545.4000244140625,1546.199951171875,40124
2026-07-28 13:20:00+00:00,1544.800048828125,1546.8004150390625,1544.199951171875,1546.199951171875,21415
2026-07-28 13:25:00+00:00,1541.800048828125,1545.0,1541.199951171875,1544.800048828125,78660
2026-07-28 13:30:00+00:00,1538.300048828125,1542.5999755859375,1537.4000244140625,1542.0,233016
2026-07-28 13:35:00+00:00,1535.4000244140625,1542.5999755859375,1533.800048828125,1538.4000244140625,108038
2026-07-28 13:40:00+00:00,1538.4000244140625,1538.4000244140625,1535.0,1536.0,226454
2026-07-28 13:45:00+00:00,1541.5999755859375,1542.0,1537.199951171875,1538.4000244140625,61299
2026-07-28 13:50:00+00:00,1542.4000244140625,1542.5999755859375,1539.199951171875,1541.800048828125,65092
2026-07-28 13:55:00+00:00,1543.5999755859375,1544.5999755859375,1540.199951171875,1542.199951171875,125948
2026-07-28 14:00:00+00:00,1544.5999755859375,1545.4000244140625,1543.0,1543.800048828125,81294
2026-07-28 14:05:00+00:00,1544.800048828125,1545.4000244140625,1542.199951171875,1544.199951171875,57357
2026-07-28 14:10:00+00:00,1546.5999755859375,1547.199951171875,1544.199951171875,1544.5999755859375,72880
2026-07-28 14:15:00+00:00,1542.5999755859375,1546.5999755859375,1542.4000244140625,1546.5999755859375,151464
2026-07-28 14:20:00+00:00,1543.0,1544.800048828125,1542.0,1542.800048828125,354113
2026-07-28 14:25:00+00:00,1546.5999755859375,1547.4000244140625,1542.800048828125,1542.800048828125,127508
2026-07-28 14:30:00+00:00,1546.0,1546.5999755859375,1543.5999755859375,1546.199951171875,240059
2026-07-28 14:35:00+00:00,1544.0,1547.0,1543.5999755859375,1546.0,100891
2026-07-28 14:40:00+00:00,1544.4000244140625,1545.0,1543.4000244140625,1544.199951171875,91530
2026-07-28 14:45:00+00:00,1543.4000244140625,1544.0,1541.800048828125,1544.0,246970
2026-07-28 14:50:00+00:00,1541.199951171875,1543.5999755859375,1540.5999755859375,1543.4000244140625,245094
2026-07-28 14:55:00+00:00,1539.800048828125,1542.0,1539.0,1541.199951171875,238028
2026-07-28 15:00:00+00:00,1542.0,1543.5999755859375,1539.800048828125,1539.800048828125,279534
2026-07-28 15:05:00+00:00,1543.0,1543.0,1541.5999755859375,1542.0,76713
2026-07-28 15:10:00+00:00,1546.4000244140625,1548.5999755859375,1543.5999755859375,1544.199951171875,514645
2026-07-28 15:15:00+00:00,1550.199951171875,1550.199951171875,1546.5999755859375,1546.5999755859375,288906
2026-07-28 15:20:00+00:00,1551.5999755859375,1552.199951171875,1550.0,1550.4000244140625,226723
2026-07-28 15:25:00+00:00,1551.800048828125,1552.4000244140625,1550.4000244140625,1551.7042236328125,226453
2026-07-29 07:00:00+00:00,1566.0,1568.4000244140625,1559.199951171875,1562.800048828125,1634134
2026-07-29 07:05:00+00:00,1570.800048828125,1573.199951171875,1564.199951171875,1566.0,485148
2026-07-29 07:10:00+00:00,1568.0,1573.4000244140625,1565.0,1571.0,387995
2026-07-29 07:15:00+00:00,1568.800048828125,1572.0,1567.4000244140625,1567.5999755859375,240745
2026-07-29 07:20:00+00:00,1568.5999755859375,1570.199951171875,1566.0,1568.800048828125,392152
2026-07-29 07:25:00+00:00,1574.199951171875,1574.199951171875,1567.800048828125,1569.199951171875,488122
2026-07-29 07:30:00+00:00,1574.800048828125,1576.199951171875,1573.0,1574.4000244140625,637254
2026-07-29 07:35:00+00:00,1576.4000244140625,1576.800048828125,1571.199951171875,1574.800048828125,941675
2026-07-29 07:40:00+00:00,1575.4000244140625,1578.800048828125,1575.4000244140625,1576.800048828125,202627
2026-07-29 07:45:00+00:00,1577.5999755859375,1578.0,1574.4000244140625,1575.199951171875,339403
2026-07-29 07:50:00+00:00,1575.199951171875,1577.5999755859375,1574.4000244140625,1577.4000244140625,613948
2026-07-29 07:55:00+00:00,1578.800048828125,1578.800048828125,1575.199951171875,1575.199951171875,231835
2026-07-29 08:00:00+00:00,1580.5999755859375,1580.5999755859375,1577.5999755859375,1578.800048828125,178797
2026-07-29 08:05:00+00:00,1578.800048828125,1581.800048828125,1578.4000244140625,1580.0,410571
2026-07-29 08:10:00+00:00,1572.4000244140625,1580.0,1572.0,1579.5999755859375,122759
2026-07-29 08:15:00+00:00,1573.800048828125,1575.0,1571.5999755859375,1572.800048828125,93730
2026-07-29 08:20:00+00:00,1572.0,1575.5999755859375,1571.4000244140625,1574.27197265625,138977
2026-07-29 08:25:00+00:00,1567.800048828125,1571.8204345703125,1566.9000244140625,1571.199951171875,44677
2026-07-29 08:30:00+00:00,1568.4000244140625,1570.4000244140625,1567.800048828125,1568.0,96537
2026-07-29 08:35:00+00:00,1568.199951171875,1569.800048828125,1567.3997802734375,1568.4000244140625,80205
2026-07-29 08:40:00+00:00,1569.199951171875,1569.800048828125,1566.0,1568.5999755859375,115852
2026-07-29 08:45:00+00:00,1568.800048828125,1569.4000244140625,1567.5999755859375,1569.4000244140625,58813
2026-07-29 08:50:00+00:00,1567.6993408203125,1569.0,1566.199951171875,1568.5999755859375,110175
2026-07-29 08:55:00+00:00,1563.199951171875,1568.199951171875,1563.199951171875,1567.800048828125,39475
2026-07-29 09:00:00+00:00,1558.4000244140625,1564.199951171875,1557.800048828125,1563.5999755859375,69032
2026-07-29 09:05:00+00:00,1561.4000244140625,1563.0,1558.5999755859375,1558.5999755859375,40540
2026-07-29 09:10:00+00:00,1557.800048828125,1562.0203857421875,1557.199951171875,1561.4000244140625,130193
2026-07-29 09:15:00+00:00,1553.199951171875,1558.0,1551.4000244140625,1557.5999755859375,131604
2026-07-29 09:20:00+00:00,1555.218017578125,1555.5999755859375,1553.199951171875,1553.5999755859375,262909
2026-07-29 09:25:00+00:00,1550.800048828125,1555.0,1550.5999755859375,1555.0,43207
2026-07-29 09:30:00+00:00,1554.5999755859375,1555.0,1551.0,1551.0,141245
2026-07-29 09:35:00+00:00,1554.699951171875,1556.0,1553.5999755859375,1554.5999755859375,108928
2026-07-29 09:40:00+00:00,1555.5999755859375,1562.800048828125,1554.5999755859375,1554.800048828125,1749246
2026-07-29 09:45:00+00:00,1557.5999755859375,1557.5999755859375,1555.199951171875,1555.199951171875,16889
2026-07-29 09:50:00+00:00,1557.300048828125,1558.199951171875,1556.4000244140625,1557.199951171875,45779
2026-07-29 09:55:00+00:00,1556.800048828125,1557.4000244140625,1555.4000244140625,1557.199951171875,23684
2026-07-29 10:00:00+00:00,1558.5999755859375,1558.5999755859375,1556.199951171875,1556.4000244140625,49916
2026-07-29 10:05:00+00:00,1559.0,1559.199951171875,1556.5999755859375,1557.800048828125,283798
2026-07-29 10:10:00+00:00,1556.5999755859375,1559.4000244140625,1556.199951171875,1559.0,75475
2026-07-29 10:15:00+00:00,1556.5999755859375,1557.199951171875,1556.0,1556.800048828125,32004
2026-07-29 10:20:00+00:00,1555.199951171875,1557.4000244140625,1555.0,1557.0,55311
2026-07-29 10:25:00+00:00,1557.0,1557.199951171875,1554.199951171875,1555.199951171875,26883
2026-07-29 10:30:00+00:00,1554.0,1557.4000244140625,1553.800048828125,1557.0,66639
2026-07-29 10:35:00+00:00,1554.800048828125,1556.0,1554.4000244140625,1554.5999755859375,13083
2026-07-29 10:40:00+00:00,1554.800048828125,1555.800048828125,1554.800048828125,1555.199951171875,22824
2026-07-29 10:45:00+00:00,1554.4000244140625,1555.199951171875,1553.0,1555.199951171875,68599
2026-07-29 10:50:00+00:00,1553.0,1554.199951171875,1552.800048828125,1554.0,22333
2026-07-29 10:55:00+00:00,1553.4000244140625,1553.4000244140625,1551.800048828125,1553.0,17137
2026-07-29 11:00:00+00:00,1554.199951171875,1554.5999755859375,1552.0,1553.4000244140625,19817
2026-07-29 11:05:00+00:00,1554.800048828125,1556.0,1552.5999755859375,1554.199951171875,40662
2026-07-29 11:10:00+00:00,1551.4000244140625,1555.0,1551.4000244140625,1555.0,10824
2026-07-29 11:15:00+00:00,1551.0,1551.199951171875,1549.199951171875,1551.199951171875,22197
2026-07-29 11:20:00+00:00,1552.4000244140625,1552.800048828125,1551.199951171875,1551.4000244140625,10366
2026-07-29 11:25:00+00:00,1554.199951171875,1554.5999755859375,1552.199951171875,1552.199951171875,3867
2026-07-29 11:30:00+00:00,1552.800048828125,1555.0,1552.5999755859375,1553.4000244140625,21772
2026-07-29 11:35:00+00:00,1551.800048828125,1553.4000244140625,1551.800048828125,1553.0,10073
2026-07-29 11:40:00+00:00,1552.199951171875,1552.199951171875,1550.9000244140625,1551.9000244140625,40175
2026-07-29 11:45:00+00:00,1553.800048828125,1554.0,1552.0,1552.199951171875,21434
2026-07-29 11:50:00+00:00,1554.800048828125,1555.5999755859375,1553.4000244140625,1553.5999755859375,13255
2026-07-29 11:55:00+00:00,1553.800048828125,1555.4000244140625,1553.5999755859375,1554.800048828125,33541
2026-07-29 12:00:00+00:00,1555.199951171875,1555.800048828125,1554.0,1554.5999755859375,16480
2026-07-29 12:05:00+00:00,1556.0,1556.5999755859375,1555.4000244140625,1555.800048828125,20706
2026-07-29 12:10:00+00:00,1557.199951171875,1559.0,1556.4000244140625,1556.800048828125,32827
2026-07-29 12:15:00+00:00,1551.199951171875,1557.5999755859375,1551.0,1557.5999755859375,68788
2026-07-29 12:20:00+00:00,1552.199951171875,1553.5999755859375,1550.5999755859375,1552.0,123447
2026-07-29 12:25:00+00:00,1552.199951171875,1553.800048828125,1552.199951171875,1552.5999755859375,17543
2026-07-29 12:30:00+00:00,1555.4000244140625,1555.4000244140625,1551.199951171875,1552.0,68061
2026-07-29 12:35:00+00:00,1555.5999755859375,1557.199951171875,1555.199951171875,1556.0,21611
2026-07-29 12:40:00+00:00,1556.800048828125,1562.800048828125,1555.800048828125,1556.0,481698
2026-07-29 12:45:00+00:00,1556.5999755859375,1557.4000244140625,1554.800048828125,1556.800048828125,6939
2026-07-29 12:50:00+00:00,1556.4000244140625,1557.800048828125,1556.0,1556.800048828125,14659
2026-07-29 12:55:00+00:00,1556.5999755859375,1557.199951171875,1555.800048828125,1555.800048828125,12847
2026-07-29 13:00:00+00:00,1553.820556640625,1557.199951171875,1553.5999755859375,1556.5999755859375,39013
2026-07-29 13:05:00+00:00,1554.0,1554.800048828125,1553.4959716796875,1554.5999755859375,20322
2026-07-29 13:10:00+00:00,1551.800048828125,1554.5999755859375,1551.800048828125,1554.0,18411
2026-07-29 13:15:00+00:00,1552.800048828125,1553.4000244140625,1551.5999755859375,1551.5999755859375,14719
2026-07-29 13:20:00+00:00,1552.800048828125,1554.199951171875,1551.800048828125,1553.0,27782
2026-07-29 13:25:00+00:00,1554.0,1555.0,1552.800048828125,1553.0,18587
2026-07-29 13:30:00+00:00,1556.5999755859375,1557.4000244140625,1553.0,1554.4000244140625,116183
2026-07-29 13:35:00+00:00,1558.4000244140625,1558.4000244140625,1555.5999755859375,1556.199951171875,113837
2026-07-29 13:40:00+00:00,1555.5999755859375,1558.4395751953125,1555.199951171875,1558.199951171875,295066
2026-07-29 13:45:00+00:00,1555.800048828125,1557.199951171875,1554.199951171875,1555.5999755859375,347836
2026-07-29 13:50:00+00:00,1552.0,1555.5999755859375,1550.800048828125,1555.5999755859375,859301
2026-07-29 13:55:00+00:00,1549.800048828125,1551.0,1546.0,1550.5999755859375,227387
2026-07-29 14:00:00+00:00,1549.4000244140625,1552.800048828125,1547.800048828125,1550.199951171875,307472
2026-07-29 14:05:00+00:00,1550.0,1552.0,1549.199951171875,1549.5999755859375,54152
2026-07-29 14:10:00+00:00,1549.5999755859375,1552.800048828125,1548.800048828125,1549.4000244140625,47116
2026-07-29 14:15:00+00:00,1553.199951171875,1554.0,1550.199951171875,1550.199951171875,25829
2026-07-29 14:20:00+00:00,1554.4000244140625,1556.5999755859375,1553.199951171875,1553.4000244140625,58568
2026-07-29 14:25:00+00:00,1551.0,1554.5999755859375,1550.0,1554.5999755859375,159056
2026-07-29 14:30:00+00:00,1551.5999755859375,1551.800048828125,1550.4000244140625,1551.0,51892
2026-07-29 14:35:00+00:00,1547.5999755859375,1551.5999755859375,1547.0,1551.5999755859375,116833
2026-07-29 14:40:00+00:00,1542.800048828125,1548.0,1542.4000244140625,1547.4000244140625,452762
2026-07-29 14:45:00+00:00,1545.5999755859375,1546.199951171875,1542.4000244140625,1542.5999755859375,149141
2026-07-29 14:50:00+00:00,1548.5999755859375,1548.800048828125,1545.5999755859375,1545.800048828125,83167
2026-07-29 14:55:00+00:00,1546.5999755859375,1548.5999755859375,1545.800048828125,1548.5999755859375,176136
2026-07-29 15:00:00+00:00,1547.199951171875,1547.199951171875,1544.800048828125,1546.4000244140625,277218
2026-07-29 15:05:00+00:00,1550.199951171875,1550.199951171875,1546.199951171875,1547.199951171875,131034
2026-07-29 15:10:00+00:00,1550.0,1551.4000244140625,1549.199951171875,1550.199951171875,381681
2026-07-29 15:15:00+00:00,1548.199951171875,1550.4000244140625,1548.0,1550.0,345067
2026-07-29 15:20:00+00:00,1550.5999755859375,1551.0,1547.4000244140625,1548.0,213662
2026-07-29 15:25:00+00:00,1546.0,1550.4000244140625,1546.0,1550.4000244140625,414992
2026-07-30 07:00:00+00:00,1560.4000244140625,1561.5999755859375,1548.0,1550.0,0
2026-07-30 07:05:00+00:00,1559.5999755859375,1563.4000244140625,1558.0,1560.800048828125,463742
2026-07-30 07:10:00+00:00,1562.199951171875,1562.800048828125,1558.4000244140625,1559.5999755859375,503273
2026-07-30 07:15:00+00:00,1560.4000244140625,1563.800048828125,1559.4000244140625,1562.199951171875,564603
2026-07-30 07:20:00+00:00,1560.4000244140625,1561.0,1557.5999755859375,1560.199951171875,352544
2026-07-30 07:25:00+00:00,1564.5999755859375,1564.800048828125,1560.199951171875,1560.4000244140625,166058
2026-07-30 07:30:00+00:00,1562.0,1564.800048828125,1560.4000244140625,1564.4000244140625,345824
2026-07-30 07:35:00+00:00,1563.5999755859375,1563.800048828125,1559.5999755859375,1562.0,276225
2026-07-30 07:40:00+00:00,1569.199951171875,1569.5999755859375,1563.4000244140625,1563.800048828125,130417
2026-07-30 07:45:00+00:00,1568.5999755859375,1569.5999755859375,1567.199951171875,1569.199951171875,170117
2026-07-30 07:50:00+00:00,1571.0,1572.5999755859375,1568.4000244140625,1568.4000244140625,217730
2026-07-30 07:55:00+00:00,1570.4000244140625,1571.5999755859375,1569.199951171875,1570.800048828125,119450
2026-07-30 08:00:00+00:00,1568.800048828125,1570.5999755859375,1566.800048828125,1570.4000244140625,132473
2026-07-30 08:05:00+00:00,1573.5999755859375,1574.199951171875,1568.0,1568.5999755859375,287863
2026-07-30 08:10:00+00:00,1573.4000244140625,1576.5999755859375,1573.4000244140625,1574.0,146488
2026-07-30 08:15:00+00:00,1573.199951171875,1574.199951171875,1572.4000244140625,1573.6099853515625,123638
2026-07-30 08:20:00+00:00,1571.0,1573.0,1570.4000244140625,1572.5999755859375,71119
2026-07-30 08:25:00+00:00,1574.4000244140625,1574.5999755859375,1571.0,1571.1199951171875,74370
2026-07-30 08:30:00+00:00,1571.5999755859375,1575.0,1571.5999755859375,1574.300048828125,41521
2026-07-30 08:35:00+00:00,1570.511962890625,1572.4000244140625,1570.199951171875,1572.0,62594
2026-07-30 08:40:00+00:00,1568.199951171875,1570.800048828125,1567.4000244140625,1570.0,94794
2026-07-30 08:45:00+00:00,1570.4000244140625,1571.5999755859375,1568.4000244140625,1568.4000244140625,55866
2026-07-30 08:50:00+00:00,1567.800048828125,1570.0,1567.800048828125,1570.0,46259
2026-07-30 08:55:00+00:00,1568.7889404296875,1569.0,1567.4000244140625,1567.70703125,62897
2026-07-30 09:00:00+00:00,1571.5999755859375,1572.5999755859375,1567.800048828125,1568.800048828125,71300
2026-07-30 09:05:00+00:00,1573.460205078125,1574.4000244140625,1571.5999755859375,1571.5999755859375,35630
2026-07-30 09:10:00+00:00,1572.4000244140625,1573.4000244140625,1570.199951171875,1573.4000244140625,86163
2026-07-30 09:15:00+00:00,1571.0,1573.0,1570.199951171875,1572.199951171875,49958
2026-07-30 09:20:00+00:00,1572.5999755859375,1573.4000244140625,1570.800048828125,1571.0,82564
2026-07-30 09:25:00+00:00,1572.199951171875,1573.4000244140625,1571.800048828125,1572.800048828125,36533
2026-07-30 09:30:00+00:00,1573.199951171875,1573.199951171875,1570.5999755859375,1572.199951171875,42399
2026-07-30 09:35:00+00:00,1571.5999755859375,1574.199951171875,1571.5999755859375,1573.4000244140625,44901
2026-07-30 09:40:00+00:00,1570.800048828125,1571.719970703125,1569.4000244140625,1571.5999755859375,24691
2026-07-30 09:45:00+00:00,1573.4000244140625,1573.4000244140625,1571.0,1571.4000244140625,23174
2026-07-30 09:50:00+00:00,1574.199951171875,1575.0,1572.4620361328125,1573.4000244140625,71234
2026-07-30 09:55:00+00:00,1571.199951171875,1574.5999755859375,1571.0,1574.5999755859375,157925
2026-07-30 10:00:00+00:00,1571.199951171875,1573.0,1570.800048828125,1571.0,44242
2026-07-30 10:05:00+00:00,1572.800048828125,1573.199951171875,1570.800048828125,1571.0,24661
2026-07-30 10:10:00+00:00,1569.4000244140625,1572.800048828125,1567.800048828125,1572.800048828125,55163
2026-07-30 10:15:00+00:00,1572.5999755859375,1572.5999755859375,1569.4000244140625,1569.4000244140625,36786
2026-07-30 10:20:00+00:00,1574.4000244140625,1575.800048828125,1573.0,1573.0,183462
2026-07-30 10:25:00+00:00,1574.0,1575.5999755859375,1573.4000244140625,1574.4000244140625,192314
2026-07-30 10:30:00+00:00,1574.0,1574.0,1572.5999755859375,1574.0,36676
2026-07-30 10:35:00+00:00,1573.800048828125,1575.0,1573.800048828125,1573.800048828125,45224
2026-07-30 10:40:00+00:00,1573.4000244140625,1574.5999755859375,1572.199951171875,1573.5999755859375,97993
2026-07-30 10:45:00+00:00,1572.4000244140625,1573.5999755859375,1571.800048828125,1573.199951171875,67423
2026-07-30 10:50:00+00:00,1568.800048828125,1572.4000244140625,1568.800048828125,1572.4000244140625,75063
2026-07-30 10:55:00+00:00,1569.0,1569.800048828125,1568.5999755859375,1569.2440185546875,42593
2026-07-30 11:00:00+00:00,1573.4000244140625,1573.4000244140625,1567.800048828125,1569.0,93582
2026-07-30 11:05:00+00:00,1575.800048828125,1576.800048828125,1573.3602294921875,1573.5999755859375,85134
2026-07-30 11:10:00+00:00,1574.800048828125,1576.0,1574.4000244140625,1575.592041015625,21348
2026-07-30 11:15:00+00:00,1576.4000244140625,1577.800048828125,1575.5999755859375,1575.5999755859375,32101
2026-07-30 11:20:00+00:00,1577.0,1577.5999755859375,1550.0,1576.5999755859375,412496
2026-07-30 11:25:00+00:00,1578.800048828125,1579.0,1576.0,1576.800048828125,92456
2026-07-30 11:30:00+00:00,1576.199951171875,1579.199951171875,1575.8017578125,1579.0,74616
2026-07-30 11:35:00+00:00,1578.800048828125,1578.800048828125,1569.237060546875,1576.1600341796875,229971
2026-07-30 11:40:00+00:00,1578.800048828125,1579.5999755859375,1577.4000244140625,1578.800048828125,13630
2026-07-30 11:45:00+00:00,1576.199951171875,1579.0,1576.0,1578.800048828125,29050
2026-07-30 11:50:00+00:00,1576.5999755859375,1576.800048828125,1575.4000244140625,1576.4000244140625,80002
2026-07-30 11:55:00+00:00,1577.199951171875,1577.5999755859375,1576.199951171875,1577.4000244140625,47839
2026-07-30 12:00:00+00:00,1577.4000244140625,1577.800048828125,1576.0,1577.4000244140625,96799
2026-07-30 12:05:00+00:00,1578.1939697265625,1578.199951171875,1577.199951171875,1577.199951171875,29380
2026-07-30 12:10:00+00:00,1579.0,1579.0,1577.800048828125,1578.199951171875,16654
2026-07-30 12:15:00+00:00,1578.4000244140625,1579.4000244140625,1578.4000244140625,1579.0,59433
2026-07-30 12:20:00+00:00,1578.0999755859375,1578.5999755859375,1576.800048828125,1578.199951171875,128473
2026-07-30 12:25:00+00:00,1578.0,1579.800048828125,1577.199951171875,1578.199951171875,78839
2026-07-30 12:30:00+00:00,1576.0,1578.800048828125,1574.5999755859375,1578.199951171875,50215
2026-07-30 12:35:00+00:00,1577.800048828125,1578.0,1575.5999755859375,1575.5999755859375,305485
2026-07-30 12:40:00+00:00,1580.5999755859375,1581.0,1577.199951171875,1577.4000244140625,40221
2026-07-30 12:45:00+00:00,1579.800048828125,1581.4000244140625,1579.5999755859375,1581.0,14316
2026-07-30 12:50:00+00:00,1582.0,1582.0,1580.199951171875,1580.5999755859375,23502
2026-07-30 12:55:00+00:00,1583.0,1583.199951171875,1581.5999755859375,1582.4000244140625,15396
2026-07-30 13:00:00+00:00,1584.5999755859375,1584.800048828125,1582.800048828125,1582.800048828125,34823
2026-07-30 13:05:00+00:00,1587.800048828125,1588.800048828125,1584.5999755859375,1584.5999755859375,59614
2026-07-30 13:10:00+00:00,1586.5999755859375,1587.800048828125,1585.199951171875,1587.5999755859375,46208
2026-07-30 13:15:00+00:00,1587.4000244140625,1588.5999755859375,1586.0,1587.0,29753
2026-07-30 13:20:00+00:00,1586.0,1587.5999755859375,1585.800048828125,1586.199951171875,57679
2026-07-30 13:25:00+00:00,1588.199951171875,1589.0,1585.800048828125,1586.4000244140625,66819
2026-07-30 13:30:00+00:00,1585.0,1589.199951171875,1583.800048828125,1588.5999755859375,272330
2026-07-30 13:35:00+00:00,1586.4000244140625,1588.800048828125,1583.4000244140625,1584.5999755859375,169064
2026-07-30 13:40:00+00:00,1585.800048828125,1587.199951171875,1584.199951171875,1586.199951171875,75256
2026-07-30 13:45:00+00:00,1588.0,1589.0,1585.5999755859375,1585.800048828125,70266
2026-07-30 13:50:00+00:00,1590.199951171875,1591.5999755859375,1585.300048828125,1588.5999755859375,73286
2026-07-30 13:55:00+00:00,1591.199951171875,1591.5999755859375,1589.0,1590.5999755859375,62919
2026-07-30 14:00:00+00:00,1590.0,1591.199951171875,1588.199951171875,1591.0,233069
2026-07-30 14:05:00+00:00,1589.199951171875,1590.199951171875,1588.4000244140625,1589.800048828125,54322
2026-07-30 14:10:00+00:00,1592.0,1592.4000244140625,1589.0,1589.4000244140625,105907
2026-07-30 14:15:00+00:00,1591.4000244140625,1592.4000244140625,1590.5999755859375,1592.4000244140625,70264
2026-07-30 14:20:00+00:00,1592.4000244140625,1593.199951171875,1591.0,1591.5999755859375,47189
2026-07-30 14:25:00+00:00,1593.5999755859375,1594.5999755859375,1592.4000244140625,1593.0,63570
2026-07-30 14:30:00+00:00,1594.0,1595.5999755859375,1589.199951171875,1593.5999755859375,165200
2026-07-30 14:35:00+00:00,1595.0,1595.0,1592.800048828125,1593.800048828125,45285
2026-07-30 14:40:00+00:00,1593.0,1595.4000244140625,1592.800048828125,1594.800048828125,133529
2026-07-30 14:45:00+00:00,1591.5999755859375,1594.5999755859375,1591.199951171875,1593.4000244140625,76735
2026-07-30 14:50:00+00:00,1593.0,1593.4000244140625,1591.0,1591.800048828125,87968
2026-07-30 14:55:00+00:00,1592.800048828125,1593.5999755859375,1591.199951171875,1592.5999755859375,127991
2026-07-30 15:00:00+00:00,1592.5999755859375,1592.800048828125,1591.199951171875,1592.4000244140625,119510
2026-07-30 15:05:00+00:00,1591.6798095703125,1592.5999755859375,1588.800048828125,1592.5999755859375,90014
2026-07-30 15:10:00+00:00,1588.160400390625,1591.5,1588.160400390625,1591.5,97609
2026-07-30 15:15:00+00:00,1587.0,1589.199951171875,1586.4000244140625,1588.0,278845
2026-07-30 15:20:00+00:00,1585.800048828125,1588.4000244140625,1585.4000244140625,1587.199951171875,181605
2026-07-30 15:25:00+00:00,1586.0,1587.4000244140625,1584.5999755859375,1585.800048828125,230304
2026-07-31 07:00:00+00:00,1589.5999755859375,1592.5999755859375,1582.4000244140625,1592.5999755859375,516607
2026-07-31 07:05:00+00:00,1594.800048828125,1595.0,1589.0,1589.199951171875,298072
2026-07-31 07:10:00+00:00,1598.4000244140625,1598.6209716796875,1594.5999755859375,1595.0,539906
2026-07-31 07:15:00+00:00,1598.800048828125,1599.0,1596.800048828125,1598.800048828125,316910
2026-07-31 07:20:00+00:00,1598.0,1598.800048828125,1596.5999755859375,1598.5999755859375,191689
2026-07-31 07:25:00+00:00,1599.0,1601.0,1598.4000244140625,1598.4000244140625,398109
2026-07-31 07:30:00+00:00,1598.0,1599.5999755859375,1597.300048828125,1598.9000244140625,267085
2026-07-31 07:35:00+00:00,1601.4000244140625,1601.800048828125,1598.0,1598.0,206093
2026-07-31 07:40:00+00:00,1601.5999755859375,1601.800048828125,1600.800048828125,1601.5999755859375,110568
2026-07-31 07:45:00+00:00,1601.800048828125,1602.0,1600.4000244140625,1601.199951171875,500514
2026-07-31 07:50:00+00:00,1603.199951171875,1604.5999755859375,1600.4000244140625,1601.800048828125,114537
2026-07-31 07:55:00+00:00,1601.800048828125,1603.42041015625,1600.5999755859375,1603.199951171875,169259
2026-07-31 08:00:00+00:00,1600.0,1601.4000244140625,1599.199951171875,1601.4000244140625,114427
2026-07-31 08:05:00+00:00,1596.5999755859375,1600.199951171875,1596.0,1600.199951171875,84312
2026-07-31 08:10:00+00:00,1598.0,1598.199951171875,1596.199951171875,1596.5999755859375,35645
2026-07-31 08:15:00+00:00,1598.5999755859375,1600.199951171875,1597.199951171875,1598.4000244140625,83878
2026-07-31 08:20:00+00:00,1599.4000244140625,1599.800048828125,1596.800048828125,1598.4000244140625,44819
2026-07-31 08:25:00+00:00,1597.199951171875,1599.800048828125,1597.0,1599.800048828125,27359
2026-07-31 08:30:00+00:00,1596.0,1597.199951171875,1595.199951171875,1596.800048828125,51392
2026-07-31 08:35:00+00:00,1596.5999755859375,1597.0,1593.800048828125,1595.5999755859375,52928
2026-07-31 08:40:00+00:00,1596.0,1596.8001708984375,1594.4000244140625,1596.199951171875,34490
2026-07-31 08:45:00+00:00,1596.0,1596.800048828125,1595.0,1596.0,29780
2026-07-31 08:50:00+00:00,1598.0999755859375,1598.199951171875,1595.800048828125,1596.199951171875,12568
2026-07-31 08:55:00+00:00,1598.4000244140625,1600.51025390625,1598.4000244140625,1598.4000244140625,23711
2026-07-31 09:00:00+00:00,1595.5999755859375,1598.800048828125,1595.5999755859375,1598.5999755859375,31470
2026-07-31 09:05:00+00:00,1595.5999755859375,1596.4000244140625,1594.0,1596.0,16428
2026-07-31 09:10:00+00:00,1596.4000244140625,1597.5999755859375,1595.5689697265625,1596.0,12909
2026-07-31 09:15:00+00:00,1596.5999755859375,1597.199951171875,1596.0,1596.0,26476
2026-07-31 09:20:00+00:00,1595.800048828125,1597.5999755859375,1595.5999755859375,1596.199951171875,24212
2026-07-31 09:25:00+00:00,1594.1199951171875,1596.0,1594.1199951171875,1595.4000244140625,51223
2026-07-31 09:30:00+00:00,1593.4000244140625,1595.4000244140625,1592.4000244140625,1594.800048828125,19836
2026-07-31 09:35:00+00:00,1593.199951171875,1593.5999755859375,1591.5999755859375,1593.0,101112
2026-07-31 09:40:00+00:00,1594.0,1594.199951171875,1591.800048828125,1592.800048828125,248577
2026-07-31 09:45:00+00:00,1593.6429443359375,1594.4000244140625,1593.0,1594.0,43164
2026-07-31 09:50:00+00:00,1593.800048828125,1595.5999755859375,1592.5999755859375,1593.5999755859375,315966
2026-07-31 09:55:00+00:00,1594.0,1594.199951171875,1593.0,1593.199951171875,20377
2026-07-31 10:00:00+00:00,1593.0,1593.800048828125,1592.0,1593.800048828125,25309
2026-07-31 10:05:00+00:00,1593.0,1593.235595703125,1592.0,1592.5999755859375,37463
2026-07-31 10:10:00+00:00,1594.5999755859375,1595.0,1592.4000244140625,1592.5999755859375,11522
2026-07-31 10:15:00+00:00,1594.5999755859375,1595.0,1593.4000244140625,1595.0,25942
2026-07-31 10:20:00+00:00,1593.800048828125,1595.199951171875,1593.800048828125,1594.800048828125,35306
2026-07-31 10:25:00+00:00,1594.199951171875,1595.0,1593.4000244140625,1594.0,59396
2026-07-31 10:30:00+00:00,1593.4000244140625,1594.800048828125,1592.199951171875,1594.0,37593
2026-07-31 10:35:00+00:00,1589.800048828125,1593.199951171875,1589.4000244140625,1593.199951171875,63822
2026-07-31 10:40:00+00:00,1589.4000244140625,1589.800048828125,1588.4000244140625,1589.800048828125,33278
2026-07-31 10:45:00+00:00,1587.800048828125,1589.4000244140625,1587.68603515625,1589.0,32910
2026-07-31 10:50:00+00:00,1586.8330078125,1588.5999755859375,1586.5999755859375,1588.0,26760
2026-07-31 10:55:00+00:00,1585.0,1586.7603759765625,1584.5999755859375,1586.5999755859375,69011
2026-07-31 11:00:00+00:00,1586.800048828125,1587.5999755859375,1584.0,1585.0,196332
2026-07-31 11:05:00+00:00,1585.199951171875,1587.0,1585.199951171875,1587.0,25124
2026-07-31 11:10:00+00:00,1586.0,1586.6839599609375,1585.0,1585.199951171875,36090
2026-07-31 11:15:00+00:00,1586.800048828125,1587.199951171875,1584.199951171875,1586.0,102127
2026-07-31 11:20:00+00:00,1587.5999755859375,1588.199951171875,1587.0,1587.0,17626
2026-07-31 11:25:00+00:00,1585.4000244140625,1587.469970703125,1585.4000244140625,1587.4000244140625,27935
2026-07-31 11:30:00+00:00,1584.199951171875,1585.4000244140625,1583.5999755859375,1585.4000244140625,28873
2026-07-31 11:35:00+00:00,1583.199951171875,1585.199951171875,1582.800048828125,1584.4000244140625,48285
2026-07-31 11:40:00+00:00,1583.199951171875,1583.800048828125,1582.77978515625,1583.199951171875,15733
2026-07-31 11:45:00+00:00,1583.5999755859375,1584.4000244140625,1582.800048828125,1583.4000244140625,27361
2026-07-31 11:50:00+00:00,1584.08984375,1584.800048828125,1583.199951171875,1583.5999755859375,36187
2026-07-31 11:55:00+00:00,1583.800048828125,1584.800048828125,1583.4000244140625,1584.5999755859375,12508
2026-07-31 12:00:00+00:00,1582.6800537109375,1583.800048828125,1582.5999755859375,1583.5999755859375,33840
2026-07-31 12:05:00+00:00,1585.0,1585.0,1582.4520263671875,1583.0,21389
2026-07-31 12:10:00+00:00,1584.0,1585.5999755859375,1583.0,1585.0,145533
2026-07-31 12:15:00+00:00,1583.800048828125,1584.199951171875,1583.199951171875,1584.0,26031
2026-07-31 12:20:00+00:00,1582.4000244140625,1584.4000244140625,1582.0,1584.0,49538
2026-07-31 12:25:00+00:00,1583.0,1584.800048828125,1583.0,1583.4000244140625,20208
2026-07-31 12:30:00+00:00,1582.0,1583.5999755859375,1579.0,1582.800048828125,158161
2026-07-31 12:35:00+00:00,1581.5999755859375,1582.4000244140625,1581.199951171875,1582.199951171875,24239
2026-07-31 12:40:00+00:00,1581.800048828125,1592.5999755859375,1580.5999755859375,1581.5999755859375,307600
2026-07-31 12:45:00+00:00,1580.199951171875,1582.0,1580.0,1582.0,36688
2026-07-31 12:50:00+00:00,1580.800048828125,1582.199951171875,1579.800048828125,1580.4000244140625,16747
2026-07-31 12:55:00+00:00,1579.5999755859375,1581.4000244140625,1579.0,1581.0,41111
2026-07-31 13:00:00+00:00,1581.800048828125,1582.5999755859375,1580.5999755859375,1580.5999755859375,26802
2026-07-31 13:05:00+00:00,1580.4000244140625,1581.800048828125,1580.199951171875,1581.4000244140625,24264
2026-07-31 13:10:00+00:00,1582.800048828125,1582.800048828125,1580.4000244140625,1580.5999755859375,28977
2026-07-31 13:15:00+00:00,1582.800048828125,1584.0,1582.5999755859375,1582.5999755859375,30831
2026-07-31 13:20:00+00:00,1585.4000244140625,1585.5999755859375,1583.0,1583.0,34850
2026-07-31 13:25:00+00:00,1586.4000244140625,1588.0,1585.0,1585.5999755859375,91371
2026-07-31 13:30:00+00:00,1589.800048828125,1589.800048828125,1585.0,1586.199951171875,186613
2026-07-31 13:35:00+00:00,1581.800048828125,1588.4000244140625,1581.199951171875,1586.4000244140625,130584
2026-07-31 13:40:00+00:00,1579.5999755859375,1583.0,1579.5999755859375,1581.4000244140625,241358
2026-07-31 13:45:00+00:00,1574.0,1580.199951171875,1574.0,1579.5999755859375,245868
2026-07-31 13:50:00+00:00,1572.800048828125,1576.800048828125,1572.5999755859375,1573.800048828125,120703
2026-07-31 13:55:00+00:00,1571.4000244140625,1574.199951171875,1571.199951171875,1573.5999755859375,228966
2026-07-31 14:00:00+00:00,1569.5999755859375,1573.5999755859375,1569.5999755859375,1571.4000244140625,260933
2026-07-31 14:05:00+00:00,1568.199951171875,1571.4000244140625,1566.4000244140625,1569.800048828125,132851
2026-07-31 14:10:00+00:00,1568.800048828125,1569.0,1566.4000244140625,1568.4000244140625,77944
2026-07-31 14:15:00+00:00,1569.5999755859375,1571.0,1566.800048828125,1569.0,221496
2026-07-31 14:20:00+00:00,1573.0,1574.199951171875,1569.4000244140625,1569.4000244140625,436359
2026-07-31 14:25:00+00:00,1577.4000244140625,1579.0,1573.4000244140625,1573.4000244140625,122052
2026-07-31 14:30:00+00:00,1577.3602294921875,1579.199951171875,1577.0,1578.4000244140625,146643
2026-07-31 14:35:00+00:00,1577.800048828125,1578.0,1576.5999755859375,1577.199951171875,66797
2026-07-31 14:40:00+00:00,1576.5999755859375,1579.0,1576.4000244140625,1577.5999755859375,71580
2026-07-31 14:45:00+00:00,1576.800048828125,1578.800048828125,1576.800048828125,1577.0,104351
2026-07-31 14:50:00+00:00,1577.199951171875,1578.199951171875,1576.800048828125,1577.199951171875,248854
2026-07-31 14:55:00+00:00,1578.800048828125,1579.4000244140625,1576.800048828125,1576.800048828125,194796
2026-07-31 15:00:00+00:00,1578.4000244140625,1579.0,1577.0,1578.800048828125,119367
2026-07-31 15:05:00+00:00,1579.5999755859375,1580.5999755859375,1578.199951171875,1578.4000244140625,135209
2026-07-31 15:10:00+00:00,1578.199951171875,1580.5999755859375,1578.0,1579.800048828125,193053
2026-07-31 15:15:00+00:00,1575.199951171875,1580.800048828125,1575.0,1578.2396240234375,224256
2026-07-31 15:20:00+00:00,1576.5999755859375,1576.5999755859375,1574.5999755859375,1575.199951171875,182683
2026-07-31 15:25:00+00:00,1575.199951171875,1577.199951171875,1574.0,1576.800048828125,473331
2026-08-03 07:00:00+00:00,1588.5999755859375,1592.5999755859375,1585.5999755859375,1586.5999755859375,0
2026-08-03 07:05:00+00:00,1590.0,1595.4000244140625,1585.800048828125,1592.199951171875,304804
2026-08-03 07:10:00+00:00,1592.0,1595.800048828125,1590.0,1590.199951171875,152760
2026-08-03 07:15:00+00:00,1592.800048828125,1594.199951171875,1590.0,1592.4000244140625,215803
2026-08-03 07:20:00+00:00,1591.5999755859375,1594.5999755859375,1591.199951171875,1592.800048828125,215714
2026-08-03 07:25:00+00:00,1593.199951171875,1594.0,1590.800048828125,1591.5999755859375,150794
2026-08-03 07:30:00+00:00,1594.5999755859375,1595.800048828125,1590.5999755859375,1592.800048828125,301487
2026-08-03 07:35:00+00:00,1593.5999755859375,1596.4000244140625,1592.800048828125,1594.4000244140625,176339
2026-08-03 07:40:00+00:00,1592.800048828125,1594.5999755859375,1592.5999755859375,1593.199951171875,195050
2026-08-03 07:45:00+00:00,1595.0,1595.5999755859375,1592.5999755859375,1592.5999755859375,75552
2026-08-03 07:50:00+00:00,1593.499755859375,1595.199951171875,1592.800048828125,1595.199951171875,123634
2026-08-03 07:55:00+00:00,1594.800048828125,1594.800048828125,1592.800048828125,1593.199951171875,109577
2026-08-03 08:00:00+00:00,1597.199951171875,1598.199951171875,1594.199951171875,1594.5999755859375,112067
2026-08-03 08:05:00+00:00,1596.4000244140625,1598.4000244140625,1595.4000244140625,1597.0,231335
2026-08-03 08:10:00+00:00,1597.0003662109375,1598.199951171875,1596.0,1596.199951171875,114124
2026-08-03 08:15:00+00:00,1595.0,1597.4000244140625,1594.199951171875,1597.0,66583
2026-08-03 08:20:00+00:00,1593.800048828125,1595.5670166015625,1593.4000244140625,1594.4000244140625,39294
2026-08-03 08:25:00+00:00,1594.0,1594.199951171875,1591.800048828125,1594.0,31710
2026-08-03 08:30:00+00:00,1592.5999755859375,1593.9659423828125,1591.800048828125,1593.800048828125,36458
2026-08-03 08:35:00+00:00,1593.800048828125,1594.199951171875,1592.199951171875,1592.4000244140625,14711
2026-08-03 08:40:00+00:00,1594.5999755859375,1595.199951171875,1593.0,1593.800048828125,31205
2026-08-03 08:45:00+00:00,1594.800048828125,1595.800048828125,1594.199951171875,1594.7540283203125,56615
2026-08-03 08:50:00+00:00,1594.800048828125,1595.5999755859375,1594.199951171875,1594.9996337890625,17854
2026-08-03 08:55:00+00:00,1591.5999755859375,1595.0,1591.4000244140625,1595.0,83545
2026-08-03 09:00:00+00:00,1590.0,1592.0,1588.4000244140625,1592.0,49952
2026-08-03 09:05:00+00:00,1590.4000244140625,1591.1650390625,1590.0,1590.0003662109375,19387
2026-08-03 09:10:00+00:00,1589.199951171875,1590.698974609375,1588.579833984375,1590.5999755859375,76652
2026-08-03 09:15:00+00:00,1588.5999755859375,1590.199951171875,1588.4000244140625,1589.199951171875,54761
2026-08-03 09:20:00+00:00,1587.5999755859375,1590.199951171875,1587.5999755859375,1588.5999755859375,44642
2026-08-03 09:25:00+00:00,1587.099853515625,1588.199951171875,1586.4000244140625,1588.0,30380
2026-08-03 09:30:00+00:00,1587.800048828125,1588.4000244140625,1586.800048828125,1587.4000244140625,71705
2026-08-03 09:35:00+00:00,1587.4000244140625,1589.199951171875,1587.4000244140625,1588.0,27357
2026-08-03 09:40:00+00:00,1588.4000244140625,1589.199951171875,1587.199951171875,1587.800048828125,38331
2026-08-03 09:45:00+00:00,1589.800048828125,1590.199951171875,1588.199951171875,1588.4000244140625,183289
2026-08-03 09:50:00+00:00,1586.5999755859375,1590.199951171875,1586.0,1590.199951171875,85765
2026-08-03 09:55:00+00:00,1585.0,1586.5999755859375,1584.800048828125,1586.5999755859375,26745
2026-08-03 10:00:00+00:00,1586.0,1586.0,1584.199951171875,1585.0,53073
2026-08-03 10:05:00+00:00,1585.199951171875,1586.199951171875,1585.199951171875,1585.886962890625,15854
2026-08-03 10:10:00+00:00,1585.199951171875,1586.199951171875,1584.4796142578125,1585.0,103179
2026-08-03 10:15:00+00:00,1585.800048828125,1587.0,1585.0,1585.427001953125,25405
2026-08-03 10:20:00+00:00,1585.199951171875,1586.4000244140625,1585.0,1585.5999755859375,26921
2026-08-03 10:25:00+00:00,1587.5999755859375,1587.5999755859375,1585.199951171875,1585.199951171875,62207
2026-08-03 10:30:00+00:00,1587.0,1587.4000244140625,1585.4000244140625,1587.199951171875,13963
2026-08-03 10:35:00+00:00,1588.5999755859375,1588.5999755859375,1586.4000244140625,1586.5999755859375,115927
2026-08-03 10:40:00+00:00,1587.5999755859375,1588.800048828125,1587.199951171875,1588.5228271484375,30595
2026-08-03 10:45:00+00:00,1586.4000244140625,1587.5999755859375,1586.4000244140625,1587.368408203125,50075
2026-08-03 10:50:00+00:00,1588.5999755859375,1589.0,1586.5404052734375,1586.800048828125,65882
2026-08-03 10:55:00+00:00,1591.0,1591.199951171875,1588.5999755859375,1588.77197265625,21356
2026-08-03 11:00:00+00:00,1590.5999755859375,1591.4000244140625,1589.5899658203125,1590.800048828125,38797
2026-08-03 11:05:00+00:00,1591.4000244140625,1592.0,1589.9683837890625,1590.199951171875,43533
2026-08-03 11:10:00+00:00,1591.4000244140625,1591.4000244140625,1590.93994140625,1591.199951171875,9701
2026-08-03 11:15:00+00:00,1593.199951171875,1593.800048828125,1590.5999755859375,1591.199951171875,58098
2026-08-03 11:20:00+00:00,1593.4000244140625,1593.800048828125,1592.5999755859375,1592.800048828125,53252
2026-08-03 11:25:00+00:00,1595.039794921875,1595.039794921875,1592.800048828125,1592.800048828125,33244
2026-08-03 11:30:00+00:00,1595.9620361328125,1596.0999755859375,1595.0,1595.199951171875,61998
2026-08-03 11:35:00+00:00,1594.0,1596.0,1593.800048828125,1596.0,71341
2026-08-03 11:40:00+00:00,1595.800048828125,1596.0,1594.0,1594.0,41877
2026-08-03 11:45:00+00:00,1594.5999755859375,1595.800048828125,1591.199951171875,1595.800048828125,80831
2026-08-03 11:50:00+00:00,1593.5999755859375,1595.0,1593.5999755859375,1594.800048828125,96252
2026-08-03 11:55:00+00:00,1593.0,1594.0,1593.0,1593.4000244140625,41307
2026-08-03 12:00:00+00:00,1592.199951171875,1593.199951171875,1591.199951171875,1593.199951171875,81614
2026-08-03 12:05:00+00:00,1591.4000244140625,1592.199951171875,1591.4000244140625,1591.800048828125,37745
2026-08-03 12:10:00+00:00,1592.199951171875,1592.199951171875,1590.5999755859375,1591.4000244140625,51491
2026-08-03 12:15:00+00:00,1590.5999755859375,1592.199951171875,1590.5999755859375,1592.199951171875,20917
2026-08-03 12:20:00+00:00,1590.0999755859375,1590.4000244140625,1589.4000244140625,1590.199951171875,32897
2026-08-03 12:25:00+00:00,1589.5999755859375,1590.4000244140625,1588.800048828125,1590.0,20777
2026-08-03 12:30:00+00:00,1590.199951171875,1591.0,1589.199951171875,1589.4000244140625,20303
2026-08-03 12:35:00+00:00,1591.800048828125,1591.800048828125,1590.199951171875,1590.5999755859375,21477
2026-08-03 12:40:00+00:00,1593.699951171875,1593.699951171875,1591.800048828125,1591.800048828125,20859
2026-08-03 12:45:00+00:00,1594.800048828125,1595.5999755859375,1593.5999755859375,1593.800048828125,18993
2026-08-03 12:50:00+00:00,1595.2998046875,1596.0,1594.800048828125,1595.199951171875,29756
2026-08-03 12:55:00+00:00,1595.9000244140625,1596.4000244140625,1595.0,1595.4000244140625,30533
2026-08-03 13:00:00+00:00,1596.199951171875,1598.0,1596.199951171875,1596.5999755859375,48676
2026-08-03 13:05:00+00:00,1594.800048828125,1596.0999755859375,1594.5999755859375,1596.0,36780
2026-08-03 13:10:00+00:00,1593.199951171875,1595.5999755859375,1592.800048828125,1595.5999755859375,45062
2026-08-03 13:15:00+00:00,1594.0,1594.4000244140625,1593.0,1593.199951171875,23193
2026-08-03 13:20:00+00:00,1594.199951171875,1595.800048828125,1593.800048828125,1593.800048828125,26292
2026-08-03 13:25:00+00:00,1592.800048828125,1595.0,1592.199951171875,1594.4000244140625,104526
2026-08-03 13:30:00+00:00,1583.199951171875,1593.199951171875,1583.199951171875,1592.800048828125,439403
2026-08-03 13:35:00+00:00,1591.199951171875,1591.4000244140625,1582.800048828125,1583.0,205529
2026-08-03 13:40:00+00:00,1590.4000244140625,1591.199951171875,1583.199951171875,1590.800048828125,176659
2026-08-03 13:45:00+00:00,1590.199951171875,1591.5999755859375,1587.5999755859375,1590.1400146484375,114801
2026-08-03 13:50:00+00:00,1588.4000244140625,1591.199951171875,1588.4000244140625,1590.4000244140625,92856
2026-08-03 13:55:00+00:00,1590.800048828125,1591.800048828125,1587.800048828125,1588.199951171875,46093
2026-08-03 14:00:00+00:00,1590.199951171875,1591.5999755859375,1587.4000244140625,1590.5999755859375,169712
2026-08-03 14:05:00+00:00,1592.800048828125,1592.800048828125,1589.5999755859375,1590.4000244140625,28971
2026-08-03 14:10:00+00:00,1593.0201416015625,1593.199951171875,1591.5999755859375,1592.5999755859375,71501
2026-08-03 14:15:00+00:00,1588.0799560546875,1593.199951171875,1587.800048828125,1592.800048828125,64515
2026-08-03 14:20:00+00:00,1593.4000244140625,1594.4000244140625,1588.199951171875,1588.199951171875,120917
2026-08-03 14:25:00+00:00,1593.0,1593.800048828125,1591.5999755859375,1593.4000244140625,180360
2026-08-03 14:30:00+00:00,1594.800048828125,1594.800048828125,1592.0,1592.800048828125,131572
2026-08-03 14:35:00+00:00,1593.4000244140625,1595.0,1593.0,1594.800048828125,101005
2026-08-03 14:40:00+00:00,1590.4000244140625,1594.0,1590.199951171875,1593.4000244140625,98451
2026-08-03 14:45:00+00:00,1592.800048828125,1592.800048828125,1589.5999755859375,1590.5999755859375,86832
2026-08-03 14:50:00+00:00,1592.800048828125,1594.0,1592.4000244140625,1592.4000244140625,161213
2026-08-03 14:55:00+00:00,1593.0999755859375,1593.199951171875,1591.1710205078125,1592.800048828125,170370
2026-08-03 15:00:00+00:00,1594.199951171875,1594.800048828125,1592.800048828125,1592.800048828125,498806
2026-08-03 15:05:00+00:00,1593.4000244140625,1594.5999755859375,1593.0,1594.199951171875,209310
2026-08-03 15:10:00+00:00,1594.0,1594.5999755859375,1592.800048828125,1593.199951171875,193541
2026-08-03 15:15:00+00:00,1594.199951171875,1595.0,1593.4000244140625,1594.199951171875,258737
2026-08-03 15:20:00+00:00,1594.8922119140625,1595.800048828125,1594.199951171875,1594.199951171875,173413
2026-08-03 15:25:00+00:00,1594.0,1596.5,1593.800048828125,1594.800048828125,441719
2026-08-04 07:00:00+00:00,1592.0,1592.800048828125,1571.199951171875,1580.0,772767
2026-08-04 07:05:00+00:00,1605.199951171875,1606.800048828125,1585.4000244140625,1592.0,737411
2026-08-04 07:10:00+00:00,1602.800048828125,1610.0,1600.199951171875,1605.4000244140625,562456
2026-08-04 07:15:00+00:00,1603.199951171875,1608.800048828125,1601.4000244140625,1602.4000244140625,306102
2026-08-04 07:20:00+00:00,1593.0,1603.800048828125,1590.4000244140625,1603.800048828125,359556
2026-08-04 07:25:00+00:00,1591.800048828125,1596.199951171875,1588.5999755859375,1592.4000244140625,418130
2026-08-04 07:30:00+00:00,1589.8310546875,1594.4000244140625,1588.4000244140625,1591.800048828125,312139
2026-08-04 07:35:00+00:00,1587.4000244140625,1590.0,1582.800048828125,1590.0,267613
2026-08-04 07:40:00+00:00,1586.199951171875,1587.800048828125,1584.0,1587.0,184179
2026-08-04 07:45:00+00:00,1588.0,1589.0,1582.5999755859375,1586.199951171875,248773
2026-08-04 07:50:00+00:00,1581.0,1590.4000244140625,1580.0,1588.0,363000
2026-08-04 07:55:00+00:00,1582.5999755859375,1586.199951171875,1580.199951171875,1581.199951171875,286635
2026-08-04 08:00:00+00:00,1583.199951171875,1585.0,1579.4000244140625,1582.4000244140625,219723
2026-08-04 08:05:00+00:00,1582.5,1586.0,1581.0,1583.5999755859375,252879
2026-08-04 08:10:00+00:00,1576.0,1582.199951171875,1575.0,1582.199951171875,99790
2026-08-04 08:15:00+00:00,1580.4000244140625,1581.199951171875,1575.300048828125,1576.4000244140625,125126
2026-08-04 08:20:00+00:00,1583.4000244140625,1584.0,1576.199951171875,1580.800048828125,176818
2026-08-04 08:25:00+00:00,1579.800048828125,1585.4000244140625,1578.5999755859375,1583.800048828125,130588
2026-08-04 08:30:00+00:00,1574.4000244140625,1580.0,1571.5999755859375,1580.0,155041
2026-08-04 08:35:00+00:00,1575.4000244140625,1575.4000244140625,1571.5999755859375,1574.4000244140625,97916
2026-08-04 08:40:00+00:00,1576.300048828125,1576.5999755859375,1574.8800048828125,1575.5999755859375,45484
2026-08-04 08:45:00+00:00,1576.0,1577.0,1574.199951171875,1576.4000244140625,163828
2026-08-04 08:50:00+00:00,1580.0,1580.1590576171875,1575.4000244140625,1575.4000244140625,77070
2026-08-04 08:55:00+00:00,1578.800048828125,1580.0,1576.800048828125,1580.0,66026
2026-08-04 09:00:00+00:00,1574.199951171875,1579.0,1573.800048828125,1578.5999755859375,82984
2026-08-04 09:05:00+00:00,1574.800048828125,1575.4000244140625,1571.199951171875,1574.199951171875,47818
2026-08-04 09:10:00+00:00,1573.800048828125,1575.800048828125,1572.800048828125,1574.800048828125,74355
2026-08-04 09:15:00+00:00,1572.800048828125,1574.199951171875,1572.0,1573.5,50591
2026-08-04 09:20:00+00:00,1573.4000244140625,1573.4000244140625,1568.4000244140625,1572.5999755859375,84273
2026-08-04 09:25:00+00:00,1570.5999755859375,1574.0,1568.0,1573.4000244140625,89370
2026-08-04 09:30:00+00:00,1572.199951171875,1572.5999755859375,1569.199951171875,1570.4000244140625,83687
2026-08-04 09:35:00+00:00,1573.0,1573.0,1570.4000244140625,1571.5999755859375,70995
2026-08-04 09:40:00+00:00,1572.4000244140625,1573.5999755859375,1571.5999755859375,1572.5999755859375,101688
2026-08-04 09:45:00+00:00,1571.0,1572.4000244140625,1570.5999755859375,1572.199951171875,75570
2026-08-04 09:50:00+00:00,1567.199951171875,1571.199951171875,1567.199951171875,1571.0,101533
2026-08-04 09:55:00+00:00,1567.0,1567.4000244140625,1564.5999755859375,1567.0,91891
2026-08-04 10:00:00+00:00,1564.199951171875,1567.0,1562.800048828125,1566.800048828125,94901
2026-08-04 10:05:00+00:00,1567.7669677734375,1567.800048828125,1564.0,1564.199951171875,68261
2026-08-04 10:10:00+00:00,1567.0,1571.0059814453125,1566.4000244140625,1567.800048828125,97182
2026-08-04 10:15:00+00:00,1565.199951171875,1567.4000244140625,1564.800048828125,1566.800048828125,114896
2026-08-04 10:20:00+00:00,1568.5999755859375,1569.800048828125,1565.199951171875,1565.199951171875,106633
2026-08-04 10:25:00+00:00,1566.199951171875,1568.5999755859375,1564.5999755859375,1568.4000244140625,109415
2026-08-04 10:30:00+00:00,1568.800048828125,1570.0,1565.4000244140625,1566.5999755859375,54993
2026-08-04 10:35:00+00:00,1567.2049560546875,1569.0,1567.0,1568.5999755859375,60465
2026-08-04 10:40:00+00:00,1569.199951171875,1569.800048828125,1566.199951171875,1567.800048828125,53821
2026-08-04 10:45:00+00:00,1572.4000244140625,1574.5999755859375,1568.7403564453125,1568.800048828125,113713
2026-08-04 10:50:00+00:00,1572.199951171875,1573.5999755859375,1570.800048828125,1572.4000244140625,81513
2026-08-04 10:55:00+00:00,1569.800048828125,1573.5999755859375,1568.800048828125,1571.800048828125,42468
2026-08-04 11:00:00+00:00,1572.5999755859375,1572.5999755859375,1567.800048828125,1570.0,66460
2026-08-04 11:05:00+00:00,1573.678955078125,1574.4000244140625,1572.5999755859375,1572.800048828125,40440
2026-08-04 11:10:00+00:00,1574.800048828125,1575.4000244140625,1573.5999755859375,1573.5999755859375,112959
2026-08-04 11:15:00+00:00,1574.800048828125,1575.199951171875,1573.0,1574.4000244140625,34723
2026-08-04 11:20:00+00:00,1573.90087890625,1574.4000244140625,1572.5999755859375,1574.4000244140625,33586
2026-08-04 11:25:00+00:00,1575.0,1575.0799560546875,1572.4000244140625,1574.0,88378
2026-08-04 11:30:00+00:00,1572.6800537109375,1578.0,1572.6800537109375,1575.0,160142
2026-08-04 11:35:00+00:00,1576.800048828125,1577.0,1572.199951171875,1572.5999755859375,41641
2026-08-04 11:40:00+00:00,1580.199951171875,1581.0,1574.5999755859375,1576.5999755859375,92699
2026-08-04 11:45:00+00:00,1576.5999755859375,1580.800048828125,1576.199951171875,1580.199951171875,69176
2026-08-04 11:50:00+00:00,1575.199951171875,1577.5999755859375,1574.199951171875,1576.4000244140625,86330
2026-08-04 11:55:00+00:00,1577.199951171875,1580.0,1574.4000244140625,1575.0,415485
2026-08-04 12:00:00+00:00,1575.1810302734375,1576.5999755859375,1573.199951171875,1576.5999755859375,74536
2026-08-04 12:05:00+00:00,1575.199951171875,1577.5999755859375,1574.5999755859375,1575.4000244140625,53808
2026-08-04 12:10:00+00:00,1575.4000244140625,1575.800048828125,1574.4000244140625,1575.199951171875,28232
2026-08-04 12:15:00+00:00,1572.0,1576.0,1571.199951171875,1575.800048828125,39400
2026-08-04 12:20:00+00:00,1570.4000244140625,1572.5999755859375,1569.800048828125,1571.800048828125,24159
2026-08-04 12:25:00+00:00,1570.5999755859375,1571.199951171875,1569.4000244140625,1570.4000244140625,48251
2026-08-04 12:30:00+00:00,1567.5999755859375,1571.199951171875,1566.800048828125,1570.5999755859375,83974
2026-08-04 12:35:00+00:00,1568.199951171875,1568.5999755859375,1567.5999755859375,1567.5999755859375,68371
2026-08-04 12:40:00+00:00,1573.0,1573.199951171875,1568.4000244140625,1568.4000244140625,61089
2026-08-04 12:45:00+00:00,1574.4000244140625,1575.0,1573.199951171875,1573.199951171875,56912
2026-08-04 12:50:00+00:00,1576.800048828125,1577.199951171875,1574.4000244140625,1574.4000244140625,140683
2026-08-04 12:55:00+00:00,1577.4000244140625,1579.199951171875,1576.5999755859375,1576.800048828125,48524
2026-08-04 13:00:00+00:00,1576.199951171875,1580.0,1575.800048828125,1577.199951171875,2229665
2026-08-04 13:05:00+00:00,1579.379638671875,1579.5999755859375,1575.0,1576.199951171875,125376
2026-08-04 13:10:00+00:00,1583.5999755859375,1584.0,1579.0,1579.4000244140625,160774
2026-08-04 13:15:00+00:00,1584.4000244140625,1585.199951171875,1583.4000244140625,1583.4000244140625,73277
2026-08-04 13:20:00+00:00,1587.4000244140625,1590.4000244140625,1583.800048828125,1583.800048828125,181740
2026-08-04 13:25:00+00:00,1585.199951171875,1590.0,1584.5999755859375,1587.4000244140625,116638
2026-08-04 13:30:00+00:00,1590.0,1590.5999755859375,1582.199951171875,1585.4000244140625,310466
2026-08-04 13:35:00+00:00,1591.5999755859375,1592.800048828125,1582.5999755859375,1590.4000244140625,131841
2026-08-04 13:40:00+00:00,1595.199951171875,1597.5999755859375,1590.5999755859375,1591.5999755859375,139248
2026-08-04 13:45:00+00:00,1592.0,1595.4000244140625,1589.5999755859375,1595.4000244140625,103731
2026-08-04 13:50:00+00:00,1594.0,1596.199951171875,1592.0,1592.0,103526
2026-08-04 13:55:00+00:00,1596.800048828125,1597.800048828125,1593.5999755859375,1594.199951171875,101333
2026-08-04 14:00:00+00:00,1597.4000244140625,1598.4000244140625,1596.0,1596.800048828125,139351
2026-08-04 14:05:00+00:00,1595.199951171875,1597.800048828125,1595.199951171875,1597.199951171875,123872
2026-08-04 14:10:00+00:00,1594.0,1596.4000244140625,1591.199951171875,1595.4000244140625,140529
2026-08-04 14:15:00+00:00,1597.4000244140625,1597.5999755859375,1593.4000244140625,1594.199951171875,121154
2026-08-04 14:20:00+00:00,1595.800048828125,1597.4000244140625,1593.199951171875,1597.4000244140625,222640
2026-08-04 14:25:00+00:00,1594.5999755859375,1596.4000244140625,1594.199951171875,1596.199951171875,205613
2026-08-04 14:30:00+00:00,1595.5999755859375,1596.4000244140625,1590.800048828125,1594.5999755859375,129617
2026-08-04 14:35:00+00:00,1598.4000244140625,1600.4000244140625,1594.23095703125,1595.5999755859375,288658
2026-08-04 14:40:00+00:00,1598.4000244140625,1600.199951171875,1597.199951171875,1598.4000244140625,111095
2026-08-04 14:45:00+00:00,1598.800048828125,1600.0,1597.800048828125,1598.4000244140625,91956
2026-08-04 14:50:00+00:00,1598.5999755859375,1600.0,1597.0,1598.800048828125,124713
2026-08-04 14:55:00+00:00,1597.0,1599.800048828125,1596.800048828125,1599.199951171875,85762
2026-08-04 15:00:00+00:00,1595.199951171875,1596.800048828125,1594.0,1596.800048828125,163879
2026-08-04 15:05:00+00:00,1595.93994140625,1596.199951171875,1593.5999755859375,1595.199951171875,142442
2026-08-04 15:10:00+00:00,1595.199951171875,1596.0,1594.0,1595.800048828125,109085
2026-08-04 15:15:00+00:00,1595.5999755859375,1596.5999755859375,1594.5999755859375,1595.4000244140625,181067
2026-08-04 15:20:00+00:00,1593.5999755859375,1596.0,1593.4000244140625,1595.800048828125,163213
2026-08-04 15:25:00+00:00,1594.0,1594.199951171875,1592.800048828125,1593.5999755859375,263614
2026-08-05 07:00:00+00:00,1553.800048828125,1565.5999755859375,1547.5999755859375,1565.5999755859375,0
2026-08-05 07:05:00+00:00,1551.5999755859375,1564.199951171875,1547.0,1564.199951171875,307955
2026-08-05 07:10:00+00:00,1546.5999755859375,1552.199951171875,1543.0,1552.199951171875,402807
2026-08-05 07:15:00+00:00,1548.199951171875,1550.0,1544.5999755859375,1547.0,325608
2026-08-05 07:20:00+00:00,1548.5999755859375,1551.4000244140625,1547.0,1548.0,136646
2026-08-05 07:25:00+00:00,1538.501953125,1549.0,1538.0,1549.0,711215
2026-08-05 07:30:00+00:00,1536.006103515625,1539.4000244140625,1534.8800048828125,1538.4000244140625,252107
2026-08-05 07:35:00+00:00,1536.199951171875,1537.5999755859375,1533.5999755859375,1536.2979736328125,218904
2026-08-05 07:40:00+00:00,1539.5999755859375,1539.5999755859375,1535.800048828125,1535.800048828125,208403
2026-08-05 07:45:00+00:00,1537.0,1539.4560546875,1536.199951171875,1539.199951171875,294708
2026-08-05 07:50:00+00:00,1541.199951171875,1541.800048828125,1536.4000244140625,1536.800048828125,327693
2026-08-05 07:55:00+00:00,1540.0,1542.0,1539.0,1540.5999755859375,171962
2026-08-05 08:00:00+00:00,1538.4000244140625,1541.4000244140625,1537.5999755859375,1540.0,77686
2026-08-05 08:05:00+00:00,1531.800048828125,1540.199951171875,1531.800048828125,1538.0,266086
2026-08-05 08:10:00+00:00,1532.0,1534.5999755859375,1530.4000244140625,1532.7900390625,102862
2026-08-05 08:15:00+00:00,1537.199951171875,1538.5999755859375,1531.800048828125,1531.800048828125,102949
2026-08-05 08:20:00+00:00,1533.5999755859375,1538.06005859375,1532.199951171875,1537.0,116387
2026-08-05 08:25:00+00:00,1538.4000244140625,1538.5999755859375,1533.199951171875,1533.4000244140625,45408
2026-08-05 08:30:00+00:00,1532.0,1538.0,1531.0,1538.0,103347
2026-08-05 08:35:00+00:00,1531.199951171875,1533.199951171875,1530.4000244140625,1531.86962890625,59806
2026-08-05 08:40:00+00:00,1530.7779541015625,1533.0,1529.5999755859375,1531.199951171875,62565
2026-08-05 08:45:00+00:00,1531.5240478515625,1531.5999755859375,1529.4000244140625,1531.0,29456
2026-08-05 08:50:00+00:00,1529.281982421875,1532.5999755859375,1528.0,1531.4000244140625,40924
2026-08-05 08:55:00+00:00,1527.1795654296875,1529.4000244140625,1525.199951171875,1529.4000244140625,69134
2026-08-05 09:00:00+00:00,1528.4000244140625,1530.4000244140625,1525.199951171875,1525.199951171875,92890
2026-08-05 09:05:00+00:00,1530.5999755859375,1531.0,1528.0,1528.4000244140625,44390
2026-08-05 09:10:00+00:00,1529.5999755859375,1531.0,1528.5999755859375,1530.800048828125,41295
2026-08-05 09:15:00+00:00,1530.199951171875,1530.800048828125,1529.0,1529.5999755859375,37848
2026-08-05 09:20:00+00:00,1529.5999755859375,1531.0,1529.4000244140625,1530.199951171875,27172
2026-08-05 09:25:00+00:00,1528.8890380859375,1532.4000244140625,1528.8890380859375,1529.199951171875,115733
2026-08-05 09:30:00+00:00,1527.199951171875,1530.5999755859375,1527.199951171875,1529.0,106538
2026-08-05 09:35:00+00:00,1528.199951171875,1529.199951171875,1527.0,1527.800048828125,57098
2026-08-05 09:40:00+00:00,1528.5689697265625,1528.9820556640625,1527.4000244140625,1528.199951171875,51055
2026-08-05 09:45:00+00:00,1528.800048828125,1529.199951171875,1526.800048828125,1528.800048828125,46005
2026-08-05 09:50:00+00:00,1529.6199951171875,1530.199951171875,1528.199951171875,1528.3800048828125,22144
2026-08-05 09:55:00+00:00,1528.800048828125,1529.800048828125,1528.5999755859375,1529.800048828125,11303
2026-08-05 10:00:00+00:00,1529.4100341796875,1530.0,1527.800048828125,1528.800048828125,49315
2026-08-05 10:05:00+00:00,1529.4000244140625,1534.199951171875,1528.800048828125,1529.199951171875,119576
2026-08-05 10:10:00+00:00,1533.975830078125,1534.4000244140625,1529.4000244140625,1529.5999755859375,93099
2026-08-05 10:15:00+00:00,1534.4000244140625,1536.199951171875,1533.4000244140625,1534.199951171875,142336
2026-08-05 10:20:00+00:00,1530.4000244140625,1534.4000244140625,1530.0,1534.4000244140625,121642
2026-08-05 10:25:00+00:00,1524.5999755859375,1565.5999755859375,1524.0,1530.4000244140625,2772949
2026-08-05 10:30:00+00:00,1528.4000244140625,1528.4000244140625,1522.800048828125,1524.0,110684
2026-08-05 10:35:00+00:00,1525.0,1528.199951171875,1523.199951171875,1528.0,128615
2026-08-05 10:40:00+00:00,1509.4000244140625,1525.4000244140625,1508.800048828125,1524.5999755859375,483947
2026-08-05 10:45:00+00:00,1508.800048828125,1516.5999755859375,1504.199951171875,1509.5999755859375,2015602
2026-08-05 10:50:00+00:00,1493.0340576171875,1508.5999755859375,1493.0,1508.5999755859375,658174
2026-08-05 10:55:00+00:00,1490.4000244140625,1512.0,1481.0,1493.800048828125,507654
2026-08-05 11:00:00+00:00,1480.160400390625,1491.199951171875,1479.385009765625,1490.5999755859375,611909
2026-08-05 11:05:00+00:00,1483.4000244140625,1483.4000244140625,1474.800048828125,1479.4000244140625,489765
2026-08-05 11:10:00+00:00,1479.800048828125,1485.0,1476.5999755859375,1483.199951171875,601050
2026-08-05 11:15:00+00:00,1483.5999755859375,1485.199951171875,1477.4000244140625,1479.800048828125,280467
2026-08-05 11:20:00+00:00,1488.800048828125,1489.4000244140625,1479.800048828125,1483.5999755859375,392080
2026-08-05 11:25:00+00:00,1488.0,1490.0,1483.800048828125,1486.800048828125,242678
2026-08-05 11:30:00+00:00,1495.0,1496.0,1487.739013671875,1488.0,189588
2026-08-05 11:35:00+00:00,1498.4000244140625,1565.5999755859375,1493.696044921875,1495.4000244140625,1189983
2026-08-05 11:40:00+00:00,1490.0,1500.0,1490.0,1498.800048828125,233151
2026-08-05 11:45:00+00:00,1490.3031005859375,1492.700439453125,1486.4000244140625,1490.0,255068
2026-08-05 11:50:00+00:00,1486.800048828125,1489.0,1484.800048828125,1486.4000244140625,199050
2026-08-05 11:55:00+00:00,1490.0999755859375,1490.5999755859375,1484.3050537109375,1486.5999755859375,138403
2026-08-05 12:00:00+00:00,1497.0,1499.0,1490.0999755859375,1490.4000244140625,211828
2026-08-05 12:05:00+00:00,1497.4000244140625,1499.199951171875,1494.5999755859375,1497.199951171875,89089
2026-08-05 12:10:00+00:00,1497.199951171875,1499.4000244140625,1496.800048828125,1497.5999755859375,80030
2026-08-05 12:15:00+00:00,1497.5999755859375,1498.177978515625,1495.5999755859375,1497.0,66155
2026-08-05 12:20:00+00:00,1502.800048828125,1505.4000244140625,1496.800048828125,1496.800048828125,63699
2026-08-05 12:25:00+00:00,1505.5804443359375,1505.5804443359375,1500.0,1502.800048828125,169437
2026-08-05 12:30:00+00:00,1510.4000244140625,1510.4000244140625,1504.2958984375,1505.800048828125,66533
2026-08-05 12:35:00+00:00,1512.5999755859375,1513.0,1508.7694091796875,1510.0,85681
2026-08-05 12:40:00+00:00,1512.800048828125,1515.6732177734375,1511.0,1512.199951171875,111914
2026-08-05 12:45:00+00:00,1514.199951171875,1514.800048828125,1511.0999755859375,1513.0,94762
2026-08-05 12:50:00+00:00,1513.199951171875,1514.800048828125,1512.5999755859375,1513.5999755859375,101839
2026-08-05 12:55:00+00:00,1511.5999755859375,1513.5999755859375,1511.0,1513.0,136714
2026-08-05 13:00:00+00:00,1507.800048828125,1512.800048828125,1506.0,1511.5999755859375,203267
2026-08-05 13:05:00+00:00,1508.5999755859375,1509.199951171875,1503.800048828125,1507.5999755859375,110397
2026-08-05 13:10:00+00:00,1507.199951171875,1508.800048828125,1505.4000244140625,1508.4000244140625,91971
2026-08-05 13:15:00+00:00,1504.800048828125,1508.199951171875,1503.4000244140625,1507.5999755859375,64541
2026-08-05 13:20:00+00:00,1501.800048828125,1505.724609375,1499.800048828125,1504.5999755859375,160438
2026-08-05 13:25:00+00:00,1508.199951171875,1509.800048828125,1501.4000244140625,1501.4000244140625,183524
2026-08-05 13:30:00+00:00,1508.800048828125,1512.800048828125,1505.199951171875,1508.0,547240
2026-08-05 13:35:00+00:00,1515.199951171875,1516.199951171875,1505.5999755859375,1508.199951171875,341983
2026-08-05 13:40:00+00:00,1513.0,1515.0,1510.5999755859375,1514.199951171875,277080
2026-08-05 13:45:00+00:00,1512.800048828125,1514.0,1509.5999755859375,1512.800048828125,257513
2026-08-05 13:50:00+00:00,1513.5999755859375,1514.800048828125,1511.0,1512.4000244140625,238258
2026-08-05 13:55:00+00:00,1513.0,1515.199951171875,1512.5999755859375,1513.4000244140625,168523
2026-08-05 14:00:00+00:00,1511.4000244140625,1513.199951171875,1508.5999755859375,1512.5999755859375,358990
2026-08-05 14:05:00+00:00,1515.199951171875,1516.199951171875,1510.3603515625,1512.0,150728
2026-08-05 14:10:00+00:00,1518.199951171875,1519.4000244140625,1513.800048828125,1515.0,270689
2026-08-05 14:15:00+00:00,1516.891845703125,1518.199951171875,1515.5999755859375,1517.800048828125,156598
2026-08-05 14:20:00+00:00,1517.5999755859375,1565.5999755859375,1514.4000244140625,1516.199951171875,2596527
2026-08-05 14:25:00+00:00,1516.4000244140625,1517.5999755859375,1514.4000244140625,1517.4000244140625,166764
2026-08-05 14:30:00+00:00,1515.4000244140625,1517.800048828125,1515.199951171875,1517.4000244140625,165211
2026-08-05 14:35:00+00:00,1514.199951171875,1516.5999755859375,1513.800048828125,1515.5999755859375,113915
2026-08-05 14:40:00+00:00,1516.800048828125,1517.0,1513.5999755859375,1514.199951171875,252639
2026-08-05 14:45:00+00:00,1520.4000244140625,1521.800048828125,1515.0067138671875,1516.800048828125,148155
2026-08-05 14:50:00+00:00,1520.800048828125,1521.0,1517.800048828125,1520.4000244140625,197801
2026-08-05 14:55:00+00:00,1519.4658203125,1521.0,1518.199951171875,1521.0,114774
2026-08-05 15:00:00+00:00,1518.8297119140625,1519.800048828125,1517.782958984375,1519.199951171875,250107
2026-08-05 15:05:00+00:00,1519.0,1519.0,1517.199951171875,1518.4000244140625,105601
2026-08-05 15:10:00+00:00,1514.199951171875,1519.0,1512.4000244140625,1518.800048828125,234477
2026-08-05 15:15:00+00:00,1509.800048828125,1514.9207763671875,1508.5999755859375,1514.4000244140625,228085
2026-08-05 15:20:00+00:00,1510.4000244140625,1511.0,1507.800048828125,1509.800048828125,299934
2026-08-05 15:25:00+00:00,1512.199951171875,1513.0,1509.5999755859375,1510.4000244140625,340223
2026-08-06 07:00:00+00:00,1509.800048828125,1522.4000244140625,1509.0,1519.5999755859375,1229294
2026-08-06 07:05:00+00:00,1510.844970703125,1512.4000244140625,1508.5999755859375,1510.0,123510
2026-08-06 07:10:00+00:00,1515.199951171875,1515.3299560546875,1508.5999755859375,1510.5999755859375,239768
2026-08-06 07:15:00+00:00,1513.800048828125,1515.5999755859375,1513.4000244140625,1515.199951171875,143346
2026-08-06 07:20:00+00:00,1513.5999755859375,1514.5999755859375,1512.800048828125,1514.0003662109375,80315
2026-08-06 07:25:00+00:00,1513.199951171875,1514.5999755859375,1512.0,1513.199951171875,117152
2026-08-06 07:30:00+00:00,1512.199951171875,1513.5999755859375,1510.4000244140625,1513.4000244140625,179086
2026-08-06 07:35:00+00:00,1513.4000244140625,1513.4000244140625,1510.5999755859375,1512.0,191709
2026-08-06 07:40:00+00:00,1513.4000244140625,1516.199951171875,1513.0,1513.199951171875,172751
2026-08-06 07:45:00+00:00,1513.4000244140625,1514.0,1512.800048828125,1513.5999755859375,125699
2026-08-06 07:50:00+00:00,1513.800048828125,1514.800048828125,1513.0,1513.0,133334
2026-08-06 07:55:00+00:00,1519.4000244140625,1519.800048828125,1512.5999755859375,1513.800048828125,467183
2026-08-06 08:00:00+00:00,1516.0,1520.199951171875,1515.4000244140625,1519.4000244140625,121430
2026-08-06 08:05:00+00:00,1516.800048828125,1518.5999755859375,1515.0,1516.0,88205
2026-08-06 08:10:00+00:00,1517.0,1517.0,1514.0,1516.5999755859375,63341
2026-08-06 08:15:00+00:00,1517.199951171875,1518.199951171875,1515.4000244140625,1516.800048828125,33919
2026-08-06 08:20:00+00:00,1518.8079833984375,1519.5999755859375,1516.5999755859375,1517.4000244140625,35695
2026-08-06 08:25:00+00:00,1521.199951171875,1522.0,1518.5999755859375,1519.0,52334
2026-08-06 08:30:00+00:00,1519.407958984375,1522.0,1518.800048828125,1521.7919921875,68932
2026-08-06 08:35:00+00:00,1520.800048828125,1520.800048828125,1519.199951171875,1519.4000244140625,41276
2026-08-06 08:40:00+00:00,1522.5999755859375,1523.0,1520.800048828125,1521.0,66721
2026-08-06 08:45:00+00:00,1525.800048828125,1525.800048828125,1522.5999755859375,1522.5999755859375,72363
2026-08-06 08:50:00+00:00,1529.800048828125,1529.800048828125,1523.4000244140625,1523.4000244140625,78770
2026-08-06 08:55:00+00:00,1530.5999755859375,1532.5999755859375,1526.90283203125,1526.90283203125,89853
2026-08-06 09:00:00+00:00,1533.800048828125,1534.199951171875,1530.0,1530.199951171875,54436
2026-08-06 09:05:00+00:00,1530.5,1534.5999755859375,1530.5,1533.800048828125,262245
2026-08-06 09:10:00+00:00,1528.800048828125,1530.8199462890625,1527.800048828125,1530.5999755859375,55664
2026-08-06 09:15:00+00:00,1527.7099609375,1528.800048828125,1526.4000244140625,1528.5999755859375,92083
2026-08-06 09:20:00+00:00,1528.5999755859375,1529.199951171875,1527.5999755859375,1527.5999755859375,76768
2026-08-06 09:25:00+00:00,1530.0,1530.199951171875,1527.199951171875,1528.4000244140625,30125
2026-08-06 09:30:00+00:00,1527.5999755859375,1530.4000244140625,1517.0,1517.0,190066
2026-08-06 09:35:00+00:00,1527.5999755859375,1528.0,1526.5999755859375,1527.199951171875,52300
2026-08-06 09:40:00+00:00,1527.0,1528.199951171875,1527.0,1527.199951171875,25677
2026-08-06 09:45:00+00:00,1528.800048828125,1528.800048828125,1526.4000244140625,1527.199951171875,62601
2026-08-06 09:50:00+00:00,1529.045654296875,1529.199951171875,1527.706787109375,1528.5999755859375,17371
2026-08-06 09:55:00+00:00,1529.5999755859375,1530.0,1528.4000244140625,1529.199951171875,17858
2026-08-06 10:00:00+00:00,1529.199951171875,1530.199951171875,1528.199951171875,1529.4000244140625,123016
2026-08-06 10:05:00+00:00,1530.800048828125,1530.9539794921875,1529.0,1529.4000244140625,14004
2026-08-06 10:10:00+00:00,1528.9798583984375,1532.4000244140625,1528.4000244140625,1531.0,84578
2026-08-06 10:15:00+00:00,1528.5999755859375,1530.940673828125,1527.4000244140625,1528.9749755859375,26610
2026-08-06 10:20:00+00:00,1527.5999755859375,1528.5999755859375,1527.5999755859375,1528.199951171875,24966
2026-08-06 10:25:00+00:00,1527.4000244140625,1528.23974609375,1527.0,1527.4000244140625,12771
2026-08-06 10:30:00+00:00,1526.6832275390625,1529.5999755859375,1526.5999755859375,1527.5999755859375,65458
2026-08-06 10:35:00+00:00,1525.199951171875,1527.8570556640625,1525.199951171875,1526.800048828125,8749
2026-08-06 10:40:00+00:00,1524.800048828125,1525.8834228515625,1524.800048828125,1525.199951171875,48905
2026-08-06 10:45:00+00:00,1525.199951171875,1525.207275390625,1524.199951171875,1524.81298828125,36999
2026-08-06 10:50:00+00:00,1525.199951171875,1525.4000244140625,1523.800048828125,1525.199951171875,67208
2026-08-06 10:55:00+00:00,1523.4000244140625,1525.0,1522.4000244140625,1525.0,28604
2026-08-06 11:00:00+00:00,1522.4000244140625,1523.929931640625,1521.0,1523.199951171875,117247
2026-08-06 11:05:00+00:00,1524.5999755859375,1525.5999755859375,1522.0,1522.234130859375,145346
2026-08-06 11:10:00+00:00,1526.800048828125,1526.800048828125,1523.800048828125,1524.4000244140625,79496
2026-08-06 11:15:00+00:00,1525.800048828125,1528.4000244140625,1524.9000244140625,1524.9000244140625,80634
2026-08-06 11:20:00+00:00,1526.199951171875,1527.30908203125,1525.5999755859375,1527.30908203125,29297
2026-08-06 11:25:00+00:00,1526.800048828125,1527.199951171875,1526.199951171875,1526.5999755859375,47747
2026-08-06 11:30:00+00:00,1528.5999755859375,1529.0,1526.4000244140625,1526.5999755859375,77062
2026-08-06 11:35:00+00:00,1527.5999755859375,1529.199951171875,1527.199951171875,1528.5999755859375,30397
2026-08-06 11:40:00+00:00,1527.5999755859375,1529.199951171875,1524.0460205078125,1527.5999755859375,59846
2026-08-06 11:45:00+00:00,1529.199951171875,1529.199951171875,1527.199951171875,1527.5999755859375,54817
2026-08-06 11:50:00+00:00,1529.4129638671875,1529.800048828125,1528.510009765625,1529.199951171875,32835
2026-08-06 11:55:00+00:00,1529.4000244140625,1531.0,1529.4000244140625,1529.5999755859375,49483
2026-08-06 12:00:00+00:00,1528.4000244140625,1530.0535888671875,1528.199951171875,1529.199951171875,25596
2026-08-06 12:05:00+00:00,1527.8031005859375,1528.800048828125,1526.800048828125,1528.5999755859375,32483
2026-08-06 12:10:00+00:00,1526.800048828125,1527.4000244140625,1526.5999755859375,1527.4000244140625,8948
2026-08-06 12:15:00+00:00,1526.0,1526.800048828125,1525.4000244140625,1526.5999755859375,44573
2026-08-06 12:20:00+00:00,1528.1099853515625,1528.4000244140625,1525.199951171875,1525.5999755859375,101849
2026-08-06 12:25:00+00:00,1527.0,1528.5999755859375,1526.2421875,1528.5999755859375,45658
2026-08-06 12:30:00+00:00,1528.4000244140625,1529.800048828125,1526.4000244140625,1527.199951171875,51918
2026-08-06 12:35:00+00:00,1530.5999755859375,1531.800048828125,1527.800048828125,1528.5999755859375,71483
2026-08-06 12:40:00+00:00,1531.0,1531.0,1529.4000244140625,1530.800048828125,18675
2026-08-06 12:45:00+00:00,1530.800048828125,1531.5999755859375,1530.199951171875,1531.0,32077
2026-08-06 12:50:00+00:00,1529.199951171875,1530.800048828125,1529.199951171875,1530.800048828125,15049
2026-08-06 12:55:00+00:00,1530.4000244140625,1531.199951171875,1528.800048828125,1529.199951171875,38065
2026-08-06 13:00:00+00:00,1530.699951171875,1531.0,1529.4000244140625,1530.5999755859375,38510
2026-08-06 13:05:00+00:00,1528.199951171875,1531.4000244140625,1527.5999755859375,1530.699951171875,57071
2026-08-06 13:10:00+00:00,1528.800048828125,1529.800048828125,1528.0,1528.0,49816
2026-08-06 13:15:00+00:00,1529.5999755859375,1529.800048828125,1528.5999755859375,1528.800048828125,52386
2026-08-06 13:20:00+00:00,1528.4000244140625,1530.0,1528.4000244140625,1529.199951171875,66649
2026-08-06 13:25:00+00:00,1526.800048828125,1529.34912109375,1526.0,1528.4000244140625,203657
2026-08-06 13:30:00+00:00,1523.199951171875,1528.0,1516.199951171875,1526.800048828125,520290
2026-08-06 13:35:00+00:00,1522.199951171875,1523.5999755859375,1519.4705810546875,1523.4000244140625,124332
2026-08-06 13:40:00+00:00,1525.219970703125,1525.8699951171875,1521.5999755859375,1522.0,111271
2026-08-06 13:45:00+00:00,1524.0,1525.4000244140625,1523.199951171875,1525.199951171875,92731
2026-08-06 13:50:00+00:00,1519.5999755859375,1524.5999755859375,1519.5999755859375,1523.5999755859375,108421
2026-08-06 13:55:00+00:00,1521.5999755859375,1522.4000244140625,1519.4100341796875,1519.5999755859375,111644
2026-08-06 14:00:00+00:00,1522.39794921875,1522.5999755859375,1520.0,1521.800048828125,97722
2026-08-06 14:05:00+00:00,1523.0,1523.4000244140625,1520.4000244140625,1522.5999755859375,64062
2026-08-06 14:10:00+00:00,1527.5999755859375,1527.5999755859375,1522.22607421875,1523.199951171875,364048
2026-08-06 14:15:00+00:00,1527.4000244140625,1529.199951171875,1524.885009765625,1527.4000244140625,198964
2026-08-06 14:20:00+00:00,1527.800048828125,1528.800048828125,1526.800048828125,1527.4000244140625,87903
2026-08-06 14:25:00+00:00,1524.800048828125,1528.199951171875,1524.800048828125,1527.800048828125,126633
2026-08-06 14:30:00+00:00,1527.0,1527.800048828125,1524.800048828125,1524.800048828125,221115
2026-08-06 14:35:00+00:00,1527.0,1527.199951171875,1525.800048828125,1526.800048828125,92807
2026-08-06 14:40:00+00:00,1527.0,1528.800048828125,1526.5999755859375,1527.0,83679
2026-08-06 14:45:00+00:00,1526.0,1527.44287109375,1525.5999755859375,1527.199951171875,76724
2026-08-06 14:50:00+00:00,1526.800048828125,1527.4000244140625,1525.4000244140625,1526.0,40705
2026-08-06 14:55:00+00:00,1523.199951171875,1526.800048828125,1523.199951171875,1526.800048828125,50804
2026-08-06 15:00:00+00:00,1524.5999755859375,1526.0,1522.800048828125,1523.4000244140625,418813
2026-08-06 15:05:00+00:00,1524.5999755859375,1526.199951171875,1524.4000244140625,1524.699951171875,139237
2026-08-06 15:10:00+00:00,1524.4000244140625,1525.0,1523.4000244140625,1524.199951171875,115150
2026-08-06 15:15:00+00:00,1523.199951171875,1524.800048828125,1523.199951171875,1524.4000244140625,211352
2026-08-06 15:20:00+00:00,1523.199951171875,1524.5999755859375,1522.5999755859375,1523.4000244140625,151473
2026-08-06 15:25:00+00:00,1524.199951171875,1524.800048828125,1522.199951171875,1523.0,444798
2026-08-07 07:00:00+00:00,1522.4000244140625,1525.0,1520.4000244140625,1521.0,1081940
2026-08-07 07:05:00+00:00,1520.5999755859375,1522.5999755859375,1519.5999755859375,1522.199951171875,231475
2026-08-07 07:10:00+00:00,1524.5999755859375,1525.4000244140625,1519.800048828125,1521.0,125614
2026-08-07 07:15:00+00:00,1523.199951171875,1524.5999755859375,1523.0,1524.5999755859375,137851
2026-08-07 07:20:00+00:00,1520.800048828125,1523.4000244140625,1520.199951171875,1523.0,54558
2026-08-07 07:25:00+00:00,1520.4000244140625,1521.5999755859375,1520.1099853515625,1520.800048828125,99621
2026-08-07 07:30:00+00:00,1522.199951171875,1522.4000244140625,1520.800048828125,1520.800048828125,129932
2026-08-07 07:35:00+00:00,1522.199951171875,1524.4200439453125,1521.800048828125,1522.18994140625,116484
2026-08-07 07:40:00+00:00,1524.800048828125,1525.800048828125,1521.8389892578125,1522.199951171875,100730
2026-08-07 07:45:00+00:00,1524.199951171875,1526.0,1524.199951171875,1524.800048828125,67297
2026-08-07 07:50:00+00:00,1523.800048828125,1524.800048828125,1523.199951171875,1524.0,333424
2026-08-07 07:55:00+00:00,1526.800048828125,1527.199951171875,1523.800048828125,1523.800048828125,255540
2026-08-07 08:00:00+00:00,1526.5999755859375,1528.4000244140625,1526.199951171875,1527.0,219998
2026-08-07 08:05:00+00:00,1523.5999755859375,1526.5999755859375,1523.199951171875,1526.4000244140625,346582
2026-08-07 08:10:00+00:00,1522.5999755859375,1523.4000244140625,1520.5999755859375,1523.199951171875,40615
2026-08-07 08:15:00+00:00,1522.800048828125,1524.4000244140625,1522.199951171875,1523.0,27900
2026-08-07 08:20:00+00:00,1524.0,1524.4000244140625,1522.4000244140625,1522.800048828125,11419
2026-08-07 08:25:00+00:00,1523.599609375,1527.0,1521.199951171875,1524.0,167085
2026-08-07 08:30:00+00:00,1524.4000244140625,1525.800048828125,1523.4000244140625,1523.5999755859375,32810
2026-08-07 08:35:00+00:00,1524.4169921875,1525.199951171875,1523.0,1524.4000244140625,30481
2026-08-07 08:40:00+00:00,1524.4000244140625,1525.800048828125,1524.0,1525.4000244140625,29101
2026-08-07 08:45:00+00:00,1523.4000244140625,1524.9427490234375,1523.199951171875,1524.4000244140625,7040
2026-08-07 08:50:00+00:00,1522.4000244140625,1524.0,1521.5999755859375,1523.0,18195
2026-08-07 08:55:00+00:00,1522.4000244140625,1522.800048828125,1521.800048828125,1522.4649658203125,18034
2026-08-07 09:00:00+00:00,1522.4000244140625,1523.0,1522.0,1522.4000244140625,33337
2026-08-07 09:05:00+00:00,1525.5999755859375,1525.5999755859375,1521.4000244140625,1522.4000244140625,30388
2026-08-07 09:10:00+00:00,1527.199951171875,1527.219970703125,1523.8759765625,1525.5999755859375,30467
2026-08-07 09:15:00+00:00,1528.510009765625,1528.510009765625,1526.800048828125,1527.199951171875,29582
2026-08-07 09:20:00+00:00,1531.4000244140625,1531.4000244140625,1528.199951171875,1528.592041015625,20344
2026-08-07 09:25:00+00:00,1531.199951171875,1533.5999755859375,1531.199951171875,1531.800048828125,16625
2026-08-07 09:30:00+00:00,1531.0,1534.4000244140625,1530.4000244140625,1530.800048828125,109520
2026-08-07 09:35:00+00:00,1533.199951171875,1534.199951171875,1531.4000244140625,1531.4000244140625,67028
2026-08-07 09:40:00+00:00,1532.0,1533.800048828125,1532.0,1533.4000244140625,20953
2026-08-07 09:45:00+00:00,1530.800048828125,1532.8162841796875,1530.4000244140625,1532.199951171875,53760
2026-08-07 09:50:00+00:00,1531.800048828125,1532.4000244140625,1530.4000244140625,1530.5999755859375,65019
2026-08-07 09:55:00+00:00,1534.4000244140625,1534.800048828125,1531.800048828125,1532.0,32152
2026-08-07 10:00:00+00:00,1535.800048828125,1535.800048828125,1534.0,1534.199951171875,41853
2026-08-07 10:05:00+00:00,1535.0,1536.5999755859375,1534.199951171875,1535.4000244140625,67388
2026-08-07 10:10:00+00:00,1535.800048828125,1535.800048828125,1534.199951171875,1535.4000244140625,27356
2026-08-07 10:15:00+00:00,1535.199951171875,1536.800048828125,1535.199951171875,1536.199951171875,27199
2026-08-07 10:20:00+00:00,1534.5400390625,1535.800048828125,1534.0,1535.800048828125,34154
2026-08-07 10:25:00+00:00,1533.4000244140625,1534.800048828125,1532.800048828125,1534.800048828125,21998
2026-08-07 10:30:00+00:00,1534.800048828125,1535.0,1533.0,1533.199951171875,32627
2026-08-07 10:35:00+00:00,1536.31494140625,1536.5999755859375,1534.4000244140625,1534.5999755859375,22783
2026-08-07 10:40:00+00:00,1538.5999755859375,1538.800048828125,1536.5999755859375,1536.800048828125,31162
2026-08-07 10:45:00+00:00,1539.4000244140625,1539.5999755859375,1538.5999755859375,1538.5999755859375,16134
2026-08-07 10:50:00+00:00,1540.4000244140625,1541.0,1531.2225341796875,1539.0,105014
2026-08-07 10:55:00+00:00,1540.5999755859375,1541.800048828125,1540.0,1540.4000244140625,65945
2026-08-07 11:00:00+00:00,1543.199951171875,1543.5999755859375,1540.5999755859375,1540.9000244140625,105576
2026-08-07 11:05:00+00:00,1542.5999755859375,1543.27001953125,1521.0,1542.7099609375,1080336
2026-08-07 11:10:00+00:00,1541.800048828125,1542.800048828125,1541.199951171875,1542.5999755859375,18014
2026-08-07 11:15:00+00:00,1541.4000244140625,1541.5999755859375,1540.5999755859375,1541.4000244140625,21017
2026-08-07 11:20:00+00:00,1540.199951171875,1541.4200439453125,1539.5999755859375,1541.4000244140625,30761
2026-08-07 11:25:00+00:00,1541.0,1541.800048828125,1539.5999755859375,1539.800048828125,39989
2026-08-07 11:30:00+00:00,1541.800048828125,1542.800048828125,1521.0,1521.0,1588857
2026-08-07 11:35:00+00:00,1543.510009765625,1543.5999755859375,1541.5999755859375,1541.800048828125,35670
2026-08-07 11:40:00+00:00,1543.0,1543.6199951171875,1542.800048828125,1543.4000244140625,14652
2026-08-07 11:45:00+00:00,1542.5999755859375,1543.800048828125,1542.5999755859375,1543.0,48277
2026-08-07 11:50:00+00:00,1544.0,1544.199951171875,1542.800048828125,1543.0,9748
2026-08-07 11:55:00+00:00,1543.800048828125,1544.4000244140625,1543.0,1544.199951171875,23870
2026-08-07 12:00:00+00:00,1544.199951171875,1544.800048828125,1543.57958984375,1543.800048828125,112034
2026-08-07 12:05:00+00:00,1542.5999755859375,1544.4000244140625,1542.0,1544.199951171875,39899
2026-08-07 12:10:00+00:00,1542.800048828125,1543.0,1542.0,1542.800048828125,9611
2026-08-07 12:15:00+00:00,1543.4000244140625,1543.5999755859375,1542.0,1542.4000244140625,29420
2026-08-07 12:20:00+00:00,1543.800048828125,1543.800048828125,1543.0,1543.4000244140625,3790179
2026-08-07 12:25:00+00:00,1543.5999755859375,1544.199951171875,1521.0,1543.5999755859375,409250
2026-08-07 12:30:00+00:00,1544.800048828125,1547.0,1541.199951171875,1543.800048828125,190294
2026-08-07 12:35:00+00:00,1543.4000244140625,1544.800048828125,1543.199951171875,1544.800048828125,69273
2026-08-07 12:40:00+00:00,1543.800048828125,1545.199951171875,1543.4200439453125,1543.4200439453125,43716
2026-08-07 12:45:00+00:00,1542.5999755859375,1544.4000244140625,1542.199951171875,1543.800048828125,46778
2026-08-07 12:50:00+00:00,1542.02001953125,1543.5999755859375,1541.800048828125,1542.4000244140625,39860
2026-08-07 12:55:00+00:00,1542.31005859375,1542.800048828125,1541.800048828125,1542.0,26679
2026-08-07 13:00:00+00:00,1542.0,1542.800048828125,1541.199951171875,1542.4000244140625,24162
2026-08-07 13:05:00+00:00,1542.5999755859375,1542.5999755859375,1541.199951171875,1541.800048828125,10705
2026-08-07 13:10:00+00:00,1541.9197998046875,1542.4000244140625,1540.800048828125,1542.4000244140625,25883
2026-08-07 13:15:00+00:00,1541.4000244140625,1542.199951171875,1541.199951171875,1542.199951171875,2926242
2026-08-07 13:20:00+00:00,1540.5999755859375,1541.5999755859375,1540.5999755859375,1541.5999755859375,17631
2026-08-07 13:25:00+00:00,1541.0,1542.0,1521.0,1540.4000244140625,449107
2026-08-07 13:30:00+00:00,1537.4000244140625,1542.4000244140625,1536.199951171875,1540.800048828125,178218
2026-08-07 13:35:00+00:00,1536.800048828125,1539.7861328125,1532.5999755859375,1537.5999755859375,117846
2026-08-07 13:40:00+00:00,1536.800048828125,1537.4000244140625,1521.0,1536.5999755859375,654211
2026-08-07 13:45:00+00:00,1534.9000244140625,1537.0,1532.5999755859375,1536.9000244140625,53709
2026-08-07 13:50:00+00:00,1534.0999755859375,1535.199951171875,1521.0,1534.800048828125,441994
2026-08-07 13:55:00+00:00,1532.5999755859375,1534.4000244140625,1521.0,1534.199951171875,1591776
2026-08-07 14:00:00+00:00,1530.800048828125,1533.0,1530.800048828125,1532.0,69295
2026-08-07 14:05:00+00:00,1530.5999755859375,1532.199951171875,1521.0,1531.0,1693358
2026-08-07 14:10:00+00:00,1529.5999755859375,1531.3900146484375,1528.5999755859375,1530.5999755859375,71761
2026-08-07 14:15:00+00:00,1531.0,1531.199951171875,1529.199951171875,1529.5999755859375,44530
2026-08-07 14:20:00+00:00,1530.5999755859375,1531.199951171875,1530.0,1531.0,46089
2026-08-07 14:25:00+00:00,1531.199951171875,1533.199951171875,1521.0,1530.4000244140625,3023085
2026-08-07 14:30:00+00:00,1532.199951171875,1532.5999755859375,1530.199951171875,1531.4000244140625,74955
2026-08-07 14:35:00+00:00,1534.5999755859375,1534.800048828125,1530.8223876953125,1532.5999755859375,68573
2026-08-07 14:40:00+00:00,1534.5999755859375,1535.0,1532.800048828125,1534.4000244140625,112459
2026-08-07 14:45:00+00:00,1535.4000244140625,1535.4000244140625,1521.0,1534.4000244140625,2224177
2026-08-07 14:50:00+00:00,1534.4000244140625,1535.4000244140625,1521.0,1535.4000244140625,1187606
2026-08-07 14:55:00+00:00,1533.5999755859375,1534.5999755859375,1521.0,1534.219970703125,2589398
2026-08-07 15:00:00+00:00,1532.199951171875,1534.4000244140625,1532.199951171875,1533.199951171875,58225
2026-08-07 15:05:00+00:00,1532.4000244140625,1533.32666015625,1532.0,1532.199951171875,42429
2026-08-07 15:10:00+00:00,1532.800048828125,1532.800048828125,1531.800048828125,1532.5999755859375,86341
2026-08-07 15:15:00+00:00,1531.199951171875,1533.0,1530.800048828125,1532.800048828125,0
2026-08-07 15:20:00+00:00,1530.199951171875,1531.5999755859375,1529.800048828125,1531.0999755859375,97591
2026-08-07 15:25:00+00:00,1531.800048828125,1532.0,1530.199951171875,1530.199951171875,178677
2026-08-10 07:00:00+00:00,1534.0,1537.5999755859375,1532.0,1532.0,0
2026-08-10 07:05:00+00:00,1535.5999755859375,1537.199951171875,1532.0,1535.4000244140625,74247
2026-08-10 07:10:00+00:00,1533.800048828125,1536.199951171875,1532.800048828125,1535.199951171875,80671
2026-08-10 07:15:00+00:00,1533.8599853515625,1535.0,1532.800048828125,1534.4000244140625,68461
2026-08-10 07:20:00+00:00,1534.0,1534.800048828125,1533.5999755859375,1534.0,37462
2026-08-10 07:25:00+00:00,1535.800048828125,1535.800048828125,1532.800048828125,1534.0,69904
2026-08-10 07:30:00+00:00,1535.5999755859375,1537.0,1535.4000244140625,1535.800048828125,60775
2026-08-10 07:35:00+00:00,1533.0,1536.0,1532.5999755859375,1535.4000244140625,128685
2026-08-10 07:40:00+00:00,1533.5999755859375,1534.0,1532.0,1533.0,75203
2026-08-10 07:45:00+00:00,1532.5999755859375,1534.4000244140625,1531.800048828125,1533.800048828125,58478
2026-08-10 07:50:00+00:00,1533.5999755859375,1534.199951171875,1531.199951171875,1532.199951171875,47918
2026-08-10 07:55:00+00:00,1533.4000244140625,1533.5999755859375,1531.5999755859375,1533.5999755859375,110822
2026-08-10 08:00:00+00:00,1534.4000244140625,1534.5999755859375,1532.0,1533.199951171875,32486
2026-08-10 08:05:00+00:00,1532.199951171875,1534.5999755859375,1532.199951171875,1534.4000244140625,21901
2026-08-10 08:10:00+00:00,1531.4000244140625,1532.4000244140625,1530.800048828125,1532.199951171875,41563
2026-08-10 08:15:00+00:00,1530.5999755859375,1531.5999755859375,1529.4000244140625,1531.5999755859375,21238
2026-08-10 08:20:00+00:00,1531.02001953125,1531.199951171875,1529.0,1530.5999755859375,29343
2026-08-10 08:25:00+00:00,1530.5999755859375,1531.4000244140625,1530.0,1531.0,37070
2026-08-10 08:30:00+00:00,1529.5999755859375,1531.0,1528.800048828125,1530.4000244140625,20506
2026-08-10 08:35:00+00:00,1530.199951171875,1530.5999755859375,1529.4000244140625,1529.5999755859375,22582
2026-08-10 08:40:00+00:00,1530.1099853515625,1530.4000244140625,1529.0,1530.0,16335
2026-08-10 08:45:00+00:00,1530.199951171875,1530.5999755859375,1529.5999755859375,1530.1099853515625,38337
2026-08-10 08:50:00+00:00,1529.800048828125,1530.199951171875,1529.199951171875,1530.199951171875,21382
2026-08-10 08:55:00+00:00,1529.4000244140625,1530.4000244140625,1529.0,1530.199951171875,14181
2026-08-10 09:00:00+00:00,1528.800048828125,1529.5999755859375,1528.800048828125,1529.5999755859375,105064
2026-08-10 09:05:00+00:00,1528.0,1529.0,1527.9000244140625,1529.0,77141
2026-08-10 09:10:00+00:00,1528.4000244140625,1528.4000244140625,1527.199951171875,1528.0,139455
2026-08-10 09:15:00+00:00,1527.5999755859375,1528.5,1527.199951171875,1528.0,32576
2026-08-10 09:20:00+00:00,1528.5999755859375,1529.199951171875,1527.4000244140625,1527.4000244140625,6485
2026-08-10 09:25:00+00:00,1529.0,1529.800048828125,1528.5999755859375,1528.800048828125,19181
2026-08-10 09:30:00+00:00,1528.800048828125,1529.4000244140625,1528.199951171875,1529.0,17855
2026-08-10 09:35:00+00:00,1528.9796142578125,1529.199951171875,1527.5999755859375,1529.199951171875,25014
2026-08-10 09:40:00+00:00,1529.4000244140625,1529.5999755859375,1528.5999755859375,1529.0,7867
2026-08-10 09:45:00+00:00,1529.800048828125,1530.199951171875,1529.199951171875,1529.4000244140625,8934
2026-08-10 09:50:00+00:00,1530.4000244140625,1530.5999755859375,1529.282958984375,1529.800048828125,8707
2026-08-10 09:55:00+00:00,1530.199951171875,1530.5999755859375,1529.800048828125,1530.199951171875,19237
2026-08-10 10:00:00+00:00,1530.4000244140625,1530.800048828125,1529.199951171875,1530.199951171875,12836
2026-08-10 10:05:00+00:00,1529.199951171875,1530.5999755859375,1529.0,1530.4000244140625,23039
2026-08-10 10:10:00+00:00,1527.199951171875,1529.5999755859375,1527.199951171875,1529.199951171875,18761
2026-08-10 10:15:00+00:00,1526.68994140625,1527.4000244140625,1526.4000244140625,1527.0,91898
2026-08-10 10:20:00+00:00,1526.800048828125,1527.199951171875,1526.199951171875,1526.5999755859375,29587
2026-08-10 10:25:00+00:00,1526.5999755859375,1527.199951171875,1526.4000244140625,1526.800048828125,14536
2026-08-10 10:30:00+00:00,1526.800048828125,1532.0,1526.199951171875,1526.800048828125,722382
2026-08-10 10:35:00+00:00,1527.0,1527.0,1526.0,1526.800048828125,15546
2026-08-10 10:40:00+00:00,1526.5999755859375,1527.0,1526.0,1527.0,49555
2026-08-10 10:45:00+00:00,1526.800048828125,1527.199951171875,1525.5999755859375,1526.1932373046875,39308
2026-08-10 10:50:00+00:00,1525.699951171875,1527.9981689453125,1525.5999755859375,1527.0,32149
2026-08-10 10:55:00+00:00,1525.800048828125,1526.199951171875,1524.800048828125,1525.800048828125,21826
2026-08-10 11:00:00+00:00,1527.0,1527.0,1524.800048828125,1526.199951171875,87044
2026-08-10 11:05:00+00:00,1528.800048828125,1528.800048828125,1526.5999755859375,1526.5999755859375,37941
2026-08-10 11:10:00+00:00,1528.4000244140625,1529.199951171875,1527.4000244140625,1528.800048828125,20418
2026-08-10 11:15:00+00:00,1527.199951171875,1529.0,1527.0,1528.4000244140625,62439
2026-08-10 11:20:00+00:00,1527.4000244140625,1527.800048828125,1526.9000244140625,1527.199951171875,23566
2026-08-10 11:25:00+00:00,1528.68994140625,1532.0,1527.4000244140625,1527.5999755859375,705157
2026-08-10 11:30:00+00:00,1531.199951171875,1531.5999755859375,1529.0,1529.0,19742
2026-08-10 11:35:00+00:00,1529.8900146484375,1531.5999755859375,1529.8900146484375,1531.199951171875,27987
2026-08-10 11:40:00+00:00,1530.0,1530.408447265625,1529.5999755859375,1529.875,14853
2026-08-10 11:45:00+00:00,1529.5999755859375,1530.199951171875,1529.0,1530.0,20450
2026-08-10 11:50:00+00:00,1529.800048828125,1530.7889404296875,1529.5999755859375,1529.5999755859375,11029
2026-08-10 11:55:00+00:00,1530.199951171875,1530.5999755859375,1529.5999755859375,1529.5999755859375,20482
2026-08-10 12:00:00+00:00,1530.4000244140625,1531.4000244140625,1530.0,1530.5999755859375,16059
2026-08-10 12:05:00+00:00,1532.1800537109375,1532.800048828125,1530.4000244140625,1530.4000244140625,28378
2026-08-10 12:10:00+00:00,1531.800048828125,1532.77294921875,1531.3673095703125,1532.199951171875,182281
2026-08-10 12:15:00+00:00,1532.199951171875,1533.0,1531.5999755859375,1532.0,22309
2026-08-10 12:20:00+00:00,1533.4000244140625,1533.800048828125,1532.259521484375,1532.4000244140625,35602
2026-08-10 12:25:00+00:00,1532.800048828125,1533.0745849609375,1532.0999755859375,1533.0,43800
2026-08-10 12:30:00+00:00,1532.0,1532.800048828125,1531.800048828125,1532.5999755859375,27723
2026-08-10 12:35:00+00:00,1531.4000244140625,1532.800048828125,1531.199951171875,1531.800048828125,31815
2026-08-10 12:40:00+00:00,1531.199951171875,1531.800048828125,1530.800048828125,1531.4000244140625,30781
2026-08-10 12:45:00+00:00,1528.800048828125,1531.800048828125,1528.800048828125,1531.199951171875,61512
2026-08-10 12:50:00+00:00,1528.0,1529.120361328125,1527.0,1528.5999755859375,29115
2026-08-10 12:55:00+00:00,1528.4000244140625,1529.0,1527.9317626953125,1528.199951171875,41734
2026-08-10 13:00:00+00:00,1528.5999755859375,1529.5999755859375,1527.800048828125,1528.5999755859375,60939
2026-08-10 13:05:00+00:00,1530.800048828125,1530.800048828125,1528.199951171875,1528.4000244140625,42052
2026-08-10 13:10:00+00:00,1530.4000244140625,1530.5999755859375,1529.800048828125,1530.199951171875,37193
2026-08-10 13:15:00+00:00,1529.0,1530.5999755859375,1528.5999755859375,1530.5999755859375,48730
2026-08-10 13:20:00+00:00,1527.5999755859375,1529.4000244140625,1527.199951171875,1528.8900146484375,70221
2026-08-10 13:25:00+00:00,1528.0,1529.199951171875,1527.0,1527.5999755859375,117391
2026-08-10 13:30:00+00:00,1525.5999755859375,1528.5999755859375,1522.5999755859375,1528.199951171875,215180
2026-08-10 13:35:00+00:00,1527.800048828125,1528.5999755859375,1522.800048828125,1525.0,60495
2026-08-10 13:40:00+00:00,1526.0,1528.5999755859375,1525.0,1527.800048828125,61132
2026-08-10 13:45:00+00:00,1525.5999755859375,1526.81982421875,1524.4000244140625,1526.199951171875,110754
2026-08-10 13:50:00+00:00,1523.0,1526.199951171875,1522.800048828125,1526.0,133544
2026-08-10 13:55:00+00:00,1521.4000244140625,1523.199951171875,1521.199951171875,1522.800048828125,157686
2026-08-10 14:00:00+00:00,1523.199951171875,1523.4000244140625,1520.5999755859375,1521.800048828125,197753
2026-08-10 14:05:00+00:00,1522.5999755859375,1524.0,1521.800048828125,1523.0,137446
2026-08-10 14:10:00+00:00,1525.800048828125,1525.800048828125,1522.5999755859375,1522.800048828125,80252
2026-08-10 14:15:00+00:00,1526.0,1526.5999755859375,1523.0,1525.4000244140625,76557
2026-08-10 14:20:00+00:00,1524.5999755859375,1526.0084228515625,1524.199951171875,1525.8599853515625,89063
2026-08-10 14:25:00+00:00,1526.0,1526.5999755859375,1523.800048828125,1524.4000244140625,84396
2026-08-10 14:30:00+00:00,1524.5999755859375,1526.4000244140625,1524.199951171875,1525.800048828125,99823
2026-08-10 14:35:00+00:00,1523.199951171875,1526.4000244140625,1523.199951171875,1524.4000244140625,129204
2026-08-10 14:40:00+00:00,1522.800048828125,1524.5999755859375,1521.4000244140625,1523.0,93480
2026-08-10 14:45:00+00:00,1524.4000244140625,1524.4000244140625,1522.199951171875,1523.0,134801
2026-08-10 14:50:00+00:00,1523.4000244140625,1525.199951171875,1523.4000244140625,1524.4000244140625,86179
2026-08-10 14:55:00+00:00,1523.0,1524.0,1522.5999755859375,1523.4000244140625,108429
2026-08-10 15:00:00+00:00,1521.0,1523.5999755859375,1520.5999755859375,1523.0,190055
2026-08-10 15:05:00+00:00,1521.0,1521.4000244140625,1520.4000244140625,1520.5999755859375,142450
2026-08-10 15:10:00+00:00,1520.5999755859375,1521.4000244140625,1519.800048828125,1521.0,169794
2026-08-10 15:15:00+00:00,1522.199951171875,1523.0,1520.800048828125,1520.800048828125,65431
2026-08-10 15:20:00+00:00,1523.199951171875,1524.0,1522.0,1522.0,184289
2026-08-10 15:25:00+00:00,1524.0,1524.4000244140625,1523.0,1523.4000244140625,144394
2026-08-11 07:00:00+00:00,1531.199951171875,1531.199951171875,1523.5999755859375,1527.0,419549
2026-08-11 07:05:00+00:00,1529.199951171875,1531.5999755859375,1528.199951171875,1530.5999755859375,83056
2026-08-11 07:10:00+00:00,1529.0,1530.800048828125,1528.4000244140625,1529.4000244140625,59917
2026-08-11 07:15:00+00:00,1531.4000244140625,1531.4000244140625,1528.0,1529.0,58893
2026-08-11 07:20:00+00:00,1528.4000244140625,1531.4000244140625,1527.5999755859375,1531.4000244140625,114147
2026-08-11 07:25:00+00:00,1530.800048828125,1531.4000244140625,1528.4000244140625,1528.5999755859375,71317
2026-08-11 07:30:00+00:00,1530.800048828125,1531.800048828125,1529.5999755859375,1530.800048828125,104349
2026-08-11 07:35:00+00:00,1528.800048828125,1531.5999755859375,1528.800048828125,1531.0,94931
2026-08-11 07:40:00+00:00,1528.0,1528.800048828125,1526.4000244140625,1528.4000244140625,133789
2026-08-11 07:45:00+00:00,1527.0,1528.4000244140625,1526.199951171875,1528.0,57607
2026-08-11 07:50:00+00:00,1526.199951171875,1528.199951171875,1526.0,1527.199951171875,124840
2026-08-11 07:55:00+00:00,1526.5999755859375,1527.800048828125,1526.199951171875,1526.199951171875,34062
2026-08-11 08:00:00+00:00,1528.0,1528.800048828125,1526.5999755859375,1526.5999755859375,34333
2026-08-11 08:05:00+00:00,1524.600341796875,1527.9000244140625,1524.5999755859375,1527.4000244140625,80545
2026-08-11 08:10:00+00:00,1524.5999755859375,1526.0,1524.4000244140625,1525.0,33574
2026-08-11 08:15:00+00:00,1526.4000244140625,1526.5999755859375,1524.199951171875,1524.5999755859375,42572
2026-08-11 08:20:00+00:00,1527.199951171875,1527.800048828125,1525.5999755859375,1525.5999755859375,24797
2026-08-11 08:25:00+00:00,1530.4000244140625,1530.5999755859375,1527.199951171875,1527.5999755859375,35000
2026-08-11 08:30:00+00:00,1531.800048828125,1532.5999755859375,1530.5999755859375,1530.5999755859375,48205
2026-08-11 08:35:00+00:00,1532.199951171875,1533.199951171875,1531.800048828125,1531.800048828125,40981
2026-08-11 08:40:00+00:00,1533.5999755859375,1534.199951171875,1532.199951171875,1532.199951171875,29228
2026-08-11 08:45:00+00:00,1533.800048828125,1534.199951171875,1533.0,1533.199951171875,46287
2026-08-11 08:50:00+00:00,1532.800048828125,1533.800048828125,1532.199951171875,1533.800048828125,19471
2026-08-11 08:55:00+00:00,1532.0,1533.199951171875,1532.0,1533.199951171875,27069
2026-08-11 09:00:00+00:00,1532.4000244140625,1533.199951171875,1531.4000244140625,1531.800048828125,61482
2026-08-11 09:05:00+00:00,1532.0,1533.4000244140625,1532.0,1532.199951171875,36822
2026-08-11 09:10:00+00:00,1531.5999755859375,1532.7867431640625,1531.4000244140625,1532.0,23120
2026-08-11 09:15:00+00:00,1533.4000244140625,1534.199951171875,1531.5999755859375,1531.5999755859375,37969
2026-08-11 09:20:00+00:00,1533.800048828125,1534.5999755859375,1533.071044921875,1533.071044921875,50220
2026-08-11 09:25:00+00:00,1533.4000244140625,1534.0,1532.489990234375,1533.5999755859375,39715
2026-08-11 09:30:00+00:00,1534.800048828125,1535.4000244140625,1533.4000244140625,1533.4000244140625,36199
2026-08-11 09:35:00+00:00,1536.199951171875,1536.3929443359375,1534.199951171875,1534.800048828125,48324
2026-08-11 09:40:00+00:00,1535.9000244140625,1537.199951171875,1535.800048828125,1535.800048828125,32673
2026-08-11 09:45:00+00:00,1535.5999755859375,1536.5999755859375,1535.199951171875,1536.0,23897
2026-08-11 09:50:00+00:00,1535.0,1535.800048828125,1534.199951171875,1535.4000244140625,33144
2026-08-11 09:55:00+00:00,1535.0,1535.800048828125,1534.5999755859375,1535.0,22498
2026-08-11 10:00:00+00:00,1532.0,1535.2625732421875,1531.800048828125,1535.0,30183
2026-08-11 10:05:00+00:00,1531.800048828125,1532.8897705078125,1531.199951171875,1532.0,70284
2026-08-11 10:10:00+00:00,1531.4000244140625,1533.199951171875,1531.4000244140625,1532.0,20668
2026-08-11 10:15:00+00:00,1533.0,1533.4000244140625,1532.0,1532.0,15854
2026-08-11 10:20:00+00:00,1534.800048828125,1536.0,1532.742919921875,1533.0,54126
2026-08-11 10:25:00+00:00,1534.0,1535.5999755859375,1533.800048828125,1534.800048828125,39271
2026-08-11 10:30:00+00:00,1534.4000244140625,1535.199951171875,1533.800048828125,1533.800048828125,18196
2026-08-11 10:35:00+00:00,1533.4000244140625,1535.0,1533.199951171875,1535.0,23557
2026-08-11 10:40:00+00:00,1533.800048828125,1534.4000244140625,1533.199951171875,1533.4000244140625,19736
2026-08-11 10:45:00+00:00,1534.0,1534.4000244140625,1533.0899658203125,1534.0,23403
2026-08-11 10:50:00+00:00,1533.5999755859375,1534.5999755859375,1533.0,1534.199951171875,22740
2026-08-11 10:55:00+00:00,1535.800048828125,1535.800048828125,1533.4000244140625,1533.5999755859375,72451
2026-08-11 11:00:00+00:00,1537.199951171875,1538.0,1534.2806396484375,1535.5999755859375,135264
2026-08-11 11:05:00+00:00,1535.0,1537.5999755859375,1534.5999755859375,1537.5999755859375,58964
2026-08-11 11:10:00+00:00,1536.0,1536.699951171875,1534.9200439453125,1535.0,121811
2026-08-11 11:15:00+00:00,1534.699951171875,1537.199951171875,1534.5999755859375,1536.199951171875,23267
2026-08-11 11:20:00+00:00,1533.4000244140625,1535.0,1533.4000244140625,1534.5999755859375,24973
2026-08-11 11:25:00+00:00,1533.199951171875,1534.4000244140625,1533.199951171875,1533.5999755859375,39743
2026-08-11 11:30:00+00:00,1535.0,1535.800048828125,1533.0,1533.800048828125,74489
2026-08-11 11:35:00+00:00,1534.5999755859375,1535.800048828125,1534.199951171875,1535.199951171875,27144
2026-08-11 11:40:00+00:00,1536.0,1536.0,1534.199951171875,1534.4000244140625,25469
2026-08-11 11:45:00+00:00,1536.300048828125,1536.5999755859375,1535.199951171875,1535.800048828125,27141
2026-08-11 11:50:00+00:00,1536.5999755859375,1536.800048828125,1535.5999755859375,1536.5999755859375,91373
2026-08-11 11:55:00+00:00,1537.4000244140625,1537.4000244140625,1536.4500732421875,1536.800048828125,191992
2026-08-11 12:00:00+00:00,1536.199951171875,1537.199951171875,1536.199951171875,1537.199951171875,33851
2026-08-11 12:05:00+00:00,1536.5999755859375,1536.5999755859375,1535.5999755859375,1536.5,32188
2026-08-11 12:10:00+00:00,1536.4000244140625,1536.5999755859375,1535.4000244140625,1536.4000244140625,19157
2026-08-11 12:15:00+00:00,1537.199951171875,1537.199951171875,1536.063232421875,1536.4000244140625,23676
2026-08-11 12:20:00+00:00,1535.4000244140625,1537.4000244140625,1534.5999755859375,1537.0,100111
2026-08-11 12:25:00+00:00,1537.0,1537.199951171875,1535.199951171875,1535.4000244140625,16106
2026-08-11 12:30:00+00:00,1536.199951171875,1537.4000244140625,1535.800048828125,1537.4000244140625,30751
2026-08-11 12:35:00+00:00,1536.5999755859375,1536.800048828125,1535.5999755859375,1536.199951171875,39724
2026-08-11 12:40:00+00:00,1538.0,1538.4000244140625,1536.2730712890625,1536.4000244140625,27771
2026-08-11 12:45:00+00:00,1537.4000244140625,1538.199951171875,1536.800048828125,1538.0,22601
2026-08-11 12:50:00+00:00,1536.0,1537.5999755859375,1535.800048828125,1537.199951171875,32902
2026-08-11 12:55:00+00:00,1536.5999755859375,1536.8187255859375,1535.5999755859375,1535.800048828125,27747
2026-08-11 13:00:00+00:00,1537.4000244140625,1538.199951171875,1536.16943359375,1536.5999755859375,34678
2026-08-11 13:05:00+00:00,1537.3800048828125,1538.199951171875,1537.199951171875,1537.2484130859375,32812
2026-08-11 13:10:00+00:00,1535.4000244140625,1537.5999755859375,1535.386962890625,1537.4000244140625,25994
2026-08-11 13:15:00+00:00,1534.199951171875,1535.4000244140625,1533.800048828125,1535.199951171875,19488
2026-08-11 13:20:00+00:00,1533.199951171875,1533.800048828125,1532.0,1533.800048828125,21341
2026-08-11 13:25:00+00:00,1535.199951171875,1536.5999755859375,1533.3858642578125,1533.800048828125,61906
2026-08-11 13:30:00+00:00,1534.4000244140625,1536.199951171875,1533.0,1535.5999755859375,143195
2026-08-11 13:35:00+00:00,1538.800048828125,1538.800048828125,1534.199951171875,1534.5999755859375,79002
2026-08-11 13:40:00+00:00,1539.0,1540.4000244140625,1537.199951171875,1539.4000244140625,74447
2026-08-11 13:45:00+00:00,1540.199951171875,1541.4000244140625,1539.0,1539.0,69140
2026-08-11 13:50:00+00:00,1538.4000244140625,1540.638916015625,1538.4000244140625,1540.4000244140625,48332
2026-08-11 13:55:00+00:00,1536.5999755859375,1539.4088134765625,1536.4000244140625,1538.199951171875,31187
2026-08-11 14:00:00+00:00,1534.0,1538.0433349609375,1533.199951171875,1537.0,56655
2026-08-11 14:05:00+00:00,1531.5999755859375,1535.073486328125,1531.0,1534.5999755859375,57535
2026-08-11 14:10:00+00:00,1529.4000244140625,1531.5999755859375,1529.0,1531.4000244140625,121423
2026-08-11 14:15:00+00:00,1524.800048828125,1529.4000244140625,1524.0,1529.4000244140625,190039
2026-08-11 14:20:00+00:00,1523.800048828125,1525.199951171875,1522.0,1524.800048828125,128985
2026-08-11 14:25:00+00:00,1524.0,1525.199951171875,1523.199951171875,1523.800048828125,97672
2026-08-11 14:30:00+00:00,1524.112060546875,1525.4000244140625,1522.800048828125,1524.206787109375,103102
2026-08-11 14:35:00+00:00,1525.0,1526.5999755859375,1523.57958984375,1524.0,77917
2026-08-11 14:40:00+00:00,1525.0,1525.199951171875,1524.0,1525.199951171875,52376
2026-08-11 14:45:00+00:00,1527.4000244140625,1527.800048828125,1524.821533203125,1525.199951171875,66613
2026-08-11 14:50:00+00:00,1528.0,1528.0,1526.199951171875,1527.199951171875,39875
2026-08-11 14:55:00+00:00,1526.4000244140625,1527.5999755859375,1526.0,1527.5999755859375,56763
2026-08-11 15:00:00+00:00,1529.0,1529.199951171875,1526.5999755859375,1526.5999755859375,82808
2026-08-11 15:05:00+00:00,1528.4000244140625,1529.4000244140625,1527.4000244140625,1529.4000244140625,84549
2026-08-11 15:10:00+00:00,1530.0,1530.0,1527.800048828125,1528.3270263671875,114554
2026-08-11 15:15:00+00:00,1528.27001953125,1530.0,1528.0,1529.800048828125,115586
2026-08-11 15:20:00+00:00,1527.800048828125,1528.800048828125,1527.5999755859375,1528.199951171875,115217
2026-08-11 15:25:00+00:00,1528.5999755859375,1529.4000244140625,1527.4000244140625,1527.5999755859375,203095
2026-08-12 07:00:00+00:00,1524.5999755859375,1526.0,1519.800048828125,1526.0,306354
2026-08-12 07:05:00+00:00,1523.5999755859375,1525.5999755859375,1523.0,1524.760009765625,130376
2026-08-12 07:10:00+00:00,1527.4000244140625,1527.5999755859375,1523.3863525390625,1523.3863525390625,152633
2026-08-12 07:15:00+00:00,1528.199951171875,1528.5999755859375,1526.199951171875,1527.800048828125,126734
2026-08-12 07:20:00+00:00,1526.4000244140625,1528.800048828125,1526.199951171875,1527.97998046875,74734
2026-08-12 07:25:00+00:00,1526.0,1526.800048828125,1525.57958984375,1526.199951171875,45975
2026-08-12 07:30:00+00:00,1526.4000244140625,1526.4000244140625,1524.800048828125,1525.8001708984375,43828
2026-08-12 07:35:00+00:00,1526.4000244140625,1527.0,1525.5999755859375,1526.4000244140625,25087
2026-08-12 07:40:00+00:00,1524.199951171875,1526.4000244140625,1523.199951171875,1526.199951171875,84685
2026-08-12 07:45:00+00:00,1524.5999755859375,1525.199951171875,1524.199951171875,1524.300048828125,95435
2026-08-12 07:50:00+00:00,1523.0,1525.0999755859375,1523.0,1524.800048828125,34362
2026-08-12 07:55:00+00:00,1522.0,1522.800048828125,1521.0,1522.779541015625,43881
2026-08-12 08:00:00+00:00,1523.800048828125,1524.199951171875,1522.0,1522.199951171875,16474
2026-08-12 08:05:00+00:00,1522.5999755859375,1524.5999755859375,1522.4000244140625,1524.0,13269
2026-08-12 08:10:00+00:00,1524.4000244140625,1524.4000244140625,1522.5999755859375,1522.5999755859375,7961
2026-08-12 08:15:00+00:00,1524.199951171875,1524.800048828125,1522.800048828125,1524.0,19774
2026-08-12 08:20:00+00:00,1524.5999755859375,1525.4000244140625,1524.0,1524.199951171875,13399
2026-08-12 08:25:00+00:00,1524.4000244140625,1525.800048828125,1524.4000244140625,1525.0,12475
2026-08-12 08:30:00+00:00,1523.199951171875,1524.9830322265625,1523.199951171875,1524.5999755859375,17985
2026-08-12 08:35:00+00:00,1525.0,1525.199951171875,1523.199951171875,1523.199951171875,11609
2026-08-12 08:40:00+00:00,1525.5999755859375,1525.5999755859375,1524.800048828125,1525.199951171875,9988
2026-08-12 08:45:00+00:00,1526.800048828125,1527.800048828125,1525.0,1525.199951171875,41532
2026-08-12 08:50:00+00:00,1526.0999755859375,1527.0,1525.5999755859375,1526.5999755859375,13663
2026-08-12 08:55:00+00:00,1525.5999755859375,1526.5999755859375,1525.4000244140625,1526.0999755859375,21585
2026-08-12 09:00:00+00:00,1525.800048828125,1526.4000244140625,1525.199951171875,1526.4000244140625,62542
2026-08-12 09:05:00+00:00,1527.0899658203125,1527.199951171875,1525.800048828125,1526.199951171875,14841
2026-08-12 09:10:00+00:00,1527.2900390625,1527.4000244140625,1526.199951171875,1527.0,27638
2026-08-12 09:15:00+00:00,1527.199951171875,1527.5999755859375,1526.4000244140625,1527.4000244140625,28709
2026-08-12 09:20:00+00:00,1528.800048828125,1529.4000244140625,1526.4000244140625,1527.199951171875,48998
2026-08-12 09:25:00+00:00,1528.699951171875,1529.4000244140625,1528.5999755859375,1529.0,30196
2026-08-12 09:30:00+00:00,1530.199951171875,1530.199951171875,1528.0,1528.4000244140625,38677
2026-08-12 09:35:00+00:00,1532.4000244140625,1532.4000244140625,1529.800048828125,1530.4000244140625,42004
2026-08-12 09:40:00+00:00,1533.0,1533.199951171875,1532.0,1532.0,38402
2026-08-12 09:45:00+00:00,1532.9000244140625,1534.0,1532.800048828125,1533.199951171875,59552
2026-08-12 09:50:00+00:00,1532.4000244140625,1534.199951171875,1532.199951171875,1532.5999755859375,45486
2026-08-12 09:55:00+00:00,1532.800048828125,1533.0,1531.199951171875,1532.199951171875,30091
2026-08-12 10:00:00+00:00,1532.0,1532.800048828125,1531.800048828125,1532.5999755859375,39115
2026-08-12 10:05:00+00:00,1532.780029296875,1533.3399658203125,1532.0,1532.199951171875,33924
2026-08-12 10:10:00+00:00,1533.1800537109375,1533.5999755859375,1532.4000244140625,1532.5999755859375,59101
2026-08-12 10:15:00+00:00,1533.199951171875,1533.199951171875,1532.779541015625,1532.800048828125,1674
2026-08-12 10:20:00+00:00,1533.4000244140625,1533.5999755859375,1532.3797607421875,1533.0,55415
2026-08-12 10:25:00+00:00,1532.0,1533.199951171875,1531.4000244140625,1533.199951171875,43251
2026-08-12 10:30:00+00:00,1530.4000244140625,1532.4000244140625,1526.0,1532.199951171875,17969895
2026-08-12 10:35:00+00:00,1531.4000244140625,1531.4000244140625,1530.4000244140625,1530.5999755859375,26108
2026-08-12 10:40:00+00:00,1533.0,1533.0,1531.5799560546875,1531.800048828125,28058
2026-08-12 10:45:00+00:00,1531.199951171875,1533.5999755859375,1528.4000244140625,1532.800048828125,278235
2026-08-12 10:50:00+00:00,1532.97998046875,1533.0,1531.199951171875,1531.800048828125,29845
2026-08-12 10:55:00+00:00,1534.0,1534.199951171875,1532.6199951171875,1533.0,40163
2026-08-12 11:00:00+00:00,1533.800048828125,1534.489990234375,1533.5999755859375,1534.199951171875,30744
2026-08-12 11:05:00+00:00,1533.5999755859375,1534.5999755859375,1533.4000244140625,1533.800048828125,26901
2026-08-12 11:10:00+00:00,1533.199951171875,1534.18505859375,1533.199951171875,1533.800048828125,18414
2026-08-12 11:15:00+00:00,1533.199951171875,1534.199951171875,1532.800048828125,1533.4000244140625,32045
2026-08-12 11:20:00+00:00,1533.199951171875,1533.4000244140625,1532.4000244140625,1533.4000244140625,24349
2026-08-12 11:25:00+00:00,1531.800048828125,1533.4000244140625,1531.800048828125,1533.199951171875,21648
2026-08-12 11:30:00+00:00,1531.0,1532.2900390625,1531.0,1531.800048828125,30321
2026-08-12 11:35:00+00:00,1529.5999755859375,1530.800048828125,1529.4000244140625,1530.800048828125,28555
2026-08-12 11:40:00+00:00,1530.5999755859375,1531.0,1529.5999755859375,1529.5999755859375,24015
2026-08-12 11:45:00+00:00,1530.1800537109375,1531.199951171875,1530.0,1530.800048828125,15850
2026-08-12 11:50:00+00:00,1529.800048828125,1530.199951171875,1529.5999755859375,1530.0,20269
2026-08-12 11:55:00+00:00,1529.0,1529.5999755859375,1528.4000244140625,1529.5,23995
2026-08-12 12:00:00+00:00,1528.4000244140625,1528.800048828125,1528.114990234375,1528.5999755859375,25994
2026-08-12 12:05:00+00:00,1526.800048828125,1528.199951171875,1526.800048828125,1528.199951171875,27151
2026-08-12 12:10:00+00:00,1527.199951171875,1527.199951171875,1526.199951171875,1526.800048828125,42066
2026-08-12 12:15:00+00:00,1527.0,1527.199951171875,1526.0,1527.0,32067
2026-08-12 12:20:00+00:00,1526.800048828125,1527.4000244140625,1526.199951171875,1527.199951171875,47180
2026-08-12 12:25:00+00:00,1531.0,1531.4000244140625,1526.800048828125,1526.800048828125,53165
2026-08-12 12:30:00+00:00,1531.0,1531.199951171875,1526.4000244140625,1531.0,94852
2026-08-12 12:35:00+00:00,1528.199951171875,1530.5999755859375,1527.5999755859375,1530.5999755859375,30883
2026-08-12 12:40:00+00:00,1527.4000244140625,1528.199951171875,1526.800048828125,1528.199951171875,24550
2026-08-12 12:45:00+00:00,1527.4000244140625,1527.5999755859375,1526.800048828125,1527.4000244140625,28190
2026-08-12 12:50:00+00:00,1528.199951171875,1528.199951171875,1526.5999755859375,1527.5999755859375,39270
2026-08-12 12:55:00+00:00,1527.800048828125,1528.5999755859375,1527.4000244140625,1528.0,28056
2026-08-12 13:00:00+00:00,1528.800048828125,1529.800048828125,1527.800048828125,1528.4000244140625,37406
2026-08-12 13:05:00+00:00,1527.800048828125,1529.199951171875,1527.4000244140625,1529.0,38513
2026-08-12 13:10:00+00:00,1526.800048828125,1528.199951171875,1526.5999755859375,1527.800048828125,29477
2026-08-12 13:15:00+00:00,1527.4000244140625,1527.800048828125,1526.800048828125,1527.0,25738
2026-08-12 13:20:00+00:00,1527.800048828125,1528.4000244140625,1527.199951171875,1527.4000244140625,29768
2026-08-12 13:25:00+00:00,1528.4000244140625,1529.0,1527.5999755859375,1527.800048828125,49706
2026-08-12 13:30:00+00:00,1530.0,1531.0,1527.800048828125,1528.4000244140625,188481
2026-08-12 13:35:00+00:00,1527.4000244140625,1530.3800048828125,1526.4000244140625,1530.0,119761
2026-08-12 13:40:00+00:00,1530.4000244140625,1530.5999755859375,1526.5999755859375,1527.4000244140625,74546
2026-08-12 13:45:00+00:00,1529.199951171875,1531.0,1529.199951171875,1530.4000244140625,100684
2026-08-12 13:50:00+00:00,1530.800048828125,1531.0,1529.800048828125,1530.5999755859375,72359
2026-08-12 13:55:00+00:00,1530.0,1531.5999755859375,1530.0,1530.800048828125,60237
2026-08-12 14:00:00+00:00,1533.199951171875,1533.199951171875,1529.800048828125,1530.199951171875,63399
2026-08-12 14:05:00+00:00,1530.800048828125,1532.8740234375,1530.199951171875,1532.800048828125,77459
2026-08-12 14:10:00+00:00,1530.800048828125,1531.199951171875,1529.199951171875,1530.5999755859375,108328
2026-08-12 14:15:00+00:00,1532.0,1532.0,1530.199951171875,1530.800048828125,63579
2026-08-12 14:20:00+00:00,1533.0,1533.0,1530.7540283203125,1532.199951171875,74556
2026-08-12 14:25:00+00:00,1534.199951171875,1534.5999755859375,1532.4000244140625,1533.0,93515
2026-08-12 14:30:00+00:00,1534.4000244140625,1536.0,1529.4000244140625,1534.0,570160
2026-08-12 14:35:00+00:00,1535.800048828125,1535.800048828125,1534.0,1534.800048828125,79463
2026-08-12 14:40:00+00:00,1535.800048828125,1535.800048828125,1534.0,1535.4000244140625,158946
2026-08-12 14:45:00+00:00,1535.5999755859375,1536.800048828125,1535.199951171875,1535.800048828125,726930
2026-08-12 14:50:00+00:00,1533.4000244140625,1536.0,1533.4000244140625,1535.199951171875,92272
2026-08-12 14:55:00+00:00,1533.800048828125,1534.199951171875,1532.800048828125,1533.5999755859375,61785
2026-08-12 15:00:00+00:00,1532.5999755859375,1534.0,1532.5999755859375,1533.5999755859375,80010
2026-08-12 15:05:00+00:00,1531.6800537109375,1536.0,1531.4000244140625,1532.5999755859375,891174
2026-08-12 15:10:00+00:00,1531.2801513671875,1532.0,1530.5999755859375,1531.800048828125,85171
2026-08-12 15:15:00+00:00,1530.5999755859375,1531.4000244140625,1530.4000244140625,1531.4000244140625,99373
2026-08-12 15:20:00+00:00,1532.0,1532.0,1529.800048828125,1530.4000244140625,90282
2026-08-12 15:25:00+00:00,1532.5999755859375,1532.5999755859375,1531.0,1532.199951171875,127335
2026-08-13 07:00:00+00:00,1543.199951171875,1545.4000244140625,1538.5999755859375,1541.800048828125,518021
2026-08-13 07:05:00+00:00,1536.800048828125,1543.4000244140625,1536.5999755859375,1543.4000244140625,248515
2026-08-13 07:10:00+00:00,1538.199951171875,1538.800048828125,1536.719970703125,1537.0,197035
2026-08-13 07:15:00+00:00,1537.5999755859375,1539.7818603515625,1536.800048828125,1537.5999755859375,83363
2026-08-13 07:20:00+00:00,1538.4000244140625,1539.4000244140625,1537.4000244140625,1537.800048828125,104648
2026-08-13 07:25:00+00:00,1537.199951171875,1538.5999755859375,1536.800048828125,1538.4000244140625,80308
2026-08-13 07:30:00+00:00,1540.800048828125,1541.0,1537.0,1537.5999755859375,105877
2026-08-13 07:35:00+00:00,1541.0,1542.199951171875,1540.4000244140625,1541.0,152519
2026-08-13 07:40:00+00:00,1541.199951171875,1542.0,1540.800048828125,1541.199951171875,124761
2026-08-13 07:45:00+00:00,1541.199951171875,1542.4000244140625,1540.4000244140625,1541.199951171875,80666
2026-08-13 07:50:00+00:00,1540.5999755859375,1542.0,1540.5999755859375,1541.0,67109
2026-08-13 07:55:00+00:00,1541.6240234375,1541.800048828125,1540.199951171875,1540.800048828125,134142
2026-08-13 08:00:00+00:00,1542.5999755859375,1543.0,1541.0,1541.800048828125,69131
2026-08-13 08:05:00+00:00,1542.86962890625,1543.4000244140625,1542.4000244140625,1542.6090087890625,81123
2026-08-13 08:10:00+00:00,1542.800048828125,1543.199951171875,1542.0,1543.199951171875,44878
2026-08-13 08:15:00+00:00,1542.199951171875,1543.0,1541.0,1542.77001953125,37638
2026-08-13 08:20:00+00:00,1542.5999755859375,1543.4000244140625,1542.199951171875,1542.4000244140625,63589
2026-08-13 08:25:00+00:00,1542.4000244140625,1543.0,1542.199951171875,1542.56201171875,41797
2026-08-13 08:30:00+00:00,1542.4000244140625,1543.4000244140625,1542.0,1542.199951171875,27194
2026-08-13 08:35:00+00:00,1541.5999755859375,1542.4000244140625,1541.5999755859375,1542.199951171875,20964
2026-08-13 08:40:00+00:00,1541.0,1542.800048828125,1541.0,1541.5999755859375,24307
2026-08-13 08:45:00+00:00,1540.800048828125,1541.5999755859375,1540.5999755859375,1541.199951171875,29117
2026-08-13 08:50:00+00:00,1542.199951171875,1542.199951171875,1540.52001953125,1540.52001953125,22841
2026-08-13 08:55:00+00:00,1542.199951171875,1542.5999755859375,1541.4000244140625,1542.199951171875,25080
2026-08-13 09:00:00+00:00,1542.0,1543.800048828125,1542.0,1542.199951171875,13577
2026-08-13 09:05:00+00:00,1542.199951171875,1542.5999755859375,1541.4000244140625,1541.800048828125,11909
2026-08-13 09:10:00+00:00,1543.0,1543.5999755859375,1542.25341796875,1542.4000244140625,13072
2026-08-13 09:15:00+00:00,1543.0,1543.199951171875,1542.199951171875,1542.800048828125,18250
2026-08-13 09:20:00+00:00,1543.4000244140625,1543.4000244140625,1542.3797607421875,1542.800048828125,9872
2026-08-13 09:25:00+00:00,1542.5552978515625,1543.5999755859375,1542.0,1543.4000244140625,16576
2026-08-13 09:30:00+00:00,1542.4000244140625,1542.5999755859375,1541.5999755859375,1542.0,26426
2026-08-13 09:35:00+00:00,1541.5999755859375,1542.5999755859375,1541.4000244140625,1542.199951171875,10438
2026-08-13 09:40:00+00:00,1541.4000244140625,1542.199951171875,1541.199951171875,1541.5999755859375,13426
2026-08-13 09:45:00+00:00,1539.800048828125,1541.41064453125,1539.800048828125,1541.2801513671875,201048
2026-08-13 09:50:00+00:00,1540.6134033203125,1541.0,1540.0,1540.199951171875,18193
2026-08-13 09:55:00+00:00,1541.800048828125,1542.0,1541.0,1541.199951171875,21963
2026-08-13 10:00:00+00:00,1540.4000244140625,1541.800048828125,1540.4000244140625,1541.5999755859375,19939
2026-08-13 10:05:00+00:00,1540.450439453125,1541.0933837890625,1540.08984375,1540.199951171875,12277
2026-08-13 10:10:00+00:00,1540.0,1540.5999755859375,1539.5999755859375,1540.0,11829
2026-08-13 10:15:00+00:00,1539.5999755859375,1540.800048828125,1539.5999755859375,1540.4000244140625,58598
2026-08-13 10:20:00+00:00,1540.4000244140625,1541.800048828125,1539.740234375,1539.740234375,971052
2026-08-13 10:25:00+00:00,1539.0,1540.800048828125,1538.780029296875,1540.4000244140625,18074
2026-08-13 10:30:00+00:00,1538.199951171875,1540.0682373046875,1538.199951171875,1538.800048828125,27053
2026-08-13 10:35:00+00:00,1538.800048828125,1541.800048828125,1538.0,1538.199951171875,191966
2026-08-13 10:40:00+00:00,1539.199951171875,1539.199951171875,1538.2762451171875,1538.5999755859375,10777
2026-08-13 10:45:00+00:00,1539.52001953125,1539.800048828125,1539.0,1539.199951171875,8292
2026-08-13 10:50:00+00:00,1540.0,1540.0,1539.4000244140625,1539.800048828125,13115
2026-08-13 10:55:00+00:00,1540.0,1540.0,1539.3740234375,1539.800048828125,10456
2026-08-13 11:00:00+00:00,1540.199951171875,1540.800048828125,1539.800048828125,1539.800048828125,13429
2026-08-13 11:05:00+00:00,1538.800048828125,1540.4000244140625,1538.0,1540.4000244140625,39161
2026-08-13 11:10:00+00:00,1537.800048828125,1538.800048828125,1537.199951171875,1538.800048828125,11953
2026-08-13 11:15:00+00:00,1537.199951171875,1538.199951171875,1537.0,1537.800048828125,25548
2026-08-13 11:20:00+00:00,1537.199951171875,1537.66943359375,1537.0,1537.199951171875,17723
2026-08-13 11:25:00+00:00,1536.4000244140625,1537.4000244140625,1536.4000244140625,1537.4000244140625,21869
2026-08-13 11:30:00+00:00,1536.800048828125,1536.800048828125,1535.800048828125,1536.4000244140625,17711
2026-08-13 11:35:00+00:00,1537.5999755859375,1537.5999755859375,1536.800048828125,1536.9000244140625,22439
2026-08-13 11:40:00+00:00,1537.800048828125,1537.800048828125,1536.800048828125,1537.4000244140625,25806
2026-08-13 11:45:00+00:00,1536.800048828125,1537.800048828125,1536.800048828125,1537.800048828125,24504
2026-08-13 11:50:00+00:00,1537.5999755859375,1537.800048828125,1536.4000244140625,1537.0,20845
2026-08-13 11:55:00+00:00,1537.800048828125,1538.0,1537.0,1537.800048828125,14335
2026-08-13 12:00:00+00:00,1535.5999755859375,1537.5999755859375,1535.5999755859375,1537.5999755859375,20502
2026-08-13 12:05:00+00:00,1534.800048828125,1536.0,1534.800048828125,1535.5999755859375,19991
2026-08-13 12:10:00+00:00,1534.0,1535.0,1533.4000244140625,1534.800048828125,34144
2026-08-13 12:15:00+00:00,1533.4000244140625,1541.800048828125,1533.0,1534.0,560530
2026-08-13 12:20:00+00:00,1532.4000244140625,1533.199951171875,1532.0,1532.800048828125,24463
2026-08-13 12:25:00+00:00,1531.800048828125,1532.800048828125,1531.4000244140625,1532.4000244140625,20005
2026-08-13 12:30:00+00:00,1531.800048828125,1533.5999755859375,1531.199951171875,1532.0,84443
2026-08-13 12:35:00+00:00,1532.7923583984375,1533.4000244140625,1531.808349609375,1532.199951171875,22663
2026-08-13 12:40:00+00:00,1532.5999755859375,1532.5999755859375,1531.199951171875,1532.199951171875,27253
2026-08-13 12:45:00+00:00,1533.0,1533.4000244140625,1532.23974609375,1532.4000244140625,25980
2026-08-13 12:50:00+00:00,1531.800048828125,1541.800048828125,1531.4000244140625,1533.0,5722693
2026-08-13 12:55:00+00:00,1530.800048828125,1532.2708740234375,1530.199951171875,1532.1663818359375,20614
2026-08-13 13:00:00+00:00,1529.800048828125,1531.0,1529.199951171875,1530.800048828125,32497
2026-08-13 13:05:00+00:00,1530.4000244140625,1530.5999755859375,1529.5999755859375,1529.5999755859375,46347
2026-08-13 13:10:00+00:00,1532.0,1532.199951171875,1530.191650390625,1530.5999755859375,36519
2026-08-13 13:15:00+00:00,1531.800048828125,1532.5999755859375,1531.5999755859375,1532.199951171875,21311
2026-08-13 13:20:00+00:00,1530.199951171875,1532.0322265625,1530.199951171875,1532.0,31665
2026-08-13 13:25:00+00:00,1533.0,1533.4000244140625,1530.199951171875,1530.4000244140625,149957
2026-08-13 13:30:00+00:00,1527.4000244140625,1532.800048828125,1527.4000244140625,1532.800048828125,131635
2026-08-13 13:35:00+00:00,1530.0,1530.0,1527.5999755859375,1527.5999755859375,81155
2026-08-13 13:40:00+00:00,1532.4000244140625,1532.5999755859375,1529.594482421875,1529.800048828125,80772
2026-08-13 13:45:00+00:00,1533.800048828125,1535.4000244140625,1531.5067138671875,1533.199951171875,46912
2026-08-13 13:50:00+00:00,1531.800048828125,1534.800048828125,1531.4000244140625,1533.5999755859375,53274
2026-08-13 13:55:00+00:00,1528.800048828125,1532.7249755859375,1528.0899658203125,1531.5999755859375,43639
2026-08-13 14:00:00+00:00,1527.4000244140625,1541.800048828125,1526.4000244140625,1528.4000244140625,1625599
2026-08-13 14:05:00+00:00,1529.4000244140625,1531.0,1527.0899658203125,1527.4000244140625,127486
2026-08-13 14:10:00+00:00,1528.71435546875,1529.4000244140625,1528.001708984375,1529.199951171875,70052
2026-08-13 14:15:00+00:00,1525.5999755859375,1529.199951171875,1525.199951171875,1528.199951171875,119823
2026-08-13 14:20:00+00:00,1525.858642578125,1527.4000244140625,1524.4000244140625,1525.5999755859375,170537
2026-08-13 14:25:00+00:00,1528.0,1529.4000244140625,1525.0,1526.0,129789
2026-08-13 14:30:00+00:00,1528.5999755859375,1528.5999755859375,1526.199951171875,1527.5999755859375,90289
2026-08-13 14:35:00+00:00,1529.0,1530.4000244140625,1528.4000244140625,1528.5999755859375,76266
2026-08-13 14:40:00+00:00,1528.199951171875,1529.199951171875,1528.0,1529.0,67784
2026-08-13 14:45:00+00:00,1527.199951171875,1528.4693603515625,1526.5999755859375,1528.199951171875,83855
2026-08-13 14:50:00+00:00,1525.4000244140625,1527.199951171875,1525.0,1527.199951171875,85302
2026-08-13 14:55:00+00:00,1524.4000244140625,1526.0,1524.4000244140625,1525.4000244140625,59636
2026-08-13 15:00:00+00:00,1523.199951171875,1541.800048828125,1523.0,1524.199951171875,7251066
2026-08-13 15:05:00+00:00,1523.0,1523.8218994140625,1521.800048828125,1523.199951171875,309288
2026-08-13 15:10:00+00:00,1520.199951171875,1523.199951171875,1520.0,1523.199951171875,235197
2026-08-13 15:15:00+00:00,1519.9122314453125,1520.4000244140625,1519.199951171875,1520.0,257860
2026-08-13 15:20:00+00:00,1521.4000244140625,1521.800048828125,1519.5999755859375,1519.800048828125,184668
2026-08-13 15:25:00+00:00,1521.199951171875,1522.199951171875,1520.4000244140625,1521.4000244140625,351961
2026-08-14 07:00:00+00:00,1525.0,1530.5999755859375,1523.0,1527.800048828125,233790
2026-08-14 07:05:00+00:00,1522.199951171875,1525.5999755859375,1522.0,1524.5999755859375,101924
2026-08-14 07:10:00+00:00,1522.800048828125,1523.4000244140625,1521.5999755859375,1522.199951171875,87951
2026-08-14 07:15:00+00:00,1519.0,1523.199951171875,1518.5999755859375,1522.4000244140625,64400
2026-08-14 07:20:00+00:00,1519.800048828125,1519.800048828125,1517.199951171875,1519.0,185433
2026-08-14 07:25:00+00:00,1518.800048828125,1520.4000244140625,1518.199951171875,1519.800048828125,33330
2026-08-14 07:30:00+00:00,1519.199951171875,1519.800048828125,1518.0,1519.0,131636
2026-08-14 07:35:00+00:00,1518.0,1519.5999755859375,1518.0,1519.0,34048
2026-08-14 07:40:00+00:00,1517.5999755859375,1518.366943359375,1516.8900146484375,1518.0,73213
2026-08-14 07:45:00+00:00,1517.4000244140625,1517.800048828125,1516.4000244140625,1517.5999755859375,26331
2026-08-14 07:50:00+00:00,1517.4000244140625,1517.4000244140625,1516.4000244140625,1517.0,71139
2026-08-14 07:55:00+00:00,1516.5999755859375,1517.5999755859375,1516.5999755859375,1517.0,57329
2026-08-14 08:00:00+00:00,1516.4000244140625,1517.800048828125,1515.5999755859375,1516.800048828125,72944
2026-08-14 08:05:00+00:00,1517.0,1517.0,1513.800048828125,1516.0,99018
2026-08-14 08:10:00+00:00,1518.5999755859375,1518.5999755859375,1516.5999755859375,1516.5999755859375,32332
2026-08-14 08:15:00+00:00,1518.0,1519.4000244140625,1517.5999755859375,1518.199951171875,23296
2026-08-14 08:20:00+00:00,1518.4000244140625,1518.800048828125,1517.199951171875,1517.800048828125,29889
2026-08-14 08:25:00+00:00,1520.5999755859375,1521.4000244140625,1518.199951171875,1518.199951171875,29667
2026-08-14 08:30:00+00:00,1521.4000244140625,1522.0,1520.199951171875,1520.5999755859375,37429
2026-08-14 08:35:00+00:00,1523.4000244140625,1523.800048828125,1521.5999755859375,1521.800048828125,20326
2026-08-14 08:40:00+00:00,1523.800048828125,1524.199951171875,1522.5999755859375,1522.800048828125,13773
2026-08-14 08:45:00+00:00,1524.5999755859375,1524.800048828125,1523.199951171875,1523.199951171875,27578
2026-08-14 08:50:00+00:00,1526.199951171875,1526.5999755859375,1524.362060546875,1524.5999755859375,27248
2026-08-14 08:55:00+00:00,1525.1795654296875,1526.199951171875,1525.0,1526.0,18546
2026-08-14 09:00:00+00:00,1526.5999755859375,1527.800048828125,1524.800048828125,1525.199951171875,51238
2026-08-14 09:05:00+00:00,1526.800048828125,1527.800048828125,1526.5999755859375,1526.5999755859375,30509
2026-08-14 09:10:00+00:00,1526.800048828125,1527.199951171875,1526.4000244140625,1527.0,13693
2026-08-14 09:15:00+00:00,1526.4000244140625,1527.0,1526.199951171875,1526.800048828125,30580
2026-08-14 09:20:00+00:00,1528.0,1528.0,1526.4000244140625,1526.4000244140625,28553
2026-08-14 09:25:00+00:00,1526.7659912109375,1528.4000244140625,1526.199951171875,1528.199951171875,19232
2026-08-14 09:30:00+00:00,1527.199951171875,1528.0,1526.5999755859375,1526.5999755859375,42771
2026-08-14 09:35:00+00:00,1527.5999755859375,1528.0,1527.0,1527.0,18210
2026-08-14 09:40:00+00:00,1529.0,1529.0,1527.5999755859375,1527.5999755859375,1160749
2026-08-14 09:45:00+00:00,1529.800048828125,1530.0,1529.199951171875,1529.27001953125,23913
2026-08-14 09:50:00+00:00,1530.0,1530.0699462890625,1529.4000244140625,1529.4000244140625,21356
2026-08-14 09:55:00+00:00,1530.198974609375,1530.5999755859375,1529.800048828125,1529.8699951171875,24890
2026-08-14 10:00:00+00:00,1531.0,1531.4000244140625,1529.800048828125,1530.199951171875,16042
2026-08-14 10:05:00+00:00,1531.800048828125,1531.800048828125,1531.0,1531.199951171875,13955
2026-08-14 10:10:00+00:00,1531.48974609375,1532.0,1531.199951171875,1531.800048828125,29444
2026-08-14 10:15:00+00:00,1531.4000244140625,1531.5999755859375,1527.800048828125,1531.5999755859375,112888
2026-08-14 10:20:00+00:00,1530.52001953125,1531.4000244140625,1530.0,1531.199951171875,13796
2026-08-14 10:25:00+00:00,1530.0,1530.800048828125,1529.800048828125,1530.4000244140625,30382
2026-08-14 10:30:00+00:00,1530.199951171875,1530.800048828125,1529.800048828125,1530.0,21994
2026-08-14 10:35:00+00:00,1531.0,1531.0,1530.199951171875,1530.199951171875,7321
2026-08-14 10:40:00+00:00,1530.199951171875,1531.0,1527.800048828125,1531.0,6329700
2026-08-14 10:45:00+00:00,1529.7099609375,1530.4000244140625,1529.199951171875,1530.4000244140625,34245
2026-08-14 10:50:00+00:00,1530.199951171875,1530.5999755859375,1529.800048828125,1529.800048828125,8455
2026-08-14 10:55:00+00:00,1530.199951171875,1530.5999755859375,1529.800048828125,1530.199951171875,22692
2026-08-14 11:00:00+00:00,1529.199951171875,1530.199951171875,1529.0,1530.199951171875,25236
2026-08-14 11:05:00+00:00,1528.800048828125,1529.5999755859375,1528.4000244140625,1529.4000244140625,22351
2026-08-14 11:10:00+00:00,1530.0,1530.199951171875,1523.800048828125,1529.0,74184
2026-08-14 11:15:00+00:00,1532.199951171875,1532.4000244140625,1530.199951171875,1530.199951171875,78547
2026-08-14 11:20:00+00:00,1533.4000244140625,1533.4000244140625,1532.0899658203125,1532.135009765625,23751
2026-08-14 11:25:00+00:00,1533.57958984375,1534.0,1533.199951171875,1533.4000244140625,21924
2026-08-14 11:30:00+00:00,1533.5999755859375,1533.800048828125,1532.4000244140625,1533.739990234375,16144
2026-08-14 11:35:00+00:00,1533.199951171875,1534.199951171875,1533.199951171875,1533.5999755859375,48144
2026-08-14 11:40:00+00:00,1533.0,1533.4000244140625,1532.800048828125,1533.0,11493
2026-08-14 11:45:00+00:00,1532.199951171875,1533.199951171875,1532.199951171875,1533.0,19099
2026-08-14 11:50:00+00:00,1531.800048828125,1533.0,1531.4000244140625,1532.199951171875,21036
2026-08-14 11:55:00+00:00,1532.4000244140625,1532.5999755859375,1531.5999755859375,1531.800048828125,16525
2026-08-14 12:00:00+00:00,1531.800048828125,1533.199951171875,1531.4000244140625,1532.800048828125,24544
2026-08-14 12:05:00+00:00,1532.4000244140625,1532.5589599609375,1531.199951171875,1531.800048828125,23385
2026-08-14 12:10:00+00:00,1531.800048828125,1532.4000244140625,1530.199951171875,1532.2900390625,62275
2026-08-14 12:15:00+00:00,1532.199951171875,1532.5999755859375,1531.5999755859375,1531.800048828125,20245
2026-08-14 12:20:00+00:00,1531.5999755859375,1532.199951171875,1531.4000244140625,1532.0,11947
2026-08-14 12:25:00+00:00,1531.4000244140625,1532.0,1531.199951171875,1531.5999755859375,28395
2026-08-14 12:30:00+00:00,1532.5999755859375,1533.0,1531.4000244140625,1531.5999755859375,74531
2026-08-14 12:35:00+00:00,1532.4000244140625,1533.5999755859375,1532.4000244140625,1533.0,41290
2026-08-14 12:40:00+00:00,1532.5999755859375,1533.0,1532.199951171875,1532.199951171875,9129
2026-08-14 12:45:00+00:00,1533.0,1533.0,1532.0,1532.800048828125,14161
2026-08-14 12:50:00+00:00,1531.800048828125,1532.800048828125,1531.800048828125,1532.800048828125,30548
2026-08-14 12:55:00+00:00,1532.4000244140625,1533.0,1532.0,1532.0,15448
2026-08-14 13:00:00+00:00,1533.4000244140625,1533.800048828125,1533.0,1533.0,28654
2026-08-14 13:05:00+00:00,1533.800048828125,1534.4000244140625,1533.199951171875,1533.4000244140625,27953
2026-08-14 13:10:00+00:00,1529.800048828125,1534.0,1529.5999755859375,1534.0,30614
2026-08-14 13:15:00+00:00,1529.4000244140625,1531.0,1529.199951171875,1529.800048828125,717801
2026-08-14 13:20:00+00:00,1531.0,1531.0,1529.4000244140625,1529.5999755859375,15231
2026-08-14 13:25:00+00:00,1530.800048828125,1531.199951171875,1530.5999755859375,1530.800048828125,12750
2026-08-14 13:30:00+00:00,1531.800048828125,1532.199951171875,1529.0,1530.800048828125,127301
2026-08-14 13:35:00+00:00,1531.800048828125,1533.5999755859375,1531.4000244140625,1531.800048828125,41643
2026-08-14 13:40:00+00:00,1533.199951171875,1533.4000244140625,1531.199951171875,1531.5999755859375,49242
2026-08-14 13:45:00+00:00,1532.4000244140625,1533.4000244140625,1532.0,1533.0,55096
2026-08-14 13:50:00+00:00,1534.0,1534.199951171875,1531.5999755859375,1532.199951171875,55824
2026-08-14 13:55:00+00:00,1534.0,1534.4000244140625,1533.5400390625,1534.0,32795
2026-08-14 14:00:00+00:00,1532.5999755859375,1534.4000244140625,1531.199951171875,1534.0,45031
2026-08-14 14:05:00+00:00,1532.4000244140625,1533.0,1531.4000244140625,1532.800048828125,46142
2026-08-14 14:10:00+00:00,1532.5999755859375,1533.199951171875,1531.4000244140625,1532.4000244140625,40297
2026-08-14 14:15:00+00:00,1532.800048828125,1533.0,1531.800048828125,1532.800048828125,26312
2026-08-14 14:20:00+00:00,1531.5999755859375,1533.4000244140625,1531.5999755859375,1532.4000244140625,72048
2026-08-14 14:25:00+00:00,1532.4000244140625,1532.5999755859375,1531.5999755859375,1531.5999755859375,44769
2026-08-14 14:30:00+00:00,1531.0,1532.5999755859375,1531.0,1532.4000244140625,43865
2026-08-14 14:35:00+00:00,1531.0,1531.800048828125,1530.4000244140625,1531.4000244140625,25342
2026-08-14 14:40:00+00:00,1530.4000244140625,1531.199951171875,1530.199951171875,1530.5999755859375,40863
2026-08-14 14:45:00+00:00,1531.4000244140625,1531.5999755859375,1529.0,1530.4000244140625,98346
2026-08-14 14:50:00+00:00,1531.5999755859375,1532.0,1531.199951171875,1531.800048828125,48363
2026-08-14 14:55:00+00:00,1531.7569580078125,1532.199951171875,1531.379638671875,1531.5999755859375,34737
2026-08-14 15:00:00+00:00,1531.5999755859375,1532.5999755859375,1531.4000244140625,1531.5999755859375,51036
2026-08-14 15:05:00+00:00,1531.5999755859375,1532.0,1531.199951171875,1532.0,44169
2026-08-14 15:10:00+00:00,1530.199951171875,1532.0,1530.0,1531.4000244140625,62370
2026-08-14 15:15:00+00:00,1530.719970703125,1531.4000244140625,1529.800048828125,1530.199951171875,0
2026-08-14 15:20:00+00:00,1530.5999755859375,1531.4000244140625,1527.800048828125,1531.199951171875,456351
2026-08-14 15:25:00+00:00,1529.5999755859375,1530.5999755859375,1529.4000244140625,1530.4000244140625,154501
2026-08-17 07:00:00+00:00,1536.5999755859375,1540.199951171875,1532.4000244140625,1540.199951171875,0
2026-08-17 07:05:00+00:00,1538.4000244140625,1539.0,1535.199951171875,1536.5999755859375,148961
2026-08-17 07:10:00+00:00,1534.5999755859375,1538.5999755859375,1534.5999755859375,1538.199951171875,77523
2026-08-17 07:15:00+00:00,1534.5999755859375,1534.800048828125,1533.199951171875,1534.800048828125,61417
2026-08-17 07:20:00+00:00,1536.4000244140625,1536.800048828125,1533.97998046875,1534.199951171875,111671
2026-08-17 07:25:00+00:00,1538.42041015625,1538.5999755859375,1535.800048828125,1536.5999755859375,152878
2026-08-17 07:30:00+00:00,1537.4000244140625,1538.5999755859375,1536.4000244140625,1538.5999755859375,134344
2026-08-17 07:35:00+00:00,1537.199951171875,1537.800048828125,1537.0,1537.010986328125,46669
2026-08-17 07:40:00+00:00,1538.800048828125,1538.800048828125,1537.5,1537.5,55141
2026-08-17 07:45:00+00:00,1539.4000244140625,1540.0,1538.5,1538.5999755859375,150761
2026-08-17 07:50:00+00:00,1537.0830078125,1539.5999755859375,1537.0,1539.4000244140625,197291
2026-08-17 07:55:00+00:00,1538.199951171875,1538.5999755859375,1536.800048828125,1537.0,140841
2026-08-17 08:00:00+00:00,1536.0,1538.5999755859375,1536.0,1538.5999755859375,74247
2026-08-17 08:05:00+00:00,1537.0,1538.5999755859375,1536.0,1536.0,30495
2026-08-17 08:10:00+00:00,1538.199951171875,1538.5999755859375,1536.4000244140625,1537.199951171875,24095
2026-08-17 08:15:00+00:00,1538.0,1538.5999755859375,1537.4000244140625,1538.0,43894
2026-08-17 08:20:00+00:00,1537.4000244140625,1538.4000244140625,1537.4000244140625,1538.199951171875,18259
2026-08-17 08:25:00+00:00,1537.5999755859375,1538.199951171875,1537.0,1537.5999755859375,13593
2026-08-17 08:30:00+00:00,1537.800048828125,1539.0,1537.5999755859375,1538.199951171875,928070
2026-08-17 08:35:00+00:00,1539.0,1539.199951171875,1537.800048828125,1538.199951171875,40556
2026-08-17 08:40:00+00:00,1539.4000244140625,1539.4000244140625,1538.0,1539.0,18385
2026-08-17 08:45:00+00:00,1539.199951171875,1540.0799560546875,1539.0,1539.4000244140625,19264
2026-08-17 08:50:00+00:00,1540.5,1540.5999755859375,1538.4000244140625,1539.0,14471
2026-08-17 08:55:00+00:00,1539.800048828125,1541.199951171875,1539.800048828125,1540.5999755859375,32465
2026-08-17 09:00:00+00:00,1540.0150146484375,1541.0,1539.4000244140625,1539.5999755859375,27831
2026-08-17 09:05:00+00:00,1540.300048828125,1540.4000244140625,1539.5999755859375,1540.0,12186
2026-08-17 09:10:00+00:00,1539.199951171875,1540.4000244140625,1538.800048828125,1540.4000244140625,165664
2026-08-17 09:15:00+00:00,1539.0,1540.4000244140625,1538.800048828125,1539.0,247615
2026-08-17 09:20:00+00:00,1539.4000244140625,1539.800048828125,1539.0,1539.199951171875,0
2026-08-17 09:25:00+00:00,1538.800048828125,1539.800048828125,1538.800048828125,1539.4000244140625,920683
2026-08-17 09:30:00+00:00,1539.199951171875,1539.4000244140625,1538.4000244140625,1539.199951171875,8336
2026-08-17 09:35:00+00:00,1539.5999755859375,1540.0,1539.4000244140625,1539.5999755859375,0
2026-08-17 09:40:00+00:00,1539.4000244140625,1540.0,1538.800048828125,1539.5999755859375,933637
2026-08-17 09:45:00+00:00,1537.800048828125,1540.0,1537.4000244140625,1539.5999755859375,34444
2026-08-17 09:50:00+00:00,1537.4000244140625,1538.0,1536.800048828125,1538.0,0
2026-08-17 09:55:00+00:00,1538.199951171875,1538.5999755859375,1537.0,1537.800048828125,958661
2026-08-17 10:00:00+00:00,1537.2998046875,1538.0,1536.800048828125,1538.0,28407
2026-08-17 10:05:00+00:00,1538.300048828125,1538.4000244140625,1537.199951171875,1537.5999755859375,34484
2026-08-17 10:10:00+00:00,1538.800048828125,1539.800048828125,1538.0,1538.399658203125,19207
2026-08-17 10:15:00+00:00,1539.199951171875,1541.0,1538.800048828125,1539.199951171875,63105
2026-08-17 10:20:00+00:00,1539.800048828125,1540.199951171875,1539.4000244140625,1539.4000244140625,23318
2026-08-17 10:25:00+00:00,1542.800048828125,1543.0,1538.5999755859375,1539.6700439453125,107809
2026-08-17 10:30:00+00:00,1539.199951171875,1542.4000244140625,1538.800048828125,1542.4000244140625,34312
2026-08-17 10:35:00+00:00,1539.800048828125,1539.800048828125,1539.0,1539.0,6759
2026-08-17 10:40:00+00:00,1540.0,1540.5999755859375,1539.4000244140625,1539.800048828125,18801
2026-08-17 10:45:00+00:00,1540.5999755859375,1540.800048828125,1540.0,1540.0,22256
2026-08-17 10:50:00+00:00,1541.199951171875,1541.5999755859375,1540.4000244140625,1540.47998046875,38180
2026-08-17 10:55:00+00:00,1540.4000244140625,1541.4000244140625,1540.199951171875,1541.0,23955
2026-08-17 11:00:00+00:00,1541.0,1541.199951171875,1540.0,1540.300048828125,58761
2026-08-17 11:05:00+00:00,1540.5999755859375,1541.0,1540.199951171875,1540.83984375,0
2026-08-17 11:10:00+00:00,1540.4000244140625,1541.0,1540.0,1540.4000244140625,918155
2026-08-17 11:15:00+00:00,1540.800048828125,1541.199951171875,1540.199951171875,1540.4000244140625,26625
2026-08-17 11:20:00+00:00,1541.5999755859375,1541.800048828125,1540.800048828125,1540.800048828125,15975
2026-08-17 11:25:00+00:00,1541.0,1541.800048828125,1540.4000244140625,1541.800048828125,16513
2026-08-17 11:30:00+00:00,1541.4000244140625,1541.800048828125,1541.0,1541.4000244140625,14442
2026-08-17 11:35:00+00:00,1542.4000244140625,1542.4000244140625,1541.4000244140625,1541.5999755859375,0
2026-08-17 11:40:00+00:00,1542.5999755859375,1542.5999755859375,1542.0,1542.199951171875,914354
2026-08-17 11:45:00+00:00,1541.0,1543.0,1541.0,1542.4000244140625,9279
2026-08-17 11:50:00+00:00,1540.4000244140625,1541.4000244140625,1540.4000244140625,1540.800048828125,9900
2026-08-17 11:55:00+00:00,1540.199951171875,1540.5999755859375,1539.800048828125,1540.4000244140625,14390
2026-08-17 12:00:00+00:00,1538.800048828125,1540.4000244140625,1538.800048828125,1540.0,37817
2026-08-17 12:05:00+00:00,1539.0,1539.4000244140625,1538.800048828125,1539.199951171875,21197
2026-08-17 12:10:00+00:00,1538.0,1539.0,1537.5999755859375,1538.800048828125,28821
2026-08-17 12:15:00+00:00,1534.800048828125,1538.4000244140625,1534.5999755859375,1538.199951171875,35966
2026-08-17 12:20:00+00:00,1534.800048828125,1535.4000244140625,1534.199951171875,1535.0,0
2026-08-17 12:25:00+00:00,1534.0,1535.0,1532.4000244140625,1534.800048828125,980998
2026-08-17 12:30:00+00:00,1534.4000244140625,1535.0,1533.5999755859375,1533.5999755859375,37125
2026-08-17 12:35:00+00:00,1534.0,1535.0,1533.9000244140625,1535.0,25185
2026-08-17 12:40:00+00:00,1532.800048828125,1533.800048828125,1532.4000244140625,1533.800048828125,17156
2026-08-17 12:45:00+00:00,1532.5,1533.800048828125,1532.0,1532.800048828125,87153
2026-08-17 12:50:00+00:00,1532.4000244140625,1533.4000244140625,1532.4000244140625,1532.800048828125,0
2026-08-17 12:55:00+00:00,1532.0,1532.4000244140625,1531.5999755859375,1532.4000244140625,919820
2026-08-17 13:00:00+00:00,1531.800048828125,1532.4000244140625,1531.4000244140625,1532.199951171875,43891
2026-08-17 13:05:00+00:00,1531.4000244140625,1532.199951171875,1531.199951171875,1531.9000244140625,31378
2026-08-17 13:10:00+00:00,1530.800048828125,1531.4000244140625,1530.199951171875,1531.4000244140625,44167
2026-08-17 13:15:00+00:00,1530.800048828125,1531.4000244140625,1530.199951171875,1530.53759765625,59255
2026-08-17 13:20:00+00:00,1531.4000244140625,1532.0,1530.4000244140625,1530.9000244140625,0
2026-08-17 13:25:00+00:00,1533.5999755859375,1533.5999755859375,1530.800048828125,1531.4000244140625,980137
2026-08-17 13:30:00+00:00,1533.199951171875,1534.5999755859375,1532.4000244140625,1533.4000244140625,96956
2026-08-17 13:35:00+00:00,1536.5999755859375,1537.199951171875,1532.5999755859375,1533.5999755859375,0
2026-08-17 13:40:00+00:00,1535.5999755859375,1537.199951171875,1534.199951171875,1536.4000244140625,1004270
2026-08-17 13:45:00+00:00,1536.9000244140625,1537.800048828125,1535.199951171875,1535.5999755859375,87697
2026-08-17 13:50:00+00:00,1535.5999755859375,1538.0,1535.199951171875,1537.199951171875,50254
2026-08-17 13:55:00+00:00,1537.5,1537.800048828125,1535.199951171875,1535.5999755859375,66899
2026-08-17 14:00:00+00:00,1536.4000244140625,1537.4000244140625,1536.0,1537.4000244140625,48270
2026-08-17 14:05:00+00:00,1536.4000244140625,1538.0,1536.0,1536.5999755859375,55399
2026-08-17 14:10:00+00:00,1536.199951171875,1536.988037109375,1535.800048828125,1536.199951171875,79340
2026-08-17 14:15:00+00:00,1535.800048828125,1536.4000244140625,1534.800048828125,1536.199951171875,73971
2026-08-17 14:20:00+00:00,1535.800048828125,1536.199951171875,1534.800048828125,1536.0,38564
2026-08-17 14:25:00+00:00,1535.5999755859375,1536.199951171875,1535.0,1535.800048828125,96149
2026-08-17 14:30:00+00:00,1535.800048828125,1536.0,1534.800048828125,1535.800048828125,61916
2026-08-17 14:35:00+00:00,1535.0,1536.199951171875,1534.199951171875,1536.0,0
2026-08-17 14:40:00+00:00,1535.0,1535.5999755859375,1534.199951171875,1535.1197509765625,995875
2026-08-17 14:45:00+00:00,1535.4000244140625,1535.4000244140625,1533.4000244140625,1534.6800537109375,106229
2026-08-17 14:50:00+00:00,1533.800048828125,1535.5999755859375,1533.800048828125,1535.5999755859375,68525
2026-08-17 14:55:00+00:00,1534.0,1534.199951171875,1533.199951171875,1533.800048828125,85532
2026-08-17 15:00:00+00:00,1534.800048828125,1535.800048828125,1534.4000244140625,1534.4000244140625,73691
2026-08-17 15:05:00+00:00,1533.800048828125,1534.5999755859375,1532.5999755859375,1534.5999755859375,165008
2026-08-17 15:10:00+00:00,1534.0,1535.0,1533.199951171875,1533.5999755859375,170599
2026-08-17 15:15:00+00:00,1533.800048828125,1534.199951171875,1533.199951171875,1534.199951171875,0
2026-08-17 15:20:00+00:00,1534.4000244140625,1534.5999755859375,1533.4000244140625,1533.800048828125,151308
2026-08-17 15:25:00+00:00,1534.4000244140625,1538.199951171875,1533.800048828125,1534.199951171875,308834
2026-08-18 07:00:00+00:00,1531.5999755859375,1532.800048828125,1527.800048828125,1528.0,243216
2026-08-18 07:05:00+00:00,1530.5999755859375,1533.4000244140625,1530.0,1531.3599853515625,107723
2026-08-18 07:10:00+00:00,1530.800048828125,1531.199951171875,1530.0,1530.5999755859375,60255
2026-08-18 07:15:00+00:00,1528.0,1533.4000244140625,1528.0,1531.0,48920
2026-08-18 07:20:00+00:00,1533.800048828125,1534.199951171875,1532.0,1533.0,53855
2026-08-18 07:25:00+00:00,1533.0,1535.0,1533.0,1533.5999755859375,164588
2026-08-18 07:30:00+00:00,1531.4000244140625,1534.199951171875,1530.5999755859375,1533.4000244140625,53501
2026-08-18 07:35:00+00:00,1533.4000244140625,1533.800048828125,1531.4000244140625,1531.4000244140625,74853
2026-08-18 07:40:00+00:00,1532.4000244140625,1534.0,1532.199951171875,1533.5999755859375,37098
2026-08-18 07:45:00+00:00,1533.199951171875,1533.4000244140625,1532.5999755859375,1532.5999755859375,18584
2026-08-18 07:50:00+00:00,1531.5999755859375,1533.800048828125,1531.4000244140625,1533.1998291015625,75195
2026-08-18 07:55:00+00:00,1529.4000244140625,1531.800048828125,1529.199951171875,1531.800048828125,102696
2026-08-18 08:00:00+00:00,1527.0,1530.0,1526.800048828125,1529.5999755859375,121753
2026-08-18 08:05:00+00:00,1526.2220458984375,1527.4000244140625,1525.199951171875,1527.0,149702
2026-08-18 08:10:00+00:00,1529.199951171875,1529.800048828125,1526.0,1526.0,50397
2026-08-18 08:15:00+00:00,1529.5999755859375,1530.5999755859375,1528.800048828125,1529.4000244140625,66055
2026-08-18 08:20:00+00:00,1528.0,1529.4000244140625,1526.4580078125,1529.4000244140625,51840
2026-08-18 08:25:00+00:00,1528.4000244140625,1529.0,1527.5999755859375,1527.5999755859375,24497
2026-08-18 08:30:00+00:00,1528.800048828125,1529.800048828125,1528.4000244140625,1528.5999755859375,39177
2026-08-18 08:35:00+00:00,1530.5999755859375,1531.0,1529.0,1529.199951171875,59078
2026-08-18 08:40:00+00:00,1531.199951171875,1532.0,1531.0,1531.0,31645
2026-08-18 08:45:00+00:00,1530.5999755859375,1532.199951171875,1530.5999755859375,1531.4090576171875,13160
2026-08-18 08:50:00+00:00,1531.3599853515625,1532.4000244140625,1530.4000244140625,1530.4000244140625,281935
2026-08-18 08:55:00+00:00,1531.800048828125,1531.800048828125,1530.800048828125,1531.0,21146
2026-08-18 09:00:00+00:00,1530.800048828125,1531.5999755859375,1530.5999755859375,1531.5999755859375,30344
2026-08-18 09:05:00+00:00,1527.5999755859375,1530.4000244140625,1527.5999755859375,1530.4000244140625,28684
2026-08-18 09:10:00+00:00,1530.199951171875,1530.199951171875,1528.199951171875,1528.4000244140625,23083
2026-08-18 09:15:00+00:00,1531.199951171875,1531.199951171875,1529.800048828125,1530.199951171875,16790
2026-08-18 09:20:00+00:00,1532.199951171875,1533.0,1531.199951171875,1531.4000244140625,52141
2026-08-18 09:25:00+00:00,1532.4000244140625,1533.0,1532.0,1532.0,29054
2026-08-18 09:30:00+00:00,1532.0,1532.5999755859375,1530.800048828125,1532.3199462890625,15310
2026-08-18 09:35:00+00:00,1530.5999755859375,1532.5999755859375,1530.5999755859375,1531.800048828125,19392
2026-08-18 09:40:00+00:00,1529.800048828125,1530.5999755859375,1528.5,1530.5999755859375,257395
2026-08-18 09:45:00+00:00,1529.3900146484375,1530.199951171875,1529.199951171875,1529.800048828125,29849
2026-08-18 09:50:00+00:00,1528.9300537109375,1529.199951171875,1528.0,1529.0,33680
2026-08-18 09:55:00+00:00,1528.5999755859375,1529.4000244140625,1528.4000244140625,1529.0,27537
2026-08-18 10:00:00+00:00,1530.4000244140625,1530.5999755859375,1528.5999755859375,1528.800048828125,38927
2026-08-18 10:05:00+00:00,1530.4000244140625,1531.0,1529.5999755859375,1530.199951171875,34668
2026-08-18 10:10:00+00:00,1529.800048828125,1530.5999755859375,1529.5999755859375,1529.800048828125,10624
2026-08-18 10:15:00+00:00,1529.4000244140625,1530.0,1529.4000244140625,1530.0,14551
2026-08-18 10:20:00+00:00,1529.4000244140625,1530.5999755859375,1529.4000244140625,1530.0999755859375,159165
2026-08-18 10:25:00+00:00,1530.0,1530.199951171875,1529.199951171875,1529.199951171875,19883
2026-08-18 10:30:00+00:00,1531.0,1531.42041015625,1530.0,1530.0999755859375,11770
2026-08-18 10:35:00+00:00,1531.300048828125,1531.5999755859375,1531.0,1531.4000244140625,19789
2026-08-18 10:40:00+00:00,1530.4000244140625,1531.5,1530.4000244140625,1531.199951171875,15750
2026-08-18 10:45:00+00:00,1531.0,1531.0,1530.301025390625,1530.301025390625,10281
2026-08-18 10:50:00+00:00,1530.699951171875,1531.0,1530.199951171875,1530.800048828125,14698
2026-08-18 10:55:00+00:00,1531.4000244140625,1531.800048828125,1530.199951171875,1530.800048828125,24348
2026-08-18 11:00:00+00:00,1531.5999755859375,1532.4000244140625,1530.800048828125,1531.4000244140625,25009
2026-08-18 11:05:00+00:00,1532.199951171875,1532.5999755859375,1531.4000244140625,1531.800048828125,26062
2026-08-18 11:10:00+00:00,1531.5999755859375,1532.4000244140625,1531.5999755859375,1532.199951171875,14100
2026-08-18 11:15:00+00:00,1532.4000244140625,1532.4000244140625,1531.4000244140625,1531.5999755859375,20045
2026-08-18 11:20:00+00:00,1532.4000244140625,1533.4000244140625,1531.800048828125,1532.5999755859375,16682
2026-08-18 11:25:00+00:00,1531.0999755859375,1532.4000244140625,1531.0999755859375,1532.4000244140625,16684
2026-08-18 11:30:00+00:00,1530.5999755859375,1531.0,1529.5999755859375,1531.0,27671
2026-08-18 11:35:00+00:00,1530.0,1531.0,1530.0,1530.5999755859375,17451
2026-08-18 11:40:00+00:00,1531.791015625,1532.0,1529.800048828125,1529.800048828125,14086
2026-08-18 11:45:00+00:00,1532.4000244140625,1532.800048828125,1531.5999755859375,1531.5999755859375,54760
2026-08-18 11:50:00+00:00,1532.0,1532.4000244140625,1531.5999755859375,1532.4000244140625,44620
2026-08-18 11:55:00+00:00,1532.4000244140625,1533.0,1531.800048828125,1531.800048828125,12355
2026-08-18 12:00:00+00:00,1533.4000244140625,1533.800048828125,1531.800048828125,1532.4000244140625,22136
2026-08-18 12:05:00+00:00,1533.199951171875,1534.0,1533.0,1533.800048828125,27316
2026-08-18 12:10:00+00:00,1533.5999755859375,1533.5999755859375,1532.5999755859375,1533.199951171875,21986
2026-08-18 12:15:00+00:00,1533.199951171875,1533.800048828125,1532.800048828125,1533.4000244140625,32963
2026-08-18 12:20:00+00:00,1533.0,1534.199951171875,1533.0,1533.199951171875,58500
2026-08-18 12:25:00+00:00,1533.199951171875,1533.5999755859375,1531.800048828125,1532.800048828125,16498
2026-08-18 12:30:00+00:00,1533.5999755859375,1534.0,1533.199951171875,1533.199951171875,19700
2026-08-18 12:35:00+00:00,1533.0,1534.199951171875,1533.0,1533.5999755859375,22866
2026-08-18 12:40:00+00:00,1532.5999755859375,1533.5999755859375,1532.4000244140625,1533.199951171875,26093
2026-08-18 12:45:00+00:00,1533.0,1534.0,1532.5999755859375,1532.5999755859375,21695
2026-08-18 12:50:00+00:00,1532.5999755859375,1533.800048828125,1532.4000244140625,1533.800048828125,17586
2026-08-18 12:55:00+00:00,1533.4000244140625,1533.5999755859375,1532.4000244140625,1532.800048828125,26531
2026-08-18 13:00:00+00:00,1532.5999755859375,1533.5999755859375,1530.5999755859375,1533.4000244140625,47899
2026-08-18 13:05:00+00:00,1532.199951171875,1532.800048828125,1531.4000244140625,1532.4000244140625,27667
2026-08-18 13:10:00+00:00,1530.5999755859375,1532.5999755859375,1530.5999755859375,1532.5999755859375,30009
2026-08-18 13:15:00+00:00,1530.5999755859375,1531.0,1529.800048828125,1530.5999755859375,28541
2026-08-18 13:20:00+00:00,1529.4000244140625,1531.0,1528.0,1530.5999755859375,4938088
2026-08-18 13:25:00+00:00,1528.199951171875,1529.800048828125,1527.5999755859375,1529.4000244140625,392655
2026-08-18 13:30:00+00:00,1532.4000244140625,1532.800048828125,1524.800048828125,1528.5999755859375,486962
2026-08-18 13:35:00+00:00,1533.199951171875,1533.5999755859375,1530.5999755859375,1532.5999755859375,84726
2026-08-18 13:40:00+00:00,1530.5999755859375,1533.199951171875,1530.199951171875,1533.0,82506
2026-08-18 13:45:00+00:00,1529.5999755859375,1532.4000244140625,1529.5999755859375,1530.4000244140625,38853
2026-08-18 13:50:00+00:00,1528.800048828125,1531.5999755859375,1528.0,1529.4000244140625,43380
2026-08-18 13:55:00+00:00,1530.800048828125,1531.199951171875,1528.0,1529.0,37939
2026-08-18 14:00:00+00:00,1529.199951171875,1531.5999755859375,1529.0,1530.800048828125,81166
2026-08-18 14:05:00+00:00,1529.800048828125,1530.0,1528.2099609375,1529.199951171875,70910
2026-08-18 14:10:00+00:00,1529.6800537109375,1530.0,1528.199951171875,1529.800048828125,134566
2026-08-18 14:15:00+00:00,1529.199951171875,1530.199951171875,1528.800048828125,1529.4000244140625,87190
2026-08-18 14:20:00+00:00,1529.4000244140625,1530.4000244140625,1529.0,1529.199951171875,132142
2026-08-18 14:25:00+00:00,1528.199951171875,1529.4000244140625,1527.4000244140625,1529.199951171875,120842
2026-08-18 14:30:00+00:00,1529.0,1529.800048828125,1528.199951171875,1528.199951171875,148061
2026-08-18 14:35:00+00:00,1526.199951171875,1529.199951171875,1526.199951171875,1528.800048828125,120034
2026-08-18 14:40:00+00:00,1522.0,1526.199951171875,1522.0,1526.199951171875,151269
2026-08-18 14:45:00+00:00,1521.76025390625,1522.5999755859375,1521.0,1522.0,109914
2026-08-18 14:50:00+00:00,1519.4000244140625,1522.4000244140625,1518.4000244140625,1521.5999755859375,192212
2026-08-18 14:55:00+00:00,1515.5999755859375,1520.199951171875,1515.5999755859375,1519.199951171875,239530
2026-08-18 15:00:00+00:00,1519.199951171875,1519.199951171875,1515.4000244140625,1515.800048828125,486766
2026-08-18 15:05:00+00:00,1517.4000244140625,1520.0,1517.0,1519.4000244140625,246050
2026-08-18 15:10:00+00:00,1516.199951171875,1517.800048828125,1516.199951171875,1517.5999755859375,245813
2026-08-18 15:15:00+00:00,1515.4000244140625,1517.199951171875,1514.989990234375,1516.4000244140625,633384
2026-08-18 15:20:00+00:00,1514.800048828125,1521.0,1514.4000244140625,1515.199951171875,239716
2026-08-18 15:25:00+00:00,1516.0,1516.4000244140625,1514.199951171875,1514.5999755859375,216303
2026-08-19 07:00:00+00:00,1512.0,1515.0,1507.5999755859375,1514.199951171875,271843
2026-08-19 07:05:00+00:00,1511.800048828125,1513.4000244140625,1511.0,1512.199951171875,261560
2026-08-19 07:10:00+00:00,1512.0,1513.199951171875,1511.199951171875,1512.199951171875,162310
2026-08-19 07:15:00+00:00,1510.0,1512.0,1510.0,1511.5999755859375,161798
2026-08-19 07:20:00+00:00,1510.800048828125,1512.4000244140625,1510.0,1510.0,100793
2026-08-19 07:25:00+00:00,1511.5999755859375,1512.0,1509.4000244140625,1510.800048828125,147189
2026-08-19 07:30:00+00:00,1514.4000244140625,1514.4000244140625,1511.4000244140625,1511.5999755859375,186178
2026-08-19 07:35:00+00:00,1512.4000244140625,1515.0,1511.199951171875,1514.4000244140625,275923
2026-08-19 07:40:00+00:00,1512.5999755859375,1513.5999755859375,1511.5999755859375,1512.4000244140625,328296
2026-08-19 07:45:00+00:00,1513.199951171875,1514.0,1512.4000244140625,1512.4000244140625,162193
2026-08-19 07:50:00+00:00,1514.4000244140625,1514.800048828125,1513.4000244140625,1513.5999755859375,253144
2026-08-19 07:55:00+00:00,1515.5999755859375,1516.0,1514.5999755859375,1514.5999755859375,208672
2026-08-19 08:00:00+00:00,1519.199951171875,1519.199951171875,1515.5999755859375,1515.800048828125,111672
2026-08-19 08:05:00+00:00,1518.199951171875,1520.5999755859375,1517.5999755859375,1519.0799560546875,191319
2026-08-19 08:10:00+00:00,1517.5999755859375,1519.4000244140625,1517.4000244140625,1518.199951171875,106559
2026-08-19 08:15:00+00:00,1517.199951171875,1518.0,1516.800048828125,1517.7449951171875,36668
2026-08-19 08:20:00+00:00,1519.5999755859375,1519.5999755859375,1517.4000244140625,1517.4000244140625,33056
2026-08-19 08:25:00+00:00,1518.4000244140625,1519.5999755859375,1518.0,1519.5999755859375,39435
2026-08-19 08:30:00+00:00,1516.5999755859375,1518.800048828125,1516.199951171875,1518.366943359375,52893
2026-08-19 08:35:00+00:00,1517.800048828125,1518.199951171875,1516.0,1516.5999755859375,60088
2026-08-19 08:40:00+00:00,1517.199951171875,1518.4000244140625,1516.5999755859375,1517.9599609375,26419
2026-08-19 08:45:00+00:00,1517.199951171875,1517.4000244140625,1516.2120361328125,1517.199951171875,55591
2026-08-19 08:50:00+00:00,1516.5999755859375,1517.800048828125,1516.4000244140625,1517.0799560546875,32997
2026-08-19 08:55:00+00:00,1516.0,1517.0,1514.199951171875,1516.4000244140625,524782
2026-08-19 09:00:00+00:00,1517.699951171875,1517.699951171875,1515.800048828125,1516.0,22411
2026-08-19 09:05:00+00:00,1516.760009765625,1517.800048828125,1516.5999755859375,1517.4000244140625,33131
2026-08-19 09:10:00+00:00,1517.4000244140625,1518.0,1516.5999755859375,1517.0,26315
2026-08-19 09:15:00+00:00,1517.406005859375,1517.5999755859375,1516.4000244140625,1517.4000244140625,19608
2026-08-19 09:20:00+00:00,1517.800048828125,1518.4000244140625,1517.199951171875,1517.5999755859375,940541
2026-08-19 09:25:00+00:00,1518.990966796875,1519.0,1517.5999755859375,1517.5999755859375,34572
2026-08-19 09:30:00+00:00,1518.4000244140625,1519.800048828125,1518.199951171875,1519.199951171875,36933
2026-08-19 09:35:00+00:00,1517.800048828125,1518.5999755859375,1517.5999755859375,1518.4000244140625,20779
2026-08-19 09:40:00+00:00,1517.0,1518.199951171875,1516.800048828125,1517.800048828125,26736
2026-08-19 09:45:00+00:00,1518.0,1518.199951171875,1516.800048828125,1517.4000244140625,21628
2026-08-19 09:50:00+00:00,1518.4000244140625,1518.4000244140625,1517.5999755859375,1518.1099853515625,17883
2026-08-19 09:55:00+00:00,1520.5999755859375,1520.800048828125,1518.4000244140625,1518.4000244140625,51524
2026-08-19 10:00:00+00:00,1520.4000244140625,1521.0,1518.5999755859375,1520.4000244140625,40773
2026-08-19 10:05:00+00:00,1520.0,1520.199951171875,1519.0,1520.0,17964
2026-08-19 10:10:00+00:00,1520.4000244140625,1521.0,1519.199951171875,1519.5999755859375,13436
2026-08-19 10:15:00+00:00,1519.4000244140625,1520.0,1518.800048828125,1520.0,27650
2026-08-19 10:20:00+00:00,1519.0,1519.42041015625,1518.5999755859375,1519.199951171875,29940
2026-08-19 10:25:00+00:00,1518.0,1519.199951171875,1517.5999755859375,1519.0,35512
2026-08-19 10:30:00+00:00,1518.0,1518.4000244140625,1517.199951171875,1517.800048828125,33180
2026-08-19 10:35:00+00:00,1517.800048828125,1518.199951171875,1517.708984375,1518.0,20773
2026-08-19 10:40:00+00:00,1518.5999755859375,1518.5999755859375,1517.800048828125,1517.800048828125,34712
2026-08-19 10:45:00+00:00,1518.199951171875,1518.5999755859375,1517.5999755859375,1518.5999755859375,27459
2026-08-19 10:50:00+00:00,1518.199951171875,1518.199951171875,1517.4000244140625,1518.0,32193
2026-08-19 10:55:00+00:00,1519.800048828125,1520.199951171875,1518.199951171875,1518.199951171875,23343
2026-08-19 11:00:00+00:00,1520.5999755859375,1520.800048828125,1518.5999755859375,1519.5999755859375,42166
2026-08-19 11:05:00+00:00,1519.199951171875,1520.800048828125,1519.199951171875,1520.800048828125,25070
2026-08-19 11:10:00+00:00,1520.0,1520.199951171875,1519.0,1519.0,6321
2026-08-19 11:15:00+00:00,1521.5999755859375,1521.5999755859375,1519.800048828125,1519.800048828125,8928
2026-08-19 11:20:00+00:00,1522.800048828125,1523.0,1521.4000244140625,1521.800048828125,30509
2026-08-19 11:25:00+00:00,1523.0,1523.199951171875,1522.0,1523.199951171875,14833
2026-08-19 11:30:00+00:00,1523.0,1523.199951171875,1522.4000244140625,1522.800048828125,27871
2026-08-19 11:35:00+00:00,1523.800048828125,1524.199951171875,1522.5999755859375,1522.800048828125,27148
2026-08-19 11:40:00+00:00,1523.800048828125,1523.800048828125,1522.800048828125,1523.4000244140625,17954
2026-08-19 11:45:00+00:00,1523.199951171875,1523.800048828125,1522.800048828125,1523.5999755859375,11341
2026-08-19 11:50:00+00:00,1523.5999755859375,1523.5999755859375,1522.800048828125,1523.4000244140625,30957
2026-08-19 11:55:00+00:00,1524.0,1524.4000244140625,1523.0,1523.4000244140625,36856
2026-08-19 12:00:00+00:00,1524.5999755859375,1524.800048828125,1523.800048828125,1524.0999755859375,184583
2026-08-19 12:05:00+00:00,1523.800048828125,1524.800048828125,1523.800048828125,1524.800048828125,70543
2026-08-19 12:10:00+00:00,1524.4000244140625,1524.4000244140625,1523.800048828125,1523.800048828125,99657
2026-08-19 12:15:00+00:00,1522.800048828125,1524.4000244140625,1522.800048828125,1524.199951171875,59644
2026-08-19 12:20:00+00:00,1524.5999755859375,1524.5999755859375,1522.800048828125,1522.800048828125,71833
2026-08-19 12:25:00+00:00,1524.4000244140625,1525.0,1524.0,1524.5999755859375,20462
2026-08-19 12:30:00+00:00,1528.199951171875,1528.800048828125,1524.4000244140625,1524.4000244140625,35533
2026-08-19 12:35:00+00:00,1531.199951171875,1531.5999755859375,1528.4000244140625,1528.5999755859375,102482
2026-08-19 12:40:00+00:00,1530.4000244140625,1531.4000244140625,1529.5999755859375,1531.0,32216
2026-08-19 12:45:00+00:00,1529.0,1531.4000244140625,1529.0,1530.800048828125,34115
2026-08-19 12:50:00+00:00,1528.0,1529.0,1527.0,1529.0,35929
2026-08-19 12:55:00+00:00,1524.4000244140625,1527.5999755859375,1524.4000244140625,1527.4000244140625,42196
2026-08-19 13:00:00+00:00,1523.400390625,1524.199951171875,1522.4000244140625,1523.800048828125,19340
2026-08-19 13:05:00+00:00,1522.4000244140625,1524.0,1522.199951171875,1523.199951171875,23006
2026-08-19 13:10:00+00:00,1522.0,1523.199951171875,1522.0,1522.199951171875,140160
2026-08-19 13:15:00+00:00,1521.0,1522.4000244140625,1521.0,1521.800048828125,24230
2026-08-19 13:20:00+00:00,1520.800048828125,1521.800048828125,1520.4000244140625,1521.0,40015
2026-08-19 13:25:00+00:00,1519.0,1521.0999755859375,1518.199951171875,1520.5999755859375,94480
2026-08-19 13:30:00+00:00,1515.5999755859375,1519.0,1513.4000244140625,1519.0,237471
2026-08-19 13:35:00+00:00,1514.0,1516.0,1511.4000244140625,1515.5999755859375,227315
2026-08-19 13:40:00+00:00,1515.5999755859375,1517.199951171875,1513.4000244140625,1513.800048828125,125946
2026-08-19 13:45:00+00:00,1512.199951171875,1516.5999755859375,1510.4000244140625,1515.5999755859375,204103
2026-08-19 13:50:00+00:00,1513.0,1514.4000244140625,1511.800048828125,1512.199951171875,266297
2026-08-19 13:55:00+00:00,1515.0,1516.5999755859375,1512.5999755859375,1513.0,243715
2026-08-19 14:00:00+00:00,1512.5999755859375,1515.800048828125,1511.800048828125,1515.199951171875,253952
2026-08-19 14:05:00+00:00,1510.199951171875,1513.4000244140625,1509.199951171875,1513.0,205635
2026-08-19 14:10:00+00:00,1510.0,1512.5999755859375,1510.0,1510.5999755859375,190547
2026-08-19 14:15:00+00:00,1509.5999755859375,1515.6300048828125,1508.0,1510.0,192653
2026-08-19 14:20:00+00:00,1507.5999755859375,1510.5999755859375,1504.5999755859375,1509.5999755859375,260017
2026-08-19 14:25:00+00:00,1509.800048828125,1510.800048828125,1506.800048828125,1507.0,195159
2026-08-19 14:30:00+00:00,1508.800048828125,1510.199951171875,1507.800048828125,1510.0,204518
2026-08-19 14:35:00+00:00,1511.5999755859375,1511.5999755859375,1508.0,1509.0,114475
2026-08-19 14:40:00+00:00,1509.800048828125,1511.5999755859375,1509.5999755859375,1511.199951171875,204307
2026-08-19 14:45:00+00:00,1507.4000244140625,1510.4000244140625,1506.800048828125,1509.5999755859375,350994
2026-08-19 14:50:00+00:00,1505.199951171875,1507.4000244140625,1505.199951171875,1507.4000244140625,181494
2026-08-19 14:55:00+00:00,1506.0,1506.0,1504.0,1505.0,109839
2026-08-19 15:00:00+00:00,1504.5999755859375,1506.5999755859375,1503.199951171875,1506.0,373558
2026-08-19 15:05:00+00:00,1504.5999755859375,1505.800048828125,1503.800048828125,1504.5999755859375,237655
2026-08-19 15:10:00+00:00,1505.199951171875,1505.4000244140625,1503.199951171875,1504.4000244140625,186765
2026-08-19 15:15:00+00:00,1501.199951171875,1505.199951171875,1501.199951171875,1505.0,148901
2026-08-19 15:20:00+00:00,1502.5999755859375,1503.199951171875,1501.199951171875,1501.199951171875,125863
2026-08-19 15:25:00+00:00,1502.199951171875,1502.5999755859375,1501.0,1502.199951171875,245006
2026-08-20 07:00:00+00:00,1504.5999755859375,1505.0,1497.199951171875,1497.5999755859375,495239
2026-08-20 07:05:00+00:00,1503.4000244140625,1505.5999755859375,1503.4000244140625,1504.800048828125,146292
2026-08-20 07:10:00+00:00,1503.199951171875,1505.4000244140625,1502.5999755859375,1503.5999755859375,169459
2026-08-20 07:15:00+00:00,1503.800048828125,1504.5999755859375,1502.800048828125,1503.199951171875,131664
2026-08-20 07:20:00+00:00,1504.0,1506.199951171875,1503.800048828125,1503.800048828125,72123
2026-08-20 07:25:00+00:00,1502.0,1504.199951171875,1501.5999755859375,1504.199951171875,145283
2026-08-20 07:30:00+00:00,1502.800048828125,1503.4000244140625,1499.199951171875,1502.199951171875,214963
2026-08-20 07:35:00+00:00,1503.0,1503.72998046875,1502.5999755859375,1503.3900146484375,100020
2026-08-20 07:40:00+00:00,1503.4000244140625,1505.0,1502.5999755859375,1503.199951171875,98058
2026-08-20 07:45:00+00:00,1504.5999755859375,1504.800048828125,1502.5999755859375,1503.0,60902
2026-08-20 07:50:00+00:00,1504.199951171875,1505.199951171875,1503.4000244140625,1504.800048828125,197524
2026-08-20 07:55:00+00:00,1502.0,1504.0,1501.4000244140625,1503.800048828125,125936
2026-08-20 08:00:00+00:00,1501.4000244140625,1503.4000244140625,1500.800048828125,1501.800048828125,56663
2026-08-20 08:05:00+00:00,1502.5999755859375,1502.800048828125,1500.4000244140625,1501.4000244140625,120962
2026-08-20 08:10:00+00:00,1503.0,1503.199951171875,1501.800048828125,1502.5999755859375,58007
2026-08-20 08:15:00+00:00,1502.27001953125,1503.5999755859375,1502.0,1503.199951171875,46451
2026-08-20 08:20:00+00:00,1501.800048828125,1502.4000244140625,1501.199951171875,1502.199951171875,44510
2026-08-20 08:25:00+00:00,1499.800048828125,1502.4000244140625,1499.4000244140625,1502.0,75841
2026-08-20 08:30:00+00:00,1499.199951171875,1499.5999755859375,1497.5999755859375,1499.41796875,54807
2026-08-20 08:35:00+00:00,1501.4000244140625,1501.4000244140625,1498.4000244140625,1499.0,57918
2026-08-20 08:40:00+00:00,1500.199951171875,1501.800048828125,1500.199951171875,1501.5999755859375,63160
2026-08-20 08:45:00+00:00,1501.199951171875,1501.199951171875,1500.0,1500.4000244140625,46738
2026-08-20 08:50:00+00:00,1501.4000244140625,1502.0999755859375,1500.4000244140625,1501.199951171875,91662
2026-08-20 08:55:00+00:00,1502.0,1502.5999755859375,1501.0,1501.0,61429
2026-08-20 09:00:00+00:00,1502.199951171875,1503.0,1501.4000244140625,1502.0,47477
2026-08-20 09:05:00+00:00,1501.5999755859375,1502.800048828125,1501.199951171875,1502.4000244140625,40477
2026-08-20 09:10:00+00:00,1503.199951171875,1503.199951171875,1500.5999755859375,1501.5999755859375,95604
2026-08-20 09:15:00+00:00,1503.4000244140625,1503.800048828125,1502.199951171875,1503.280029296875,21755
2026-08-20 09:20:00+00:00,1503.4000244140625,1503.4000244140625,1502.800048828125,1503.4000244140625,17366
2026-08-20 09:25:00+00:00,1504.199951171875,1504.5999755859375,1503.4000244140625,1503.5999755859375,17387
2026-08-20 09:30:00+00:00,1502.800048828125,1504.0,1502.4000244140625,1504.0,51689
2026-08-20 09:35:00+00:00,1503.5999755859375,1503.5999755859375,1502.4000244140625,1503.0,14713
2026-08-20 09:40:00+00:00,1502.4000244140625,1503.5999755859375,1502.199951171875,1503.4000244140625,17363
2026-08-20 09:45:00+00:00,1502.0,1503.0,1502.0,1502.4000244140625,21217
2026-08-20 09:50:00+00:00,1502.800048828125,1502.800048828125,1501.0,1501.800048828125,31172
2026-08-20 09:55:00+00:00,1502.199951171875,1502.5999755859375,1501.800048828125,1502.5999755859375,13751
2026-08-20 10:00:00+00:00,1502.4000244140625,1502.5999755859375,1501.5999755859375,1502.199951171875,29240
2026-08-20 10:05:00+00:00,1501.5999755859375,1502.199951171875,1501.56005859375,1502.199951171875,30535
2026-08-20 10:10:00+00:00,1504.199951171875,1504.800048828125,1501.5999755859375,1501.5999755859375,63379
2026-08-20 10:15:00+00:00,1503.5,1504.4000244140625,1502.800048828125,1504.4000244140625,30030
2026-08-20 10:20:00+00:00,1501.4000244140625,1504.0,1501.4000244140625,1503.4000244140625,118430
2026-08-20 10:25:00+00:00,1503.5999755859375,1503.5999755859375,1500.4000244140625,1501.5999755859375,88248
2026-08-20 10:30:00+00:00,1502.4000244140625,1503.800048828125,1502.4000244140625,1503.4000244140625,42977
2026-08-20 10:35:00+00:00,1502.800048828125,1503.0,1502.0,1502.5999755859375,49779
2026-08-20 10:40:00+00:00,1504.0,1504.0,1502.5999755859375,1502.5999755859375,39914
2026-08-20 10:45:00+00:00,1504.199951171875,1504.4000244140625,1503.199951171875,1504.1097412109375,31740
2026-08-20 10:50:00+00:00,1503.5999755859375,1504.1300048828125,1503.4000244140625,1504.0,20287
2026-08-20 10:55:00+00:00,1505.0,1505.0,1503.4000244140625,1503.5999755859375,17122
2026-08-20 11:00:00+00:00,1507.199951171875,1507.4000244140625,1504.5400390625,1504.800048828125,29910
2026-08-20 11:05:00+00:00,1506.5999755859375,1507.199951171875,1505.5999755859375,1507.0,27646
2026-08-20 11:10:00+00:00,1506.800048828125,1507.0,1505.800048828125,1506.800048828125,11325
2026-08-20 11:15:00+00:00,1506.4000244140625,1506.9000244140625,1506.199951171875,1506.4000244140625,9267
2026-08-20 11:20:00+00:00,1505.9510498046875,1506.4000244140625,1505.5999755859375,1506.4000244140625,12855
2026-08-20 11:25:00+00:00,1504.5999755859375,1506.199951171875,1504.5999755859375,1505.800048828125,33147
2026-08-20 11:30:00+00:00,1503.5999755859375,1505.0,1503.5999755859375,1505.0,23088
2026-08-20 11:35:00+00:00,1504.0,1504.199951171875,1503.199951171875,1503.4000244140625,12739
2026-08-20 11:40:00+00:00,1504.800048828125,1505.800048828125,1504.4000244140625,1505.0,33061
2026-08-20 11:45:00+00:00,1503.968017578125,1505.0,1503.800048828125,1504.199951171875,23124
2026-08-20 11:50:00+00:00,1503.5999755859375,1504.9000244140625,1503.199951171875,1504.4000244140625,194416
2026-08-20 11:55:00+00:00,1502.199951171875,1504.4000244140625,1502.0,1503.5999755859375,41544
2026-08-20 12:00:00+00:00,1498.199951171875,1502.4000244140625,1498.199951171875,1502.0,449505
2026-08-20 12:05:00+00:00,1497.0,1498.4000244140625,1495.0,1498.0,140353
2026-08-20 12:10:00+00:00,1497.5999755859375,1497.800048828125,1496.199951171875,1497.0,54232
2026-08-20 12:15:00+00:00,1498.5999755859375,1498.800048828125,1496.5999755859375,1497.4000244140625,387923
2026-08-20 12:20:00+00:00,1500.4998779296875,1500.800048828125,1498.0,1498.199951171875,473611
2026-08-20 12:25:00+00:00,1500.199951171875,1501.199951171875,1500.0,1501.0,42064
2026-08-20 12:30:00+00:00,1499.199951171875,1500.199951171875,1498.199951171875,1500.0,131143
2026-08-20 12:35:00+00:00,1500.0,1501.0,1499.0,1499.5999755859375,93918
2026-08-20 12:40:00+00:00,1502.4000244140625,1503.0,1500.0,1500.4000244140625,36041
2026-08-20 12:45:00+00:00,1503.9000244140625,1504.199951171875,1497.5999755859375,1503.0,1090897
2026-08-20 12:50:00+00:00,1505.199951171875,1505.199951171875,1503.800048828125,1504.0,41201
2026-08-20 12:55:00+00:00,1504.199951171875,1505.0,1503.800048828125,1505.0,57675
2026-08-20 13:00:00+00:00,1506.0,1506.0,1504.199951171875,1504.199951171875,35189
2026-08-20 13:05:00+00:00,1504.199951171875,1506.199951171875,1504.0999755859375,1506.199951171875,33484
2026-08-20 13:10:00+00:00,1504.5999755859375,1505.0,1503.800048828125,1504.199951171875,28253
2026-08-20 13:15:00+00:00,1504.5999755859375,1505.199951171875,1504.5999755859375,1505.0,27543
2026-08-20 13:20:00+00:00,1504.4000244140625,1505.0,1504.0,1504.5999755859375,35186
2026-08-20 13:25:00+00:00,1506.4000244140625,1506.800048828125,1504.4000244140625,1504.5999755859375,67483
2026-08-20 13:30:00+00:00,1506.0,1507.5999755859375,1503.0,1506.199951171875,150380
2026-08-20 13:35:00+00:00,1507.0,1509.1820068359375,1505.300048828125,1506.0,54712
2026-08-20 13:40:00+00:00,1507.4000244140625,1509.199951171875,1503.824951171875,1508.0,44605
2026-08-20 13:45:00+00:00,1505.4000244140625,1507.5999755859375,1505.0,1507.199951171875,74787
2026-08-20 13:50:00+00:00,1507.0,1507.0,1505.0,1505.0,23744
2026-08-20 13:55:00+00:00,1505.0,1506.800048828125,1504.800048828125,1506.7869873046875,106239
2026-08-20 14:00:00+00:00,1504.4000244140625,1505.5999755859375,1504.0999755859375,1505.199951171875,124495
2026-08-20 14:05:00+00:00,1505.5999755859375,1505.5999755859375,1503.800048828125,1504.4000244140625,20817
2026-08-20 14:10:00+00:00,1505.4000244140625,1506.5999755859375,1505.0,1505.800048828125,70037
2026-08-20 14:15:00+00:00,1504.0,1505.4000244140625,1504.0,1505.199951171875,26796
2026-08-20 14:20:00+00:00,1505.9100341796875,1506.4000244140625,1503.5999755859375,1503.5999755859375,50924
2026-08-20 14:25:00+00:00,1506.199951171875,1506.5999755859375,1505.4000244140625,1506.199951171875,42782
2026-08-20 14:30:00+00:00,1507.56005859375,1508.0,1506.0,1506.260009765625,32598
2026-08-20 14:35:00+00:00,1508.0,1508.5999755859375,1506.5999755859375,1507.800048828125,95783
2026-08-20 14:40:00+00:00,1508.800048828125,1509.199951171875,1507.199951171875,1507.5999755859375,78913
2026-08-20 14:45:00+00:00,1508.199951171875,1509.0,1507.5999755859375,1509.0,59508
2026-08-20 14:50:00+00:00,1510.0,1511.0,1507.800048828125,1508.199951171875,152323
2026-08-20 14:55:00+00:00,1510.199951171875,1510.4000244140625,1509.4000244140625,1510.0,123958
2026-08-20 15:00:00+00:00,1511.4000244140625,1512.800048828125,1509.8800048828125,1510.0,216108
2026-08-20 15:05:00+00:00,1508.199951171875,1511.4000244140625,1507.800048828125,1511.199951171875,64038
2026-08-20 15:10:00+00:00,1507.199951171875,1508.5999755859375,1506.5999755859375,1508.4000244140625,110199
2026-08-20 15:15:00+00:00,1505.5999755859375,1507.0,1505.5999755859375,1507.0,99190
2026-08-20 15:20:00+00:00,1505.300048828125,1505.5999755859375,1504.199951171875,1505.5999755859375,289578
2026-08-20 15:25:00+00:00,1505.4000244140625,1506.0,1505.0,1505.0,161691
2026-08-21 07:00:00+00:00,1522.0,1522.800048828125,1516.199951171875,1516.199951171875,440671
2026-08-21 07:05:00+00:00,1520.199951171875,1523.0,1519.4000244140625,1522.0,221178
2026-08-21 07:10:00+00:00,1522.5999755859375,1522.5999755859375,1519.199951171875,1520.0,207076
2026-08-21 07:15:00+00:00,1520.4000244140625,1523.199951171875,1518.800048828125,1522.5999755859375,98744
2026-08-21 07:20:00+00:00,1522.800048828125,1523.0,1520.199951171875,1520.199951171875,96893
2026-08-21 07:25:00+00:00,1522.0,1523.0,1521.5999755859375,1522.800048828125,59408
2026-08-21 07:30:00+00:00,1522.800048828125,1523.4000244140625,1521.199951171875,1522.0,107783
2026-08-21 07:35:00+00:00,1521.5999755859375,1523.0,1521.0,1522.5999755859375,162625
2026-08-21 07:40:00+00:00,1525.5999755859375,1525.5999755859375,1521.4000244140625,1521.4000244140625,99554
2026-08-21 07:45:00+00:00,1523.5999755859375,1525.5999755859375,1522.5,1525.4000244140625,116123
2026-08-21 07:50:00+00:00,1523.4000244140625,1523.800048828125,1522.5999755859375,1523.5999755859375,132356
2026-08-21 07:55:00+00:00,1525.0,1525.800048828125,1523.4000244140625,1523.4000244140625,197632
2026-08-21 08:00:00+00:00,1523.4000244140625,1525.0,1516.199951171875,1524.800048828125,167234
2026-08-21 08:05:00+00:00,1523.199951171875,1523.800048828125,1522.0,1523.4000244140625,112193
2026-08-21 08:10:00+00:00,1520.5999755859375,1523.4000244140625,1520.4000244140625,1523.199951171875,83758
2026-08-21 08:15:00+00:00,1521.199951171875,1521.199951171875,1519.0,1520.5999755859375,53526
2026-08-21 08:20:00+00:00,1520.199951171875,1521.5999755859375,1518.9599609375,1521.0,48029
2026-08-21 08:25:00+00:00,1522.0,1522.5999755859375,1519.800048828125,1519.800048828125,40127
2026-08-21 08:30:00+00:00,1521.0,1521.5999755859375,1520.4000244140625,1521.5999755859375,55393
2026-08-21 08:35:00+00:00,1522.0,1522.5999755859375,1520.5999755859375,1521.0,75403
2026-08-21 08:40:00+00:00,1522.199951171875,1522.199951171875,1521.4000244140625,1521.800048828125,41773
2026-08-21 08:45:00+00:00,1519.800048828125,1522.199951171875,1519.4000244140625,1521.800048828125,59011
2026-08-21 08:50:00+00:00,1519.800048828125,1520.0,1519.4000244140625,1519.800048828125,43771
2026-08-21 08:55:00+00:00,1517.5999755859375,1519.4000244140625,1517.0,1519.4000244140625,66506
2026-08-21 09:00:00+00:00,1515.800048828125,1518.4000244140625,1515.4000244140625,1518.0,63425
2026-08-21 09:05:00+00:00,1516.1099853515625,1516.800048828125,1515.4000244140625,1515.800048828125,59775
2026-08-21 09:15:00+00:00,1514.760009765625,1518.800048828125,1514.5999755859375,1518.800048828125,1068095
2026-08-21 09:20:00+00:00,1514.1099853515625,1515.199951171875,1513.199951171875,1514.5999755859375,119988
2026-08-21 09:25:00+00:00,1513.4000244140625,1514.199951171875,1513.199951171875,1513.800048828125,39446
2026-08-21 09:30:00+00:00,1511.300048828125,1513.4000244140625,1511.199951171875,1513.4000244140625,74646
2026-08-21 09:35:00+00:00,1511.0,1512.0,1510.5999755859375,1511.0,27468
2026-08-21 09:40:00+00:00,1510.199951171875,1511.5999755859375,1509.800048828125,1511.0,46375
2026-08-21 09:45:00+00:00,1510.800048828125,1511.199951171875,1509.4000244140625,1510.199951171875,48166
2026-08-21 09:50:00+00:00,1508.4000244140625,1511.800048828125,1508.4000244140625,1510.800048828125,562130
2026-08-21 09:55:00+00:00,1507.5999755859375,1509.199951171875,1506.4000244140625,1508.4000244140625,152840
2026-08-21 10:00:00+00:00,1508.5999755859375,1509.0,1506.800048828125,1507.199951171875,61573
2026-08-21 10:05:00+00:00,1507.4000244140625,1509.199951171875,1507.199951171875,1508.4000244140625,105358
2026-08-21 10:10:00+00:00,1506.800048828125,1507.800048828125,1505.800048828125,1507.4000244140625,95095
2026-08-21 10:15:00+00:00,1508.5999755859375,1509.199951171875,1506.800048828125,1507.0,42537
2026-08-21 10:20:00+00:00,1509.5999755859375,1510.0,1508.0,1508.199951171875,28544
2026-08-21 10:25:00+00:00,1509.199951171875,1510.4000244140625,1509.199951171875,1509.800048828125,62467
2026-08-21 10:30:00+00:00,1509.5999755859375,1509.800048828125,1508.5999755859375,1509.199951171875,11387
2026-08-21 10:35:00+00:00,1509.0,1509.800048828125,1508.800048828125,1509.800048828125,19229
2026-08-21 10:40:00+00:00,1508.0,1509.199951171875,1507.5999755859375,1509.199951171875,13775
2026-08-21 10:45:00+00:00,1509.800048828125,1510.0,1507.800048828125,1507.800048828125,21319
2026-08-21 10:50:00+00:00,1510.0,1510.5999755859375,1509.4000244140625,1509.5999755859375,19203
2026-08-21 10:55:00+00:00,1510.0999755859375,1510.4000244140625,1509.799560546875,1510.4000244140625,23084
2026-08-21 11:00:00+00:00,1509.800048828125,1510.800048828125,1509.5999755859375,1510.199951171875,103141
2026-08-21 11:05:00+00:00,1510.5999755859375,1511.0,1510.0,1510.0,25526
2026-08-21 11:10:00+00:00,1510.0,1511.199951171875,1510.0,1510.4000244140625,13027
2026-08-21 11:15:00+00:00,1510.800048828125,1511.0,1509.800048828125,1510.4000244140625,13619
2026-08-21 11:20:00+00:00,1513.5999755859375,1514.0,1510.0,1510.5999755859375,36704
2026-08-21 11:25:00+00:00,1514.4000244140625,1514.800048828125,1513.4000244140625,1513.5999755859375,22563
2026-08-21 11:30:00+00:00,1514.0,1514.4000244140625,1512.5999755859375,1514.199951171875,30780
2026-08-21 11:35:00+00:00,1513.800048828125,1515.5999755859375,1513.5,1514.0,31205
2026-08-21 11:40:00+00:00,1511.800048828125,1513.4000244140625,1511.5999755859375,1513.4000244140625,15772
2026-08-21 11:45:00+00:00,1511.5999755859375,1512.5999755859375,1511.5999755859375,1512.0,20390
2026-08-21 11:50:00+00:00,1510.800048828125,1511.800048828125,1510.5999755859375,1511.5999755859375,7855
2026-08-21 11:55:00+00:00,1511.800048828125,1511.800048828125,1510.800048828125,1511.0,14645
2026-08-21 12:00:00+00:00,1511.9000244140625,1512.199951171875,1511.0,1511.800048828125,21009
2026-08-21 12:05:00+00:00,1513.0,1513.199951171875,1512.0,1512.0,17869
2026-08-21 12:10:00+00:00,1513.5999755859375,1513.5999755859375,1513.199951171875,1513.199951171875,16294
2026-08-21 12:15:00+00:00,1514.4000244140625,1514.4000244140625,1513.199951171875,1513.5999755859375,11506
2026-08-21 12:20:00+00:00,1513.5999755859375,1514.199951171875,1513.0,1513.800048828125,33131
2026-08-21 12:25:00+00:00,1513.800048828125,1513.800048828125,1513.199951171875,1513.5999755859375,29758
2026-08-21 12:30:00+00:00,1513.5999755859375,1514.4000244140625,1513.199951171875,1513.5999755859375,28437
2026-08-21 12:35:00+00:00,1515.4000244140625,1515.5999755859375,1513.4000244140625,1513.4000244140625,20200
2026-08-21 12:40:00+00:00,1516.199951171875,1517.0,1515.199951171875,1515.199951171875,27058
2026-08-21 12:45:00+00:00,1516.5999755859375,1516.800048828125,1515.5999755859375,1516.199951171875,35699
2026-08-21 12:50:00+00:00,1516.4000244140625,1517.0,1516.0,1516.399658203125,23994
2026-08-21 12:55:00+00:00,1516.0999755859375,1516.800048828125,1516.0,1516.5999755859375,67019
2026-08-21 13:00:00+00:00,1516.0,1516.4000244140625,1515.4000244140625,1516.199951171875,52978
2026-08-21 13:05:00+00:00,1517.4000244140625,1518.0,1516.4000244140625,1516.4000244140625,27545
2026-08-21 13:10:00+00:00,1518.199951171875,1518.5999755859375,1516.800048828125,1517.0,24578
2026-08-21 13:15:00+00:00,1518.5999755859375,1518.5999755859375,1517.199951171875,1518.4000244140625,55149
2026-08-21 13:20:00+00:00,1519.199951171875,1519.800048828125,1518.199951171875,1518.199951171875,32511
2026-08-21 13:25:00+00:00,1521.0,1521.0,1519.0,1519.199951171875,62558
2026-08-21 13:30:00+00:00,1521.5,1524.199951171875,1520.4000244140625,1520.5999755859375,207140
2026-08-21 13:35:00+00:00,1522.5999755859375,1524.4000244140625,1520.4000244140625,1521.199951171875,112490
2026-08-21 13:40:00+00:00,1525.0,1525.0,1522.199951171875,1522.5999755859375,815749
2026-08-21 13:45:00+00:00,1525.4000244140625,1525.9000244140625,1524.0,1524.800048828125,197270
2026-08-21 13:50:00+00:00,1525.0,1525.800048828125,1524.199951171875,1525.199951171875,96453
2026-08-21 13:55:00+00:00,1527.0,1527.4000244140625,1524.89990234375,1525.0,200704
2026-08-21 14:00:00+00:00,1525.4000244140625,1527.199951171875,1525.199951171875,1526.800048828125,129595
2026-08-21 14:05:00+00:00,1524.4000244140625,1525.5999755859375,1524.0,1525.5999755859375,67755
2026-08-21 14:10:00+00:00,1522.5999755859375,1524.5999755859375,1522.199951171875,1524.199951171875,41670
2026-08-21 14:15:00+00:00,1523.199951171875,1524.0,1521.800048828125,1522.5999755859375,86407
2026-08-21 14:20:00+00:00,1523.4000244140625,1524.5999755859375,1523.0,1523.4000244140625,32178
2026-08-21 14:25:00+00:00,1523.199951171875,1523.5999755859375,1522.199951171875,1523.4000244140625,63099
2026-08-21 14:30:00+00:00,1522.199951171875,1523.199951171875,1520.5999755859375,1523.199951171875,113320
2026-08-21 14:35:00+00:00,1522.4000244140625,1522.5999755859375,1521.199951171875,1521.800048828125,107381
2026-08-21 14:40:00+00:00,1521.199951171875,1522.800048828125,1521.0,1522.4000244140625,90727
2026-08-21 14:45:00+00:00,1519.800048828125,1521.199951171875,1518.4000244140625,1521.199951171875,112189
2026-08-21 14:50:00+00:00,1518.4000244140625,1520.0,1518.0,1519.800048828125,111528
2026-08-21 14:55:00+00:00,1517.4000244140625,1519.0,1517.0,1518.4000244140625,152707
2026-08-21 15:00:00+00:00,1517.800048828125,1518.0,1516.199951171875,1517.4000244140625,107318
2026-08-21 15:05:00+00:00,1519.199951171875,1519.4000244140625,1517.4000244140625,1517.5999755859375,108646
2026-08-21 15:10:00+00:00,1518.4000244140625,1520.199951171875,1518.4000244140625,1519.0,221520
2026-08-21 15:15:00+00:00,1518.5999755859375,1519.5999755859375,1518.199951171875,1518.199951171875,0
2026-08-21 15:20:00+00:00,1520.0,1520.0,1518.5999755859375,1518.6800537109375,153117
2026-08-21 15:25:00+00:00,1520.800048828125,1520.800048828125,1519.5999755859375,1520.199951171875,239954
2026-08-24 07:00:00+00:00,1515.0,1518.0,1504.199951171875,1506.5999755859375,0
2026-08-24 07:05:00+00:00,1515.4000244140625,1517.800048828125,1512.4000244140625,1513.4000244140625,379225
2026-08-24 07:10:00+00:00,1511.5999755859375,1516.800048828125,1511.0,1515.4000244140625,326963
2026-08-24 07:15:00+00:00,1510.4000244140625,1512.199951171875,1509.800048828125,1511.5899658203125,64402
2026-08-24 07:20:00+00:00,1510.800048828125,1511.800048828125,1509.8349609375,1510.500244140625,98131
2026-08-24 07:25:00+00:00,1509.4000244140625,1511.199951171875,1509.4000244140625,1510.4000244140625,79510
2026-08-24 07:30:00+00:00,1510.0,1510.800048828125,1508.0,1509.4000244140625,131609
2026-08-24 07:35:00+00:00,1510.199951171875,1510.5999755859375,1507.9097900390625,1510.0,123408
2026-08-24 07:40:00+00:00,1510.4000244140625,1511.0,1509.800048828125,1510.58203125,44045
2026-08-24 07:45:00+00:00,1511.800048828125,1512.4000244140625,1510.4000244140625,1510.469970703125,227615
2026-08-24 07:50:00+00:00,1512.800048828125,1513.199951171875,1511.4000244140625,1511.5999755859375,318350
2026-08-24 07:55:00+00:00,1512.0,1512.800048828125,1511.5999755859375,1512.4000244140625,126516
2026-08-24 08:00:00+00:00,1514.0,1514.1982421875,1511.5999755859375,1512.0,72280
2026-08-24 08:05:00+00:00,1515.199951171875,1518.199951171875,1513.5999755859375,1513.800048828125,229885
2026-08-24 08:10:00+00:00,1515.5999755859375,1516.239990234375,1514.5999755859375,1515.0,56560
2026-08-24 08:15:00+00:00,1517.0,1517.4000244140625,1515.4000244140625,1515.800048828125,29913
2026-08-24 08:20:00+00:00,1514.0,1517.199951171875,1513.5999755859375,1517.199951171875,40154
2026-08-24 08:25:00+00:00,1514.0,1514.5999755859375,1512.800048828125,1514.0,29939
2026-08-24 08:30:00+00:00,1515.800048828125,1516.199951171875,1513.800048828125,1514.0,62316
2026-08-24 08:35:00+00:00,1518.199951171875,1518.199951171875,1515.4000244140625,1515.800048828125,17059
2026-08-24 08:40:00+00:00,1519.5999755859375,1519.800048828125,1518.0,1518.199951171875,25132
2026-08-24 08:45:00+00:00,1519.5999755859375,1520.4000244140625,1519.4000244140625,1519.800048828125,77675
2026-08-24 08:50:00+00:00,1519.800048828125,1520.5999755859375,1519.199951171875,1519.4000244140625,79285
2026-08-24 08:55:00+00:00,1520.4000244140625,1521.0,1519.800048828125,1520.199951171875,15265
2026-08-24 09:00:00+00:00,1522.199951171875,1522.199951171875,1519.800048828125,1520.280029296875,16513
2026-08-24 09:05:00+00:00,1524.0,1524.0,1522.199951171875,1522.199951171875,37953
2026-08-24 09:10:00+00:00,1524.0196533203125,1525.199951171875,1523.800048828125,1524.0,40171
2026-08-24 09:15:00+00:00,1521.800048828125,1524.199951171875,1521.4000244140625,1524.0,33485
2026-08-24 09:20:00+00:00,1522.8599853515625,1523.0,1521.5999755859375,1521.800048828125,24746
2026-08-24 09:25:00+00:00,1521.5999755859375,1522.5999755859375,1521.4000244140625,1522.5999755859375,17419
2026-08-24 09:30:00+00:00,1522.4000244140625,1522.5999755859375,1521.800048828125,1522.0,69222
2026-08-24 09:35:00+00:00,1522.199951171875,1522.5999755859375,1521.4000244140625,1522.4000244140625,25565
2026-08-24 09:40:00+00:00,1522.3199462890625,1522.5999755859375,1506.5999755859375,1521.800048828125,608016
2026-08-24 09:45:00+00:00,1523.199951171875,1523.199951171875,1522.1600341796875,1522.1600341796875,15507
2026-08-24 09:50:00+00:00,1522.800048828125,1523.4000244140625,1522.199951171875,1523.4000244140625,29758
2026-08-24 09:55:00+00:00,1522.4000244140625,1522.9097900390625,1522.199951171875,1522.4000244140625,42274
2026-08-24 10:00:00+00:00,1523.0,1523.4000244140625,1522.5999755859375,1522.800048828125,12479
2026-08-24 10:05:00+00:00,1523.199951171875,1523.4000244140625,1506.5999755859375,1523.199951171875,742172
2026-08-24 10:10:00+00:00,1522.4000244140625,1523.4000244140625,1522.199951171875,1523.0,15308
2026-08-24 10:15:00+00:00,1523.0,1523.5999755859375,1522.0,1522.0,33412
2026-08-24 10:20:00+00:00,1523.4000244140625,1523.5999755859375,1522.800048828125,1522.998046875,14931
2026-08-24 10:25:00+00:00,1523.0,1523.800048828125,1523.0,1523.5999755859375,11473
2026-08-24 10:30:00+00:00,1524.800048828125,1524.800048828125,1523.199951171875,1523.199951171875,19546
2026-08-24 10:35:00+00:00,1524.4000244140625,1525.4000244140625,1524.4000244140625,1525.199951171875,15851
2026-08-24 10:40:00+00:00,1524.5999755859375,1524.800048828125,1506.5999755859375,1524.4000244140625,1607151
2026-08-24 10:45:00+00:00,1524.0,1525.5999755859375,1524.0,1524.4000244140625,26400
2026-08-24 10:50:00+00:00,1524.0,1524.800048828125,1524.0,1524.4000244140625,6721
2026-08-24 10:55:00+00:00,1524.5999755859375,1524.5999755859375,1523.800048828125,1524.4000244140625,13252
2026-08-24 11:00:00+00:00,1523.800048828125,1524.5999755859375,1523.4000244140625,1524.0,17655
2026-08-24 11:05:00+00:00,1523.56005859375,1524.199951171875,1523.0,1523.7606201171875,11411
2026-08-24 11:10:00+00:00,1523.4000244140625,1524.5999755859375,1523.199951171875,1523.4000244140625,36997
2026-08-24 11:15:00+00:00,1523.800048828125,1524.0,1523.199951171875,1523.199951171875,8024
2026-08-24 11:20:00+00:00,1524.5,1524.5999755859375,1523.800048828125,1523.800048828125,72801
2026-08-24 11:25:00+00:00,1525.4000244140625,1526.199951171875,1524.1600341796875,1524.5,70309
2026-08-24 11:30:00+00:00,1526.5999755859375,1526.5999755859375,1524.800048828125,1525.199951171875,38304
2026-08-24 11:35:00+00:00,1527.4000244140625,1527.800048828125,1526.5999755859375,1526.800048828125,43468
2026-08-24 11:40:00+00:00,1525.800048828125,1527.5999755859375,1525.5999755859375,1527.199951171875,15012
2026-08-24 11:45:00+00:00,1523.199951171875,1525.5999755859375,1522.800048828125,1525.5999755859375,20592
2026-08-24 11:50:00+00:00,1522.800048828125,1523.0,1522.199951171875,1522.800048828125,28269
2026-08-24 11:55:00+00:00,1521.5999755859375,1522.800048828125,1521.5999755859375,1522.5999755859375,27550
2026-08-24 12:00:00+00:00,1520.5999755859375,1522.0,1520.5999755859375,1522.0,29856
2026-08-24 12:05:00+00:00,1519.5999755859375,1521.199951171875,1519.4000244140625,1521.0,31464
2026-08-24 12:10:00+00:00,1521.4000244140625,1521.800048828125,1519.5999755859375,1519.800048828125,14549
2026-08-24 12:15:00+00:00,1520.5999755859375,1521.800048828125,1520.5999755859375,1521.5999755859375,23127
2026-08-24 12:20:00+00:00,1522.199951171875,1522.5999755859375,1520.4000244140625,1520.4000244140625,10262
2026-08-24 12:25:00+00:00,1522.6800537109375,1523.0,1522.0,1522.4000244140625,31374
2026-08-24 12:30:00+00:00,1522.0,1522.800048828125,1519.0,1522.800048828125,136721
2026-08-24 12:35:00+00:00,1521.4000244140625,1523.800048828125,1521.4000244140625,1521.9820556640625,70963
2026-08-24 12:40:00+00:00,1521.800048828125,1524.5999755859375,1521.4000244140625,1521.800048828125,136465
2026-08-24 12:45:00+00:00,1521.0,1521.97998046875,1520.5999755859375,1521.5999755859375,31932
2026-08-24 12:50:00+00:00,1521.5999755859375,1521.800048828125,1520.199951171875,1520.5999755859375,27757
2026-08-24 12:55:00+00:00,1521.0,1522.0,1521.0,1521.4000244140625,20443
2026-08-24 13:00:00+00:00,1520.5999755859375,1521.5999755859375,1520.4000244140625,1521.199951171875,27094
2026-08-24 13:05:00+00:00,1520.5999755859375,1521.199951171875,1520.199951171875,1520.5999755859375,42789
2026-08-24 13:10:00+00:00,1518.800048828125,1520.7099609375,1518.800048828125,1520.5999755859375,42212
2026-08-24 13:15:00+00:00,1520.199951171875,1520.5999755859375,1519.0,1519.0,48130
2026-08-24 13:20:00+00:00,1522.199951171875,1522.4000244140625,1520.0,1520.0,22198
2026-08-24 13:25:00+00:00,1522.5999755859375,1523.199951171875,1522.0,1522.199951171875,47672
2026-08-24 13:30:00+00:00,1522.800048828125,1524.0,1522.199951171875,1522.5999755859375,205203
2026-08-24 13:35:00+00:00,1522.0,1525.4000244140625,1521.5999755859375,1523.4000244140625,80539
2026-08-24 13:40:00+00:00,1521.5999755859375,1523.199951171875,1519.5999755859375,1521.800048828125,93868
2026-08-24 13:45:00+00:00,1526.199951171875,1526.199951171875,1521.5999755859375,1521.800048828125,119129
2026-08-24 13:50:00+00:00,1526.800048828125,1527.4000244140625,1525.726318359375,1526.199951171875,68931
2026-08-24 13:55:00+00:00,1525.800048828125,1527.5999755859375,1525.800048828125,1527.0,46095
2026-08-24 14:00:00+00:00,1524.199951171875,1526.5999755859375,1524.199951171875,1525.800048828125,60416
2026-08-24 14:05:00+00:00,1524.800048828125,1525.19775390625,1523.5999755859375,1524.0,54627
2026-08-24 14:10:00+00:00,1526.4000244140625,1526.4000244140625,1524.4000244140625,1524.5999755859375,81529
2026-08-24 14:15:00+00:00,1526.0,1526.5999755859375,1525.4000244140625,1526.4000244140625,32911
2026-08-24 14:20:00+00:00,1525.5999755859375,1527.0,1525.4000244140625,1526.0,47236
2026-08-24 14:25:00+00:00,1526.0,1526.4000244140625,1525.0,1525.5999755859375,31770
2026-08-24 14:30:00+00:00,1527.4000244140625,1528.0,1525.5999755859375,1526.0,100143
2026-08-24 14:35:00+00:00,1526.4000244140625,1527.5999755859375,1526.199951171875,1527.5999755859375,88985
2026-08-24 14:40:00+00:00,1527.1859130859375,1527.800048828125,1526.5999755859375,1526.800048828125,67987
2026-08-24 14:45:00+00:00,1528.0,1528.4000244140625,1526.5999755859375,1526.5999755859375,27462
2026-08-24 14:50:00+00:00,1528.800048828125,1529.0,1527.199951171875,1527.800048828125,68275
2026-08-24 14:55:00+00:00,1528.199951171875,1529.4000244140625,1527.199951171875,1529.0,84737
2026-08-24 15:00:00+00:00,1529.0,1529.0,1527.4000244140625,1528.199951171875,119042
2026-08-24 15:05:00+00:00,1528.199951171875,1528.800048828125,1527.5999755859375,1528.800048828125,97885
2026-08-24 15:10:00+00:00,1529.4000244140625,1529.4000244140625,1527.800048828125,1528.0,168620
2026-08-24 15:15:00+00:00,1528.199951171875,1529.199951171875,1528.0,1529.199951171875,102970
2026-08-24 15:20:00+00:00,1528.199951171875,1528.4000244140625,1527.4000244140625,1528.199951171875,141476
2026-08-24 15:25:00+00:00,1529.4000244140625,1530.0,1528.0,1528.0,148602
2026-08-25 07:00:00+00:00,1534.5999755859375,1537.0,1532.0,1533.5999755859375,436347
2026-08-25 07:05:00+00:00,1533.5999755859375,1537.199951171875,1532.5999755859375,1534.5999755859375,223870
2026-08-25 07:10:00+00:00,1533.800048828125,1535.0,1532.800048828125,1533.5999755859375,184234
2026-08-25 07:15:00+00:00,1533.0,1535.0,1532.5999755859375,1533.800048828125,154965
2026-08-25 07:20:00+00:00,1534.199951171875,1534.5999755859375,1532.5999755859375,1533.0,100660
2026-08-25 07:25:00+00:00,1535.0,1535.5999755859375,1533.800048828125,1534.0,86684
2026-08-25 07:30:00+00:00,1535.0,1535.9830322265625,1535.0,1535.199951171875,45886
2026-08-25 07:35:00+00:00,1533.4000244140625,1535.0,1533.4000244140625,1535.0,55965
2026-08-25 07:40:00+00:00,1533.4000244140625,1533.5999755859375,1532.800048828125,1533.4000244140625,120872
2026-08-25 07:45:00+00:00,1532.4000244140625,1533.4000244140625,1532.4000244140625,1533.199951171875,29411
2026-08-25 07:50:00+00:00,1529.800048828125,1532.5999755859375,1529.5999755859375,1532.199951171875,127832
2026-08-25 07:55:00+00:00,1530.4000244140625,1531.0,1529.5999755859375,1529.800048828125,57191
2026-08-25 08:00:00+00:00,1528.5999755859375,1530.5999755859375,1528.5999755859375,1530.0,34220
2026-08-25 08:05:00+00:00,1529.699951171875,1530.4000244140625,1528.5999755859375,1528.5999755859375,54195
2026-08-25 08:10:00+00:00,1530.199951171875,1530.4000244140625,1529.199951171875,1529.5999755859375,13317
2026-08-25 08:15:00+00:00,1531.7860107421875,1532.199951171875,1530.0,1530.0,58388
2026-08-25 08:20:00+00:00,1536.5999755859375,1537.4000244140625,1531.3819580078125,1531.5999755859375,118482
2026-08-25 08:25:00+00:00,1533.800048828125,1536.800048828125,1533.4000244140625,1536.5999755859375,20199
2026-08-25 08:30:00+00:00,1533.199951171875,1534.199951171875,1531.4000244140625,1534.0,55512
2026-08-25 08:35:00+00:00,1531.199951171875,1533.5999755859375,1531.0,1533.4000244140625,10952
2026-08-25 08:40:00+00:00,1532.199951171875,1532.800048828125,1531.4000244140625,1531.4000244140625,17448
2026-08-25 08:45:00+00:00,1532.800048828125,1533.5999755859375,1532.199951171875,1533.0,11545
2026-08-25 08:50:00+00:00,1533.3819580078125,1533.5999755859375,1532.5999755859375,1532.800048828125,14991
2026-08-25 08:55:00+00:00,1534.199951171875,1535.0,1533.0,1533.4000244140625,11949
2026-08-25 09:00:00+00:00,1533.0,1534.199951171875,1532.4000244140625,1534.199951171875,18268
2026-08-25 09:05:00+00:00,1533.199951171875,1533.4000244140625,1532.4000244140625,1532.800048828125,21087
2026-08-25 09:10:00+00:00,1530.4000244140625,1533.5999755859375,1530.199951171875,1532.800048828125,15113
2026-08-25 09:15:00+00:00,1529.5999755859375,1530.5999755859375,1529.5999755859375,1530.4000244140625,3797
2026-08-25 09:20:00+00:00,1529.5999755859375,1530.199951171875,1528.5999755859375,1529.5999755859375,30212
2026-08-25 09:25:00+00:00,1528.199951171875,1530.5999755859375,1528.199951171875,1529.5999755859375,40434
2026-08-25 09:30:00+00:00,1529.4000244140625,1530.199951171875,1526.5999755859375,1528.0,57937
2026-08-25 09:35:00+00:00,1528.199951171875,1530.4000244140625,1528.0,1529.199951171875,27444
2026-08-25 09:40:00+00:00,1527.4000244140625,1528.800048828125,1527.4000244140625,1528.199951171875,6335
2026-08-25 09:45:00+00:00,1529.800048828125,1529.800048828125,1527.29296875,1527.4000244140625,72211
2026-08-25 09:50:00+00:00,1528.5999755859375,1530.199951171875,1528.5999755859375,1530.0,9831
2026-08-25 09:55:00+00:00,1529.0,1531.0,1528.199951171875,1528.5999755859375,24871
2026-08-25 10:00:00+00:00,1528.5999755859375,1530.0,1528.0,1529.199951171875,49096
2026-08-25 10:05:00+00:00,1529.199951171875,1529.199951171875,1528.199951171875,1528.199951171875,44150
2026-08-25 10:10:00+00:00,1529.4000244140625,1529.800048828125,1528.822998046875,1529.199951171875,16943
2026-08-25 10:15:00+00:00,1529.800048828125,1530.4000244140625,1529.4000244140625,1529.4000244140625,4483
2026-08-25 10:20:00+00:00,1528.4000244140625,1530.0,1528.0,1529.4000244140625,42006
2026-08-25 10:25:00+00:00,1528.5999755859375,1529.199951171875,1527.800048828125,1528.199951171875,18526
2026-08-25 10:30:00+00:00,1529.3599853515625,1529.4000244140625,1528.77978515625,1528.77978515625,7873
2026-08-25 10:35:00+00:00,1527.800048828125,1529.4000244140625,1527.4000244140625,1529.4000244140625,60285
2026-08-25 10:40:00+00:00,1528.199951171875,1528.800048828125,1527.47998046875,1527.800048828125,95842
2026-08-25 10:45:00+00:00,1529.800048828125,1530.199951171875,1528.0,1528.199951171875,21297
2026-08-25 10:50:00+00:00,1531.199951171875,1531.199951171875,1529.5999755859375,1529.800048828125,5090
2026-08-25 10:55:00+00:00,1530.800048828125,1532.0,1530.5999755859375,1530.800048828125,7728
2026-08-25 11:00:00+00:00,1530.199951171875,1531.0,1530.0,1530.800048828125,14050
2026-08-25 11:05:00+00:00,1528.5999755859375,1529.800048828125,1527.4000244140625,1529.800048828125,131390
2026-08-25 11:10:00+00:00,1529.4000244140625,1529.800048828125,1528.199951171875,1528.699951171875,34040
2026-08-25 11:15:00+00:00,1527.199951171875,1529.5999755859375,1526.5999755859375,1529.4000244140625,22594
2026-08-25 11:20:00+00:00,1527.5999755859375,1527.5999755859375,1526.4000244140625,1527.0,27684
2026-08-25 11:25:00+00:00,1526.5999755859375,1527.800048828125,1526.4000244140625,1527.199951171875,10988
2026-08-25 11:30:00+00:00,1525.5999755859375,1527.4000244140625,1525.5999755859375,1526.5999755859375,22609
2026-08-25 11:35:00+00:00,1526.199951171875,1526.199951171875,1524.800048828125,1525.4000244140625,25116
2026-08-25 11:40:00+00:00,1524.4000244140625,1526.5999755859375,1523.5999755859375,1526.4000244140625,12469
2026-08-25 11:45:00+00:00,1525.199951171875,1525.199951171875,1524.0,1524.4000244140625,34226
2026-08-25 11:50:00+00:00,1523.800048828125,1525.800048828125,1523.199951171875,1525.199951171875,59851
2026-08-25 11:55:00+00:00,1524.4000244140625,1524.4000244140625,1521.5999755859375,1523.199951171875,211213
2026-08-25 12:00:00+00:00,1525.199951171875,1525.4000244140625,1523.4000244140625,1524.4000244140625,17506
2026-08-25 12:05:00+00:00,1525.0,1525.5999755859375,1524.199951171875,1525.199951171875,32188
2026-08-25 12:10:00+00:00,1525.199951171875,1525.4000244140625,1524.0,1525.0,29803
2026-08-25 12:15:00+00:00,1526.800048828125,1526.800048828125,1524.5999755859375,1525.199951171875,39059
2026-08-25 12:20:00+00:00,1525.5999755859375,1527.0,1525.4000244140625,1527.0,11619
2026-08-25 12:25:00+00:00,1525.5999755859375,1526.5999755859375,1525.385009765625,1525.5999755859375,32166
2026-08-25 12:30:00+00:00,1524.699951171875,1525.800048828125,1524.699951171875,1525.800048828125,9152
2026-08-25 12:35:00+00:00,1524.5999755859375,1525.0,1523.4000244140625,1524.800048828125,37353
2026-08-25 12:40:00+00:00,1522.800048828125,1524.800048828125,1522.5999755859375,1524.800048828125,28335
2026-08-25 12:45:00+00:00,1523.5999755859375,1523.5999755859375,1521.800048828125,1522.4000244140625,39081
2026-08-25 12:50:00+00:00,1523.0,1524.199951171875,1523.0,1523.4000244140625,13873
2026-08-25 12:55:00+00:00,1520.4000244140625,1523.4000244140625,1520.0,1523.199951171875,24955
2026-08-25 13:00:00+00:00,1517.800048828125,1520.4000244140625,1517.800048828125,1520.300048828125,41755
2026-08-25 13:05:00+00:00,1513.199951171875,1517.800048828125,1513.199951171875,1517.800048828125,37223
2026-08-25 13:10:00+00:00,1511.8060302734375,1513.199951171875,1510.199951171875,1512.5999755859375,75402
2026-08-25 13:15:00+00:00,1508.800048828125,1512.199951171875,1508.800048828125,1511.800048828125,129805
2026-08-25 13:20:00+00:00,1510.0,1510.199951171875,1508.5999755859375,1509.199951171875,44119
2026-08-25 13:25:00+00:00,1510.800048828125,1512.800048828125,1510.0,1510.0,203152
2026-08-25 13:30:00+00:00,1510.800048828125,1513.4000244140625,1508.0,1511.0,197632
2026-08-25 13:35:00+00:00,1505.0,1511.0,1504.5999755859375,1510.800048828125,126442
2026-08-25 13:40:00+00:00,1507.4000244140625,1508.0,1504.0,1505.0,181120
2026-08-25 13:45:00+00:00,1508.5999755859375,1508.5999755859375,1506.199951171875,1507.5999755859375,104053
2026-08-25 13:50:00+00:00,1509.4000244140625,1510.5999755859375,1508.5999755859375,1508.800048828125,105452
2026-08-25 13:55:00+00:00,1510.309814453125,1511.5999755859375,1509.219970703125,1509.5999755859375,100438
2026-08-25 14:00:00+00:00,1512.0,1513.800048828125,1509.800048828125,1510.4000244140625,106051
2026-08-25 14:05:00+00:00,1512.5999755859375,1513.5999755859375,1511.5999755859375,1512.199951171875,94773
2026-08-25 14:10:00+00:00,1515.4000244140625,1515.4000244140625,1512.5999755859375,1512.800048828125,170989
2026-08-25 14:15:00+00:00,1514.199951171875,1516.4000244140625,1513.800048828125,1515.4000244140625,60753
2026-08-25 14:20:00+00:00,1516.0,1516.4000244140625,1514.4000244140625,1514.5999755859375,179527
2026-08-25 14:25:00+00:00,1514.199951171875,1516.199951171875,1513.4000244140625,1516.199951171875,92298
2026-08-25 14:30:00+00:00,1529.0,1529.0,1511.0,1514.0,240331
2026-08-25 14:35:00+00:00,1514.8909912109375,1516.199951171875,1514.4000244140625,1515.0,187875
2026-08-25 14:40:00+00:00,1514.5999755859375,1515.199951171875,1513.0,1515.0,79226
2026-08-25 14:45:00+00:00,1512.4000244140625,1515.199951171875,1512.0,1514.4000244140625,58538
2026-08-25 14:50:00+00:00,1513.5999755859375,1514.800048828125,1511.0,1512.0,70614
2026-08-25 14:55:00+00:00,1514.0,1514.4000244140625,1513.4000244140625,1514.0,55426
2026-08-25 15:00:00+00:00,1514.0,1514.4000244140625,1513.199951171875,1514.0,79403
2026-08-25 15:05:00+00:00,1515.0,1515.199951171875,1513.4000244140625,1514.0,110012
2026-08-25 15:10:00+00:00,1514.800048828125,1515.199951171875,1514.4000244140625,1514.800048828125,91571
2026-08-25 15:15:00+00:00,1516.800048828125,1516.800048828125,1514.800048828125,1514.800048828125,122278
2026-08-25 15:20:00+00:00,1516.0,1517.4000244140625,1515.9599609375,1516.800048828125,145100
2026-08-25 15:25:00+00:00,1517.0,1517.199951171875,1515.5999755859375,1515.800048828125,268823
2026-08-26 07:00:00+00:00,1521.4000244140625,1525.0,1519.5999755859375,1524.4000244140625,543377
2026-08-26 07:05:00+00:00,1516.0,1521.4000244140625,1513.800048828125,1520.800048828125,161178
2026-08-26 07:10:00+00:00,1519.5999755859375,1520.199951171875,1515.199951171875,1516.199951171875,113533
2026-08-26 07:15:00+00:00,1517.800048828125,1521.199951171875,1517.800048828125,1519.800048828125,77761
2026-08-26 07:20:00+00:00,1514.4000244140625,1518.199951171875,1514.4000244140625,1517.800048828125,38141
2026-08-26 07:25:00+00:00,1510.5999755859375,1516.199951171875,1510.5999755859375,1515.4000244140625,113859
2026-08-26 07:30:00+00:00,1510.0,1511.199951171875,1507.199951171875,1510.5999755859375,215288
2026-08-26 07:35:00+00:00,1511.4000244140625,1513.0,1509.800048828125,1510.0,162336
2026-08-26 07:40:00+00:00,1511.800048828125,1512.199951171875,1509.800048828125,1511.4000244140625,203820
2026-08-26 07:45:00+00:00,1511.199951171875,1512.5999755859375,1511.199951171875,1512.0,40177
2026-08-26 07:50:00+00:00,1513.0,1513.4000244140625,1510.800048828125,1511.4000244140625,52755
2026-08-26 07:55:00+00:00,1514.4000244140625,1514.4000244140625,1513.0,1513.199951171875,57168
2026-08-26 08:00:00+00:00,1515.4000244140625,1516.5999755859375,1514.5999755859375,1514.5999755859375,61510
2026-08-26 08:05:00+00:00,1516.800048828125,1516.800048828125,1515.199951171875,1515.199951171875,137977
2026-08-26 08:10:00+00:00,1516.0,1517.0,1516.0,1516.5999755859375,24778
2026-08-26 08:15:00+00:00,1516.300048828125,1517.0,1515.199951171875,1515.5999755859375,32126
2026-08-26 08:20:00+00:00,1517.199951171875,1517.199951171875,1516.199951171875,1516.4000244140625,11599
2026-08-26 08:25:00+00:00,1521.0,1521.0,1517.4000244140625,1517.4000244140625,47912
2026-08-26 08:30:00+00:00,1520.0,1521.5999755859375,1519.4000244140625,1520.9849853515625,14796
2026-08-26 08:35:00+00:00,1520.5999755859375,1520.800048828125,1519.4000244140625,1520.0,14085
2026-08-26 08:40:00+00:00,1521.0,1524.4000244140625,1520.199951171875,1520.4000244140625,100801
2026-08-26 08:45:00+00:00,1522.800048828125,1522.800048828125,1521.3399658203125,1521.4000244140625,110540
2026-08-26 08:50:00+00:00,1521.800048828125,1523.0,1519.5999755859375,1522.5999755859375,42032
2026-08-26 08:55:00+00:00,1521.5999755859375,1521.800048828125,1519.800048828125,1521.5999755859375,26014
2026-08-26 09:00:00+00:00,1523.0,1523.0999755859375,1521.199951171875,1521.800048828125,50699
2026-08-26 09:05:00+00:00,1522.4000244140625,1522.800048828125,1521.4000244140625,1522.4000244140625,21092
2026-08-26 09:10:00+00:00,1523.4000244140625,1523.5880126953125,1522.199951171875,1522.4000244140625,17004
2026-08-26 09:15:00+00:00,1521.5999755859375,1523.199951171875,1521.5999755859375,1523.199951171875,13489
2026-08-26 09:20:00+00:00,1521.0,1521.800048828125,1519.1904296875,1521.4000244140625,45749
2026-08-26 09:25:00+00:00,1521.0,1521.800048828125,1520.800048828125,1521.0,14709
2026-08-26 09:30:00+00:00,1520.5999755859375,1521.800048828125,1520.4000244140625,1521.199951171875,19954
2026-08-26 09:35:00+00:00,1520.5999755859375,1521.800048828125,1520.5999755859375,1521.0,26054
2026-08-26 09:40:00+00:00,1518.800048828125,1520.4000244140625,1518.199951171875,1520.4000244140625,26007
2026-08-26 09:45:00+00:00,1518.4000244140625,1519.800048828125,1518.199951171875,1518.800048828125,14849
2026-08-26 09:50:00+00:00,1518.4000244140625,1519.5999755859375,1518.199951171875,1518.199951171875,13586
2026-08-26 09:55:00+00:00,1518.800048828125,1519.5999755859375,1518.4000244140625,1518.4000244140625,19139
2026-08-26 10:00:00+00:00,1517.5999755859375,1519.4000244140625,1517.4000244140625,1519.199951171875,27217
2026-08-26 10:05:00+00:00,1518.0,1518.199951171875,1516.5999755859375,1517.5999755859375,15909
2026-08-26 10:10:00+00:00,1517.800048828125,1518.0,1517.199951171875,1518.0,2605
2026-08-26 10:15:00+00:00,1518.199951171875,1518.593017578125,1517.800048828125,1517.800048828125,6147
2026-08-26 10:20:00+00:00,1518.800048828125,1519.199951171875,1517.800048828125,1518.199951171875,11805
2026-08-26 10:25:00+00:00,1519.0,1519.4000244140625,1518.4000244140625,1519.0,24127
2026-08-26 10:30:00+00:00,1518.5999755859375,1518.800048828125,1518.0,1518.5999755859375,14072
2026-08-26 10:35:00+00:00,1519.0,1519.0,1518.0,1518.5999755859375,9146
2026-08-26 10:40:00+00:00,1517.4000244140625,1519.0,1517.199951171875,1519.0,12935
2026-08-26 10:45:00+00:00,1518.4000244140625,1518.5999755859375,1517.300048828125,1517.300048828125,16752
2026-08-26 10:50:00+00:00,1518.4000244140625,1518.4000244140625,1517.800048828125,1518.199951171875,10869
2026-08-26 10:55:00+00:00,1517.800048828125,1518.199951171875,1517.5999755859375,1518.199951171875,13296
2026-08-26 11:00:00+00:00,1518.0,1518.4000244140625,1517.5999755859375,1517.5999755859375,20872
2026-08-26 11:05:00+00:00,1518.0,1518.4000244140625,1517.5999755859375,1518.0,16721
2026-08-26 11:10:00+00:00,1518.4000244140625,1518.4000244140625,1517.800048828125,1518.0,18957
2026-08-26 11:15:00+00:00,1518.199951171875,1519.199951171875,1518.199951171875,1518.4000244140625,21909
2026-08-26 11:20:00+00:00,1518.199951171875,1518.5999755859375,1518.0,1518.199951171875,17045
2026-08-26 11:25:00+00:00,1519.0,1519.0,1518.0,1518.0,9199
2026-08-26 11:30:00+00:00,1518.199951171875,1519.0,1517.800048828125,1518.800048828125,16559
2026-08-26 11:35:00+00:00,1518.4000244140625,1518.800048828125,1517.5999755859375,1518.199951171875,13128
2026-08-26 11:40:00+00:00,1519.5999755859375,1519.5999755859375,1518.4000244140625,1518.4000244140625,25089
2026-08-26 11:45:00+00:00,1519.0999755859375,1519.4000244140625,1518.5999755859375,1519.4000244140625,17135
2026-08-26 11:50:00+00:00,1520.0,1520.199951171875,1519.199951171875,1519.199951171875,29293
2026-08-26 11:55:00+00:00,1520.199951171875,1520.4000244140625,1519.800048828125,1519.800048828125,18155
2026-08-26 12:00:00+00:00,1520.199951171875,1521.0,1519.800048828125,1520.0,45237
2026-08-26 12:05:00+00:00,1520.5999755859375,1520.800048828125,1520.0999755859375,1520.0999755859375,43292
2026-08-26 12:10:00+00:00,1518.4000244140625,1520.800048828125,1518.199951171875,1520.5999755859375,20671
2026-08-26 12:15:00+00:00,1519.4000244140625,1519.4000244140625,1517.199951171875,1518.199951171875,23735
2026-08-26 12:20:00+00:00,1519.4000244140625,1520.199951171875,1518.800048828125,1519.199951171875,43766
2026-08-26 12:25:00+00:00,1520.5999755859375,1520.5999755859375,1518.800048828125,1519.4000244140625,25104
2026-08-26 12:30:00+00:00,1521.4000244140625,1521.800048828125,1519.4000244140625,1520.800048828125,38265
2026-08-26 12:35:00+00:00,1521.0,1522.5999755859375,1521.0,1521.800048828125,41220
2026-08-26 12:40:00+00:00,1521.5999755859375,1521.800048828125,1520.4000244140625,1521.4000244140625,17296
2026-08-26 12:45:00+00:00,1522.800048828125,1522.800048828125,1521.4000244140625,1521.5999755859375,21945
2026-08-26 12:50:00+00:00,1521.800048828125,1522.5999755859375,1521.0,1522.4000244140625,18282
2026-08-26 12:55:00+00:00,1521.199951171875,1522.199951171875,1520.5999755859375,1521.800048828125,47526
2026-08-26 13:00:00+00:00,1522.0,1522.4000244140625,1520.5999755859375,1521.0,37319
2026-08-26 13:05:00+00:00,1521.5999755859375,1523.5999755859375,1521.5999755859375,1522.5999755859375,25526
2026-08-26 13:10:00+00:00,1522.5999755859375,1523.0,1521.4000244140625,1521.5999755859375,20391
2026-08-26 13:15:00+00:00,1523.4000244140625,1523.4000244140625,1522.4000244140625,1522.699951171875,34124
2026-08-26 13:20:00+00:00,1523.5999755859375,1525.4000244140625,1523.4000244140625,1523.4000244140625,81088
2026-08-26 13:25:00+00:00,1525.199951171875,1525.4000244140625,1523.199951171875,1523.5999755859375,54599
2026-08-26 13:30:00+00:00,1524.199951171875,1526.199951171875,1521.5999755859375,1525.4000244140625,135427
2026-08-26 13:35:00+00:00,1525.800048828125,1526.0,1523.199951171875,1524.199951171875,76402
2026-08-26 13:40:00+00:00,1525.4000244140625,1526.5999755859375,1524.199951171875,1526.4000244140625,76270
2026-08-26 13:45:00+00:00,1522.4000244140625,1525.4000244140625,1521.5999755859375,1525.4000244140625,149626
2026-08-26 13:50:00+00:00,1523.5999755859375,1524.0,1522.199951171875,1522.5999755859375,69092
2026-08-26 13:55:00+00:00,1524.4000244140625,1525.4000244140625,1523.199951171875,1523.199951171875,210818
2026-08-26 14:00:00+00:00,1524.4000244140625,1525.800048828125,1523.800048828125,1524.4000244140625,62556
2026-08-26 14:05:00+00:00,1524.4000244140625,1525.0,1523.5999755859375,1524.4000244140625,92118
2026-08-26 14:10:00+00:00,1524.199951171875,1525.0,1523.5999755859375,1524.5999755859375,115821
2026-08-26 14:15:00+00:00,1522.800048828125,1524.5999755859375,1521.800048828125,1524.0,113766
2026-08-26 14:20:00+00:00,1524.199951171875,1524.199951171875,1522.199951171875,1522.4000244140625,81897
2026-08-26 14:25:00+00:00,1524.5999755859375,1526.199951171875,1523.800048828125,1524.4000244140625,91065
2026-08-26 14:30:00+00:00,1525.5999755859375,1525.5999755859375,1523.800048828125,1524.5999755859375,128721
2026-08-26 14:35:00+00:00,1526.5999755859375,1527.0,1525.4000244140625,1525.5999755859375,116429
2026-08-26 14:40:00+00:00,1526.0,1526.800048828125,1525.4000244140625,1526.5999755859375,76211
2026-08-26 14:45:00+00:00,1525.5999755859375,1526.4000244140625,1525.4000244140625,1526.199951171875,54559
2026-08-26 14:50:00+00:00,1525.800048828125,1526.800048828125,1525.0,1525.5999755859375,135907
2026-08-26 14:55:00+00:00,1525.0,1526.5999755859375,1524.5999755859375,1525.800048828125,265677
2026-08-26 15:00:00+00:00,1525.5999755859375,1525.800048828125,1524.0,1525.199951171875,185186
2026-08-26 15:05:00+00:00,1525.0,1526.0,1524.4000244140625,1525.199951171875,229161
2026-08-26 15:10:00+00:00,1524.0,1525.4000244140625,1523.199951171875,1524.800048828125,229447
2026-08-26 15:15:00+00:00,1523.800048828125,1524.4000244140625,1523.4000244140625,1524.199951171875,138080
2026-08-26 15:20:00+00:00,1524.199951171875,1524.4000244140625,1523.5999755859375,1523.800048828125,156314
2026-08-26 15:25:00+00:00,1525.199951171875,1525.5999755859375,1524.0,1524.199951171875,213680
2026-08-27 07:00:00+00:00,1522.4000244140625,1523.4000244140625,1517.199951171875,1520.0,84303
2026-08-27 07:05:00+00:00,1523.800048828125,1525.5999755859375,1521.800048828125,1522.199951171875,88038
2026-08-27 07:10:00+00:00,1523.800048828125,1524.5999755859375,1521.800048828125,1523.800048828125,83299
2026-08-27 07:15:00+00:00,1523.199951171875,1523.800048828125,1521.800048828125,1523.5999755859375,37616
2026-08-27 07:20:00+00:00,1521.199951171875,1523.0,1520.0,1522.800048828125,45330
2026-08-27 07:25:00+00:00,1520.4000244140625,1521.5999755859375,1519.800048828125,1521.0,57812
2026-08-27 07:30:00+00:00,1521.4000244140625,1522.0,1520.5999755859375,1520.5999755859375,11282
2026-08-27 07:35:00+00:00,1519.4000244140625,1522.0,1519.199951171875,1522.0,68871
2026-08-27 07:40:00+00:00,1520.199951171875,1521.5999755859375,1519.800048828125,1519.800048828125,95177
2026-08-27 07:45:00+00:00,1518.699951171875,1520.199951171875,1518.4000244140625,1520.0,131604
2026-08-27 07:50:00+00:00,1519.199951171875,1520.4000244140625,1518.199951171875,1518.800048828125,111960
2026-08-27 07:55:00+00:00,1519.199951171875,1520.0,1518.800048828125,1519.199951171875,78435
2026-08-27 08:00:00+00:00,1518.800048828125,1519.5999755859375,1517.5999755859375,1519.4000244140625,38914
2026-08-27 08:05:00+00:00,1518.5999755859375,1519.4000244140625,1517.800048828125,1518.5999755859375,58341
2026-08-27 08:10:00+00:00,1518.199951171875,1519.800048828125,1517.800048828125,1518.4000244140625,48994
2026-08-27 08:15:00+00:00,1518.0,1518.4000244140625,1516.800048828125,1518.0,28622
2026-08-27 08:20:00+00:00,1517.5999755859375,1519.0,1517.4000244140625,1518.199951171875,33239
2026-08-27 08:25:00+00:00,1515.199951171875,1517.4000244140625,1514.5999755859375,1517.4000244140625,82246
2026-08-27 08:30:00+00:00,1511.800048828125,1516.0,1511.800048828125,1515.199951171875,49117
2026-08-27 08:35:00+00:00,1508.383056640625,1514.0,1508.199951171875,1512.0,50657
2026-08-27 08:40:00+00:00,1510.0,1510.4000244140625,1507.199951171875,1508.0,116045
2026-08-27 08:45:00+00:00,1503.900146484375,1510.0,1503.0,1510.0,100545
2026-08-27 08:50:00+00:00,1503.5999755859375,1506.4000244140625,1503.5999755859375,1504.0,182963
2026-08-27 08:55:00+00:00,1501.5999755859375,1505.4000244140625,1501.4000244140625,1503.5999755859375,81037
2026-08-27 09:00:00+00:00,1507.800048828125,1507.800048828125,1501.4000244140625,1501.5999755859375,49810
2026-08-27 09:05:00+00:00,1508.4000244140625,1509.0,1506.199951171875,1507.800048828125,58771
2026-08-27 09:10:00+00:00,1508.4000244140625,1510.199951171875,1507.800048828125,1508.5999755859375,169515
2026-08-27 09:15:00+00:00,1508.800048828125,1509.199951171875,1507.0,1508.199951171875,93830
2026-08-27 09:20:00+00:00,1510.5999755859375,1511.199951171875,1509.4000244140625,1509.4000244140625,70581
2026-08-27 09:25:00+00:00,1510.800048828125,1511.0,1509.4000244140625,1510.5999755859375,35710
2026-08-27 09:30:00+00:00,1510.199951171875,1511.5999755859375,1509.800048828125,1510.800048828125,49605
2026-08-27 09:35:00+00:00,1511.0,1511.4000244140625,1509.0,1510.199951171875,68820
2026-08-27 09:40:00+00:00,1508.199951171875,1520.0,1508.199951171875,1511.0,53587
2026-08-27 09:45:00+00:00,1508.199951171875,1509.0,1507.800048828125,1508.4000244140625,28030
2026-08-27 09:50:00+00:00,1509.800048828125,1510.4000244140625,1508.199951171875,1508.199951171875,41334
2026-08-27 09:55:00+00:00,1511.199951171875,1512.0,1510.0,1510.0,36240
2026-08-27 10:00:00+00:00,1510.800048828125,1511.5999755859375,1509.5999755859375,1511.4000244140625,33875
2026-08-27 10:05:00+00:00,1511.199951171875,1512.0,1510.5999755859375,1510.800048828125,34679
2026-08-27 10:10:00+00:00,1511.5999755859375,1511.5999755859375,1510.4000244140625,1511.0,26804
2026-08-27 10:15:00+00:00,1511.0,1512.0,1510.800048828125,1511.5999755859375,27187
2026-08-27 10:20:00+00:00,1511.5999755859375,1512.0,1511.0,1511.5999755859375,41229
2026-08-27 10:25:00+00:00,1511.3599853515625,1511.5999755859375,1510.0,1511.5999755859375,45310
2026-08-27 10:30:00+00:00,1511.800048828125,1512.0,1511.0,1511.5999755859375,28536
2026-08-27 10:35:00+00:00,1512.0,1512.199951171875,1511.4000244140625,1512.199951171875,34747
2026-08-27 10:40:00+00:00,1513.6700439453125,1513.6700439453125,1511.5999755859375,1511.800048828125,44935
2026-08-27 10:45:00+00:00,1513.5999755859375,1514.4000244140625,1513.4000244140625,1514.199951171875,23903
2026-08-27 10:50:00+00:00,1514.280029296875,1514.4000244140625,1513.4000244140625,1513.4000244140625,25709
2026-08-27 10:55:00+00:00,1514.800048828125,1515.199951171875,1514.4000244140625,1514.5999755859375,27418
2026-08-27 11:00:00+00:00,1514.3599853515625,1515.0,1513.5999755859375,1514.800048828125,30849
2026-08-27 11:05:00+00:00,1515.199951171875,1515.4000244140625,1514.199951171875,1514.5999755859375,42426
2026-08-27 11:10:00+00:00,1514.199951171875,1515.0,1513.4000244140625,1515.0,32152
2026-08-27 11:15:00+00:00,1514.5999755859375,1514.5999755859375,1513.5999755859375,1514.0,21461
2026-08-27 11:20:00+00:00,1516.0,1516.4200439453125,1514.5999755859375,1514.5999755859375,48878
2026-08-27 11:25:00+00:00,1516.5999755859375,1517.4000244140625,1516.4000244140625,1516.5999755859375,24150
2026-08-27 11:30:00+00:00,1517.199951171875,1518.800048828125,1516.0,1516.800048828125,52088
2026-08-27 11:35:00+00:00,1518.0,1518.199951171875,1516.800048828125,1517.0,53874
2026-08-27 11:40:00+00:00,1519.0,1519.4000244140625,1518.0,1518.0,20752
2026-08-27 11:45:00+00:00,1517.5999755859375,1519.0,1517.5999755859375,1519.0,12823
2026-08-27 11:50:00+00:00,1519.0,1519.199951171875,1517.5999755859375,1518.0,14075
2026-08-27 11:55:00+00:00,1518.800048828125,1519.0,1518.0,1518.800048828125,34394
2026-08-27 12:00:00+00:00,1518.800048828125,1519.199951171875,1518.5999755859375,1518.800048828125,11088
2026-08-27 12:05:00+00:00,1517.5999755859375,1519.199951171875,1517.5999755859375,1518.800048828125,34785
2026-08-27 12:10:00+00:00,1517.800048828125,1518.199951171875,1517.5999755859375,1517.5999755859375,18177
2026-08-27 12:15:00+00:00,1518.199951171875,1519.0,1517.4000244140625,1517.800048828125,34552
2026-08-27 12:20:00+00:00,1518.4000244140625,1519.5999755859375,1518.0,1518.4000244140625,35684
2026-08-27 12:25:00+00:00,1518.0,1518.5999755859375,1517.5999755859375,1518.199951171875,20146
2026-08-27 12:30:00+00:00,1518.800048828125,1519.0,1517.0,1517.5999755859375,31054
2026-08-27 12:35:00+00:00,1517.3399658203125,1519.199951171875,1517.3399658203125,1519.0,37036
2026-08-27 12:40:00+00:00,1516.699951171875,1517.3780517578125,1516.0,1517.199951171875,31886
2026-08-27 12:45:00+00:00,1515.5999755859375,1516.800048828125,1515.5999755859375,1516.60498046875,11716
2026-08-27 12:50:00+00:00,1516.199951171875,1516.800048828125,1515.5999755859375,1515.800048828125,43752
2026-08-27 12:55:00+00:00,1517.5999755859375,1518.0,1516.800048828125,1516.800048828125,46052
2026-08-27 13:00:00+00:00,1518.4000244140625,1518.4000244140625,1516.800048828125,1517.4000244140625,24530
2026-08-27 13:05:00+00:00,1517.800048828125,1519.199951171875,1517.800048828125,1518.5,20085
2026-08-27 13:10:00+00:00,1516.0999755859375,1518.0,1515.800048828125,1517.800048828125,18836
2026-08-27 13:15:00+00:00,1514.800048828125,1516.4000244140625,1514.7900390625,1516.199951171875,61564
2026-08-27 13:20:00+00:00,1513.800048828125,1515.0999755859375,1513.4000244140625,1514.5999755859375,50042
2026-08-27 13:25:00+00:00,1513.800048828125,1514.5999755859375,1513.4000244140625,1513.800048828125,63885
2026-08-27 13:30:00+00:00,1515.4000244140625,1515.5999755859375,1512.0,1514.0,210711
2026-08-27 13:35:00+00:00,1516.0,1517.800048828125,1515.5986328125,1515.5999755859375,118305
2026-08-27 13:40:00+00:00,1514.6993408203125,1517.5999755859375,1514.5999755859375,1516.199951171875,77640
2026-08-27 13:45:00+00:00,1514.800048828125,1514.800048828125,1513.0,1514.5999755859375,50665
2026-08-27 13:50:00+00:00,1513.199951171875,1516.4000244140625,1513.199951171875,1515.199951171875,52028
2026-08-27 13:55:00+00:00,1511.800048828125,1513.5999755859375,1511.199951171875,1513.5999755859375,76328
2026-08-27 14:00:00+00:00,1511.0,1511.800048828125,1510.0,1511.5999755859375,76400
2026-08-27 14:05:00+00:00,1506.2001953125,1510.800048828125,1506.0,1510.5999755859375,146274
2026-08-27 14:10:00+00:00,1506.800048828125,1510.845947265625,1505.0,1506.4000244140625,303001
2026-08-27 14:15:00+00:00,1506.4000244140625,1507.199951171875,1504.199951171875,1506.800048828125,201008
2026-08-27 14:20:00+00:00,1505.0,1508.5999755859375,1505.0,1506.4000244140625,170983
2026-08-27 14:25:00+00:00,1506.4000244140625,1508.4000244140625,1503.800048828125,1506.5999755859375,208043
2026-08-27 14:30:00+00:00,1506.4000244140625,1507.0,1505.5999755859375,1506.4000244140625,104615
2026-08-27 14:35:00+00:00,1507.199951171875,1507.4000244140625,1506.0,1506.4000244140625,203842
2026-08-27 14:40:00+00:00,1509.4000244140625,1509.4000244140625,1506.5999755859375,1507.0,174976
2026-08-27 14:45:00+00:00,1509.4000244140625,1510.4000244140625,1508.800048828125,1509.4000244140625,111637
2026-08-27 14:50:00+00:00,1508.4000244140625,1509.800048828125,1508.4000244140625,1509.4000244140625,145574
2026-08-27 14:55:00+00:00,1505.199951171875,1508.800048828125,1505.1929931640625,1508.4000244140625,183765
2026-08-27 15:00:00+00:00,1503.800048828125,1505.4000244140625,1503.199951171875,1505.0,289643
2026-08-27 15:05:00+00:00,1504.0,1504.4000244140625,1502.199951171875,1503.800048828125,180916
2026-08-27 15:10:00+00:00,1502.5999755859375,1520.0,1502.0,1503.800048828125,3636329
2026-08-27 15:15:00+00:00,1501.4000244140625,1504.199951171875,1501.4000244140625,1502.4000244140625,156863
2026-08-27 15:20:00+00:00,1502.4000244140625,1502.4000244140625,1501.199951171875,1501.5999755859375,137361
2026-08-27 15:25:00+00:00,1502.199951171875,1503.0,1501.800048828125,1502.469970703125,360637
2026-08-28 07:00:00+00:00,1519.4000244140625,1523.0,1518.199951171875,1522.0,291268
2026-08-28 07:05:00+00:00,1518.4000244140625,1520.5999755859375,1517.9990234375,1519.199951171875,124951
2026-08-28 07:10:00+00:00,1520.4000244140625,1520.800048828125,1518.4000244140625,1518.5999755859375,71101
2026-08-28 07:15:00+00:00,1520.0,1520.4000244140625,1518.5999755859375,1520.0,92568
2026-08-28 07:20:00+00:00,1520.5999755859375,1521.0,1518.5999755859375,1519.5999755859375,61384
2026-08-28 07:25:00+00:00,1521.4000244140625,1521.800048828125,1520.4000244140625,1520.5999755859375,31641
2026-08-28 07:30:00+00:00,1519.800048828125,1521.800048828125,1519.800048828125,1521.4000244140625,65910
2026-08-28 07:35:00+00:00,1520.0,1521.0,1519.5999755859375,1520.199951171875,45242
2026-08-28 07:40:00+00:00,1520.4000244140625,1520.800048828125,1519.199951171875,1520.0003662109375,22202
2026-08-28 07:45:00+00:00,1521.199951171875,1521.199951171875,1520.0,1520.0999755859375,53594
2026-08-28 07:50:00+00:00,1519.800048828125,1521.5999755859375,1519.0,1521.5999755859375,38096
2026-08-28 07:55:00+00:00,1518.9930419921875,1519.800048828125,1518.4000244140625,1519.5999755859375,40204
2026-08-28 08:00:00+00:00,1518.0,1518.800048828125,1516.800048828125,1518.4000244140625,57529
2026-08-28 08:05:00+00:00,1518.0,1518.5999755859375,1517.0,1518.0,37924
2026-08-28 08:10:00+00:00,1518.199951171875,1519.199951171875,1518.0,1518.5999755859375,24213
2026-08-28 08:15:00+00:00,1518.0,1519.4000244140625,1517.800048828125,1518.800048828125,8731
2026-08-28 08:20:00+00:00,1517.199951171875,1518.800048828125,1517.0,1518.0,54829
2026-08-28 08:25:00+00:00,1519.199951171875,1519.199951171875,1517.4000244140625,1517.4000244140625,3306
2026-08-28 08:30:00+00:00,1518.800048828125,1519.5999755859375,1518.800048828125,1519.199951171875,11582
2026-08-28 08:35:00+00:00,1520.0,1520.5999755859375,1518.800048828125,1518.800048828125,24878
2026-08-28 08:40:00+00:00,1519.0,1520.4000244140625,1519.0,1520.0,21598
2026-08-28 08:45:00+00:00,1517.5999755859375,1518.5999755859375,1517.5999755859375,1518.5999755859375,16838
2026-08-28 08:50:00+00:00,1517.4000244140625,1517.800048828125,1516.0,1517.800048828125,7993
2026-08-28 08:55:00+00:00,1518.199951171875,1518.199951171875,1516.5999755859375,1517.199951171875,37934
2026-08-28 09:00:00+00:00,1518.4000244140625,1519.0,1518.199951171875,1518.4000244140625,15107
2026-08-28 09:05:00+00:00,1518.800048828125,1519.199951171875,1517.800048828125,1518.4000244140625,10919
2026-08-28 09:10:00+00:00,1518.800048828125,1519.199951171875,1518.0,1518.5999755859375,22361
2026-08-28 09:15:00+00:00,1519.0,1519.4000244140625,1518.800048828125,1518.800048828125,14193
2026-08-28 09:20:00+00:00,1520.5999755859375,1521.199951171875,1519.199951171875,1519.4000244140625,14271
2026-08-28 09:25:00+00:00,1521.0,1521.0,1520.4000244140625,1520.800048828125,5722
2026-08-28 09:30:00+00:00,1520.4000244140625,1521.4000244140625,1520.4000244140625,1521.0,16115
2026-08-28 09:35:00+00:00,1520.4000244140625,1520.5999755859375,1519.5999755859375,1520.4000244140625,7735
2026-08-28 09:40:00+00:00,1520.4000244140625,1520.5999755859375,1519.800048828125,1520.4000244140625,38594
2026-08-28 09:45:00+00:00,1519.800048828125,1520.5999755859375,1519.199951171875,1520.400390625,13568
2026-08-28 09:50:00+00:00,1520.199951171875,1520.5889892578125,1519.4000244140625,1519.56005859375,17035
2026-08-28 09:55:00+00:00,1521.0,1521.4000244140625,1519.5999755859375,1520.4000244140625,15222
2026-08-28 10:00:00+00:00,1521.199951171875,1521.5999755859375,1520.800048828125,1521.5999755859375,3395
2026-08-28 10:05:00+00:00,1520.5999755859375,1521.5999755859375,1520.5999755859375,1521.5999755859375,11187
2026-08-28 10:10:00+00:00,1520.199951171875,1521.0,1519.800048828125,1520.0,11864
2026-08-28 10:15:00+00:00,1520.800048828125,1520.800048828125,1520.199951171875,1520.199951171875,7189
2026-08-28 10:20:00+00:00,1522.06005859375,1522.199951171875,1520.3001708984375,1520.5999755859375,71626
2026-08-28 10:25:00+00:00,1522.199951171875,1522.5999755859375,1521.800048828125,1522.199951171875,10203
2026-08-28 10:30:00+00:00,1522.4000244140625,1522.5999755859375,1522.0,1522.199951171875,8237
2026-08-28 10:35:00+00:00,1524.0860595703125,1524.199951171875,1522.199951171875,1522.5999755859375,7898
2026-08-28 10:40:00+00:00,1522.5999755859375,1524.199951171875,1522.5999755859375,1524.199951171875,11142
2026-08-28 10:45:00+00:00,1521.800048828125,1522.5999755859375,1521.4000244140625,1522.5999755859375,8541
2026-08-28 10:50:00+00:00,1522.4000244140625,1523.0,1521.5999755859375,1521.800048828125,700046
2026-08-28 10:55:00+00:00,1522.4000244140625,1522.5999755859375,1521.5999755859375,1522.3399658203125,16999
2026-08-28 11:00:00+00:00,1522.199951171875,1522.800048828125,1521.5999755859375,1522.5999755859375,185610
2026-08-28 11:05:00+00:00,1522.0699462890625,1523.4000244140625,1522.0,1522.199951171875,10356
2026-08-28 11:10:00+00:00,1522.199951171875,1522.4000244140625,1521.4000244140625,1522.4000244140625,7540
2026-08-28 11:15:00+00:00,1522.199951171875,1522.800048828125,1522.0,1522.199951171875,21248
2026-08-28 11:20:00+00:00,1521.5999755859375,1522.300048828125,1521.5999755859375,1522.0,6985
2026-08-28 11:25:00+00:00,1521.199951171875,1522.4000244140625,1521.199951171875,1522.0,10868
2026-08-28 11:30:00+00:00,1522.199951171875,1522.4000244140625,1521.5999755859375,1521.800048828125,3598
2026-08-28 11:35:00+00:00,1522.800048828125,1523.199951171875,1522.199951171875,1522.199951171875,14313
2026-08-28 11:40:00+00:00,1521.199951171875,1522.800048828125,1521.199951171875,1522.800048828125,7457
2026-08-28 11:45:00+00:00,1521.5999755859375,1522.0,1521.4000244140625,1521.699951171875,12027
2026-08-28 11:50:00+00:00,1521.199951171875,1522.199951171875,1520.4000244140625,1521.699951171875,11462
2026-08-28 11:55:00+00:00,1521.4000244140625,1521.5999755859375,1520.800048828125,1521.3001708984375,5916
2026-08-28 12:00:00+00:00,1522.5899658203125,1522.5999755859375,1521.4000244140625,1521.4195556640625,15858
2026-08-28 12:05:00+00:00,1523.199951171875,1523.199951171875,1522.199951171875,1522.4000244140625,15540
2026-08-28 12:10:00+00:00,1523.0,1523.0,1521.5999755859375,1523.0,10495
2026-08-28 12:15:00+00:00,1522.4000244140625,1523.0,1522.199951171875,1522.800048828125,4385
2026-08-28 12:20:00+00:00,1522.5999755859375,1523.0,1522.0,1522.5999755859375,5547
2026-08-28 12:25:00+00:00,1523.0,1523.0,1521.760009765625,1522.4000244140625,4386
2026-08-28 12:30:00+00:00,1523.4000244140625,1524.5999755859375,1522.9100341796875,1523.0,16069
2026-08-28 12:35:00+00:00,1522.0,1523.4000244140625,1521.800048828125,1523.199951171875,11783
2026-08-28 12:40:00+00:00,1521.0,1522.0,1521.0,1522.0,27307
2026-08-28 12:45:00+00:00,1522.0,1522.0,1520.5999755859375,1521.0,16445
2026-08-28 12:50:00+00:00,1521.5999755859375,1522.4000244140625,1521.5999755859375,1522.199951171875,19357
2026-08-28 12:55:00+00:00,1521.0,1522.199951171875,1520.47998046875,1521.800048828125,8865
2026-08-28 13:00:00+00:00,1522.0,1522.0,1521.0,1521.4000244140625,11181
2026-08-28 13:05:00+00:00,1522.800048828125,1523.800048828125,1522.4000244140625,1522.4000244140625,22299
2026-08-28 13:10:00+00:00,1521.800048828125,1523.4000244140625,1521.5999755859375,1522.800048828125,19790
2026-08-28 13:15:00+00:00,1520.800048828125,1522.0,1520.4000244140625,1521.800048828125,20677
2026-08-28 13:20:00+00:00,1521.5999755859375,1521.800048828125,1520.760009765625,1521.0,10002
2026-08-28 13:25:00+00:00,1521.800048828125,1522.0,1521.199951171875,1521.5999755859375,28186
2026-08-28 13:30:00+00:00,1517.800048828125,1522.199951171875,1517.5999755859375,1521.800048828125,45939
2026-08-28 13:35:00+00:00,1516.0,1522.199951171875,1516.0,1518.199951171875,55639
2026-08-28 13:40:00+00:00,1515.800048828125,1517.4000244140625,1515.199951171875,1516.4000244140625,126606
2026-08-28 13:45:00+00:00,1516.0,1516.4000244140625,1515.0,1515.800048828125,38243
2026-08-28 13:50:00+00:00,1515.4000244140625,1517.4000244140625,1515.4000244140625,1516.199951171875,16013
2026-08-28 13:55:00+00:00,1517.199951171875,1518.800048828125,1515.4000244140625,1515.4000244140625,31596
2026-08-28 14:00:00+00:00,1517.5999755859375,1521.199951171875,1517.199951171875,1517.5999755859375,212631
2026-08-28 14:05:00+00:00,1527.5999755859375,1529.0,1517.5999755859375,1517.800048828125,312265
2026-08-28 14:10:00+00:00,1523.800048828125,1527.5999755859375,1521.800048828125,1527.199951171875,78196
2026-08-28 14:15:00+00:00,1525.0,1525.0,1523.199951171875,1523.800048828125,48622
2026-08-28 14:20:00+00:00,1524.5999755859375,1525.5999755859375,1524.0,1524.800048828125,44680
2026-08-28 14:25:00+00:00,1524.800048828125,1525.0,1523.4000244140625,1525.0,36604
2026-08-28 14:30:00+00:00,1526.4000244140625,1526.4000244140625,1523.199951171875,1524.4000244140625,26108
2026-08-28 14:35:00+00:00,1527.0,1528.199951171875,1526.199951171875,1526.4000244140625,49982
2026-08-28 14:40:00+00:00,1526.800048828125,1528.0,1526.800048828125,1527.0,59600
2026-08-28 14:45:00+00:00,1525.4000244140625,1526.5999755859375,1524.4000244140625,1526.5999755859375,40731
2026-08-28 14:50:00+00:00,1527.800048828125,1527.800048828125,1525.0,1525.9000244140625,62665
2026-08-28 14:55:00+00:00,1528.5999755859375,1529.4000244140625,1527.4000244140625,1527.800048828125,76382
2026-08-28 15:00:00+00:00,1527.0,1529.5999755859375,1526.800048828125,1528.5999755859375,122057
2026-08-28 15:05:00+00:00,1527.8802490234375,1528.800048828125,1527.199951171875,1527.199951171875,95711
2026-08-28 15:10:00+00:00,1528.199951171875,1528.800048828125,1527.5999755859375,1528.199951171875,74290
2026-08-28 15:15:00+00:00,1530.800048828125,1530.800048828125,1528.199951171875,1528.199951171875,0
2026-08-28 15:20:00+00:00,1530.4000244140625,1531.199951171875,1529.800048828125,1531.0,79060
2026-08-28 15:25:00+00:00,1530.199951171875,1530.800048828125,1529.800048828125,1530.4000244140625,128357
2026-09-01 07:00:00+00:00,1514.5999755859375,1521.800048828125,1512.199951171875,1515.800048828125,0
2026-09-01 07:05:00+00:00,1516.800048828125,1519.199951171875,1514.75,1514.800048828125,314053
2026-09-01 07:10:00+00:00,1519.800048828125,1522.0,1512.4000244140625,1516.800048828125,245540
2026-09-01 07:15:00+00:00,1521.0,1521.5999755859375,1518.4000244140625,1520.0,86528
2026-09-01 07:20:00+00:00,1521.0,1522.4000244140625,1520.199951171875,1521.0,119318
2026-09-01 07:25:00+00:00,1520.5999755859375,1521.699951171875,1519.199951171875,1520.800048828125,136936
2026-09-01 07:30:00+00:00,1521.0,1522.0,1518.4000244140625,1520.4000244140625,223758
2026-09-01 07:35:00+00:00,1519.800048828125,1522.800048828125,1519.800048828125,1520.800048828125,281172
2026-09-01 07:40:00+00:00,1517.0,1520.0,1516.800048828125,1519.800048828125,166407
2026-09-01 07:45:00+00:00,1517.5999755859375,1518.0,1514.199951171875,1517.0,222684
2026-09-01 07:50:00+00:00,1516.5999755859375,1518.4000244140625,1515.800048828125,1517.4000244140625,633011
2026-09-01 07:55:00+00:00,1518.800048828125,1518.800048828125,1516.199951171875,1516.4000244140625,178061
2026-09-01 08:00:00+00:00,1518.0,1519.800048828125,1517.4000244140625,1518.800048828125,109247
2026-09-01 08:05:00+00:00,1513.800048828125,1519.4000244140625,1513.199951171875,1518.0,392959
2026-09-01 08:10:00+00:00,1515.5999755859375,1515.5999755859375,1511.4000244140625,1513.800048828125,179252
2026-09-01 08:15:00+00:00,1514.4000244140625,1517.0,1513.199951171875,1515.5999755859375,155514
2026-09-01 08:20:00+00:00,1512.199951171875,1515.4000244140625,1512.0,1514.4000244140625,164991
2026-09-01 08:25:00+00:00,1509.199951171875,1512.4000244140625,1509.199951171875,1512.0,162704
2026-09-01 08:30:00+00:00,1509.5999755859375,1510.0,1507.800048828125,1509.199951171875,170636
2026-09-01 08:35:00+00:00,1506.199951171875,1510.199951171875,1506.199951171875,1509.4000244140625,198206
2026-09-01 08:40:00+00:00,1503.5999755859375,1507.4000244140625,1503.4000244140625,1506.0,195862
2026-09-01 08:45:00+00:00,1502.5999755859375,1505.0,1501.199951171875,1503.5999755859375,142983
2026-09-01 08:50:00+00:00,1507.5999755859375,1507.5999755859375,1501.4000244140625,1502.9000244140625,168441
2026-09-01 08:55:00+00:00,1506.4000244140625,1509.300048828125,1506.4000244140625,1507.800048828125,48449
2026-09-01 09:00:00+00:00,1509.0,1509.199951171875,1506.199951171875,1506.5999755859375,54023
2026-09-01 09:05:00+00:00,1507.4000244140625,1509.800048828125,1506.5999755859375,1509.199951171875,50444
2026-09-01 09:10:00+00:00,1507.199951171875,1509.800048828125,1507.199951171875,1507.5999755859375,31383
2026-09-01 09:15:00+00:00,1508.4000244140625,1509.199951171875,1506.800048828125,1507.199951171875,63407
2026-09-01 09:20:00+00:00,1507.199951171875,1509.199951171875,1507.199951171875,1508.0,79209
2026-09-01 09:25:00+00:00,1509.0,1509.0,1507.0,1507.199951171875,39113
2026-09-01 09:30:00+00:00,1508.7099609375,1509.0830078125,1507.199951171875,1509.0,69199
2026-09-01 09:35:00+00:00,1508.5999755859375,1509.800048828125,1507.800048828125,1508.800048828125,121760
2026-09-01 09:40:00+00:00,1509.800048828125,1510.199951171875,1507.800048828125,1508.4000244140625,51808
2026-09-01 09:45:00+00:00,1511.0,1512.199951171875,1509.800048828125,1509.800048828125,50883
2026-09-01 09:50:00+00:00,1512.18603515625,1513.0,1510.5999755859375,1510.800048828125,72090
2026-09-01 09:55:00+00:00,1511.0,1512.4000244140625,1511.0,1512.4000244140625,61406
2026-09-01 10:00:00+00:00,1510.5999755859375,1512.199951171875,1510.5999755859375,1511.4000244140625,62204
2026-09-01 10:05:00+00:00,1512.5999755859375,1512.5999755859375,1510.0,1511.0,42477
2026-09-01 10:10:00+00:00,1513.0,1514.4000244140625,1512.4000244140625,1512.4000244140625,56036
2026-09-01 10:15:00+00:00,1515.0,1515.0,1513.0,1513.4000244140625,47985
2026-09-01 10:20:00+00:00,1515.5999755859375,1517.0,1514.800048828125,1514.800048828125,32536
2026-09-01 10:25:00+00:00,1517.0,1517.0,1515.4197998046875,1515.4197998046875,38100
2026-09-01 10:30:00+00:00,1517.800048828125,1518.61962890625,1516.5999755859375,1516.5999755859375,40140
2026-09-01 10:35:00+00:00,1516.800048828125,1518.800048828125,1516.800048828125,1517.800048828125,28190
2026-09-01 10:40:00+00:00,1515.4000244140625,1516.800048828125,1515.0,1516.199951171875,53306
2026-09-01 10:45:00+00:00,1515.5999755859375,1516.4000244140625,1514.4000244140625,1515.4000244140625,66365
2026-09-01 10:50:00+00:00,1514.5999755859375,1516.4000244140625,1514.4000244140625,1515.4000244140625,84623
2026-09-01 10:55:00+00:00,1516.199951171875,1516.4000244140625,1514.5999755859375,1514.800048828125,28745
2026-09-01 11:00:00+00:00,1518.4000244140625,1518.4000244140625,1516.199951171875,1516.4000244140625,56513
2026-09-01 11:05:00+00:00,1518.5999755859375,1518.5999755859375,1516.5999755859375,1517.800048828125,63694
2026-09-01 11:10:00+00:00,1519.0,1521.5999755859375,1518.800048828125,1518.800048828125,52290
2026-09-01 11:15:00+00:00,1518.800048828125,1519.5999755859375,1518.5999755859375,1519.199951171875,28880
2026-09-01 11:20:00+00:00,1520.0,1521.0,1518.6800537109375,1518.6800537109375,85988
2026-09-01 11:25:00+00:00,1521.0,1521.5999755859375,1520.199951171875,1520.199951171875,103777
2026-09-01 11:30:00+00:00,1521.199951171875,1522.199951171875,1521.0,1521.0,43282
2026-09-01 11:35:00+00:00,1522.4000244140625,1522.5999755859375,1521.0,1521.4000244140625,31478
2026-09-01 11:40:00+00:00,1523.4000244140625,1523.800048828125,1522.4000244140625,1522.4000244140625,39944
2026-09-01 11:45:00+00:00,1525.5999755859375,1525.5999755859375,1523.4000244140625,1523.4000244140625,50883
2026-09-01 11:50:00+00:00,1526.5999755859375,1527.4000244140625,1525.199951171875,1525.199951171875,59930
2026-09-01 11:55:00+00:00,1525.0,1526.7139892578125,1524.800048828125,1526.5999755859375,62654
2026-09-01 12:00:00+00:00,1523.800048828125,1525.5999755859375,1523.4000244140625,1525.0,39217
2026-09-01 12:05:00+00:00,1524.0,1524.5999755859375,1522.800048828125,1523.800048828125,31769
2026-09-01 12:10:00+00:00,1525.4000244140625,1525.4000244140625,1523.199951171875,1523.900146484375,102509
2026-09-01 12:15:00+00:00,1526.199951171875,1527.0,1515.800048828125,1525.4000244140625,1443053
2026-09-01 12:20:00+00:00,1525.5999755859375,1526.4000244140625,1524.5999755859375,1526.4000244140625,69665
2026-09-01 12:25:00+00:00,1526.199951171875,1526.800048828125,1525.5999755859375,1525.800048828125,54443
2026-09-01 12:30:00+00:00,1525.5999755859375,1526.3060302734375,1524.199951171875,1526.199951171875,52734
2026-09-01 12:35:00+00:00,1527.199951171875,1528.0,1524.800048828125,1525.199951171875,87596
2026-09-01 12:40:00+00:00,1524.0,1527.0,1523.800048828125,1527.0,51041
2026-09-01 12:45:00+00:00,1524.0,1525.4000244140625,1515.800048828125,1524.0999755859375,3620095
2026-09-01 12:50:00+00:00,1524.199951171875,1525.800048828125,1523.800048828125,1523.800048828125,37825
2026-09-01 12:55:00+00:00,1525.0,1525.4000244140625,1523.5999755859375,1524.4000244140625,37786
2026-09-01 13:00:00+00:00,1521.0,1526.199951171875,1520.800048828125,1525.4000244140625,51523
2026-09-01 13:05:00+00:00,1522.199951171875,1523.0,1520.800048828125,1520.800048828125,32872
2026-09-01 13:10:00+00:00,1521.699951171875,1522.199951171875,1520.999755859375,1522.199951171875,22784
2026-09-01 13:15:00+00:00,1525.199951171875,1525.199951171875,1521.800048828125,1521.800048828125,47702
2026-09-01 13:20:00+00:00,1525.800048828125,1526.0,1525.199951171875,1525.199951171875,29522
2026-09-01 13:25:00+00:00,1527.800048828125,1528.012939453125,1525.4000244140625,1525.5999755859375,150626
2026-09-01 13:30:00+00:00,1530.4000244140625,1530.5999755859375,1526.0,1527.800048828125,207508
2026-09-01 13:35:00+00:00,1535.4000244140625,1535.5999755859375,1526.4000244140625,1530.800048828125,149178
2026-09-01 13:40:00+00:00,1534.5999755859375,1536.199951171875,1531.0,1535.199951171875,155746
2026-09-01 13:45:00+00:00,1532.5999755859375,1534.5999755859375,1531.4000244140625,1534.4000244140625,129577
2026-09-01 13:50:00+00:00,1531.800048828125,1532.5999755859375,1515.800048828125,1532.4000244140625,1742279
2026-09-01 13:55:00+00:00,1533.199951171875,1533.199951171875,1530.800048828125,1532.199951171875,83100
2026-09-01 14:00:00+00:00,1531.800048828125,1533.4000244140625,1531.4000244140625,1533.199951171875,200776
2026-09-01 14:05:00+00:00,1533.199951171875,1533.199951171875,1532.0,1532.0,63855
2026-09-01 14:10:00+00:00,1535.4000244140625,1535.4000244140625,1532.800048828125,1533.199951171875,72842
2026-09-01 14:15:00+00:00,1534.199951171875,1535.800048828125,1534.0,1535.5999755859375,64846
2026-09-01 14:20:00+00:00,1535.0,1536.4000244140625,1534.199951171875,1534.5999755859375,133067
2026-09-01 14:25:00+00:00,1532.4000244140625,1535.4000244140625,1531.800048828125,1535.0,105418
2026-09-01 14:30:00+00:00,1530.800048828125,1532.800048828125,1530.199951171875,1532.199951171875,76704
2026-09-01 14:35:00+00:00,1530.199951171875,1531.199951171875,1529.5999755859375,1531.0,88878
2026-09-01 14:40:00+00:00,1527.0,1530.4000244140625,1527.0,1530.0,78529
2026-09-01 14:45:00+00:00,1526.199951171875,1527.800048828125,1525.5999755859375,1527.199951171875,181774
2026-09-01 14:50:00+00:00,1524.4000244140625,1526.3299560546875,1524.4000244140625,1526.199951171875,182798
2026-09-01 14:55:00+00:00,1524.4000244140625,1525.5999755859375,1524.0,1524.4000244140625,137241
2026-09-01 15:00:00+00:00,1525.800048828125,1526.4000244140625,1524.199951171875,1524.4000244140625,200278
2026-09-01 15:05:00+00:00,1525.5999755859375,1526.199951171875,1524.800048828125,1525.4000244140625,133917
2026-09-01 15:10:00+00:00,1527.199951171875,1527.5999755859375,1525.4000244140625,1525.800048828125,162360
2026-09-01 15:15:00+00:00,1527.199951171875,1527.5999755859375,1526.5999755859375,1527.0,147245
2026-09-01 15:20:00+00:00,1528.4000244140625,1529.0,1526.5999755859375,1526.800048828125,236793
2026-09-01 15:25:00+00:00,1530.199951171875,1530.4000244140625,1527.800048828125,1528.4000244140625,462874
