Datetime,Close,High,Low,Open,Volume
2026-06-23 04:00:00+00:00,73.62000274658203,73.75,73.5999984741211,73.63999938964844,440
2026-06-23 04:30:00+00:00,73.75,73.77999877929688,73.58000183105469,73.62000274658203,593
2026-06-23 05:00:00+00:00,73.58999633789062,73.79000091552734,73.54000091552734,73.7300033569336,729
2026-06-23 05:30:00+00:00,73.0999984741211,73.5999984741211,73.0199966430664,73.56999969482422,2796
2026-06-23 06:00:00+00:00,72.87000274658203,73.19000244140625,72.8499984741211,73.08000183105469,3417
2026-06-23 06:30:00+00:00,72.91999816894531,73.13999938964844,72.55999755859375,72.87999725341797,3127
2026-06-23 07:00:00+00:00,72.52999877929688,72.98999786376953,72.4800033569336,72.94000244140625,2550
2026-06-23 07:30:00+00:00,73.16999816894531,73.2300033569336,72.5,72.55000305175781,3395
2026-06-23 08:00:00+00:00,73.63999938964844,73.69999694824219,73.16000366210938,73.16999816894531,4424
2026-06-23 08:30:00+00:00,73.44999694824219,73.87000274658203,73.41000366210938,73.63999938964844,3689
2026-06-23 09:00:00+00:00,73.22000122070312,73.66999816894531,73.22000122070312,73.44000244140625,2163
2026-06-23 09:30:00+00:00,73.51000213623047,73.5999984741211,73.16999816894531,73.20999908447266,1754
2026-06-23 10:00:00+00:00,73.72000122070312,73.76000213623047,73.37000274658203,73.5199966430664,1928
2026-06-23 10:30:00+00:00,73.9000015258789,73.95999908447266,73.58999633789062,73.72000122070312,2529
2026-06-23 11:00:00+00:00,73.80000305175781,74.0,73.5,73.88999938964844,2873
2026-06-23 11:30:00+00:00,73.86000061035156,74.06999969482422,73.63999938964844,73.80999755859375,2681
2026-06-23 12:00:00+00:00,73.31999969482422,73.9000015258789,73.22000122070312,73.86000061035156,6086
2026-06-23 12:30:00+00:00,73.61000061035156,73.63999938964844,73.20999908447266,73.30000305175781,3378
2026-06-23 13:00:00+00:00,73.08000183105469,73.7300033569336,72.98999786376953,73.62000274658203,7758
2026-06-23 13:30:00+00:00,72.9800033569336,73.30999755859375,72.87000274658203,73.06999969482422,8220
2026-06-23 14:00:00+00:00,72.5999984741211,73.0,72.5199966430664,72.9800033569336,12378
2026-06-23 14:30:00+00:00,73.16999816894531,73.38999938964844,72.61000061035156,72.61000061035156,16862
2026-06-23 15:00:00+00:00,73.12000274658203,73.4800033569336,73.0199966430664,73.16000366210938,11334
2026-06-23 15:30:00+00:00,73.0,73.22000122070312,72.72000122070312,73.11000061035156,6660
2026-06-23 16:00:00+00:00,73.08999633789062,73.26000213623047,72.98999786376953,72.98999786376953,3878
2026-06-23 16:30:00+00:00,72.97000122070312,73.0999984741211,72.83000183105469,73.08000183105469,4203
2026-06-23 17:00:00+00:00,73.25,73.30000305175781,72.9800033569336,72.9800033569336,5275
2026-06-23 17:30:00+00:00,73.04000091552734,73.31999969482422,72.98999786376953,73.25,8957
2026-06-23 18:00:00+00:00,73.27999877929688,73.43000030517578,73.04000091552734,73.04000091552734,15889
2026-06-23 18:30:00+00:00,73.36000061035156,73.41000366210938,73.16999816894531,73.27999877929688,4200
2026-06-23 19:00:00+00:00,73.36000061035156,73.41999816894531,73.2300033569336,73.36000061035156,1727
2026-06-23 19:30:00+00:00,73.31999969482422,73.41999816894531,73.2699966430664,73.37000274658203,1313
2026-06-23 20:00:00+00:00,73.30999755859375,73.51000213623047,73.29000091552734,73.31999969482422,1245
2026-06-23 20:30:00+00:00,73.05000305175781,73.3499984741211,73.0199966430664,73.30000305175781,1936
2026-06-23 22:00:00+00:00,73.12999725341797,73.18000030517578,73.05000305175781,73.12999725341797,193
2026-06-23 22:30:00+00:00,72.94999694824219,73.12999725341797,72.87999725341797,73.12000274658203,326
2026-06-23 23:00:00+00:00,72.87999725341797,72.97000122070312,72.8499984741211,72.95999908447266,399
2026-06-23 23:30:00+00:00,72.69000244140625,72.88999938964844,72.62999725341797,72.87999725341797,854
2026-06-24 00:00:00+00:00,72.88999938964844,72.95999908447266,72.66000366210938,72.69999694824219,1371
2026-06-24 00:30:00+00:00,72.81999969482422,72.88999938964844,72.75,72.87999725341797,544
2026-06-24 01:00:00+00:00,73.0199966430664,73.0199966430664,72.33999633789062,72.81999969482422,2979
2026-06-24 01:30:00+00:00,72.66999816894531,73.06999969482422,72.58999633789062,73.0199966430664,1293
2026-06-24 02:00:00+00:00,72.76000213623047,72.91000366210938,72.66000366210938,72.68000030517578,597
2026-06-24 02:30:00+00:00,72.16999816894531,72.75,72.16000366210938,72.75,2558
2026-06-24 03:00:00+00:00,72.37999725341797,72.44000244140625,72.06999969482422,72.19000244140625,1325
2026-06-24 03:30:00+00:00,72.41999816894531,72.4800033569336,72.33000183105469,72.37999725341797,450
2026-06-24 04:00:00+00:00,72.68000030517578,72.7699966430664,72.41999816894531,72.43000030517578,763
2026-06-24 04:30:00+00:00,72.66000366210938,72.70999908447266,72.58999633789062,72.66999816894531,193
2026-06-24 05:00:00+00:00,72.66999816894531,72.77999877929688,72.58999633789062,72.66000366210938,348
2026-06-24 05:30:00+00:00,72.5,72.7300033569336,72.43000030517578,72.66999816894531,692
2026-06-24 06:00:00+00:00,72.66000366210938,73.16999816894531,72.48999786376953,72.5,2952
2026-06-24 06:30:00+00:00,72.61000061035156,72.66999816894531,72.45999908447266,72.66000366210938,1692
2026-06-24 07:00:00+00:00,72.19999694824219,72.62000274658203,72.08999633789062,72.5999984741211,2941
2026-06-24 07:30:00+00:00,71.95999908447266,72.3499984741211,71.91999816894531,72.20999908447266,2963
2026-06-24 08:00:00+00:00,71.77999877929688,72.05999755859375,71.75,71.95999908447266,4822
2026-06-24 08:30:00+00:00,72.04000091552734,72.12999725341797,71.69000244140625,71.76000213623047,3172
2026-06-24 09:00:00+00:00,71.70999908447266,72.08999633789062,71.55000305175781,72.05999755859375,4483
2026-06-24 09:30:00+00:00,71.98999786376953,72.13999938964844,71.69000244140625,71.70999908447266,3245
2026-06-24 10:00:00+00:00,72.01000213623047,72.27999877929688,71.87000274658203,72.0,2354
2026-06-24 10:30:00+00:00,71.81999969482422,72.1500015258789,71.72000122070312,72.0,2355
2026-06-24 11:00:00+00:00,71.47000122070312,71.88999938964844,71.38999938964844,71.83000183105469,2839
2026-06-24 11:30:00+00:00,70.94000244140625,71.73999786376953,70.91999816894531,71.44999694824219,9714
2026-06-24 12:00:00+00:00,71.0999984741211,71.16000366210938,70.83999633789062,70.94999694824219,6924
2026-06-24 12:30:00+00:00,71.02999877929688,71.20999908447266,70.93000030517578,71.11000061035156,6817
2026-06-24 13:00:00+00:00,70.05000305175781,71.06999969482422,70.0199966430664,71.04000091552734,20953
2026-06-24 13:30:00+00:00,69.7699966430664,70.27999877929688,69.66999816894531,70.05000305175781,21075
2026-06-24 14:00:00+00:00,70.16999816894531,70.37999725341797,69.62999725341797,69.76000213623047,12546
2026-06-24 14:30:00+00:00,69.87000274658203,70.25,69.72000122070312,70.19000244140625,9464
2026-06-24 15:00:00+00:00,70.0199966430664,70.06999969482422,69.68000030517578,69.87000274658203,11324
2026-06-24 15:30:00+00:00,70.48999786376953,70.58000183105469,69.9000015258789,70.01000213623047,13652
2026-06-24 16:00:00+00:00,70.63999938964844,70.70999908447266,70.27999877929688,70.48999786376953,7526
2026-06-24 16:30:00+00:00,70.5199966430664,70.95999908447266,70.44999694824219,70.62999725341797,7325
2026-06-24 17:00:00+00:00,70.22000122070312,70.66000366210938,70.13999938964844,70.52999877929688,7130
2026-06-24 17:30:00+00:00,70.4800033569336,70.51000213623047,70.05000305175781,70.20999908447266,8228
2026-06-24 18:00:00+00:00,70.41999816894531,70.5199966430664,70.12000274658203,70.4800033569336,15712
2026-06-24 18:30:00+00:00,69.94999694824219,70.44000244140625,69.91000366210938,70.41999816894531,9157
2026-06-24 19:00:00+00:00,70.08000183105469,70.0999984741211,69.9000015258789,69.94999694824219,3463
2026-06-24 19:30:00+00:00,70.04000091552734,70.12999725341797,69.95999908447266,70.08999633789062,3033
2026-06-24 20:00:00+00:00,69.86000061035156,70.04000091552734,69.76000213623047,70.04000091552734,2209
2026-06-24 20:30:00+00:00,69.87000274658203,69.9000015258789,69.79000091552734,69.86000061035156,1529
2026-06-24 22:00:00+00:00,69.83999633789062,70.02999877929688,69.66000366210938,69.94999694824219,219
2026-06-24 22:30:00+00:00,69.87999725341797,69.94000244140625,69.79000091552734,69.83000183105469,226
2026-06-24 23:00:00+00:00,69.94999694824219,69.9800033569336,69.86000061035156,69.87000274658203,207
2026-06-24 23:30:00+00:00,70.0,70.0199966430664,69.88999938964844,69.95999908447266,320
2026-06-25 00:00:00+00:00,70.12000274658203,70.1500015258789,69.94999694824219,70.0,929
2026-06-25 00:30:00+00:00,69.9800033569336,70.20999908447266,69.94000244140625,70.0999984741211,758
2026-06-25 01:00:00+00:00,69.43000030517578,70.06999969482422,69.33000183105469,70.0,4400
2026-06-25 01:30:00+00:00,69.33999633789062,69.44999694824219,69.11000061035156,69.41000366210938,1557
2026-06-25 02:00:00+00:00,69.16000366210938,69.37999725341797,69.05000305175781,69.33999633789062,1428
2026-06-25 02:30:00+00:00,69.37000274658203,69.5,69.12000274658203,69.16000366210938,1091
2026-06-25 03:00:00+00:00,69.18000030517578,69.41999816894531,69.05999755859375,69.4000015258789,1870
2026-06-25 03:30:00+00:00,69.33000183105469,69.33000183105469,69.16000366210938,69.16000366210938,487
2026-06-25 04:00:00+00:00,69.36000061035156,69.43000030517578,69.26000213623047,69.31999969482422,569
2026-06-25 04:30:00+00:00,69.48999786376953,69.55999755859375,69.33000183105469,69.36000061035156,715
2026-06-25 05:00:00+00:00,69.48999786376953,69.51000213623047,69.36000061035156,69.48999786376953,577
2026-06-25 05:30:00+00:00,69.37999725341797,69.61000061035156,69.20999908447266,69.48999786376953,1767
2026-06-25 06:00:00+00:00,69.7300033569336,69.76000213623047,69.23999786376953,69.36000061035156,1925
2026-06-25 06:30:00+00:00,69.58999633789062,69.81999969482422,69.41000366210938,69.73999786376953,1746
2026-06-25 07:00:00+00:00,69.69999694824219,70.01000213623047,69.41999816894531,69.56999969482422,3276
2026-06-25 07:30:00+00:00,69.97000122070312,70.05999755859375,69.58000183105469,69.70999908447266,3332
2026-06-25 08:00:00+00:00,69.5,70.05999755859375,69.43000030517578,69.95999908447266,4575
2026-06-25 08:30:00+00:00,69.20999908447266,69.69999694824219,69.04000091552734,69.48999786376953,4219
2026-06-25 09:00:00+00:00,69.37999725341797,69.6500015258789,68.9000015258789,69.20999908447266,4902
2026-06-25 09:30:00+00:00,69.58000183105469,69.5999984741211,69.33999633789062,69.37999725341797,2450
2026-06-25 10:00:00+00:00,69.52999877929688,69.66000366210938,69.43000030517578,69.56999969482422,1752
2026-06-25 10:30:00+00:00,69.41999816894531,69.68000030517578,69.37000274658203,69.5199966430664,1853
2026-06-25 11:00:00+00:00,69.69999694824219,69.69999694824219,69.2699966430664,69.4000015258789,3004
2026-06-25 11:30:00+00:00,69.80999755859375,69.94999694824219,69.66000366210938,69.69000244140625,3000
2026-06-25 12:00:00+00:00,69.91999816894531,69.94000244140625,69.58999633789062,69.80000305175781,6852
2026-06-25 12:30:00+00:00,69.55000305175781,69.94999694824219,69.31999969482422,69.91999816894531,7021
2026-06-25 13:00:00+00:00,69.87999725341797,70.19000244140625,69.44999694824219,69.54000091552734,10699
2026-06-25 13:30:00+00:00,70.45999908447266,70.4800033569336,69.75,69.87999725341797,9460
2026-06-25 14:00:00+00:00,70.94999694824219,70.9800033569336,70.3499984741211,70.44000244140625,12630
2026-06-25 14:30:00+00:00,70.80999755859375,70.95999908447266,70.54000091552734,70.94000244140625,10697
2026-06-25 15:00:00+00:00,71.3499984741211,71.76000213623047,70.7699966430664,70.81999969482422,20523
2026-06-25 15:30:00+00:00,71.43000030517578,71.52999877929688,71.20999908447266,71.33999633789062,8784
2026-06-25 16:00:00+00:00,71.61000061035156,71.69000244140625,71.44999694824219,71.44999694824219,6948
2026-06-25 16:30:00+00:00,71.55000305175781,71.68000030517578,71.41000366210938,71.5999984741211,6253
2026-06-25 17:00:00+00:00,71.5199966430664,71.83999633789062,71.29000091552734,71.55000305175781,8615
2026-06-25 17:30:00+00:00,71.77999877929688,71.79000091552734,71.43000030517578,71.51000213623047,6798
2026-06-25 18:00:00+00:00,71.95999908447266,72.08999633789062,71.7300033569336,71.79000091552734,19621
2026-06-25 18:30:00+00:00,72.12999725341797,72.2300033569336,71.95999908447266,71.95999908447266,7694
2026-06-25 19:00:00+00:00,72.30000305175781,72.5,72.12000274658203,72.13999938964844,3326
2026-06-25 19:30:00+00:00,72.02999877929688,72.30999755859375,71.9000015258789,72.30000305175781,3647
2026-06-25 20:00:00+00:00,71.77999877929688,72.18000030517578,71.7699966430664,72.02999877929688,1123
2026-06-25 20:30:00+00:00,71.47000122070312,71.80999755859375,71.37999725341797,71.77999877929688,3062
2026-06-25 22:00:00+00:00,71.36000061035156,71.61000061035156,71.2699966430664,71.44000244140625,552
2026-06-25 22:30:00+00:00,71.5,71.51000213623047,71.33000183105469,71.33000183105469,147
2026-06-25 23:00:00+00:00,71.5,71.55999755859375,71.43000030517578,71.5199966430664,347
2026-06-25 23:30:00+00:00,71.5199966430664,71.55999755859375,71.45999908447266,71.48999786376953,194
2026-06-26 00:00:00+00:00,71.70999908447266,71.86000061035156,71.43000030517578,71.52999877929688,1357
2026-06-26 00:30:00+00:00,71.80000305175781,71.81999969482422,71.55000305175781,71.70999908447266,439
2026-06-26 01:00:00+00:00,71.56999969482422,71.83999633789062,71.44999694824219,71.80999755859375,1672
2026-06-26 01:30:00+00:00,71.23999786376953,71.58000183105469,71.20999908447266,71.55999755859375,1156
2026-06-26 02:00:00+00:00,71.19999694824219,71.29000091552734,71.12999725341797,71.23999786376953,923
2026-06-26 02:30:00+00:00,70.81999969482422,71.18000030517578,70.79000091552734,71.18000030517578,1618
2026-06-26 03:00:00+00:00,70.68000030517578,70.81999969482422,70.52999877929688,70.80999755859375,1405
2026-06-26 03:30:00+00:00,70.58999633789062,70.75,70.4800033569336,70.69000244140625,624
2026-06-26 04:00:00+00:00,70.45999908447266,70.6500015258789,70.41999816894531,70.5999984741211,870
2026-06-26 04:30:00+00:00,70.41000366210938,70.52999877929688,70.38999938964844,70.48999786376953,442
2026-06-26 05:00:00+00:00,70.4800033569336,70.51000213623047,70.33999633789062,70.4000015258789,741
2026-06-26 05:30:00+00:00,70.87999725341797,70.94000244140625,70.38999938964844,70.47000122070312,1703
2026-06-26 06:00:00+00:00,70.66999816894531,70.91000366210938,70.62999725341797,70.87999725341797,1365
2026-06-26 06:30:00+00:00,70.48999786376953,70.66999816894531,70.33999633789062,70.66999816894531,1775
2026-06-26 07:00:00+00:00,70.20999908447266,70.52999877929688,70.20999908447266,70.4800033569336,2486
2026-06-26 07:30:00+00:00,69.87000274658203,70.4000015258789,69.81999969482422,70.19999694824219,2964
2026-06-26 08:00:00+00:00,69.11000061035156,70.16999816894531,69.02999877929688,69.87999725341797,6899
2026-06-26 08:30:00+00:00,69.29000091552734,69.4800033569336,68.9800033569336,69.12999725341797,5296
2026-06-26 09:00:00+00:00,69.3499984741211,69.51000213623047,69.20999908447266,69.29000091552734,3086
2026-06-26 09:30:00+00:00,69.08000183105469,69.5,69.0199966430664,69.33999633789062,3682
2026-06-26 10:00:00+00:00,69.30000305175781,69.41999816894531,68.95999908447266,69.06999969482422,3856
2026-06-26 10:30:00+00:00,69.5199966430664,69.5999984741211,69.0999984741211,69.29000091552734,3484
2026-06-26 11:00:00+00:00,69.72000122070312,69.80000305175781,69.5,69.51000213623047,3402
2026-06-26 11:30:00+00:00,70.08000183105469,70.33999633789062,69.69999694824219,69.72000122070312,5720
2026-06-26 12:00:00+00:00,69.69000244140625,70.12000274658203,69.62999725341797,70.08000183105469,6222
2026-06-26 12:30:00+00:00,69.37999725341797,69.73999786376953,69.36000061035156,69.69000244140625,5679
2026-06-26 13:00:00+00:00,69.73999786376953,70.58000183105469,69.33000183105469,69.37999725341797,17533
2026-06-26 13:30:00+00:00,69.4000015258789,69.94999694824219,69.18000030517578,69.75,13471
2026-06-26 14:00:00+00:00,69.18000030517578,69.5199966430664,68.91999816894531,69.4000015258789,12232
2026-06-26 14:30:00+00:00,69.20999908447266,69.26000213623047,68.83999633789062,69.19000244140625,16080
2026-06-26 15:00:00+00:00,68.75,69.26000213623047,68.55999755859375,69.20999908447266,13126
2026-06-26 15:30:00+00:00,69.08999633789062,69.5199966430664,68.6500015258789,68.75,16646
2026-06-26 16:00:00+00:00,69.01000213623047,69.2300033569336,68.93000030517578,69.08999633789062,7759
2026-06-26 16:30:00+00:00,69.30000305175781,69.36000061035156,68.8499984741211,69.0,9430
2026-06-26 17:00:00+00:00,69.30999755859375,69.33000183105469,69.02999877929688,69.30999755859375,5837
2026-06-26 17:30:00+00:00,69.2699966430664,69.5199966430664,69.2300033569336,69.31999969482422,7487
2026-06-26 18:00:00+00:00,69.23999786376953,69.37999725341797,69.11000061035156,69.2699966430664,13355
2026-06-26 18:30:00+00:00,69.12000274658203,69.25,69.06999969482422,69.23999786376953,3803
2026-06-26 19:00:00+00:00,69.19999694824219,69.23999786376953,69.01000213623047,69.12000274658203,2349
2026-06-26 19:30:00+00:00,69.51000213623047,69.62000274658203,69.19999694824219,69.19999694824219,3674
2026-06-26 20:00:00+00:00,69.54000091552734,69.55999755859375,69.37000274658203,69.48999786376953,1741
2026-06-26 20:30:00+00:00,69.2300033569336,70.38999938964844,69.2300033569336,69.55999755859375,8005
2026-06-28 22:00:00+00:00,70.33999633789062,70.37000274658203,69.93000030517578,69.9800033569336,1753
2026-06-28 22:30:00+00:00,70.04000091552734,70.38999938964844,70.0199966430664,70.37000274658203,778
2026-06-28 23:00:00+00:00,69.86000061035156,70.0999984741211,69.83999633789062,70.05000305175781,1223
2026-06-28 23:30:00+00:00,69.76000213623047,69.93000030517578,69.66000366210938,69.87999725341797,807
2026-06-29 00:00:00+00:00,69.79000091552734,69.80999755859375,69.31999969482422,69.75,1815
2026-06-29 00:30:00+00:00,69.8499984741211,70.05000305175781,69.73999786376953,69.79000091552734,1377
2026-06-29 01:00:00+00:00,70.12999725341797,70.27999877929688,69.73999786376953,69.86000061035156,2023
2026-06-29 01:30:00+00:00,70.0,70.19999694824219,69.94999694824219,70.11000061035156,996
2026-06-29 02:00:00+00:00,70.04000091552734,70.11000061035156,69.94999694824219,70.0,820
2026-06-29 02:30:00+00:00,69.95999908447266,70.08000183105469,69.77999877929688,70.0199966430664,1026
2026-06-29 03:00:00+00:00,70.01000213623047,70.0999984741211,69.9000015258789,69.94999694824219,592
2026-06-29 03:30:00+00:00,70.05999755859375,70.08999633789062,69.91999816894531,70.0,566
2026-06-29 04:00:00+00:00,70.04000091552734,70.12999725341797,70.0,70.05999755859375,433
2026-06-29 04:30:00+00:00,69.94999694824219,70.05000305175781,69.94999694824219,70.0199966430664,364
2026-06-29 05:00:00+00:00,69.7699966430664,69.97000122070312,69.66000366210938,69.94999694824219,789
2026-06-29 05:30:00+00:00,69.51000213623047,69.77999877929688,69.41999816894531,69.75,1243
2026-06-29 06:00:00+00:00,70.06999969482422,70.08000183105469,69.45999908447266,69.48999786376953,1337
2026-06-29 06:30:00+00:00,69.94999694824219,70.29000091552734,69.8499984741211,70.08000183105469,1889
2026-06-29 07:00:00+00:00,69.94999694824219,70.01000213623047,69.76000213623047,69.94000244140625,1959
2026-06-29 07:30:00+00:00,69.5199966430664,70.01000213623047,69.4800033569336,69.93000030517578,1671
2026-06-29 08:00:00+00:00,70.16000366210938,70.2300033569336,69.4800033569336,69.5199966430664,3069
2026-06-29 08:30:00+00:00,70.13999938964844,70.2699966430664,69.93000030517578,70.16000366210938,3532
2026-06-29 09:00:00+00:00,70.33000183105469,70.36000061035156,69.91000366210938,70.12999725341797,2783
2026-06-29 09:30:00+00:00,70.61000061035156,70.7300033569336,70.30000305175781,70.33999633789062,3450
2026-06-29 10:00:00+00:00,69.98999786376953,70.62000274658203,69.86000061035156,70.5999984741211,2720
2026-06-29 10:30:00+00:00,69.8499984741211,70.11000061035156,69.79000091552734,69.98999786376953,2119
2026-06-29 11:00:00+00:00,70.01000213623047,70.02999877929688,69.68000030517578,69.86000061035156,3851
2026-06-29 11:30:00+00:00,69.97000122070312,70.08000183105469,69.61000061035156,70.0199966430664,6150
2026-06-29 12:00:00+00:00,70.12999725341797,70.13999938964844,69.69999694824219,69.95999908447266,4624
2026-06-29 12:30:00+00:00,70.02999877929688,70.18000030517578,69.83000183105469,70.12999725341797,5107
2026-06-29 13:00:00+00:00,70.26000213623047,70.27999877929688,69.87999725341797,70.04000091552734,5676
2026-06-29 13:30:00+00:00,70.06999969482422,70.30000305175781,69.97000122070312,70.2699966430664,5290
2026-06-29 14:00:00+00:00,70.44000244140625,70.45999908447266,69.94999694824219,70.08999633789062,9824
2026-06-29 14:30:00+00:00,70.47000122070312,70.58999633789062,70.27999877929688,70.43000030517578,6168
2026-06-29 15:00:00+00:00,70.4800033569336,70.52999877929688,70.26000213623047,70.4800033569336,5964
2026-06-29 15:30:00+00:00,70.58999633789062,70.69999694824219,70.41000366210938,70.45999908447266,5921
2026-06-29 16:00:00+00:00,70.81999969482422,70.83999633789062,70.55000305175781,70.58999633789062,4786
2026-06-29 16:30:00+00:00,70.80999755859375,71.04000091552734,70.7699966430664,70.81999969482422,6849
2026-06-29 17:00:00+00:00,70.88999938964844,71.1500015258789,70.66999816894531,70.80999755859375,7360
2026-06-29 17:30:00+00:00,70.91000366210938,71.02999877929688,70.83000183105469,70.88999938964844,5278
2026-06-29 18:00:00+00:00,70.81999969482422,71.0,70.4800033569336,70.9000015258789,12992
2026-06-29 18:30:00+00:00,70.45999908447266,70.83999633789062,70.44999694824219,70.80999755859375,4750
2026-06-29 19:00:00+00:00,70.41999816894531,70.55000305175781,70.41000366210938,70.47000122070312,1406
2026-06-29 19:30:00+00:00,70.5199966430664,70.55000305175781,70.36000061035156,70.41999816894531,2146
2026-06-29 20:00:00+00:00,70.4800033569336,70.56999969482422,70.47000122070312,70.52999877929688,883
2026-06-29 20:30:00+00:00,70.41999816894531,70.61000061035156,70.41000366210938,70.48999786376953,1229
2026-06-29 22:00:00+00:00,70.37999725341797,70.5,70.25,70.43000030517578,325
2026-06-29 22:30:00+00:00,70.27999877929688,70.38999938964844,70.25,70.37999725341797,100
2026-06-29 23:00:00+00:00,70.30999755859375,70.31999969482422,70.19000244140625,70.29000091552734,238
2026-06-29 23:30:00+00:00,70.1500015258789,70.29000091552734,70.13999938964844,70.29000091552734,226
2026-06-30 00:00:00+00:00,70.3499984741211,70.4000015258789,70.1500015258789,70.1500015258789,831
2026-06-30 00:30:00+00:00,70.30000305175781,70.3499984741211,70.19000244140625,70.33999633789062,634
2026-06-30 01:00:00+00:00,70.22000122070312,70.41999816894531,70.11000061035156,70.30000305175781,1007
2026-06-30 01:30:00+00:00,70.30000305175781,70.4000015258789,70.1500015258789,70.18000030517578,443
2026-06-30 02:00:00+00:00,70.43000030517578,70.4800033569336,70.30000305175781,70.33000183105469,532
2026-06-30 02:30:00+00:00,70.68000030517578,70.87000274658203,70.36000061035156,70.44999694824219,1332
2026-06-30 03:00:00+00:00,70.45999908447266,70.73999786376953,70.45999908447266,70.69000244140625,832
2026-06-30 03:30:00+00:00,70.3499984741211,70.5999984741211,70.30999755859375,70.4800033569336,541
2026-06-30 04:00:00+00:00,70.27999877929688,70.4800033569336,70.27999877929688,70.37000274658203,351
2026-06-30 04:30:00+00:00,70.22000122070312,70.31999969482422,70.20999908447266,70.2699966430664,450
2026-06-30 05:00:00+00:00,70.2300033569336,70.2300033569336,69.93000030517578,70.20999908447266,1208
2026-06-30 05:30:00+00:00,70.11000061035156,70.37000274658203,70.06999969482422,70.22000122070312,1059
2026-06-30 06:00:00+00:00,69.83999633789062,70.12999725341797,69.80999755859375,70.0999984741211,1817
2026-06-30 06:30:00+00:00,70.12999725341797,70.20999908447266,69.75,69.8499984741211,1562
2026-06-30 07:00:00+00:00,70.33000183105469,70.43000030517578,70.0999984741211,70.12000274658203,2077
2026-06-30 07:30:00+00:00,70.27999877929688,70.41999816894531,70.16000366210938,70.33999633789062,1490
2026-06-30 08:00:00+00:00,70.5,70.7699966430664,70.1500015258789,70.2699966430664,3105
2026-06-30 08:30:00+00:00,70.52999877929688,70.87999725341797,70.38999938964844,70.5,3479
2026-06-30 09:00:00+00:00,70.70999908447266,70.79000091552734,70.45999908447266,70.55000305175781,2497
2026-06-30 09:30:00+00:00,71.0199966430664,71.04000091552734,70.68000030517578,70.69999694824219,3657
2026-06-30 10:00:00+00:00,70.70999908447266,71.18000030517578,70.66999816894531,71.0199966430664,2826
2026-06-30 10:30:00+00:00,70.69999694824219,70.91000366210938,70.54000091552734,70.69999694824219,1941
2026-06-30 11:00:00+00:00,70.76000213623047,70.80999755859375,70.52999877929688,70.69999694824219,2189
2026-06-30 11:30:00+00:00,71.1500015258789,71.19999694824219,70.72000122070312,70.75,4236
2026-06-30 12:00:00+00:00,71.2300033569336,71.55999755859375,71.04000091552734,71.16000366210938,6126
2026-06-30 12:30:00+00:00,70.97000122070312,71.2300033569336,70.81999969482422,71.2300033569336,6617
2026-06-30 13:00:00+00:00,71.2300033569336,71.5999984741211,70.83999633789062,70.95999908447266,14623
2026-06-30 13:30:00+00:00,70.9000015258789,71.2300033569336,70.69999694824219,71.2300033569336,8771
2026-06-30 14:00:00+00:00,70.80999755859375,70.97000122070312,70.55000305175781,70.88999938964844,8179
2026-06-30 14:30:00+00:00,70.43000030517578,70.88999938964844,70.31999969482422,70.80999755859375,11392
2026-06-30 15:00:00+00:00,70.05999755859375,70.44000244140625,70.0,70.43000030517578,9744
2026-06-30 15:30:00+00:00,69.7699966430664,70.18000030517578,69.72000122070312,70.05000305175781,9178
2026-06-30 16:00:00+00:00,69.9800033569336,70.16999816894531,69.75,69.7699966430664,7806
2026-06-30 16:30:00+00:00,69.80000305175781,69.98999786376953,69.75,69.9800033569336,7876
2026-06-30 17:00:00+00:00,69.66000366210938,69.9000015258789,69.56999969482422,69.79000091552734,5552
2026-06-30 17:30:00+00:00,69.69000244140625,69.7699966430664,69.56999969482422,69.66999816894531,5939
2026-06-30 18:00:00+00:00,69.5199966430664,69.7300033569336,69.22000122070312,69.68000030517578,17213
2026-06-30 18:30:00+00:00,69.9800033569336,70.02999877929688,69.5,69.5199966430664,5117
2026-06-30 19:00:00+00:00,70.0199966430664,70.08000183105469,69.91000366210938,69.9800033569336,1433
2026-06-30 19:30:00+00:00,70.08999633789062,70.1500015258789,70.0199966430664,70.02999877929688,2021
2026-06-30 20:00:00+00:00,70.08000183105469,70.16999816894531,70.02999877929688,70.08000183105469,1341
2026-06-30 20:30:00+00:00,70.02999877929688,70.11000061035156,69.97000122070312,70.08999633789062,1942
2026-06-30 22:00:00+00:00,69.94000244140625,70.16999816894531,69.87999725341797,69.9800033569336,251
2026-06-30 22:30:00+00:00,69.98999786376953,69.98999786376953,69.91000366210938,69.94000244140625,101
2026-06-30 23:00:00+00:00,70.02999877929688,70.06999969482422,69.91000366210938,69.9800033569336,153
2026-06-30 23:30:00+00:00,70.12000274658203,70.12000274658203,69.97000122070312,70.05999755859375,287
2026-07-01 00:00:00+00:00,69.98999786376953,70.19000244140625,69.9800033569336,70.11000061035156,656
2026-07-01 00:30:00+00:00,70.12000274658203,70.12000274658203,70.0,70.0,272
2026-07-01 01:00:00+00:00,69.93000030517578,70.1500015258789,69.80999755859375,70.12999725341797,1280
2026-07-01 01:30:00+00:00,69.77999877929688,69.9800033569336,69.66999816894531,69.93000030517578,751
2026-07-01 02:00:00+00:00,69.7699966430664,69.87999725341797,69.68000030517578,69.79000091552734,667
2026-07-01 02:30:00+00:00,69.80999755859375,69.87999725341797,69.73999786376953,69.77999877929688,672
2026-07-01 03:00:00+00:00,69.7699966430664,69.87000274658203,69.7699966430664,69.80999755859375,518
2026-07-01 03:30:00+00:00,69.80999755859375,69.87000274658203,69.76000213623047,69.76000213623047,410
2026-07-01 04:00:00+00:00,69.7699966430664,69.8499984741211,69.7300033569336,69.81999969482422,202
2026-07-01 04:30:00+00:00,69.72000122070312,69.77999877929688,69.66999816894531,69.76000213623047,341
2026-07-01 05:00:00+00:00,69.77999877929688,69.87000274658203,69.70999908447266,69.7300033569336,457
2026-07-01 05:30:00+00:00,69.61000061035156,69.79000091552734,69.56999969482422,69.76000213623047,820
2026-07-01 06:00:00+00:00,69.52999877929688,69.69000244140625,69.44000244140625,69.5999984741211,1096
2026-07-01 06:30:00+00:00,69.58999633789062,69.63999938964844,69.44000244140625,69.5199966430664,1089
2026-07-01 07:00:00+00:00,69.38999938964844,69.72000122070312,69.31999969482422,69.58000183105469,2520
2026-07-01 07:30:00+00:00,69.36000061035156,69.52999877929688,69.16999816894531,69.37999725341797,2207
2026-07-01 08:00:00+00:00,68.94000244140625,69.44999694824219,68.91999816894531,69.36000061035156,4618
2026-07-01 08:30:00+00:00,68.3499984741211,69.01000213623047,68.29000091552734,68.94000244140625,6225
2026-07-01 09:00:00+00:00,68.45999908447266,68.55999755859375,68.22000122070312,68.33999633789062,3580
2026-07-01 09:30:00+00:00,68.79000091552734,68.80000305175781,68.44000244140625,68.45999908447266,2650
2026-07-01 10:00:00+00:00,68.76000213623047,69.01000213623047,68.68000030517578,68.79000091552734,2873
2026-07-01 10:30:00+00:00,68.8499984741211,68.94000244140625,68.61000061035156,68.76000213623047,2681
2026-07-01 11:00:00+00:00,68.9800033569336,69.05000305175781,68.7300033569336,68.83999633789062,2914
2026-07-01 11:30:00+00:00,69.13999938964844,69.16999816894531,68.87000274658203,68.9800033569336,3428
2026-07-01 12:00:00+00:00,68.88999938964844,69.18000030517578,68.77999877929688,69.1500015258789,4836
2026-07-01 12:30:00+00:00,68.76000213623047,68.93000030517578,68.6500015258789,68.87999725341797,4100
2026-07-01 13:00:00+00:00,68.87999725341797,69.25,68.7699966430664,68.7699966430664,8802
2026-07-01 13:30:00+00:00,69.06999969482422,69.1500015258789,68.75,68.87999725341797,9825
2026-07-01 14:00:00+00:00,68.79000091552734,69.11000061035156,68.72000122070312,69.06999969482422,6293
2026-07-01 14:30:00+00:00,68.19000244140625,68.87999725341797,68.1500015258789,68.79000091552734,13307
2026-07-01 15:00:00+00:00,68.12000274658203,68.55999755859375,68.05999755859375,68.19999694824219,11306
2026-07-01 15:30:00+00:00,68.16000366210938,68.37999725341797,68.08000183105469,68.12000274658203,7679
2026-07-01 16:00:00+00:00,68.19999694824219,68.30999755859375,68.02999877929688,68.16000366210938,6613
2026-07-01 16:30:00+00:00,68.2699966430664,68.47000122070312,68.11000061035156,68.19999694824219,6781
2026-07-01 17:00:00+00:00,68.4000015258789,68.41000366210938,68.1500015258789,68.27999877929688,5161
2026-07-01 17:30:00+00:00,68.29000091552734,68.41000366210938,68.12999725341797,68.38999938964844,7409
2026-07-01 18:00:00+00:00,68.69000244140625,68.7300033569336,68.2699966430664,68.29000091552734,14267
2026-07-01 18:30:00+00:00,68.29000091552734,68.7300033569336,68.27999877929688,68.68000030517578,7137
2026-07-01 19:00:00+00:00,68.2699966430664,68.3499984741211,68.19999694824219,68.29000091552734,3454
2026-07-01 19:30:00+00:00,68.0199966430664,68.2699966430664,67.91999816894531,68.2699966430664,4947
2026-07-01 20:00:00+00:00,68.12000274658203,68.1500015258789,67.95999908447266,68.02999877929688,2196
2026-07-01 20:30:00+00:00,68.08999633789062,68.1500015258789,68.05000305175781,68.12000274658203,1478
2026-07-01 22:00:00+00:00,67.9800033569336,68.16999816894531,67.94999694824219,68.02999877929688,291
2026-07-01 22:30:00+00:00,68.0199966430664,68.06999969482422,67.9800033569336,67.9800033569336,160
2026-07-01 23:00:00+00:00,68.05000305175781,68.05000305175781,67.95999908447266,68.01000213623047,241
2026-07-01 23:30:00+00:00,67.98999786376953,68.05999755859375,67.95999908447266,68.05000305175781,232
2026-07-02 00:00:00+00:00,67.86000061035156,68.13999938964844,67.72000122070312,68.0,2317
2026-07-02 00:30:00+00:00,67.9000015258789,67.91999816894531,67.7300033569336,67.87999725341797,877
2026-07-02 01:00:00+00:00,67.61000061035156,67.94000244140625,67.5999984741211,67.88999938964844,2194
2026-07-02 01:30:00+00:00,67.80000305175781,67.83999633789062,67.58999633789062,67.62999725341797,929
2026-07-02 02:00:00+00:00,67.8499984741211,67.9800033569336,67.62999725341797,67.80999755859375,1041
2026-07-02 02:30:00+00:00,67.70999908447266,67.88999938964844,67.66000366210938,67.83999633789062,460
2026-07-02 03:00:00+00:00,67.62999725341797,67.7699966430664,67.55999755859375,67.69999694824219,1005
2026-07-02 03:30:00+00:00,67.70999908447266,67.79000091552734,67.62000274658203,67.63999938964844,876
2026-07-02 04:00:00+00:00,67.81999969482422,67.83999633789062,67.72000122070312,67.7300033569336,200
2026-07-02 04:30:00+00:00,67.9000015258789,67.91999816894531,67.80999755859375,67.81999969482422,349
2026-07-02 05:00:00+00:00,67.87000274658203,67.91999816894531,67.83000183105469,67.88999938964844,273
2026-07-02 05:30:00+00:00,67.87999725341797,67.91000366210938,67.70999908447266,67.87000274658203,1019
2026-07-02 06:00:00+00:00,67.9800033569336,67.9800033569336,67.66999816894531,67.88999938964844,1705
2026-07-02 06:30:00+00:00,67.55999755859375,67.98999786376953,67.51000213623047,67.9800033569336,1567
2026-07-02 07:00:00+00:00,67.94999694824219,68.06999969482422,67.44999694824219,67.55000305175781,3908
2026-07-02 07:30:00+00:00,67.94999694824219,68.23999786376953,67.88999938964844,67.95999908447266,2964
2026-07-02 08:00:00+00:00,68.13999938964844,68.23999786376953,67.87999725341797,67.94999694824219,3576
2026-07-02 08:30:00+00:00,67.87000274658203,68.23999786376953,67.77999877929688,68.1500015258789,2268
2026-07-02 09:00:00+00:00,67.48999786376953,67.9000015258789,67.48999786376953,67.87999725341797,2684
2026-07-02 09:30:00+00:00,67.51000213623047,67.66000366210938,67.30999755859375,67.4800033569336,3767
2026-07-02 10:00:00+00:00,67.63999938964844,67.69999694824219,67.45999908447266,67.51000213623047,3428
2026-07-02 10:30:00+00:00,67.44999694824219,67.69000244140625,67.41999816894531,67.63999938964844,2305
2026-07-02 11:00:00+00:00,67.30000305175781,67.62000274658203,67.23999786376953,67.44999694824219,3773
2026-07-02 11:30:00+00:00,67.18000030517578,67.31999969482422,67.04000091552734,67.30000305175781,5025
2026-07-02 12:00:00+00:00,67.33999633789062,67.36000061035156,67.11000061035156,67.18000030517578,4215
2026-07-02 12:30:00+00:00,67.56999969482422,67.68000030517578,67.25,67.33000183105469,8168
2026-07-02 13:00:00+00:00,67.72000122070312,67.75,67.47000122070312,67.55999755859375,7511
2026-07-02 13:30:00+00:00,67.7699966430664,68.08999633789062,67.63999938964844,67.72000122070312,8414
2026-07-02 14:00:00+00:00,67.61000061035156,67.83999633789062,67.52999877929688,67.76000213623047,7504
2026-07-02 14:30:00+00:00,67.73999786376953,67.83999633789062,67.56999969482422,67.61000061035156,4975
2026-07-02 15:00:00+00:00,67.70999908447266,67.88999938964844,67.47000122070312,67.73999786376953,8085
2026-07-02 15:30:00+00:00,67.7300033569336,67.73999786376953,67.43000030517578,67.70999908447266,5533
2026-07-02 16:00:00+00:00,68.11000061035156,68.20999908447266,67.68000030517578,67.73999786376953,9608
2026-07-02 16:30:00+00:00,68.12999725341797,68.27999877929688,67.98999786376953,68.12000274658203,4951
2026-07-02 17:00:00+00:00,68.33999633789062,68.3499984741211,68.08000183105469,68.12999725341797,3861
2026-07-02 17:30:00+00:00,68.4800033569336,68.5199966430664,68.29000091552734,68.33000183105469,7504
2026-07-02 18:00:00+00:00,68.68000030517578,68.80000305175781,68.3499984741211,68.47000122070312,15122
2026-07-02 18:30:00+00:00,68.44999694824219,68.72000122070312,68.43000030517578,68.66999816894531,3379
2026-07-02 19:00:00+00:00,68.45999908447266,68.55000305175781,68.41000366210938,68.44999694824219,2219
2026-07-02 19:30:00+00:00,68.47000122070312,68.55000305175781,68.41999816894531,68.47000122070312,1874
2026-07-02 20:00:00+00:00,68.4800033569336,68.5199966430664,68.43000030517578,68.47000122070312,894
2026-07-02 20:30:00+00:00,68.45999908447266,68.51000213623047,68.44000244140625,68.48999786376953,671
2026-07-02 22:00:00+00:00,68.5,68.55999755859375,68.37000274658203,68.43000030517578,218
2026-07-02 22:30:00+00:00,68.4800033569336,68.5199966430664,68.44999694824219,68.4800033569336,75
2026-07-02 23:00:00+00:00,68.45999908447266,68.5,68.38999938964844,68.4800033569336,255
2026-07-02 23:30:00+00:00,68.4000015258789,68.5,68.37999725341797,68.45999908447266,69
2026-07-03 00:00:00+00:00,68.38999938964844,68.43000030517578,68.33000183105469,68.37999725341797,477
2026-07-03 00:30:00+00:00,68.44000244140625,68.52999877929688,68.36000061035156,68.4000015258789,268
2026-07-03 01:00:00+00:00,68.54000091552734,68.5999984741211,68.30000305175781,68.44000244140625,865
2026-07-03 01:30:00+00:00,68.9000015258789,68.93000030517578,68.55000305175781,68.55000305175781,1376
2026-07-03 02:00:00+00:00,68.94999694824219,69.01000213623047,68.87999725341797,68.91999816894531,693
2026-07-03 02:30:00+00:00,68.88999938964844,69.13999938964844,68.81999969482422,68.95999908447266,1125
2026-07-03 03:00:00+00:00,69.08999633789062,69.16000366210938,68.88999938964844,68.88999938964844,535
2026-07-03 03:30:00+00:00,69.01000213623047,69.11000061035156,68.97000122070312,69.08000183105469,446
2026-07-05 22:00:00+00:00,68.37999725341797,68.77999877929688,68.31999969482422,68.68000030517578,1271
2026-07-05 22:30:00+00:00,68.30999755859375,68.77999877929688,68.30000305175781,68.37999725341797,301
2026-07-05 23:00:00+00:00,68.30000305175781,68.77999877929688,68.27999877929688,68.31999969482422,438
2026-07-05 23:30:00+00:00,68.25,68.77999877929688,68.22000122070312,68.27999877929688,434
2026-07-06 00:00:00+00:00,68.33999633789062,68.77999877929688,68.22000122070312,68.25,1030
2026-07-06 00:30:00+00:00,68.23999786376953,68.77999877929688,68.2300033569336,68.33000183105469,1244
2026-07-06 01:00:00+00:00,68.58999633789062,68.77999877929688,68.16000366210938,68.2300033569336,1777
2026-07-06 01:30:00+00:00,68.87000274658203,68.9000015258789,68.4000015258789,68.58000183105469,1237
2026-07-06 02:00:00+00:00,69.08999633789062,69.16000366210938,68.77999877929688,68.87999725341797,1208
2026-07-06 02:30:00+00:00,68.58000183105469,69.11000061035156,68.52999877929688,69.08999633789062,1326
2026-07-06 03:00:00+00:00,68.5,68.77999877929688,68.37000274658203,68.58000183105469,1011
2026-07-06 03:30:00+00:00,68.41999816894531,68.77999877929688,68.37000274658203,68.5,326
2026-07-06 04:00:00+00:00,68.5999984741211,68.77999877929688,68.41000366210938,68.44000244140625,412
2026-07-06 04:30:00+00:00,68.61000061035156,68.77999877929688,68.55000305175781,68.5999984741211,321
2026-07-06 05:00:00+00:00,68.72000122070312,68.77999877929688,68.58999633789062,68.62000274658203,433
2026-07-06 05:30:00+00:00,68.8499984741211,68.88999938964844,68.69000244140625,68.72000122070312,668
2026-07-06 06:00:00+00:00,68.91999816894531,69.20999908447266,68.77999877929688,68.87999725341797,2250
2026-07-06 06:30:00+00:00,68.76000213623047,68.97000122070312,68.70999908447266,68.91999816894531,1392
2026-07-06 07:00:00+00:00,68.54000091552734,68.77999877929688,68.41000366210938,68.7699966430664,3162
2026-07-06 07:30:00+00:00,67.93000030517578,68.77999877929688,67.81999969482422,68.5199966430664,5129
2026-07-06 08:00:00+00:00,68.08000183105469,68.77999877929688,67.9000015258789,67.94000244140625,4146
2026-07-06 08:30:00+00:00,68.19999694824219,68.77999877929688,68.04000091552734,68.08000183105469,3984
2026-07-06 09:00:00+00:00,68.30000305175781,68.77999877929688,68.19999694824219,68.19999694824219,2724
2026-07-06 09:30:00+00:00,68.30999755859375,68.77999877929688,68.11000061035156,68.30000305175781,4244
2026-07-06 10:00:00+00:00,68.29000091552734,68.77999877929688,68.0999984741211,68.31999969482422,2622
2026-07-06 10:30:00+00:00,68.58999633789062,68.77999877929688,68.08999633789062,68.30999755859375,3015
2026-07-06 11:00:00+00:00,68.58000183105469,68.77999877929688,68.52999877929688,68.58999633789062,2581
2026-07-06 11:30:00+00:00,68.6500015258789,68.77999877929688,68.30999755859375,68.5999984741211,2052
2026-07-06 12:00:00+00:00,68.19000244140625,68.77999877929688,68.13999938964844,68.6500015258789,5300
2026-07-06 12:30:00+00:00,68.29000091552734,68.77999877929688,68.19000244140625,68.19999694824219,4546
2026-07-06 13:00:00+00:00,68.83000183105469,68.86000061035156,68.06999969482422,68.27999877929688,10312
2026-07-06 13:30:00+00:00,68.70999908447266,68.94999694824219,68.47000122070312,68.83000183105469,7590
2026-07-06 14:00:00+00:00,68.9000015258789,68.95999908447266,68.44000244140625,68.69999694824219,9007
2026-07-06 14:30:00+00:00,68.76000213623047,69.12000274658203,68.69999694824219,68.9000015258789,8227
2026-07-06 15:00:00+00:00,68.87999725341797,68.93000030517578,68.58000183105469,68.76000213623047,6956
2026-07-06 15:30:00+00:00,68.73999786376953,69.04000091552734,68.69000244140625,68.87999725341797,7002
2026-07-06 16:00:00+00:00,68.36000061035156,68.80999755859375,68.3499984741211,68.73999786376953,5198
2026-07-06 16:30:00+00:00,68.30999755859375,68.77999877929688,68.22000122070312,68.36000061035156,5171
2026-07-06 17:00:00+00:00,68.41999816894531,68.77999877929688,68.19999694824219,68.30000305175781,5462
2026-07-06 17:30:00+00:00,68.52999877929688,68.77999877929688,68.37999725341797,68.41000366210938,6578
2026-07-06 18:00:00+00:00,68.55000305175781,68.77999877929688,68.44000244140625,68.52999877929688,12737
2026-07-06 18:30:00+00:00,68.54000091552734,68.77999877929688,68.36000061035156,68.55000305175781,3979
2026-07-06 19:00:00+00:00,68.72000122070312,68.77999877929688,68.54000091552734,68.55000305175781,1248
2026-07-06 19:30:00+00:00,68.69000244140625,68.77999877929688,68.6500015258789,68.72000122070312,2135
2026-07-06 20:00:00+00:00,68.66999816894531,68.77999877929688,68.62000274658203,68.68000030517578,572
2026-07-06 20:30:00+00:00,68.77999877929688,68.77999877929688,68.58999633789062,68.66000366210938,683
2026-07-06 22:00:00+00:00,68.66999816894531,68.72000122070312,68.58000183105469,68.58000183105469,164
2026-07-06 22:30:00+00:00,68.75,68.75,68.66999816894531,68.66999816894531,284
2026-07-06 23:00:00+00:00,68.80000305175781,68.9000015258789,68.66000366210938,68.76000213623047,547
2026-07-06 23:30:00+00:00,68.76000213623047,68.83000183105469,68.73999786376953,68.80999755859375,187
2026-07-07 00:00:00+00:00,68.76000213623047,68.91000366210938,68.70999908447266,68.76000213623047,1037
2026-07-07 00:30:00+00:00,68.87999725341797,68.9000015258789,68.69999694824219,68.7699966430664,472
2026-07-07 01:00:00+00:00,68.7699966430664,68.95999908447266,68.62999725341797,68.87000274658203,910
2026-07-07 01:30:00+00:00,69.06999969482422,69.0999984741211,68.73999786376953,68.7699966430664,1047
2026-07-07 02:00:00+00:00,69.22000122070312,69.2699966430664,68.98999786376953,69.05999755859375,2310
2026-07-07 02:30:00+00:00,69.0,69.31999969482422,68.95999908447266,69.22000122070312,1265
2026-07-07 03:00:00+00:00,69.05000305175781,69.22000122070312,68.97000122070312,69.0,996
2026-07-07 03:30:00+00:00,68.93000030517578,69.06999969482422,68.83999633789062,69.05999755859375,951
2026-07-07 04:00:00+00:00,69.0,69.01000213623047,68.91999816894531,68.93000030517578,374
2026-07-07 04:30:00+00:00,68.95999908447266,69.02999877929688,68.94999694824219,68.98999786376953,243
2026-07-07 05:00:00+00:00,69.19000244140625,69.2300033569336,68.95999908447266,68.9800033569336,771
2026-07-07 05:30:00+00:00,69.3499984741211,69.44000244140625,69.12999725341797,69.19999694824219,1652
2026-07-07 06:00:00+00:00,69.23999786376953,69.43000030517578,69.19999694824219,69.37000274658203,1523
2026-07-07 06:30:00+00:00,69.44000244140625,69.4800033569336,69.19999694824219,69.23999786376953,2002
2026-07-07 07:00:00+00:00,69.4800033569336,69.54000091552734,69.30999755859375,69.44999694824219,2770
2026-07-07 07:30:00+00:00,69.33999633789062,69.62999725341797,69.30000305175781,69.47000122070312,2857
2026-07-07 08:00:00+00:00,69.05999755859375,69.44000244140625,69.05000305175781,69.33999633789062,4266
2026-07-07 08:30:00+00:00,69.36000061035156,69.54000091552734,68.97000122070312,69.05000305175781,5631
2026-07-07 09:00:00+00:00,69.29000091552734,69.73999786376953,69.18000030517578,69.36000061035156,4346
2026-07-07 09:30:00+00:00,69.2699966430664,69.41000366210938,69.05999755859375,69.30000305175781,2426
2026-07-07 10:00:00+00:00,69.16000366210938,69.2699966430664,69.08000183105469,69.2699966430664,1791
2026-07-07 10:30:00+00:00,69.38999938964844,69.41000366210938,69.05999755859375,69.18000030517578,3646
2026-07-07 11:00:00+00:00,69.08999633789062,69.45999908447266,69.08000183105469,69.38999938964844,3194
2026-07-07 11:30:00+00:00,69.02999877929688,69.2300033569336,68.93000030517578,69.08000183105469,2588
2026-07-07 12:00:00+00:00,69.02999877929688,69.11000061035156,68.87999725341797,69.0199966430664,3809
2026-07-07 12:30:00+00:00,69.13999938964844,69.33000183105469,68.93000030517578,69.02999877929688,8051
2026-07-07 13:00:00+00:00,69.5999984741211,69.81999969482422,69.11000061035156,69.12999725341797,13903
2026-07-07 13:30:00+00:00,70.02999877929688,70.08000183105469,69.48999786376953,69.5999984741211,14592
2026-07-07 14:00:00+00:00,70.23999786376953,70.5199966430664,69.7699966430664,70.04000091552734,21281
2026-07-07 14:30:00+00:00,70.2300033569336,70.41000366210938,69.9800033569336,70.2300033569336,9619
2026-07-07 15:00:00+00:00,70.20999908447266,70.4800033569336,70.1500015258789,70.23999786376953,8450
2026-07-07 15:30:00+00:00,70.33999633789062,70.55999755859375,70.08000183105469,70.19999694824219,9597
2026-07-07 16:00:00+00:00,70.51000213623047,70.58000183105469,70.30000305175781,70.33999633789062,6107
2026-07-07 16:30:00+00:00,70.44000244140625,70.52999877929688,70.31999969482422,70.5,4946
2026-07-07 17:00:00+00:00,70.58000183105469,70.66999816894531,70.3499984741211,70.44000244140625,7246
2026-07-07 17:30:00+00:00,70.41999816894531,70.72000122070312,70.33999633789062,70.5999984741211,5564
2026-07-07 18:00:00+00:00,70.4800033569336,70.58999633789062,70.36000061035156,70.43000030517578,15563
2026-07-07 18:30:00+00:00,71.44999694824219,71.45999908447266,70.33000183105469,70.4800033569336,14203
2026-07-07 19:00:00+00:00,72.22000122070312,72.51000213623047,71.41999816894531,71.44999694824219,19782
2026-07-07 19:30:00+00:00,71.87999725341797,72.31999969482422,71.76000213623047,72.22000122070312,11106
2026-07-07 20:00:00+00:00,72.06999969482422,72.12000274658203,71.87999725341797,71.88999938964844,2750
2026-07-07 20:30:00+00:00,72.19999694824219,72.30999755859375,72.05999755859375,72.06999969482422,2317
2026-07-07 22:00:00+00:00,72.4000015258789,72.6500015258789,72.06999969482422,72.37999725341797,1557
2026-07-07 22:30:00+00:00,72.44999694824219,72.48999786376953,72.33999633789062,72.4000015258789,536
2026-07-07 23:00:00+00:00,72.44000244140625,72.48999786376953,72.27999877929688,72.44999694824219,847
2026-07-07 23:30:00+00:00,72.41999816894531,72.5,72.26000213623047,72.44999694824219,1021
2026-07-08 00:00:00+00:00,72.55999755859375,72.72000122070312,72.3499984741211,72.41000366210938,3312
2026-07-08 00:30:00+00:00,71.98999786376953,72.55999755859375,71.95999908447266,72.55999755859375,2121
2026-07-08 01:00:00+00:00,71.80999755859375,72.12999725341797,71.75,71.98999786376953,3348
2026-07-08 01:30:00+00:00,72.12999725341797,72.16000366210938,71.79000091552734,71.80999755859375,1882
2026-07-08 02:00:00+00:00,72.43000030517578,72.62000274658203,72.0,72.12999725341797,1843
2026-07-08 02:30:00+00:00,72.26000213623047,72.4800033569336,72.08999633789062,72.43000030517578,1657
2026-07-08 03:00:00+00:00,72.22000122070312,72.4000015258789,72.20999908447266,72.26000213623047,987
2026-07-08 03:30:00+00:00,72.26000213623047,72.31999969482422,72.16000366210938,72.2300033569336,931
2026-07-08 04:00:00+00:00,72.25,72.38999938964844,72.23999786376953,72.26000213623047,782
2026-07-08 04:30:00+00:00,72.36000061035156,72.37999725341797,72.19999694824219,72.25,752
2026-07-08 05:00:00+00:00,72.7300033569336,72.91999816894531,72.3499984741211,72.37000274658203,2512
2026-07-08 05:30:00+00:00,72.7699966430664,72.81999969482422,72.33000183105469,72.7300033569336,2117
2026-07-08 06:00:00+00:00,72.66999816894531,72.93000030517578,70.44000244140625,72.76000213623047,2392
2026-07-08 06:30:00+00:00,72.56999969482422,72.83999633789062,72.55000305175781,72.66999816894531,2726
2026-07-08 07:00:00+00:00,72.0199966430664,72.8499984741211,72.01000213623047,72.55000305175781,5118
2026-07-08 07:30:00+00:00,72.05999755859375,72.0999984741211,71.80999755859375,72.02999877929688,3697
2026-07-08 08:00:00+00:00,74.0199966430664,74.26000213623047,71.93000030517578,72.06999969482422,24806
2026-07-08 08:30:00+00:00,74.8499984741211,74.91000366210938,73.97000122070312,74.02999877929688,16438
2026-07-08 09:00:00+00:00,74.86000061035156,75.30000305175781,74.7699966430664,74.8499984741211,12421
2026-07-08 09:30:00+00:00,74.9000015258789,75.06999969482422,74.44000244140625,74.86000061035156,10842
2026-07-08 10:00:00+00:00,74.20999908447266,74.97000122070312,74.19000244140625,74.9000015258789,8012
2026-07-08 10:30:00+00:00,74.1500015258789,74.2300033569336,73.81999969482422,74.20999908447266,8801
2026-07-08 11:00:00+00:00,74.30000305175781,74.41999816894531,73.95999908447266,74.1500015258789,6688
2026-07-08 11:30:00+00:00,74.08000183105469,74.58000183105469,73.4800033569336,74.30999755859375,11291
2026-07-08 12:00:00+00:00,73.44999694824219,74.33999633789062,73.41999816894531,74.08000183105469,13716
2026-07-08 12:30:00+00:00,73.83999633789062,73.87999725341797,73.12999725341797,73.47000122070312,17524
2026-07-08 13:00:00+00:00,74.23999786376953,74.29000091552734,73.62000274658203,73.83000183105469,22421
2026-07-08 13:30:00+00:00,73.75,74.30999755859375,73.30999755859375,74.2300033569336,17502
2026-07-08 14:00:00+00:00,75.4800033569336,75.51000213623047,73.73999786376953,73.76000213623047,21101
2026-07-08 14:30:00+00:00,75.30000305175781,75.79000091552734,75.0999984741211,75.5,22114
2026-07-08 15:00:00+00:00,75.27999877929688,75.83999633789062,75.23999786376953,75.30000305175781,18087
2026-07-08 15:30:00+00:00,75.83999633789062,76.08000183105469,75.26000213623047,75.27999877929688,13674
2026-07-08 16:00:00+00:00,75.05999755859375,75.9800033569336,74.87000274658203,75.83999633789062,17818
2026-07-08 16:30:00+00:00,74.56999969482422,75.33999633789062,74.37000274658203,75.05000305175781,22892
2026-07-08 17:00:00+00:00,73.8499984741211,74.62999725341797,73.80999755859375,74.58000183105469,13644
2026-07-08 17:30:00+00:00,73.77999877929688,73.9800033569336,73.54000091552734,73.83999633789062,12124
2026-07-08 18:00:00+00:00,73.52999877929688,73.80999755859375,73.43000030517578,73.7699966430664,22430
2026-07-08 18:30:00+00:00,73.58999633789062,73.8499984741211,73.3499984741211,73.52999877929688,9036
2026-07-08 19:00:00+00:00,73.62000274658203,73.72000122070312,73.5,73.61000061035156,2955
2026-07-08 19:30:00+00:00,74.06999969482422,74.30999755859375,73.58999633789062,73.61000061035156,5881
2026-07-08 20:00:00+00:00,74.62000274658203,74.80999755859375,74.05000305175781,74.05999755859375,5076
2026-07-08 20:30:00+00:00,74.76000213623047,75.05999755859375,74.48999786376953,74.5999984741211,5789
2026-07-08 22:00:00+00:00,74.48999786376953,75.12999725341797,74.44999694824219,74.94999694824219,1403
2026-07-08 22:30:00+00:00,74.52999877929688,74.61000061035156,74.22000122070312,74.5,4355
2026-07-08 23:00:00+00:00,74.45999908447266,74.56999969482422,74.41999816894531,74.5199966430664,498
2026-07-08 23:30:00+00:00,74.45999908447266,74.5,74.4000015258789,74.44999694824219,261
2026-07-09 00:00:00+00:00,74.2300033569336,74.5199966430664,74.12000274658203,74.44999694824219,1484
2026-07-09 00:30:00+00:00,74.0199966430664,74.37999725341797,74.0,74.22000122070312,1347
2026-07-09 01:00:00+00:00,74.4000015258789,74.62000274658203,73.87999725341797,74.0199966430664,2691
2026-07-09 01:30:00+00:00,74.12000274658203,74.38999938964844,74.08000183105469,74.37999725341797,1105
2026-07-09 02:00:00+00:00,74.23999786376953,74.33000183105469,73.97000122070312,74.12000274658203,1618
2026-07-09 02:30:00+00:00,74.51000213623047,74.66999816894531,74.2699966430664,74.2699966430664,1165
2026-07-09 03:00:00+00:00,74.41000366210938,74.5999984741211,74.26000213623047,74.52999877929688,1198
2026-07-09 03:30:00+00:00,74.27999877929688,74.41999816894531,74.16000366210938,74.4000015258789,842
2026-07-09 04:00:00+00:00,74.38999938964844,74.41000366210938,74.26000213623047,74.2699966430664,326
2026-07-09 04:30:00+00:00,74.3499984741211,74.41000366210938,74.25,74.38999938964844,751
2026-07-09 05:00:00+00:00,74.30999755859375,74.54000091552734,74.0,74.33999633789062,3280
2026-07-09 05:30:00+00:00,73.05999755859375,74.30000305175781,73.0,74.30000305175781,5433
2026-07-09 06:00:00+00:00,73.33999633789062,73.52999877929688,73.01000213623047,73.08000183105469,3313
2026-07-09 06:30:00+00:00,73.30999755859375,73.38999938964844,73.16999816894531,73.3499984741211,1819
2026-07-09 07:00:00+00:00,73.20999908447266,73.73999786376953,73.13999938964844,73.31999969482422,3674
2026-07-09 07:30:00+00:00,72.76000213623047,73.25,72.54000091552734,73.20999908447266,6081
2026-07-09 08:00:00+00:00,72.48999786376953,72.91999816894531,72.41000366210938,72.76000213623047,4857
2026-07-09 08:30:00+00:00,73.0199966430664,73.05000305175781,72.37000274658203,72.48999786376953,4175
2026-07-09 09:00:00+00:00,73.19999694824219,73.2300033569336,72.97000122070312,73.04000091552734,2993
2026-07-09 09:30:00+00:00,73.51000213623047,73.66999816894531,73.08999633789062,73.20999908447266,4548
2026-07-09 10:00:00+00:00,73.80000305175781,73.83000183105469,73.41999816894531,73.51000213623047,2773
2026-07-09 10:30:00+00:00,74.25,74.62000274658203,73.5999984741211,73.80999755859375,6417
2026-07-09 11:00:00+00:00,74.06999969482422,74.29000091552734,73.88999938964844,74.25,3973
2026-07-09 11:30:00+00:00,73.95999908447266,74.2300033569336,73.83000183105469,74.08000183105469,3954
2026-07-09 12:00:00+00:00,73.83999633789062,74.12999725341797,73.62999725341797,73.94999694824219,4610
2026-07-09 12:30:00+00:00,73.93000030517578,74.11000061035156,73.66000366210938,73.83999633789062,9092
2026-07-09 13:00:00+00:00,73.18000030517578,74.01000213623047,72.94000244140625,73.91999816894531,14164
2026-07-09 13:30:00+00:00,72.66000366210938,73.23999786376953,72.62000274658203,73.18000030517578,11160
2026-07-09 14:00:00+00:00,72.69000244140625,72.91999816894531,72.44999694824219,72.66000366210938,12167
2026-07-09 14:30:00+00:00,72.30999755859375,73.08000183105469,72.16000366210938,72.69000244140625,14059
2026-07-09 15:00:00+00:00,72.18000030517578,72.52999877929688,72.06999969482422,72.30999755859375,9826
2026-07-09 15:30:00+00:00,72.12000274658203,72.43000030517578,71.80999755859375,72.18000030517578,10956
2026-07-09 16:00:00+00:00,71.98999786376953,72.2699966430664,71.9000015258789,72.13999938964844,7667
2026-07-09 16:30:00+00:00,71.94000244140625,72.12000274658203,71.63999938964844,72.0,9869
2026-07-09 17:00:00+00:00,71.80999755859375,72.12000274658203,71.7699966430664,71.94000244140625,6242
2026-07-09 17:30:00+00:00,71.52999877929688,71.88999938964844,71.43000030517578,71.80999755859375,11653
2026-07-09 18:00:00+00:00,72.0999984741211,72.19999694824219,71.41999816894531,71.5199966430664,22814
2026-07-09 18:30:00+00:00,71.61000061035156,72.13999938964844,71.55999755859375,72.0999984741211,8593
2026-07-09 19:00:00+00:00,71.69000244140625,71.69000244140625,71.43000030517578,71.5999984741211,3085
2026-07-09 19:30:00+00:00,71.87999725341797,71.88999938964844,71.66999816894531,71.70999908447266,1767
2026-07-09 20:00:00+00:00,71.83000183105469,71.93000030517578,71.62999725341797,71.87999725341797,1903
2026-07-09 20:30:00+00:00,71.80999755859375,71.91000366210938,71.7300033569336,71.80999755859375,946
2026-07-09 22:00:00+00:00,71.7300033569336,71.86000061035156,71.22000122070312,71.86000061035156,989
2026-07-09 22:30:00+00:00,71.83000183105469,71.87000274658203,71.73999786376953,71.76000213623047,363
2026-07-09 23:00:00+00:00,71.87000274658203,71.88999938964844,71.73999786376953,71.81999969482422,310
2026-07-09 23:30:00+00:00,71.91999816894531,71.94999694824219,71.80000305175781,71.87000274658203,377
2026-07-10 00:00:00+00:00,71.83999633789062,71.98999786376953,71.77999877929688,71.91999816894531,866
2026-07-10 00:30:00+00:00,71.97000122070312,72.01000213623047,71.83999633789062,71.83999633789062,497
2026-07-10 01:00:00+00:00,72.0999984741211,72.18000030517578,71.7699966430664,71.97000122070312,1450
2026-07-10 01:30:00+00:00,72.13999938964844,72.18000030517578,72.0199966430664,72.12000274658203,687
2026-07-10 02:00:00+00:00,72.2699966430664,72.29000091552734,72.08000183105469,72.1500015258789,1239
2026-07-10 02:30:00+00:00,72.36000061035156,72.41999816894531,72.19999694824219,72.29000091552734,765
2026-07-10 03:00:00+00:00,72.27999877929688,72.37999725341797,72.16999816894531,72.36000061035156,661
2026-07-10 03:30:00+00:00,72.38999938964844,72.41000366210938,72.20999908447266,72.29000091552734,606
2026-07-10 04:00:00+00:00,72.45999908447266,72.55999755859375,72.3499984741211,72.41999816894531,1069
2026-07-10 04:30:00+00:00,72.29000091552734,72.47000122070312,72.18000030517578,72.44000244140625,818
2026-07-10 05:00:00+00:00,72.30000305175781,72.43000030517578,72.27999877929688,72.30999755859375,603
2026-07-10 05:30:00+00:00,72.16000366210938,72.38999938964844,71.97000122070312,72.30000305175781,1413
2026-07-10 06:00:00+00:00,71.88999938964844,72.18000030517578,71.75,72.18000030517578,1679
2026-07-10 06:30:00+00:00,72.04000091552734,72.26000213623047,71.87999725341797,71.87999725341797,1503
2026-07-10 07:00:00+00:00,71.58999633789062,72.08999633789062,71.44999694824219,72.04000091552734,4506
2026-07-10 07:30:00+00:00,71.56999969482422,71.66000366210938,71.30999755859375,71.58000183105469,2747
2026-07-10 08:00:00+00:00,71.63999938964844,71.6500015258789,71.16000366210938,71.55000305175781,4373
2026-07-10 08:30:00+00:00,71.88999938964844,72.19000244140625,71.62999725341797,71.62999725341797,4101
2026-07-10 09:00:00+00:00,71.6500015258789,72.05000305175781,71.51000213623047,71.88999938964844,2936
2026-07-10 09:30:00+00:00,71.8499984741211,71.94999694824219,71.55000305175781,71.63999938964844,1820
2026-07-10 10:00:00+00:00,71.97000122070312,72.06999969482422,71.80999755859375,71.86000061035156,2342
2026-07-10 10:30:00+00:00,72.23999786376953,72.30000305175781,71.88999938964844,71.9800033569336,2191
2026-07-10 11:00:00+00:00,72.48999786376953,72.52999877929688,72.13999938964844,72.25,3517
2026-07-10 11:30:00+00:00,72.7300033569336,72.83999633789062,72.44999694824219,72.48999786376953,4982
2026-07-10 12:00:00+00:00,72.05000305175781,72.8499984741211,71.47000122070312,72.7300033569336,12318
2026-07-10 12:30:00+00:00,71.94999694824219,72.33999633789062,71.91999816894531,72.05999755859375,3936
2026-07-10 13:00:00+00:00,72.11000061035156,72.38999938964844,71.87000274658203,71.95999908447266,5257
2026-07-10 13:30:00+00:00,71.58999633789062,72.19000244140625,71.5,72.0999984741211,10395
2026-07-10 14:00:00+00:00,71.7300033569336,71.86000061035156,71.52999877929688,71.5999984741211,6573
2026-07-10 14:30:00+00:00,71.93000030517578,73.16000366210938,71.25,71.7300033569336,19967
2026-07-10 15:00:00+00:00,71.33000183105469,71.93000030517578,71.13999938964844,71.93000030517578,11415
2026-07-10 15:30:00+00:00,71.01000213623047,71.41999816894531,70.7699966430664,71.33000183105469,12832
2026-07-10 16:00:00+00:00,71.23999786376953,71.48999786376953,71.01000213623047,71.01000213623047,8508
2026-07-10 16:30:00+00:00,71.08999633789062,71.30999755859375,71.01000213623047,71.25,6009
2026-07-10 17:00:00+00:00,71.25,71.4000015258789,71.02999877929688,71.0999984741211,7163
2026-07-10 17:30:00+00:00,71.29000091552734,71.4000015258789,71.12999725341797,71.25,7780
2026-07-10 18:00:00+00:00,71.41000366210938,71.51000213623047,71.08000183105469,71.27999877929688,22791
2026-07-10 18:30:00+00:00,71.58999633789062,71.61000061035156,71.36000061035156,71.41999816894531,4567
2026-07-10 19:00:00+00:00,71.62000274658203,71.69999694824219,71.5,71.5999984741211,4627
2026-07-10 19:30:00+00:00,71.56999969482422,71.69000244140625,71.44999694824219,71.61000061035156,2791
2026-07-10 20:00:00+00:00,71.56999969482422,71.5999984741211,71.5,71.55999755859375,957
2026-07-10 20:30:00+00:00,71.41000366210938,71.6500015258789,71.41000366210938,71.55999755859375,1875
2026-07-12 22:00:00+00:00,73.68000030517578,74.19999694824219,73.62999725341797,74.0999984741211,2184
2026-07-12 22:30:00+00:00,73.69000244140625,73.7699966430664,73.55999755859375,73.68000030517578,1154
2026-07-12 23:00:00+00:00,73.7300033569336,73.75,73.62000274658203,73.69999694824219,955
2026-07-12 23:30:00+00:00,73.7699966430664,73.87999725341797,73.66000366210938,73.7300033569336,1137
2026-07-13 00:00:00+00:00,73.91000366210938,74.16999816894531,73.7300033569336,73.76000213623047,1557
2026-07-13 00:30:00+00:00,74.2699966430664,74.5,73.9000015258789,73.91999816894531,3328
2026-07-13 01:00:00+00:00,74.30999755859375,74.58999633789062,74.16999816894531,74.25,3528
2026-07-13 01:30:00+00:00,74.38999938964844,74.66000366210938,74.31999969482422,74.31999969482422,1963
2026-07-13 02:00:00+00:00,74.5,74.58999633789062,74.26000213623047,74.38999938964844,2257
2026-07-13 02:30:00+00:00,74.25,74.52999877929688,74.11000061035156,74.47000122070312,1749
2026-07-13 03:00:00+00:00,74.30999755859375,74.44999694824219,74.23999786376953,74.23999786376953,1287
2026-07-13 03:30:00+00:00,74.29000091552734,74.37999725341797,74.12000274658203,74.30000305175781,1839
2026-07-13 04:00:00+00:00,74.33999633789062,74.4000015258789,74.27999877929688,74.30000305175781,711
2026-07-13 04:30:00+00:00,74.52999877929688,74.55000305175781,74.30999755859375,74.33999633789062,912
2026-07-13 05:00:00+00:00,74.69000244140625,74.69999694824219,74.47000122070312,74.5199966430664,1257
2026-07-13 05:30:00+00:00,74.69999694824219,75.08000183105469,74.62000274658203,74.68000030517578,3248
2026-07-13 06:00:00+00:00,74.33000183105469,74.70999908447266,74.25,74.69000244140625,2398
2026-07-13 06:30:00+00:00,74.05999755859375,74.37000274658203,73.98999786376953,74.33000183105469,2463
2026-07-13 07:00:00+00:00,74.0999984741211,74.22000122070312,73.93000030517578,74.05000305175781,2247
2026-07-13 07:30:00+00:00,74.0,74.2300033569336,73.66999816894531,74.08999633789062,2546
2026-07-13 08:00:00+00:00,73.23999786376953,74.05000305175781,73.08999633789062,74.0,7485
2026-07-13 08:30:00+00:00,73.05999755859375,73.52999877929688,72.75,73.2300033569336,3932
2026-07-13 09:00:00+00:00,72.86000061035156,73.16000366210938,72.6500015258789,73.05999755859375,3612
2026-07-13 09:30:00+00:00,73.12000274658203,73.19000244140625,72.61000061035156,72.86000061035156,3899
2026-07-13 10:00:00+00:00,73.69999694824219,73.72000122070312,73.11000061035156,73.12000274658203,4657
2026-07-13 10:30:00+00:00,73.80999755859375,73.94000244140625,73.63999938964844,73.69999694824219,4010
2026-07-13 11:00:00+00:00,73.77999877929688,74.05000305175781,73.5999984741211,73.81999969482422,5338
2026-07-13 11:30:00+00:00,73.80000305175781,73.94999694824219,73.66999816894531,73.80000305175781,3047
2026-07-13 12:00:00+00:00,74.11000061035156,74.1500015258789,73.62999725341797,73.81999969482422,6142
2026-07-13 12:30:00+00:00,73.77999877929688,74.45999908447266,73.77999877929688,74.11000061035156,7941
2026-07-13 13:00:00+00:00,73.66000366210938,74.02999877929688,73.43000030517578,73.77999877929688,7046
2026-07-13 13:30:00+00:00,73.7300033569336,74.11000061035156,73.61000061035156,73.66000366210938,9461
2026-07-13 14:00:00+00:00,74.79000091552734,75.20999908447266,73.5,73.73999786376953,28733
2026-07-13 14:30:00+00:00,74.5,74.81999969482422,74.16000366210938,74.79000091552734,12964
2026-07-13 15:00:00+00:00,74.51000213623047,74.9800033569336,74.41000366210938,74.5,10547
2026-07-13 15:30:00+00:00,74.8499984741211,74.87000274658203,74.44999694824219,74.5199966430664,7368
2026-07-13 16:00:00+00:00,75.12999725341797,75.18000030517578,74.77999877929688,74.8499984741211,7942
2026-07-13 16:30:00+00:00,75.73999786376953,75.95999908447266,74.97000122070312,75.12000274658203,16810
2026-07-13 17:00:00+00:00,76.0,76.04000091552734,75.4000015258789,75.73999786376953,10553
2026-07-13 17:30:00+00:00,77.5999984741211,77.69999694824219,75.94000244140625,76.01000213623047,19037
2026-07-13 18:00:00+00:00,78.13999938964844,78.44999694824219,77.37000274658203,77.5999984741211,39211
2026-07-13 18:30:00+00:00,77.63999938964844,78.38999938964844,77.45999908447266,78.12999725341797,15383
2026-07-13 19:00:00+00:00,77.75,77.83999633789062,77.47000122070312,77.6500015258789,4300
2026-07-13 19:30:00+00:00,77.66000366210938,77.9800033569336,77.62000274658203,77.73999786376953,4907
2026-07-13 20:00:00+00:00,78.16000366210938,78.58000183105469,77.6500015258789,77.68000030517578,6508
2026-07-13 20:30:00+00:00,78.0,78.36000061035156,77.91999816894531,78.16000366210938,3120
2026-07-13 22:00:00+00:00,78.1500015258789,78.25,77.86000061035156,78.04000091552734,1144
2026-07-13 22:30:00+00:00,79.04000091552734,79.08999633789062,78.11000061035156,78.12000274658203,2877
2026-07-13 23:00:00+00:00,78.94999694824219,79.13999938964844,78.58999633789062,79.04000091552734,1461
2026-07-13 23:30:00+00:00,78.94999694824219,79.58000183105469,78.94999694824219,78.98999786376953,3113
2026-07-14 00:00:00+00:00,80.12999725341797,80.41999816894531,78.58000183105469,78.94999694824219,8804
2026-07-14 00:30:00+00:00,79.86000061035156,80.22000122070312,79.69999694824219,80.1500015258789,4278
2026-07-14 01:00:00+00:00,79.47000122070312,79.94999694824219,79.08000183105469,79.83999633789062,7228
2026-07-14 01:30:00+00:00,79.5199966430664,79.5999984741211,79.18000030517578,79.4800033569336,3377
2026-07-14 02:00:00+00:00,79.19000244140625,79.56999969482422,79.12000274658203,79.54000091552734,1970
2026-07-14 02:30:00+00:00,79.52999877929688,79.61000061035156,78.91000366210938,79.19000244140625,4014
2026-07-14 03:00:00+00:00,79.80000305175781,80.04000091552734,79.4800033569336,79.54000091552734,2441
2026-07-14 03:30:00+00:00,79.62999725341797,80.05999755859375,79.43000030517578,79.80999755859375,2920
2026-07-14 04:00:00+00:00,79.62000274658203,79.81999969482422,79.43000030517578,79.62000274658203,1785
2026-07-14 04:30:00+00:00,79.77999877929688,79.91000366210938,79.56999969482422,79.62000274658203,1608
2026-07-14 05:00:00+00:00,79.69999694824219,79.9000015258789,79.6500015258789,79.77999877929688,942
2026-07-14 05:30:00+00:00,79.3499984741211,79.68000030517578,78.83000183105469,79.68000030517578,4077
2026-07-14 06:00:00+00:00,80.22000122070312,80.31999969482422,79.30999755859375,79.38999938964844,3805
2026-07-14 06:30:00+00:00,80.44000244140625,80.58000183105469,79.97000122070312,80.22000122070312,5056
2026-07-14 07:00:00+00:00,80.41999816894531,80.63999938964844,79.97000122070312,80.43000030517578,5752
2026-07-14 07:30:00+00:00,80.37999725341797,80.93000030517578,80.08999633789062,80.44000244140625,7743
2026-07-14 08:00:00+00:00,80.36000061035156,81.12999725341797,79.97000122070312,80.38999938964844,10435
2026-07-14 08:30:00+00:00,81.02999877929688,81.05999755859375,80.30000305175781,80.36000061035156,6074
2026-07-14 09:00:00+00:00,80.68000030517578,81.25,80.02999877929688,81.04000091552734,7670
2026-07-14 09:30:00+00:00,80.58000183105469,80.68000030517578,80.16000366210938,80.68000030517578,4628
2026-07-14 10:00:00+00:00,80.86000061035156,81.06999969482422,80.51000213623047,80.58999633789062,5591
2026-07-14 10:30:00+00:00,80.91999816894531,81.2699966430664,80.30000305175781,80.87999725341797,7885
2026-07-14 11:00:00+00:00,79.9800033569336,81.05000305175781,79.94000244140625,80.91999816894531,6885
2026-07-14 11:30:00+00:00,79.54000091552734,79.97000122070312,79.47000122070312,79.97000122070312,9846
2026-07-14 12:00:00+00:00,80.05999755859375,80.16999816894531,79.4800033569336,79.54000091552734,8095
2026-07-14 12:30:00+00:00,80.70999908447266,80.87999725341797,79.72000122070312,80.06999969482422,16326
2026-07-14 13:00:00+00:00,80.04000091552734,80.95999908447266,79.83999633789062,80.69999694824219,22105
2026-07-14 13:30:00+00:00,79.93000030517578,80.52999877929688,79.58999633789062,80.04000091552734,18233
2026-07-14 14:00:00+00:00,79.41999816894531,80.0,79.31999969482422,79.94000244140625,16927
2026-07-14 14:30:00+00:00,78.83999633789062,79.51000213623047,78.12000274658203,79.41000366210938,22656
2026-07-14 15:00:00+00:00,78.55000305175781,79.02999877929688,77.83999633789062,78.83999633789062,30333
2026-07-14 15:30:00+00:00,79.4800033569336,79.79000091552734,78.55999755859375,78.55999755859375,21710
2026-07-14 16:00:00+00:00,79.3499984741211,79.62999725341797,78.79000091552734,79.4800033569336,14274
2026-07-14 16:30:00+00:00,79.19999694824219,79.38999938964844,78.95999908447266,79.3499984741211,7600
2026-07-14 17:00:00+00:00,79.08000183105469,79.31999969482422,78.80999755859375,79.19999694824219,8006
2026-07-14 17:30:00+00:00,78.7300033569336,79.16000366210938,78.47000122070312,79.06999969482422,14224
2026-07-14 18:00:00+00:00,79.4000015258789,79.4000015258789,78.72000122070312,78.73999786376953,23620
2026-07-14 18:30:00+00:00,79.62999725341797,79.8499984741211,79.31999969482422,79.41000366210938,10596
2026-07-14 19:00:00+00:00,79.58999633789062,79.80000305175781,79.48999786376953,79.63999938964844,3643
2026-07-14 19:30:00+00:00,79.69999694824219,79.95999908447266,79.58000183105469,79.58999633789062,2857
2026-07-14 20:00:00+00:00,79.94999694824219,80.01000213623047,79.66999816894531,79.68000030517578,1106
2026-07-14 20:30:00+00:00,79.83000183105469,80.27999877929688,79.80000305175781,79.94999694824219,1673
2026-07-14 22:00:00+00:00,79.86000061035156,80.23999786376953,79.58999633789062,79.73999786376953,1034
2026-07-14 22:30:00+00:00,79.9000015258789,80.0,79.83000183105469,79.86000061035156,490
2026-07-14 23:00:00+00:00,79.76000213623047,79.9800033569336,79.68000030517578,79.94000244140625,449
2026-07-14 23:30:00+00:00,79.87000274658203,79.93000030517578,79.75,79.7699966430664,542
2026-07-15 00:00:00+00:00,80.26000213623047,80.33000183105469,79.61000061035156,79.83999633789062,2136
2026-07-15 00:30:00+00:00,80.19999694824219,80.58999633789062,80.19999694824219,80.29000091552734,1861
2026-07-15 01:00:00+00:00,80.08000183105469,80.20999908447266,79.7699966430664,80.19999694824219,2741
2026-07-15 01:30:00+00:00,80.20999908447266,80.25,79.9000015258789,80.08000183105469,1126
2026-07-15 02:00:00+00:00,80.19999694824219,80.37000274658203,80.04000091552734,80.2300033569336,1546
2026-07-15 02:30:00+00:00,80.30000305175781,80.43000030517578,80.1500015258789,80.19000244140625,1204
2026-07-15 03:00:00+00:00,80.08999633789062,80.30999755859375,80.06999969482422,80.29000091552734,757
2026-07-15 03:30:00+00:00,79.93000030517578,80.23999786376953,79.81999969482422,80.0999984741211,1843
2026-07-15 04:00:00+00:00,79.8499984741211,80.06999969482422,79.75,79.94999694824219,1164
2026-07-15 04:30:00+00:00,79.77999877929688,79.9000015258789,79.66000366210938,79.86000061035156,704
2026-07-15 05:00:00+00:00,79.87000274658203,79.98999786376953,79.7300033569336,79.77999877929688,881
2026-07-15 05:30:00+00:00,79.7300033569336,79.9000015258789,79.4800033569336,79.87999725341797,1686
2026-07-15 06:00:00+00:00,79.72000122070312,79.86000061035156,79.48999786376953,79.72000122070312,1338
2026-07-15 06:30:00+00:00,79.9800033569336,80.02999877929688,79.56999969482422,79.69999694824219,1579
2026-07-15 07:00:00+00:00,80.33999633789062,80.48999786376953,79.98999786376953,79.98999786376953,2677
2026-07-15 07:30:00+00:00,80.5199966430664,80.62999725341797,80.13999938964844,80.36000061035156,3251
2026-07-15 08:00:00+00:00,79.83999633789062,80.93000030517578,79.81999969482422,80.55000305175781,7520
2026-07-15 08:30:00+00:00,79.4000015258789,80.0199966430664,79.33999633789062,79.8499984741211,4936
2026-07-15 09:00:00+00:00,79.94000244140625,79.9800033569336,79.30000305175781,79.4000015258789,3488
2026-07-15 09:30:00+00:00,80.12999725341797,80.16999816894531,79.72000122070312,79.94999694824219,2225
2026-07-15 10:00:00+00:00,80.27999877929688,80.33999633789062,79.94000244140625,80.12999725341797,2799
2026-07-15 10:30:00+00:00,79.87000274658203,80.30000305175781,79.8499984741211,80.27999877929688,2489
2026-07-15 11:00:00+00:00,79.73999786376953,80.08999633789062,79.7300033569336,79.87000274658203,2824
2026-07-15 11:30:00+00:00,79.55999755859375,79.91000366210938,79.36000061035156,79.73999786376953,5287
2026-07-15 12:00:00+00:00,79.8499984741211,79.94000244140625,79.54000091552734,79.55999755859375,4486
2026-07-15 12:30:00+00:00,79.77999877929688,79.9000015258789,79.5999984741211,79.86000061035156,5046
2026-07-15 13:00:00+00:00,80.37999725341797,80.44999694824219,79.5999984741211,79.7699966430664,12243
2026-07-15 13:30:00+00:00,79.77999877929688,80.38999938964844,79.37999725341797,80.37999725341797,14262
2026-07-15 14:00:00+00:00,79.47000122070312,79.86000061035156,79.22000122070312,79.79000091552734,7835
2026-07-15 14:30:00+00:00,78.63999938964844,79.48999786376953,78.55999755859375,79.48999786376953,16387
2026-07-15 15:00:00+00:00,78.4000015258789,78.9800033569336,78.31999969482422,78.63999938964844,14382
2026-07-15 15:30:00+00:00,78.87000274658203,78.88999938964844,78.19000244140625,78.38999938964844,13234
2026-07-15 16:00:00+00:00,79.20999908447266,79.4000015258789,78.83999633789062,78.88999938964844,8671
2026-07-15 16:30:00+00:00,79.4800033569336,79.72000122070312,78.83000183105469,79.22000122070312,12339
2026-07-15 17:00:00+00:00,78.98999786376953,79.48999786376953,78.97000122070312,79.48999786376953,6301
2026-07-15 17:30:00+00:00,78.9800033569336,79.18000030517578,78.77999877929688,78.9800033569336,5696
2026-07-15 18:00:00+00:00,79.66000366210938,79.69000244140625,78.83000183105469,78.97000122070312,13351
2026-07-15 18:30:00+00:00,79.73999786376953,79.9000015258789,79.61000061035156,79.66000366210938,7339
2026-07-15 19:00:00+00:00,79.88999938964844,79.91999816894531,79.55999755859375,79.75,4617
2026-07-15 19:30:00+00:00,80.31999969482422,80.68000030517578,79.83999633789062,79.87999725341797,5924
2026-07-15 20:00:00+00:00,80.30000305175781,80.51000213623047,80.18000030517578,80.31999969482422,2087
2026-07-15 20:30:00+00:00,80.23999786376953,80.45999908447266,80.19000244140625,80.30000305175781,1340
2026-07-15 22:00:00+00:00,80.33999633789062,80.37000274658203,79.5999984741211,80.0,622
2026-07-15 22:30:00+00:00,80.29000091552734,80.58999633789062,80.22000122070312,80.37999725341797,1635
2026-07-15 23:00:00+00:00,80.18000030517578,80.33999633789062,80.18000030517578,80.29000091552734,210
2026-07-15 23:30:00+00:00,80.22000122070312,80.25,80.06999969482422,80.19000244140625,319
2026-07-16 00:00:00+00:00,79.98999786376953,80.19000244140625,79.88999938964844,80.16999816894531,885
2026-07-16 00:30:00+00:00,80.13999938964844,80.20999908447266,79.95999908447266,80.0,534
2026-07-16 01:00:00+00:00,80.1500015258789,80.37000274658203,80.0,80.11000061035156,997
2026-07-16 01:30:00+00:00,80.05000305175781,80.29000091552734,79.94999694824219,80.12000274658203,1202
2026-07-16 02:00:00+00:00,80.2300033569336,80.27999877929688,80.04000091552734,80.05999755859375,495
2026-07-16 02:30:00+00:00,80.04000091552734,80.25,79.98999786376953,80.2300033569336,735
2026-07-16 03:00:00+00:00,79.72000122070312,80.08000183105469,79.6500015258789,80.0199966430664,957
2026-07-16 03:30:00+00:00,79.55999755859375,79.7300033569336,79.2699966430664,79.72000122070312,1770
2026-07-16 04:00:00+00:00,79.48999786376953,79.61000061035156,79.44000244140625,79.54000091552734,537
2026-07-16 04:30:00+00:00,79.37000274658203,79.5199966430664,79.26000213623047,79.51000213623047,418
2026-07-16 05:00:00+00:00,79.29000091552734,79.41999816894531,79.2300033569336,79.38999938964844,608
2026-07-16 05:30:00+00:00,79.38999938964844,79.5999984741211,79.13999938964844,79.30000305175781,912
2026-07-16 06:00:00+00:00,79.55999755859375,79.68000030517578,79.30000305175781,79.4000015258789,1995
2026-07-16 06:30:00+00:00,79.41000366210938,79.69000244140625,79.26000213623047,79.58999633789062,1233
2026-07-16 07:00:00+00:00,79.69999694824219,79.73999786376953,79.22000122070312,79.41999816894531,2516
2026-07-16 07:30:00+00:00,79.54000091552734,79.77999877929688,79.45999908447266,79.69000244140625,1888
2026-07-16 08:00:00+00:00,79.41999816894531,79.62999725341797,79.2699966430664,79.55999755859375,2464
2026-07-16 08:30:00+00:00,79.30999755859375,79.66999816894531,79.27999877929688,79.41999816894531,3008
2026-07-16 09:00:00+00:00,79.08000183105469,79.4000015258789,78.91000366210938,79.30999755859375,3790
2026-07-16 09:30:00+00:00,79.55000305175781,79.66000366210938,79.0199966430664,79.08999633789062,3429
2026-07-16 10:00:00+00:00,79.58000183105469,79.61000061035156,79.4000015258789,79.55999755859375,1936
2026-07-16 10:30:00+00:00,79.62000274658203,79.69000244140625,79.44000244140625,79.58999633789062,2059
2026-07-16 11:00:00+00:00,79.38999938964844,79.62999725341797,79.33000183105469,79.62999725341797,2418
2026-07-16 11:30:00+00:00,79.68000030517578,80.33999633789062,79.3499984741211,79.37000274658203,8160
2026-07-16 12:00:00+00:00,80.44000244140625,80.7300033569336,79.62999725341797,79.66000366210938,11190
2026-07-16 12:30:00+00:00,80.5,80.69999694824219,80.27999877929688,80.44999694824219,6724
2026-07-16 13:00:00+00:00,80.1500015258789,80.87000274658203,80.12000274658203,80.5,8653
2026-07-16 13:30:00+00:00,80.06999969482422,80.36000061035156,79.87000274658203,80.1500015258789,7372
2026-07-16 14:00:00+00:00,80.04000091552734,80.30999755859375,79.68000030517578,80.08999633789062,7551
2026-07-16 14:30:00+00:00,79.58000183105469,80.06999969482422,79.44000244140625,80.05000305175781,8037
2026-07-16 15:00:00+00:00,79.5199966430664,79.7699966430664,79.30000305175781,79.58000183105469,8024
2026-07-16 15:30:00+00:00,78.80000305175781,79.66999816894531,78.62000274658203,79.5199966430664,20468
2026-07-16 16:00:00+00:00,78.9000015258789,79.54000091552734,78.77999877929688,78.80000305175781,8977
2026-07-16 16:30:00+00:00,78.41999816894531,78.91000366210938,78.2699966430664,78.91000366210938,8553
2026-07-16 17:00:00+00:00,78.36000061035156,78.66999816894531,78.25,78.44000244140625,6094
2026-07-16 17:30:00+00:00,78.19000244140625,78.52999877929688,78.12000274658203,78.37999725341797,6317
2026-07-16 18:00:00+00:00,78.30999755859375,78.41000366210938,78.0,78.19000244140625,15867
2026-07-16 18:30:00+00:00,78.38999938964844,78.44999694824219,78.12000274658203,78.30000305175781,4756
2026-07-16 19:00:00+00:00,78.33999633789062,78.47000122070312,78.30999755859375,78.38999938964844,1843
2026-07-16 19:30:00+00:00,78.41000366210938,78.5199966430664,78.33999633789062,78.3499984741211,1596
2026-07-16 20:00:00+00:00,78.45999908447266,78.51000213623047,78.20999908447266,78.41000366210938,1938
2026-07-16 20:30:00+00:00,78.88999938964844,79.0199966430664,78.44999694824219,78.47000122070312,2354
2026-07-16 22:00:00+00:00,78.95999908447266,79.06999969482422,78.80999755859375,78.86000061035156,1031
2026-07-16 22:30:00+00:00,78.94000244140625,79.0199966430664,78.91000366210938,78.94999694824219,964
2026-07-16 23:00:00+00:00,79.0,79.02999877929688,78.91000366210938,78.93000030517578,775
2026-07-16 23:30:00+00:00,79.0199966430664,79.0199966430664,78.94999694824219,79.01000213623047,728
2026-07-17 00:00:00+00:00,78.98999786376953,79.02999877929688,78.79000091552734,79.01000213623047,1354
2026-07-17 00:30:00+00:00,79.11000061035156,79.13999938964844,78.83000183105469,78.9800033569336,985
2026-07-17 01:00:00+00:00,79.5199966430664,79.52999877929688,79.0,79.11000061035156,2429
2026-07-17 01:30:00+00:00,79.16999816894531,79.58000183105469,79.11000061035156,79.5199966430664,2046
2026-07-17 02:00:00+00:00,79.06999969482422,79.23999786376953,79.05999755859375,79.16999816894531,758
2026-07-17 02:30:00+00:00,79.02999877929688,79.08000183105469,78.7699966430664,79.06999969482422,1852
2026-07-17 03:00:00+00:00,79.05000305175781,79.11000061035156,78.87000274658203,79.01000213623047,595
2026-07-17 03:30:00+00:00,79.16000366210938,79.16000366210938,78.94000244140625,79.05999755859375,547
2026-07-17 04:00:00+00:00,79.25,79.27999877929688,79.06999969482422,79.1500015258789,795
2026-07-17 04:30:00+00:00,79.19000244140625,79.27999877929688,79.0999984741211,79.25,431
2026-07-17 05:00:00+00:00,78.9800033569336,79.20999908447266,78.93000030517578,79.19000244140625,589
2026-07-17 05:30:00+00:00,78.37999725341797,79.11000061035156,78.12999725341797,78.9800033569336,2859
2026-07-17 06:00:00+00:00,78.44000244140625,78.4800033569336,77.93000030517578,78.43000030517578,3128
2026-07-17 06:30:00+00:00,78.6500015258789,78.88999938964844,78.37999725341797,78.44999694824219,2742
2026-07-17 07:00:00+00:00,79.01000213623047,79.13999938964844,78.61000061035156,78.62999725341797,2772
2026-07-17 07:30:00+00:00,78.7699966430664,79.05999755859375,78.72000122070312,79.0,2066
2026-07-17 08:00:00+00:00,79.06999969482422,79.11000061035156,78.52999877929688,78.76000213623047,3018
2026-07-17 08:30:00+00:00,79.29000091552734,79.31999969482422,78.80000305175781,79.05000305175781,3177
2026-07-17 09:00:00+00:00,79.7699966430664,79.83000183105469,79.29000091552734,79.31999969482422,5814
2026-07-17 09:30:00+00:00,79.7699966430664,79.93000030517578,79.6500015258789,79.77999877929688,4604
2026-07-17 10:00:00+00:00,79.83999633789062,80.08999633789062,79.55999755859375,79.7699966430664,5114
2026-07-17 10:30:00+00:00,79.9800033569336,80.04000091552734,79.73999786376953,79.8499984741211,3167
2026-07-17 11:00:00+00:00,80.06999969482422,80.31999969482422,79.91999816894531,79.98999786376953,3815
2026-07-17 11:30:00+00:00,80.19000244140625,80.20999908447266,79.9000015258789,80.06999969482422,3798
2026-07-17 12:00:00+00:00,80.2300033569336,80.30999755859375,80.05000305175781,80.19999694824219,4283
2026-07-17 12:30:00+00:00,80.3499984741211,80.45999908447266,80.0999984741211,80.26000213623047,7664
2026-07-17 13:00:00+00:00,80.94999694824219,81.0199966430664,80.29000091552734,80.33999633789062,14404
2026-07-17 13:30:00+00:00,81.13999938964844,81.19999694824219,80.58000183105469,80.94000244140625,8976
2026-07-17 14:00:00+00:00,80.91000366210938,81.25,80.83000183105469,81.13999938964844,9269
2026-07-17 14:30:00+00:00,80.22000122070312,80.9000015258789,80.16999816894531,80.9000015258789,12087
2026-07-17 15:00:00+00:00,80.41999816894531,80.56999969482422,79.81999969482422,80.20999908447266,14654
2026-07-17 15:30:00+00:00,80.68000030517578,80.8499984741211,80.30000305175781,80.41999816894531,11782
2026-07-17 16:00:00+00:00,81.41000366210938,81.5199966430664,80.62000274658203,80.69000244140625,13421
2026-07-17 16:30:00+00:00,81.47000122070312,81.54000091552734,81.19999694824219,81.41000366210938,7379
2026-07-17 17:00:00+00:00,81.63999938964844,81.7300033569336,81.27999877929688,81.47000122070312,8448
2026-07-17 17:30:00+00:00,81.7699966430664,81.87999725341797,81.51000213623047,81.63999938964844,12629
2026-07-17 18:00:00+00:00,81.66999816894531,82.06999969482422,81.61000061035156,81.7699966430664,24015
2026-07-17 18:30:00+00:00,81.41000366210938,81.69000244140625,81.33999633789062,81.66000366210938,8826
2026-07-17 19:00:00+00:00,81.37999725341797,81.47000122070312,81.30999755859375,81.41999816894531,3530
2026-07-17 19:30:00+00:00,81.44000244140625,81.45999908447266,81.08000183105469,81.36000061035156,4887
2026-07-17 20:00:00+00:00,81.72000122070312,81.75,81.31999969482422,81.44000244140625,3140
2026-07-17 20:30:00+00:00,81.77999877929688,81.86000061035156,81.61000061035156,81.72000122070312,3416
2026-07-19 22:00:00+00:00,84.58000183105469,84.58000183105469,83.79000091552734,83.87999725341797,5265
2026-07-19 22:30:00+00:00,84.02999877929688,84.5999984741211,84.01000213623047,84.58999633789062,3445
2026-07-19 23:00:00+00:00,83.94999694824219,84.16999816894531,83.79000091552734,84.04000091552734,2583
2026-07-19 23:30:00+00:00,83.83999633789062,84.0,83.70999908447266,83.94999694824219,2205
2026-07-20 00:00:00+00:00,83.69999694824219,83.9000015258789,83.5199966430664,83.8499984741211,2951
2026-07-20 00:30:00+00:00,83.56999969482422,83.77999877929688,83.52999877929688,83.72000122070312,1184
2026-07-20 01:00:00+00:00,83.58999633789062,83.69000244140625,83.36000061035156,83.56999969482422,2719
2026-07-20 01:30:00+00:00,83.69999694824219,83.86000061035156,83.5,83.5999984741211,2243
2026-07-20 02:00:00+00:00,83.5999984741211,83.8499984741211,83.41999816894531,83.69999694824219,1160
2026-07-20 02:30:00+00:00,83.36000061035156,83.69999694824219,83.30999755859375,83.61000061035156,1989
2026-07-20 03:00:00+00:00,83.5199966430664,83.62999725341797,83.31999969482422,83.3499984741211,880
2026-07-20 03:30:00+00:00,83.63999938964844,83.6500015258789,83.51000213623047,83.52999877929688,429
2026-07-20 04:00:00+00:00,83.69000244140625,83.7699966430664,83.61000061035156,83.63999938964844,756
2026-07-20 04:30:00+00:00,83.55000305175781,83.69000244140625,83.47000122070312,83.69000244140625,953
2026-07-20 05:00:00+00:00,83.69000244140625,83.69999694824219,83.43000030517578,83.54000091552734,861
2026-07-20 05:30:00+00:00,83.80999755859375,83.86000061035156,83.4800033569336,83.69000244140625,1636
2026-07-20 06:00:00+00:00,83.80000305175781,84.19999694824219,83.7300033569336,83.80999755859375,3939
2026-07-20 06:30:00+00:00,83.88999938964844,84.0999984741211,83.66999816894531,83.79000091552734,3537
2026-07-20 07:00:00+00:00,83.19999694824219,84.16999816894531,83.12999725341797,83.87999725341797,7185
2026-07-20 07:30:00+00:00,82.22000122070312,83.25,82.11000061035156,83.19000244140625,10704
2026-07-20 08:00:00+00:00,81.62000274658203,82.2300033569336,81.38999938964844,82.20999908447266,8554
2026-07-20 08:30:00+00:00,81.56999969482422,81.68000030517578,81.2699966430664,81.62000274658203,5759
2026-07-20 09:00:00+00:00,81.33999633789062,81.73999786376953,81.11000061035156,81.56999969482422,4354
2026-07-20 09:30:00+00:00,81.16999816894531,81.33999633789062,80.94999694824219,81.33999633789062,4380
2026-07-20 10:00:00+00:00,81.44999694824219,81.5,81.1500015258789,81.18000030517578,2764
2026-07-20 10:30:00+00:00,81.63999938964844,81.83000183105469,81.43000030517578,81.44999694824219,3888
2026-07-20 11:00:00+00:00,81.61000061035156,81.72000122070312,81.41000366210938,81.62999725341797,2616
2026-07-20 11:30:00+00:00,80.27999877929688,81.5999984741211,79.58000183105469,81.58999633789062,24947
2026-07-20 12:00:00+00:00,81.83999633789062,81.9800033569336,80.23999786376953,80.26000213623047,19613
2026-07-20 12:30:00+00:00,81.87000274658203,82.12999725341797,81.56999969482422,81.83000183105469,14047
2026-07-20 13:00:00+00:00,81.33999633789062,81.98999786376953,81.13999938964844,81.87999725341797,14494
2026-07-20 13:30:00+00:00,81.70999908447266,81.76000213623047,81.0999984741211,81.33000183105469,10501
2026-07-20 14:00:00+00:00,81.5199966430664,82.0199966430664,81.45999908447266,81.70999908447266,12362
2026-07-20 14:30:00+00:00,82.0,82.06999969482422,81.29000091552734,81.5199966430664,11824
2026-07-20 15:00:00+00:00,81.4000015258789,82.08000183105469,81.11000061035156,81.98999786376953,12545
2026-07-20 15:30:00+00:00,81.55999755859375,81.63999938964844,81.2699966430664,81.4000015258789,9512
2026-07-20 16:00:00+00:00,81.61000061035156,81.62000274658203,81.18000030517578,81.56999969482422,8102
2026-07-20 16:30:00+00:00,81.88999938964844,82.44999694824219,81.55999755859375,81.5999984741211,16315
2026-07-20 17:00:00+00:00,81.75,81.9800033569336,81.66999816894531,81.9000015258789,8270
2026-07-20 17:30:00+00:00,82.16000366210938,82.29000091552734,81.76000213623047,81.76000213623047,13275
2026-07-20 18:00:00+00:00,82.58999633789062,82.61000061035156,81.81999969482422,82.16999816894531,27739
2026-07-20 18:30:00+00:00,82.86000061035156,83.16999816894531,82.55999755859375,82.56999969482422,9505
2026-07-20 19:00:00+00:00,82.54000091552734,82.98999786376953,82.4000015258789,82.87000274658203,5424
2026-07-20 19:30:00+00:00,82.41999816894531,82.5999984741211,82.16000366210938,82.5199966430664,5520
2026-07-20 20:00:00+00:00,82.4800033569336,82.52999877929688,82.36000061035156,82.43000030517578,1161
2026-07-20 20:30:00+00:00,82.41999816894531,82.55999755859375,82.4000015258789,82.48999786376953,1630
2026-07-20 22:00:00+00:00,82.58000183105469,82.69000244140625,82.4000015258789,82.41999816894531,556
2026-07-20 22:30:00+00:00,82.62999725341797,82.68000030517578,82.5,82.58999633789062,395
2026-07-20 23:00:00+00:00,82.5199966430664,82.73999786376953,82.51000213623047,82.62999725341797,377
2026-07-20 23:30:00+00:00,82.48999786376953,82.61000061035156,82.44999694824219,82.52999877929688,275
2026-07-21 00:00:00+00:00,82.5199966430664,82.55000305175781,82.31999969482422,82.47000122070312,1253
2026-07-21 00:30:00+00:00,82.5,82.55000305175781,82.38999938964844,82.52999877929688,433
2026-07-21 01:00:00+00:00,82.16000366210938,82.55999755859375,81.91999816894531,82.51000213623047,2440
2026-07-21 01:30:00+00:00,82.41000366210938,82.47000122070312,82.0999984741211,82.13999938964844,1084
2026-07-21 02:00:00+00:00,82.36000061035156,82.44000244140625,82.22000122070312,82.43000030517578,611
2026-07-21 02:30:00+00:00,82.1500015258789,82.52999877929688,82.12999725341797,82.36000061035156,802
2026-07-21 03:00:00+00:00,82.2699966430664,82.4000015258789,82.0999984741211,82.1500015258789,477
2026-07-21 03:30:00+00:00,82.19000244140625,82.31999969482422,82.12999725341797,82.27999877929688,668
2026-07-21 04:00:00+00:00,82.13999938964844,82.19999694824219,81.91000366210938,82.16999816894531,1112
2026-07-21 04:30:00+00:00,82.13999938964844,82.23999786376953,82.06999969482422,82.1500015258789,404
2026-07-21 05:00:00+00:00,82.33000183105469,82.41999816894531,82.0999984741211,82.13999938964844,754
2026-07-21 05:30:00+00:00,82.05000305175781,82.33000183105469,81.81999969482422,82.33000183105469,1581
2026-07-21 06:00:00+00:00,81.94000244140625,82.23999786376953,81.93000030517578,82.05999755859375,1662
2026-07-21 06:30:00+00:00,82.31999969482422,82.31999969482422,81.91000366210938,81.93000030517578,2085
2026-07-21 07:00:00+00:00,82.87999725341797,82.87999725341797,82.25,82.30999755859375,3773
2026-07-21 07:30:00+00:00,81.91999816894531,83.05000305175781,81.88999938964844,82.88999938964844,4751
2026-07-21 08:00:00+00:00,81.97000122070312,82.05999755859375,81.38999938964844,81.91999816894531,6480
2026-07-21 08:30:00+00:00,82.23999786376953,82.44999694824219,81.88999938964844,81.95999908447266,3685
2026-07-21 09:00:00+00:00,82.91999816894531,82.94000244140625,81.94999694824219,82.25,4109
2026-07-21 09:30:00+00:00,83.26000213623047,83.37999725341797,82.62000274658203,82.93000030517578,6472
2026-07-21 10:00:00+00:00,82.87000274658203,83.26000213623047,82.29000091552734,83.26000213623047,7484
2026-07-21 10:30:00+00:00,83.2699966430664,83.37000274658203,82.66000366210938,82.88999938964844,6459
2026-07-21 11:00:00+00:00,83.63999938964844,83.7300033569336,83.19999694824219,83.26000213623047,6495
2026-07-21 11:30:00+00:00,83.83999633789062,84.0,83.45999908447266,83.63999938964844,7641
2026-07-21 12:00:00+00:00,84.12000274658203,84.1500015258789,83.33000183105469,83.8499984741211,11049
2026-07-21 12:30:00+00:00,84.12000274658203,84.43000030517578,83.93000030517578,84.12000274658203,11368
2026-07-21 13:00:00+00:00,84.5999984741211,84.66000366210938,84.06999969482422,84.13999938964844,14805
2026-07-21 13:30:00+00:00,84.37999725341797,84.94999694824219,84.27999877929688,84.61000061035156,15860
2026-07-21 14:00:00+00:00,84.62000274658203,84.68000030517578,84.19000244140625,84.37999725341797,13874
2026-07-21 14:30:00+00:00,84.69999694824219,85.02999877929688,84.06999969482422,84.62999725341797,20658
2026-07-21 15:00:00+00:00,84.55999755859375,84.8499984741211,83.69000244140625,84.7300033569336,20310
2026-07-21 15:30:00+00:00,84.51000213623047,84.79000091552734,84.33000183105469,84.55999755859375,12852
2026-07-21 16:00:00+00:00,84.33000183105469,84.55000305175781,84.0999984741211,84.51000213623047,10166
2026-07-21 16:30:00+00:00,84.38999938964844,84.56999969482422,84.18000030517578,84.33999633789062,6395
2026-07-21 17:00:00+00:00,84.19999694824219,84.5,84.02999877929688,84.4000015258789,6608
2026-07-21 17:30:00+00:00,84.36000061035156,84.5,84.19000244140625,84.19000244140625,8455
2026-07-21 18:00:00+00:00,84.37999725341797,84.4000015258789,83.97000122070312,84.3499984741211,25083
2026-07-21 18:30:00+00:00,84.51000213623047,84.56999969482422,84.11000061035156,84.37000274658203,9192
2026-07-21 19:00:00+00:00,84.63999938964844,84.69000244140625,84.44999694824219,84.5199966430664,5701
2026-07-21 19:30:00+00:00,84.66999816894531,84.76000213623047,84.52999877929688,84.62000274658203,3408
2026-07-21 20:00:00+00:00,84.51000213623047,84.73999786376953,84.47000122070312,84.66000366210938,1897
2026-07-21 20:30:00+00:00,84.54000091552734,84.58000183105469,84.30999755859375,84.5,2132
2026-07-21 22:00:00+00:00,84.66000366210938,84.75,84.58000183105469,84.69000244140625,257
2026-07-21 22:30:00+00:00,84.70999908447266,84.80000305175781,84.63999938964844,84.66000366210938,606
2026-07-21 23:00:00+00:00,84.68000030517578,84.7300033569336,84.61000061035156,84.69999694824219,402
2026-07-21 23:30:00+00:00,84.79000091552734,84.91000366210938,84.6500015258789,84.68000030517578,1076
2026-07-22 00:00:00+00:00,84.72000122070312,84.77999877929688,84.54000091552734,84.77999877929688,1695
2026-07-22 00:30:00+00:00,84.6500015258789,84.80999755859375,84.44000244140625,84.70999908447266,1497
2026-07-22 01:00:00+00:00,85.47000122070312,85.75,84.56999969482422,84.63999938964844,4591
2026-07-22 01:30:00+00:00,85.61000061035156,85.73999786376953,85.44000244140625,85.48999786376953,2557
2026-07-22 02:00:00+00:00,85.29000091552734,85.66000366210938,85.16000366210938,85.58999633789062,2692
2026-07-22 02:30:00+00:00,85.05000305175781,85.29000091552734,84.91999816894531,85.29000091552734,1664
2026-07-22 03:00:00+00:00,85.18000030517578,85.30999755859375,85.02999877929688,85.08000183105469,1154
2026-07-22 03:30:00+00:00,85.30999755859375,85.31999969482422,85.1500015258789,85.16000366210938,445
2026-07-22 04:00:00+00:00,85.26000213623047,85.41999816894531,85.22000122070312,85.3499984741211,999
2026-07-22 04:30:00+00:00,85.43000030517578,85.47000122070312,85.23999786376953,85.26000213623047,612
2026-07-22 05:00:00+00:00,85.37999725341797,85.55999755859375,85.33999633789062,85.41999816894531,990
2026-07-22 05:30:00+00:00,85.13999938964844,85.45999908447266,85.0199966430664,85.37999725341797,1465
2026-07-22 06:00:00+00:00,86.02999877929688,86.13999938964844,85.05000305175781,85.1500015258789,6999
2026-07-22 06:30:00+00:00,86.12999725341797,86.38999938964844,85.87999725341797,86.02999877929688,4108
2026-07-22 07:00:00+00:00,86.75,86.80000305175781,86.11000061035156,86.12999725341797,6450
2026-07-22 07:30:00+00:00,87.70999908447266,87.86000061035156,86.68000030517578,86.76000213623047,13377
2026-07-22 08:00:00+00:00,87.36000061035156,87.72000122070312,87.13999938964844,87.70999908447266,10193
2026-07-22 08:30:00+00:00,87.62000274658203,87.79000091552734,87.1500015258789,87.36000061035156,7473
2026-07-22 09:00:00+00:00,88.01000213623047,88.0999984741211,87.33999633789062,87.63999938964844,11524
2026-07-22 09:30:00+00:00,88.44000244140625,88.61000061035156,87.80000305175781,88.01000213623047,13797
2026-07-22 10:00:00+00:00,87.0,88.45999908447266,86.91000366210938,88.44999694824219,16399
2026-07-22 10:30:00+00:00,87.18000030517578,87.43000030517578,86.91999816894531,86.98999786376953,10086
2026-07-22 11:00:00+00:00,87.41999816894531,87.51000213623047,87.18000030517578,87.18000030517578,4776
2026-07-22 11:30:00+00:00,87.3499984741211,87.86000061035156,87.0199966430664,87.38999938964844,12510
2026-07-22 12:00:00+00:00,86.77999877929688,87.55999755859375,86.7300033569336,87.33999633789062,8898
2026-07-22 12:30:00+00:00,87.22000122070312,87.7699966430664,86.54000091552734,86.77999877929688,14907
2026-07-22 13:00:00+00:00,86.3499984741211,87.37999725341797,86.1500015258789,87.2300033569336,22481
2026-07-22 13:30:00+00:00,86.95999908447266,87.01000213623047,86.16999816894531,86.33999633789062,14371
2026-07-22 14:00:00+00:00,87.05999755859375,87.18000030517578,86.7300033569336,86.95999908447266,10279
2026-07-22 14:30:00+00:00,86.69999694824219,87.13999938964844,86.41000366210938,87.11000061035156,12956
2026-07-22 15:00:00+00:00,86.79000091552734,87.31999969482422,86.56999969482422,86.70999908447266,12758
2026-07-22 15:30:00+00:00,86.0199966430664,86.87000274658203,85.77999877929688,86.80999755859375,16942
2026-07-22 16:00:00+00:00,86.4000015258789,86.41999816894531,85.91999816894531,86.01000213623047,7929
2026-07-22 16:30:00+00:00,86.30999755859375,86.55000305175781,86.12000274658203,86.41000366210938,7490
2026-07-22 17:00:00+00:00,86.72000122070312,86.91999816894531,86.31999969482422,86.31999969482422,9287
2026-07-22 17:30:00+00:00,86.80999755859375,86.94999694824219,86.66999816894531,86.72000122070312,7593
2026-07-22 18:00:00+00:00,86.8499984741211,87.08000183105469,86.62999725341797,86.81999969482422,20035
2026-07-22 18:30:00+00:00,87.05999755859375,87.0999984741211,86.83999633789062,86.8499984741211,7022
2026-07-22 19:00:00+00:00,86.87999725341797,87.16999816894531,86.86000061035156,87.06999969482422,5092
2026-07-22 19:30:00+00:00,86.51000213623047,86.91000366210938,86.45999908447266,86.87999725341797,5201
2026-07-22 20:00:00+00:00,86.4000015258789,86.52999877929688,86.20999908447266,86.5199966430664,1983
2026-07-22 20:30:00+00:00,86.4800033569336,86.66999816894531,86.36000061035156,86.4000015258789,2289
2026-07-22 22:00:00+00:00,88.19000244140625,88.36000061035156,87.31999969482422,87.72000122070312,3785
2026-07-22 22:30:00+00:00,87.94999694824219,88.4000015258789,87.80999755859375,88.16999816894531,2045
2026-07-22 23:00:00+00:00,87.79000091552734,88.01000213623047,87.7699966430664,87.94000244140625,1011
2026-07-22 23:30:00+00:00,87.80999755859375,87.97000122070312,87.7300033569336,87.77999877929688,631
2026-07-23 00:00:00+00:00,88.04000091552734,88.4000015258789,87.36000061035156,87.80000305175781,4571
2026-07-23 00:30:00+00:00,87.9800033569336,88.29000091552734,87.81999969482422,88.04000091552734,2317
2026-07-23 01:00:00+00:00,88.4800033569336,88.54000091552734,87.81999969482422,87.95999908447266,2683
2026-07-23 01:30:00+00:00,88.11000061035156,88.63999938964844,87.93000030517578,88.47000122070312,2835
2026-07-23 02:00:00+00:00,88.19999694824219,88.25,88.05000305175781,88.12000274658203,839
2026-07-23 02:30:00+00:00,88.23999786376953,88.47000122070312,88.04000091552734,88.2300033569336,1648
2026-07-23 03:00:00+00:00,88.48999786376953,88.66999816894531,88.19999694824219,88.23999786376953,2435
2026-07-23 03:30:00+00:00,88.48999786376953,88.54000091552734,88.31999969482422,88.4800033569336,1304
2026-07-23 04:00:00+00:00,88.13999938964844,88.47000122070312,88.0999984741211,88.45999908447266,1299
2026-07-23 04:30:00+00:00,88.12999725341797,88.27999877929688,87.93000030517578,88.12999725341797,1255
2026-07-23 05:00:00+00:00,88.0,88.41000366210938,88.0,88.12000274658203,1182
2026-07-23 05:30:00+00:00,88.30000305175781,88.37999725341797,87.66000366210938,88.0,2502
2026-07-23 06:00:00+00:00,88.26000213623047,88.30999755859375,87.93000030517578,88.29000091552734,1884
2026-07-23 06:30:00+00:00,88.63999938964844,88.80000305175781,88.22000122070312,88.26000213623047,4957
2026-07-23 07:00:00+00:00,89.2300033569336,89.62999725341797,88.5999984741211,88.62999725341797,9566
2026-07-23 07:30:00+00:00,89.30000305175781,89.8499984741211,89.11000061035156,89.2300033569336,8798
2026-07-23 08:00:00+00:00,89.2699966430664,89.52999877929688,88.91000366210938,89.33000183105469,7791
2026-07-23 08:30:00+00:00,89.5,89.76000213623047,89.2300033569336,89.2699966430664,7069
2026-07-23 09:00:00+00:00,90.1500015258789,90.3499984741211,89.23999786376953,89.5199966430664,9422
2026-07-23 09:30:00+00:00,90.22000122070312,90.36000061035156,89.81999969482422,90.16999816894531,8120
2026-07-23 10:00:00+00:00,90.55999755859375,90.58999633789062,89.86000061035156,90.22000122070312,7137
2026-07-23 10:30:00+00:00,90.12999725341797,90.72000122070312,90.11000061035156,90.55999755859375,7494
2026-07-23 11:00:00+00:00,90.70999908447266,90.88999938964844,90.0999984741211,90.12000274658203,7467
2026-07-23 11:30:00+00:00,90.69000244140625,91.19000244140625,90.27999877929688,90.72000122070312,8070
2026-07-23 12:00:00+00:00,90.83999633789062,91.4000015258789,90.54000091552734,90.69000244140625,13612
2026-07-23 12:30:00+00:00,90.83999633789062,91.2300033569336,90.5199966430664,90.8499984741211,14128
2026-07-23 13:00:00+00:00,90.9800033569336,91.61000061035156,90.68000030517578,90.83999633789062,20361
2026-07-23 13:30:00+00:00,91.7300033569336,91.88999938964844,90.73999786376953,90.95999908447266,16179
2026-07-23 14:00:00+00:00,91.7300033569336,91.97000122070312,90.9800033569336,91.7300033569336,16645
2026-07-23 14:30:00+00:00,91.9000015258789,92.16000366210938,91.31999969482422,91.76000213623047,17063
2026-07-23 15:00:00+00:00,92.4800033569336,92.81999969482422,91.7300033569336,91.88999938964844,27732
2026-07-23 15:30:00+00:00,91.8499984741211,92.77999877929688,91.77999877929688,92.48999786376953,21514
2026-07-23 16:00:00+00:00,91.88999938964844,92.37000274658203,91.58999633789062,91.8499984741211,12678
2026-07-23 16:30:00+00:00,92.33000183105469,92.56999969482422,91.87000274658203,91.87999725341797,9533
2026-07-23 17:00:00+00:00,92.58000183105469,92.79000091552734,92.30999755859375,92.33000183105469,10546
2026-07-23 17:30:00+00:00,93.2300033569336,93.29000091552734,92.55000305175781,92.58000183105469,14133
2026-07-23 18:00:00+00:00,92.08999633789062,93.5,92.01000213623047,93.25,33831
2026-07-23 18:30:00+00:00,92.02999877929688,92.3499984741211,91.94000244140625,92.0999984741211,8635
2026-07-23 19:00:00+00:00,91.63999938964844,92.02999877929688,91.55000305175781,92.02999877929688,5490
2026-07-23 19:30:00+00:00,91.61000061035156,91.86000061035156,91.12999725341797,91.62000274658203,6744
2026-07-23 20:00:00+00:00,91.93000030517578,92.08999633789062,91.41999816894531,91.61000061035156,3550
2026-07-23 20:30:00+00:00,92.36000061035156,92.43000030517578,91.79000091552734,91.93000030517578,4705
2026-07-23 22:00:00+00:00,92.16999816894531,92.66000366210938,92.12000274658203,92.55000305175781,911
2026-07-23 22:30:00+00:00,92.08999633789062,92.2300033569336,92.05000305175781,92.18000030517578,411
2026-07-23 23:00:00+00:00,92.13999938964844,92.20999908447266,92.08000183105469,92.08000183105469,347
2026-07-23 23:30:00+00:00,92.29000091552734,92.52999877929688,92.05999755859375,92.1500015258789,1288
2026-07-24 00:00:00+00:00,92.23999786376953,92.83000183105469,92.18000030517578,92.27999877929688,3298
2026-07-24 00:30:00+00:00,91.9000015258789,92.36000061035156,91.88999938964844,92.25,1337
2026-07-24 01:00:00+00:00,91.54000091552734,91.9000015258789,91.3499984741211,91.9000015258789,4062
2026-07-24 01:30:00+00:00,91.6500015258789,91.69999694824219,91.16000366210938,91.54000091552734,2628
2026-07-24 02:00:00+00:00,91.86000061035156,91.91000366210938,91.61000061035156,91.63999938964844,1356
2026-07-24 02:30:00+00:00,91.91999816894531,92.05000305175781,91.66999816894531,91.83999633789062,1272
2026-07-24 03:00:00+00:00,92.22000122070312,92.3499984741211,91.87000274658203,91.91000366210938,3087
2026-07-24 03:30:00+00:00,91.94999694824219,92.4000015258789,91.91000366210938,92.22000122070312,1291
2026-07-24 04:00:00+00:00,91.66999816894531,91.98999786376953,91.63999938964844,91.91000366210938,1217
2026-07-24 04:30:00+00:00,91.6500015258789,91.75,91.54000091552734,91.68000030517578,744
2026-07-24 05:00:00+00:00,91.72000122070312,91.86000061035156,91.58999633789062,91.6500015258789,663
2026-07-24 05:30:00+00:00,91.5,91.80999755859375,91.18000030517578,91.7300033569336,1962
2026-07-24 06:00:00+00:00,91.30999755859375,91.6500015258789,91.08999633789062,91.5,2534
2026-07-24 06:30:00+00:00,90.55999755859375,91.3499984741211,90.51000213623047,91.30999755859375,6421
2026-07-24 07:00:00+00:00,90.30999755859375,90.75,90.29000091552734,90.58000183105469,7214
2026-07-24 07:30:00+00:00,90.44999694824219,90.69999694824219,90.1500015258789,90.31999969482422,6243
2026-07-24 08:00:00+00:00,90.08000183105469,90.80999755859375,90.02999877929688,90.44000244140625,8398
2026-07-24 08:30:00+00:00,89.5999984741211,90.25,89.41999816894531,90.08999633789062,9876
2026-07-24 09:00:00+00:00,89.06999969482422,89.62999725341797,88.75,89.58999633789062,10890
2026-07-24 09:30:00+00:00,89.01000213623047,89.2699966430664,88.73999786376953,89.05999755859375,7515
2026-07-24 10:00:00+00:00,89.63999938964844,89.87000274658203,88.83000183105469,89.02999877929688,7465
2026-07-24 10:30:00+00:00,89.9000015258789,90.16999816894531,89.62000274658203,89.63999938964844,6666
2026-07-24 11:00:00+00:00,89.83999633789062,90.02999877929688,89.69999694824219,89.9000015258789,3230
2026-07-24 11:30:00+00:00,89.4000015258789,90.12999725341797,88.94000244140625,89.83999633789062,7554
2026-07-24 12:00:00+00:00,89.4800033569336,90.02999877929688,89.22000122070312,89.37999725341797,9479
2026-07-24 12:30:00+00:00,89.38999938964844,89.58999633789062,88.95999908447266,89.48999786376953,8674
2026-07-24 13:00:00+00:00,90.47000122070312,90.55999755859375,89.12999725341797,89.38999938964844,17422
2026-07-24 13:30:00+00:00,89.93000030517578,90.5199966430664,89.69999694824219,90.45999908447266,13218
2026-07-24 14:00:00+00:00,89.4800033569336,90.05000305175781,89.2699966430664,89.94000244140625,16549
2026-07-24 14:30:00+00:00,89.68000030517578,89.94000244140625,89.29000091552734,89.47000122070312,15886
2026-07-24 15:00:00+00:00,88.05999755859375,90.0,87.8499984741211,89.68000030517578,36557
2026-07-24 15:30:00+00:00,88.4000015258789,88.69000244140625,87.68000030517578,88.05000305175781,19714
2026-07-24 16:00:00+00:00,88.31999969482422,88.66000366210938,88.1500015258789,88.38999938964844,10018
2026-07-24 16:30:00+00:00,88.38999938964844,88.58000183105469,88.06999969482422,88.31999969482422,9559
2026-07-24 17:00:00+00:00,88.8499984741211,88.91000366210938,88.19999694824219,88.37999725341797,9242
2026-07-24 17:30:00+00:00,89.06999969482422,89.19999694824219,88.77999877929688,88.8499984741211,9779
2026-07-24 18:00:00+00:00,89.33999633789062,89.37999725341797,88.58000183105469,89.08000183105469,19507
2026-07-24 18:30:00+00:00,89.37000274658203,89.41999816894531,89.0,89.33000183105469,8766
2026-07-24 19:00:00+00:00,89.70999908447266,89.70999908447266,89.31999969482422,89.37999725341797,4183
2026-07-24 19:30:00+00:00,89.7699966430664,89.80999755859375,88.93000030517578,89.70999908447266,8693
2026-07-24 20:00:00+00:00,90.38999938964844,90.44000244140625,89.75,89.76000213623047,5401
2026-07-24 20:30:00+00:00,89.30999755859375,90.6500015258789,89.30999755859375,90.38999938964844,3147
2026-07-26 22:00:00+00:00,84.33999633789062,85.02999877929688,83.87999725341797,84.62999725341797,5416
2026-07-26 22:30:00+00:00,84.81999969482422,84.87000274658203,84.2699966430664,84.31999969482422,2900
2026-07-26 23:00:00+00:00,84.97000122070312,85.16000366210938,84.80000305175781,84.80999755859375,3388
2026-07-26 23:30:00+00:00,84.62999725341797,85.0,84.48999786376953,84.95999908447266,2030
2026-07-27 00:00:00+00:00,84.48999786376953,84.94999694824219,84.04000091552734,84.61000061035156,4371
2026-07-27 00:30:00+00:00,84.79000091552734,84.88999938964844,84.41000366210938,84.48999786376953,2102
2026-07-27 01:00:00+00:00,85.11000061035156,85.44999694824219,84.62000274658203,84.77999877929688,3781
2026-07-27 01:30:00+00:00,85.27999877929688,85.36000061035156,84.93000030517578,85.12000274658203,1268
2026-07-27 02:00:00+00:00,85.63999938964844,85.69000244140625,85.16999816894531,85.26000213623047,1917
2026-07-27 02:30:00+00:00,85.58000183105469,85.69999694824219,85.33999633789062,85.63999938964844,1708
2026-07-27 03:00:00+00:00,85.30999755859375,85.58999633789062,85.2300033569336,85.58000183105469,1234
2026-07-27 03:30:00+00:00,85.20999908447266,85.37999725341797,85.05999755859375,85.30999755859375,1459
2026-07-27 04:00:00+00:00,84.8499984741211,85.20999908447266,84.80000305175781,85.20999908447266,1959
2026-07-27 04:30:00+00:00,84.83999633789062,84.87000274658203,84.47000122070312,84.8499984741211,1405
2026-07-27 05:00:00+00:00,84.66000366210938,84.95999908447266,84.58000183105469,84.8499984741211,1105
2026-07-27 05:30:00+00:00,84.58000183105469,84.87000274658203,84.37000274658203,84.63999938964844,1759
2026-07-27 06:00:00+00:00,83.8499984741211,84.62999725341797,83.47000122070312,84.56999969482422,6476
2026-07-27 06:30:00+00:00,83.47000122070312,83.97000122070312,83.37999725341797,83.86000061035156,5137
2026-07-27 07:00:00+00:00,84.18000030517578,84.19000244140625,83.33999633789062,83.48999786376953,5378
2026-07-27 07:30:00+00:00,84.58999633789062,84.5999984741211,83.91000366210938,84.19000244140625,7165
2026-07-27 08:00:00+00:00,83.70999908447266,84.8499984741211,83.56999969482422,84.58999633789062,8577
2026-07-27 08:30:00+00:00,82.94999694824219,83.95999908447266,82.87000274658203,83.69000244140625,9652
2026-07-27 09:00:00+00:00,82.76000213623047,83.27999877929688,82.58000183105469,82.95999908447266,7324
2026-07-27 09:30:00+00:00,82.33999633789062,82.91000366210938,82.12000274658203,82.75,12315
2026-07-27 10:00:00+00:00,83.02999877929688,83.55999755859375,82.31999969482422,82.3499984741211,13215
2026-07-27 10:30:00+00:00,83.2699966430664,83.31999969482422,82.94000244140625,83.0199966430664,3407
2026-07-27 11:00:00+00:00,83.77999877929688,83.81999969482422,83.1500015258789,83.26000213623047,6260
2026-07-27 11:30:00+00:00,83.3499984741211,83.94999694824219,83.02999877929688,83.77999877929688,7855
2026-07-27 12:00:00+00:00,84.08999633789062,84.2300033569336,83.36000061035156,83.36000061035156,9623
2026-07-27 12:30:00+00:00,84.0199966430664,84.33999633789062,83.80999755859375,84.0999984741211,10512
2026-07-27 13:00:00+00:00,84.48999786376953,84.55000305175781,83.87999725341797,84.0199966430664,11310
2026-07-27 13:30:00+00:00,84.22000122070312,84.5,83.68000030517578,84.4800033569336,13542
2026-07-27 14:00:00+00:00,83.66000366210938,84.2699966430664,83.44999694824219,84.2300033569336,11138
2026-07-27 14:30:00+00:00,83.56999969482422,83.81999969482422,83.5,83.66000366210938,8341
2026-07-27 15:00:00+00:00,83.16999816894531,83.83999633789062,83.01000213623047,83.58000183105469,14173
2026-07-27 15:30:00+00:00,83.38999938964844,83.41999816894531,82.9800033569336,83.1500015258789,8945
2026-07-27 16:00:00+00:00,83.05999755859375,83.7699966430664,82.83000183105469,83.37999725341797,14362
2026-07-27 16:30:00+00:00,82.83999633789062,83.27999877929688,82.31999969482422,83.02999877929688,15387
2026-07-27 17:00:00+00:00,82.66999816894531,82.88999938964844,82.51000213623047,82.8499984741211,8791
2026-07-27 17:30:00+00:00,82.62000274658203,83.0,82.58000183105469,82.66000366210938,10063
2026-07-27 18:00:00+00:00,82.6500015258789,82.68000030517578,81.98999786376953,82.62000274658203,24976
2026-07-27 18:30:00+00:00,82.12999725341797,82.95999908447266,82.11000061035156,82.6500015258789,10723
2026-07-27 19:00:00+00:00,82.31999969482422,82.44999694824219,82.04000091552734,82.12999725341797,3245
2026-07-27 19:30:00+00:00,81.93000030517578,82.38999938964844,81.91000366210938,82.31999969482422,4754
2026-07-27 20:00:00+00:00,81.87000274658203,82.0,81.6500015258789,81.93000030517578,4656
2026-07-27 20:30:00+00:00,81.91000366210938,82.08000183105469,81.62999725341797,81.8499984741211,3198
2026-07-27 22:00:00+00:00,81.97000122070312,82.11000061035156,81.68000030517578,82.0,429
2026-07-27 22:30:00+00:00,82.11000061035156,82.19000244140625,81.56999969482422,81.97000122070312,1037
2026-07-27 23:00:00+00:00,82.05000305175781,82.16000366210938,82.0,82.12000274658203,379
2026-07-27 23:30:00+00:00,82.05000305175781,82.22000122070312,82.02999877929688,82.02999877929688,317
2026-07-28 00:00:00+00:00,81.66000366210938,82.05000305175781,81.43000030517578,82.02999877929688,2346
2026-07-28 00:30:00+00:00,82.11000061035156,82.19000244140625,81.63999938964844,81.6500015258789,1866
2026-07-28 01:00:00+00:00,81.54000091552734,82.23999786376953,81.45999908447266,82.11000061035156,2613
2026-07-28 01:30:00+00:00,81.62999725341797,82.04000091552734,81.55999755859375,81.55999755859375,2014
2026-07-28 02:00:00+00:00,81.29000091552734,81.77999877929688,81.18000030517578,81.62000274658203,2710
2026-07-28 02:30:00+00:00,80.81999969482422,81.33000183105469,80.69000244140625,81.27999877929688,3606
2026-07-28 03:00:00+00:00,81.36000061035156,81.37999725341797,80.5999984741211,80.83999633789062,3362
2026-07-28 03:30:00+00:00,81.55999755859375,81.58000183105469,81.30999755859375,81.3499984741211,1553
2026-07-28 04:00:00+00:00,81.66000366210938,81.93000030517578,81.54000091552734,81.58000183105469,2041
2026-07-28 04:30:00+00:00,81.62999725341797,81.76000213623047,81.58000183105469,81.66000366210938,788
2026-07-28 05:00:00+00:00,81.66000366210938,81.69000244140625,81.47000122070312,81.62999725341797,918
2026-07-28 05:30:00+00:00,82.1500015258789,82.43000030517578,81.66999816894531,81.66999816894531,2735
2026-07-28 06:00:00+00:00,82.04000091552734,82.33999633789062,81.95999908447266,82.13999938964844,1508
2026-07-28 06:30:00+00:00,80.80999755859375,82.61000061035156,80.61000061035156,82.61000061035156,5979
2026-07-28 07:00:00+00:00,81.25,81.41000366210938,80.66999816894531,80.80999755859375,5014
2026-07-28 07:30:00+00:00,80.77999877929688,81.54000091552734,80.54000091552734,81.25,5671
2026-07-28 08:00:00+00:00,80.27999877929688,80.8499984741211,80.2699966430664,80.77999877929688,10524
2026-07-28 08:30:00+00:00,80.19999694824219,80.55000305175781,79.80000305175781,80.27999877929688,10581
2026-07-28 09:00:00+00:00,80.47000122070312,81.22000122070312,80.19999694824219,80.19999694824219,7742
2026-07-28 09:30:00+00:00,80.62000274658203,80.87000274658203,80.41000366210938,80.47000122070312,3609
2026-07-28 10:00:00+00:00,81.18000030517578,81.23999786376953,80.58000183105469,80.62999725341797,3353
2026-07-28 10:30:00+00:00,81.16999816894531,81.48999786376953,80.87999725341797,81.18000030517578,4598
2026-07-28 11:00:00+00:00,81.37999725341797,81.4000015258789,80.69000244140625,81.16999816894531,5617
2026-07-28 11:30:00+00:00,81.72000122070312,81.91999816894531,81.27999877929688,81.38999938964844,5730
2026-07-28 12:00:00+00:00,81.56999969482422,81.7300033569336,81.27999877929688,81.72000122070312,5427
2026-07-28 12:30:00+00:00,80.79000091552734,81.69000244140625,80.62999725341797,81.54000091552734,9190
2026-07-28 13:00:00+00:00,81.20999908447266,81.38999938964844,80.80999755859375,80.80999755859375,9033
2026-07-28 13:30:00+00:00,81.44999694824219,81.6500015258789,80.73999786376953,81.20999908447266,11813
2026-07-28 14:00:00+00:00,81.13999938964844,81.83000183105469,81.06999969482422,81.44000244140625,11705
2026-07-28 14:30:00+00:00,81.44999694824219,81.62000274658203,80.87000274658203,81.13999938964844,10147
2026-07-28 15:00:00+00:00,79.41999816894531,81.58000183105469,79.19999694824219,81.44000244140625,37535
2026-07-28 15:30:00+00:00,78.36000061035156,79.62000274658203,78.2699966430664,79.41000366210938,26761
2026-07-28 16:00:00+00:00,78.23999786376953,78.6500015258789,78.0,78.36000061035156,20732
2026-07-28 16:30:00+00:00,78.66000366210938,78.83999633789062,77.77999877929688,78.25,27110
2026-07-28 17:00:00+00:00,79.16000366210938,79.19999694824219,78.33000183105469,78.66000366210938,18427
2026-07-28 17:30:00+00:00,79.44000244140625,79.66000366210938,78.9800033569336,79.1500015258789,13064
2026-07-28 18:00:00+00:00,79.31999969482422,79.44999694824219,78.80999755859375,79.44000244140625,22139
2026-07-28 18:30:00+00:00,79.20999908447266,79.5,78.94999694824219,79.31999969482422,8280
2026-07-28 19:00:00+00:00,78.91999816894531,79.23999786376953,78.87999725341797,79.20999908447266,2650
2026-07-28 19:30:00+00:00,79.12000274658203,79.1500015258789,78.87999725341797,78.91000366210938,3034
2026-07-28 20:00:00+00:00,79.16999816894531,79.30000305175781,78.97000122070312,79.12000274658203,2091
2026-07-28 20:30:00+00:00,79.12999725341797,79.2699966430664,78.83999633789062,79.18000030517578,2978
2026-07-28 22:00:00+00:00,82.66999816894531,82.87000274658203,79.91999816894531,80.04000091552734,8376
2026-07-28 22:30:00+00:00,82.62999725341797,83.25,82.4000015258789,82.68000030517578,5914
2026-07-28 23:00:00+00:00,82.51000213623047,83.30000305175781,82.41999816894531,82.62999725341797,3694
2026-07-28 23:30:00+00:00,81.88999938964844,82.75,81.80999755859375,82.52999877929688,3960
2026-07-29 00:00:00+00:00,81.83000183105469,82.30000305175781,81.62000274658203,81.87000274658203,7328
2026-07-29 00:30:00+00:00,82.45999908447266,82.5999984741211,81.8499984741211,81.8499984741211,3305
2026-07-29 01:00:00+00:00,82.44000244140625,82.91999816894531,82.30999755859375,82.44999694824219,3695
2026-07-29 01:30:00+00:00,82.76000213623047,83.05000305175781,82.43000030517578,82.43000030517578,2692
2026-07-29 02:00:00+00:00,82.45999908447266,82.83000183105469,82.43000030517578,82.76000213623047,1207
2026-07-29 02:30:00+00:00,82.30999755859375,82.44000244140625,82.05000305175781,82.44000244140625,2375
2026-07-29 03:00:00+00:00,82.38999938964844,82.62999725341797,82.30999755859375,82.30999755859375,1159
2026-07-29 03:30:00+00:00,82.70999908447266,82.7699966430664,82.4000015258789,82.41000366210938,1364
2026-07-29 04:00:00+00:00,82.44999694824219,82.69000244140625,82.44999694824219,82.69000244140625,723
2026-07-29 04:30:00+00:00,82.04000091552734,82.44000244140625,81.87999725341797,82.44000244140625,1752
2026-07-29 05:00:00+00:00,81.91000366210938,82.13999938964844,81.79000091552734,82.04000091552734,1627
2026-07-29 05:30:00+00:00,82.23999786376953,82.26000213623047,81.83000183105469,81.9000015258789,1520
2026-07-29 06:00:00+00:00,82.36000061035156,82.43000030517578,82.0,82.23999786376953,1765
2026-07-29 06:30:00+00:00,82.0999984741211,82.4000015258789,81.80000305175781,82.3499984741211,2144
2026-07-29 07:00:00+00:00,82.20999908447266,82.37000274658203,81.7300033569336,82.0999984741211,4239
2026-07-29 07:30:00+00:00,82.0199966430664,82.31999969482422,81.70999908447266,82.22000122070312,3133
2026-07-29 08:00:00+00:00,82.19999694824219,82.38999938964844,81.86000061035156,82.02999877929688,5003
2026-07-29 08:30:00+00:00,81.87999725341797,82.37000274658203,81.51000213623047,82.22000122070312,5109
2026-07-29 09:00:00+00:00,81.94000244140625,82.1500015258789,81.69000244140625,81.87999725341797,2484
2026-07-29 09:30:00+00:00,82.11000061035156,82.30999755859375,81.87000274658203,81.93000030517578,3354
2026-07-29 10:00:00+00:00,82.72000122070312,82.83000183105469,81.9800033569336,82.11000061035156,6299
2026-07-29 10:30:00+00:00,83.18000030517578,83.27999877929688,82.58000183105469,82.7300033569336,4661
2026-07-29 11:00:00+00:00,82.86000061035156,83.33999633789062,82.81999969482422,83.18000030517578,3508
2026-07-29 11:30:00+00:00,82.52999877929688,83.02999877929688,82.36000061035156,82.87999725341797,7608
2026-07-29 12:00:00+00:00,84.47000122070312,84.6500015258789,82.5,82.54000091552734,20360
2026-07-29 12:30:00+00:00,84.54000091552734,84.76000213623047,84.04000091552734,84.48999786376953,12177
2026-07-29 13:00:00+00:00,84.33000183105469,84.81999969482422,84.0999984741211,84.55000305175781,11270
2026-07-29 13:30:00+00:00,84.8499984741211,84.94999694824219,84.2300033569336,84.31999969482422,10792
2026-07-29 14:00:00+00:00,85.0,85.0199966430664,84.33999633789062,84.83999633789062,11354
2026-07-29 14:30:00+00:00,85.36000061035156,85.4800033569336,84.86000061035156,85.01000213623047,14415
2026-07-29 15:00:00+00:00,84.87000274658203,85.56999969482422,84.79000091552734,85.36000061035156,14627
2026-07-29 15:30:00+00:00,84.98999786376953,85.0,84.36000061035156,84.86000061035156,15194
2026-07-29 16:00:00+00:00,84.19000244140625,85.22000122070312,84.18000030517578,84.98999786376953,14874
2026-07-29 16:30:00+00:00,84.58999633789062,84.69000244140625,84.18000030517578,84.20999908447266,7920
2026-07-29 17:00:00+00:00,84.45999908447266,84.81999969482422,84.36000061035156,84.58000183105469,9520
2026-07-29 17:30:00+00:00,84.58999633789062,84.7300033569336,84.30000305175781,84.47000122070312,8346
2026-07-29 18:00:00+00:00,84.4800033569336,84.91000366210938,84.36000061035156,84.5999984741211,22859
2026-07-29 18:30:00+00:00,84.44999694824219,84.94000244140625,84.30000305175781,84.4800033569336,9800
2026-07-29 19:00:00+00:00,84.66000366210938,84.73999786376953,84.05999755859375,84.44000244140625,7555
2026-07-29 19:30:00+00:00,84.88999938964844,85.25,84.58000183105469,84.66999816894531,6424
2026-07-29 20:00:00+00:00,84.91999816894531,85.0199966430664,84.5999984741211,84.88999938964844,2247
2026-07-29 20:30:00+00:00,84.5999984741211,84.91000366210938,84.51000213623047,84.9000015258789,2545
2026-07-29 22:00:00+00:00,84.44000244140625,84.69999694824219,84.23999786376953,84.6500015258789,800
2026-07-29 22:30:00+00:00,84.43000030517578,84.55999755859375,84.31999969482422,84.45999908447266,448
2026-07-29 23:00:00+00:00,84.43000030517578,84.72000122070312,84.11000061035156,84.41999816894531,1525
2026-07-29 23:30:00+00:00,84.19999694824219,84.48999786376953,84.1500015258789,84.43000030517578,720
2026-07-30 00:00:00+00:00,83.9800033569336,84.29000091552734,83.20999908447266,84.20999908447266,4835
2026-07-30 00:30:00+00:00,84.52999877929688,84.62000274658203,83.88999938964844,83.97000122070312,2524
2026-07-30 01:00:00+00:00,83.97000122070312,84.51000213623047,83.73999786376953,84.5,2658
2026-07-30 01:30:00+00:00,83.80000305175781,84.05000305175781,83.62999725341797,84.01000213623047,1551
2026-07-30 02:00:00+00:00,83.44999694824219,83.80000305175781,83.43000030517578,83.7699966430664,1503
2026-07-30 02:30:00+00:00,83.43000030517578,83.72000122070312,83.23999786376953,83.45999908447266,1895
2026-07-30 03:00:00+00:00,83.62999725341797,83.66000366210938,83.22000122070312,83.41999816894531,975
2026-07-30 03:30:00+00:00,83.6500015258789,83.75,83.4800033569336,83.5999984741211,789
2026-07-30 04:00:00+00:00,83.77999877929688,83.87000274658203,83.62000274658203,83.6500015258789,623
2026-07-30 04:30:00+00:00,84.05000305175781,84.16999816894531,83.66000366210938,83.75,1176
2026-07-30 05:00:00+00:00,84.54000091552734,84.79000091552734,83.97000122070312,84.06999969482422,2514
2026-07-30 05:30:00+00:00,85.22000122070312,85.38999938964844,84.54000091552734,84.55000305175781,5686
2026-07-30 06:00:00+00:00,85.83000183105469,85.88999938964844,85.08000183105469,85.18000030517578,8824
2026-07-30 06:30:00+00:00,85.30999755859375,85.9000015258789,85.30999755859375,85.81999969482422,5128
2026-07-30 07:00:00+00:00,85.30999755859375,85.4000015258789,84.58999633789062,85.30000305175781,7711
2026-07-30 07:30:00+00:00,85.16999816894531,85.94000244140625,84.94999694824219,85.30000305175781,5428
2026-07-30 08:00:00+00:00,84.94999694824219,85.36000061035156,84.62999725341797,85.16999816894531,6888
2026-07-30 08:30:00+00:00,84.76000213623047,85.08000183105469,84.30000305175781,84.95999908447266,4717
2026-07-30 09:00:00+00:00,84.05999755859375,84.83000183105469,83.83999633789062,84.73999786376953,8670
2026-07-30 09:30:00+00:00,84.45999908447266,84.5,83.91999816894531,84.02999877929688,3981
2026-07-30 10:00:00+00:00,84.2300033569336,84.6500015258789,84.11000061035156,84.47000122070312,2459
2026-07-30 10:30:00+00:00,83.73999786376953,84.2699966430664,83.26000213623047,84.23999786376953,4972
2026-07-30 11:00:00+00:00,83.63999938964844,83.93000030517578,83.45999908447266,83.7699966430664,3351
2026-07-30 11:30:00+00:00,83.54000091552734,83.70999908447266,83.29000091552734,83.63999938964844,4907
2026-07-30 12:00:00+00:00,84.23999786376953,84.4000015258789,83.4000015258789,83.55000305175781,6353
2026-07-30 12:30:00+00:00,84.4800033569336,84.48999786376953,83.63999938964844,84.23999786376953,6962
2026-07-30 13:00:00+00:00,83.4800033569336,84.5199966430664,82.97000122070312,84.47000122070312,13132
2026-07-30 13:30:00+00:00,83.76000213623047,83.91999816894531,83.31999969482422,83.47000122070312,5962
2026-07-30 14:00:00+00:00,83.97000122070312,84.30000305175781,83.62999725341797,83.7699966430664,10907
2026-07-30 14:30:00+00:00,84.20999908447266,84.4800033569336,83.94999694824219,83.95999908447266,5740
2026-07-30 15:00:00+00:00,84.30999755859375,84.86000061035156,84.06999969482422,84.22000122070312,9476
2026-07-30 15:30:00+00:00,84.06999969482422,84.5199966430664,83.58999633789062,84.30999755859375,7420
2026-07-30 16:00:00+00:00,83.62000274658203,84.29000091552734,83.51000213623047,84.06999969482422,5264
2026-07-30 16:30:00+00:00,84.08999633789062,84.12999725341797,83.52999877929688,83.5999984741211,4937
2026-07-30 17:00:00+00:00,83.8499984741211,84.19000244140625,83.7300033569336,84.0999984741211,5752
2026-07-30 17:30:00+00:00,84.08000183105469,84.38999938964844,83.6500015258789,83.8499984741211,6327
2026-07-30 18:00:00+00:00,83.55999755859375,84.27999877929688,83.47000122070312,84.08000183105469,15348
2026-07-30 18:30:00+00:00,83.5199966430664,83.83000183105469,83.4800033569336,83.55999755859375,5493
2026-07-30 19:00:00+00:00,83.54000091552734,83.7300033569336,83.45999908447266,83.54000091552734,2202
2026-07-30 19:30:00+00:00,83.6500015258789,83.83000183105469,83.44000244140625,83.54000091552734,1927
2026-07-30 20:00:00+00:00,84.08999633789062,84.16000366210938,83.58000183105469,83.66000366210938,1863
2026-07-30 20:30:00+00:00,83.95999908447266,84.20999908447266,83.86000061035156,84.0999984741211,1689
2026-07-30 22:00:00+00:00,84.18000030517578,84.31999969482422,83.87999725341797,83.91999816894531,648
2026-07-30 22:30:00+00:00,84.05999755859375,84.16999816894531,83.91999816894531,84.16000366210938,264
2026-07-30 23:00:00+00:00,84.05999755859375,84.11000061035156,83.93000030517578,84.05000305175781,283
2026-07-30 23:30:00+00:00,84.05999755859375,84.12000274658203,83.9800033569336,84.06999969482422,208
2026-07-31 00:00:00+00:00,84.12000274658203,84.18000030517578,83.95999908447266,84.05999755859375,711
2026-07-31 00:30:00+00:00,83.55000305175781,84.13999938964844,83.5199966430664,84.11000061035156,1004
2026-07-31 01:00:00+00:00,82.77999877929688,83.54000091552734,82.08999633789062,83.54000091552734,4916
2026-07-31 01:30:00+00:00,82.47000122070312,82.87999725341797,82.2699966430664,82.7699966430664,2365
2026-07-31 02:00:00+00:00,82.16000366210938,82.47000122070312,81.5999984741211,82.47000122070312,4021
2026-07-31 02:30:00+00:00,82.2699966430664,82.44999694824219,82.05000305175781,82.16999816894531,1183
2026-07-31 03:00:00+00:00,82.20999908447266,82.36000061035156,82.06999969482422,82.27999877929688,889
2026-07-31 03:30:00+00:00,82.36000061035156,82.5,82.12000274658203,82.19999694824219,1046
2026-07-31 04:00:00+00:00,82.12999725341797,82.4000015258789,81.95999908447266,82.33999633789062,942
2026-07-31 04:30:00+00:00,81.66000366210938,82.19000244140625,81.62999725341797,82.1500015258789,1206
2026-07-31 05:00:00+00:00,81.6500015258789,81.98999786376953,81.52999877929688,81.6500015258789,1321
2026-07-31 05:30:00+00:00,81.69000244140625,81.69999694824219,81.05999755859375,81.62000274658203,2515
2026-07-31 06:00:00+00:00,82.01000213623047,82.2300033569336,81.61000061035156,81.69999694824219,2682
2026-07-31 06:30:00+00:00,82.02999877929688,82.12999725341797,81.77999877929688,82.02999877929688,1273
2026-07-31 07:00:00+00:00,82.55999755859375,82.61000061035156,81.9800033569336,82.0199966430664,2911
2026-07-31 07:30:00+00:00,82.18000030517578,82.69000244140625,82.05000305175781,82.52999877929688,3789
2026-07-31 08:00:00+00:00,82.7300033569336,82.75,81.94000244140625,82.16000366210938,3335
2026-07-31 08:30:00+00:00,82.58999633789062,82.88999938964844,82.23999786376953,82.73999786376953,4075
2026-07-31 09:00:00+00:00,82.86000061035156,83.25,82.54000091552734,82.58000183105469,5658
2026-07-31 09:30:00+00:00,83.70999908447266,83.77999877929688,82.83999633789062,82.87999725341797,5452
2026-07-31 10:00:00+00:00,84.11000061035156,84.19999694824219,83.72000122070312,83.72000122070312,4531
2026-07-31 10:30:00+00:00,84.30000305175781,84.5,83.98999786376953,84.11000061035156,3542
2026-07-31 11:00:00+00:00,84.79000091552734,84.9000015258789,84.0999984741211,84.30000305175781,7730
2026-07-31 11:30:00+00:00,84.86000061035156,85.08999633789062,84.62999725341797,84.80000305175781,6561
2026-07-31 12:00:00+00:00,85.2300033569336,85.48999786376953,84.86000061035156,84.87000274658203,7908
2026-07-31 12:30:00+00:00,85.88999938964844,86.44999694824219,84.95999908447266,85.2300033569336,11717
2026-07-31 13:00:00+00:00,85.5,85.9800033569336,85.2699966430664,85.88999938964844,10236
2026-07-31 13:30:00+00:00,85.5199966430664,85.91000366210938,85.29000091552734,85.48999786376953,10470
2026-07-31 14:00:00+00:00,85.23999786376953,85.56999969482422,84.73999786376953,85.5199966430664,12777
2026-07-31 14:30:00+00:00,85.79000091552734,85.93000030517578,85.19000244140625,85.23999786376953,7789
2026-07-31 15:00:00+00:00,85.54000091552734,86.01000213623047,85.36000061035156,85.77999877929688,12161
2026-07-31 15:30:00+00:00,84.06999969482422,85.5999984741211,83.98999786376953,85.52999877929688,19802
2026-07-31 16:00:00+00:00,84.5199966430664,84.7699966430664,84.05999755859375,84.08999633789062,10433
2026-07-31 16:30:00+00:00,84.69999694824219,84.83999633789062,84.51000213623047,84.5199966430664,5878
2026-07-31 17:00:00+00:00,84.77999877929688,85.0999984741211,84.52999877929688,84.72000122070312,7504
2026-07-31 17:30:00+00:00,84.69999694824219,85.0999984741211,84.61000061035156,84.77999877929688,9201
2026-07-31 18:00:00+00:00,84.56999969482422,85.16000366210938,84.52999877929688,84.69000244140625,15798
2026-07-31 18:30:00+00:00,84.61000061035156,84.73999786376953,84.4800033569336,84.55999755859375,5465
2026-07-31 19:00:00+00:00,84.80000305175781,84.94999694824219,84.54000091552734,84.5999984741211,2355
2026-07-31 19:30:00+00:00,84.7699966430664,84.87999725341797,84.69999694824219,84.80999755859375,2422
2026-07-31 20:00:00+00:00,84.61000061035156,84.79000091552734,84.45999908447266,84.75,1392
2026-07-31 20:30:00+00:00,84.66999816894531,86.87000274658203,84.47000122070312,84.62999725341797,6884
2026-08-02 22:00:00+00:00,80.61000061035156,81.05000305175781,79.83999633789062,80.01000213623047,4483
2026-08-02 22:30:00+00:00,81.23999786376953,81.30000305175781,80.52999877929688,80.66000366210938,2784
2026-08-02 23:00:00+00:00,80.83000183105469,81.30000305175781,80.77999877929688,81.23999786376953,1672
2026-08-02 23:30:00+00:00,80.70999908447266,80.87999725341797,80.43000030517578,80.83000183105469,1442
2026-08-03 00:00:00+00:00,80.47000122070312,81.0,80.44999694824219,80.70999908447266,1771
2026-08-03 00:30:00+00:00,80.62000274658203,80.76000213623047,80.31999969482422,80.44999694824219,2031
2026-08-03 01:00:00+00:00,80.4000015258789,80.80999755859375,80.36000061035156,80.62999725341797,2517
2026-08-03 01:30:00+00:00,80.11000061035156,80.5999984741211,80.0199966430664,80.4000015258789,2443
2026-08-03 02:00:00+00:00,80.13999938964844,80.27999877929688,79.9000015258789,80.12000274658203,1712
2026-08-03 02:30:00+00:00,79.69999694824219,80.37000274658203,79.55999755859375,80.12000274658203,2532
2026-08-03 03:00:00+00:00,79.88999938964844,79.9800033569336,79.62999725341797,79.69000244140625,1310
2026-08-03 03:30:00+00:00,79.79000091552734,80.16000366210938,79.77999877929688,79.87999725341797,1898
2026-08-03 04:00:00+00:00,79.66000366210938,79.83000183105469,79.58999633789062,79.75,1053
2026-08-03 04:30:00+00:00,79.5199966430664,79.80999755859375,79.5,79.66999816894531,871
2026-08-03 05:00:00+00:00,79.45999908447266,79.58999633789062,79.37999725341797,79.51000213623047,1005
2026-08-03 05:30:00+00:00,79.63999938964844,79.9000015258789,79.37999725341797,79.44999694824219,1520
2026-08-03 06:00:00+00:00,79.25,79.72000122070312,79.19999694824219,79.6500015258789,2157
2026-08-03 06:30:00+00:00,79.0999984741211,79.37000274658203,78.87000274658203,79.25,3216
2026-08-03 07:00:00+00:00,79.70999908447266,80.41999816894531,79.05999755859375,79.08999633789062,8154
2026-08-03 07:30:00+00:00,79.66999816894531,80.05000305175781,79.33999633789062,79.73999786376953,3976
2026-08-03 08:00:00+00:00,79.79000091552734,80.05000305175781,79.55000305175781,79.68000030517578,4983
2026-08-03 08:30:00+00:00,80.2699966430664,80.66000366210938,79.72000122070312,79.7699966430664,5040
2026-08-03 09:00:00+00:00,79.80000305175781,80.31999969482422,79.66000366210938,80.2699966430664,3196
2026-08-03 09:30:00+00:00,80.05000305175781,80.06999969482422,79.47000122070312,79.80000305175781,5372
2026-08-03 10:00:00+00:00,79.72000122070312,80.04000091552734,79.52999877929688,80.04000091552734,3005
2026-08-03 10:30:00+00:00,79.5,79.76000213623047,79.30999755859375,79.7300033569336,2725
2026-08-03 11:00:00+00:00,79.8499984741211,79.87999725341797,79.3499984741211,79.51000213623047,3765
2026-08-03 11:30:00+00:00,79.04000091552734,79.87999725341797,79.0,79.83000183105469,4993
2026-08-03 12:00:00+00:00,79.12000274658203,79.20999908447266,78.81999969482422,79.04000091552734,6591
2026-08-03 12:30:00+00:00,79.0199966430664,79.38999938964844,78.83000183105469,79.12000274658203,7745
2026-08-03 13:00:00+00:00,79.29000091552734,79.4000015258789,78.62000274658203,79.01000213623047,13090
2026-08-03 13:30:00+00:00,79.12999725341797,79.38999938964844,78.43000030517578,79.29000091552734,12692
2026-08-03 14:00:00+00:00,79.2300033569336,79.44000244140625,79.02999877929688,79.12999725341797,10469
2026-08-03 14:30:00+00:00,79.66999816894531,79.66999816894531,79.2300033569336,79.23999786376953,9483
2026-08-03 15:00:00+00:00,80.0,80.16000366210938,79.4000015258789,79.66999816894531,13423
2026-08-03 15:30:00+00:00,79.63999938964844,80.0,79.38999938964844,79.98999786376953,9199
2026-08-03 16:00:00+00:00,79.4800033569336,79.79000091552734,79.2699966430664,79.62999725341797,9064
2026-08-03 16:30:00+00:00,79.58000183105469,79.9000015258789,79.41000366210938,79.47000122070312,9382
2026-08-03 17:00:00+00:00,80.0199966430664,80.22000122070312,79.55999755859375,79.58000183105469,15190
2026-08-03 17:30:00+00:00,80.01000213623047,80.30999755859375,79.8499984741211,80.01000213623047,10332
2026-08-03 18:00:00+00:00,80.36000061035156,80.41000366210938,79.45999908447266,80.0,29782
2026-08-03 18:30:00+00:00,80.38999938964844,80.6500015258789,80.18000030517578,80.3499984741211,7168
2026-08-03 19:00:00+00:00,80.45999908447266,80.5999984741211,80.22000122070312,80.38999938964844,3615
2026-08-03 19:30:00+00:00,80.12999725341797,80.48999786376953,80.12000274658203,80.47000122070312,3673
2026-08-03 20:00:00+00:00,80.0999984741211,80.23999786376953,80.04000091552734,80.1500015258789,1398
2026-08-03 20:30:00+00:00,80.05999755859375,80.08999633789062,79.8499984741211,80.08999633789062,1486
2026-08-03 22:00:00+00:00,80.0,80.0999984741211,79.94999694824219,80.0999984741211,349
2026-08-03 22:30:00+00:00,80.08000183105469,80.16000366210938,79.62000274658203,80.0,1427
2026-08-03 23:00:00+00:00,79.8499984741211,80.30999755859375,79.83000183105469,80.0999984741211,634
2026-08-03 23:30:00+00:00,80.23999786376953,80.3499984741211,79.81999969482422,79.86000061035156,846
2026-08-04 00:00:00+00:00,80.6500015258789,80.83999633789062,80.2300033569336,80.23999786376953,1842
2026-08-04 00:30:00+00:00,81.01000213623047,81.18000030517578,80.58999633789062,80.6500015258789,2676
2026-08-04 01:00:00+00:00,80.86000061035156,81.22000122070312,80.6500015258789,81.0199966430664,1747
2026-08-04 01:30:00+00:00,80.9800033569336,81.08999633789062,80.75,80.87999725341797,1491
2026-08-04 02:00:00+00:00,81.05000305175781,81.08000183105469,80.77999877929688,80.98999786376953,830
2026-08-04 02:30:00+00:00,81.18000030517578,81.2699966430664,81.0,81.02999877929688,1084
2026-08-04 03:00:00+00:00,80.97000122070312,81.27999877929688,80.94999694824219,81.1500015258789,1282
2026-08-04 03:30:00+00:00,81.19000244140625,81.25,80.86000061035156,80.94999694824219,808
2026-08-04 04:00:00+00:00,81.06999969482422,81.2699966430664,81.06999969482422,81.19000244140625,659
2026-08-04 04:30:00+00:00,81.2300033569336,81.30000305175781,81.05999755859375,81.08000183105469,457
2026-08-04 05:00:00+00:00,81.30999755859375,81.44000244140625,81.16999816894531,81.22000122070312,766
2026-08-04 05:30:00+00:00,80.9000015258789,81.44999694824219,80.87000274658203,81.33999633789062,1519
2026-08-04 06:00:00+00:00,80.81999969482422,81.08000183105469,80.7300033569336,80.87999725341797,1645
2026-08-04 06:30:00+00:00,80.44999694824219,80.9800033569336,80.41000366210938,80.80999755859375,2030
2026-08-04 07:00:00+00:00,80.95999908447266,81.0199966430664,80.20999908447266,80.44000244140625,3696
2026-08-04 07:30:00+00:00,80.73999786376953,81.04000091552734,80.69000244140625,80.97000122070312,2984
2026-08-04 08:00:00+00:00,80.77999877929688,80.97000122070312,80.44999694824219,80.7699966430664,4104
2026-08-04 08:30:00+00:00,82.0999984741211,82.27999877929688,80.7699966430664,80.7699966430664,9127
2026-08-04 09:00:00+00:00,82.05000305175781,82.31999969482422,82.02999877929688,82.12000274658203,5104
2026-08-04 09:30:00+00:00,81.8499984741211,82.33000183105469,81.70999908447266,82.05999755859375,6336
2026-08-04 10:00:00+00:00,81.98999786376953,82.0199966430664,81.48999786376953,81.83000183105469,5579
2026-08-04 10:30:00+00:00,80.83000183105469,81.97000122070312,80.5199966430664,81.97000122070312,12225
2026-08-04 11:00:00+00:00,79.6500015258789,80.95999908447266,79.62000274658203,80.83000183105469,10016
2026-08-04 11:30:00+00:00,76.66999816894531,79.98999786376953,76.58000183105469,79.62999725341797,32577
2026-08-04 12:00:00+00:00,77.9000015258789,78.12000274658203,76.66000366210938,76.66999816894531,19397
2026-08-04 12:30:00+00:00,77.51000213623047,78.08000183105469,77.22000122070312,77.87999725341797,9937
2026-08-04 13:00:00+00:00,76.45999908447266,77.86000061035156,76.25,77.48999786376953,24453
2026-08-04 13:30:00+00:00,75.97000122070312,76.61000061035156,75.7699966430664,76.47000122070312,20094
2026-08-04 14:00:00+00:00,76.45999908447266,76.47000122070312,75.79000091552734,75.9800033569336,14318
2026-08-04 14:30:00+00:00,76.9000015258789,77.0199966430664,76.12999725341797,76.47000122070312,15119
2026-08-04 15:00:00+00:00,76.30999755859375,77.05999755859375,76.29000091552734,76.91000366210938,10255
2026-08-04 15:30:00+00:00,75.73999786376953,76.4000015258789,75.16000366210938,76.30999755859375,24949
2026-08-04 16:00:00+00:00,76.0199966430664,76.2699966430664,75.69999694824219,75.73999786376953,11460
2026-08-04 16:30:00+00:00,76.19999694824219,76.31999969482422,76.01000213623047,76.02999877929688,6143
2026-08-04 17:00:00+00:00,75.94000244140625,76.2699966430664,75.58000183105469,76.19999694824219,8892
2026-08-04 17:30:00+00:00,75.88999938964844,76.0,75.56999969482422,75.94000244140625,6616
2026-08-04 18:00:00+00:00,75.7300033569336,75.9800033569336,75.54000091552734,75.88999938964844,25554
2026-08-04 18:30:00+00:00,75.80000305175781,75.91999816894531,75.62999725341797,75.7300033569336,4183
2026-08-04 19:00:00+00:00,75.73999786376953,75.9000015258789,75.68000030517578,75.79000091552734,3795
2026-08-04 19:30:00+00:00,75.79000091552734,76.01000213623047,75.66000366210938,75.7300033569336,3060
2026-08-04 20:00:00+00:00,75.41000366210938,75.83999633789062,75.19000244140625,75.79000091552734,3619
2026-08-04 20:30:00+00:00,75.13999938964844,75.63999938964844,75.11000061035156,75.38999938964844,3939
2026-08-04 22:00:00+00:00,75.31999969482422,75.44000244140625,75.13999938964844,75.16999816894531,323
2026-08-04 22:30:00+00:00,75.3499984741211,75.4000015258789,75.16000366210938,75.31999969482422,851
2026-08-04 23:00:00+00:00,75.12999725341797,75.38999938964844,75.06999969482422,75.33999633789062,738
2026-08-04 23:30:00+00:00,75.2300033569336,75.30000305175781,75.08999633789062,75.13999938964844,531
2026-08-05 00:00:00+00:00,75.37999725341797,75.41999816894531,74.30000305175781,75.22000122070312,3714
2026-08-05 00:30:00+00:00,75.38999938964844,75.5,75.29000091552734,75.38999938964844,1379
2026-08-05 01:00:00+00:00,76.0,76.02999877929688,75.37999725341797,75.37999725341797,2707
2026-08-05 01:30:00+00:00,75.9800033569336,76.05999755859375,75.83999633789062,75.98999786376953,1201
2026-08-05 02:00:00+00:00,74.87999725341797,76.02999877929688,74.73999786376953,75.95999908447266,4217
2026-08-05 02:30:00+00:00,74.73999786376953,74.91999816894531,74.23999786376953,74.87000274658203,4491
2026-08-05 03:00:00+00:00,74.72000122070312,74.7699966430664,74.44999694824219,74.7300033569336,1460
2026-08-05 03:30:00+00:00,74.58000183105469,74.8499984741211,74.44999694824219,74.69999694824219,1588
2026-08-05 04:00:00+00:00,74.97000122070312,75.08999633789062,74.5,74.56999969482422,1737
2026-08-05 04:30:00+00:00,75.1500015258789,75.29000091552734,74.91000366210938,74.97000122070312,1169
2026-08-05 05:00:00+00:00,75.22000122070312,75.33000183105469,75.06999969482422,75.16999816894531,1097
2026-08-05 05:30:00+00:00,75.04000091552734,75.2300033569336,74.75,75.22000122070312,1809
2026-08-05 06:00:00+00:00,75.18000030517578,75.41999816894531,74.94000244140625,75.05999755859375,2280
2026-08-05 06:30:00+00:00,75.0199966430664,75.4800033569336,75.0,75.16999816894531,2234
2026-08-05 07:00:00+00:00,76.11000061035156,76.13999938964844,74.87999725341797,75.02999877929688,6063
2026-08-05 07:30:00+00:00,76.01000213623047,76.27999877929688,75.86000061035156,76.0999984741211,4820
2026-08-05 08:00:00+00:00,76.0199966430664,76.31999969482422,75.87999725341797,76.01000213623047,6256
2026-08-05 08:30:00+00:00,76.23999786376953,76.38999938964844,75.8499984741211,76.0199966430664,4750
2026-08-05 09:00:00+00:00,76.27999877929688,76.4000015258789,75.83999633789062,76.20999908447266,3808
2026-08-05 09:30:00+00:00,76.51000213623047,76.55000305175781,76.12000274658203,76.26000213623047,2614
2026-08-05 10:00:00+00:00,76.63999938964844,76.69999694824219,76.33000183105469,76.5199966430664,2838
2026-08-05 10:30:00+00:00,76.2300033569336,76.68000030517578,76.13999938964844,76.63999938964844,3226
2026-08-05 11:00:00+00:00,76.19999694824219,76.38999938964844,75.9800033569336,76.23999786376953,2694
2026-08-05 11:30:00+00:00,76.05999755859375,76.2300033569336,75.80999755859375,76.19999694824219,4970
2026-08-05 12:00:00+00:00,76.37000274658203,76.37999725341797,75.80000305175781,76.05000305175781,6591
2026-08-05 12:30:00+00:00,76.5199966430664,76.5999984741211,76.05999755859375,76.36000061035156,6054
2026-08-05 13:00:00+00:00,75.8499984741211,76.54000091552734,75.66999816894531,76.52999877929688,10516
2026-08-05 13:30:00+00:00,75.5,75.87999725341797,74.93000030517578,75.83999633789062,18453
2026-08-05 14:00:00+00:00,74.95999908447266,75.58000183105469,74.6500015258789,75.51000213623047,18839
2026-08-05 14:30:00+00:00,75.13999938964844,75.36000061035156,74.79000091552734,74.9800033569336,11053
2026-08-05 15:00:00+00:00,75.16000366210938,75.81999969482422,74.52999877929688,75.1500015258789,15992
2026-08-05 15:30:00+00:00,75.58999633789062,75.62999725341797,75.05999755859375,75.16000366210938,8567
2026-08-05 16:00:00+00:00,75.63999938964844,75.77999877929688,75.44999694824219,75.58999633789062,5494
2026-08-05 16:30:00+00:00,74.91000366210938,75.69000244140625,74.72000122070312,75.63999938964844,8967
2026-08-05 17:00:00+00:00,74.52999877929688,75.0199966430664,74.44999694824219,74.9000015258789,10685
2026-08-05 17:30:00+00:00,74.87000274658203,74.88999938964844,74.44999694824219,74.5199966430664,6805
2026-08-05 18:00:00+00:00,75.18000030517578,75.41000366210938,74.8499984741211,74.87999725341797,20262
2026-08-05 18:30:00+00:00,75.33000183105469,75.43000030517578,75.05000305175781,75.18000030517578,4164
2026-08-05 19:00:00+00:00,75.26000213623047,75.37999725341797,75.12000274658203,75.31999969482422,2007
2026-08-05 19:30:00+00:00,75.18000030517578,75.2699966430664,75.01000213623047,75.26000213623047,1458
2026-08-05 20:00:00+00:00,75.08000183105469,75.16000366210938,74.87000274658203,75.16000366210938,1870
2026-08-05 20:30:00+00:00,75.05999755859375,75.12999725341797,74.91999816894531,75.11000061035156,1282
2026-08-05 21:00:00+00:00,75.08000183105469,75.08000183105469,75.08000183105469,75.08000183105469,1
2026-08-05 22:00:00+00:00,75.0999984741211,75.2699966430664,74.88999938964844,75.13999938964844,434
2026-08-05 22:30:00+00:00,75.05000305175781,75.18000030517578,75.0199966430664,75.08999633789062,224
2026-08-05 23:00:00+00:00,75.05000305175781,75.0999984741211,74.91000366210938,75.04000091552734,285
2026-08-05 23:30:00+00:00,74.87000274658203,75.05000305175781,74.83999633789062,75.04000091552734,266
2026-08-06 00:00:00+00:00,75.0,75.02999877929688,74.63999938964844,74.88999938964844,1007
2026-08-06 00:30:00+00:00,74.94999694824219,75.16000366210938,74.73999786376953,74.95999908447266,1156
2026-08-06 01:00:00+00:00,75.72000122070312,76.04000091552734,74.91000366210938,74.94999694824219,4368
2026-08-06 01:30:00+00:00,75.76000213623047,75.88999938964844,75.61000061035156,75.72000122070312,1976
2026-08-06 02:00:00+00:00,75.4800033569336,75.80000305175781,75.43000030517578,75.7300033569336,1029
2026-08-06 02:30:00+00:00,75.4800033569336,75.69000244140625,75.41999816894531,75.51000213623047,774
2026-08-06 03:00:00+00:00,75.23999786376953,75.55999755859375,75.18000030517578,75.45999908447266,867
2026-08-06 03:30:00+00:00,74.98999786376953,75.25,74.91000366210938,75.23999786376953,1064
2026-08-06 04:00:00+00:00,74.75,74.94999694824219,74.69000244140625,74.9000015258789,1024
2026-08-06 04:30:00+00:00,74.80999755859375,74.83999633789062,74.61000061035156,74.75,1251
2026-08-06 05:00:00+00:00,74.66000366210938,74.97000122070312,74.62999725341797,74.80999755859375,895
2026-08-06 05:30:00+00:00,74.87000274658203,74.94999694824219,74.56999969482422,74.6500015258789,1323
2026-08-06 06:00:00+00:00,75.23999786376953,75.4800033569336,74.83999633789062,74.88999938964844,1988
2026-08-06 06:30:00+00:00,75.2699966430664,75.63999938964844,75.22000122070312,75.23999786376953,2201
2026-08-06 07:00:00+00:00,75.16999816894531,75.44000244140625,74.9800033569336,75.2699966430664,2632
2026-08-06 07:30:00+00:00,75.41999816894531,75.52999877929688,75.16000366210938,75.16999816894531,2097
2026-08-06 08:00:00+00:00,75.16000366210938,75.80000305175781,75.08000183105469,75.41999816894531,5434
2026-08-06 08:30:00+00:00,75.16999816894531,75.33000183105469,74.9000015258789,75.13999938964844,4029
2026-08-06 09:00:00+00:00,75.19000244140625,75.5199966430664,75.11000061035156,75.16999816894531,2455
2026-08-06 09:30:00+00:00,75.13999938964844,75.4800033569336,75.06999969482422,75.16999816894531,1430
2026-08-06 10:00:00+00:00,75.75,75.95999908447266,75.12000274658203,75.1500015258789,3447
2026-08-06 10:30:00+00:00,75.88999938964844,76.05000305175781,75.70999908447266,75.75,2973
2026-08-06 11:00:00+00:00,75.8499984741211,76.0,75.75,75.87999725341797,1989
2026-08-06 11:30:00+00:00,75.69000244140625,76.2300033569336,75.68000030517578,75.83999633789062,5187
2026-08-06 12:00:00+00:00,76.20999908447266,76.33000183105469,75.61000061035156,75.69000244140625,6933
2026-08-06 12:30:00+00:00,76.22000122070312,76.43000030517578,76.11000061035156,76.22000122070312,6247
2026-08-06 13:00:00+00:00,76.19999694824219,76.83999633789062,76.12999725341797,76.22000122070312,13348
2026-08-06 13:30:00+00:00,76.12000274658203,76.29000091552734,75.9000015258789,76.20999908447266,8766
2026-08-06 14:00:00+00:00,76.37999725341797,76.44999694824219,75.94000244140625,76.12999725341797,5000
2026-08-06 14:30:00+00:00,76.58000183105469,76.76000213623047,76.19000244140625,76.41000366210938,9337
2026-08-06 15:00:00+00:00,76.83999633789062,77.19000244140625,76.51000213623047,76.58999633789062,12965
2026-08-06 15:30:00+00:00,77.75,78.1500015258789,76.7699966430664,76.83999633789062,18912
2026-08-06 16:00:00+00:00,77.69000244140625,78.05999755859375,77.58000183105469,77.73999786376953,11545
2026-08-06 16:30:00+00:00,77.87999725341797,78.08999633789062,77.5999984741211,77.69999694824219,8000
2026-08-06 17:00:00+00:00,77.63999938964844,77.9000015258789,77.58000183105469,77.87999725341797,7892
2026-08-06 17:30:00+00:00,77.30999755859375,77.69000244140625,77.13999938964844,77.62000274658203,9261
2026-08-06 18:00:00+00:00,77.2699966430664,77.48999786376953,77.11000061035156,77.30999755859375,20429
2026-08-06 18:30:00+00:00,77.4000015258789,77.44000244140625,77.1500015258789,77.27999877929688,4543
2026-08-06 19:00:00+00:00,78.13999938964844,78.33000183105469,77.41000366210938,77.41000366210938,6680
2026-08-06 19:30:00+00:00,77.72000122070312,78.29000091552734,77.41000366210938,78.16000366210938,5590
2026-08-06 20:00:00+00:00,78.08999633789062,78.18000030517578,77.61000061035156,77.68000030517578,2649
2026-08-06 20:30:00+00:00,78.2300033569336,78.51000213623047,77.9800033569336,78.08999633789062,3123
2026-08-06 22:00:00+00:00,78.08000183105469,78.20999908447266,77.80000305175781,78.16999816894531,716
2026-08-06 22:30:00+00:00,78.11000061035156,78.1500015258789,78.02999877929688,78.06999969482422,377
2026-08-06 23:00:00+00:00,78.05999755859375,78.12999725341797,78.01000213623047,78.12000274658203,330
2026-08-06 23:30:00+00:00,77.98999786376953,78.11000061035156,77.94999694824219,78.05999755859375,386
2026-08-07 00:00:00+00:00,78.26000213623047,78.3499984741211,77.9000015258789,77.9800033569336,1862
2026-08-07 00:30:00+00:00,77.94000244140625,78.41999816894531,77.87000274658203,78.2699966430664,1642
2026-08-07 01:00:00+00:00,77.86000061035156,78.02999877929688,77.7300033569336,77.94000244140625,1303
2026-08-07 01:30:00+00:00,77.91999816894531,78.0,77.73999786376953,77.83999633789062,581
2026-08-07 02:00:00+00:00,78.0999984741211,78.16999816894531,77.91999816894531,77.91999816894531,795
2026-08-07 02:30:00+00:00,78.0,78.20999908447266,77.9800033569336,78.11000061035156,603
2026-08-07 03:00:00+00:00,78.05999755859375,78.26000213623047,77.9000015258789,78.01000213623047,822
2026-08-07 03:30:00+00:00,78.05000305175781,78.0999984741211,77.97000122070312,78.05999755859375,509
2026-08-07 04:00:00+00:00,78.6500015258789,78.72000122070312,77.98999786376953,78.05000305175781,2878
2026-08-07 04:30:00+00:00,78.31999969482422,78.7699966430664,78.2300033569336,78.63999938964844,1985
2026-08-07 05:00:00+00:00,78.31999969482422,78.36000061035156,78.22000122070312,78.33000183105469,502
2026-08-07 05:30:00+00:00,78.05999755859375,78.38999938964844,78.05999755859375,78.3499984741211,1128
2026-08-07 06:00:00+00:00,77.5999984741211,78.1500015258789,77.58000183105469,78.05999755859375,2137
2026-08-07 06:30:00+00:00,77.87000274658203,78.12000274658203,77.55999755859375,77.58000183105469,1858
2026-08-07 07:00:00+00:00,77.55999755859375,78.05000305175781,77.5199966430664,77.87999725341797,1952
2026-08-07 07:30:00+00:00,77.76000213623047,77.94999694824219,77.51000213623047,77.55999755859375,1982
2026-08-07 08:00:00+00:00,77.8499984741211,77.9800033569336,77.45999908447266,77.7699966430664,4185
2026-08-07 08:30:00+00:00,77.73999786376953,78.04000091552734,77.5999984741211,77.86000061035156,2927
2026-08-07 09:00:00+00:00,77.5199966430664,77.83999633789062,77.51000213623047,77.75,1936
2026-08-07 09:30:00+00:00,77.25,77.55000305175781,77.08999633789062,77.54000091552734,4168
2026-08-07 10:00:00+00:00,77.0999984741211,77.31999969482422,76.91000366210938,77.23999786376953,4963
2026-08-07 10:30:00+00:00,76.81999969482422,77.0999984741211,76.79000091552734,77.0999984741211,3263
2026-08-07 11:00:00+00:00,76.77999877929688,77.08000183105469,76.70999908447266,76.83000183105469,3674
2026-08-07 11:30:00+00:00,76.73999786376953,76.8499984741211,76.56999969482422,76.77999877929688,3201
2026-08-07 12:00:00+00:00,77.37000274658203,77.52999877929688,76.62999725341797,76.75,8263
2026-08-07 12:30:00+00:00,76.73999786376953,77.37999725341797,76.58000183105469,77.37999725341797,8477
2026-08-07 13:00:00+00:00,76.93000030517578,77.12999725341797,76.52999877929688,76.7300033569336,9103
2026-08-07 13:30:00+00:00,77.33999633789062,77.33999633789062,76.8499984741211,76.94000244140625,6610
2026-08-07 14:00:00+00:00,77.66000366210938,77.97000122070312,77.18000030517578,77.31999969482422,10819
2026-08-07 14:30:00+00:00,78.08999633789062,78.0999984741211,77.41999816894531,77.66000366210938,6932
2026-08-07 15:00:00+00:00,78.16000366210938,78.43000030517578,77.97000122070312,78.08999633789062,12620
2026-08-07 15:30:00+00:00,78.4000015258789,78.48999786376953,77.94999694824219,78.16000366210938,7744
2026-08-07 16:00:00+00:00,78.4000015258789,78.5,78.16999816894531,78.41000366210938,7875
2026-08-07 16:30:00+00:00,78.36000061035156,78.45999908447266,78.13999938964844,78.41000366210938,5607
2026-08-07 17:00:00+00:00,78.0,78.37000274658203,77.88999938964844,78.37000274658203,9810
2026-08-07 17:30:00+00:00,78.08000183105469,78.12999725341797,77.72000122070312,78.0,8761
2026-08-07 18:00:00+00:00,78.16999816894531,78.37000274658203,77.93000030517578,78.06999969482422,29593
2026-08-07 18:30:00+00:00,78.11000061035156,78.30000305175781,78.01000213623047,78.18000030517578,4765
2026-08-07 19:00:00+00:00,76.9000015258789,78.11000061035156,76.81999969482422,78.11000061035156,8413
2026-08-07 19:30:00+00:00,77.02999877929688,77.06999969482422,76.83000183105469,76.87999725341797,4661
2026-08-07 20:00:00+00:00,77.04000091552734,77.13999938964844,76.83999633789062,77.01000213623047,1951
2026-08-07 20:30:00+00:00,78.18000030517578,78.18000030517578,77.01000213623047,77.04000091552734,1511
2026-08-09 22:00:00+00:00,78.87000274658203,79.2699966430664,78.7699966430664,79.2300033569336,1780
2026-08-09 22:30:00+00:00,78.8499984741211,78.91000366210938,78.55999755859375,78.87000274658203,1670
2026-08-09 23:00:00+00:00,78.73999786376953,78.86000061035156,78.5999984741211,78.8499984741211,783
2026-08-09 23:30:00+00:00,78.7699966430664,78.93000030517578,78.70999908447266,78.75,582
2026-08-10 00:00:00+00:00,78.87000274658203,78.91000366210938,78.5,78.76000213623047,1222
2026-08-10 00:30:00+00:00,78.66000366210938,78.95999908447266,78.62000274658203,78.9000015258789,1294
2026-08-10 01:00:00+00:00,78.95999908447266,79.05000305175781,78.18000030517578,78.6500015258789,2609
2026-08-10 01:30:00+00:00,78.87999725341797,79.16000366210938,78.80000305175781,78.95999908447266,1137
2026-08-10 02:00:00+00:00,78.69999694824219,79.01000213623047,78.66000366210938,78.87999725341797,589
2026-08-10 02:30:00+00:00,78.81999969482422,78.91000366210938,78.58999633789062,78.68000030517578,638
2026-08-10 03:00:00+00:00,78.6500015258789,78.86000061035156,78.55000305175781,78.8499984741211,477
2026-08-10 03:30:00+00:00,78.80999755859375,78.8499984741211,78.6500015258789,78.6500015258789,547
2026-08-10 04:00:00+00:00,78.77999877929688,78.87000274658203,78.69000244140625,78.79000091552734,329
2026-08-10 04:30:00+00:00,78.44999694824219,78.7699966430664,78.33000183105469,78.7699966430664,1121
2026-08-10 05:00:00+00:00,78.44000244140625,78.61000061035156,78.37999725341797,78.45999908447266,1202
2026-08-10 05:30:00+00:00,77.83000183105469,78.5,77.80000305175781,78.45999908447266,1925
2026-08-10 06:00:00+00:00,78.05000305175781,78.31999969482422,77.79000091552734,77.83000183105469,1878
2026-08-10 06:30:00+00:00,77.93000030517578,78.20999908447266,77.83999633789062,78.04000091552734,1657
2026-08-10 07:00:00+00:00,78.05000305175781,78.6500015258789,77.88999938964844,77.93000030517578,3297
2026-08-10 07:30:00+00:00,78.19999694824219,78.36000061035156,77.81999969482422,78.05000305175781,3401
2026-08-10 08:00:00+00:00,78.52999877929688,78.62999725341797,78.18000030517578,78.19999694824219,2967
2026-08-10 08:30:00+00:00,79.12999725341797,79.36000061035156,78.38999938964844,78.52999877929688,5278
2026-08-10 09:00:00+00:00,78.76000213623047,79.13999938964844,78.66000366210938,79.12999725341797,2892
2026-08-10 09:30:00+00:00,79.0199966430664,79.12999725341797,78.69999694824219,78.76000213623047,1845
2026-08-10 10:00:00+00:00,78.80999755859375,79.05000305175781,78.44000244140625,79.0199966430664,2407
2026-08-10 10:30:00+00:00,79.47000122070312,79.58999633789062,78.76000213623047,78.81999969482422,4610
2026-08-10 11:00:00+00:00,79.08000183105469,79.5999984741211,78.97000122070312,79.4800033569336,3330
2026-08-10 11:30:00+00:00,79.56999969482422,79.63999938964844,79.01000213623047,79.08000183105469,5470
2026-08-10 12:00:00+00:00,79.30000305175781,79.63999938964844,79.2699966430664,79.58000183105469,4373
2026-08-10 12:30:00+00:00,79.7300033569336,79.9800033569336,79.30000305175781,79.30999755859375,6617
2026-08-10 13:00:00+00:00,79.66999816894531,79.7300033569336,79.16999816894531,79.7300033569336,9962
2026-08-10 13:30:00+00:00,80.86000061035156,80.9800033569336,79.62000274658203,79.66000366210938,17552
2026-08-10 14:00:00+00:00,80.31999969482422,80.9000015258789,80.30000305175781,80.86000061035156,9823
2026-08-10 14:30:00+00:00,80.80000305175781,80.91000366210938,80.27999877929688,80.33000183105469,8042
2026-08-10 15:00:00+00:00,81.18000030517578,81.30000305175781,80.66000366210938,80.77999877929688,12415
2026-08-10 15:30:00+00:00,81.02999877929688,81.4000015258789,81.02999877929688,81.19000244140625,9211
2026-08-10 16:00:00+00:00,81.13999938964844,81.2300033569336,80.81999969482422,81.04000091552734,7474
2026-08-10 16:30:00+00:00,81.41000366210938,81.62000274658203,81.05999755859375,81.1500015258789,10991
2026-08-10 17:00:00+00:00,81.61000061035156,81.66000366210938,81.43000030517578,81.43000030517578,9909
2026-08-10 17:30:00+00:00,81.94999694824219,81.95999908447266,81.5199966430664,81.61000061035156,11617
2026-08-10 18:00:00+00:00,82.16999816894531,82.31999969482422,81.76000213623047,81.94999694824219,35777
2026-08-10 18:30:00+00:00,81.9000015258789,82.30000305175781,81.87000274658203,82.16999816894531,8847
2026-08-10 19:00:00+00:00,81.9800033569336,81.98999786376953,81.66000366210938,81.9000015258789,3793
2026-08-10 19:30:00+00:00,82.13999938964844,82.1500015258789,81.94999694824219,81.97000122070312,2903
2026-08-10 20:00:00+00:00,82.29000091552734,82.33999633789062,82.08999633789062,82.13999938964844,2551
2026-08-10 20:30:00+00:00,82.30000305175781,82.37999725341797,82.23999786376953,82.2699966430664,1745
2026-08-10 22:00:00+00:00,82.13999938964844,82.3499984741211,82.05999755859375,82.3499984741211,799
2026-08-10 22:30:00+00:00,82.12999725341797,82.19000244140625,82.06999969482422,82.16000366210938,221
2026-08-10 23:00:00+00:00,82.08000183105469,82.12999725341797,81.9800033569336,82.12999725341797,356
2026-08-10 23:30:00+00:00,82.12000274658203,82.18000030517578,82.06999969482422,82.06999969482422,278
2026-08-11 00:00:00+00:00,82.19000244140625,82.30999755859375,82.0199966430664,82.11000061035156,1433
2026-08-11 00:30:00+00:00,82.20999908447266,82.44999694824219,82.13999938964844,82.19999694824219,1594
2026-08-11 01:00:00+00:00,82.18000030517578,82.37999725341797,82.0,82.22000122070312,1974
2026-08-11 01:30:00+00:00,82.41000366210938,82.5199966430664,82.16999816894531,82.16999816894531,1561
2026-08-11 02:00:00+00:00,82.29000091552734,82.44000244140625,82.23999786376953,82.41000366210938,611
2026-08-11 02:30:00+00:00,82.33999633789062,82.44000244140625,82.16000366210938,82.30000305175781,958
2026-08-11 03:00:00+00:00,82.23999786376953,82.41000366210938,82.23999786376953,82.3499984741211,519
2026-08-11 03:30:00+00:00,82.12000274658203,82.23999786376953,82.0999984741211,82.23999786376953,478
2026-08-11 04:00:00+00:00,82.01000213623047,82.0999984741211,81.91000366210938,82.0999984741211,858
2026-08-11 04:30:00+00:00,82.23999786376953,82.31999969482422,81.97000122070312,82.01000213623047,820
2026-08-11 05:00:00+00:00,82.4000015258789,82.55000305175781,82.22000122070312,82.25,1058
2026-08-11 05:30:00+00:00,82.47000122070312,82.55000305175781,82.16000366210938,82.4000015258789,1701
2026-08-11 06:00:00+00:00,82.80999755859375,82.80999755859375,82.30999755859375,82.45999908447266,2749
2026-08-11 06:30:00+00:00,83.45999908447266,83.7300033569336,82.73999786376953,82.81999969482422,8412
2026-08-11 07:00:00+00:00,83.72000122070312,83.9800033569336,83.2300033569336,83.47000122070312,7601
2026-08-11 07:30:00+00:00,83.95999908447266,84.05000305175781,83.63999938964844,83.72000122070312,3663
2026-08-11 08:00:00+00:00,84.36000061035156,84.45999908447266,83.7300033569336,83.97000122070312,7319
2026-08-11 08:30:00+00:00,84.52999877929688,84.54000091552734,84.19000244140625,84.36000061035156,4670
2026-08-11 09:00:00+00:00,84.22000122070312,84.61000061035156,84.19999694824219,84.54000091552734,4523
2026-08-11 09:30:00+00:00,84.2300033569336,84.44999694824219,83.97000122070312,84.22000122070312,5274
2026-08-11 10:00:00+00:00,83.62000274658203,84.3499984741211,83.37000274658203,84.19999694824219,5931
2026-08-11 10:30:00+00:00,83.48999786376953,83.83999633789062,83.26000213623047,83.62000274658203,5561
2026-08-11 11:00:00+00:00,82.30999755859375,83.5,81.66000366210938,83.4800033569336,17867
2026-08-11 11:30:00+00:00,82.16000366210938,82.4800033569336,81.86000061035156,82.30999755859375,6590
2026-08-11 12:00:00+00:00,82.4800033569336,82.76000213623047,81.83000183105469,82.1500015258789,9842
2026-08-11 12:30:00+00:00,82.55999755859375,82.62999725341797,82.27999877929688,82.4800033569336,5173
2026-08-11 13:00:00+00:00,81.55000305175781,82.56999969482422,81.44000244140625,82.55000305175781,14752
2026-08-11 13:30:00+00:00,81.62000274658203,81.94999694824219,81.2699966430664,81.54000091552734,10726
2026-08-11 14:00:00+00:00,82.22000122070312,82.27999877929688,81.62000274658203,81.63999938964844,10196
2026-08-11 14:30:00+00:00,82.56999969482422,82.69999694824219,82.0999984741211,82.2300033569336,7843
2026-08-11 15:00:00+00:00,82.58999633789062,82.7300033569336,82.2699966430664,82.55999755859375,9293
2026-08-11 15:30:00+00:00,83.26000213623047,83.3499984741211,82.5999984741211,82.5999984741211,16654
2026-08-11 16:00:00+00:00,82.79000091552734,83.27999877929688,82.79000091552734,83.26000213623047,8683
2026-08-11 16:30:00+00:00,83.13999938964844,83.20999908447266,82.80000305175781,82.80000305175781,7715
2026-08-11 17:00:00+00:00,83.26000213623047,83.3499984741211,82.97000122070312,83.13999938964844,7422
2026-08-11 17:30:00+00:00,83.29000091552734,83.31999969482422,83.0,83.26000213623047,9183
2026-08-11 18:00:00+00:00,83.16999816894531,83.36000061035156,82.91000366210938,83.27999877929688,24829
2026-08-11 18:30:00+00:00,83.16000366210938,83.30000305175781,83.01000213623047,83.16999816894531,5631
2026-08-11 19:00:00+00:00,83.45999908447266,83.45999908447266,83.13999938964844,83.16999816894531,3123
2026-08-11 19:30:00+00:00,83.41999816894531,83.62000274658203,83.31999969482422,83.45999908447266,2569
2026-08-11 20:00:00+00:00,83.37999725341797,83.52999877929688,83.30999755859375,83.43000030517578,2661
2026-08-11 20:30:00+00:00,83.2300033569336,83.5,83.19999694824219,83.38999938964844,2215
2026-08-11 22:00:00+00:00,83.5,83.58999633789062,83.3499984741211,83.48999786376953,838
2026-08-11 22:30:00+00:00,83.5,83.5999984741211,83.43000030517578,83.5,294
2026-08-11 23:00:00+00:00,83.51000213623047,83.55000305175781,83.44999694824219,83.48999786376953,259
2026-08-11 23:30:00+00:00,83.43000030517578,83.51000213623047,83.41000366210938,83.48999786376953,307
2026-08-12 00:00:00+00:00,83.70999908447266,83.79000091552734,83.37999725341797,83.44000244140625,1440
2026-08-12 00:30:00+00:00,83.77999877929688,83.93000030517578,83.66999816894531,83.70999908447266,1859
2026-08-12 01:00:00+00:00,83.91999816894531,84.02999877929688,83.73999786376953,83.80999755859375,1679
2026-08-12 01:30:00+00:00,83.76000213623047,84.0,83.69000244140625,83.91000366210938,1202
2026-08-12 02:00:00+00:00,83.81999969482422,83.91999816894531,83.7699966430664,83.77999877929688,526
2026-08-12 02:30:00+00:00,84.05999755859375,84.1500015258789,83.77999877929688,83.83000183105469,1773
2026-08-12 03:00:00+00:00,84.0199966430664,84.19000244140625,83.94999694824219,84.08000183105469,1041
2026-08-12 03:30:00+00:00,84.25,84.3499984741211,83.91000366210938,84.0199966430664,1329
2026-08-12 04:00:00+00:00,84.0,84.3499984741211,83.9800033569336,84.30000305175781,1612
2026-08-12 04:30:00+00:00,83.69999694824219,84.05000305175781,83.66999816894531,83.98999786376953,1001
2026-08-12 05:00:00+00:00,83.80000305175781,83.93000030517578,83.69999694824219,83.72000122070312,829
2026-08-12 05:30:00+00:00,84.02999877929688,84.0999984741211,83.5199966430664,83.79000091552734,1854
2026-08-12 06:00:00+00:00,83.9000015258789,84.05000305175781,83.7300033569336,84.04000091552734,1766
2026-08-12 06:30:00+00:00,83.73999786376953,83.94000244140625,83.43000030517578,83.87999725341797,2525
2026-08-12 07:00:00+00:00,83.8499984741211,84.04000091552734,83.70999908447266,83.7300033569336,3141
2026-08-12 07:30:00+00:00,83.83999633789062,84.08999633789062,83.76000213623047,83.87000274658203,1972
2026-08-12 08:00:00+00:00,83.44000244140625,83.91999816894531,83.3499984741211,83.83000183105469,4704
2026-08-12 08:30:00+00:00,83.58000183105469,83.7699966430664,83.20999908447266,83.44999694824219,3652
2026-08-12 09:00:00+00:00,82.7699966430664,83.58999633789062,82.66999816894531,83.58000183105469,5508
2026-08-12 09:30:00+00:00,83.0,83.22000122070312,82.45999908447266,82.73999786376953,7108
2026-08-12 10:00:00+00:00,83.1500015258789,83.16000366210938,82.81999969482422,83.0,2658
2026-08-12 10:30:00+00:00,83.4000015258789,83.73999786376953,82.9800033569336,83.13999938964844,7419
2026-08-12 11:00:00+00:00,83.41999816894531,83.63999938964844,83.26000213623047,83.38999938964844,3063
2026-08-12 11:30:00+00:00,83.73999786376953,83.76000213623047,83.16000366210938,83.41999816894531,4000
2026-08-12 12:00:00+00:00,83.77999877929688,83.80999755859375,83.51000213623047,83.73999786376953,4110
2026-08-12 12:30:00+00:00,82.98999786376953,83.9000015258789,82.9800033569336,83.75,6350
2026-08-12 13:00:00+00:00,82.88999938964844,83.06999969482422,82.5999984741211,83.0,8445
2026-08-12 13:30:00+00:00,82.66999816894531,83.06999969482422,82.54000091552734,82.9000015258789,5907
2026-08-12 14:00:00+00:00,82.98999786376953,83.0,82.47000122070312,82.69000244140625,6194
2026-08-12 14:30:00+00:00,83.01000213623047,83.12000274658203,82.4000015258789,83.0,14091
2026-08-12 15:00:00+00:00,83.12000274658203,83.31999969482422,82.9000015258789,83.0,8036
2026-08-12 15:30:00+00:00,83.30999755859375,83.45999908447266,83.0999984741211,83.12999725341797,8799
2026-08-12 16:00:00+00:00,83.12999725341797,83.33999633789062,82.94999694824219,83.33000183105469,8478
2026-08-12 16:30:00+00:00,82.88999938964844,83.26000213623047,82.86000061035156,83.12999725341797,6184
2026-08-12 17:00:00+00:00,83.0,83.37999725341797,82.77999877929688,82.88999938964844,13556
2026-08-12 17:30:00+00:00,83.12999725341797,83.2300033569336,82.9000015258789,83.0,11435
2026-08-12 18:00:00+00:00,83.37000274658203,83.4000015258789,82.80999755859375,83.13999938964844,25999
2026-08-12 18:30:00+00:00,83.19999694824219,83.38999938964844,83.13999938964844,83.37000274658203,5543
2026-08-12 19:00:00+00:00,83.06999969482422,83.22000122070312,83.02999877929688,83.19999694824219,2337
2026-08-12 19:30:00+00:00,83.01000213623047,83.06999969482422,82.87000274658203,83.06999969482422,2157
2026-08-12 20:00:00+00:00,82.87999725341797,83.0199966430664,82.79000091552734,83.0199966430664,1439
2026-08-12 20:30:00+00:00,82.58000183105469,82.87999725341797,82.5,82.86000061035156,2404
2026-08-12 22:00:00+00:00,82.7300033569336,82.8499984741211,82.5999984741211,82.69999694824219,351
2026-08-12 22:30:00+00:00,82.69999694824219,82.7300033569336,82.6500015258789,82.7300033569336,137
2026-08-12 23:00:00+00:00,82.75,82.80000305175781,82.69000244140625,82.70999908447266,172
2026-08-12 23:30:00+00:00,82.66999816894531,82.79000091552734,82.62999725341797,82.76000213623047,266
2026-08-13 00:00:00+00:00,82.36000061035156,82.6500015258789,82.25,82.6500015258789,1524
2026-08-13 00:30:00+00:00,82.08999633789062,82.38999938964844,82.05999755859375,82.36000061035156,1239
2026-08-13 01:00:00+00:00,82.33999633789062,82.33999633789062,81.9000015258789,82.08000183105469,1713
2026-08-13 01:30:00+00:00,82.26000213623047,82.41999816894531,82.1500015258789,82.33999633789062,921
2026-08-13 02:00:00+00:00,82.16999816894531,82.33000183105469,82.08000183105469,82.23999786376953,418
2026-08-13 02:30:00+00:00,82.25,82.30999755859375,82.11000061035156,82.18000030517578,345
2026-08-13 03:00:00+00:00,82.41999816894531,82.44000244140625,82.02999877929688,82.25,753
2026-08-13 03:30:00+00:00,82.62000274658203,82.68000030517578,82.41000366210938,82.41000366210938,759
2026-08-13 04:00:00+00:00,82.97000122070312,82.97000122070312,82.61000061035156,82.61000061035156,1097
2026-08-13 04:30:00+00:00,83.0,83.01000213623047,82.86000061035156,82.97000122070312,982
2026-08-13 05:00:00+00:00,82.98999786376953,83.16000366210938,82.91999816894531,83.01000213623047,1172
2026-08-13 05:30:00+00:00,83.12000274658203,83.2300033569336,82.87999725341797,82.9800033569336,1479
2026-08-13 06:00:00+00:00,83.05999755859375,83.19000244140625,82.94000244140625,83.0999984741211,928
2026-08-13 06:30:00+00:00,82.75,83.30000305175781,82.69999694824219,83.05999755859375,2085
2026-08-13 07:00:00+00:00,82.5999984741211,83.12000274658203,82.56999969482422,82.73999786376953,2312
2026-08-13 07:30:00+00:00,82.20999908447266,82.5999984741211,81.80000305175781,82.58999633789062,5389
2026-08-13 08:00:00+00:00,82.08999633789062,82.45999908447266,81.83000183105469,82.20999908447266,3803
2026-08-13 08:30:00+00:00,81.80999755859375,82.1500015258789,81.63999938964844,82.0999984741211,3123
2026-08-13 09:00:00+00:00,81.7300033569336,81.83000183105469,81.25,81.80000305175781,4367
2026-08-13 09:30:00+00:00,81.87000274658203,81.88999938964844,81.56999969482422,81.7300033569336,2256
2026-08-13 10:00:00+00:00,81.5,82.18000030517578,81.5,81.87000274658203,4965
2026-08-13 10:30:00+00:00,81.44999694824219,81.62000274658203,81.3499984741211,81.48999786376953,2236
2026-08-13 11:00:00+00:00,81.58000183105469,81.6500015258789,81.26000213623047,81.44000244140625,2647
2026-08-13 11:30:00+00:00,81.5999984741211,81.72000122070312,81.41999816894531,81.58999633789062,2236
2026-08-13 12:00:00+00:00,81.5,81.6500015258789,81.08000183105469,81.61000061035156,6914
2026-08-13 12:30:00+00:00,81.20999908447266,81.58999633789062,81.12999725341797,81.51000213623047,5144
2026-08-13 13:00:00+00:00,81.04000091552734,81.3499984741211,80.79000091552734,81.22000122070312,11022
2026-08-13 13:30:00+00:00,80.66000366210938,81.3499984741211,80.30000305175781,81.05000305175781,11736
2026-08-13 14:00:00+00:00,80.80999755859375,80.83000183105469,80.08999633789062,80.63999938964844,15310
2026-08-13 14:30:00+00:00,81.2300033569336,81.29000091552734,80.75,80.81999969482422,9952
2026-08-13 15:00:00+00:00,82.61000061035156,82.7300033569336,81.20999908447266,81.2300033569336,20164
2026-08-13 15:30:00+00:00,82.56999969482422,82.69000244140625,82.04000091552734,82.61000061035156,12863
2026-08-13 16:00:00+00:00,82.30000305175781,82.66999816894531,82.2300033569336,82.56999969482422,6761
2026-08-13 16:30:00+00:00,81.94000244140625,82.31999969482422,81.81999969482422,82.30000305175781,9521
2026-08-13 17:00:00+00:00,81.8499984741211,82.1500015258789,81.83000183105469,81.94000244140625,7296
2026-08-13 17:30:00+00:00,81.80999755859375,82.06999969482422,81.80000305175781,81.8499984741211,7440
2026-08-13 18:00:00+00:00,81.18000030517578,81.80999755859375,81.06999969482422,81.80999755859375,26774
2026-08-13 18:30:00+00:00,81.1500015258789,81.22000122070312,80.86000061035156,81.18000030517578,8272
2026-08-13 19:00:00+00:00,81.22000122070312,81.31999969482422,81.05000305175781,81.16000366210938,2232
2026-08-13 19:30:00+00:00,81.2699966430664,81.3499984741211,81.12000274658203,81.2300033569336,2072
2026-08-13 20:00:00+00:00,81.29000091552734,81.30000305175781,81.06999969482422,81.27999877929688,1734
2026-08-13 20:30:00+00:00,81.20999908447266,81.30999755859375,81.08999633789062,81.2699966430664,1677
2026-08-13 22:00:00+00:00,81.0999984741211,81.2699966430664,81.0199966430664,81.2699966430664,457
2026-08-13 22:30:00+00:00,81.08000183105469,81.13999938964844,81.05000305175781,81.08999633789062,242
2026-08-13 23:00:00+00:00,81.2300033569336,81.2300033569336,81.05999755859375,81.06999969482422,167
2026-08-13 23:30:00+00:00,81.33000183105469,81.36000061035156,81.19999694824219,81.22000122070312,346
2026-08-14 00:00:00+00:00,81.22000122070312,81.44000244140625,81.19000244140625,81.33000183105469,1198
2026-08-14 00:30:00+00:00,81.05999755859375,81.26000213623047,81.04000091552734,81.2300033569336,431
2026-08-14 01:00:00+00:00,81.30000305175781,81.4000015258789,81.0,81.05999755859375,1552
2026-08-14 01:30:00+00:00,80.93000030517578,81.33000183105469,80.81999969482422,81.30999755859375,1110
2026-08-14 02:00:00+00:00,80.80999755859375,80.95999908447266,80.70999908447266,80.91999816894531,1417
2026-08-14 02:30:00+00:00,81.38999938964844,81.4000015258789,80.81999969482422,80.83000183105469,1144
2026-08-14 03:00:00+00:00,81.30999755859375,81.38999938964844,81.19999694824219,81.37999725341797,318
2026-08-14 03:30:00+00:00,81.3499984741211,81.47000122070312,81.30000305175781,81.30999755859375,537
2026-08-14 04:00:00+00:00,81.30000305175781,81.44999694824219,81.19999694824219,81.3499984741211,435
2026-08-14 04:30:00+00:00,81.37999725341797,81.41000366210938,81.29000091552734,81.30000305175781,487
2026-08-14 05:00:00+00:00,81.41999816894531,81.43000030517578,81.27999877929688,81.37999725341797,581
2026-08-14 05:30:00+00:00,81.9800033569336,82.0,81.41000366210938,81.41000366210938,2696
2026-08-14 06:00:00+00:00,82.20999908447266,82.25,81.80000305175781,82.0,2273
2026-08-14 06:30:00+00:00,82.18000030517578,82.2699966430664,81.9800033569336,82.20999908447266,2192
2026-08-14 07:00:00+00:00,82.75,82.98999786376953,82.16000366210938,82.16999816894531,5896
2026-08-14 07:30:00+00:00,82.87999725341797,82.94000244140625,82.66999816894531,82.76000213623047,2138
2026-08-14 08:00:00+00:00,82.52999877929688,82.97000122070312,82.45999908447266,82.87000274658203,4304
2026-08-14 08:30:00+00:00,82.54000091552734,82.7300033569336,82.22000122070312,82.52999877929688,3820
2026-08-14 09:00:00+00:00,82.13999938964844,82.5999984741211,82.08999633789062,82.55999755859375,2808
2026-08-14 09:30:00+00:00,82.08999633789062,82.44999694824219,82.0199966430664,82.1500015258789,3377
2026-08-14 10:00:00+00:00,81.83000183105469,82.0999984741211,81.72000122070312,82.0999984741211,3285
2026-08-14 10:30:00+00:00,81.51000213623047,81.88999938964844,81.41999816894531,81.83000183105469,2852
2026-08-14 11:00:00+00:00,81.69000244140625,81.86000061035156,81.5,81.51000213623047,2717
2026-08-14 11:30:00+00:00,81.55999755859375,81.7300033569336,81.43000030517578,81.69000244140625,3534
2026-08-14 12:00:00+00:00,81.77999877929688,82.18000030517578,81.5199966430664,81.55999755859375,6664
2026-08-14 12:30:00+00:00,81.13999938964844,81.80000305175781,81.12000274658203,81.77999877929688,7794
2026-08-14 13:00:00+00:00,81.29000091552734,81.52999877929688,81.06999969482422,81.13999938964844,7977
2026-08-14 13:30:00+00:00,81.16999816894531,81.29000091552734,80.76000213623047,81.29000091552734,9411
2026-08-14 14:00:00+00:00,81.37000274658203,81.54000091552734,81.12000274658203,81.16999816894531,11339
2026-08-14 14:30:00+00:00,81.70999908447266,81.87000274658203,81.33999633789062,81.37000274658203,10593
2026-08-14 15:00:00+00:00,81.72000122070312,81.87999725341797,81.33999633789062,81.72000122070312,8675
2026-08-14 15:30:00+00:00,81.66000366210938,81.91000366210938,81.5,81.7300033569336,4976
2026-08-14 16:00:00+00:00,81.93000030517578,81.98999786376953,81.52999877929688,81.66000366210938,4498
2026-08-14 16:30:00+00:00,81.91999816894531,82.0199966430664,81.77999877929688,81.93000030517578,4308
2026-08-14 17:00:00+00:00,82.16999816894531,82.30000305175781,81.83999633789062,81.91999816894531,6686
2026-08-14 17:30:00+00:00,82.29000091552734,82.4000015258789,82.13999938964844,82.16999816894531,3848
2026-08-14 18:00:00+00:00,82.4000015258789,82.44999694824219,82.08999633789062,82.29000091552734,13526
2026-08-14 18:30:00+00:00,82.41000366210938,82.66999816894531,82.31999969482422,82.4000015258789,3978
2026-08-14 19:00:00+00:00,82.30999755859375,82.43000030517578,82.19000244140625,82.41000366210938,2903
2026-08-14 19:30:00+00:00,82.4000015258789,82.41999816894531,82.22000122070312,82.31999969482422,1775
2026-08-14 20:00:00+00:00,82.26000213623047,82.52999877929688,82.25,82.38999938964844,1561
2026-08-14 20:30:00+00:00,82.4000015258789,82.45999908447266,82.2300033569336,82.25,1385
2026-08-16 22:00:00+00:00,82.5199966430664,82.66000366210938,82.4800033569336,82.62000274658203,539
2026-08-16 22:30:00+00:00,82.38999938964844,82.5199966430664,82.29000091552734,82.51000213623047,797
2026-08-16 23:00:00+00:00,82.44999694824219,82.4800033569336,82.31999969482422,82.37999725341797,405
2026-08-16 23:30:00+00:00,82.33000183105469,82.48999786376953,82.30000305175781,82.4800033569336,409
2026-08-17 00:00:00+00:00,82.16000366210938,82.33000183105469,82.04000091552734,82.33000183105469,832
2026-08-17 00:30:00+00:00,81.88999938964844,82.29000091552734,81.86000061035156,82.16999816894531,869
2026-08-17 01:00:00+00:00,82.4000015258789,82.4000015258789,81.72000122070312,81.87999725341797,1500
2026-08-17 01:30:00+00:00,82.58999633789062,82.91999816894531,82.37999725341797,82.37999725341797,1771
2026-08-17 02:00:00+00:00,82.8499984741211,83.04000091552734,82.55999755859375,82.58999633789062,1106
2026-08-17 02:30:00+00:00,82.43000030517578,82.95999908447266,82.26000213623047,82.83999633789062,1559
2026-08-17 03:00:00+00:00,82.41000366210938,82.45999908447266,82.27999877929688,82.41999816894531,693
2026-08-17 03:30:00+00:00,82.23999786376953,82.58999633789062,82.23999786376953,82.41999816894531,890
2026-08-17 04:00:00+00:00,82.30999755859375,82.3499984741211,81.94000244140625,82.16999816894531,1322
2026-08-17 04:30:00+00:00,82.1500015258789,82.38999938964844,82.12999725341797,82.30000305175781,686
2026-08-17 05:00:00+00:00,82.12999725341797,82.20999908447266,82.04000091552734,82.13999938964844,531
2026-08-17 05:30:00+00:00,81.8499984741211,82.19000244140625,81.79000091552734,82.12000274658203,2008
2026-08-17 06:00:00+00:00,81.77999877929688,81.9800033569336,81.62999725341797,81.83999633789062,1889
2026-08-17 06:30:00+00:00,81.8499984741211,81.87000274658203,81.69000244140625,81.79000091552734,1112
2026-08-17 07:00:00+00:00,81.80000305175781,81.97000122070312,81.5,81.86000061035156,1963
2026-08-17 07:30:00+00:00,81.94999694824219,82.20999908447266,81.58999633789062,81.81999969482422,2046
2026-08-17 08:00:00+00:00,82.11000061035156,82.33000183105469,81.83000183105469,81.94000244140625,2562
2026-08-17 08:30:00+00:00,82.37999725341797,82.38999938964844,82.0199966430664,82.11000061035156,2840
2026-08-17 09:00:00+00:00,82.54000091552734,82.79000091552734,82.33999633789062,82.37999725341797,3271
2026-08-17 09:30:00+00:00,82.97000122070312,83.16000366210938,82.4800033569336,82.54000091552734,3733
2026-08-17 10:00:00+00:00,82.12999725341797,83.2300033569336,81.98999786376953,82.95999908447266,4709
2026-08-17 10:30:00+00:00,82.83999633789062,83.0,81.86000061035156,82.12000274658203,7653
2026-08-17 11:00:00+00:00,82.63999938964844,82.91000366210938,82.51000213623047,82.83999633789062,3740
2026-08-17 11:30:00+00:00,82.36000061035156,82.6500015258789,82.33000183105469,82.62999725341797,2197
2026-08-17 12:00:00+00:00,82.81999969482422,83.1500015258789,82.20999908447266,82.36000061035156,7634
2026-08-17 12:30:00+00:00,82.97000122070312,83.13999938964844,82.58999633789062,82.80000305175781,6001
2026-08-17 13:00:00+00:00,82.77999877929688,83.12999725341797,82.44000244140625,82.98999786376953,6343
2026-08-17 13:30:00+00:00,82.62999725341797,82.88999938964844,82.54000091552734,82.7699966430664,5137
2026-08-17 14:00:00+00:00,82.38999938964844,82.69999694824219,82.16999816894531,82.62000274658203,4811
2026-08-17 14:30:00+00:00,82.16999816894531,82.61000061035156,82.0999984741211,82.38999938964844,5786
2026-08-17 15:00:00+00:00,82.5999984741211,82.83000183105469,82.18000030517578,82.18000030517578,8044
2026-08-17 15:30:00+00:00,82.81999969482422,82.88999938964844,82.45999908447266,82.58999633789062,5972
2026-08-17 16:00:00+00:00,82.56999969482422,82.9000015258789,82.33000183105469,82.83999633789062,7380
2026-08-17 16:30:00+00:00,82.8499984741211,82.87000274658203,82.55000305175781,82.55999755859375,4161
2026-08-17 17:00:00+00:00,83.91000366210938,83.98999786376953,82.80000305175781,82.8499984741211,11711
2026-08-17 17:30:00+00:00,84.79000091552734,84.87999725341797,83.86000061035156,83.91000366210938,8964
2026-08-17 18:00:00+00:00,84.45999908447266,84.87000274658203,84.43000030517578,84.7699966430664,11242
2026-08-17 18:30:00+00:00,84.25,84.51000213623047,84.12999725341797,84.45999908447266,5525
2026-08-17 19:00:00+00:00,84.4000015258789,84.4800033569336,84.22000122070312,84.26000213623047,2266
2026-08-17 19:30:00+00:00,84.6500015258789,84.68000030517578,84.2699966430664,84.38999938964844,2173
2026-08-17 20:00:00+00:00,84.86000061035156,84.86000061035156,84.51000213623047,84.63999938964844,1703
2026-08-17 20:30:00+00:00,84.94999694824219,85.04000091552734,84.83000183105469,84.8499984741211,1225
2026-08-17 22:00:00+00:00,85.08000183105469,85.37000274658203,84.87000274658203,84.95999908447266,411
2026-08-17 22:30:00+00:00,84.97000122070312,85.13999938964844,84.94999694824219,85.08000183105469,217
2026-08-17 23:00:00+00:00,85.04000091552734,85.06999969482422,84.97000122070312,84.98999786376953,143
2026-08-17 23:30:00+00:00,84.87999725341797,85.05000305175781,84.81999969482422,85.05000305175781,201
2026-08-18 00:00:00+00:00,84.9000015258789,85.0199966430664,84.83000183105469,84.9000015258789,400
2026-08-18 00:30:00+00:00,84.76000213623047,84.97000122070312,84.73999786376953,84.9000015258789,226
2026-08-18 01:00:00+00:00,84.88999938964844,85.0199966430664,84.62000274658203,84.77999877929688,538
2026-08-18 01:30:00+00:00,84.93000030517578,85.16000366210938,84.7699966430664,84.87000274658203,284
2026-08-18 02:00:00+00:00,84.94999694824219,85.08000183105469,84.87000274658203,84.93000030517578,190
2026-08-18 02:30:00+00:00,85.02999877929688,85.12999725341797,84.91999816894531,84.95999908447266,438
2026-08-18 03:00:00+00:00,85.0199966430664,85.20999908447266,84.98999786376953,85.04000091552734,546
2026-08-18 03:30:00+00:00,85.25,85.2699966430664,85.0199966430664,85.05999755859375,467
2026-08-18 04:00:00+00:00,85.19999694824219,85.37999725341797,85.1500015258789,85.27999877929688,559
2026-08-18 04:30:00+00:00,85.1500015258789,85.23999786376953,85.12999725341797,85.22000122070312,166
2026-08-18 05:00:00+00:00,85.25,85.37999725341797,85.18000030517578,85.19000244140625,248
2026-08-18 05:30:00+00:00,85.12999725341797,85.3499984741211,85.0,85.2699966430664,311
2026-08-18 06:00:00+00:00,85.47000122070312,85.55000305175781,85.12999725341797,85.12999725341797,530
2026-08-18 06:30:00+00:00,85.19999694824219,85.68000030517578,85.18000030517578,85.47000122070312,504
2026-08-18 07:00:00+00:00,84.9000015258789,85.31999969482422,84.83999633789062,85.19000244140625,1020
2026-08-18 07:30:00+00:00,84.37999725341797,85.04000091552734,84.05000305175781,84.87000274658203,18417
2026-08-18 08:00:00+00:00,84.36000061035156,84.66000366210938,84.26000213623047,84.3499984741211,4409
2026-08-18 08:30:00+00:00,84.12999725341797,84.43000030517578,84.0,84.3499984741211,3920
2026-08-18 09:00:00+00:00,84.19999694824219,84.26000213623047,84.04000091552734,84.12000274658203,2055
2026-08-18 09:30:00+00:00,84.04000091552734,84.29000091552734,83.94999694824219,84.19000244140625,2563
2026-08-18 10:00:00+00:00,84.19999694824219,84.4000015258789,83.97000122070312,84.02999877929688,2345
2026-08-18 10:30:00+00:00,83.9800033569336,84.25,83.8499984741211,84.22000122070312,4121
2026-08-18 11:00:00+00:00,84.04000091552734,84.1500015258789,83.86000061035156,83.9800033569336,2528
2026-08-18 11:30:00+00:00,84.1500015258789,84.2300033569336,83.95999908447266,84.02999877929688,2304
2026-08-18 12:00:00+00:00,84.27999877929688,84.45999908447266,83.98999786376953,84.16000366210938,6066
2026-08-18 12:30:00+00:00,84.37000274658203,84.44000244140625,84.12999725341797,84.2699966430664,4869
2026-08-18 13:00:00+00:00,84.73999786376953,84.83999633789062,84.30999755859375,84.37000274658203,10614
2026-08-18 13:30:00+00:00,84.55999755859375,85.06999969482422,84.05000305175781,84.72000122070312,14650
2026-08-18 14:00:00+00:00,83.95999908447266,84.61000061035156,83.91000366210938,84.56999969482422,12738
2026-08-18 14:30:00+00:00,84.51000213623047,84.55000305175781,83.77999877929688,83.94999694824219,14931
2026-08-18 15:00:00+00:00,84.80000305175781,84.83000183105469,84.05999755859375,84.51000213623047,12068
2026-08-18 15:30:00+00:00,84.72000122070312,85.01000213623047,84.56999969482422,84.80999755859375,10575
2026-08-18 16:00:00+00:00,84.45999908447266,84.7300033569336,84.19000244140625,84.7300033569336,7192
2026-08-18 16:30:00+00:00,84.20999908447266,84.61000061035156,84.08999633789062,84.45999908447266,7462
2026-08-18 17:00:00+00:00,84.19999694824219,84.36000061035156,84.05999755859375,84.22000122070312,6139
2026-08-18 17:30:00+00:00,84.05000305175781,84.30000305175781,84.02999877929688,84.19000244140625,4309
2026-08-18 18:00:00+00:00,84.0,84.20999908447266,83.9000015258789,84.05000305175781,14152
2026-08-18 18:30:00+00:00,84.08000183105469,84.13999938964844,83.91999816894531,83.98999786376953,4072
2026-08-18 19:00:00+00:00,84.08999633789062,84.20999908447266,84.04000091552734,84.08000183105469,2750
2026-08-18 19:30:00+00:00,84.08999633789062,84.16999816894531,84.01000213623047,84.08999633789062,2638
2026-08-18 20:00:00+00:00,84.23999786376953,84.2699966430664,84.05000305175781,84.08000183105469,1789
2026-08-18 20:30:00+00:00,84.41999816894531,84.54000091552734,84.18000030517578,84.20999908447266,3670
2026-08-18 22:00:00+00:00,84.44999694824219,84.56999969482422,84.4000015258789,84.45999908447266,732
2026-08-18 22:30:00+00:00,84.44999694824219,84.54000091552734,84.41000366210938,84.45999908447266,387
2026-08-18 23:00:00+00:00,84.47000122070312,84.52999877929688,84.44999694824219,84.44999694824219,169
2026-08-18 23:30:00+00:00,84.5,84.55000305175781,84.47000122070312,84.47000122070312,577
2026-08-19 00:00:00+00:00,84.81999969482422,84.87000274658203,84.36000061035156,84.48999786376953,1685
2026-08-19 00:30:00+00:00,84.75,84.94999694824219,84.61000061035156,84.81999969482422,1395
2026-08-19 01:00:00+00:00,84.93000030517578,85.05999755859375,84.70999908447266,84.76000213623047,2395
2026-08-19 01:30:00+00:00,85.0,85.13999938964844,84.7699966430664,84.9000015258789,1368
2026-08-19 02:00:00+00:00,84.8499984741211,85.08999633789062,84.83000183105469,85.0199966430664,808
2026-08-19 02:30:00+00:00,84.73999786376953,84.94999694824219,84.66000366210938,84.8499984741211,1098
2026-08-19 03:00:00+00:00,84.83000183105469,84.91000366210938,84.72000122070312,84.75,738
2026-08-19 03:30:00+00:00,84.68000030517578,84.80000305175781,84.5999984741211,84.80000305175781,557
2026-08-19 04:00:00+00:00,84.69999694824219,84.86000061035156,84.63999938964844,84.69999694824219,374
2026-08-19 04:30:00+00:00,84.61000061035156,84.7300033569336,84.5199966430664,84.69999694824219,498
2026-08-19 05:00:00+00:00,84.5999984741211,84.69000244140625,84.52999877929688,84.62000274658203,483
2026-08-19 05:30:00+00:00,84.7699966430664,84.79000091552734,84.52999877929688,84.62000274658203,821
2026-08-19 06:00:00+00:00,84.55999755859375,85.0199966430664,84.52999877929688,84.79000091552734,2108
2026-08-19 06:30:00+00:00,84.54000091552734,84.7300033569336,84.4000015258789,84.55999755859375,1717
2026-08-19 07:00:00+00:00,84.4800033569336,84.9800033569336,84.43000030517578,84.55000305175781,3025
2026-08-19 07:30:00+00:00,84.69999694824219,84.73999786376953,84.27999877929688,84.45999908447266,3119
2026-08-19 08:00:00+00:00,84.25,84.73999786376953,84.2300033569336,84.70999908447266,3717
2026-08-19 08:30:00+00:00,84.9800033569336,85.05000305175781,84.26000213623047,84.26000213623047,5023
2026-08-19 09:00:00+00:00,84.91000366210938,85.41999816894531,84.81999969482422,84.9800033569336,6677
2026-08-19 09:30:00+00:00,85.0199966430664,85.06999969482422,84.66999816894531,84.91999816894531,3359
2026-08-19 10:00:00+00:00,85.13999938964844,85.16999816894531,84.87000274658203,85.0199966430664,1831
2026-08-19 10:30:00+00:00,84.91000366210938,85.25,84.86000061035156,85.13999938964844,2308
2026-08-19 11:00:00+00:00,84.69999694824219,85.0,84.62000274658203,84.91999816894531,2527
2026-08-19 11:30:00+00:00,84.6500015258789,84.98999786376953,84.55000305175781,84.69999694824219,3330
2026-08-19 12:00:00+00:00,84.4000015258789,84.73999786376953,84.27999877929688,84.68000030517578,5351
2026-08-19 12:30:00+00:00,83.97000122070312,84.47000122070312,83.44999694824219,84.4000015258789,14373
2026-08-19 13:00:00+00:00,84.43000030517578,84.56999969482422,83.94000244140625,83.9800033569336,13117
2026-08-19 13:30:00+00:00,84.54000091552734,84.69999694824219,84.25,84.44000244140625,11854
2026-08-19 14:00:00+00:00,84.81999969482422,84.8499984741211,84.38999938964844,84.54000091552734,11780
2026-08-19 14:30:00+00:00,84.88999938964844,85.12999725341797,84.55000305175781,84.81999969482422,15039
2026-08-19 15:00:00+00:00,85.33000183105469,85.4800033569336,84.83999633789062,84.87999725341797,16512
2026-08-19 15:30:00+00:00,85.2300033569336,85.41000366210938,85.0199966430664,85.33000183105469,10264
2026-08-19 16:00:00+00:00,85.30999755859375,85.58000183105469,85.2300033569336,85.2300033569336,9776
2026-08-19 16:30:00+00:00,85.58999633789062,85.66000366210938,85.25,85.30999755859375,14146
2026-08-19 17:00:00+00:00,85.36000061035156,85.83999633789062,85.31999969482422,85.58999633789062,14038
2026-08-19 17:30:00+00:00,85.12999725341797,85.41000366210938,84.83000183105469,85.36000061035156,9856
2026-08-19 18:00:00+00:00,84.2699966430664,85.2699966430664,84.23999786376953,85.12999725341797,26225
2026-08-19 18:30:00+00:00,84.3499984741211,84.41000366210938,84.1500015258789,84.27999877929688,7805
2026-08-19 19:00:00+00:00,84.01000213623047,84.38999938964844,83.93000030517578,84.3499984741211,4181
2026-08-19 19:30:00+00:00,84.26000213623047,84.30000305175781,83.93000030517578,83.98999786376953,2871
2026-08-19 20:00:00+00:00,84.30000305175781,84.33000183105469,84.16000366210938,84.25,2374
2026-08-19 20:30:00+00:00,84.4000015258789,84.5199966430664,84.20999908447266,84.30000305175781,4014
2026-08-19 22:00:00+00:00,84.36000061035156,84.68000030517578,84.29000091552734,84.4000015258789,434
2026-08-19 22:30:00+00:00,84.4800033569336,84.58999633789062,84.2300033569336,84.36000061035156,815
2026-08-19 23:00:00+00:00,84.52999877929688,84.68000030517578,84.4000015258789,84.4800033569336,1084
2026-08-19 23:30:00+00:00,84.30000305175781,84.55999755859375,84.26000213623047,84.52999877929688,724
2026-08-20 00:00:00+00:00,84.56999969482422,84.58000183105469,84.23999786376953,84.30000305175781,1384
2026-08-20 00:30:00+00:00,84.5999984741211,84.66000366210938,84.48999786376953,84.56999969482422,924
2026-08-20 01:00:00+00:00,84.5999984741211,84.91999816894531,84.58000183105469,84.62000274658203,2534
2026-08-20 01:30:00+00:00,84.79000091552734,84.83000183105469,84.45999908447266,84.56999969482422,1250
2026-08-20 02:00:00+00:00,84.58999633789062,84.81999969482422,84.52999877929688,84.7699966430664,1107
2026-08-20 02:30:00+00:00,84.44000244140625,84.66999816894531,84.27999877929688,84.58999633789062,2578
2026-08-20 03:00:00+00:00,84.37000274658203,84.5199966430664,84.33000183105469,84.44000244140625,1771
2026-08-20 03:30:00+00:00,84.48999786376953,84.62000274658203,84.3499984741211,84.36000061035156,1120
2026-08-20 04:00:00+00:00,84.62000274658203,84.62999725341797,84.44000244140625,84.45999908447266,534
2026-08-20 04:30:00+00:00,84.47000122070312,84.66999816894531,84.3499984741211,84.62000274658203,473
2026-08-20 05:00:00+00:00,84.36000061035156,84.5,84.33000183105469,84.4800033569336,564
2026-08-20 05:30:00+00:00,84.55000305175781,84.69000244140625,84.33000183105469,84.3499984741211,895
2026-08-20 06:00:00+00:00,84.68000030517578,84.69000244140625,84.41999816894531,84.55000305175781,1433
2026-08-20 06:30:00+00:00,84.91000366210938,84.93000030517578,84.5999984741211,84.69000244140625,2058
2026-08-20 07:00:00+00:00,85.58999633789062,85.5999984741211,84.91000366210938,84.91000366210938,6385
2026-08-20 07:30:00+00:00,85.62999725341797,85.87000274658203,85.51000213623047,85.58999633789062,6127
2026-08-20 08:00:00+00:00,86.11000061035156,86.2300033569336,85.23999786376953,85.62999725341797,6960
2026-08-20 08:30:00+00:00,86.37999725341797,86.47000122070312,86.08999633789062,86.12000274658203,7598
2026-08-20 09:00:00+00:00,86.55999755859375,86.61000061035156,86.2699966430664,86.37000274658203,5349
2026-08-20 09:30:00+00:00,86.7699966430664,86.81999969482422,86.2699966430664,86.58000183105469,5010
2026-08-20 10:00:00+00:00,86.58000183105469,86.83999633789062,86.44000244140625,86.77999877929688,3812
2026-08-20 10:30:00+00:00,86.73999786376953,86.79000091552734,86.5,86.58999633789062,4017
2026-08-20 11:00:00+00:00,87.05000305175781,87.08000183105469,86.69000244140625,86.73999786376953,4353
2026-08-20 11:30:00+00:00,87.2300033569336,87.25,86.97000122070312,87.05999755859375,6186
2026-08-20 12:00:00+00:00,87.56999969482422,87.69000244140625,87.18000030517578,87.2300033569336,10557
2026-08-20 12:30:00+00:00,86.68000030517578,87.5999984741211,86.66000366210938,87.58999633789062,13929
2026-08-20 13:00:00+00:00,86.68000030517578,86.87999725341797,86.33000183105469,86.68000030517578,17463
2026-08-20 13:30:00+00:00,86.48999786376953,87.01000213623047,86.22000122070312,86.66999816894531,13888
2026-08-20 14:00:00+00:00,85.9000015258789,86.7699966430664,85.69000244140625,86.5,16683
2026-08-20 14:30:00+00:00,86.02999877929688,86.23999786376953,85.87999725341797,85.9000015258789,10723
2026-08-20 15:00:00+00:00,86.52999877929688,86.58999633789062,85.77999877929688,86.02999877929688,14414
2026-08-20 15:30:00+00:00,86.51000213623047,86.8499984741211,86.4000015258789,86.52999877929688,8145
2026-08-20 16:00:00+00:00,86.44999694824219,86.73999786376953,86.33999633789062,86.51000213623047,6335
2026-08-20 16:30:00+00:00,86.0999984741211,86.66000366210938,86.02999877929688,86.47000122070312,7057
2026-08-20 17:00:00+00:00,86.47000122070312,86.51000213623047,85.87000274658203,86.0999984741211,7342
2026-08-20 17:30:00+00:00,86.5199966430664,86.7300033569336,86.45999908447266,86.4800033569336,7083
2026-08-20 18:00:00+00:00,86.94000244140625,86.9800033569336,86.37000274658203,86.5199966430664,21148
2026-08-20 18:30:00+00:00,86.86000061035156,86.9800033569336,86.73999786376953,86.94000244140625,5855
2026-08-20 19:00:00+00:00,86.69000244140625,86.87000274658203,86.63999938964844,86.8499984741211,3765
2026-08-20 19:30:00+00:00,86.5999984741211,86.69999694824219,86.55999755859375,86.69999694824219,1815
2026-08-20 20:00:00+00:00,86.56999969482422,86.66000366210938,86.45999908447266,86.5999984741211,1823
2026-08-20 20:30:00+00:00,86.20999908447266,86.58000183105469,86.19999694824219,86.58000183105469,2713
2026-08-20 22:00:00+00:00,86.2699966430664,86.44999694824219,86.22000122070312,86.2699966430664,637
2026-08-20 22:30:00+00:00,86.30999755859375,86.33999633789062,86.26000213623047,86.27999877929688,212
2026-08-20 23:00:00+00:00,86.30999755859375,86.37999725341797,86.26000213623047,86.30999755859375,460
2026-08-20 23:30:00+00:00,86.22000122070312,86.31999969482422,86.20999908447266,86.30999755859375,366
2026-08-21 00:00:00+00:00,86.18000030517578,86.27999877929688,86.05999755859375,86.19999694824219,1991
2026-08-21 00:30:00+00:00,86.37000274658203,86.44999694824219,86.16999816894531,86.16999816894531,1174
2026-08-21 01:00:00+00:00,86.5999984741211,86.68000030517578,86.2699966430664,86.38999938964844,1970
2026-08-21 01:30:00+00:00,86.7300033569336,86.94000244140625,86.54000091552734,86.5999984741211,1435
2026-08-21 02:00:00+00:00,86.75,86.80999755859375,86.62999725341797,86.72000122070312,706
2026-08-21 02:30:00+00:00,86.51000213623047,86.7699966430664,86.47000122070312,86.75,1219
2026-08-21 03:00:00+00:00,86.37000274658203,86.55000305175781,86.33999633789062,86.5,887
2026-08-21 03:30:00+00:00,86.45999908447266,86.61000061035156,86.3499984741211,86.37999725341797,464
2026-08-21 04:00:00+00:00,86.5199966430664,86.52999877929688,86.37000274658203,86.4800033569336,392
2026-08-21 04:30:00+00:00,86.23999786376953,86.54000091552734,86.2300033569336,86.5,700
2026-08-21 05:00:00+00:00,86.44999694824219,86.47000122070312,86.12999725341797,86.23999786376953,1233
2026-08-21 05:30:00+00:00,86.16999816894531,86.5,86.13999938964844,86.45999908447266,867
2026-08-21 06:00:00+00:00,86.37999725341797,86.44999694824219,86.0999984741211,86.19000244140625,1208
2026-08-21 06:30:00+00:00,86.29000091552734,86.5,86.2699966430664,86.38999938964844,1383
2026-08-21 07:00:00+00:00,86.41999816894531,86.45999908447266,86.08999633789062,86.33000183105469,2871
2026-08-21 07:30:00+00:00,86.37999725341797,86.5,86.13999938964844,86.43000030517578,2983
2026-08-21 08:00:00+00:00,86.11000061035156,86.79000091552734,86.0,86.36000061035156,6540
2026-08-21 08:30:00+00:00,85.93000030517578,86.38999938964844,85.91999816894531,86.11000061035156,3515
2026-08-21 09:00:00+00:00,86.20999908447266,86.2699966430664,85.80000305175781,85.93000030517578,2858
2026-08-21 09:30:00+00:00,86.55000305175781,86.58000183105469,86.05999755859375,86.22000122070312,3340
2026-08-21 10:00:00+00:00,86.61000061035156,87.51000213623047,86.55999755859375,86.55999755859375,9462
2026-08-21 10:30:00+00:00,87.05000305175781,87.19000244140625,86.58999633789062,86.5999984741211,3901
2026-08-21 11:00:00+00:00,86.43000030517578,87.2699966430664,86.33000183105469,87.05000305175781,8086
2026-08-21 11:30:00+00:00,86.95999908447266,86.97000122070312,86.11000061035156,86.43000030517578,6002
2026-08-21 12:00:00+00:00,87.02999877929688,87.33000183105469,86.76000213623047,86.95999908447266,7063
2026-08-21 12:30:00+00:00,86.87000274658203,87.1500015258789,86.76000213623047,87.05000305175781,4846
2026-08-21 13:00:00+00:00,86.91000366210938,87.08000183105469,86.58000183105469,86.87999725341797,9470
2026-08-21 13:30:00+00:00,86.45999908447266,87.11000061035156,86.43000030517578,86.91000366210938,10245
2026-08-21 14:00:00+00:00,86.41999816894531,86.63999938964844,86.2300033569336,86.47000122070312,9298
2026-08-21 14:30:00+00:00,86.52999877929688,86.77999877929688,86.33000183105469,86.41000366210938,8173
2026-08-21 15:00:00+00:00,86.43000030517578,86.86000061035156,86.13999938964844,86.52999877929688,9459
2026-08-21 15:30:00+00:00,86.80999755859375,87.06999969482422,86.37999725341797,86.44000244140625,7577
2026-08-21 16:00:00+00:00,86.58000183105469,87.01000213623047,86.5,86.80999755859375,9654
2026-08-21 16:30:00+00:00,86.93000030517578,86.94999694824219,86.51000213623047,86.58000183105469,5780
2026-08-21 17:00:00+00:00,87.25,87.27999877929688,86.87000274658203,86.93000030517578,8083
2026-08-21 17:30:00+00:00,87.31999969482422,87.45999908447266,87.1500015258789,87.25,11984
2026-08-21 18:00:00+00:00,87.06999969482422,87.33000183105469,86.94000244140625,87.33000183105469,20314
2026-08-21 18:30:00+00:00,87.02999877929688,87.16999816894531,86.9000015258789,87.08000183105469,7090
2026-08-21 19:00:00+00:00,86.81999969482422,87.0199966430664,86.7699966430664,87.0199966430664,4403
2026-08-21 19:30:00+00:00,86.6500015258789,86.91999816894531,86.61000061035156,86.80999755859375,5246
2026-08-21 20:00:00+00:00,86.8499984741211,86.87999725341797,86.58999633789062,86.6500015258789,1392
2026-08-21 20:30:00+00:00,87.05999755859375,87.05999755859375,86.63999938964844,86.83999633789062,1960
2026-08-23 22:00:00+00:00,86.41000366210938,86.45999908447266,86.36000061035156,86.38999938964844,461
2026-08-23 22:30:00+00:00,86.26000213623047,86.41000366210938,86.23999786376953,86.4000015258789,735
2026-08-23 23:00:00+00:00,86.12000274658203,86.27999877929688,86.0999984741211,86.2699966430664,695
2026-08-23 23:30:00+00:00,86.0199966430664,86.20999908447266,85.9800033569336,86.13999938964844,878
2026-08-24 00:00:00+00:00,85.94999694824219,86.22000122070312,85.9000015258789,86.01000213623047,1516
2026-08-24 00:30:00+00:00,85.83000183105469,85.94999694824219,85.61000061035156,85.94000244140625,2527
2026-08-24 01:00:00+00:00,85.1500015258789,85.8499984741211,84.83999633789062,85.83000183105469,6057
2026-08-24 01:30:00+00:00,85.36000061035156,85.45999908447266,85.0999984741211,85.12999725341797,2620
2026-08-24 02:00:00+00:00,85.51000213623047,85.52999877929688,85.22000122070312,85.3499984741211,1277
2026-08-24 02:30:00+00:00,85.69000244140625,85.73999786376953,85.47000122070312,85.5199966430664,2070
2026-08-24 03:00:00+00:00,85.70999908447266,85.79000091552734,85.62999725341797,85.69999694824219,793
2026-08-24 03:30:00+00:00,85.62999725341797,85.79000091552734,85.58000183105469,85.69999694824219,656
2026-08-24 04:00:00+00:00,85.61000061035156,85.76000213623047,85.51000213623047,85.61000061035156,1206
2026-08-24 04:30:00+00:00,85.61000061035156,85.76000213623047,85.54000091552734,85.62000274658203,550
2026-08-24 05:00:00+00:00,85.55999755859375,85.69000244140625,85.51000213623047,85.62000274658203,810
2026-08-24 05:30:00+00:00,85.55999755859375,85.7699966430664,85.47000122070312,85.55000305175781,993
2026-08-24 06:00:00+00:00,85.44000244140625,85.6500015258789,85.2300033569336,85.58999633789062,1792
2026-08-24 06:30:00+00:00,85.18000030517578,85.4800033569336,85.1500015258789,85.43000030517578,2336
2026-08-24 07:00:00+00:00,85.29000091552734,85.37999725341797,85.05000305175781,85.19000244140625,2584
2026-08-24 07:30:00+00:00,85.66999816894531,85.72000122070312,85.05000305175781,85.27999877929688,3904
2026-08-24 08:00:00+00:00,85.56999969482422,85.80999755859375,85.3499984741211,85.66000366210938,4730
2026-08-24 08:30:00+00:00,84.95999908447266,85.58999633789062,84.69000244140625,85.55999755859375,6476
2026-08-24 09:00:00+00:00,85.38999938964844,85.4800033569336,84.7699966430664,84.97000122070312,3371
2026-08-24 09:30:00+00:00,85.1500015258789,85.41999816894531,84.9800033569336,85.37999725341797,3675
2026-08-24 10:00:00+00:00,84.98999786376953,85.2300033569336,84.94000244140625,85.16000366210938,2205
2026-08-24 10:30:00+00:00,85.38999938964844,85.38999938964844,84.88999938964844,84.98999786376953,2495
2026-08-24 11:00:00+00:00,85.48999786376953,85.52999877929688,85.11000061035156,85.37000274658203,2402
2026-08-24 11:30:00+00:00,85.37999725341797,85.58999633789062,85.02999877929688,85.48999786376953,3642
2026-08-24 12:00:00+00:00,85.45999908447266,85.62000274658203,85.26000213623047,85.37999725341797,4399
2026-08-24 12:30:00+00:00,85.54000091552734,86.23999786376953,85.08000183105469,85.47000122070312,10075
2026-08-24 13:00:00+00:00,85.91000366210938,85.94000244140625,85.31999969482422,85.55000305175781,11281
2026-08-24 13:30:00+00:00,85.38999938964844,86.05000305175781,85.31999969482422,85.91999816894531,9932
2026-08-24 14:00:00+00:00,84.91999816894531,85.55000305175781,84.76000213623047,85.37999725341797,9050
2026-08-24 14:30:00+00:00,85.0,85.23999786376953,84.81999969482422,84.91999816894531,8640
2026-08-24 15:00:00+00:00,84.4800033569336,85.16000366210938,84.44000244140625,85.0,12403
2026-08-24 15:30:00+00:00,84.80000305175781,84.87000274658203,84.36000061035156,84.45999908447266,10072
2026-08-24 16:00:00+00:00,85.27999877929688,85.36000061035156,84.72000122070312,84.80999755859375,6798
2026-08-24 16:30:00+00:00,85.22000122070312,85.41999816894531,85.08000183105469,85.27999877929688,5144
2026-08-24 17:00:00+00:00,84.8499984741211,85.23999786376953,84.69000244140625,85.22000122070312,9692
2026-08-24 17:30:00+00:00,84.80999755859375,85.05999755859375,84.69999694824219,84.8499984741211,5230
2026-08-24 18:00:00+00:00,84.9800033569336,85.08000183105469,84.66000366210938,84.80999755859375,11706
2026-08-24 18:30:00+00:00,85.18000030517578,85.26000213623047,84.87999725341797,84.98999786376953,7560
2026-08-24 19:00:00+00:00,85.19000244140625,85.29000091552734,85.16000366210938,85.18000030517578,2217
2026-08-24 19:30:00+00:00,85.02999877929688,85.22000122070312,84.98999786376953,85.20999908447266,2350
2026-08-24 20:00:00+00:00,84.95999908447266,85.08000183105469,84.94000244140625,85.04000091552734,1049
2026-08-24 20:30:00+00:00,84.9800033569336,85.0,84.83999633789062,84.95999908447266,1703
2026-08-24 22:00:00+00:00,85.06999969482422,85.12000274658203,84.97000122070312,85.02999877929688,365
2026-08-24 22:30:00+00:00,85.0999984741211,85.12999725341797,85.05999755859375,85.08000183105469,140
2026-08-24 23:00:00+00:00,85.18000030517578,85.20999908447266,85.08999633789062,85.11000061035156,221
2026-08-24 23:30:00+00:00,85.19000244140625,85.23999786376953,85.11000061035156,85.18000030517578,217
2026-08-25 00:00:00+00:00,85.11000061035156,85.25,85.06999969482422,85.19999694824219,863
2026-08-25 00:30:00+00:00,84.77999877929688,85.11000061035156,84.75,85.11000061035156,978
2026-08-25 01:00:00+00:00,85.23999786376953,85.3499984741211,84.7300033569336,84.7699966430664,2349
2026-08-25 01:30:00+00:00,85.45999908447266,85.48999786376953,85.11000061035156,85.25,1311
2026-08-25 02:00:00+00:00,85.69999694824219,85.83999633789062,85.41999816894531,85.47000122070312,1874
2026-08-25 02:30:00+00:00,85.55999755859375,85.80999755859375,85.47000122070312,85.70999908447266,1414
2026-08-25 03:00:00+00:00,85.3499984741211,85.5999984741211,85.12999725341797,85.55999755859375,1833
2026-08-25 03:30:00+00:00,85.43000030517578,85.44999694824219,85.31999969482422,85.36000061035156,351
2026-08-25 04:00:00+00:00,85.2699966430664,85.48999786376953,85.22000122070312,85.44000244140625,816
2026-08-25 04:30:00+00:00,85.08000183105469,85.2699966430664,85.05999755859375,85.2699966430664,574
2026-08-25 05:00:00+00:00,84.95999908447266,85.08999633789062,84.91000366210938,85.06999969482422,778
2026-08-25 05:30:00+00:00,84.47000122070312,85.08999633789062,84.27999877929688,84.97000122070312,3420
2026-08-25 06:00:00+00:00,84.20999908447266,84.52999877929688,84.13999938964844,84.47000122070312,3166
2026-08-25 06:30:00+00:00,84.26000213623047,84.61000061035156,84.11000061035156,84.19999694824219,3410
2026-08-25 07:00:00+00:00,84.44999694824219,84.54000091552734,84.12000274658203,84.2699966430664,2852
2026-08-25 07:30:00+00:00,84.55000305175781,84.5999984741211,84.25,84.45999908447266,2708
2026-08-25 08:00:00+00:00,83.93000030517578,84.70999908447266,83.5,84.55000305175781,8408
2026-08-25 08:30:00+00:00,83.0199966430664,84.08999633789062,82.8499984741211,83.93000030517578,11003
2026-08-25 09:00:00+00:00,82.69999694824219,83.08000183105469,82.48999786376953,83.01000213623047,8416
2026-08-25 09:30:00+00:00,82.12000274658203,82.73999786376953,82.04000091552734,82.68000030517578,9971
2026-08-25 10:00:00+00:00,82.4000015258789,82.61000061035156,82.12000274658203,82.12000274658203,6405
2026-08-25 10:30:00+00:00,82.44999694824219,82.58999633789062,82.2699966430664,82.38999938964844,3817
2026-08-25 11:00:00+00:00,82.51000213623047,82.7300033569336,82.30000305175781,82.47000122070312,4052
2026-08-25 11:30:00+00:00,81.94999694824219,82.48999786376953,81.81999969482422,82.48999786376953,7900
2026-08-25 12:00:00+00:00,82.33999633789062,82.5999984741211,81.87999725341797,81.97000122070312,8642
2026-08-25 12:30:00+00:00,82.19999694824219,82.55000305175781,82.12000274658203,82.33999633789062,5626
2026-08-25 13:00:00+00:00,82.4000015258789,82.62999725341797,81.80999755859375,82.20999908447266,11712
2026-08-25 13:30:00+00:00,82.43000030517578,82.63999938964844,82.13999938964844,82.4000015258789,8824
2026-08-25 14:00:00+00:00,82.58999633789062,82.88999938964844,82.30000305175781,82.44000244140625,12314
2026-08-25 14:30:00+00:00,82.5,83.30999755859375,82.30000305175781,82.5999984741211,13447
2026-08-25 15:00:00+00:00,82.41999816894531,82.69000244140625,82.1500015258789,82.4800033569336,8408
2026-08-25 15:30:00+00:00,82.08999633789062,82.43000030517578,81.54000091552734,82.41999816894531,19984
2026-08-25 16:00:00+00:00,82.31999969482422,82.36000061035156,82.0199966430664,82.0999984741211,8418
2026-08-25 16:30:00+00:00,82.18000030517578,82.41999816894531,82.12000274658203,82.30999755859375,7858
2026-08-25 17:00:00+00:00,82.20999908447266,82.4000015258789,82.06999969482422,82.16999816894531,7685
2026-08-25 17:30:00+00:00,82.12999725341797,82.31999969482422,82.0999984741211,82.22000122070312,5685
2026-08-25 18:00:00+00:00,82.29000091552734,82.44999694824219,82.06999969482422,82.13999938964844,15235
2026-08-25 18:30:00+00:00,82.30000305175781,82.45999908447266,82.23999786376953,82.30000305175781,3550
2026-08-25 19:00:00+00:00,82.23999786376953,82.38999938964844,82.16000366210938,82.30000305175781,4469
2026-08-25 19:30:00+00:00,81.12000274658203,82.30000305175781,81.08999633789062,82.25,11248
2026-08-25 20:00:00+00:00,80.69000244140625,81.12999725341797,80.2300033569336,81.12999725341797,13188
2026-08-25 20:30:00+00:00,81.11000061035156,81.23999786376953,80.5999984741211,80.66000366210938,5189
2026-08-25 22:00:00+00:00,81.01000213623047,81.30999755859375,80.93000030517578,81.11000061035156,1115
2026-08-25 22:30:00+00:00,81.01000213623047,81.08999633789062,80.94999694824219,81.01000213623047,478
2026-08-25 23:00:00+00:00,81.0,81.0199966430664,80.95999908447266,81.0199966430664,287
2026-08-25 23:30:00+00:00,80.9800033569336,81.1500015258789,80.97000122070312,81.0,677
2026-08-26 00:00:00+00:00,80.91999816894531,81.12000274658203,80.80000305175781,80.97000122070312,1780
2026-08-26 00:30:00+00:00,80.72000122070312,81.0,80.58000183105469,80.91999816894531,2444
2026-08-26 01:00:00+00:00,80.55000305175781,80.72000122070312,80.33000183105469,80.70999908447266,3877
2026-08-26 01:30:00+00:00,80.54000091552734,80.69000244140625,80.3499984741211,80.54000091552734,1720
2026-08-26 02:00:00+00:00,80.3499984741211,80.54000091552734,80.26000213623047,80.5199966430664,1785
2026-08-26 02:30:00+00:00,80.41000366210938,80.55000305175781,80.12999725341797,80.3499984741211,2040
2026-08-26 03:00:00+00:00,80.2699966430664,80.41999816894531,80.08000183105469,80.4000015258789,1527
2026-08-26 03:30:00+00:00,80.2699966430664,80.31999969482422,80.18000030517578,80.27999877929688,995
2026-08-26 04:00:00+00:00,80.31999969482422,80.43000030517578,80.25,80.2699966430664,1141
2026-08-26 04:30:00+00:00,80.61000061035156,80.63999938964844,80.25,80.31999969482422,1106
2026-08-26 05:00:00+00:00,80.76000213623047,80.7699966430664,80.43000030517578,80.61000061035156,1278
2026-08-26 05:30:00+00:00,80.76000213623047,80.91999816894531,80.62999725341797,80.75,1727
2026-08-26 06:00:00+00:00,80.8499984741211,80.94000244140625,80.69999694824219,80.77999877929688,1182
2026-08-26 06:30:00+00:00,80.47000122070312,80.83999633789062,80.27999877929688,80.80999755859375,4119
2026-08-26 07:00:00+00:00,80.27999877929688,80.62999725341797,80.16999816894531,80.4800033569336,3810
2026-08-26 07:30:00+00:00,79.91000366210938,80.33999633789062,79.8499984741211,80.2699966430664,5147
2026-08-26 08:00:00+00:00,80.04000091552734,80.52999877929688,79.88999938964844,79.9000015258789,5162
2026-08-26 08:30:00+00:00,79.83999633789062,80.25,79.68000030517578,80.05999755859375,5888
2026-08-26 09:00:00+00:00,80.19999694824219,80.19999694824219,79.62000274658203,79.83999633789062,6376
2026-08-26 09:30:00+00:00,80.12000274658203,80.25,79.79000091552734,80.19000244140625,4107
2026-08-26 10:00:00+00:00,80.1500015258789,80.33000183105469,79.95999908447266,80.12999725341797,4280
2026-08-26 10:30:00+00:00,80.2300033569336,80.41999816894531,80.06999969482422,80.16000366210938,2619
2026-08-26 11:00:00+00:00,80.19999694824219,80.36000061035156,80.08999633789062,80.25,2930
2026-08-26 11:30:00+00:00,80.55000305175781,80.68000030517578,80.13999938964844,80.19999694824219,5476
2026-08-26 12:00:00+00:00,80.23999786376953,80.6500015258789,80.20999908447266,80.55000305175781,4706
2026-08-26 12:30:00+00:00,80.66000366210938,80.75,80.18000030517578,80.2300033569336,8820
2026-08-26 13:00:00+00:00,80.69000244140625,80.98999786376953,80.51000213623047,80.66000366210938,9911
2026-08-26 13:30:00+00:00,81.5,81.72000122070312,80.66999816894531,80.69999694824219,15642
2026-08-26 14:00:00+00:00,81.69000244140625,81.69000244140625,81.31999969482422,81.48999786376953,9856
2026-08-26 14:30:00+00:00,81.91999816894531,81.97000122070312,81.6500015258789,81.69000244140625,11282
2026-08-26 15:00:00+00:00,82.37999725341797,82.44999694824219,81.83999633789062,81.93000030517578,14305
2026-08-26 15:30:00+00:00,82.7699966430664,82.88999938964844,82.18000030517578,82.37000274658203,18114
2026-08-26 16:00:00+00:00,83.08000183105469,83.30999755859375,82.70999908447266,82.7699966430664,16071
2026-08-26 16:30:00+00:00,82.7699966430664,83.19999694824219,82.73999786376953,83.06999969482422,9139
2026-08-26 17:00:00+00:00,82.68000030517578,82.83999633789062,82.56999969482422,82.7699966430664,6230
2026-08-26 17:30:00+00:00,82.55000305175781,82.70999908447266,82.5,82.66999816894531,6286
2026-08-26 18:00:00+00:00,82.25,82.56999969482422,82.06999969482422,82.55999755859375,14959
2026-08-26 18:30:00+00:00,82.0,82.33000183105469,81.9800033569336,82.25,5687
2026-08-26 19:00:00+00:00,81.98999786376953,82.05999755859375,81.83000183105469,82.0,3242
2026-08-26 19:30:00+00:00,81.93000030517578,82.08000183105469,81.9000015258789,82.0,1884
2026-08-26 20:00:00+00:00,81.80000305175781,81.94000244140625,81.77999877929688,81.91999816894531,1846
2026-08-26 20:30:00+00:00,81.91000366210938,81.93000030517578,81.73999786376953,81.80000305175781,1988
2026-08-26 22:00:00+00:00,81.8499984741211,82.12999725341797,81.77999877929688,82.0,268
2026-08-26 22:30:00+00:00,81.83000183105469,81.91000366210938,81.83000183105469,81.8499984741211,146
2026-08-26 23:00:00+00:00,81.83999633789062,81.86000061035156,81.75,81.80000305175781,210
2026-08-26 23:30:00+00:00,81.80000305175781,81.8499984741211,81.80000305175781,81.8499984741211,202
2026-08-27 00:00:00+00:00,81.55999755859375,81.81999969482422,81.52999877929688,81.80999755859375,1619
2026-08-27 00:30:00+00:00,81.79000091552734,81.88999938964844,81.54000091552734,81.55000305175781,1141
2026-08-27 01:00:00+00:00,81.95999908447266,82.16999816894531,81.72000122070312,81.80000305175781,3152
2026-08-27 01:30:00+00:00,81.62000274658203,82.0,81.56999969482422,81.9800033569336,1239
2026-08-27 02:00:00+00:00,81.5999984741211,81.69999694824219,81.55999755859375,81.62999725341797,648
2026-08-27 02:30:00+00:00,81.44000244140625,81.7300033569336,81.44000244140625,81.61000061035156,1541
2026-08-27 03:00:00+00:00,81.77999877929688,81.9000015258789,81.44000244140625,81.44999694824219,1517
2026-08-27 03:30:00+00:00,81.83999633789062,81.9000015258789,81.70999908447266,81.79000091552734,631
2026-08-27 04:00:00+00:00,81.88999938964844,81.91999816894531,81.77999877929688,81.83999633789062,360
2026-08-27 04:30:00+00:00,81.83000183105469,81.91000366210938,81.79000091552734,81.9000015258789,323
2026-08-27 05:00:00+00:00,81.58999633789062,81.86000061035156,81.58999633789062,81.81999969482422,515
2026-08-27 05:30:00+00:00,81.43000030517578,81.69000244140625,81.41999816894531,81.5999984741211,1587
2026-08-27 06:00:00+00:00,81.30999755859375,81.51000213623047,81.27999877929688,81.44000244140625,1372
2026-08-27 06:30:00+00:00,81.02999877929688,81.36000061035156,81.0199966430664,81.31999969482422,2890
2026-08-27 07:00:00+00:00,80.98999786376953,81.11000061035156,80.6500015258789,81.02999877929688,4341
2026-08-27 07:30:00+00:00,81.36000061035156,81.36000061035156,81.0,81.01000213623047,2896
2026-08-27 08:00:00+00:00,81.63999938964844,81.63999938964844,81.19999694824219,81.36000061035156,3908
2026-08-27 08:30:00+00:00,81.81999969482422,81.83000183105469,81.48999786376953,81.63999938964844,3378
2026-08-27 09:00:00+00:00,82.08999633789062,82.22000122070312,81.81999969482422,81.83000183105469,4430
2026-08-27 09:30:00+00:00,82.19000244140625,82.20999908447266,81.97000122070312,82.08999633789062,2656
2026-08-27 10:00:00+00:00,82.41999816894531,82.55000305175781,82.12999725341797,82.19999694824219,4450
2026-08-27 10:30:00+00:00,82.22000122070312,82.47000122070312,82.08999633789062,82.43000030517578,2878
2026-08-27 11:00:00+00:00,82.44000244140625,82.5199966430664,82.19000244140625,82.23999786376953,3982
2026-08-27 11:30:00+00:00,82.45999908447266,82.62000274658203,82.1500015258789,82.44000244140625,5225
2026-08-27 12:00:00+00:00,82.44999694824219,82.55000305175781,82.16999816894531,82.45999908447266,4158
2026-08-27 12:30:00+00:00,82.52999877929688,82.80999755859375,82.33999633789062,82.44000244140625,4788
2026-08-27 13:00:00+00:00,82.44000244140625,82.7699966430664,82.33999633789062,82.5199966430664,7471
2026-08-27 13:30:00+00:00,82.83999633789062,82.87000274658203,82.36000061035156,82.44999694824219,9102
2026-08-27 14:00:00+00:00,82.69999694824219,83.13999938964844,82.6500015258789,82.83999633789062,11431
2026-08-27 14:30:00+00:00,82.02999877929688,82.7699966430664,82.0,82.69999694824219,10888
2026-08-27 15:00:00+00:00,82.25,82.45999908447266,81.98999786376953,82.04000091552734,8985
2026-08-27 15:30:00+00:00,82.58999633789062,82.68000030517578,82.23999786376953,82.25,7706
2026-08-27 16:00:00+00:00,82.62000274658203,82.75,82.44000244140625,82.5999984741211,5601
2026-08-27 16:30:00+00:00,82.75,82.91000366210938,82.5999984741211,82.61000061035156,6289
2026-08-27 17:00:00+00:00,82.7699966430664,82.95999908447266,82.69999694824219,82.75,5432
2026-08-27 17:30:00+00:00,83.95999908447266,84.04000091552734,82.66000366210938,82.77999877929688,16921
2026-08-27 18:00:00+00:00,83.61000061035156,84.2699966430664,83.43000030517578,83.9800033569336,27092
2026-08-27 18:30:00+00:00,83.76000213623047,83.83000183105469,83.55000305175781,83.61000061035156,5375
2026-08-27 19:00:00+00:00,83.91000366210938,84.0199966430664,83.6500015258789,83.7699966430664,5766
2026-08-27 19:30:00+00:00,83.62999725341797,83.98999786376953,83.61000061035156,83.9000015258789,3449
2026-08-27 20:00:00+00:00,83.56999969482422,83.69999694824219,83.54000091552734,83.62999725341797,917
2026-08-27 20:30:00+00:00,83.54000091552734,83.58000183105469,83.44999694824219,83.55999755859375,2186
2026-08-27 22:00:00+00:00,83.62999725341797,83.77999877929688,83.44999694824219,83.66999816894531,525
2026-08-27 22:30:00+00:00,83.58999633789062,83.63999938964844,83.58999633789062,83.62999725341797,98
2026-08-27 23:00:00+00:00,83.63999938964844,83.63999938964844,83.56999969482422,83.5999984741211,221
2026-08-27 23:30:00+00:00,83.5,83.62999725341797,83.4800033569336,83.61000061035156,216
2026-08-28 00:00:00+00:00,83.4000015258789,83.52999877929688,83.3499984741211,83.48999786376953,817
2026-08-28 00:30:00+00:00,83.2699966430664,83.41000366210938,83.26000213623047,83.4000015258789,625
2026-08-28 01:00:00+00:00,83.2300033569336,83.52999877929688,83.22000122070312,83.27999877929688,1380
2026-08-28 01:30:00+00:00,83.05999755859375,83.2300033569336,83.02999877929688,83.22000122070312,1003
2026-08-28 02:00:00+00:00,83.36000061035156,83.36000061035156,83.05000305175781,83.05999755859375,881
2026-08-28 02:30:00+00:00,83.11000061035156,83.45999908447266,83.0999984741211,83.36000061035156,1131
2026-08-28 03:00:00+00:00,83.18000030517578,83.25,83.05000305175781,83.08999633789062,690
2026-08-28 03:30:00+00:00,83.11000061035156,83.23999786376953,83.08000183105469,83.19000244140625,413
2026-08-28 04:00:00+00:00,83.12999725341797,83.13999938964844,83.05000305175781,83.0999984741211,789
2026-08-28 04:30:00+00:00,83.2699966430664,83.27999877929688,83.12000274658203,83.12999725341797,455
2026-08-28 05:00:00+00:00,83.22000122070312,83.33999633789062,83.19000244140625,83.2699966430664,496
2026-08-28 05:30:00+00:00,83.12000274658203,83.26000213623047,82.8499984741211,83.22000122070312,1717
2026-08-28 06:00:00+00:00,82.95999908447266,83.23999786376953,82.8499984741211,83.12000274658203,2228
2026-08-28 06:30:00+00:00,82.87999725341797,83.05000305175781,82.73999786376953,82.97000122070312,2937
2026-08-28 07:00:00+00:00,82.83000183105469,83.31999969482422,82.75,82.87999725341797,3741
2026-08-28 07:30:00+00:00,82.9800033569336,83.01000213623047,82.66999816894531,82.83000183105469,2353
2026-08-28 08:00:00+00:00,83.08999633789062,83.25,82.83000183105469,82.98999786376953,3025
2026-08-28 08:30:00+00:00,83.30999755859375,83.31999969482422,82.54000091552734,83.08999633789062,7013
2026-08-28 09:00:00+00:00,83.0,83.5,82.88999938964844,83.33000183105469,3195
2026-08-28 09:30:00+00:00,83.06999969482422,83.37000274658203,82.93000030517578,83.01000213623047,2029
2026-08-28 10:00:00+00:00,83.33000183105469,83.33999633789062,82.87000274658203,83.06999969482422,1753
2026-08-28 10:30:00+00:00,83.26000213623047,83.62000274658203,83.20999908447266,83.33999633789062,3086
2026-08-28 11:00:00+00:00,83.08000183105469,83.31999969482422,83.0,83.26000213623047,1874
2026-08-28 11:30:00+00:00,82.91000366210938,83.18000030517578,82.86000061035156,83.08000183105469,2251
2026-08-28 12:00:00+00:00,82.73999786376953,83.0199966430664,82.66000366210938,82.91000366210938,2865
2026-08-28 12:30:00+00:00,82.45999908447266,82.83999633789062,82.44000244140625,82.7300033569336,4982
2026-08-28 13:00:00+00:00,82.4000015258789,82.66999816894531,82.25,82.47000122070312,8110
2026-08-28 13:30:00+00:00,82.51000213623047,82.80999755859375,82.37999725341797,82.4000015258789,6097
2026-08-28 14:00:00+00:00,82.8499984741211,82.94999694824219,82.31999969482422,82.5199966430664,7563
2026-08-28 14:30:00+00:00,82.87000274658203,83.13999938964844,82.68000030517578,82.83999633789062,5831
2026-08-28 15:00:00+00:00,83.11000061035156,83.27999877929688,82.81999969482422,82.86000061035156,7028
2026-08-28 15:30:00+00:00,83.04000091552734,83.29000091552734,83.0,83.0999984741211,6183
2026-08-28 16:00:00+00:00,83.11000061035156,83.27999877929688,82.9000015258789,83.04000091552734,5435
2026-08-28 16:30:00+00:00,83.5199966430664,83.55000305175781,83.02999877929688,83.0999984741211,6353
2026-08-28 17:00:00+00:00,83.36000061035156,83.70999908447266,83.30000305175781,83.51000213623047,5098
2026-08-28 17:30:00+00:00,83.45999908447266,83.56999969482422,83.2699966430664,83.37000274658203,4868
2026-08-28 18:00:00+00:00,83.37999725341797,83.55999755859375,83.19000244140625,83.45999908447266,13659
2026-08-28 18:30:00+00:00,83.18000030517578,83.38999938964844,83.08999633789062,83.37000274658203,3887
2026-08-28 19:00:00+00:00,83.29000091552734,83.33999633789062,83.16999816894531,83.18000030517578,2428
2026-08-28 19:30:00+00:00,83.38999938964844,83.5199966430664,83.27999877929688,83.30999755859375,2064
2026-08-28 20:00:00+00:00,83.43000030517578,83.4800033569336,83.33000183105469,83.4000015258789,844
2026-08-28 20:30:00+00:00,83.4000015258789,83.45999908447266,83.30000305175781,83.43000030517578,1435
2026-08-30 22:00:00+00:00,84.91999816894531,85.30000305175781,84.86000061035156,85.26000213623047,1735
2026-08-30 22:30:00+00:00,84.87000274658203,85.05999755859375,84.7699966430664,84.91999816894531,1846
2026-08-30 23:00:00+00:00,84.83999633789062,84.9000015258789,84.76000213623047,84.87999725341797,674
2026-08-30 23:30:00+00:00,84.7300033569336,84.83999633789062,84.44000244140625,84.83000183105469,2337
2026-08-31 00:00:00+00:00,84.37000274658203,84.77999877929688,84.30999755859375,84.7300033569336,1567
2026-08-31 00:30:00+00:00,84.3499984741211,84.41999816894531,84.11000061035156,84.37000274658203,1099
2026-08-31 01:00:00+00:00,84.9000015258789,85.30000305175781,84.33999633789062,84.3499984741211,4676
2026-08-31 01:30:00+00:00,85.19000244140625,85.4800033569336,84.86000061035156,84.86000061035156,2574
2026-08-31 02:00:00+00:00,85.3499984741211,85.58999633789062,85.19999694824219,85.20999908447266,2561
2026-08-31 02:30:00+00:00,85.02999877929688,85.62999725341797,85.0199966430664,85.3499984741211,2377
2026-08-31 03:00:00+00:00,84.9800033569336,85.16000366210938,84.87999725341797,85.0199966430664,1159
2026-08-31 03:30:00+00:00,85.08999633789062,85.11000061035156,84.9000015258789,85.0,652
2026-08-31 04:00:00+00:00,85.3499984741211,85.37000274658203,85.0199966430664,85.12000274658203,723
2026-08-31 04:30:00+00:00,85.3499984741211,85.38999938964844,85.12999725341797,85.3499984741211,1151
2026-08-31 05:00:00+00:00,85.80000305175781,85.83000183105469,85.27999877929688,85.33999633789062,2099
2026-08-31 05:30:00+00:00,85.6500015258789,86.0199966430664,85.5199966430664,85.77999877929688,2826
2026-08-31 06:00:00+00:00,85.54000091552734,85.83000183105469,85.4800033569336,85.6500015258789,1256
2026-08-31 06:30:00+00:00,85.3499984741211,85.70999908447266,85.33999633789062,85.51000213623047,1544
2026-08-31 07:00:00+00:00,84.7699966430664,85.41999816894531,84.47000122070312,85.3499984741211,5516
2026-08-31 07:30:00+00:00,85.43000030517578,85.45999908447266,84.69999694824219,84.76000213623047,5716
2026-08-31 08:00:00+00:00,85.70999908447266,85.73999786376953,85.2300033569336,85.43000030517578,4516
2026-08-31 08:30:00+00:00,86.41000366210938,86.52999877929688,85.61000061035156,85.69999694824219,9261
2026-08-31 09:00:00+00:00,86.19999694824219,86.58000183105469,86.05000305175781,86.43000030517578,5590
2026-08-31 09:30:00+00:00,86.48999786376953,86.62999725341797,86.05999755859375,86.20999908447266,4039
2026-08-31 10:00:00+00:00,86.25,86.79000091552734,86.19999694824219,86.48999786376953,4142
2026-08-31 10:30:00+00:00,86.20999908447266,86.4800033569336,86.12000274658203,86.2699966430664,2507
2026-08-31 11:00:00+00:00,86.5,86.55999755859375,86.16999816894531,86.22000122070312,2197
2026-08-31 11:30:00+00:00,86.37999725341797,86.69000244140625,86.33000183105469,86.48999786376953,4567
2026-08-31 12:00:00+00:00,86.55999755859375,86.6500015258789,86.04000091552734,86.37999725341797,9799
2026-08-31 12:30:00+00:00,86.05999755859375,86.75,85.91999816894531,86.58000183105469,8838
2026-08-31 13:00:00+00:00,85.5199966430664,86.23999786376953,85.37999725341797,86.06999969482422,13759
2026-08-31 13:30:00+00:00,85.98999786376953,86.37999725341797,85.45999908447266,85.5199966430664,11872
2026-08-31 14:00:00+00:00,85.70999908447266,86.05000305175781,85.44000244140625,85.98999786376953,9340
2026-08-31 14:30:00+00:00,85.27999877929688,85.72000122070312,85.16999816894531,85.69999694824219,7869
2026-08-31 15:00:00+00:00,85.44999694824219,85.5,85.11000061035156,85.27999877929688,7596
2026-08-31 15:30:00+00:00,85.55999755859375,85.6500015258789,85.2300033569336,85.44999694824219,7160
2026-08-31 16:00:00+00:00,85.6500015258789,85.66000366210938,85.37000274658203,85.54000091552734,5340
2026-08-31 16:30:00+00:00,85.5999984741211,85.66999816894531,85.27999877929688,85.66000366210938,4727
2026-08-31 17:00:00+00:00,85.72000122070312,85.9000015258789,85.58999633789062,85.58999633789062,5139
2026-08-31 17:30:00+00:00,85.51000213623047,85.7699966430664,85.48999786376953,85.72000122070312,5273
2026-08-31 18:00:00+00:00,85.83000183105469,85.93000030517578,85.44999694824219,85.51000213623047,13164
2026-08-31 18:30:00+00:00,85.58999633789062,86.0,85.55999755859375,85.81999969482422,5075
2026-08-31 19:00:00+00:00,85.76000213623047,85.8499984741211,85.54000091552734,85.58999633789062,4234
2026-08-31 19:30:00+00:00,85.9800033569336,86.0199966430664,85.76000213623047,85.76000213623047,4213
2026-08-31 20:00:00+00:00,86.30000305175781,86.3499984741211,85.88999938964844,85.9800033569336,2453
2026-08-31 20:30:00+00:00,86.30999755859375,86.37999725341797,86.2699966430664,86.30999755859375,1933
2026-08-31 22:00:00+00:00,86.26000213623047,86.45999908447266,86.12999725341797,86.30999755859375,364
2026-08-31 22:30:00+00:00,86.41000366210938,86.43000030517578,86.20999908447266,86.2699966430664,418
2026-08-31 23:00:00+00:00,86.33000183105469,86.48999786376953,86.30000305175781,86.41999816894531,464
2026-08-31 23:30:00+00:00,86.41000366210938,86.45999908447266,86.3499984741211,86.3499984741211,277
2026-09-01 00:00:00+00:00,86.62000274658203,86.70999908447266,86.41000366210938,86.41000366210938,1952
2026-09-01 00:30:00+00:00,86.55000305175781,86.72000122070312,86.55000305175781,86.62000274658203,1206
2026-09-01 01:00:00+00:00,86.55000305175781,86.72000122070312,86.4000015258789,86.55000305175781,1812
2026-09-01 01:30:00+00:00,86.33999633789062,86.7300033569336,86.30999755859375,86.55999755859375,1156
2026-09-01 02:00:00+00:00,86.44999694824219,86.55999755859375,86.30000305175781,86.31999969482422,684
2026-09-01 02:30:00+00:00,86.63999938964844,86.81999969482422,86.47000122070312,86.47000122070312,2142
2026-09-01 03:00:00+00:00,86.68000030517578,86.81999969482422,86.61000061035156,86.63999938964844,1085
2026-09-01 03:30:00+00:00,86.75,86.75,86.61000061035156,86.66999816894531,705
2026-09-01 04:00:00+00:00,86.73999786376953,86.79000091552734,86.63999938964844,86.75,366
2026-09-01 04:30:00+00:00,87.0,87.08999633789062,86.73999786376953,86.75,2018
2026-09-01 05:00:00+00:00,86.91999816894531,87.05000305175781,86.86000061035156,87.01000213623047,848
2026-09-01 05:30:00+00:00,86.44000244140625,87.06999969482422,86.22000122070312,86.93000030517578,3354
2026-09-01 06:00:00+00:00,86.58999633789062,86.7699966430664,86.38999938964844,86.44000244140625,1874
2026-09-01 06:30:00+00:00,86.52999877929688,86.58999633789062,86.30000305175781,86.56999969482422,2150
2026-09-01 07:00:00+00:00,87.0199966430664,87.16999816894531,86.33999633789062,86.54000091552734,5403
2026-09-01 07:30:00+00:00,86.94999694824219,87.23999786376953,86.93000030517578,87.02999877929688,2986
2026-09-01 08:00:00+00:00,87.56999969482422,87.58999633789062,86.9000015258789,86.94999694824219,7557
2026-09-01 08:30:00+00:00,88.04000091552734,88.08999633789062,87.3499984741211,87.55999755859375,11473
2026-09-01 09:00:00+00:00,88.02999877929688,88.05999755859375,87.68000030517578,88.02999877929688,4424
2026-09-01 09:30:00+00:00,87.9800033569336,88.12999725341797,87.83999633789062,88.04000091552734,7620
2026-09-01 10:00:00+00:00,87.73999786376953,88.11000061035156,87.68000030517578,87.97000122070312,4130
2026-09-01 10:30:00+00:00,87.80000305175781,87.94000244140625,87.58000183105469,87.73999786376953,3910
2026-09-01 11:00:00+00:00,87.6500015258789,87.98999786376953,87.61000061035156,87.80000305175781,3804
2026-09-01 11:30:00+00:00,87.83999633789062,87.87999725341797,87.43000030517578,87.63999938964844,4841
2026-09-01 12:00:00+00:00,87.83999633789062,88.0199966430664,87.30000305175781,87.8499984741211,11086
2026-09-01 12:30:00+00:00,87.97000122070312,88.22000122070312,87.83999633789062,87.83999633789062,7850
2026-09-01 13:00:00+00:00,88.22000122070312,88.41000366210938,87.95999908447266,87.97000122070312,14832
2026-09-01 13:30:00+00:00,88.36000061035156,88.52999877929688,88.0199966430664,88.2300033569336,15591
2026-09-01 14:00:00+00:00,87.58999633789062,88.37999725341797,87.4800033569336,88.36000061035156,15459
2026-09-01 14:30:00+00:00,87.94000244140625,87.95999908447266,87.5,87.5999984741211,9002
2026-09-01 15:00:00+00:00,87.95999908447266,88.22000122070312,87.7300033569336,87.94999694824219,10817
2026-09-01 15:30:00+00:00,88.33999633789062,88.37999725341797,87.95999908447266,87.97000122070312,9840
2026-09-01 16:00:00+00:00,89.72000122070312,89.9000015258789,88.27999877929688,88.33999633789062,29667
2026-09-01 16:30:00+00:00,89.55000305175781,89.94999694824219,89.20999908447266,89.7300033569336,15029
2026-09-01 17:00:00+00:00,89.58999633789062,89.93000030517578,89.33999633789062,89.52999877929688,10455
2026-09-01 17:30:00+00:00,89.87999725341797,90.12999725341797,89.55999755859375,89.58000183105469,11870
2026-09-01 18:00:00+00:00,89.94000244140625,89.9800033569336,89.66000366210938,89.88999938964844,2558
