Datetime,Close,High,Low,Open,Volume
2026-06-23 04:00:00+00:00,73.7300033569336,73.7300033569336,73.62000274658203,73.63999938964844,65
2026-06-23 04:15:00+00:00,73.62000274658203,73.75,73.5999984741211,73.7300033569336,375
2026-06-23 04:30:00+00:00,73.75,73.7699966430664,73.58000183105469,73.62000274658203,304
2026-06-23 04:45:00+00:00,73.75,73.77999877929688,73.61000061035156,73.73999786376953,289
2026-06-23 05:00:00+00:00,73.68000030517578,73.79000091552734,73.66999816894531,73.7300033569336,275
2026-06-23 05:15:00+00:00,73.58999633789062,73.76000213623047,73.54000091552734,73.72000122070312,454
2026-06-23 05:30:00+00:00,73.30000305175781,73.5999984741211,73.27999877929688,73.56999969482422,1361
2026-06-23 05:45:00+00:00,73.0999984741211,73.33999633789062,73.0199966430664,73.29000091552734,1435
2026-06-23 06:00:00+00:00,73.13999938964844,73.19000244140625,72.87999725341797,73.08000183105469,2120
2026-06-23 06:15:00+00:00,72.87000274658203,73.12999725341797,72.8499984741211,73.12000274658203,1297
2026-06-23 06:30:00+00:00,72.75,72.94000244140625,72.55999755859375,72.87999725341797,1846
2026-06-23 06:45:00+00:00,72.91999816894531,73.13999938964844,72.68000030517578,72.75,1281
2026-06-23 07:00:00+00:00,72.80999755859375,72.98999786376953,72.62999725341797,72.94000244140625,1247
2026-06-23 07:15:00+00:00,72.52999877929688,72.87000274658203,72.4800033569336,72.80999755859375,1303
2026-06-23 07:30:00+00:00,73.08000183105469,73.16999816894531,72.5,72.55000305175781,1397
2026-06-23 07:45:00+00:00,73.16999816894531,73.2300033569336,73.0199966430664,73.06999969482422,1998
2026-06-23 08:00:00+00:00,73.4800033569336,73.62000274658203,73.16000366210938,73.16999816894531,2388
2026-06-23 08:15:00+00:00,73.63999938964844,73.69999694824219,73.36000061035156,73.4800033569336,2036
2026-06-23 08:30:00+00:00,73.55999755859375,73.87000274658203,73.55000305175781,73.63999938964844,1794
2026-06-23 08:45:00+00:00,73.44999694824219,73.70999908447266,73.41000366210938,73.56999969482422,1895
2026-06-23 09:00:00+00:00,73.41999816894531,73.58999633789062,73.2699966430664,73.44000244140625,1099
2026-06-23 09:15:00+00:00,73.22000122070312,73.66999816894531,73.22000122070312,73.41999816894531,1064
2026-06-23 09:30:00+00:00,73.44999694824219,73.48999786376953,73.16999816894531,73.20999908447266,822
2026-06-23 09:45:00+00:00,73.51000213623047,73.5999984741211,73.37000274658203,73.47000122070312,932
2026-06-23 10:00:00+00:00,73.5199966430664,73.5999984741211,73.37000274658203,73.5199966430664,703
2026-06-23 10:15:00+00:00,73.72000122070312,73.76000213623047,73.44000244140625,73.5199966430664,1225
2026-06-23 10:30:00+00:00,73.7699966430664,73.95999908447266,73.58999633789062,73.72000122070312,1583
2026-06-23 10:45:00+00:00,73.9000015258789,73.93000030517578,73.66000366210938,73.79000091552734,946
2026-06-23 11:00:00+00:00,73.80999755859375,74.0,73.79000091552734,73.88999938964844,879
2026-06-23 11:15:00+00:00,73.80000305175781,73.9800033569336,73.5,73.80000305175781,1994
2026-06-23 11:30:00+00:00,73.95999908447266,74.06999969482422,73.80000305175781,73.80999755859375,1683
2026-06-23 11:45:00+00:00,73.86000061035156,74.02999877929688,73.63999938964844,73.94000244140625,998
2026-06-23 12:00:00+00:00,73.54000091552734,73.9000015258789,73.44000244140625,73.86000061035156,2562
2026-06-23 12:15:00+00:00,73.31999969482422,73.5999984741211,73.22000122070312,73.52999877929688,3524
2026-06-23 12:30:00+00:00,73.44000244140625,73.44000244140625,73.20999908447266,73.30000305175781,1708
2026-06-23 12:45:00+00:00,73.61000061035156,73.63999938964844,73.4000015258789,73.41999816894531,1670
2026-06-23 13:00:00+00:00,73.48999786376953,73.7300033569336,73.4800033569336,73.62000274658203,3397
2026-06-23 13:15:00+00:00,73.08000183105469,73.5199966430664,72.98999786376953,73.48999786376953,4361
2026-06-23 13:30:00+00:00,73.19999694824219,73.25,72.87000274658203,73.06999969482422,4274
2026-06-23 13:45:00+00:00,72.9800033569336,73.30999755859375,72.91000366210938,73.20999908447266,3946
2026-06-23 14:00:00+00:00,72.72000122070312,73.0,72.5999984741211,72.9800033569336,6565
2026-06-23 14:15:00+00:00,72.5999984741211,72.76000213623047,72.5199966430664,72.7300033569336,5813
2026-06-23 14:30:00+00:00,73.2300033569336,73.27999877929688,72.61000061035156,72.61000061035156,11613
2026-06-23 14:45:00+00:00,73.16999816894531,73.38999938964844,72.88999938964844,73.22000122070312,5249
2026-06-23 15:00:00+00:00,73.20999908447266,73.4800033569336,73.16000366210938,73.16000366210938,6247
2026-06-23 15:15:00+00:00,73.12000274658203,73.37999725341797,73.0199966430664,73.19999694824219,5087
2026-06-23 15:30:00+00:00,73.05999755859375,73.12000274658203,72.72000122070312,73.11000061035156,4822
2026-06-23 15:45:00+00:00,73.0,73.22000122070312,72.86000061035156,73.05000305175781,1838
2026-06-23 16:00:00+00:00,73.01000213623047,73.16999816894531,72.98999786376953,72.98999786376953,1606
2026-06-23 16:15:00+00:00,73.08999633789062,73.26000213623047,73.01000213623047,73.01000213623047,2272
2026-06-23 16:30:00+00:00,72.93000030517578,73.0999984741211,72.83999633789062,73.08000183105469,2303
2026-06-23 16:45:00+00:00,72.97000122070312,73.08000183105469,72.83000183105469,72.93000030517578,1900
2026-06-23 17:00:00+00:00,73.2300033569336,73.30000305175781,72.9800033569336,72.9800033569336,3383
2026-06-23 17:15:00+00:00,73.25,73.30000305175781,73.1500015258789,73.22000122070312,1892
2026-06-23 17:30:00+00:00,73.04000091552734,73.31999969482422,73.0199966430664,73.25,4298
2026-06-23 17:45:00+00:00,73.04000091552734,73.2300033569336,72.98999786376953,73.05000305175781,4659
2026-06-23 18:00:00+00:00,73.2300033569336,73.43000030517578,73.04000091552734,73.04000091552734,5631
2026-06-23 18:15:00+00:00,73.27999877929688,73.29000091552734,73.04000091552734,73.23999786376953,10258
2026-06-23 18:30:00+00:00,73.19999694824219,73.33999633789062,73.16999816894531,73.27999877929688,2637
2026-06-23 18:45:00+00:00,73.36000061035156,73.41000366210938,73.19000244140625,73.19999694824219,1563
2026-06-23 19:00:00+00:00,73.23999786376953,73.37000274658203,73.2300033569336,73.36000061035156,998
2026-06-23 19:15:00+00:00,73.36000061035156,73.41999816894531,73.2300033569336,73.23999786376953,729
2026-06-23 19:30:00+00:00,73.37000274658203,73.41999816894531,73.31999969482422,73.37000274658203,463
2026-06-23 19:45:00+00:00,73.31999969482422,73.4000015258789,73.2699966430664,73.37000274658203,850
2026-06-23 20:00:00+00:00,73.3499984741211,73.51000213623047,73.30000305175781,73.31999969482422,894
2026-06-23 20:15:00+00:00,73.30999755859375,73.41999816894531,73.29000091552734,73.3499984741211,351
2026-06-23 20:30:00+00:00,73.16000366210938,73.3499984741211,73.16000366210938,73.30000305175781,833
2026-06-23 20:45:00+00:00,73.05000305175781,73.18000030517578,73.0199966430664,73.16000366210938,1103
2026-06-23 22:00:00+00:00,73.0999984741211,73.18000030517578,73.05000305175781,73.12999725341797,154
2026-06-23 22:15:00+00:00,73.12999725341797,73.13999938964844,73.08999633789062,73.0999984741211,39
2026-06-23 22:30:00+00:00,73.04000091552734,73.12999725341797,73.0,73.12000274658203,114
2026-06-23 22:45:00+00:00,72.94999694824219,73.04000091552734,72.87999725341797,73.0199966430664,212
2026-06-23 23:00:00+00:00,72.91000366210938,72.97000122070312,72.8499984741211,72.95999908447266,256
2026-06-23 23:15:00+00:00,72.87999725341797,72.94999694824219,72.8499984741211,72.91000366210938,143
2026-06-23 23:30:00+00:00,72.75,72.88999938964844,72.66999816894531,72.87999725341797,572
2026-06-23 23:45:00+00:00,72.69000244140625,72.77999877929688,72.62999725341797,72.76000213623047,282
2026-06-24 00:00:00+00:00,72.81999969482422,72.87000274658203,72.66000366210938,72.69999694824219,1043
2026-06-24 00:15:00+00:00,72.88999938964844,72.95999908447266,72.79000091552734,72.81999969482422,328
2026-06-24 00:30:00+00:00,72.83999633789062,72.88999938964844,72.75,72.87999725341797,258
2026-06-24 00:45:00+00:00,72.81999969482422,72.88999938964844,72.75,72.83999633789062,286
2026-06-24 01:00:00+00:00,72.4800033569336,72.87000274658203,72.33999633789062,72.81999969482422,1870
2026-06-24 01:15:00+00:00,73.0199966430664,73.0199966430664,72.4800033569336,72.4800033569336,1109
2026-06-24 01:30:00+00:00,72.9000015258789,73.06999969482422,72.81999969482422,73.0199966430664,711
2026-06-24 01:45:00+00:00,72.66999816894531,72.95999908447266,72.58999633789062,72.88999938964844,582
2026-06-24 02:00:00+00:00,72.81999969482422,72.91000366210938,72.66000366210938,72.68000030517578,462
2026-06-24 02:15:00+00:00,72.76000213623047,72.87999725341797,72.75,72.81999969482422,135
2026-06-24 02:30:00+00:00,72.51000213623047,72.75,72.37999725341797,72.75,1443
2026-06-24 02:45:00+00:00,72.16999816894531,72.58999633789062,72.16000366210938,72.52999877929688,1115
2026-06-24 03:00:00+00:00,72.41999816894531,72.44000244140625,72.06999969482422,72.19000244140625,1034
2026-06-24 03:15:00+00:00,72.37999725341797,72.43000030517578,72.30999755859375,72.41999816894531,291
2026-06-24 03:30:00+00:00,72.4000015258789,72.44999694824219,72.33000183105469,72.37999725341797,301
2026-06-24 03:45:00+00:00,72.41999816894531,72.4800033569336,72.38999938964844,72.38999938964844,149
2026-06-24 04:00:00+00:00,72.58999633789062,72.62000274658203,72.41999816894531,72.43000030517578,349
2026-06-24 04:15:00+00:00,72.68000030517578,72.7699966430664,72.56999969482422,72.5999984741211,414
2026-06-24 04:30:00+00:00,72.66000366210938,72.70999908447266,72.61000061035156,72.66999816894531,104
2026-06-24 04:45:00+00:00,72.66000366210938,72.66999816894531,72.58999633789062,72.66000366210938,89
2026-06-24 05:00:00+00:00,72.62000274658203,72.77999877929688,72.58999633789062,72.66000366210938,229
2026-06-24 05:15:00+00:00,72.66999816894531,72.69999694824219,72.5999984741211,72.66000366210938,119
2026-06-24 05:30:00+00:00,72.61000061035156,72.7300033569336,72.54000091552734,72.66999816894531,342
2026-06-24 05:45:00+00:00,72.5,72.62000274658203,72.43000030517578,72.5999984741211,350
2026-06-24 06:00:00+00:00,72.83999633789062,73.16999816894531,72.48999786376953,72.5,2131
2026-06-24 06:15:00+00:00,72.66000366210938,72.83999633789062,72.52999877929688,72.83000183105469,821
2026-06-24 06:30:00+00:00,72.61000061035156,72.66999816894531,72.45999908447266,72.66000366210938,1054
2026-06-24 06:45:00+00:00,72.61000061035156,72.66999816894531,72.48999786376953,72.62000274658203,638
2026-06-24 07:00:00+00:00,72.30000305175781,72.62000274658203,72.12000274658203,72.5999984741211,1873
2026-06-24 07:15:00+00:00,72.19999694824219,72.4000015258789,72.08999633789062,72.30000305175781,1068
2026-06-24 07:30:00+00:00,72.1500015258789,72.3499984741211,72.02999877929688,72.20999908447266,1249
2026-06-24 07:45:00+00:00,71.95999908447266,72.33000183105469,71.91999816894531,72.16000366210938,1714
2026-06-24 08:00:00+00:00,71.91999816894531,72.05999755859375,71.80000305175781,71.95999908447266,2256
2026-06-24 08:15:00+00:00,71.77999877929688,71.98999786376953,71.75,71.91999816894531,2566
2026-06-24 08:30:00+00:00,71.91000366210938,72.05000305175781,71.69000244140625,71.76000213623047,1978
2026-06-24 08:45:00+00:00,72.04000091552734,72.12999725341797,71.9000015258789,71.91999816894531,1194
2026-06-24 09:00:00+00:00,71.72000122070312,72.08999633789062,71.62999725341797,72.05999755859375,2271
2026-06-24 09:15:00+00:00,71.70999908447266,71.83000183105469,71.55000305175781,71.72000122070312,2212
2026-06-24 09:30:00+00:00,71.87999725341797,71.94999694824219,71.69000244140625,71.70999908447266,1483
2026-06-24 09:45:00+00:00,71.98999786376953,72.13999938964844,71.80000305175781,71.87999725341797,1762
2026-06-24 10:00:00+00:00,71.93000030517578,72.27999877929688,71.88999938964844,72.0,1221
2026-06-24 10:15:00+00:00,72.01000213623047,72.19999694824219,71.87000274658203,71.94000244140625,1133
2026-06-24 10:30:00+00:00,71.76000213623047,72.1500015258789,71.72000122070312,72.0,1438
2026-06-24 10:45:00+00:00,71.81999969482422,71.8499984741211,71.72000122070312,71.76000213623047,917
2026-06-24 11:00:00+00:00,71.83999633789062,71.88999938964844,71.69999694824219,71.83000183105469,797
2026-06-24 11:15:00+00:00,71.47000122070312,71.87000274658203,71.38999938964844,71.83000183105469,2042
2026-06-24 11:30:00+00:00,71.44999694824219,71.73999786376953,71.37999725341797,71.44999694824219,2706
2026-06-24 11:45:00+00:00,70.94000244140625,71.44999694824219,70.91999816894531,71.44000244140625,7008
2026-06-24 12:00:00+00:00,71.12000274658203,71.12999725341797,70.91000366210938,70.94999694824219,2515
2026-06-24 12:15:00+00:00,71.0999984741211,71.16000366210938,70.83999633789062,71.12000274658203,4409
2026-06-24 12:30:00+00:00,71.02999877929688,71.16000366210938,70.93000030517578,71.11000061035156,2695
2026-06-24 12:45:00+00:00,71.02999877929688,71.20999908447266,71.01000213623047,71.0199966430664,4122
2026-06-24 13:00:00+00:00,70.51000213623047,71.06999969482422,70.36000061035156,71.04000091552734,11223
2026-06-24 13:15:00+00:00,70.05000305175781,70.51000213623047,70.0199966430664,70.51000213623047,9730
2026-06-24 13:30:00+00:00,70.0199966430664,70.20999908447266,69.83999633789062,70.05000305175781,12057
2026-06-24 13:45:00+00:00,69.7699966430664,70.27999877929688,69.66999816894531,70.01000213623047,9018
2026-06-24 14:00:00+00:00,69.98999786376953,70.0999984741211,69.62999725341797,69.76000213623047,6791
2026-06-24 14:15:00+00:00,70.16999816894531,70.37999725341797,69.9800033569336,69.9800033569336,5755
2026-06-24 14:30:00+00:00,69.9800033569336,70.25,69.9800033569336,70.19000244140625,5332
2026-06-24 14:45:00+00:00,69.87000274658203,70.04000091552734,69.72000122070312,69.9800033569336,4132
2026-06-24 15:00:00+00:00,69.75,69.94000244140625,69.68000030517578,69.87000274658203,4358
2026-06-24 15:15:00+00:00,70.0199966430664,70.06999969482422,69.72000122070312,69.75,6966
2026-06-24 15:30:00+00:00,70.29000091552734,70.5,69.9000015258789,70.01000213623047,7617
2026-06-24 15:45:00+00:00,70.48999786376953,70.58000183105469,70.27999877929688,70.30000305175781,6035
2026-06-24 16:00:00+00:00,70.38999938964844,70.58999633789062,70.27999877929688,70.48999786376953,3815
2026-06-24 16:15:00+00:00,70.63999938964844,70.70999908447266,70.37000274658203,70.38999938964844,3711
2026-06-24 16:30:00+00:00,70.66000366210938,70.95999908447266,70.5999984741211,70.62999725341797,4241
2026-06-24 16:45:00+00:00,70.5199966430664,70.72000122070312,70.44999694824219,70.66000366210938,3084
2026-06-24 17:00:00+00:00,70.41999816894531,70.66000366210938,70.41999816894531,70.52999877929688,2656
2026-06-24 17:15:00+00:00,70.22000122070312,70.44999694824219,70.13999938964844,70.43000030517578,4474
2026-06-24 17:30:00+00:00,70.43000030517578,70.5,70.05000305175781,70.20999908447266,5856
2026-06-24 17:45:00+00:00,70.4800033569336,70.51000213623047,70.33999633789062,70.41999816894531,2372
2026-06-24 18:00:00+00:00,70.33000183105469,70.5199966430664,70.16000366210938,70.4800033569336,4781
2026-06-24 18:15:00+00:00,70.41999816894531,70.44000244140625,70.12000274658203,70.33000183105469,10931
2026-06-24 18:30:00+00:00,70.19000244140625,70.44000244140625,70.08000183105469,70.41999816894531,5670
2026-06-24 18:45:00+00:00,69.94999694824219,70.19999694824219,69.91000366210938,70.19000244140625,3487
2026-06-24 19:00:00+00:00,69.9800033569336,70.01000213623047,69.9000015258789,69.94999694824219,1890
2026-06-24 19:15:00+00:00,70.08000183105469,70.0999984741211,69.91000366210938,69.9800033569336,1573
2026-06-24 19:30:00+00:00,70.12999725341797,70.12999725341797,69.95999908447266,70.08999633789062,1720
2026-06-24 19:45:00+00:00,70.04000091552734,70.12000274658203,70.0,70.12000274658203,1313
2026-06-24 20:00:00+00:00,69.79000091552734,70.04000091552734,69.77999877929688,70.04000091552734,1405
2026-06-24 20:15:00+00:00,69.86000061035156,69.87000274658203,69.76000213623047,69.80000305175781,804
2026-06-24 20:30:00+00:00,69.88999938964844,69.9000015258789,69.80000305175781,69.86000061035156,640
2026-06-24 20:45:00+00:00,69.87000274658203,69.9000015258789,69.79000091552734,69.88999938964844,889
2026-06-24 22:00:00+00:00,69.86000061035156,70.02999877929688,69.66000366210938,69.94999694824219,113
2026-06-24 22:15:00+00:00,69.83999633789062,69.88999938964844,69.83000183105469,69.87000274658203,106
2026-06-24 22:30:00+00:00,69.9000015258789,69.94000244140625,69.79000091552734,69.83000183105469,154
2026-06-24 22:45:00+00:00,69.87999725341797,69.9000015258789,69.83999633789062,69.9000015258789,72
2026-06-24 23:00:00+00:00,69.88999938964844,69.94000244140625,69.86000061035156,69.87000274658203,139
2026-06-24 23:15:00+00:00,69.94999694824219,69.9800033569336,69.86000061035156,69.87000274658203,68
2026-06-24 23:30:00+00:00,69.88999938964844,70.0,69.88999938964844,69.95999908447266,108
2026-06-24 23:45:00+00:00,70.0,70.0199966430664,69.9000015258789,69.9000015258789,212
2026-06-25 00:00:00+00:00,70.0999984741211,70.12000274658203,69.94999694824219,70.0,700
2026-06-25 00:15:00+00:00,70.12000274658203,70.1500015258789,70.0199966430664,70.12000274658203,229
2026-06-25 00:30:00+00:00,70.12000274658203,70.20999908447266,70.0999984741211,70.0999984741211,279
2026-06-25 00:45:00+00:00,69.9800033569336,70.0999984741211,69.94000244140625,70.0999984741211,479
2026-06-25 01:00:00+00:00,69.47000122070312,70.06999969482422,69.33000183105469,70.0,3379
2026-06-25 01:15:00+00:00,69.43000030517578,69.83000183105469,69.41999816894531,69.45999908447266,1021
2026-06-25 01:30:00+00:00,69.2300033569336,69.44999694824219,69.19999694824219,69.41000366210938,973
2026-06-25 01:45:00+00:00,69.33999633789062,69.36000061035156,69.11000061035156,69.2300033569336,584
2026-06-25 02:00:00+00:00,69.19999694824219,69.37999725341797,69.05000305175781,69.33999633789062,834
2026-06-25 02:15:00+00:00,69.16000366210938,69.2699966430664,69.11000061035156,69.19999694824219,594
2026-06-25 02:30:00+00:00,69.37000274658203,69.41999816894531,69.12000274658203,69.16000366210938,678
2026-06-25 02:45:00+00:00,69.37000274658203,69.5,69.33000183105469,69.38999938964844,413
2026-06-25 03:00:00+00:00,69.16999816894531,69.41999816894531,69.05999755859375,69.4000015258789,770
2026-06-25 03:15:00+00:00,69.18000030517578,69.38999938964844,69.06999969482422,69.18000030517578,1100
2026-06-25 03:30:00+00:00,69.25,69.33000183105469,69.16000366210938,69.16000366210938,324
2026-06-25 03:45:00+00:00,69.33000183105469,69.33000183105469,69.2300033569336,69.25,163
2026-06-25 04:00:00+00:00,69.33000183105469,69.43000030517578,69.26000213623047,69.31999969482422,393
2026-06-25 04:15:00+00:00,69.36000061035156,69.41999816894531,69.30999755859375,69.33999633789062,176
2026-06-25 04:30:00+00:00,69.41999816894531,69.51000213623047,69.33000183105469,69.36000061035156,350
2026-06-25 04:45:00+00:00,69.48999786376953,69.55999755859375,69.41999816894531,69.41999816894531,365
2026-06-25 05:00:00+00:00,69.4800033569336,69.48999786376953,69.36000061035156,69.48999786376953,300
2026-06-25 05:15:00+00:00,69.48999786376953,69.51000213623047,69.43000030517578,69.4800033569336,277
2026-06-25 05:30:00+00:00,69.37000274658203,69.61000061035156,69.37000274658203,69.48999786376953,874
2026-06-25 05:45:00+00:00,69.37999725341797,69.44999694824219,69.20999908447266,69.38999938964844,893
2026-06-25 06:00:00+00:00,69.62999725341797,69.63999938964844,69.23999786376953,69.36000061035156,782
2026-06-25 06:15:00+00:00,69.7300033569336,69.76000213623047,69.44999694824219,69.62999725341797,1143
2026-06-25 06:30:00+00:00,69.48999786376953,69.81999969482422,69.4800033569336,69.73999786376953,1076
2026-06-25 06:45:00+00:00,69.58999633789062,69.66000366210938,69.41000366210938,69.4800033569336,670
2026-06-25 07:00:00+00:00,69.87999725341797,69.9000015258789,69.41999816894531,69.56999969482422,1384
2026-06-25 07:15:00+00:00,69.69999694824219,70.01000213623047,69.66000366210938,69.86000061035156,1892
2026-06-25 07:30:00+00:00,69.70999908447266,69.80000305175781,69.58000183105469,69.70999908447266,1203
2026-06-25 07:45:00+00:00,69.97000122070312,70.05999755859375,69.69000244140625,69.69999694824219,2129
2026-06-25 08:00:00+00:00,69.93000030517578,70.05999755859375,69.66999816894531,69.95999908447266,1740
2026-06-25 08:15:00+00:00,69.5,69.94999694824219,69.43000030517578,69.93000030517578,2835
2026-06-25 08:30:00+00:00,69.25,69.69999694824219,69.04000091552734,69.48999786376953,2785
2026-06-25 08:45:00+00:00,69.20999908447266,69.44999694824219,69.16000366210938,69.25,1434
2026-06-25 09:00:00+00:00,69.05000305175781,69.4000015258789,68.9000015258789,69.20999908447266,2442
2026-06-25 09:15:00+00:00,69.37999725341797,69.6500015258789,68.91999816894531,69.06999969482422,2460
2026-06-25 09:30:00+00:00,69.4800033569336,69.5999984741211,69.33999633789062,69.37999725341797,1282
2026-06-25 09:45:00+00:00,69.58000183105469,69.5999984741211,69.4000015258789,69.47000122070312,1168
2026-06-25 10:00:00+00:00,69.58999633789062,69.66000366210938,69.47000122070312,69.56999969482422,814
2026-06-25 10:15:00+00:00,69.52999877929688,69.62999725341797,69.43000030517578,69.5999984741211,938
2026-06-25 10:30:00+00:00,69.58999633789062,69.5999984741211,69.4800033569336,69.5199966430664,740
2026-06-25 10:45:00+00:00,69.41999816894531,69.68000030517578,69.37000274658203,69.58999633789062,1113
2026-06-25 11:00:00+00:00,69.44999694824219,69.5,69.2699966430664,69.4000015258789,1422
2026-06-25 11:15:00+00:00,69.69999694824219,69.69999694824219,69.44999694824219,69.44999694824219,1582
2026-06-25 11:30:00+00:00,69.7699966430664,69.8499984741211,69.66000366210938,69.69000244140625,1626
2026-06-25 11:45:00+00:00,69.80999755859375,69.94999694824219,69.70999908447266,69.77999877929688,1374
2026-06-25 12:00:00+00:00,69.6500015258789,69.83000183105469,69.61000061035156,69.80000305175781,3917
2026-06-25 12:15:00+00:00,69.91999816894531,69.94000244140625,69.58999633789062,69.66000366210938,2935
2026-06-25 12:30:00+00:00,69.47000122070312,69.94999694824219,69.36000061035156,69.91999816894531,3853
2026-06-25 12:45:00+00:00,69.55000305175781,69.69999694824219,69.31999969482422,69.47000122070312,3168
2026-06-25 13:00:00+00:00,70.05000305175781,70.06999969482422,69.44999694824219,69.54000091552734,5636
2026-06-25 13:15:00+00:00,69.87999725341797,70.19000244140625,69.87000274658203,70.04000091552734,5063
2026-06-25 13:30:00+00:00,70.02999877929688,70.02999877929688,69.75,69.87999725341797,3659
2026-06-25 13:45:00+00:00,70.45999908447266,70.4800033569336,69.94999694824219,70.02999877929688,5801
2026-06-25 14:00:00+00:00,70.58999633789062,70.66000366210938,70.3499984741211,70.44000244140625,8000
2026-06-25 14:15:00+00:00,70.94999694824219,70.9800033569336,70.4000015258789,70.56999969482422,4630
2026-06-25 14:30:00+00:00,70.86000061035156,70.95999908447266,70.61000061035156,70.94000244140625,6147
2026-06-25 14:45:00+00:00,70.80999755859375,70.8499984741211,70.54000091552734,70.8499984741211,4550
2026-06-25 15:00:00+00:00,71.56999969482422,71.70999908447266,70.7699966430664,70.81999969482422,14122
2026-06-25 15:15:00+00:00,71.3499984741211,71.76000213623047,71.33999633789062,71.58999633789062,6401
2026-06-25 15:30:00+00:00,71.36000061035156,71.47000122070312,71.20999908447266,71.33999633789062,5421
2026-06-25 15:45:00+00:00,71.43000030517578,71.52999877929688,71.23999786376953,71.36000061035156,3363
2026-06-25 16:00:00+00:00,71.63999938964844,71.69000244140625,71.44999694824219,71.44999694824219,3554
2026-06-25 16:15:00+00:00,71.61000061035156,71.69000244140625,71.51000213623047,71.63999938964844,3394
2026-06-25 16:30:00+00:00,71.47000122070312,71.68000030517578,71.44000244140625,71.5999984741211,2738
2026-06-25 16:45:00+00:00,71.55000305175781,71.58000183105469,71.41000366210938,71.4800033569336,3515
2026-06-25 17:00:00+00:00,71.55000305175781,71.62999725341797,71.29000091552734,71.55000305175781,3895
2026-06-25 17:15:00+00:00,71.5199966430664,71.83999633789062,71.47000122070312,71.54000091552734,4720
2026-06-25 17:30:00+00:00,71.55999755859375,71.63999938964844,71.43000030517578,71.51000213623047,3086
2026-06-25 17:45:00+00:00,71.77999877929688,71.79000091552734,71.4800033569336,71.55999755859375,3712
2026-06-25 18:00:00+00:00,71.91000366210938,72.08999633789062,71.7699966430664,71.79000091552734,8029
2026-06-25 18:15:00+00:00,71.95999908447266,71.98999786376953,71.7300033569336,71.91000366210938,11592
2026-06-25 18:30:00+00:00,72.02999877929688,72.2300033569336,71.95999908447266,71.95999908447266,5692
2026-06-25 18:45:00+00:00,72.12999725341797,72.16000366210938,72.0199966430664,72.04000091552734,2002
2026-06-25 19:00:00+00:00,72.33000183105469,72.36000061035156,72.12000274658203,72.13999938964844,1425
2026-06-25 19:15:00+00:00,72.30000305175781,72.5,72.26000213623047,72.33000183105469,1901
2026-06-25 19:30:00+00:00,72.0999984741211,72.30999755859375,72.05999755859375,72.30000305175781,1676
2026-06-25 19:45:00+00:00,72.02999877929688,72.12999725341797,71.9000015258789,72.11000061035156,1971
2026-06-25 20:00:00+00:00,72.05000305175781,72.18000030517578,71.94999694824219,72.02999877929688,597
2026-06-25 20:15:00+00:00,71.77999877929688,72.05000305175781,71.7699966430664,72.04000091552734,526
2026-06-25 20:30:00+00:00,71.63999938964844,71.80999755859375,71.58999633789062,71.77999877929688,1453
2026-06-25 20:45:00+00:00,71.47000122070312,71.62000274658203,71.37999725341797,71.62000274658203,1609
2026-06-25 22:00:00+00:00,71.44000244140625,71.61000061035156,71.38999938964844,71.44000244140625,194
2026-06-25 22:15:00+00:00,71.36000061035156,71.48999786376953,71.2699966430664,71.44000244140625,358
2026-06-25 22:30:00+00:00,71.48999786376953,71.48999786376953,71.33000183105469,71.33000183105469,96
2026-06-25 22:45:00+00:00,71.5,71.51000213623047,71.44999694824219,71.44999694824219,51
2026-06-25 23:00:00+00:00,71.45999908447266,71.5199966430664,71.43000030517578,71.5199966430664,182
2026-06-25 23:15:00+00:00,71.5,71.55999755859375,71.45999908447266,71.47000122070312,165
2026-06-25 23:30:00+00:00,71.48999786376953,71.52999877929688,71.45999908447266,71.48999786376953,58
2026-06-25 23:45:00+00:00,71.5199966430664,71.55999755859375,71.5,71.5,136
2026-06-26 00:00:00+00:00,71.61000061035156,71.66000366210938,71.43000030517578,71.52999877929688,556
2026-06-26 00:15:00+00:00,71.70999908447266,71.86000061035156,71.58000183105469,71.5999984741211,801
2026-06-26 00:30:00+00:00,71.58999633789062,71.73999786376953,71.55000305175781,71.70999908447266,239
2026-06-26 00:45:00+00:00,71.80000305175781,71.81999969482422,71.58000183105469,71.58000183105469,200
2026-06-26 01:00:00+00:00,71.51000213623047,71.83999633789062,71.5,71.80999755859375,1204
2026-06-26 01:15:00+00:00,71.56999969482422,71.68000030517578,71.44999694824219,71.5,468
2026-06-26 01:30:00+00:00,71.43000030517578,71.58000183105469,71.41000366210938,71.55999755859375,409
2026-06-26 01:45:00+00:00,71.23999786376953,71.44000244140625,71.20999908447266,71.44000244140625,747
2026-06-26 02:00:00+00:00,71.25,71.29000091552734,71.13999938964844,71.23999786376953,482
2026-06-26 02:15:00+00:00,71.19999694824219,71.27999877929688,71.12999725341797,71.2699966430664,441
2026-06-26 02:30:00+00:00,71.12999725341797,71.18000030517578,71.02999877929688,71.18000030517578,564
2026-06-26 02:45:00+00:00,70.81999969482422,71.12000274658203,70.79000091552734,71.12000274658203,1054
2026-06-26 03:00:00+00:00,70.69000244140625,70.81999969482422,70.5999984741211,70.80999755859375,813
2026-06-26 03:15:00+00:00,70.68000030517578,70.70999908447266,70.52999877929688,70.69999694824219,592
2026-06-26 03:30:00+00:00,70.56999969482422,70.75,70.56999969482422,70.69000244140625,359
2026-06-26 03:45:00+00:00,70.58999633789062,70.5999984741211,70.4800033569336,70.56999969482422,265
2026-06-26 04:00:00+00:00,70.5199966430664,70.6500015258789,70.41999816894531,70.5999984741211,573
2026-06-26 04:15:00+00:00,70.45999908447266,70.54000091552734,70.43000030517578,70.52999877929688,297
2026-06-26 04:30:00+00:00,70.44999694824219,70.52999877929688,70.41000366210938,70.48999786376953,242
2026-06-26 04:45:00+00:00,70.41000366210938,70.48999786376953,70.38999938964844,70.44999694824219,200
2026-06-26 05:00:00+00:00,70.41000366210938,70.44000244140625,70.33999633789062,70.4000015258789,444
2026-06-26 05:15:00+00:00,70.4800033569336,70.51000213623047,70.37999725341797,70.41000366210938,297
2026-06-26 05:30:00+00:00,70.70999908447266,70.7699966430664,70.38999938964844,70.47000122070312,906
2026-06-26 05:45:00+00:00,70.87999725341797,70.94000244140625,70.66999816894531,70.70999908447266,797
2026-06-26 06:00:00+00:00,70.63999938964844,70.91000366210938,70.62999725341797,70.87999725341797,674
2026-06-26 06:15:00+00:00,70.66999816894531,70.7699966430664,70.63999938964844,70.66000366210938,691
2026-06-26 06:30:00+00:00,70.56999969482422,70.66999816894531,70.48999786376953,70.66999816894531,1093
2026-06-26 06:45:00+00:00,70.48999786376953,70.62000274658203,70.33999633789062,70.56999969482422,682
2026-06-26 07:00:00+00:00,70.31999969482422,70.52999877929688,70.29000091552734,70.4800033569336,1195
2026-06-26 07:15:00+00:00,70.20999908447266,70.38999938964844,70.20999908447266,70.30999755859375,1291
2026-06-26 07:30:00+00:00,70.1500015258789,70.4000015258789,70.08999633789062,70.19999694824219,1199
2026-06-26 07:45:00+00:00,69.87000274658203,70.13999938964844,69.81999969482422,70.13999938964844,1765
2026-06-26 08:00:00+00:00,70.12999725341797,70.16000366210938,69.7300033569336,69.87999725341797,2124
2026-06-26 08:15:00+00:00,69.11000061035156,70.16999816894531,69.02999877929688,70.12000274658203,4775
2026-06-26 08:30:00+00:00,69.43000030517578,69.4800033569336,68.9800033569336,69.12999725341797,3640
2026-06-26 08:45:00+00:00,69.29000091552734,69.4800033569336,69.26000213623047,69.43000030517578,1656
2026-06-26 09:00:00+00:00,69.44999694824219,69.51000213623047,69.2300033569336,69.29000091552734,1394
2026-06-26 09:15:00+00:00,69.3499984741211,69.51000213623047,69.20999908447266,69.44000244140625,1692
2026-06-26 09:30:00+00:00,69.31999969482422,69.5,69.2699966430664,69.33999633789062,1005
2026-06-26 09:45:00+00:00,69.08000183105469,69.36000061035156,69.0199966430664,69.30999755859375,2677
2026-06-26 10:00:00+00:00,69.2300033569336,69.23999786376953,68.95999908447266,69.06999969482422,2767
2026-06-26 10:15:00+00:00,69.30000305175781,69.41999816894531,69.16000366210938,69.2300033569336,1089
2026-06-26 10:30:00+00:00,69.41000366210938,69.4800033569336,69.0999984741211,69.29000091552734,1570
2026-06-26 10:45:00+00:00,69.5199966430664,69.5999984741211,69.37000274658203,69.4000015258789,1914
2026-06-26 11:00:00+00:00,69.69999694824219,69.75,69.5,69.51000213623047,1953
2026-06-26 11:15:00+00:00,69.72000122070312,69.80000305175781,69.5999984741211,69.69000244140625,1449
2026-06-26 11:30:00+00:00,70.0999984741211,70.0999984741211,69.69999694824219,69.72000122070312,2148
2026-06-26 11:45:00+00:00,70.08000183105469,70.33999633789062,70.06999969482422,70.08999633789062,3572
2026-06-26 12:00:00+00:00,69.79000091552734,70.12000274658203,69.66999816894531,70.08000183105469,3874
2026-06-26 12:15:00+00:00,69.69000244140625,69.91000366210938,69.62999725341797,69.77999877929688,2348
2026-06-26 12:30:00+00:00,69.51000213623047,69.73999786376953,69.45999908447266,69.69000244140625,2396
2026-06-26 12:45:00+00:00,69.37999725341797,69.55999755859375,69.36000061035156,69.5,3283
2026-06-26 13:00:00+00:00,69.55000305175781,69.80999755859375,69.33000183105469,69.37999725341797,3445
2026-06-26 13:15:00+00:00,69.73999786376953,70.58000183105469,69.54000091552734,69.56999969482422,14088
2026-06-26 13:30:00+00:00,69.7300033569336,69.94999694824219,69.5199966430664,69.75,5745
2026-06-26 13:45:00+00:00,69.4000015258789,69.80999755859375,69.18000030517578,69.72000122070312,7726
2026-06-26 14:00:00+00:00,69.30999755859375,69.5199966430664,69.1500015258789,69.4000015258789,5284
2026-06-26 14:15:00+00:00,69.18000030517578,69.31999969482422,68.91999816894531,69.30000305175781,6948
2026-06-26 14:30:00+00:00,68.94999694824219,69.26000213623047,68.8499984741211,69.19000244140625,6204
2026-06-26 14:45:00+00:00,69.20999908447266,69.23999786376953,68.83999633789062,68.94999694824219,9876
2026-06-26 15:00:00+00:00,68.80000305175781,69.26000213623047,68.58000183105469,69.20999908447266,5917
2026-06-26 15:15:00+00:00,68.75,68.88999938964844,68.55999755859375,68.77999877929688,7209
2026-06-26 15:30:00+00:00,69.04000091552734,69.05999755859375,68.6500015258789,68.75,4708
2026-06-26 15:45:00+00:00,69.08999633789062,69.5199966430664,68.80000305175781,69.04000091552734,11938
2026-06-26 16:00:00+00:00,68.9800033569336,69.19000244140625,68.93000030517578,69.08999633789062,3941
2026-06-26 16:15:00+00:00,69.01000213623047,69.2300033569336,68.94999694824219,68.98999786376953,3818
2026-06-26 16:30:00+00:00,69.2699966430664,69.29000091552734,68.8499984741211,69.0,4840
2026-06-26 16:45:00+00:00,69.30000305175781,69.36000061035156,69.05999755859375,69.27999877929688,4590
2026-06-26 17:00:00+00:00,69.0999984741211,69.33000183105469,69.04000091552734,69.30999755859375,3226
2026-06-26 17:15:00+00:00,69.30999755859375,69.31999969482422,69.02999877929688,69.0999984741211,2611
2026-06-26 17:30:00+00:00,69.3499984741211,69.5199966430664,69.30999755859375,69.31999969482422,4763
2026-06-26 17:45:00+00:00,69.2699966430664,69.4000015258789,69.2300033569336,69.33999633789062,2724
2026-06-26 18:00:00+00:00,69.33999633789062,69.37999725341797,69.20999908447266,69.2699966430664,4588
2026-06-26 18:15:00+00:00,69.23999786376953,69.37999725341797,69.11000061035156,69.36000061035156,8767
2026-06-26 18:30:00+00:00,69.12999725341797,69.25,69.08000183105469,69.23999786376953,2548
2026-06-26 18:45:00+00:00,69.12000274658203,69.19999694824219,69.06999969482422,69.12000274658203,1255
2026-06-26 19:00:00+00:00,69.0999984741211,69.12000274658203,69.01000213623047,69.12000274658203,832
2026-06-26 19:15:00+00:00,69.19999694824219,69.23999786376953,69.0199966430664,69.08999633789062,1517
2026-06-26 19:30:00+00:00,69.41999816894531,69.43000030517578,69.19999694824219,69.19999694824219,1268
2026-06-26 19:45:00+00:00,69.51000213623047,69.62000274658203,69.38999938964844,69.41000366210938,2406
2026-06-26 20:00:00+00:00,69.41000366210938,69.5199966430664,69.37000274658203,69.48999786376953,1215
2026-06-26 20:15:00+00:00,69.54000091552734,69.55999755859375,69.4000015258789,69.4000015258789,526
2026-06-26 20:30:00+00:00,69.8499984741211,70.26000213623047,69.54000091552734,69.55999755859375,5569
2026-06-26 20:45:00+00:00,69.2300033569336,70.38999938964844,69.2300033569336,69.81999969482422,2436
2026-06-28 22:00:00+00:00,70.12000274658203,70.18000030517578,69.93000030517578,69.9800033569336,289
2026-06-28 22:15:00+00:00,70.33999633789062,70.37000274658203,70.08000183105469,70.13999938964844,1464
2026-06-28 22:30:00+00:00,70.16000366210938,70.38999938964844,70.12000274658203,70.37000274658203,343
2026-06-28 22:45:00+00:00,70.04000091552734,70.16000366210938,70.0199966430664,70.1500015258789,435
2026-06-28 23:00:00+00:00,69.97000122070312,70.0999984741211,69.87999725341797,70.05000305175781,646
2026-06-28 23:15:00+00:00,69.86000061035156,70.0,69.83999633789062,69.98999786376953,577
2026-06-28 23:30:00+00:00,69.77999877929688,69.93000030517578,69.77999877929688,69.87999725341797,216
2026-06-28 23:45:00+00:00,69.76000213623047,69.80999755859375,69.66000366210938,69.80000305175781,591
2026-06-29 00:00:00+00:00,69.44999694824219,69.7699966430664,69.31999969482422,69.75,1240
2026-06-29 00:15:00+00:00,69.79000091552734,69.80999755859375,69.43000030517578,69.45999908447266,575
2026-06-29 00:30:00+00:00,69.91999816894531,69.97000122070312,69.73999786376953,69.79000091552734,870
2026-06-29 00:45:00+00:00,69.8499984741211,70.05000305175781,69.83999633789062,69.91999816894531,507
2026-06-29 01:00:00+00:00,70.19000244140625,70.2300033569336,69.73999786376953,69.86000061035156,1311
2026-06-29 01:15:00+00:00,70.12999725341797,70.27999877929688,70.08000183105469,70.19000244140625,712
2026-06-29 01:30:00+00:00,70.04000091552734,70.19999694824219,70.02999877929688,70.11000061035156,406
2026-06-29 01:45:00+00:00,70.0,70.11000061035156,69.94999694824219,70.04000091552734,590
2026-06-29 02:00:00+00:00,69.9800033569336,70.11000061035156,69.94999694824219,70.0,448
2026-06-29 02:15:00+00:00,70.04000091552734,70.08000183105469,69.97000122070312,70.0,372
2026-06-29 02:30:00+00:00,69.87999725341797,70.08000183105469,69.77999877929688,70.0199966430664,637
2026-06-29 02:45:00+00:00,69.95999908447266,69.9800033569336,69.80999755859375,69.87000274658203,389
2026-06-29 03:00:00+00:00,70.06999969482422,70.0999984741211,69.9000015258789,69.94999694824219,362
2026-06-29 03:15:00+00:00,70.01000213623047,70.08000183105469,69.91999816894531,70.05999755859375,230
2026-06-29 03:30:00+00:00,69.93000030517578,70.02999877929688,69.91999816894531,70.0,298
2026-06-29 03:45:00+00:00,70.05999755859375,70.08999633789062,69.91999816894531,69.93000030517578,268
2026-06-29 04:00:00+00:00,70.05999755859375,70.12999725341797,70.0199966430664,70.05999755859375,244
2026-06-29 04:15:00+00:00,70.04000091552734,70.0999984741211,70.0,70.05000305175781,189
2026-06-29 04:30:00+00:00,69.98999786376953,70.05000305175781,69.97000122070312,70.0199966430664,212
2026-06-29 04:45:00+00:00,69.94999694824219,70.05000305175781,69.94999694824219,69.9800033569336,152
2026-06-29 05:00:00+00:00,69.69999694824219,69.97000122070312,69.66000366210938,69.94999694824219,571
2026-06-29 05:15:00+00:00,69.7699966430664,69.87999725341797,69.69999694824219,69.69999694824219,218
2026-06-29 05:30:00+00:00,69.5,69.77999877929688,69.47000122070312,69.75,789
2026-06-29 05:45:00+00:00,69.51000213623047,69.63999938964844,69.41999816894531,69.5,454
2026-06-29 06:00:00+00:00,69.7300033569336,69.83000183105469,69.45999908447266,69.48999786376953,635
2026-06-29 06:15:00+00:00,70.06999969482422,70.08000183105469,69.66000366210938,69.7300033569336,702
2026-06-29 06:30:00+00:00,70.22000122070312,70.29000091552734,70.08000183105469,70.08000183105469,817
2026-06-29 06:45:00+00:00,69.94999694824219,70.25,69.8499984741211,70.2300033569336,1072
2026-06-29 07:00:00+00:00,69.87000274658203,69.98999786376953,69.83000183105469,69.94000244140625,1059
2026-06-29 07:15:00+00:00,69.94999694824219,70.01000213623047,69.76000213623047,69.87000274658203,900
2026-06-29 07:30:00+00:00,69.66000366210938,70.01000213623047,69.61000061035156,69.93000030517578,743
2026-06-29 07:45:00+00:00,69.5199966430664,69.7699966430664,69.4800033569336,69.66999816894531,928
2026-06-29 08:00:00+00:00,69.8499984741211,69.91999816894531,69.4800033569336,69.5199966430664,1196
2026-06-29 08:15:00+00:00,70.16000366210938,70.2300033569336,69.79000091552734,69.86000061035156,1873
2026-06-29 08:30:00+00:00,70.06999969482422,70.23999786376953,69.94000244140625,70.16000366210938,1512
2026-06-29 08:45:00+00:00,70.13999938964844,70.2699966430664,69.93000030517578,70.06999969482422,2020
2026-06-29 09:00:00+00:00,70.0199966430664,70.19999694824219,69.97000122070312,70.12999725341797,1293
2026-06-29 09:15:00+00:00,70.33000183105469,70.36000061035156,69.91000366210938,70.01000213623047,1490
2026-06-29 09:30:00+00:00,70.37000274658203,70.5199966430664,70.30000305175781,70.33999633789062,1553
2026-06-29 09:45:00+00:00,70.61000061035156,70.7300033569336,70.3499984741211,70.36000061035156,1897
2026-06-29 10:00:00+00:00,70.05999755859375,70.62000274658203,69.98999786376953,70.5999984741211,1929
2026-06-29 10:15:00+00:00,69.98999786376953,70.11000061035156,69.86000061035156,70.06999969482422,791
2026-06-29 10:30:00+00:00,69.9000015258789,70.11000061035156,69.86000061035156,69.98999786376953,1190
2026-06-29 10:45:00+00:00,69.8499984741211,69.98999786376953,69.79000091552734,69.88999938964844,929
2026-06-29 11:00:00+00:00,69.79000091552734,69.87000274658203,69.68000030517578,69.86000061035156,1792
2026-06-29 11:15:00+00:00,70.01000213623047,70.02999877929688,69.79000091552734,69.79000091552734,2059
2026-06-29 11:30:00+00:00,69.83000183105469,70.08000183105469,69.61000061035156,70.0199966430664,3075
2026-06-29 11:45:00+00:00,69.97000122070312,69.98999786376953,69.69999694824219,69.8499984741211,3075
2026-06-29 12:00:00+00:00,69.88999938964844,70.08000183105469,69.69999694824219,69.95999908447266,2525
2026-06-29 12:15:00+00:00,70.12999725341797,70.13999938964844,69.87999725341797,69.87999725341797,2099
2026-06-29 12:30:00+00:00,69.9800033569336,70.18000030517578,69.94999694824219,70.12999725341797,2402
2026-06-29 12:45:00+00:00,70.02999877929688,70.0999984741211,69.83000183105469,69.9800033569336,2705
2026-06-29 13:00:00+00:00,70.05999755859375,70.16000366210938,69.87999725341797,70.04000091552734,3236
2026-06-29 13:15:00+00:00,70.26000213623047,70.27999877929688,69.95999908447266,70.06999969482422,2440
2026-06-29 13:30:00+00:00,70.06999969482422,70.30000305175781,69.97000122070312,70.2699966430664,2717
2026-06-29 13:45:00+00:00,70.06999969482422,70.27999877929688,70.02999877929688,70.08000183105469,2573
2026-06-29 14:00:00+00:00,70.22000122070312,70.26000213623047,69.94999694824219,70.08999633789062,4394
2026-06-29 14:15:00+00:00,70.44000244140625,70.45999908447266,70.16999816894531,70.20999908447266,5430
2026-06-29 14:30:00+00:00,70.36000061035156,70.51000213623047,70.27999877929688,70.43000030517578,3159
2026-06-29 14:45:00+00:00,70.47000122070312,70.58999633789062,70.30999755859375,70.36000061035156,3009
2026-06-29 15:00:00+00:00,70.5,70.5199966430664,70.26000213623047,70.4800033569336,2844
2026-06-29 15:15:00+00:00,70.4800033569336,70.52999877929688,70.37000274658203,70.5,3120
2026-06-29 15:30:00+00:00,70.58000183105469,70.63999938964844,70.41000366210938,70.45999908447266,2707
2026-06-29 15:45:00+00:00,70.58999633789062,70.69999694824219,70.52999877929688,70.58000183105469,3214
2026-06-29 16:00:00+00:00,70.68000030517578,70.81999969482422,70.55000305175781,70.58999633789062,2749
2026-06-29 16:15:00+00:00,70.81999969482422,70.83999633789062,70.63999938964844,70.69000244140625,2037
2026-06-29 16:30:00+00:00,70.98999786376953,71.01000213623047,70.79000091552734,70.81999969482422,3092
2026-06-29 16:45:00+00:00,70.80999755859375,71.04000091552734,70.7699966430664,70.98999786376953,3757
2026-06-29 17:00:00+00:00,70.91999816894531,70.94000244140625,70.66999816894531,70.80999755859375,3550
2026-06-29 17:15:00+00:00,70.88999938964844,71.1500015258789,70.8499984741211,70.91999816894531,3810
2026-06-29 17:30:00+00:00,70.93000030517578,71.02999877929688,70.83999633789062,70.88999938964844,3219
2026-06-29 17:45:00+00:00,70.91000366210938,70.93000030517578,70.83000183105469,70.91999816894531,2059
2026-06-29 18:00:00+00:00,70.81999969482422,71.0,70.80000305175781,70.9000015258789,4065
2026-06-29 18:15:00+00:00,70.81999969482422,70.91999816894531,70.4800033569336,70.83999633789062,8927
2026-06-29 18:30:00+00:00,70.61000061035156,70.83999633789062,70.5999984741211,70.80999755859375,3367
2026-06-29 18:45:00+00:00,70.45999908447266,70.62000274658203,70.44999694824219,70.5999984741211,1383
2026-06-29 19:00:00+00:00,70.51000213623047,70.55000305175781,70.45999908447266,70.47000122070312,665
2026-06-29 19:15:00+00:00,70.41999816894531,70.5199966430664,70.41000366210938,70.5,741
2026-06-29 19:30:00+00:00,70.41999816894531,70.5,70.37999725341797,70.41999816894531,614
2026-06-29 19:45:00+00:00,70.5199966430664,70.55000305175781,70.36000061035156,70.43000030517578,1532
2026-06-29 20:00:00+00:00,70.51000213623047,70.56999969482422,70.51000213623047,70.52999877929688,362
2026-06-29 20:15:00+00:00,70.4800033569336,70.55000305175781,70.47000122070312,70.5,521
2026-06-29 20:30:00+00:00,70.4800033569336,70.61000061035156,70.47000122070312,70.48999786376953,397
2026-06-29 20:45:00+00:00,70.41999816894531,70.51000213623047,70.41000366210938,70.4800033569336,832
2026-06-29 22:00:00+00:00,70.33000183105469,70.5,70.30999755859375,70.43000030517578,158
2026-06-29 22:15:00+00:00,70.37999725341797,70.41000366210938,70.25,70.30000305175781,167
2026-06-29 22:30:00+00:00,70.33000183105469,70.38999938964844,70.27999877929688,70.37999725341797,46
2026-06-29 22:45:00+00:00,70.27999877929688,70.30999755859375,70.25,70.30000305175781,54
2026-06-29 23:00:00+00:00,70.19000244140625,70.30000305175781,70.19000244140625,70.29000091552734,142
2026-06-29 23:15:00+00:00,70.30999755859375,70.31999969482422,70.19000244140625,70.20999908447266,96
2026-06-29 23:30:00+00:00,70.16000366210938,70.29000091552734,70.13999938964844,70.29000091552734,111
2026-06-29 23:45:00+00:00,70.1500015258789,70.22000122070312,70.1500015258789,70.16999816894531,115
2026-06-30 00:00:00+00:00,70.30000305175781,70.3499984741211,70.1500015258789,70.1500015258789,570
2026-06-30 00:15:00+00:00,70.3499984741211,70.4000015258789,70.2699966430664,70.30000305175781,261
2026-06-30 00:30:00+00:00,70.22000122070312,70.33999633789062,70.19000244140625,70.33999633789062,215
2026-06-30 00:45:00+00:00,70.30000305175781,70.3499984741211,70.20999908447266,70.20999908447266,419
2026-06-30 01:00:00+00:00,70.22000122070312,70.41999816894531,70.11000061035156,70.30000305175781,663
2026-06-30 01:15:00+00:00,70.22000122070312,70.27999877929688,70.16000366210938,70.23999786376953,344
2026-06-30 01:30:00+00:00,70.33000183105469,70.37999725341797,70.1500015258789,70.18000030517578,264
2026-06-30 01:45:00+00:00,70.30000305175781,70.4000015258789,70.27999877929688,70.30999755859375,179
2026-06-30 02:00:00+00:00,70.43000030517578,70.4800033569336,70.30000305175781,70.33000183105469,385
2026-06-30 02:15:00+00:00,70.43000030517578,70.44999694824219,70.3499984741211,70.44999694824219,147
2026-06-30 02:30:00+00:00,70.38999938964844,70.47000122070312,70.36000061035156,70.44999694824219,138
2026-06-30 02:45:00+00:00,70.68000030517578,70.87000274658203,70.4000015258789,70.4000015258789,1194
2026-06-30 03:00:00+00:00,70.68000030517578,70.73999786376953,70.56999969482422,70.69000244140625,324
2026-06-30 03:15:00+00:00,70.45999908447266,70.69000244140625,70.45999908447266,70.69000244140625,508
2026-06-30 03:30:00+00:00,70.37000274658203,70.5999984741211,70.36000061035156,70.4800033569336,300
2026-06-30 03:45:00+00:00,70.3499984741211,70.41000366210938,70.30999755859375,70.37000274658203,241
2026-06-30 04:00:00+00:00,70.43000030517578,70.44999694824219,70.36000061035156,70.37000274658203,168
2026-06-30 04:15:00+00:00,70.27999877929688,70.4800033569336,70.27999877929688,70.43000030517578,183
2026-06-30 04:30:00+00:00,70.23999786376953,70.31999969482422,70.2300033569336,70.2699966430664,293
2026-06-30 04:45:00+00:00,70.22000122070312,70.27999877929688,70.20999908447266,70.25,157
2026-06-30 05:00:00+00:00,70.22000122070312,70.22000122070312,69.93000030517578,70.20999908447266,1030
2026-06-30 05:15:00+00:00,70.2300033569336,70.2300033569336,70.16000366210938,70.20999908447266,178
2026-06-30 05:30:00+00:00,70.33000183105469,70.33999633789062,70.08000183105469,70.22000122070312,665
2026-06-30 05:45:00+00:00,70.11000061035156,70.37000274658203,70.06999969482422,70.33000183105469,394
2026-06-30 06:00:00+00:00,70.04000091552734,70.12999725341797,69.97000122070312,70.0999984741211,878
2026-06-30 06:15:00+00:00,69.83999633789062,70.05000305175781,69.80999755859375,70.04000091552734,939
2026-06-30 06:30:00+00:00,69.98999786376953,70.0,69.75,69.8499984741211,907
2026-06-30 06:45:00+00:00,70.12999725341797,70.20999908447266,69.95999908447266,69.9800033569336,655
2026-06-30 07:00:00+00:00,70.3499984741211,70.41000366210938,70.0999984741211,70.12000274658203,1142
2026-06-30 07:15:00+00:00,70.33000183105469,70.43000030517578,70.22000122070312,70.36000061035156,935
2026-06-30 07:30:00+00:00,70.20999908447266,70.41999816894531,70.16000366210938,70.33999633789062,680
2026-06-30 07:45:00+00:00,70.27999877929688,70.4000015258789,70.18000030517578,70.20999908447266,810
2026-06-30 08:00:00+00:00,70.58000183105469,70.63999938964844,70.1500015258789,70.2699966430664,1464
2026-06-30 08:15:00+00:00,70.5,70.7699966430664,70.44000244140625,70.56999969482422,1641
2026-06-30 08:30:00+00:00,70.7699966430664,70.87999725341797,70.44000244140625,70.5,2023
2026-06-30 08:45:00+00:00,70.52999877929688,70.87000274658203,70.38999938964844,70.7699966430664,1456
2026-06-30 09:00:00+00:00,70.58999633789062,70.63999938964844,70.52999877929688,70.55000305175781,592
2026-06-30 09:15:00+00:00,70.70999908447266,70.79000091552734,70.45999908447266,70.58999633789062,1905
2026-06-30 09:30:00+00:00,70.80999755859375,70.91999816894531,70.68000030517578,70.69999694824219,1328
2026-06-30 09:45:00+00:00,71.0199966430664,71.04000091552734,70.7699966430664,70.80000305175781,2329
2026-06-30 10:00:00+00:00,71.02999877929688,71.18000030517578,70.94000244140625,71.0199966430664,1799
2026-06-30 10:15:00+00:00,70.70999908447266,71.06999969482422,70.66999816894531,71.0199966430664,1027
2026-06-30 10:30:00+00:00,70.62999725341797,70.91000366210938,70.54000091552734,70.69999694824219,858
2026-06-30 10:45:00+00:00,70.69999694824219,70.80000305175781,70.5999984741211,70.62000274658203,1083
2026-06-30 11:00:00+00:00,70.69000244140625,70.80999755859375,70.6500015258789,70.69999694824219,651
2026-06-30 11:15:00+00:00,70.76000213623047,70.77999877929688,70.52999877929688,70.69000244140625,1538
2026-06-30 11:30:00+00:00,70.9000015258789,70.93000030517578,70.72000122070312,70.75,1089
2026-06-30 11:45:00+00:00,71.1500015258789,71.19999694824219,70.8499984741211,70.91000366210938,3147
2026-06-30 12:00:00+00:00,71.16999816894531,71.23999786376953,71.04000091552734,71.16000366210938,1372
2026-06-30 12:15:00+00:00,71.2300033569336,71.55999755859375,71.13999938964844,71.18000030517578,4754
2026-06-30 12:30:00+00:00,70.97000122070312,71.2300033569336,70.81999969482422,71.2300033569336,4129
2026-06-30 12:45:00+00:00,70.97000122070312,71.08000183105469,70.91999816894531,70.97000122070312,2488
2026-06-30 13:00:00+00:00,71.48999786376953,71.5,70.86000061035156,70.95999908447266,5689
2026-06-30 13:15:00+00:00,71.2300033569336,71.5999984741211,70.83999633789062,71.5,8934
2026-06-30 13:30:00+00:00,70.7699966430664,71.2300033569336,70.69999694824219,71.2300033569336,5235
2026-06-30 13:45:00+00:00,70.9000015258789,70.97000122070312,70.70999908447266,70.7699966430664,3536
2026-06-30 14:00:00+00:00,70.83999633789062,70.97000122070312,70.81999969482422,70.88999938964844,4034
2026-06-30 14:15:00+00:00,70.80999755859375,70.83999633789062,70.55000305175781,70.83000183105469,4145
2026-06-30 14:30:00+00:00,70.55000305175781,70.88999938964844,70.5199966430664,70.80999755859375,5615
2026-06-30 14:45:00+00:00,70.43000030517578,70.61000061035156,70.31999969482422,70.55999755859375,5777
2026-06-30 15:00:00+00:00,70.25,70.44000244140625,70.13999938964844,70.43000030517578,5732
2026-06-30 15:15:00+00:00,70.05999755859375,70.37999725341797,70.0,70.23999786376953,4012
2026-06-30 15:30:00+00:00,70.08000183105469,70.18000030517578,69.95999908447266,70.05000305175781,3925
2026-06-30 15:45:00+00:00,69.7699966430664,70.0999984741211,69.72000122070312,70.08000183105469,5253
2026-06-30 16:00:00+00:00,70.0999984741211,70.12000274658203,69.75,69.7699966430664,4462
2026-06-30 16:15:00+00:00,69.9800033569336,70.16999816894531,69.95999908447266,70.0999984741211,3344
2026-06-30 16:30:00+00:00,69.94999694824219,69.98999786376953,69.81999969482422,69.9800033569336,4321
2026-06-30 16:45:00+00:00,69.80000305175781,69.97000122070312,69.75,69.94999694824219,3555
2026-06-30 17:00:00+00:00,69.8499984741211,69.87000274658203,69.72000122070312,69.79000091552734,2166
2026-06-30 17:15:00+00:00,69.66000366210938,69.9000015258789,69.56999969482422,69.83999633789062,3386
2026-06-30 17:30:00+00:00,69.66999816894531,69.69000244140625,69.56999969482422,69.66999816894531,2853
2026-06-30 17:45:00+00:00,69.69000244140625,69.7699966430664,69.66999816894531,69.68000030517578,3086
2026-06-30 18:00:00+00:00,69.5,69.7300033569336,69.44999694824219,69.68000030517578,3126
2026-06-30 18:15:00+00:00,69.5199966430664,69.56999969482422,69.22000122070312,69.5,14087
2026-06-30 18:30:00+00:00,69.80999755859375,69.86000061035156,69.5,69.5199966430664,3550
2026-06-30 18:45:00+00:00,69.9800033569336,70.02999877929688,69.76000213623047,69.80999755859375,1567
2026-06-30 19:00:00+00:00,69.93000030517578,70.02999877929688,69.91000366210938,69.9800033569336,752
2026-06-30 19:15:00+00:00,70.0199966430664,70.08000183105469,69.94000244140625,69.94999694824219,681
2026-06-30 19:30:00+00:00,70.06999969482422,70.1500015258789,70.0199966430664,70.02999877929688,870
2026-06-30 19:45:00+00:00,70.08999633789062,70.1500015258789,70.05999755859375,70.06999969482422,1151
2026-06-30 20:00:00+00:00,70.08000183105469,70.16999816894531,70.02999877929688,70.08000183105469,761
2026-06-30 20:15:00+00:00,70.08000183105469,70.12000274658203,70.02999877929688,70.08000183105469,580
2026-06-30 20:30:00+00:00,70.05999755859375,70.11000061035156,70.01000213623047,70.08999633789062,694
2026-06-30 20:45:00+00:00,70.02999877929688,70.0999984741211,69.97000122070312,70.05000305175781,1248
2026-06-30 22:00:00+00:00,69.97000122070312,70.16999816894531,69.93000030517578,69.9800033569336,135
2026-06-30 22:15:00+00:00,69.94000244140625,69.95999908447266,69.87999725341797,69.95999908447266,116
2026-06-30 22:30:00+00:00,69.94000244140625,69.98999786376953,69.91999816894531,69.94000244140625,58
2026-06-30 22:45:00+00:00,69.98999786376953,69.98999786376953,69.91000366210938,69.94000244140625,43
2026-06-30 23:00:00+00:00,70.0,70.04000091552734,69.91000366210938,69.9800033569336,111
2026-06-30 23:15:00+00:00,70.02999877929688,70.06999969482422,70.02999877929688,70.02999877929688,42
2026-06-30 23:30:00+00:00,69.98999786376953,70.12000274658203,69.97000122070312,70.05999755859375,222
2026-06-30 23:45:00+00:00,70.12000274658203,70.12000274658203,70.0,70.0,65
2026-07-01 00:00:00+00:00,70.11000061035156,70.19000244140625,70.05999755859375,70.11000061035156,418
2026-07-01 00:15:00+00:00,69.98999786376953,70.13999938964844,69.9800033569336,70.12999725341797,238
2026-07-01 00:30:00+00:00,70.05000305175781,70.11000061035156,70.0,70.0,102
2026-07-01 00:45:00+00:00,70.12000274658203,70.12000274658203,70.0,70.04000091552734,170
2026-07-01 01:00:00+00:00,69.91000366210938,70.1500015258789,69.86000061035156,70.12999725341797,721
2026-07-01 01:15:00+00:00,69.93000030517578,69.98999786376953,69.80999755859375,69.93000030517578,559
2026-07-01 01:30:00+00:00,69.8499984741211,69.9800033569336,69.79000091552734,69.93000030517578,313
2026-07-01 01:45:00+00:00,69.77999877929688,69.9000015258789,69.66999816894531,69.8499984741211,438
2026-07-01 02:00:00+00:00,69.75,69.79000091552734,69.68000030517578,69.79000091552734,480
2026-07-01 02:15:00+00:00,69.7699966430664,69.87999725341797,69.76000213623047,69.7699966430664,187
2026-07-01 02:30:00+00:00,69.80999755859375,69.87999725341797,69.73999786376953,69.77999877929688,482
2026-07-01 02:45:00+00:00,69.80999755859375,69.83000183105469,69.75,69.79000091552734,190
2026-07-01 03:00:00+00:00,69.79000091552734,69.87000274658203,69.7699966430664,69.80999755859375,264
2026-07-01 03:15:00+00:00,69.7699966430664,69.87000274658203,69.7699966430664,69.79000091552734,254
2026-07-01 03:30:00+00:00,69.83000183105469,69.87000274658203,69.76000213623047,69.76000213623047,323
2026-07-01 03:45:00+00:00,69.80999755859375,69.83999633789062,69.7699966430664,69.83999633789062,87
2026-07-01 04:00:00+00:00,69.7699966430664,69.8499984741211,69.7699966430664,69.81999969482422,113
2026-07-01 04:15:00+00:00,69.7699966430664,69.77999877929688,69.7300033569336,69.76000213623047,89
2026-07-01 04:30:00+00:00,69.73999786376953,69.77999877929688,69.69999694824219,69.76000213623047,175
2026-07-01 04:45:00+00:00,69.72000122070312,69.76000213623047,69.66999816894531,69.75,166
2026-07-01 05:00:00+00:00,69.77999877929688,69.77999877929688,69.70999908447266,69.7300033569336,135
2026-07-01 05:15:00+00:00,69.77999877929688,69.87000274658203,69.73999786376953,69.76000213623047,322
2026-07-01 05:30:00+00:00,69.69000244140625,69.79000091552734,69.62999725341797,69.76000213623047,470
2026-07-01 05:45:00+00:00,69.61000061035156,69.76000213623047,69.56999969482422,69.69999694824219,350
2026-07-01 06:00:00+00:00,69.58999633789062,69.69000244140625,69.54000091552734,69.5999984741211,510
2026-07-01 06:15:00+00:00,69.52999877929688,69.61000061035156,69.44000244140625,69.5999984741211,586
2026-07-01 06:30:00+00:00,69.56999969482422,69.63999938964844,69.44000244140625,69.5199966430664,611
2026-07-01 06:45:00+00:00,69.58999633789062,69.5999984741211,69.44000244140625,69.56999969482422,478
2026-07-01 07:00:00+00:00,69.69999694824219,69.72000122070312,69.41000366210938,69.58000183105469,1417
2026-07-01 07:15:00+00:00,69.38999938964844,69.70999908447266,69.31999969482422,69.70999908447266,1103
2026-07-01 07:30:00+00:00,69.4000015258789,69.52999877929688,69.16999816894531,69.37999725341797,1412
2026-07-01 07:45:00+00:00,69.36000061035156,69.4800033569336,69.30999755859375,69.38999938964844,795
2026-07-01 08:00:00+00:00,69.30999755859375,69.44999694824219,69.18000030517578,69.36000061035156,1197
2026-07-01 08:15:00+00:00,68.94000244140625,69.33000183105469,68.91999816894531,69.30000305175781,3421
2026-07-01 08:30:00+00:00,68.80999755859375,69.01000213623047,68.66999816894531,68.94000244140625,3047
2026-07-01 08:45:00+00:00,68.3499984741211,68.9000015258789,68.29000091552734,68.80000305175781,3178
2026-07-01 09:00:00+00:00,68.31999969482422,68.55999755859375,68.22000122070312,68.33999633789062,2230
2026-07-01 09:15:00+00:00,68.45999908447266,68.5199966430664,68.30000305175781,68.33000183105469,1350
2026-07-01 09:30:00+00:00,68.63999938964844,68.66000366210938,68.44000244140625,68.45999908447266,1037
2026-07-01 09:45:00+00:00,68.79000091552734,68.80000305175781,68.63999938964844,68.63999938964844,1613
2026-07-01 10:00:00+00:00,68.95999908447266,69.01000213623047,68.77999877929688,68.79000091552734,1257
2026-07-01 10:15:00+00:00,68.76000213623047,68.95999908447266,68.68000030517578,68.94999694824219,1616
2026-07-01 10:30:00+00:00,68.8499984741211,68.94000244140625,68.61000061035156,68.76000213623047,1893
2026-07-01 10:45:00+00:00,68.8499984741211,68.94000244140625,68.75,68.83999633789062,788
2026-07-01 11:00:00+00:00,68.9800033569336,69.04000091552734,68.7300033569336,68.83999633789062,1390
2026-07-01 11:15:00+00:00,68.9800033569336,69.05000305175781,68.8499984741211,68.95999908447266,1524
2026-07-01 11:30:00+00:00,68.94000244140625,69.06999969482422,68.87000274658203,68.9800033569336,2115
2026-07-01 11:45:00+00:00,69.13999938964844,69.16999816894531,68.93000030517578,68.94000244140625,1313
2026-07-01 12:00:00+00:00,68.8499984741211,69.18000030517578,68.77999877929688,69.1500015258789,2508
2026-07-01 12:15:00+00:00,68.88999938964844,69.12999725341797,68.80000305175781,68.8499984741211,2328
2026-07-01 12:30:00+00:00,68.9000015258789,68.93000030517578,68.73999786376953,68.87999725341797,1892
2026-07-01 12:45:00+00:00,68.76000213623047,68.9000015258789,68.6500015258789,68.88999938964844,2208
2026-07-01 13:00:00+00:00,69.13999938964844,69.25,68.7699966430664,68.7699966430664,5898
2026-07-01 13:15:00+00:00,68.87999725341797,69.1500015258789,68.8499984741211,69.1500015258789,2904
2026-07-01 13:30:00+00:00,68.88999938964844,68.95999908447266,68.75,68.87999725341797,6732
2026-07-01 13:45:00+00:00,69.06999969482422,69.1500015258789,68.87999725341797,68.88999938964844,3093
2026-07-01 14:00:00+00:00,68.88999938964844,69.11000061035156,68.77999877929688,69.06999969482422,3193
2026-07-01 14:15:00+00:00,68.79000091552734,68.94000244140625,68.72000122070312,68.88999938964844,3100
2026-07-01 14:30:00+00:00,68.6500015258789,68.87999725341797,68.56999969482422,68.79000091552734,5650
2026-07-01 14:45:00+00:00,68.19000244140625,68.69000244140625,68.1500015258789,68.6500015258789,7657
2026-07-01 15:00:00+00:00,68.43000030517578,68.55999755859375,68.05999755859375,68.19999694824219,7263
2026-07-01 15:15:00+00:00,68.12000274658203,68.48999786376953,68.0999984741211,68.41999816894531,4043
2026-07-01 15:30:00+00:00,68.33000183105469,68.36000061035156,68.08000183105469,68.12000274658203,4958
2026-07-01 15:45:00+00:00,68.16000366210938,68.37999725341797,68.08999633789062,68.31999969482422,2721
2026-07-01 16:00:00+00:00,68.13999938964844,68.16999816894531,68.02999877929688,68.16000366210938,3790
2026-07-01 16:15:00+00:00,68.19999694824219,68.30999755859375,68.12999725341797,68.12999725341797,2823
2026-07-01 16:30:00+00:00,68.31999969482422,68.36000061035156,68.11000061035156,68.19999694824219,2647
2026-07-01 16:45:00+00:00,68.2699966430664,68.47000122070312,68.23999786376953,68.31999969482422,4134
2026-07-01 17:00:00+00:00,68.30999755859375,68.33999633789062,68.1500015258789,68.27999877929688,3047
2026-07-01 17:15:00+00:00,68.4000015258789,68.41000366210938,68.30000305175781,68.31999969482422,2114
2026-07-01 17:30:00+00:00,68.23999786376953,68.41000366210938,68.2300033569336,68.38999938964844,2910
2026-07-01 17:45:00+00:00,68.29000091552734,68.30999755859375,68.12999725341797,68.23999786376953,4499
2026-07-01 18:00:00+00:00,68.31999969482422,68.38999938964844,68.2699966430664,68.29000091552734,3607
2026-07-01 18:15:00+00:00,68.69000244140625,68.7300033569336,68.30999755859375,68.33000183105469,10660
2026-07-01 18:30:00+00:00,68.43000030517578,68.7300033569336,68.36000061035156,68.68000030517578,5255
2026-07-01 18:45:00+00:00,68.29000091552734,68.44000244140625,68.27999877929688,68.43000030517578,1882
2026-07-01 19:00:00+00:00,68.27999877929688,68.30000305175781,68.19999694824219,68.29000091552734,1385
2026-07-01 19:15:00+00:00,68.2699966430664,68.3499984741211,68.25,68.2699966430664,2069
2026-07-01 19:30:00+00:00,68.16999816894531,68.2699966430664,68.01000213623047,68.2699966430664,2665
2026-07-01 19:45:00+00:00,68.0199966430664,68.16999816894531,67.91999816894531,68.16999816894531,2282
2026-07-01 20:00:00+00:00,68.0,68.06999969482422,67.95999908447266,68.02999877929688,1342
2026-07-01 20:15:00+00:00,68.12000274658203,68.1500015258789,67.95999908447266,68.0,854
2026-07-01 20:30:00+00:00,68.12000274658203,68.1500015258789,68.05000305175781,68.12000274658203,628
2026-07-01 20:45:00+00:00,68.08999633789062,68.13999938964844,68.05000305175781,68.11000061035156,850
2026-07-01 22:00:00+00:00,68.06999969482422,68.16999816894531,68.02999877929688,68.02999877929688,42
2026-07-01 22:15:00+00:00,67.9800033569336,68.0999984741211,67.94999694824219,68.05999755859375,249
2026-07-01 22:30:00+00:00,68.04000091552734,68.05999755859375,67.9800033569336,67.9800033569336,98
2026-07-01 22:45:00+00:00,68.0199966430664,68.06999969482422,68.0,68.02999877929688,62
2026-07-01 23:00:00+00:00,68.0,68.0199966430664,67.98999786376953,68.01000213623047,128
2026-07-01 23:15:00+00:00,68.05000305175781,68.05000305175781,67.95999908447266,68.0,113
2026-07-01 23:30:00+00:00,68.04000091552734,68.05999755859375,67.95999908447266,68.05000305175781,142
2026-07-01 23:45:00+00:00,67.98999786376953,68.05999755859375,67.97000122070312,68.05999755859375,90
2026-07-02 00:00:00+00:00,67.94999694824219,68.13999938964844,67.72000122070312,68.0,1766
2026-07-02 00:15:00+00:00,67.86000061035156,67.95999908447266,67.80000305175781,67.94999694824219,551
2026-07-02 00:30:00+00:00,67.81999969482422,67.91999816894531,67.80999755859375,67.87999725341797,423
2026-07-02 00:45:00+00:00,67.9000015258789,67.91999816894531,67.7300033569336,67.80999755859375,454
2026-07-02 01:00:00+00:00,67.80000305175781,67.94000244140625,67.69000244140625,67.88999938964844,1143
2026-07-02 01:15:00+00:00,67.61000061035156,67.83000183105469,67.5999984741211,67.79000091552734,1051
2026-07-02 01:30:00+00:00,67.72000122070312,67.73999786376953,67.58999633789062,67.62999725341797,520
2026-07-02 01:45:00+00:00,67.80000305175781,67.83999633789062,67.61000061035156,67.72000122070312,409
2026-07-02 02:00:00+00:00,67.83999633789062,67.9800033569336,67.62999725341797,67.80999755859375,795
2026-07-02 02:15:00+00:00,67.8499984741211,67.86000061035156,67.79000091552734,67.83000183105469,246
2026-07-02 02:30:00+00:00,67.76000213623047,67.88999938964844,67.7300033569336,67.83999633789062,252
2026-07-02 02:45:00+00:00,67.70999908447266,67.8499984741211,67.66000366210938,67.75,208
2026-07-02 03:00:00+00:00,67.62000274658203,67.7699966430664,67.58999633789062,67.69999694824219,444
2026-07-02 03:15:00+00:00,67.62999725341797,67.66000366210938,67.55999755859375,67.62999725341797,561
2026-07-02 03:30:00+00:00,67.7300033569336,67.75,67.63999938964844,67.63999938964844,460
2026-07-02 03:45:00+00:00,67.70999908447266,67.79000091552734,67.62000274658203,67.7300033569336,416
2026-07-02 04:00:00+00:00,67.79000091552734,67.80999755859375,67.72000122070312,67.7300033569336,86
2026-07-02 04:15:00+00:00,67.81999969482422,67.83999633789062,67.77999877929688,67.79000091552734,114
2026-07-02 04:30:00+00:00,67.91000366210938,67.91999816894531,67.80999755859375,67.81999969482422,234
2026-07-02 04:45:00+00:00,67.9000015258789,67.91000366210938,67.86000061035156,67.9000015258789,115
2026-07-02 05:00:00+00:00,67.86000061035156,67.91999816894531,67.86000061035156,67.88999938964844,119
2026-07-02 05:15:00+00:00,67.87000274658203,67.9000015258789,67.83000183105469,67.8499984741211,154
2026-07-02 05:30:00+00:00,67.80999755859375,67.91000366210938,67.70999908447266,67.87000274658203,662
2026-07-02 05:45:00+00:00,67.87999725341797,67.91000366210938,67.77999877929688,67.80000305175781,357
2026-07-02 06:00:00+00:00,67.69999694824219,67.94000244140625,67.66999816894531,67.88999938964844,874
2026-07-02 06:15:00+00:00,67.9800033569336,67.9800033569336,67.69999694824219,67.69999694824219,831
2026-07-02 06:30:00+00:00,67.75,67.98999786376953,67.70999908447266,67.9800033569336,623
2026-07-02 06:45:00+00:00,67.55999755859375,67.76000213623047,67.51000213623047,67.76000213623047,944
2026-07-02 07:00:00+00:00,67.52999877929688,67.5999984741211,67.44999694824219,67.55000305175781,1890
2026-07-02 07:15:00+00:00,67.94999694824219,68.06999969482422,67.4800033569336,67.52999877929688,2018
2026-07-02 07:30:00+00:00,68.1500015258789,68.16000366210938,67.93000030517578,67.95999908447266,1307
2026-07-02 07:45:00+00:00,67.94999694824219,68.23999786376953,67.88999938964844,68.1500015258789,1657
2026-07-02 08:00:00+00:00,68.12000274658203,68.19000244140625,67.87999725341797,67.94999694824219,1825
2026-07-02 08:15:00+00:00,68.13999938964844,68.23999786376953,68.01000213623047,68.11000061035156,1751
2026-07-02 08:30:00+00:00,67.9800033569336,68.23999786376953,67.88999938964844,68.1500015258789,1339
2026-07-02 08:45:00+00:00,67.87000274658203,68.05000305175781,67.77999877929688,67.97000122070312,929
2026-07-02 09:00:00+00:00,67.66000366210938,67.9000015258789,67.58000183105469,67.87999725341797,1087
2026-07-02 09:15:00+00:00,67.48999786376953,67.76000213623047,67.48999786376953,67.66999816894531,1597
2026-07-02 09:30:00+00:00,67.58000183105469,67.58000183105469,67.30999755859375,67.4800033569336,2118
2026-07-02 09:45:00+00:00,67.51000213623047,67.66000366210938,67.45999908447266,67.56999969482422,1649
2026-07-02 10:00:00+00:00,67.58000183105469,67.63999938964844,67.45999908447266,67.51000213623047,2565
2026-07-02 10:15:00+00:00,67.63999938964844,67.69999694824219,67.55999755859375,67.56999969482422,863
2026-07-02 10:30:00+00:00,67.62999725341797,67.69000244140625,67.55999755859375,67.63999938964844,871
2026-07-02 10:45:00+00:00,67.44999694824219,67.69000244140625,67.41999816894531,67.62999725341797,1434
2026-07-02 11:00:00+00:00,67.5,67.62000274658203,67.41000366210938,67.44999694824219,1566
2026-07-02 11:15:00+00:00,67.30000305175781,67.51000213623047,67.23999786376953,67.48999786376953,2207
2026-07-02 11:30:00+00:00,67.27999877929688,67.30000305175781,67.04000091552734,67.30000305175781,3465
2026-07-02 11:45:00+00:00,67.18000030517578,67.31999969482422,67.16000366210938,67.27999877929688,1560
2026-07-02 12:00:00+00:00,67.20999908447266,67.33999633789062,67.12000274658203,67.18000030517578,1878
2026-07-02 12:15:00+00:00,67.33999633789062,67.36000061035156,67.11000061035156,67.20999908447266,2337
2026-07-02 12:30:00+00:00,67.25,67.41000366210938,67.25,67.33000183105469,3868
2026-07-02 12:45:00+00:00,67.56999969482422,67.68000030517578,67.2699966430664,67.2699966430664,4300
2026-07-02 13:00:00+00:00,67.51000213623047,67.75,67.47000122070312,67.55999755859375,4165
2026-07-02 13:15:00+00:00,67.72000122070312,67.75,67.4800033569336,67.51000213623047,3346
2026-07-02 13:30:00+00:00,67.8499984741211,67.88999938964844,67.63999938964844,67.72000122070312,3569
2026-07-02 13:45:00+00:00,67.7699966430664,68.08999633789062,67.72000122070312,67.8499984741211,4845
2026-07-02 14:00:00+00:00,67.6500015258789,67.83999633789062,67.62000274658203,67.76000213623047,4360
2026-07-02 14:15:00+00:00,67.61000061035156,67.75,67.52999877929688,67.6500015258789,3144
2026-07-02 14:30:00+00:00,67.69999694824219,67.7699966430664,67.56999969482422,67.61000061035156,2396
2026-07-02 14:45:00+00:00,67.73999786376953,67.83999633789062,67.62999725341797,67.69999694824219,2579
2026-07-02 15:00:00+00:00,67.58999633789062,67.81999969482422,67.47000122070312,67.73999786376953,3779
2026-07-02 15:15:00+00:00,67.70999908447266,67.88999938964844,67.58999633789062,67.58999633789062,4306
2026-07-02 15:30:00+00:00,67.55000305175781,67.73999786376953,67.52999877929688,67.70999908447266,1877
2026-07-02 15:45:00+00:00,67.7300033569336,67.73999786376953,67.43000030517578,67.55000305175781,3656
2026-07-02 16:00:00+00:00,68.0999984741211,68.12999725341797,67.68000030517578,67.73999786376953,6116
2026-07-02 16:15:00+00:00,68.11000061035156,68.20999908447266,68.05999755859375,68.0999984741211,3492
2026-07-02 16:30:00+00:00,68.05999755859375,68.13999938964844,67.98999786376953,68.12000274658203,2487
2026-07-02 16:45:00+00:00,68.12999725341797,68.27999877929688,68.05000305175781,68.05999755859375,2464
2026-07-02 17:00:00+00:00,68.30000305175781,68.30999755859375,68.08000183105469,68.12999725341797,1500
2026-07-02 17:15:00+00:00,68.33999633789062,68.3499984741211,68.19999694824219,68.30000305175781,2361
2026-07-02 17:30:00+00:00,68.4800033569336,68.5,68.29000091552734,68.33000183105469,2925
2026-07-02 17:45:00+00:00,68.4800033569336,68.5199966430664,68.41999816894531,68.48999786376953,4579
2026-07-02 18:00:00+00:00,68.51000213623047,68.52999877929688,68.3499984741211,68.47000122070312,4102
2026-07-02 18:15:00+00:00,68.68000030517578,68.80000305175781,68.47000122070312,68.5,11020
2026-07-02 18:30:00+00:00,68.62999725341797,68.72000122070312,68.55999755859375,68.66999816894531,1867
2026-07-02 18:45:00+00:00,68.44999694824219,68.66999816894531,68.43000030517578,68.63999938964844,1512
2026-07-02 19:00:00+00:00,68.48999786376953,68.51000213623047,68.43000030517578,68.44999694824219,1074
2026-07-02 19:15:00+00:00,68.45999908447266,68.55000305175781,68.41000366210938,68.5,1145
2026-07-02 19:30:00+00:00,68.45999908447266,68.55000305175781,68.41999816894531,68.47000122070312,999
2026-07-02 19:45:00+00:00,68.47000122070312,68.5,68.43000030517578,68.45999908447266,875
2026-07-02 20:00:00+00:00,68.47000122070312,68.51000213623047,68.43000030517578,68.47000122070312,379
2026-07-02 20:15:00+00:00,68.4800033569336,68.5199966430664,68.44999694824219,68.4800033569336,515
2026-07-02 20:30:00+00:00,68.47000122070312,68.51000213623047,68.44999694824219,68.48999786376953,356
2026-07-02 20:45:00+00:00,68.45999908447266,68.48999786376953,68.44000244140625,68.4800033569336,315
2026-07-02 22:00:00+00:00,68.51000213623047,68.55999755859375,68.37000274658203,68.43000030517578,137
2026-07-02 22:15:00+00:00,68.5,68.55000305175781,68.45999908447266,68.51000213623047,81
2026-07-02 22:30:00+00:00,68.5,68.5199966430664,68.44999694824219,68.4800033569336,47
2026-07-02 22:45:00+00:00,68.4800033569336,68.51000213623047,68.47000122070312,68.48999786376953,28
2026-07-02 23:00:00+00:00,68.4800033569336,68.5,68.38999938964844,68.4800033569336,184
2026-07-02 23:15:00+00:00,68.45999908447266,68.47000122070312,68.41999816894531,68.47000122070312,71
2026-07-02 23:30:00+00:00,68.47000122070312,68.5,68.45999908447266,68.45999908447266,19
2026-07-02 23:45:00+00:00,68.4000015258789,68.47000122070312,68.37999725341797,68.47000122070312,50
2026-07-03 00:00:00+00:00,68.4000015258789,68.41999816894531,68.33000183105469,68.37999725341797,329
2026-07-03 00:15:00+00:00,68.38999938964844,68.43000030517578,68.36000061035156,68.4000015258789,148
2026-07-03 00:30:00+00:00,68.41000366210938,68.44999694824219,68.36000061035156,68.4000015258789,126
2026-07-03 00:45:00+00:00,68.44000244140625,68.52999877929688,68.37999725341797,68.38999938964844,142
2026-07-03 01:00:00+00:00,68.4000015258789,68.5999984741211,68.36000061035156,68.44000244140625,447
2026-07-03 01:15:00+00:00,68.54000091552734,68.56999969482422,68.30000305175781,68.37999725341797,418
2026-07-03 01:30:00+00:00,68.80000305175781,68.80999755859375,68.55000305175781,68.55000305175781,532
2026-07-03 01:45:00+00:00,68.9000015258789,68.93000030517578,68.73999786376953,68.79000091552734,844
2026-07-03 02:00:00+00:00,68.94999694824219,69.01000213623047,68.87999725341797,68.91999816894531,438
2026-07-03 02:15:00+00:00,68.94999694824219,68.98999786376953,68.88999938964844,68.93000030517578,255
2026-07-03 02:30:00+00:00,69.06999969482422,69.13999938964844,68.9000015258789,68.95999908447266,422
2026-07-03 02:45:00+00:00,68.88999938964844,69.08000183105469,68.81999969482422,69.08000183105469,703
2026-07-03 03:00:00+00:00,69.05999755859375,69.12000274658203,68.88999938964844,68.88999938964844,280
2026-07-03 03:15:00+00:00,69.08999633789062,69.16000366210938,69.04000091552734,69.05000305175781,255
2026-07-03 03:30:00+00:00,69.0,69.11000061035156,68.98999786376953,69.08000183105469,326
2026-07-03 03:45:00+00:00,69.01000213623047,69.04000091552734,68.97000122070312,68.98999786376953,120
2026-07-05 22:00:00+00:00,68.33000183105469,68.77999877929688,68.31999969482422,68.68000030517578,1046
2026-07-05 22:15:00+00:00,68.37999725341797,68.77999877929688,68.33000183105469,68.33999633789062,225
2026-07-05 22:30:00+00:00,68.36000061035156,68.43000030517578,68.3499984741211,68.37999725341797,155
2026-07-05 22:45:00+00:00,68.30999755859375,68.77999877929688,68.30000305175781,68.3499984741211,146
2026-07-05 23:00:00+00:00,68.33999633789062,68.77999877929688,68.30000305175781,68.31999969482422,260
2026-07-05 23:15:00+00:00,68.30000305175781,68.36000061035156,68.27999877929688,68.33999633789062,178
2026-07-05 23:30:00+00:00,68.2699966430664,68.77999877929688,68.26000213623047,68.27999877929688,166
2026-07-05 23:45:00+00:00,68.25,68.2699966430664,68.22000122070312,68.2699966430664,268
2026-07-06 00:00:00+00:00,68.51000213623047,68.77999877929688,68.22000122070312,68.25,703
2026-07-06 00:15:00+00:00,68.33999633789062,68.77999877929688,68.33999633789062,68.51000213623047,327
2026-07-06 00:30:00+00:00,68.29000091552734,68.37000274658203,68.26000213623047,68.33000183105469,989
2026-07-06 00:45:00+00:00,68.23999786376953,68.77999877929688,68.2300033569336,68.29000091552734,255
2026-07-06 01:00:00+00:00,68.6500015258789,68.77999877929688,68.16000366210938,68.2300033569336,1213
2026-07-06 01:15:00+00:00,68.58999633789062,68.77999877929688,68.56999969482422,68.66000366210938,564
2026-07-06 01:30:00+00:00,68.58000183105469,68.77999877929688,68.4000015258789,68.58000183105469,444
2026-07-06 01:45:00+00:00,68.87000274658203,68.9000015258789,68.56999969482422,68.56999969482422,793
2026-07-06 02:00:00+00:00,69.04000091552734,69.16000366210938,68.77999877929688,68.87999725341797,954
2026-07-06 02:15:00+00:00,69.08999633789062,69.12000274658203,68.77999877929688,69.05000305175781,254
2026-07-06 02:30:00+00:00,68.8499984741211,69.11000061035156,68.77999877929688,69.08999633789062,558
2026-07-06 02:45:00+00:00,68.58000183105469,68.83999633789062,68.52999877929688,68.83999633789062,768
2026-07-06 03:00:00+00:00,68.38999938964844,68.58000183105469,68.37000274658203,68.58000183105469,722
2026-07-06 03:15:00+00:00,68.5,68.77999877929688,68.37000274658203,68.37999725341797,289
2026-07-06 03:30:00+00:00,68.41000366210938,68.77999877929688,68.37000274658203,68.5,203
2026-07-06 03:45:00+00:00,68.41999816894531,68.77999877929688,68.4000015258789,68.44000244140625,123
2026-07-06 04:00:00+00:00,68.55999755859375,68.77999877929688,68.41000366210938,68.44000244140625,303
2026-07-06 04:15:00+00:00,68.5999984741211,68.62999725341797,68.55999755859375,68.55999755859375,109
2026-07-06 04:30:00+00:00,68.63999938964844,68.77999877929688,68.56999969482422,68.5999984741211,139
2026-07-06 04:45:00+00:00,68.61000061035156,68.77999877929688,68.55000305175781,68.62999725341797,182
2026-07-06 05:00:00+00:00,68.73999786376953,68.77999877929688,68.58999633789062,68.62000274658203,242
2026-07-06 05:15:00+00:00,68.72000122070312,68.77999877929688,68.66999816894531,68.7300033569336,191
2026-07-06 05:30:00+00:00,68.80000305175781,68.81999969482422,68.69000244140625,68.72000122070312,396
2026-07-06 05:45:00+00:00,68.8499984741211,68.88999938964844,68.76000213623047,68.80000305175781,272
2026-07-06 06:00:00+00:00,69.08000183105469,69.18000030517578,68.77999877929688,68.87999725341797,1190
2026-07-06 06:15:00+00:00,68.91999816894531,69.20999908447266,68.77999877929688,69.08000183105469,1060
2026-07-06 06:30:00+00:00,68.7699966430664,68.97000122070312,68.76000213623047,68.91999816894531,788
2026-07-06 06:45:00+00:00,68.76000213623047,68.87999725341797,68.70999908447266,68.76000213623047,604
2026-07-06 07:00:00+00:00,68.48999786376953,68.77999877929688,68.41000366210938,68.7699966430664,1903
2026-07-06 07:15:00+00:00,68.54000091552734,68.77999877929688,68.41000366210938,68.5,1259
2026-07-06 07:30:00+00:00,68.11000061035156,68.77999877929688,68.04000091552734,68.5199966430664,2218
2026-07-06 07:45:00+00:00,67.93000030517578,68.77999877929688,67.81999969482422,68.12000274658203,2911
2026-07-06 08:00:00+00:00,68.12999725341797,68.29000091552734,67.9000015258789,67.94000244140625,2243
2026-07-06 08:15:00+00:00,68.08000183105469,68.77999877929688,68.0199966430664,68.12999725341797,1903
2026-07-06 08:30:00+00:00,68.4000015258789,68.77999877929688,68.04000091552734,68.08000183105469,1776
2026-07-06 08:45:00+00:00,68.19999694824219,68.56999969482422,68.19000244140625,68.38999938964844,2208
2026-07-06 09:00:00+00:00,68.41999816894531,68.77999877929688,68.19999694824219,68.19999694824219,1560
2026-07-06 09:15:00+00:00,68.30000305175781,68.55999755859375,68.29000091552734,68.41999816894531,1164
2026-07-06 09:30:00+00:00,68.44000244140625,68.77999877929688,68.20999908447266,68.30000305175781,2186
2026-07-06 09:45:00+00:00,68.30999755859375,68.77999877929688,68.11000061035156,68.44000244140625,2058
2026-07-06 10:00:00+00:00,68.16999816894531,68.44000244140625,68.16999816894531,68.31999969482422,1668
2026-07-06 10:15:00+00:00,68.29000091552734,68.77999877929688,68.0999984741211,68.16999816894531,954
2026-07-06 10:30:00+00:00,68.33000183105469,68.3499984741211,68.08999633789062,68.30999755859375,1091
2026-07-06 10:45:00+00:00,68.58999633789062,68.77999877929688,68.30000305175781,68.33000183105469,1924
2026-07-06 11:00:00+00:00,68.6500015258789,68.77999877929688,68.56999969482422,68.58999633789062,1471
2026-07-06 11:15:00+00:00,68.58000183105469,68.70999908447266,68.52999877929688,68.63999938964844,1110
2026-07-06 11:30:00+00:00,68.43000030517578,68.77999877929688,68.41000366210938,68.5999984741211,976
2026-07-06 11:45:00+00:00,68.6500015258789,68.6500015258789,68.30999755859375,68.44000244140625,1076
2026-07-06 12:00:00+00:00,68.55999755859375,68.77999877929688,68.55999755859375,68.6500015258789,1412
2026-07-06 12:15:00+00:00,68.19000244140625,68.77999877929688,68.13999938964844,68.55999755859375,3888
2026-07-06 12:30:00+00:00,68.3499984741211,68.37000274658203,68.19000244140625,68.19999694824219,2100
2026-07-06 12:45:00+00:00,68.29000091552734,68.77999877929688,68.23999786376953,68.36000061035156,2446
2026-07-06 13:00:00+00:00,68.5,68.5199966430664,68.06999969482422,68.27999877929688,5015
2026-07-06 13:15:00+00:00,68.83000183105469,68.86000061035156,68.41000366210938,68.5,5297
2026-07-06 13:30:00+00:00,68.58000183105469,68.94999694824219,68.52999877929688,68.83000183105469,4664
2026-07-06 13:45:00+00:00,68.70999908447266,68.75,68.47000122070312,68.58999633789062,2926
2026-07-06 14:00:00+00:00,68.63999938964844,68.83000183105469,68.62000274658203,68.69999694824219,4183
2026-07-06 14:15:00+00:00,68.9000015258789,68.95999908447266,68.44000244140625,68.63999938964844,4824
2026-07-06 14:30:00+00:00,69.0199966430664,69.12000274658203,68.77999877929688,68.9000015258789,4656
2026-07-06 14:45:00+00:00,68.76000213623047,69.02999877929688,68.69999694824219,69.0199966430664,3571
2026-07-06 15:00:00+00:00,68.69999694824219,68.87999725341797,68.58000183105469,68.76000213623047,2886
2026-07-06 15:15:00+00:00,68.87999725341797,68.93000030517578,68.66000366210938,68.69999694824219,4070
2026-07-06 15:30:00+00:00,68.73999786376953,69.04000091552734,68.69999694824219,68.87999725341797,4652
2026-07-06 15:45:00+00:00,68.73999786376953,68.83999633789062,68.69000244140625,68.73999786376953,2350
2026-07-06 16:00:00+00:00,68.70999908447266,68.80999755859375,68.63999938964844,68.73999786376953,1975
2026-07-06 16:15:00+00:00,68.36000061035156,68.70999908447266,68.3499984741211,68.70999908447266,3223
2026-07-06 16:30:00+00:00,68.33000183105469,68.77999877929688,68.27999877929688,68.36000061035156,2416
2026-07-06 16:45:00+00:00,68.30999755859375,68.77999877929688,68.22000122070312,68.33999633789062,2755
2026-07-06 17:00:00+00:00,68.27999877929688,68.77999877929688,68.19999694824219,68.30000305175781,3308
2026-07-06 17:15:00+00:00,68.41999816894531,68.77999877929688,68.26000213623047,68.27999877929688,2154
2026-07-06 17:30:00+00:00,68.5199966430664,68.5199966430664,68.37999725341797,68.41000366210938,3421
2026-07-06 17:45:00+00:00,68.52999877929688,68.77999877929688,68.4000015258789,68.5199966430664,3157
2026-07-06 18:00:00+00:00,68.55999755859375,68.77999877929688,68.48999786376953,68.52999877929688,2504
2026-07-06 18:15:00+00:00,68.55000305175781,68.77999877929688,68.44000244140625,68.55000305175781,10233
2026-07-06 18:30:00+00:00,68.54000091552734,68.77999877929688,68.36000061035156,68.55000305175781,3594
2026-07-06 18:45:00+00:00,68.54000091552734,68.58999633789062,68.52999877929688,68.52999877929688,385
2026-07-06 19:00:00+00:00,68.62000274658203,68.77999877929688,68.54000091552734,68.55000305175781,473
2026-07-06 19:15:00+00:00,68.72000122070312,68.77999877929688,68.61000061035156,68.62999725341797,775
2026-07-06 19:30:00+00:00,68.69999694824219,68.77999877929688,68.6500015258789,68.72000122070312,1185
2026-07-06 19:45:00+00:00,68.69000244140625,68.77999877929688,68.66000366210938,68.69999694824219,950
2026-07-06 20:00:00+00:00,68.68000030517578,68.69999694824219,68.62000274658203,68.68000030517578,335
2026-07-06 20:15:00+00:00,68.66999816894531,68.77999877929688,68.66000366210938,68.66999816894531,237
2026-07-06 20:30:00+00:00,68.66999816894531,68.77999877929688,68.66000366210938,68.66000366210938,272
2026-07-06 20:45:00+00:00,68.77999877929688,68.77999877929688,68.58999633789062,68.66999816894531,411
2026-07-06 22:00:00+00:00,68.66000366210938,68.72000122070312,68.58000183105469,68.58000183105469,109
2026-07-06 22:15:00+00:00,68.66999816894531,68.69999694824219,68.6500015258789,68.66000366210938,55
2026-07-06 22:30:00+00:00,68.69999694824219,68.70999908447266,68.66999816894531,68.66999816894531,22
2026-07-06 22:45:00+00:00,68.75,68.75,68.69000244140625,68.70999908447266,262
2026-07-06 23:00:00+00:00,68.70999908447266,68.76000213623047,68.66000366210938,68.76000213623047,177
2026-07-06 23:15:00+00:00,68.80000305175781,68.9000015258789,68.66000366210938,68.69999694824219,370
2026-07-06 23:30:00+00:00,68.79000091552734,68.83000183105469,68.77999877929688,68.80999755859375,67
2026-07-06 23:45:00+00:00,68.76000213623047,68.80999755859375,68.73999786376953,68.79000091552734,120
2026-07-07 00:00:00+00:00,68.87999725341797,68.88999938964844,68.70999908447266,68.76000213623047,554
2026-07-07 00:15:00+00:00,68.76000213623047,68.91000366210938,68.75,68.9000015258789,483
2026-07-07 00:30:00+00:00,68.8499984741211,68.8499984741211,68.69999694824219,68.7699966430664,242
2026-07-07 00:45:00+00:00,68.87999725341797,68.9000015258789,68.7699966430664,68.83999633789062,230
2026-07-07 01:00:00+00:00,68.7300033569336,68.95999908447266,68.69999694824219,68.87000274658203,627
2026-07-07 01:15:00+00:00,68.7699966430664,68.7699966430664,68.62999725341797,68.70999908447266,283
2026-07-07 01:30:00+00:00,68.9000015258789,68.94999694824219,68.73999786376953,68.7699966430664,396
2026-07-07 01:45:00+00:00,69.06999969482422,69.0999984741211,68.87000274658203,68.9000015258789,651
2026-07-07 02:00:00+00:00,69.18000030517578,69.25,68.98999786376953,69.05999755859375,1791
2026-07-07 02:15:00+00:00,69.22000122070312,69.2699966430664,69.16000366210938,69.16999816894531,519
2026-07-07 02:30:00+00:00,69.08999633789062,69.31999969482422,69.05000305175781,69.22000122070312,713
2026-07-07 02:45:00+00:00,69.0,69.0999984741211,68.95999908447266,69.08000183105469,552
2026-07-07 03:00:00+00:00,69.19999694824219,69.22000122070312,69.0,69.0,458
2026-07-07 03:15:00+00:00,69.05000305175781,69.19000244140625,68.97000122070312,69.19000244140625,538
2026-07-07 03:30:00+00:00,68.91999816894531,69.06999969482422,68.91000366210938,69.05999755859375,719
2026-07-07 03:45:00+00:00,68.93000030517578,68.93000030517578,68.83999633789062,68.91999816894531,232
2026-07-07 04:00:00+00:00,68.97000122070312,68.9800033569336,68.91999816894531,68.93000030517578,245
2026-07-07 04:15:00+00:00,69.0,69.01000213623047,68.94000244140625,68.98999786376953,129
2026-07-07 04:30:00+00:00,69.0,69.02999877929688,68.94999694824219,68.98999786376953,164
2026-07-07 04:45:00+00:00,68.95999908447266,69.0199966430664,68.95999908447266,69.0,79
2026-07-07 05:00:00+00:00,69.08000183105469,69.08999633789062,68.95999908447266,68.9800033569336,299
2026-07-07 05:15:00+00:00,69.19000244140625,69.2300033569336,69.06999969482422,69.08999633789062,472
2026-07-07 05:30:00+00:00,69.19999694824219,69.29000091552734,69.18000030517578,69.19999694824219,658
2026-07-07 05:45:00+00:00,69.3499984741211,69.44000244140625,69.12999725341797,69.19999694824219,994
2026-07-07 06:00:00+00:00,69.27999877929688,69.43000030517578,69.22000122070312,69.37000274658203,961
2026-07-07 06:15:00+00:00,69.23999786376953,69.37000274658203,69.19999694824219,69.27999877929688,562
2026-07-07 06:30:00+00:00,69.29000091552734,69.31999969482422,69.19999694824219,69.23999786376953,534
2026-07-07 06:45:00+00:00,69.44000244140625,69.4800033569336,69.27999877929688,69.27999877929688,1468
2026-07-07 07:00:00+00:00,69.37999725341797,69.54000091552734,69.30999755859375,69.44999694824219,1803
2026-07-07 07:15:00+00:00,69.4800033569336,69.5,69.30999755859375,69.37999725341797,967
2026-07-07 07:30:00+00:00,69.41000366210938,69.61000061035156,69.30000305175781,69.47000122070312,1487
2026-07-07 07:45:00+00:00,69.33999633789062,69.62999725341797,69.33999633789062,69.4000015258789,1370
2026-07-07 08:00:00+00:00,69.41000366210938,69.44000244140625,69.26000213623047,69.33999633789062,1700
2026-07-07 08:15:00+00:00,69.05999755859375,69.41000366210938,69.05000305175781,69.4000015258789,2566
2026-07-07 08:30:00+00:00,69.30999755859375,69.37999725341797,68.97000122070312,69.05000305175781,3182
2026-07-07 08:45:00+00:00,69.36000061035156,69.54000091552734,69.30000305175781,69.30000305175781,2449
2026-07-07 09:00:00+00:00,69.52999877929688,69.73999786376953,69.36000061035156,69.36000061035156,1780
2026-07-07 09:15:00+00:00,69.29000091552734,69.5999984741211,69.18000030517578,69.52999877929688,2566
2026-07-07 09:30:00+00:00,69.12999725341797,69.41000366210938,69.05999755859375,69.30000305175781,1582
2026-07-07 09:45:00+00:00,69.2699966430664,69.31999969482422,69.13999938964844,69.13999938964844,844
2026-07-07 10:00:00+00:00,69.19000244140625,69.2699966430664,69.08000183105469,69.2699966430664,849
2026-07-07 10:15:00+00:00,69.16000366210938,69.26000213623047,69.11000061035156,69.18000030517578,942
2026-07-07 10:30:00+00:00,69.2300033569336,69.26000213623047,69.05999755859375,69.18000030517578,1027
2026-07-07 10:45:00+00:00,69.38999938964844,69.41000366210938,69.22000122070312,69.22000122070312,2619
2026-07-07 11:00:00+00:00,69.2699966430664,69.45999908447266,69.2300033569336,69.38999938964844,1502
2026-07-07 11:15:00+00:00,69.08999633789062,69.31999969482422,69.08000183105469,69.26000213623047,1692
2026-07-07 11:30:00+00:00,69.16999816894531,69.19999694824219,68.93000030517578,69.08000183105469,1388
2026-07-07 11:45:00+00:00,69.02999877929688,69.2300033569336,68.98999786376953,69.16999816894531,1200
2026-07-07 12:00:00+00:00,69.0199966430664,69.11000061035156,68.87999725341797,69.0199966430664,1793
2026-07-07 12:15:00+00:00,69.02999877929688,69.0999984741211,68.95999908447266,69.0199966430664,2016
2026-07-07 12:30:00+00:00,69.20999908447266,69.26000213623047,68.93000030517578,69.02999877929688,5609
2026-07-07 12:45:00+00:00,69.13999938964844,69.33000183105469,69.04000091552734,69.19999694824219,2442
2026-07-07 13:00:00+00:00,69.37000274658203,69.43000030517578,69.11000061035156,69.12999725341797,5625
2026-07-07 13:15:00+00:00,69.5999984741211,69.81999969482422,69.2300033569336,69.37000274658203,8278
2026-07-07 13:30:00+00:00,69.83999633789062,69.87999725341797,69.48999786376953,69.5999984741211,7060
2026-07-07 13:45:00+00:00,70.02999877929688,70.08000183105469,69.69999694824219,69.83000183105469,7532
2026-07-07 14:00:00+00:00,70.19000244140625,70.5199966430664,69.97000122070312,70.04000091552734,12341
2026-07-07 14:15:00+00:00,70.23999786376953,70.30000305175781,69.7699966430664,70.18000030517578,8940
2026-07-07 14:30:00+00:00,70.05000305175781,70.41000366210938,70.0199966430664,70.2300033569336,5282
2026-07-07 14:45:00+00:00,70.2300033569336,70.26000213623047,69.9800033569336,70.05000305175781,4337
2026-07-07 15:00:00+00:00,70.30999755859375,70.36000061035156,70.1500015258789,70.23999786376953,3372
2026-07-07 15:15:00+00:00,70.20999908447266,70.4800033569336,70.20999908447266,70.30000305175781,5078
2026-07-07 15:30:00+00:00,70.30999755859375,70.31999969482422,70.08000183105469,70.19999694824219,3798
2026-07-07 15:45:00+00:00,70.33999633789062,70.55999755859375,70.30999755859375,70.30999755859375,5799
2026-07-07 16:00:00+00:00,70.41999816894531,70.55000305175781,70.30000305175781,70.33999633789062,4043
2026-07-07 16:15:00+00:00,70.51000213623047,70.58000183105469,70.37999725341797,70.43000030517578,2064
2026-07-07 16:30:00+00:00,70.44000244140625,70.5199966430664,70.31999969482422,70.5,3183
2026-07-07 16:45:00+00:00,70.44000244140625,70.52999877929688,70.4000015258789,70.44000244140625,1763
2026-07-07 17:00:00+00:00,70.41000366210938,70.5999984741211,70.3499984741211,70.44000244140625,4017
2026-07-07 17:15:00+00:00,70.58000183105469,70.66999816894531,70.4000015258789,70.41000366210938,3229
2026-07-07 17:30:00+00:00,70.51000213623047,70.72000122070312,70.5,70.5999984741211,2161
2026-07-07 17:45:00+00:00,70.41999816894531,70.5199966430664,70.33999633789062,70.5,3403
2026-07-07 18:00:00+00:00,70.45999908447266,70.5199966430664,70.38999938964844,70.43000030517578,4487
2026-07-07 18:15:00+00:00,70.4800033569336,70.58999633789062,70.36000061035156,70.44999694824219,11076
2026-07-07 18:30:00+00:00,70.41000366210938,70.6500015258789,70.33000183105469,70.4800033569336,4317
2026-07-07 18:45:00+00:00,71.44999694824219,71.45999908447266,70.37999725341797,70.41999816894531,9886
2026-07-07 19:00:00+00:00,72.08000183105469,72.13999938964844,71.41999816894531,71.44999694824219,9795
2026-07-07 19:15:00+00:00,72.22000122070312,72.51000213623047,71.95999908447266,72.08000183105469,9987
2026-07-07 19:30:00+00:00,71.88999938964844,72.31999969482422,71.83999633789062,72.22000122070312,6702
2026-07-07 19:45:00+00:00,71.87999725341797,72.11000061035156,71.76000213623047,71.87999725341797,4404
2026-07-07 20:00:00+00:00,72.0199966430664,72.0999984741211,71.87999725341797,71.88999938964844,1693
2026-07-07 20:15:00+00:00,72.06999969482422,72.12000274658203,71.97000122070312,72.0199966430664,1057
2026-07-07 20:30:00+00:00,72.13999938964844,72.30000305175781,72.05999755859375,72.06999969482422,1237
2026-07-07 20:45:00+00:00,72.19999694824219,72.30999755859375,72.13999938964844,72.1500015258789,1080
2026-07-07 22:00:00+00:00,72.33000183105469,72.6500015258789,72.06999969482422,72.37999725341797,1000
2026-07-07 22:15:00+00:00,72.4000015258789,72.43000030517578,72.2699966430664,72.31999969482422,557
2026-07-07 22:30:00+00:00,72.43000030517578,72.44999694824219,72.33999633789062,72.4000015258789,265
2026-07-07 22:45:00+00:00,72.44999694824219,72.48999786376953,72.37999725341797,72.41000366210938,271
2026-07-07 23:00:00+00:00,72.38999938964844,72.48999786376953,72.37999725341797,72.44999694824219,345
2026-07-07 23:15:00+00:00,72.44000244140625,72.47000122070312,72.27999877929688,72.4000015258789,502
2026-07-07 23:30:00+00:00,72.41000366210938,72.5,72.30999755859375,72.44999694824219,520
2026-07-07 23:45:00+00:00,72.41999816894531,72.44999694824219,72.26000213623047,72.43000030517578,501
2026-07-08 00:00:00+00:00,72.48999786376953,72.5199966430664,72.3499984741211,72.41000366210938,1519
2026-07-08 00:15:00+00:00,72.55999755859375,72.72000122070312,72.41000366210938,72.48999786376953,1793
2026-07-08 00:30:00+00:00,72.11000061035156,72.55999755859375,72.04000091552734,72.55999755859375,1172
2026-07-08 00:45:00+00:00,71.98999786376953,72.19000244140625,71.95999908447266,72.11000061035156,949
2026-07-08 01:00:00+00:00,71.93000030517578,72.12999725341797,71.76000213623047,71.98999786376953,2068
2026-07-08 01:15:00+00:00,71.80999755859375,72.0,71.75,71.94000244140625,1280
2026-07-08 01:30:00+00:00,72.0999984741211,72.12999725341797,71.79000091552734,71.80999755859375,1209
2026-07-08 01:45:00+00:00,72.12999725341797,72.16000366210938,72.0,72.08999633789062,673
2026-07-08 02:00:00+00:00,72.2699966430664,72.30999755859375,72.0,72.12999725341797,721
2026-07-08 02:15:00+00:00,72.43000030517578,72.62000274658203,72.23999786376953,72.2699966430664,1122
2026-07-08 02:30:00+00:00,72.11000061035156,72.4800033569336,72.08999633789062,72.43000030517578,899
2026-07-08 02:45:00+00:00,72.26000213623047,72.30999755859375,72.0999984741211,72.12000274658203,758
2026-07-08 03:00:00+00:00,72.31999969482422,72.4000015258789,72.20999908447266,72.26000213623047,540
2026-07-08 03:15:00+00:00,72.22000122070312,72.36000061035156,72.20999908447266,72.31999969482422,447
2026-07-08 03:30:00+00:00,72.29000091552734,72.31999969482422,72.16000366210938,72.2300033569336,639
2026-07-08 03:45:00+00:00,72.26000213623047,72.30999755859375,72.19000244140625,72.29000091552734,292
2026-07-08 04:00:00+00:00,72.36000061035156,72.38999938964844,72.23999786376953,72.26000213623047,390
2026-07-08 04:15:00+00:00,72.25,72.38999938964844,72.25,72.33999633789062,392
2026-07-08 04:30:00+00:00,72.2699966430664,72.30000305175781,72.19999694824219,72.25,511
2026-07-08 04:45:00+00:00,72.36000061035156,72.37999725341797,72.26000213623047,72.2699966430664,241
2026-07-08 05:00:00+00:00,72.47000122070312,72.5999984741211,72.3499984741211,72.37000274658203,789
2026-07-08 05:15:00+00:00,72.7300033569336,72.91999816894531,72.4800033569336,72.4800033569336,1723
2026-07-08 05:30:00+00:00,72.5999984741211,72.7699966430664,72.33000183105469,72.7300033569336,1071
2026-07-08 05:45:00+00:00,72.7699966430664,72.81999969482422,72.54000091552734,72.58999633789062,1046
2026-07-08 06:00:00+00:00,72.80999755859375,72.93000030517578,72.62999725341797,72.76000213623047,1175
2026-07-08 06:15:00+00:00,72.66999816894531,72.81999969482422,70.44000244140625,72.80999755859375,1217
2026-07-08 06:30:00+00:00,72.68000030517578,72.83999633789062,72.5999984741211,72.66999816894531,1430
2026-07-08 06:45:00+00:00,72.56999969482422,72.73999786376953,72.55000305175781,72.68000030517578,1296
2026-07-08 07:00:00+00:00,72.51000213623047,72.8499984741211,72.44000244140625,72.55000305175781,1961
2026-07-08 07:15:00+00:00,72.0199966430664,72.51000213623047,72.01000213623047,72.5,3157
2026-07-08 07:30:00+00:00,71.87000274658203,72.04000091552734,71.80999755859375,72.02999877929688,2147
2026-07-08 07:45:00+00:00,72.05999755859375,72.0999984741211,71.83000183105469,71.87000274658203,1550
2026-07-08 08:00:00+00:00,72.02999877929688,72.26000213623047,71.93000030517578,72.06999969482422,2223
2026-07-08 08:15:00+00:00,74.0199966430664,74.26000213623047,71.97000122070312,72.02999877929688,22583
2026-07-08 08:30:00+00:00,74.68000030517578,74.91000366210938,73.97000122070312,74.02999877929688,10137
2026-07-08 08:45:00+00:00,74.8499984741211,74.91000366210938,74.26000213623047,74.69000244140625,6301
2026-07-08 09:00:00+00:00,75.11000061035156,75.11000061035156,74.80000305175781,74.8499984741211,6423
2026-07-08 09:15:00+00:00,74.86000061035156,75.30000305175781,74.7699966430664,75.12000274658203,5998
2026-07-08 09:30:00+00:00,74.58999633789062,74.88999938964844,74.44000244140625,74.86000061035156,5007
2026-07-08 09:45:00+00:00,74.9000015258789,75.06999969482422,74.45999908447266,74.56999969482422,5835
2026-07-08 10:00:00+00:00,74.6500015258789,74.97000122070312,74.58999633789062,74.9000015258789,4252
2026-07-08 10:15:00+00:00,74.20999908447266,74.69999694824219,74.19000244140625,74.63999938964844,3760
2026-07-08 10:30:00+00:00,73.94999694824219,74.2300033569336,73.81999969482422,74.20999908447266,5427
2026-07-08 10:45:00+00:00,74.1500015258789,74.1500015258789,73.86000061035156,73.95999908447266,3374
2026-07-08 11:00:00+00:00,74.18000030517578,74.31999969482422,73.95999908447266,74.1500015258789,3118
2026-07-08 11:15:00+00:00,74.30000305175781,74.41999816894531,74.18000030517578,74.18000030517578,3570
2026-07-08 11:30:00+00:00,74.05000305175781,74.58000183105469,73.4800033569336,74.30999755859375,6838
2026-07-08 11:45:00+00:00,74.08000183105469,74.12000274658203,73.83999633789062,74.05000305175781,4453
2026-07-08 12:00:00+00:00,74.0,74.33999633789062,73.87000274658203,74.08000183105469,6557
2026-07-08 12:15:00+00:00,73.44999694824219,74.01000213623047,73.41999816894531,74.0,7159
2026-07-08 12:30:00+00:00,73.33999633789062,73.55999755859375,73.19999694824219,73.47000122070312,6271
2026-07-08 12:45:00+00:00,73.83999633789062,73.87999725341797,73.12999725341797,73.33000183105469,11253
2026-07-08 13:00:00+00:00,73.7699966430664,74.1500015258789,73.62000274658203,73.83000183105469,13545
2026-07-08 13:15:00+00:00,74.23999786376953,74.29000091552734,73.70999908447266,73.76000213623047,8876
2026-07-08 13:30:00+00:00,73.55999755859375,74.30999755859375,73.52999877929688,74.2300033569336,10643
2026-07-08 13:45:00+00:00,73.75,73.81999969482422,73.30999755859375,73.55000305175781,6859
2026-07-08 14:00:00+00:00,74.33000183105469,74.38999938964844,73.73999786376953,73.76000213623047,8450
2026-07-08 14:15:00+00:00,75.4800033569336,75.51000213623047,74.33000183105469,74.33000183105469,12651
2026-07-08 14:30:00+00:00,75.33000183105469,75.79000091552734,75.2699966430664,75.5,13560
2026-07-08 14:45:00+00:00,75.30000305175781,75.52999877929688,75.0999984741211,75.31999969482422,8554
2026-07-08 15:00:00+00:00,75.66999816894531,75.77999877929688,75.23999786376953,75.30000305175781,11120
2026-07-08 15:15:00+00:00,75.27999877929688,75.83999633789062,75.25,75.68000030517578,6967
2026-07-08 15:30:00+00:00,75.66000366210938,75.81999969482422,75.26000213623047,75.27999877929688,6361
2026-07-08 15:45:00+00:00,75.83999633789062,76.08000183105469,75.63999938964844,75.66999816894531,7313
2026-07-08 16:00:00+00:00,75.29000091552734,75.9800033569336,75.02999877929688,75.83999633789062,10279
2026-07-08 16:15:00+00:00,75.05999755859375,75.43000030517578,74.87000274658203,75.30999755859375,7539
2026-07-08 16:30:00+00:00,74.63999938964844,75.33999633789062,74.58000183105469,75.05000305175781,13800
2026-07-08 16:45:00+00:00,74.56999969482422,74.83000183105469,74.37000274658203,74.63999938964844,9092
2026-07-08 17:00:00+00:00,74.30000305175781,74.62999725341797,74.16999816894531,74.58000183105469,7412
2026-07-08 17:15:00+00:00,73.8499984741211,74.31999969482422,73.80999755859375,74.29000091552734,6232
2026-07-08 17:30:00+00:00,73.73999786376953,73.9800033569336,73.6500015258789,73.83999633789062,6371
2026-07-08 17:45:00+00:00,73.77999877929688,73.88999938964844,73.54000091552734,73.73999786376953,5753
2026-07-08 18:00:00+00:00,73.61000061035156,73.80999755859375,73.51000213623047,73.7699966430664,6623
2026-07-08 18:15:00+00:00,73.52999877929688,73.77999877929688,73.43000030517578,73.61000061035156,15807
2026-07-08 18:30:00+00:00,73.76000213623047,73.8499984741211,73.3499984741211,73.52999877929688,7132
2026-07-08 18:45:00+00:00,73.58999633789062,73.79000091552734,73.55999755859375,73.76000213623047,1904
2026-07-08 19:00:00+00:00,73.5999984741211,73.72000122070312,73.58999633789062,73.61000061035156,1135
2026-07-08 19:15:00+00:00,73.62000274658203,73.63999938964844,73.5,73.5999984741211,1820
2026-07-08 19:30:00+00:00,74.06999969482422,74.11000061035156,73.58999633789062,73.61000061035156,2171
2026-07-08 19:45:00+00:00,74.06999969482422,74.30999755859375,73.93000030517578,74.06999969482422,3710
2026-07-08 20:00:00+00:00,74.37999725341797,74.62000274658203,74.05000305175781,74.05999755859375,2856
2026-07-08 20:15:00+00:00,74.62000274658203,74.80999755859375,74.37000274658203,74.37999725341797,2220
2026-07-08 20:30:00+00:00,74.8499984741211,75.05999755859375,74.58999633789062,74.5999984741211,3171
2026-07-08 20:45:00+00:00,74.76000213623047,74.86000061035156,74.48999786376953,74.83000183105469,2618
2026-07-08 22:00:00+00:00,74.6500015258789,75.12999725341797,74.48999786376953,74.94999694824219,599
2026-07-08 22:15:00+00:00,74.48999786376953,74.69000244140625,74.44999694824219,74.66000366210938,804
2026-07-08 22:30:00+00:00,74.5,74.58999633789062,74.22000122070312,74.5,3153
2026-07-08 22:45:00+00:00,74.52999877929688,74.61000061035156,74.43000030517578,74.52999877929688,1202
2026-07-08 23:00:00+00:00,74.5199966430664,74.55999755859375,74.48999786376953,74.5199966430664,315
2026-07-08 23:15:00+00:00,74.45999908447266,74.56999969482422,74.41999816894531,74.54000091552734,183
2026-07-08 23:30:00+00:00,74.43000030517578,74.48999786376953,74.41000366210938,74.44999694824219,130
2026-07-08 23:45:00+00:00,74.45999908447266,74.5,74.4000015258789,74.44000244140625,131
2026-07-09 00:00:00+00:00,74.20999908447266,74.5199966430664,74.12999725341797,74.44999694824219,1007
2026-07-09 00:15:00+00:00,74.2300033569336,74.36000061035156,74.12000274658203,74.22000122070312,477
2026-07-09 00:30:00+00:00,74.23999786376953,74.37999725341797,74.08999633789062,74.22000122070312,715
2026-07-09 00:45:00+00:00,74.0199966430664,74.30999755859375,74.0,74.26000213623047,632
2026-07-09 01:00:00+00:00,74.47000122070312,74.5,73.87999725341797,74.0199966430664,1733
2026-07-09 01:15:00+00:00,74.4000015258789,74.62000274658203,74.37999725341797,74.4800033569336,958
2026-07-09 01:30:00+00:00,74.19999694824219,74.38999938964844,74.11000061035156,74.37999725341797,764
2026-07-09 01:45:00+00:00,74.12000274658203,74.23999786376953,74.08000183105469,74.18000030517578,341
2026-07-09 02:00:00+00:00,74.19000244140625,74.27999877929688,73.97000122070312,74.12000274658203,868
2026-07-09 02:15:00+00:00,74.23999786376953,74.33000183105469,74.16000366210938,74.19999694824219,750
2026-07-09 02:30:00+00:00,74.43000030517578,74.5,74.2699966430664,74.2699966430664,579
2026-07-09 02:45:00+00:00,74.51000213623047,74.66999816894531,74.4000015258789,74.41999816894531,586
2026-07-09 03:00:00+00:00,74.30999755859375,74.5999984741211,74.29000091552734,74.52999877929688,626
2026-07-09 03:15:00+00:00,74.41000366210938,74.44999694824219,74.26000213623047,74.31999969482422,572
2026-07-09 03:30:00+00:00,74.36000061035156,74.41999816894531,74.16000366210938,74.4000015258789,581
2026-07-09 03:45:00+00:00,74.27999877929688,74.37999725341797,74.26000213623047,74.36000061035156,261
2026-07-09 04:00:00+00:00,74.36000061035156,74.36000061035156,74.26000213623047,74.2699966430664,151
2026-07-09 04:15:00+00:00,74.38999938964844,74.41000366210938,74.30999755859375,74.36000061035156,175
2026-07-09 04:30:00+00:00,74.27999877929688,74.41000366210938,74.25,74.38999938964844,577
2026-07-09 04:45:00+00:00,74.3499984741211,74.37999725341797,74.27999877929688,74.27999877929688,174
2026-07-09 05:00:00+00:00,74.25,74.38999938964844,74.0,74.33999633789062,1859
2026-07-09 05:15:00+00:00,74.30999755859375,74.54000091552734,74.2699966430664,74.2699966430664,1421
2026-07-09 05:30:00+00:00,73.69000244140625,74.30000305175781,73.5999984741211,74.30000305175781,2445
2026-07-09 05:45:00+00:00,73.05999755859375,73.69000244140625,73.0,73.68000030517578,2988
2026-07-09 06:00:00+00:00,73.41999816894531,73.52999877929688,73.01000213623047,73.08000183105469,1971
2026-07-09 06:15:00+00:00,73.33999633789062,73.48999786376953,73.13999938964844,73.44000244140625,1342
2026-07-09 06:30:00+00:00,73.19999694824219,73.38999938964844,73.16999816894531,73.3499984741211,918
2026-07-09 06:45:00+00:00,73.30999755859375,73.38999938964844,73.19000244140625,73.19999694824219,901
2026-07-09 07:00:00+00:00,73.66999816894531,73.73999786376953,73.13999938964844,73.31999969482422,2202
2026-07-09 07:15:00+00:00,73.20999908447266,73.69000244140625,73.16999816894531,73.68000030517578,1472
2026-07-09 07:30:00+00:00,72.73999786376953,73.25,72.70999908447266,73.20999908447266,3063
2026-07-09 07:45:00+00:00,72.76000213623047,72.95999908447266,72.54000091552734,72.73999786376953,3018
2026-07-09 08:00:00+00:00,72.62999725341797,72.91999816894531,72.54000091552734,72.76000213623047,2632
2026-07-09 08:15:00+00:00,72.48999786376953,72.62999725341797,72.41000366210938,72.62999725341797,2225
2026-07-09 08:30:00+00:00,72.8499984741211,73.0199966430664,72.37000274658203,72.48999786376953,2691
2026-07-09 08:45:00+00:00,73.0199966430664,73.05000305175781,72.7300033569336,72.87000274658203,1484
2026-07-09 09:00:00+00:00,73.0,73.2300033569336,72.97000122070312,73.04000091552734,1694
2026-07-09 09:15:00+00:00,73.19999694824219,73.2300033569336,72.97000122070312,72.9800033569336,1299
2026-07-09 09:30:00+00:00,73.52999877929688,73.56999969482422,73.08999633789062,73.20999908447266,2164
2026-07-09 09:45:00+00:00,73.51000213623047,73.66999816894531,73.37999725341797,73.52999877929688,2384
2026-07-09 10:00:00+00:00,73.5999984741211,73.69999694824219,73.41999816894531,73.51000213623047,1550
2026-07-09 10:15:00+00:00,73.80000305175781,73.83000183105469,73.48999786376953,73.5999984741211,1223
2026-07-09 10:30:00+00:00,73.7300033569336,73.88999938964844,73.5999984741211,73.80999755859375,1588
2026-07-09 10:45:00+00:00,74.25,74.62000274658203,73.73999786376953,73.73999786376953,4829
2026-07-09 11:00:00+00:00,73.98999786376953,74.29000091552734,73.88999938964844,74.25,2903
2026-07-09 11:15:00+00:00,74.06999969482422,74.23999786376953,73.9800033569336,74.0,1070
2026-07-09 11:30:00+00:00,74.0,74.2300033569336,73.8499984741211,74.08000183105469,1991
2026-07-09 11:45:00+00:00,73.95999908447266,74.11000061035156,73.83000183105469,73.98999786376953,1963
2026-07-09 12:00:00+00:00,73.69999694824219,74.12999725341797,73.62999725341797,73.94999694824219,2286
2026-07-09 12:15:00+00:00,73.83999633789062,73.87999725341797,73.62999725341797,73.69999694824219,2324
2026-07-09 12:30:00+00:00,73.9800033569336,74.11000061035156,73.66000366210938,73.83999633789062,4070
2026-07-09 12:45:00+00:00,73.93000030517578,74.05000305175781,73.8499984741211,73.98999786376953,5022
2026-07-09 13:00:00+00:00,73.33000183105469,74.01000213623047,73.30000305175781,73.91999816894531,7788
2026-07-09 13:15:00+00:00,73.18000030517578,73.30999755859375,72.94000244140625,73.30999755859375,6376
2026-07-09 13:30:00+00:00,72.80000305175781,73.23999786376953,72.70999908447266,73.18000030517578,5435
2026-07-09 13:45:00+00:00,72.66000366210938,72.9800033569336,72.62000274658203,72.81999969482422,5725
2026-07-09 14:00:00+00:00,72.56999969482422,72.91999816894531,72.51000213623047,72.66000366210938,7862
2026-07-09 14:15:00+00:00,72.69000244140625,72.7300033569336,72.44999694824219,72.55999755859375,4305
2026-07-09 14:30:00+00:00,72.79000091552734,72.8499984741211,72.38999938964844,72.69000244140625,5818
2026-07-09 14:45:00+00:00,72.30999755859375,73.08000183105469,72.16000366210938,72.79000091552734,8241
2026-07-09 15:00:00+00:00,72.44999694824219,72.52999877929688,72.2699966430664,72.30999755859375,4154
2026-07-09 15:15:00+00:00,72.18000030517578,72.44999694824219,72.06999969482422,72.44999694824219,5672
2026-07-09 15:30:00+00:00,71.94999694824219,72.43000030517578,71.91000366210938,72.18000030517578,5180
2026-07-09 15:45:00+00:00,72.12000274658203,72.16000366210938,71.80999755859375,71.95999908447266,5776
2026-07-09 16:00:00+00:00,72.12000274658203,72.2699966430664,71.9800033569336,72.13999938964844,4521
2026-07-09 16:15:00+00:00,71.98999786376953,72.12999725341797,71.9000015258789,72.0999984741211,3146
2026-07-09 16:30:00+00:00,72.04000091552734,72.12000274658203,71.95999908447266,72.0,3856
2026-07-09 16:45:00+00:00,71.94000244140625,72.08000183105469,71.63999938964844,72.05000305175781,6013
2026-07-09 17:00:00+00:00,72.04000091552734,72.12000274658203,71.87000274658203,71.94000244140625,2745
2026-07-09 17:15:00+00:00,71.80999755859375,72.08000183105469,71.7699966430664,72.02999877929688,3497
2026-07-09 17:30:00+00:00,71.54000091552734,71.88999938964844,71.43000030517578,71.80999755859375,6541
2026-07-09 17:45:00+00:00,71.52999877929688,71.69000244140625,71.45999908447266,71.55000305175781,5112
2026-07-09 18:00:00+00:00,71.66999816894531,71.72000122070312,71.41999816894531,71.5199966430664,7040
2026-07-09 18:15:00+00:00,72.0999984741211,72.19999694824219,71.66000366210938,71.66999816894531,15774
2026-07-09 18:30:00+00:00,71.68000030517578,72.13999938964844,71.62999725341797,72.0999984741211,5955
2026-07-09 18:45:00+00:00,71.61000061035156,71.80999755859375,71.55999755859375,71.66999816894531,2638
2026-07-09 19:00:00+00:00,71.61000061035156,71.66000366210938,71.43000030517578,71.5999984741211,1669
2026-07-09 19:15:00+00:00,71.69000244140625,71.69000244140625,71.56999969482422,71.5999984741211,1416
2026-07-09 19:30:00+00:00,71.83000183105469,71.83999633789062,71.66999816894531,71.70999908447266,900
2026-07-09 19:45:00+00:00,71.87999725341797,71.88999938964844,71.80000305175781,71.83000183105469,867
2026-07-09 20:00:00+00:00,71.7300033569336,71.93000030517578,71.62999725341797,71.87999725341797,1462
2026-07-09 20:15:00+00:00,71.83000183105469,71.83999633789062,71.7300033569336,71.7300033569336,441
2026-07-09 20:30:00+00:00,71.83999633789062,71.91000366210938,71.76000213623047,71.80999755859375,375
2026-07-09 20:45:00+00:00,71.80999755859375,71.87999725341797,71.7300033569336,71.83999633789062,571
2026-07-09 22:00:00+00:00,71.7699966430664,71.86000061035156,71.22000122070312,71.86000061035156,775
2026-07-09 22:15:00+00:00,71.7300033569336,71.86000061035156,71.70999908447266,71.7699966430664,214
2026-07-09 22:30:00+00:00,71.83000183105469,71.86000061035156,71.73999786376953,71.76000213623047,299
2026-07-09 22:45:00+00:00,71.83000183105469,71.87000274658203,71.80000305175781,71.8499984741211,64
2026-07-09 23:00:00+00:00,71.7699966430664,71.88999938964844,71.73999786376953,71.81999969482422,183
2026-07-09 23:15:00+00:00,71.87000274658203,71.87999725341797,71.76000213623047,71.7699966430664,127
2026-07-09 23:30:00+00:00,71.8499984741211,71.87999725341797,71.80000305175781,71.87000274658203,226
2026-07-09 23:45:00+00:00,71.91999816894531,71.94999694824219,71.83000183105469,71.83999633789062,151
2026-07-10 00:00:00+00:00,71.83999633789062,71.98999786376953,71.77999877929688,71.91999816894531,635
2026-07-10 00:15:00+00:00,71.83999633789062,71.9000015258789,71.77999877929688,71.83999633789062,231
2026-07-10 00:30:00+00:00,71.93000030517578,71.94999694824219,71.83999633789062,71.83999633789062,239
2026-07-10 00:45:00+00:00,71.97000122070312,72.01000213623047,71.88999938964844,71.91999816894531,258
2026-07-10 01:00:00+00:00,71.94999694824219,72.0999984741211,71.7699966430664,71.97000122070312,928
2026-07-10 01:15:00+00:00,72.0999984741211,72.18000030517578,71.94999694824219,71.94999694824219,522
2026-07-10 01:30:00+00:00,72.12999725341797,72.13999938964844,72.0199966430664,72.12000274658203,359
2026-07-10 01:45:00+00:00,72.13999938964844,72.18000030517578,72.06999969482422,72.12000274658203,328
2026-07-10 02:00:00+00:00,72.19999694824219,72.23999786376953,72.08000183105469,72.1500015258789,739
2026-07-10 02:15:00+00:00,72.2699966430664,72.29000091552734,72.12000274658203,72.18000030517578,500
2026-07-10 02:30:00+00:00,72.29000091552734,72.33000183105469,72.19999694824219,72.29000091552734,448
2026-07-10 02:45:00+00:00,72.36000061035156,72.41999816894531,72.26000213623047,72.30000305175781,317
2026-07-10 03:00:00+00:00,72.2699966430664,72.37999725341797,72.16999816894531,72.36000061035156,402
2026-07-10 03:15:00+00:00,72.27999877929688,72.3499984741211,72.25,72.27999877929688,259
2026-07-10 03:30:00+00:00,72.2699966430664,72.37999725341797,72.20999908447266,72.29000091552734,422
2026-07-10 03:45:00+00:00,72.38999938964844,72.41000366210938,72.2699966430664,72.27999877929688,184
2026-07-10 04:00:00+00:00,72.41999816894531,72.4800033569336,72.3499984741211,72.41999816894531,361
2026-07-10 04:15:00+00:00,72.45999908447266,72.55999755859375,72.41000366210938,72.41999816894531,708
2026-07-10 04:30:00+00:00,72.29000091552734,72.47000122070312,72.27999877929688,72.44000244140625,344
2026-07-10 04:45:00+00:00,72.29000091552734,72.31999969482422,72.18000030517578,72.30000305175781,474
2026-07-10 05:00:00+00:00,72.38999938964844,72.43000030517578,72.29000091552734,72.30999755859375,370
2026-07-10 05:15:00+00:00,72.30000305175781,72.41000366210938,72.27999877929688,72.4000015258789,233
2026-07-10 05:30:00+00:00,72.38999938964844,72.38999938964844,72.20999908447266,72.30000305175781,358
2026-07-10 05:45:00+00:00,72.16000366210938,72.37999725341797,71.97000122070312,72.37000274658203,1055
2026-07-10 06:00:00+00:00,71.87999725341797,72.18000030517578,71.87999725341797,72.18000030517578,693
2026-07-10 06:15:00+00:00,71.88999938964844,71.9800033569336,71.75,71.88999938964844,986
2026-07-10 06:30:00+00:00,72.2300033569336,72.26000213623047,71.87999725341797,71.87999725341797,634
2026-07-10 06:45:00+00:00,72.04000091552734,72.26000213623047,72.0,72.2300033569336,869
2026-07-10 07:00:00+00:00,71.77999877929688,72.08999633789062,71.76000213623047,72.04000091552734,2001
2026-07-10 07:15:00+00:00,71.58999633789062,71.83999633789062,71.44999694824219,71.79000091552734,2505
2026-07-10 07:30:00+00:00,71.4000015258789,71.66000366210938,71.30999755859375,71.58000183105469,1506
2026-07-10 07:45:00+00:00,71.56999969482422,71.62999725341797,71.37000274658203,71.4000015258789,1241
2026-07-10 08:00:00+00:00,71.37999725341797,71.61000061035156,71.16000366210938,71.55000305175781,2477
2026-07-10 08:15:00+00:00,71.63999938964844,71.6500015258789,71.3499984741211,71.4000015258789,1896
2026-07-10 08:30:00+00:00,71.91000366210938,72.19000244140625,71.62999725341797,71.62999725341797,2541
2026-07-10 08:45:00+00:00,71.88999938964844,72.0999984741211,71.80000305175781,71.91000366210938,1560
2026-07-10 09:00:00+00:00,71.69999694824219,72.05000305175781,71.62999725341797,71.88999938964844,1685
2026-07-10 09:15:00+00:00,71.6500015258789,71.77999877929688,71.51000213623047,71.69999694824219,1251
2026-07-10 09:30:00+00:00,71.8499984741211,71.93000030517578,71.55000305175781,71.63999938964844,1133
2026-07-10 09:45:00+00:00,71.8499984741211,71.94999694824219,71.7699966430664,71.87000274658203,687
2026-07-10 10:00:00+00:00,72.01000213623047,72.04000091552734,71.80999755859375,71.86000061035156,822
2026-07-10 10:15:00+00:00,71.97000122070312,72.06999969482422,71.9000015258789,72.0,1520
2026-07-10 10:30:00+00:00,71.94000244140625,72.02999877929688,71.88999938964844,71.9800033569336,593
2026-07-10 10:45:00+00:00,72.23999786376953,72.30000305175781,71.94000244140625,71.94000244140625,1598
2026-07-10 11:00:00+00:00,72.25,72.33000183105469,72.13999938964844,72.25,1582
2026-07-10 11:15:00+00:00,72.48999786376953,72.52999877929688,72.22000122070312,72.23999786376953,1935
2026-07-10 11:30:00+00:00,72.54000091552734,72.66999816894531,72.44999694824219,72.48999786376953,1871
2026-07-10 11:45:00+00:00,72.7300033569336,72.83999633789062,72.44999694824219,72.52999877929688,3111
2026-07-10 12:00:00+00:00,71.9000015258789,72.8499984741211,71.47000122070312,72.7300033569336,9235
2026-07-10 12:15:00+00:00,72.05000305175781,72.22000122070312,71.80999755859375,71.91000366210938,3083
2026-07-10 12:30:00+00:00,72.2699966430664,72.33999633789062,72.05000305175781,72.05999755859375,1442
2026-07-10 12:45:00+00:00,71.94999694824219,72.33999633789062,71.91999816894531,72.2699966430664,2494
2026-07-10 13:00:00+00:00,72.02999877929688,72.16999816894531,71.87000274658203,71.95999908447266,2739
2026-07-10 13:15:00+00:00,72.11000061035156,72.38999938964844,72.04000091552734,72.05000305175781,2518
2026-07-10 13:30:00+00:00,71.68000030517578,72.19000244140625,71.5999984741211,72.0999984741211,5995
2026-07-10 13:45:00+00:00,71.58999633789062,71.80000305175781,71.5,71.66999816894531,4400
2026-07-10 14:00:00+00:00,71.80000305175781,71.81999969482422,71.52999877929688,71.5999984741211,3639
2026-07-10 14:15:00+00:00,71.7300033569336,71.86000061035156,71.68000030517578,71.80000305175781,2934
2026-07-10 14:30:00+00:00,72.0,73.16000366210938,71.25,71.7300033569336,15823
2026-07-10 14:45:00+00:00,71.93000030517578,72.05000305175781,71.75,72.01000213623047,4144
2026-07-10 15:00:00+00:00,71.37000274658203,71.93000030517578,71.26000213623047,71.93000030517578,5525
2026-07-10 15:15:00+00:00,71.33000183105469,71.55999755859375,71.13999938964844,71.36000061035156,5890
2026-07-10 15:30:00+00:00,71.2300033569336,71.41999816894531,71.08000183105469,71.33000183105469,5490
2026-07-10 15:45:00+00:00,71.01000213623047,71.26000213623047,70.7699966430664,71.22000122070312,7342
2026-07-10 16:00:00+00:00,71.26000213623047,71.48999786376953,71.01000213623047,71.01000213623047,5441
2026-07-10 16:15:00+00:00,71.23999786376953,71.33999633789062,71.13999938964844,71.25,3067
2026-07-10 16:30:00+00:00,71.19999694824219,71.30999755859375,71.13999938964844,71.25,3162
2026-07-10 16:45:00+00:00,71.08999633789062,71.22000122070312,71.01000213623047,71.18000030517578,2847
2026-07-10 17:00:00+00:00,71.31999969482422,71.33999633789062,71.02999877929688,71.0999984741211,4936
2026-07-10 17:15:00+00:00,71.25,71.4000015258789,71.20999908447266,71.31999969482422,2227
2026-07-10 17:30:00+00:00,71.31999969482422,71.4000015258789,71.19000244140625,71.25,3669
2026-07-10 17:45:00+00:00,71.29000091552734,71.33999633789062,71.12999725341797,71.33000183105469,4111
2026-07-10 18:00:00+00:00,71.26000213623047,71.31999969482422,71.08000183105469,71.27999877929688,6568
2026-07-10 18:15:00+00:00,71.41000366210938,71.51000213623047,71.16999816894531,71.26000213623047,16223
2026-07-10 18:30:00+00:00,71.58000183105469,71.5999984741211,71.36000061035156,71.41999816894531,3493
2026-07-10 18:45:00+00:00,71.58999633789062,71.61000061035156,71.55000305175781,71.58000183105469,1074
2026-07-10 19:00:00+00:00,71.56999969482422,71.62000274658203,71.55999755859375,71.5999984741211,1128
2026-07-10 19:15:00+00:00,71.62000274658203,71.69999694824219,71.5,71.56999969482422,3499
2026-07-10 19:30:00+00:00,71.61000061035156,71.69000244140625,71.44999694824219,71.61000061035156,2003
2026-07-10 19:45:00+00:00,71.56999969482422,71.62999725341797,71.55000305175781,71.61000061035156,788
2026-07-10 20:00:00+00:00,71.55999755859375,71.56999969482422,71.5,71.55999755859375,433
2026-07-10 20:15:00+00:00,71.56999969482422,71.5999984741211,71.52999877929688,71.55999755859375,524
2026-07-10 20:30:00+00:00,71.51000213623047,71.6500015258789,71.5,71.55999755859375,501
2026-07-10 20:45:00+00:00,71.41000366210938,71.55999755859375,71.41000366210938,71.5199966430664,1374
2026-07-12 22:00:00+00:00,74.02999877929688,74.19999694824219,73.94999694824219,74.0999984741211,694
2026-07-12 22:15:00+00:00,73.68000030517578,74.08999633789062,73.62999725341797,74.06999969482422,1490
2026-07-12 22:30:00+00:00,73.5999984741211,73.69999694824219,73.55999755859375,73.68000030517578,751
2026-07-12 22:45:00+00:00,73.69000244140625,73.7699966430664,73.62000274658203,73.63999938964844,403
2026-07-12 23:00:00+00:00,73.66000366210938,73.72000122070312,73.62000274658203,73.69999694824219,438
2026-07-12 23:15:00+00:00,73.7300033569336,73.75,73.63999938964844,73.68000030517578,517
2026-07-12 23:30:00+00:00,73.83999633789062,73.87999725341797,73.66000366210938,73.7300033569336,576
2026-07-12 23:45:00+00:00,73.7699966430664,73.83999633789062,73.66999816894531,73.83000183105469,561
2026-07-13 00:00:00+00:00,73.93000030517578,73.93000030517578,73.7300033569336,73.76000213623047,612
2026-07-13 00:15:00+00:00,73.91000366210938,74.16999816894531,73.9000015258789,73.93000030517578,945
2026-07-13 00:30:00+00:00,74.4000015258789,74.5,73.9000015258789,73.91999816894531,1996
2026-07-13 00:45:00+00:00,74.2699966430664,74.48999786376953,74.19999694824219,74.41000366210938,1332
2026-07-13 01:00:00+00:00,74.37000274658203,74.48999786376953,74.20999908447266,74.25,1858
2026-07-13 01:15:00+00:00,74.30999755859375,74.58999633789062,74.16999816894531,74.37000274658203,1670
2026-07-13 01:30:00+00:00,74.4800033569336,74.66000366210938,74.31999969482422,74.31999969482422,1297
2026-07-13 01:45:00+00:00,74.38999938964844,74.55999755859375,74.37999725341797,74.47000122070312,666
2026-07-13 02:00:00+00:00,74.41000366210938,74.5,74.26000213623047,74.38999938964844,1318
2026-07-13 02:15:00+00:00,74.5,74.58999633789062,74.4000015258789,74.41000366210938,939
2026-07-13 02:30:00+00:00,74.2699966430664,74.52999877929688,74.11000061035156,74.47000122070312,1261
2026-07-13 02:45:00+00:00,74.25,74.31999969482422,74.12999725341797,74.27999877929688,488
2026-07-13 03:00:00+00:00,74.41000366210938,74.44999694824219,74.23999786376953,74.23999786376953,854
2026-07-13 03:15:00+00:00,74.30999755859375,74.44999694824219,74.30000305175781,74.4000015258789,433
2026-07-13 03:30:00+00:00,74.33000183105469,74.37999725341797,74.12000274658203,74.30000305175781,1354
2026-07-13 03:45:00+00:00,74.29000091552734,74.33000183105469,74.16999816894531,74.33000183105469,485
2026-07-13 04:00:00+00:00,74.31999969482422,74.37000274658203,74.27999877929688,74.30000305175781,350
2026-07-13 04:15:00+00:00,74.33999633789062,74.4000015258789,74.29000091552734,74.31999969482422,361
2026-07-13 04:30:00+00:00,74.45999908447266,74.5199966430664,74.30999755859375,74.33999633789062,535
2026-07-13 04:45:00+00:00,74.52999877929688,74.55000305175781,74.45999908447266,74.45999908447266,377
2026-07-13 05:00:00+00:00,74.5,74.66000366210938,74.47000122070312,74.5199966430664,674
2026-07-13 05:15:00+00:00,74.69000244140625,74.69999694824219,74.4800033569336,74.52999877929688,583
2026-07-13 05:30:00+00:00,74.94999694824219,74.95999908447266,74.62000274658203,74.68000030517578,1334
2026-07-13 05:45:00+00:00,74.69999694824219,75.08000183105469,74.69999694824219,74.94999694824219,1914
2026-07-13 06:00:00+00:00,74.51000213623047,74.70999908447266,74.4800033569336,74.69000244140625,1135
2026-07-13 06:15:00+00:00,74.33000183105469,74.5199966430664,74.25,74.5199966430664,1263
2026-07-13 06:30:00+00:00,74.19999694824219,74.37000274658203,74.08000183105469,74.33000183105469,1213
2026-07-13 06:45:00+00:00,74.05999755859375,74.22000122070312,73.98999786376953,74.19999694824219,1250
2026-07-13 07:00:00+00:00,73.97000122070312,74.22000122070312,73.93000030517578,74.05000305175781,1498
2026-07-13 07:15:00+00:00,74.0999984741211,74.13999938964844,73.95999908447266,73.97000122070312,749
2026-07-13 07:30:00+00:00,73.9000015258789,74.2300033569336,73.66999816894531,74.08999633789062,1432
2026-07-13 07:45:00+00:00,74.0,74.0999984741211,73.87999725341797,73.9000015258789,1114
2026-07-13 08:00:00+00:00,73.43000030517578,74.05000305175781,73.4000015258789,74.0,2701
2026-07-13 08:15:00+00:00,73.23999786376953,73.48999786376953,73.08999633789062,73.43000030517578,4784
2026-07-13 08:30:00+00:00,73.37000274658203,73.52999877929688,73.13999938964844,73.2300033569336,1635
2026-07-13 08:45:00+00:00,73.05999755859375,73.37999725341797,72.75,73.37999725341797,2297
2026-07-13 09:00:00+00:00,72.98999786376953,73.16000366210938,72.76000213623047,73.05999755859375,1599
2026-07-13 09:15:00+00:00,72.86000061035156,73.01000213623047,72.6500015258789,72.95999908447266,2013
2026-07-13 09:30:00+00:00,72.63999938964844,72.94000244140625,72.61000061035156,72.86000061035156,1651
2026-07-13 09:45:00+00:00,73.12000274658203,73.19000244140625,72.62000274658203,72.6500015258789,2248
2026-07-13 10:00:00+00:00,73.54000091552734,73.55000305175781,73.11000061035156,73.12000274658203,2456
2026-07-13 10:15:00+00:00,73.69999694824219,73.72000122070312,73.37000274658203,73.51000213623047,2201
2026-07-13 10:30:00+00:00,73.73999786376953,73.8499984741211,73.63999938964844,73.69999694824219,2172
2026-07-13 10:45:00+00:00,73.80999755859375,73.94000244140625,73.6500015258789,73.75,1838
2026-07-13 11:00:00+00:00,73.87000274658203,74.0199966430664,73.5999984741211,73.81999969482422,3886
2026-07-13 11:15:00+00:00,73.77999877929688,74.05000305175781,73.69000244140625,73.87999725341797,1452
2026-07-13 11:30:00+00:00,73.72000122070312,73.94999694824219,73.69999694824219,73.80000305175781,1480
2026-07-13 11:45:00+00:00,73.80000305175781,73.93000030517578,73.66999816894531,73.73999786376953,1567
2026-07-13 12:00:00+00:00,74.08000183105469,74.11000061035156,73.62999725341797,73.81999969482422,3694
2026-07-13 12:15:00+00:00,74.11000061035156,74.1500015258789,73.94999694824219,74.05999755859375,2448
2026-07-13 12:30:00+00:00,74.36000061035156,74.45999908447266,74.11000061035156,74.11000061035156,3378
2026-07-13 12:45:00+00:00,73.77999877929688,74.37000274658203,73.77999877929688,74.3499984741211,4563
2026-07-13 13:00:00+00:00,73.87000274658203,74.02999877929688,73.61000061035156,73.77999877929688,3415
2026-07-13 13:15:00+00:00,73.66000366210938,73.91999816894531,73.43000030517578,73.87999725341797,3631
2026-07-13 13:30:00+00:00,74.01000213623047,74.06999969482422,73.61000061035156,73.66000366210938,4393
2026-07-13 13:45:00+00:00,73.7300033569336,74.11000061035156,73.72000122070312,74.01000213623047,5068
2026-07-13 14:00:00+00:00,73.87999725341797,74.01000213623047,73.5,73.73999786376953,5426
2026-07-13 14:15:00+00:00,74.79000091552734,75.20999908447266,73.80999755859375,73.88999938964844,23307
2026-07-13 14:30:00+00:00,74.45999908447266,74.81999969482422,74.43000030517578,74.79000091552734,5733
2026-07-13 14:45:00+00:00,74.5,74.6500015258789,74.16000366210938,74.47000122070312,7231
2026-07-13 15:00:00+00:00,74.83000183105469,74.91999816894531,74.41000366210938,74.5,4816
2026-07-13 15:15:00+00:00,74.51000213623047,74.9800033569336,74.48999786376953,74.83999633789062,5731
2026-07-13 15:30:00+00:00,74.66000366210938,74.69000244140625,74.44999694824219,74.5199966430664,3437
2026-07-13 15:45:00+00:00,74.8499984741211,74.87000274658203,74.5199966430664,74.66000366210938,3931
2026-07-13 16:00:00+00:00,75.05000305175781,75.0999984741211,74.77999877929688,74.8499984741211,4259
2026-07-13 16:15:00+00:00,75.12999725341797,75.18000030517578,74.94000244140625,75.05000305175781,3683
2026-07-13 16:30:00+00:00,75.0999984741211,75.19999694824219,74.97000122070312,75.12000274658203,4422
2026-07-13 16:45:00+00:00,75.73999786376953,75.95999908447266,75.08000183105469,75.11000061035156,12388
2026-07-13 17:00:00+00:00,75.81999969482422,75.83000183105469,75.4000015258789,75.73999786376953,4921
2026-07-13 17:15:00+00:00,76.0,76.04000091552734,75.73999786376953,75.83999633789062,5632
2026-07-13 17:30:00+00:00,76.73999786376953,76.7699966430664,75.94000244140625,76.01000213623047,8515
2026-07-13 17:45:00+00:00,77.5999984741211,77.69999694824219,76.5999984741211,76.75,10522
2026-07-13 18:00:00+00:00,77.63999938964844,78.0,77.37000274658203,77.5999984741211,11656
2026-07-13 18:15:00+00:00,78.13999938964844,78.44999694824219,77.62000274658203,77.66000366210938,27555
2026-07-13 18:30:00+00:00,77.52999877929688,78.38999938964844,77.45999908447266,78.12999725341797,11449
2026-07-13 18:45:00+00:00,77.63999938964844,77.79000091552734,77.5,77.5199966430664,3934
2026-07-13 19:00:00+00:00,77.75,77.80999755859375,77.47000122070312,77.6500015258789,2092
2026-07-13 19:15:00+00:00,77.75,77.83999633789062,77.5999984741211,77.75,2208
2026-07-13 19:30:00+00:00,77.93000030517578,77.9800033569336,77.63999938964844,77.73999786376953,2953
2026-07-13 19:45:00+00:00,77.66000366210938,77.94000244140625,77.62000274658203,77.91999816894531,1954
2026-07-13 20:00:00+00:00,78.43000030517578,78.44000244140625,77.6500015258789,77.68000030517578,3553
2026-07-13 20:15:00+00:00,78.16000366210938,78.58000183105469,78.04000091552734,78.43000030517578,2955
2026-07-13 20:30:00+00:00,78.19999694824219,78.36000061035156,78.0199966430664,78.16000366210938,1643
2026-07-13 20:45:00+00:00,78.0,78.22000122070312,77.91999816894531,78.19999694824219,1477
2026-07-13 22:00:00+00:00,77.93000030517578,78.25,77.86000061035156,78.04000091552734,485
2026-07-13 22:15:00+00:00,78.1500015258789,78.22000122070312,77.91000366210938,77.93000030517578,659
2026-07-13 22:30:00+00:00,78.25,78.27999877929688,78.11000061035156,78.12000274658203,387
2026-07-13 22:45:00+00:00,79.04000091552734,79.08999633789062,78.22000122070312,78.22000122070312,2490
2026-07-13 23:00:00+00:00,78.83999633789062,79.13999938964844,78.58999633789062,79.04000091552734,976
2026-07-13 23:15:00+00:00,78.94999694824219,78.98999786376953,78.7699966430664,78.83999633789062,485
2026-07-13 23:30:00+00:00,79.55999755859375,79.58000183105469,78.9800033569336,78.98999786376953,1749
2026-07-13 23:45:00+00:00,78.94999694824219,79.58000183105469,78.94999694824219,79.56999969482422,1364
2026-07-14 00:00:00+00:00,79.31999969482422,79.69999694824219,78.58000183105469,78.94999694824219,3391
2026-07-14 00:15:00+00:00,80.12999725341797,80.41999816894531,79.30999755859375,79.31999969482422,5413
2026-07-14 00:30:00+00:00,79.93000030517578,80.22000122070312,79.76000213623047,80.1500015258789,2323
2026-07-14 00:45:00+00:00,79.86000061035156,79.94999694824219,79.69999694824219,79.94999694824219,1955
2026-07-14 01:00:00+00:00,79.5,79.94999694824219,79.2300033569336,79.83999633789062,4591
2026-07-14 01:15:00+00:00,79.47000122070312,79.54000091552734,79.08000183105469,79.5,2637
2026-07-14 01:30:00+00:00,79.43000030517578,79.52999877929688,79.18000030517578,79.4800033569336,1288
2026-07-14 01:45:00+00:00,79.5199966430664,79.5999984741211,79.25,79.41999816894531,2089
2026-07-14 02:00:00+00:00,79.13999938964844,79.56999969482422,79.12000274658203,79.54000091552734,1284
2026-07-14 02:15:00+00:00,79.19000244140625,79.31999969482422,79.16000366210938,79.16999816894531,686
2026-07-14 02:30:00+00:00,79.37999725341797,79.44000244140625,78.91000366210938,79.19000244140625,2449
2026-07-14 02:45:00+00:00,79.52999877929688,79.61000061035156,79.27999877929688,79.37000274658203,1565
2026-07-14 03:00:00+00:00,79.69999694824219,79.70999908447266,79.4800033569336,79.54000091552734,1140
2026-07-14 03:15:00+00:00,79.80000305175781,80.04000091552734,79.69999694824219,79.70999908447266,1301
2026-07-14 03:30:00+00:00,79.69999694824219,80.05999755859375,79.58000183105469,79.80999755859375,1890
2026-07-14 03:45:00+00:00,79.62999725341797,79.69999694824219,79.43000030517578,79.69999694824219,1030
2026-07-14 04:00:00+00:00,79.72000122070312,79.81999969482422,79.5,79.62000274658203,923
2026-07-14 04:15:00+00:00,79.62000274658203,79.7300033569336,79.43000030517578,79.69999694824219,862
2026-07-14 04:30:00+00:00,79.80000305175781,79.8499984741211,79.56999969482422,79.62000274658203,676
2026-07-14 04:45:00+00:00,79.77999877929688,79.91000366210938,79.7300033569336,79.80999755859375,932
2026-07-14 05:00:00+00:00,79.70999908447266,79.9000015258789,79.66000366210938,79.77999877929688,504
2026-07-14 05:15:00+00:00,79.69999694824219,79.83999633789062,79.6500015258789,79.72000122070312,438
2026-07-14 05:30:00+00:00,78.91000366210938,79.68000030517578,78.86000061035156,79.68000030517578,2622
2026-07-14 05:45:00+00:00,79.3499984741211,79.44999694824219,78.83000183105469,78.93000030517578,1455
2026-07-14 06:00:00+00:00,79.63999938964844,79.72000122070312,79.30999755859375,79.38999938964844,1447
2026-07-14 06:15:00+00:00,80.22000122070312,80.31999969482422,79.47000122070312,79.61000061035156,2358
2026-07-14 06:30:00+00:00,80.27999877929688,80.31999969482422,79.97000122070312,80.22000122070312,2720
2026-07-14 06:45:00+00:00,80.44000244140625,80.58000183105469,80.2699966430664,80.29000091552734,2336
2026-07-14 07:00:00+00:00,80.05999755859375,80.63999938964844,79.97000122070312,80.43000030517578,2906
2026-07-14 07:15:00+00:00,80.41999816894531,80.4800033569336,79.97000122070312,80.0999984741211,2846
2026-07-14 07:30:00+00:00,80.87999725341797,80.93000030517578,80.44000244140625,80.44000244140625,4054
2026-07-14 07:45:00+00:00,80.37999725341797,80.91999816894531,80.08999633789062,80.86000061035156,3689
2026-07-14 08:00:00+00:00,80.58999633789062,81.12999725341797,80.33999633789062,80.38999938964844,5500
2026-07-14 08:15:00+00:00,80.36000061035156,80.58000183105469,79.97000122070312,80.58000183105469,4935
2026-07-14 08:30:00+00:00,80.55999755859375,80.70999908447266,80.30000305175781,80.36000061035156,3025
2026-07-14 08:45:00+00:00,81.02999877929688,81.05999755859375,80.3499984741211,80.58000183105469,3049
2026-07-14 09:00:00+00:00,80.1500015258789,81.25,80.12999725341797,81.04000091552734,4260
2026-07-14 09:15:00+00:00,80.68000030517578,80.75,80.02999877929688,80.1500015258789,3410
2026-07-14 09:30:00+00:00,80.38999938964844,80.68000030517578,80.20999908447266,80.68000030517578,1824
2026-07-14 09:45:00+00:00,80.58000183105469,80.68000030517578,80.16000366210938,80.37999725341797,2804
2026-07-14 10:00:00+00:00,80.9800033569336,81.06999969482422,80.51000213623047,80.58999633789062,2758
2026-07-14 10:15:00+00:00,80.86000061035156,81.05999755859375,80.66000366210938,80.9800033569336,2833
2026-07-14 10:30:00+00:00,80.7300033569336,81.2699966430664,80.30000305175781,80.87999725341797,4958
2026-07-14 10:45:00+00:00,80.91999816894531,81.11000061035156,80.7300033569336,80.73999786376953,2927
2026-07-14 11:00:00+00:00,80.47000122070312,81.05000305175781,80.37000274658203,80.91999816894531,3158
2026-07-14 11:15:00+00:00,79.9800033569336,80.62000274658203,79.94000244140625,80.47000122070312,3727
2026-07-14 11:30:00+00:00,79.83999633789062,79.97000122070312,79.5,79.97000122070312,4663
2026-07-14 11:45:00+00:00,79.54000091552734,79.91000366210938,79.47000122070312,79.83999633789062,5183
2026-07-14 12:00:00+00:00,80.0199966430664,80.0999984741211,79.4800033569336,79.54000091552734,4821
2026-07-14 12:15:00+00:00,80.05999755859375,80.16999816894531,79.75,80.0,3274
2026-07-14 12:30:00+00:00,80.5,80.6500015258789,79.72000122070312,80.06999969482422,7520
2026-07-14 12:45:00+00:00,80.70999908447266,80.87999725341797,80.44000244140625,80.4800033569336,8806
2026-07-14 13:00:00+00:00,80.4800033569336,80.95999908447266,80.44999694824219,80.69999694824219,11842
2026-07-14 13:15:00+00:00,80.04000091552734,80.62999725341797,79.83999633789062,80.48999786376953,10263
2026-07-14 13:30:00+00:00,79.70999908447266,80.52999877929688,79.68000030517578,80.04000091552734,9819
2026-07-14 13:45:00+00:00,79.93000030517578,80.19000244140625,79.58999633789062,79.70999908447266,8414
2026-07-14 14:00:00+00:00,79.80999755859375,79.95999908447266,79.37000274658203,79.94000244140625,10411
2026-07-14 14:15:00+00:00,79.41999816894531,80.0,79.31999969482422,79.80999755859375,6516
2026-07-14 14:30:00+00:00,79.33999633789062,79.51000213623047,78.12000274658203,79.41000366210938,13602
2026-07-14 14:45:00+00:00,78.83999633789062,79.3499984741211,78.61000061035156,79.31999969482422,9054
2026-07-14 15:00:00+00:00,78.58999633789062,79.02999877929688,77.83999633789062,78.83999633789062,19736
2026-07-14 15:15:00+00:00,78.55000305175781,78.98999786376953,78.48999786376953,78.58999633789062,10597
2026-07-14 15:30:00+00:00,79.55000305175781,79.73999786376953,78.55999755859375,78.55999755859375,13754
2026-07-14 15:45:00+00:00,79.4800033569336,79.79000091552734,79.38999938964844,79.55000305175781,7956
2026-07-14 16:00:00+00:00,79.05999755859375,79.62999725341797,78.93000030517578,79.4800033569336,9529
2026-07-14 16:15:00+00:00,79.3499984741211,79.41999816894531,78.79000091552734,79.04000091552734,4745
2026-07-14 16:30:00+00:00,79.12999725341797,79.38999938964844,78.95999908447266,79.3499984741211,3246
2026-07-14 16:45:00+00:00,79.19999694824219,79.38999938964844,79.06999969482422,79.12000274658203,4354
2026-07-14 17:00:00+00:00,79.0999984741211,79.31999969482422,78.80999755859375,79.19999694824219,4478
2026-07-14 17:15:00+00:00,79.08000183105469,79.2699966430664,78.97000122070312,79.0999984741211,3528
2026-07-14 17:30:00+00:00,78.94000244140625,79.16000366210938,78.77999877929688,79.06999969482422,7074
2026-07-14 17:45:00+00:00,78.7300033569336,79.06999969482422,78.47000122070312,78.94000244140625,7150
2026-07-14 18:00:00+00:00,78.88999938964844,79.16999816894531,78.72000122070312,78.73999786376953,8298
2026-07-14 18:15:00+00:00,79.4000015258789,79.4000015258789,78.83000183105469,78.87999725341797,15322
2026-07-14 18:30:00+00:00,79.56999969482422,79.8499984741211,79.31999969482422,79.41000366210938,8060
2026-07-14 18:45:00+00:00,79.62999725341797,79.7699966430664,79.5199966430664,79.58000183105469,2536
2026-07-14 19:00:00+00:00,79.66999816894531,79.80000305175781,79.58000183105469,79.63999938964844,1653
2026-07-14 19:15:00+00:00,79.58999633789062,79.79000091552734,79.48999786376953,79.66999816894531,1990
2026-07-14 19:30:00+00:00,79.66999816894531,79.95999908447266,79.58000183105469,79.58999633789062,2047
2026-07-14 19:45:00+00:00,79.69999694824219,79.80999755859375,79.58000183105469,79.66999816894531,810
2026-07-14 20:00:00+00:00,79.86000061035156,79.91999816894531,79.66999816894531,79.68000030517578,619
2026-07-14 20:15:00+00:00,79.94999694824219,80.01000213623047,79.81999969482422,79.86000061035156,487
2026-07-14 20:30:00+00:00,80.0,80.27999877929688,79.93000030517578,79.94999694824219,837
2026-07-14 20:45:00+00:00,79.83000183105469,80.0199966430664,79.80000305175781,80.01000213623047,836
2026-07-14 22:00:00+00:00,80.0,80.23999786376953,79.58999633789062,79.73999786376953,697
2026-07-14 22:15:00+00:00,79.86000061035156,80.05999755859375,79.83000183105469,79.98999786376953,337
2026-07-14 22:30:00+00:00,79.97000122070312,80.0,79.83000183105469,79.86000061035156,453
2026-07-14 22:45:00+00:00,79.9000015258789,79.94999694824219,79.9000015258789,79.94000244140625,37
2026-07-14 23:00:00+00:00,79.93000030517578,79.95999908447266,79.87000274658203,79.94000244140625,118
2026-07-14 23:15:00+00:00,79.76000213623047,79.9800033569336,79.68000030517578,79.94000244140625,331
2026-07-14 23:30:00+00:00,79.88999938964844,79.9000015258789,79.75,79.7699966430664,203
2026-07-14 23:45:00+00:00,79.87000274658203,79.93000030517578,79.80999755859375,79.87999725341797,339
2026-07-15 00:00:00+00:00,80.22000122070312,80.22000122070312,79.61000061035156,79.83999633789062,1578
2026-07-15 00:15:00+00:00,80.26000213623047,80.33000183105469,80.11000061035156,80.20999908447266,558
2026-07-15 00:30:00+00:00,80.51000213623047,80.55999755859375,80.29000091552734,80.29000091552734,850
2026-07-15 00:45:00+00:00,80.19999694824219,80.58999633789062,80.19999694824219,80.54000091552734,1011
2026-07-15 01:00:00+00:00,79.97000122070312,80.20999908447266,79.86000061035156,80.19999694824219,2005
2026-07-15 01:15:00+00:00,80.08000183105469,80.08999633789062,79.7699966430664,79.95999908447266,736
2026-07-15 01:30:00+00:00,80.06999969482422,80.11000061035156,79.9000015258789,80.08000183105469,538
2026-07-15 01:45:00+00:00,80.20999908447266,80.25,79.95999908447266,80.0,588
2026-07-15 02:00:00+00:00,80.12000274658203,80.37000274658203,80.04000091552734,80.2300033569336,946
2026-07-15 02:15:00+00:00,80.19999694824219,80.2300033569336,80.0999984741211,80.0999984741211,600
2026-07-15 02:30:00+00:00,80.2300033569336,80.29000091552734,80.1500015258789,80.19000244140625,252
2026-07-15 02:45:00+00:00,80.30000305175781,80.43000030517578,80.22000122070312,80.22000122070312,952
2026-07-15 03:00:00+00:00,80.20999908447266,80.30999755859375,80.12000274658203,80.29000091552734,272
2026-07-15 03:15:00+00:00,80.08999633789062,80.29000091552734,80.06999969482422,80.20999908447266,485
2026-07-15 03:30:00+00:00,80.13999938964844,80.23999786376953,80.0,80.0999984741211,1022
2026-07-15 03:45:00+00:00,79.93000030517578,80.1500015258789,79.81999969482422,80.1500015258789,821
2026-07-15 04:00:00+00:00,79.97000122070312,80.06999969482422,79.94999694824219,79.94999694824219,485
2026-07-15 04:15:00+00:00,79.8499984741211,80.0199966430664,79.75,80.0,679
2026-07-15 04:30:00+00:00,79.81999969482422,79.9000015258789,79.70999908447266,79.86000061035156,365
2026-07-15 04:45:00+00:00,79.77999877929688,79.80000305175781,79.66000366210938,79.80000305175781,339
2026-07-15 05:00:00+00:00,79.76000213623047,79.98999786376953,79.75,79.77999877929688,499
2026-07-15 05:15:00+00:00,79.87000274658203,79.93000030517578,79.7300033569336,79.7699966430664,382
2026-07-15 05:30:00+00:00,79.83000183105469,79.9000015258789,79.4800033569336,79.87999725341797,1166
2026-07-15 05:45:00+00:00,79.7300033569336,79.9000015258789,79.61000061035156,79.8499984741211,520
2026-07-15 06:00:00+00:00,79.69000244140625,79.86000061035156,79.63999938964844,79.72000122070312,545
2026-07-15 06:15:00+00:00,79.72000122070312,79.81999969482422,79.48999786376953,79.68000030517578,793
2026-07-15 06:30:00+00:00,79.63999938964844,79.79000091552734,79.56999969482422,79.69999694824219,457
2026-07-15 06:45:00+00:00,79.9800033569336,80.02999877929688,79.58999633789062,79.63999938964844,1122
2026-07-15 07:00:00+00:00,80.19000244140625,80.41000366210938,79.98999786376953,79.98999786376953,1884
2026-07-15 07:15:00+00:00,80.33999633789062,80.48999786376953,80.12999725341797,80.19999694824219,793
2026-07-15 07:30:00+00:00,80.4000015258789,80.48999786376953,80.13999938964844,80.36000061035156,1786
2026-07-15 07:45:00+00:00,80.5199966430664,80.62999725341797,80.20999908447266,80.38999938964844,1465
2026-07-15 08:00:00+00:00,80.80999755859375,80.93000030517578,80.5199966430664,80.55000305175781,2846
2026-07-15 08:15:00+00:00,79.83999633789062,80.80999755859375,79.81999969482422,80.80999755859375,4674
2026-07-15 08:30:00+00:00,79.77999877929688,80.0199966430664,79.66000366210938,79.8499984741211,2688
2026-07-15 08:45:00+00:00,79.4000015258789,79.8499984741211,79.33999633789062,79.77999877929688,2248
2026-07-15 09:00:00+00:00,79.58000183105469,79.63999938964844,79.30000305175781,79.4000015258789,1937
2026-07-15 09:15:00+00:00,79.94000244140625,79.9800033569336,79.58000183105469,79.58999633789062,1551
2026-07-15 09:30:00+00:00,79.77999877929688,80.0199966430664,79.72000122070312,79.94999694824219,1145
2026-07-15 09:45:00+00:00,80.12999725341797,80.16999816894531,79.77999877929688,79.79000091552734,1080
2026-07-15 10:00:00+00:00,80.19999694824219,80.29000091552734,79.94000244140625,80.12999725341797,1145
2026-07-15 10:15:00+00:00,80.27999877929688,80.33999633789062,80.01000213623047,80.19000244140625,1654
2026-07-15 10:30:00+00:00,80.0199966430664,80.30000305175781,79.93000030517578,80.27999877929688,1102
2026-07-15 10:45:00+00:00,79.87000274658203,80.12999725341797,79.8499984741211,80.0199966430664,1387
2026-07-15 11:00:00+00:00,80.02999877929688,80.08999633789062,79.7300033569336,79.87000274658203,1550
2026-07-15 11:15:00+00:00,79.73999786376953,80.06999969482422,79.73999786376953,80.04000091552734,1274
2026-07-15 11:30:00+00:00,79.80000305175781,79.91000366210938,79.72000122070312,79.73999786376953,1472
2026-07-15 11:45:00+00:00,79.55999755859375,79.79000091552734,79.36000061035156,79.79000091552734,3815
2026-07-15 12:00:00+00:00,79.62000274658203,79.77999877929688,79.55999755859375,79.55999755859375,2011
2026-07-15 12:15:00+00:00,79.8499984741211,79.94000244140625,79.54000091552734,79.63999938964844,2475
2026-07-15 12:30:00+00:00,79.70999908447266,79.9000015258789,79.6500015258789,79.86000061035156,2409
2026-07-15 12:45:00+00:00,79.77999877929688,79.8499984741211,79.5999984741211,79.7300033569336,2637
2026-07-15 13:00:00+00:00,80.23999786376953,80.27999877929688,79.5999984741211,79.7699966430664,7285
2026-07-15 13:15:00+00:00,80.37999725341797,80.44999694824219,80.05999755859375,80.23999786376953,4958
2026-07-15 13:30:00+00:00,79.94999694824219,80.38999938964844,79.80999755859375,80.37999725341797,4829
2026-07-15 13:45:00+00:00,79.77999877929688,80.18000030517578,79.37999725341797,79.94999694824219,9433
2026-07-15 14:00:00+00:00,79.80000305175781,79.86000061035156,79.52999877929688,79.79000091552734,4610
2026-07-15 14:15:00+00:00,79.47000122070312,79.8499984741211,79.22000122070312,79.80000305175781,3225
2026-07-15 14:30:00+00:00,79.30000305175781,79.48999786376953,79.05000305175781,79.48999786376953,7145
2026-07-15 14:45:00+00:00,78.63999938964844,79.30000305175781,78.55999755859375,79.29000091552734,9242
2026-07-15 15:00:00+00:00,78.88999938964844,78.91000366210938,78.58000183105469,78.63999938964844,6681
2026-07-15 15:15:00+00:00,78.4000015258789,78.9800033569336,78.31999969482422,78.9000015258789,7701
2026-07-15 15:30:00+00:00,78.58000183105469,78.80999755859375,78.19000244140625,78.38999938964844,7703
2026-07-15 15:45:00+00:00,78.87000274658203,78.88999938964844,78.5,78.56999969482422,5531
2026-07-15 16:00:00+00:00,79.01000213623047,79.20999908447266,78.83999633789062,78.88999938964844,4445
2026-07-15 16:15:00+00:00,79.20999908447266,79.4000015258789,78.94999694824219,79.0199966430664,4226
2026-07-15 16:30:00+00:00,79.48999786376953,79.5,79.13999938964844,79.22000122070312,2680
2026-07-15 16:45:00+00:00,79.4800033569336,79.72000122070312,78.83000183105469,79.48999786376953,9659
2026-07-15 17:00:00+00:00,79.3499984741211,79.48999786376953,79.0999984741211,79.48999786376953,3407
2026-07-15 17:15:00+00:00,78.98999786376953,79.41999816894531,78.97000122070312,79.36000061035156,2894
2026-07-15 17:30:00+00:00,78.94999694824219,79.18000030517578,78.77999877929688,78.9800033569336,3875
2026-07-15 17:45:00+00:00,78.9800033569336,79.02999877929688,78.86000061035156,78.97000122070312,1821
2026-07-15 18:00:00+00:00,79.12000274658203,79.22000122070312,78.83000183105469,78.97000122070312,4237
2026-07-15 18:15:00+00:00,79.66000366210938,79.69000244140625,79.12000274658203,79.12000274658203,9114
2026-07-15 18:30:00+00:00,79.77999877929688,79.9000015258789,79.61000061035156,79.66000366210938,4088
2026-07-15 18:45:00+00:00,79.73999786376953,79.8499984741211,79.63999938964844,79.77999877929688,3251
2026-07-15 19:00:00+00:00,79.68000030517578,79.77999877929688,79.58000183105469,79.75,2379
2026-07-15 19:15:00+00:00,79.88999938964844,79.91999816894531,79.55999755859375,79.66000366210938,2238
2026-07-15 19:30:00+00:00,80.2699966430664,80.68000030517578,79.83999633789062,79.87999725341797,4986
2026-07-15 19:45:00+00:00,80.31999969482422,80.37999725341797,80.2300033569336,80.26000213623047,938
2026-07-15 20:00:00+00:00,80.4000015258789,80.51000213623047,80.29000091552734,80.31999969482422,1228
2026-07-15 20:15:00+00:00,80.30000305175781,80.4000015258789,80.18000030517578,80.4000015258789,859
2026-07-15 20:30:00+00:00,80.41000366210938,80.45999908447266,80.29000091552734,80.30000305175781,556
2026-07-15 20:45:00+00:00,80.23999786376953,80.43000030517578,80.19000244140625,80.43000030517578,784
2026-07-15 22:00:00+00:00,80.22000122070312,80.2699966430664,79.5999984741211,80.0,256
2026-07-15 22:15:00+00:00,80.33999633789062,80.37000274658203,80.20999908447266,80.25,366
2026-07-15 22:30:00+00:00,80.31999969482422,80.48999786376953,80.2699966430664,80.37999725341797,743
2026-07-15 22:45:00+00:00,80.29000091552734,80.58999633789062,80.22000122070312,80.33000183105469,892
2026-07-15 23:00:00+00:00,80.30999755859375,80.33999633789062,80.23999786376953,80.29000091552734,94
2026-07-15 23:15:00+00:00,80.18000030517578,80.29000091552734,80.18000030517578,80.29000091552734,116
2026-07-15 23:30:00+00:00,80.19000244140625,80.25,80.06999969482422,80.19000244140625,227
2026-07-15 23:45:00+00:00,80.22000122070312,80.22000122070312,80.13999938964844,80.13999938964844,92
2026-07-16 00:00:00+00:00,79.97000122070312,80.19000244140625,79.95999908447266,80.16999816894531,581
2026-07-16 00:15:00+00:00,79.98999786376953,80.05999755859375,79.88999938964844,79.9800033569336,304
2026-07-16 00:30:00+00:00,80.13999938964844,80.20999908447266,79.95999908447266,80.0,385
2026-07-16 00:45:00+00:00,80.13999938964844,80.16000366210938,80.0199966430664,80.16000366210938,149
2026-07-16 01:00:00+00:00,80.27999877929688,80.37000274658203,80.0,80.11000061035156,510
2026-07-16 01:15:00+00:00,80.1500015258789,80.2699966430664,80.01000213623047,80.2699966430664,487
2026-07-16 01:30:00+00:00,80.12999725341797,80.13999938964844,79.98999786376953,80.12000274658203,583
2026-07-16 01:45:00+00:00,80.05000305175781,80.29000091552734,79.94999694824219,80.12999725341797,619
2026-07-16 02:00:00+00:00,80.12999725341797,80.16000366210938,80.04000091552734,80.05999755859375,242
2026-07-16 02:15:00+00:00,80.2300033569336,80.27999877929688,80.04000091552734,80.12000274658203,253
2026-07-16 02:30:00+00:00,80.16999816894531,80.25,80.01000213623047,80.2300033569336,290
2026-07-16 02:45:00+00:00,80.04000091552734,80.18000030517578,79.98999786376953,80.18000030517578,445
2026-07-16 03:00:00+00:00,79.91000366210938,80.08000183105469,79.87000274658203,80.0199966430664,373
2026-07-16 03:15:00+00:00,79.72000122070312,79.88999938964844,79.6500015258789,79.88999938964844,584
2026-07-16 03:30:00+00:00,79.4000015258789,79.7300033569336,79.2699966430664,79.72000122070312,1334
2026-07-16 03:45:00+00:00,79.55999755859375,79.55999755859375,79.37000274658203,79.37999725341797,436
2026-07-16 04:00:00+00:00,79.48999786376953,79.61000061035156,79.47000122070312,79.54000091552734,402
2026-07-16 04:15:00+00:00,79.48999786376953,79.56999969482422,79.44000244140625,79.5199966430664,135
2026-07-16 04:30:00+00:00,79.33999633789062,79.5199966430664,79.31999969482422,79.51000213623047,190
2026-07-16 04:45:00+00:00,79.37000274658203,79.38999938964844,79.26000213623047,79.33000183105469,228
2026-07-16 05:00:00+00:00,79.33999633789062,79.38999938964844,79.2300033569336,79.38999938964844,254
2026-07-16 05:15:00+00:00,79.29000091552734,79.41999816894531,79.26000213623047,79.33999633789062,354
2026-07-16 05:30:00+00:00,79.37999725341797,79.44000244140625,79.13999938964844,79.30000305175781,399
2026-07-16 05:45:00+00:00,79.38999938964844,79.5999984741211,79.38999938964844,79.5999984741211,513
2026-07-16 06:00:00+00:00,79.43000030517578,79.68000030517578,79.30000305175781,79.4000015258789,923
2026-07-16 06:15:00+00:00,79.55999755859375,79.66999816894531,79.31999969482422,79.43000030517578,1072
2026-07-16 06:30:00+00:00,79.52999877929688,79.69000244140625,79.30000305175781,79.58999633789062,651
2026-07-16 06:45:00+00:00,79.41000366210938,79.61000061035156,79.26000213623047,79.55999755859375,582
2026-07-16 07:00:00+00:00,79.26000213623047,79.62000274658203,79.22000122070312,79.41999816894531,1505
2026-07-16 07:15:00+00:00,79.69999694824219,79.73999786376953,79.25,79.2699966430664,1011
2026-07-16 07:30:00+00:00,79.56999969482422,79.77999877929688,79.5199966430664,79.69000244140625,926
2026-07-16 07:45:00+00:00,79.54000091552734,79.62000274658203,79.45999908447266,79.56999969482422,962
2026-07-16 08:00:00+00:00,79.54000091552734,79.62999725341797,79.2699966430664,79.55999755859375,1580
2026-07-16 08:15:00+00:00,79.41999816894531,79.55999755859375,79.4000015258789,79.52999877929688,884
2026-07-16 08:30:00+00:00,79.58000183105469,79.66999816894531,79.33000183105469,79.41999816894531,1704
2026-07-16 08:45:00+00:00,79.30999755859375,79.61000061035156,79.27999877929688,79.58999633789062,1304
2026-07-16 09:00:00+00:00,78.94999694824219,79.33000183105469,78.91000366210938,79.30999755859375,2140
2026-07-16 09:15:00+00:00,79.08000183105469,79.4000015258789,78.94999694824219,78.95999908447266,1650
2026-07-16 09:30:00+00:00,79.54000091552734,79.58999633789062,79.0199966430664,79.08999633789062,1766
2026-07-16 09:45:00+00:00,79.55000305175781,79.66000366210938,79.41999816894531,79.5199966430664,1663
2026-07-16 10:00:00+00:00,79.55999755859375,79.5999984741211,79.4000015258789,79.55999755859375,1205
2026-07-16 10:15:00+00:00,79.58000183105469,79.61000061035156,79.41999816894531,79.55999755859375,731
2026-07-16 10:30:00+00:00,79.5999984741211,79.69000244140625,79.54000091552734,79.58999633789062,563
2026-07-16 10:45:00+00:00,79.62000274658203,79.69000244140625,79.44000244140625,79.58999633789062,1496
2026-07-16 11:00:00+00:00,79.48999786376953,79.62999725341797,79.33999633789062,79.62999725341797,1089
2026-07-16 11:15:00+00:00,79.38999938964844,79.58000183105469,79.33000183105469,79.5,1329
2026-07-16 11:30:00+00:00,79.45999908447266,79.55000305175781,79.36000061035156,79.37000274658203,1193
2026-07-16 11:45:00+00:00,79.68000030517578,80.33999633789062,79.3499984741211,79.45999908447266,6967
2026-07-16 12:00:00+00:00,80.0999984741211,80.19000244140625,79.62999725341797,79.66000366210938,3485
2026-07-16 12:15:00+00:00,80.44000244140625,80.7300033569336,80.11000061035156,80.11000061035156,7705
2026-07-16 12:30:00+00:00,80.66999816894531,80.69999694824219,80.30999755859375,80.44999694824219,3884
2026-07-16 12:45:00+00:00,80.5,80.68000030517578,80.27999877929688,80.68000030517578,2840
2026-07-16 13:00:00+00:00,80.37000274658203,80.87000274658203,80.31999969482422,80.5,5185
2026-07-16 13:15:00+00:00,80.1500015258789,80.55000305175781,80.12000274658203,80.33999633789062,3468
2026-07-16 13:30:00+00:00,80.0,80.36000061035156,79.87000274658203,80.1500015258789,4582
2026-07-16 13:45:00+00:00,80.06999969482422,80.12000274658203,79.87000274658203,80.0,2790
2026-07-16 14:00:00+00:00,79.94000244140625,80.08999633789062,79.68000030517578,80.08999633789062,3990
2026-07-16 14:15:00+00:00,80.04000091552734,80.30999755859375,79.87999725341797,79.97000122070312,3561
2026-07-16 14:30:00+00:00,79.79000091552734,80.06999969482422,79.77999877929688,80.05000305175781,3512
2026-07-16 14:45:00+00:00,79.58000183105469,79.87000274658203,79.44000244140625,79.80000305175781,4525
2026-07-16 15:00:00+00:00,79.69000244140625,79.7699966430664,79.47000122070312,79.58000183105469,3995
2026-07-16 15:15:00+00:00,79.5199966430664,79.72000122070312,79.30000305175781,79.68000030517578,4029
2026-07-16 15:30:00+00:00,78.79000091552734,79.66999816894531,78.62000274658203,79.5199966430664,17803
2026-07-16 15:45:00+00:00,78.80000305175781,78.88999938964844,78.7699966430664,78.79000091552734,2665
2026-07-16 16:00:00+00:00,78.88999938964844,79.1500015258789,78.77999877929688,78.80000305175781,2781
2026-07-16 16:15:00+00:00,78.9000015258789,79.54000091552734,78.83999633789062,78.9000015258789,6196
2026-07-16 16:30:00+00:00,78.80000305175781,78.91000366210938,78.69999694824219,78.91000366210938,3066
2026-07-16 16:45:00+00:00,78.41999816894531,78.86000061035156,78.2699966430664,78.80000305175781,5487
2026-07-16 17:00:00+00:00,78.66000366210938,78.66999816894531,78.25,78.44000244140625,3450
2026-07-16 17:15:00+00:00,78.36000061035156,78.66999816894531,78.36000061035156,78.66000366210938,2644
2026-07-16 17:30:00+00:00,78.45999908447266,78.52999877929688,78.13999938964844,78.37999725341797,3790
2026-07-16 17:45:00+00:00,78.19000244140625,78.51000213623047,78.12000274658203,78.44999694824219,2527
2026-07-16 18:00:00+00:00,78.11000061035156,78.29000091552734,78.04000091552734,78.19000244140625,3156
2026-07-16 18:15:00+00:00,78.30999755859375,78.41000366210938,78.0,78.11000061035156,12711
2026-07-16 18:30:00+00:00,78.31999969482422,78.33000183105469,78.12000274658203,78.30000305175781,3328
2026-07-16 18:45:00+00:00,78.38999938964844,78.44999694824219,78.2699966430664,78.31999969482422,1428
2026-07-16 19:00:00+00:00,78.3499984741211,78.47000122070312,78.30999755859375,78.38999938964844,1444
2026-07-16 19:15:00+00:00,78.33999633789062,78.37999725341797,78.30999755859375,78.3499984741211,399
2026-07-16 19:30:00+00:00,78.43000030517578,78.5199966430664,78.33999633789062,78.3499984741211,999
2026-07-16 19:45:00+00:00,78.41000366210938,78.4800033569336,78.37999725341797,78.41999816894531,597
2026-07-16 20:00:00+00:00,78.43000030517578,78.44999694824219,78.20999908447266,78.41000366210938,1142
2026-07-16 20:15:00+00:00,78.45999908447266,78.51000213623047,78.41000366210938,78.43000030517578,796
2026-07-16 20:30:00+00:00,78.80999755859375,78.91999816894531,78.44999694824219,78.47000122070312,1182
2026-07-16 20:45:00+00:00,78.88999938964844,79.0199966430664,78.73999786376953,78.79000091552734,1172
2026-07-16 22:00:00+00:00,79.02999877929688,79.02999877929688,78.80999755859375,78.86000061035156,360
2026-07-16 22:15:00+00:00,78.95999908447266,79.06999969482422,78.87000274658203,79.05000305175781,671
2026-07-16 22:30:00+00:00,78.97000122070312,79.0199966430664,78.91000366210938,78.94999694824219,688
2026-07-16 22:45:00+00:00,78.94000244140625,79.0199966430664,78.93000030517578,78.97000122070312,276
2026-07-16 23:00:00+00:00,78.98999786376953,79.0,78.91000366210938,78.93000030517578,467
2026-07-16 23:15:00+00:00,79.0,79.02999877929688,78.94000244140625,78.98999786376953,308
2026-07-16 23:30:00+00:00,78.95999908447266,79.0199966430664,78.94999694824219,79.01000213623047,608
2026-07-16 23:45:00+00:00,79.0199966430664,79.0199966430664,78.94999694824219,78.95999908447266,120
2026-07-17 00:00:00+00:00,78.81999969482422,79.01000213623047,78.79000091552734,79.01000213623047,841
2026-07-17 00:15:00+00:00,78.98999786376953,79.02999877929688,78.79000091552734,78.83000183105469,513
2026-07-17 00:30:00+00:00,79.08999633789062,79.12000274658203,78.83000183105469,78.9800033569336,419
2026-07-17 00:45:00+00:00,79.11000061035156,79.13999938964844,78.9800033569336,79.11000061035156,566
2026-07-17 01:00:00+00:00,79.33999633789062,79.4000015258789,79.0,79.11000061035156,1281
2026-07-17 01:15:00+00:00,79.5199966430664,79.52999877929688,79.30999755859375,79.33999633789062,1148
2026-07-17 01:30:00+00:00,79.26000213623047,79.58000183105469,79.16000366210938,79.5199966430664,1152
2026-07-17 01:45:00+00:00,79.16999816894531,79.2699966430664,79.11000061035156,79.26000213623047,894
2026-07-17 02:00:00+00:00,79.16999816894531,79.23999786376953,79.0999984741211,79.16999816894531,440
2026-07-17 02:15:00+00:00,79.06999969482422,79.18000030517578,79.05999755859375,79.16000366210938,318
2026-07-17 02:30:00+00:00,78.97000122070312,79.08000183105469,78.8499984741211,79.06999969482422,820
2026-07-17 02:45:00+00:00,79.02999877929688,79.05000305175781,78.7699966430664,78.9800033569336,1032
2026-07-17 03:00:00+00:00,79.02999877929688,79.11000061035156,78.97000122070312,79.01000213623047,304
2026-07-17 03:15:00+00:00,79.05000305175781,79.06999969482422,78.87000274658203,79.0199966430664,291
2026-07-17 03:30:00+00:00,79.0999984741211,79.13999938964844,78.94000244140625,79.05999755859375,376
2026-07-17 03:45:00+00:00,79.16000366210938,79.16000366210938,79.05000305175781,79.08000183105469,171
2026-07-17 04:00:00+00:00,79.18000030517578,79.18000030517578,79.06999969482422,79.1500015258789,355
2026-07-17 04:15:00+00:00,79.25,79.27999877929688,79.1500015258789,79.18000030517578,440
2026-07-17 04:30:00+00:00,79.16999816894531,79.27999877929688,79.16000366210938,79.25,227
2026-07-17 04:45:00+00:00,79.19000244140625,79.19000244140625,79.0999984741211,79.16000366210938,204
2026-07-17 05:00:00+00:00,79.05999755859375,79.20999908447266,79.05000305175781,79.19000244140625,364
2026-07-17 05:15:00+00:00,78.9800033569336,79.08999633789062,78.93000030517578,79.06999969482422,225
2026-07-17 05:30:00+00:00,78.33999633789062,79.11000061035156,78.12999725341797,78.9800033569336,1825
2026-07-17 05:45:00+00:00,78.37999725341797,78.5,78.1500015258789,78.3499984741211,1034
2026-07-17 06:00:00+00:00,78.12999725341797,78.44999694824219,77.93000030517578,78.43000030517578,1817
2026-07-17 06:15:00+00:00,78.44000244140625,78.4800033569336,78.05999755859375,78.13999938964844,1311
2026-07-17 06:30:00+00:00,78.72000122070312,78.88999938964844,78.37999725341797,78.44999694824219,1970
2026-07-17 06:45:00+00:00,78.6500015258789,78.8499984741211,78.51000213623047,78.7300033569336,772
2026-07-17 07:00:00+00:00,78.87000274658203,78.95999908447266,78.61000061035156,78.62999725341797,1370
2026-07-17 07:15:00+00:00,79.01000213623047,79.13999938964844,78.7699966430664,78.87000274658203,1402
2026-07-17 07:30:00+00:00,78.93000030517578,79.05999755859375,78.87999725341797,79.0,1340
2026-07-17 07:45:00+00:00,78.7699966430664,78.97000122070312,78.72000122070312,78.94000244140625,726
2026-07-17 08:00:00+00:00,78.80999755859375,78.88999938964844,78.52999877929688,78.76000213623047,1400
2026-07-17 08:15:00+00:00,79.06999969482422,79.11000061035156,78.55999755859375,78.80999755859375,1618
2026-07-17 08:30:00+00:00,78.95999908447266,79.08999633789062,78.80000305175781,79.05000305175781,1339
2026-07-17 08:45:00+00:00,79.29000091552734,79.31999969482422,78.94999694824219,78.97000122070312,1838
2026-07-17 09:00:00+00:00,79.44999694824219,79.62000274658203,79.29000091552734,79.31999969482422,3215
2026-07-17 09:15:00+00:00,79.7699966430664,79.83000183105469,79.4000015258789,79.44999694824219,2599
2026-07-17 09:30:00+00:00,79.7300033569336,79.93000030517578,79.6500015258789,79.77999877929688,2534
2026-07-17 09:45:00+00:00,79.7699966430664,79.91000366210938,79.66000366210938,79.72000122070312,2070
2026-07-17 10:00:00+00:00,79.9800033569336,80.02999877929688,79.55999755859375,79.7699966430664,3065
2026-07-17 10:15:00+00:00,79.83999633789062,80.08999633789062,79.83999633789062,79.9800033569336,2049
2026-07-17 10:30:00+00:00,79.79000091552734,79.9000015258789,79.73999786376953,79.8499984741211,1838
2026-07-17 10:45:00+00:00,79.9800033569336,80.04000091552734,79.80000305175781,79.80000305175781,1329
2026-07-17 11:00:00+00:00,80.16000366210938,80.2300033569336,79.91999816894531,79.98999786376953,1919
2026-07-17 11:15:00+00:00,80.06999969482422,80.31999969482422,80.05999755859375,80.1500015258789,1896
2026-07-17 11:30:00+00:00,79.97000122070312,80.19000244140625,79.91999816894531,80.06999969482422,1729
2026-07-17 11:45:00+00:00,80.19000244140625,80.20999908447266,79.9000015258789,79.9800033569336,2069
2026-07-17 12:00:00+00:00,80.0999984741211,80.22000122070312,80.05000305175781,80.19999694824219,2060
2026-07-17 12:15:00+00:00,80.2300033569336,80.30999755859375,80.08999633789062,80.11000061035156,2223
2026-07-17 12:30:00+00:00,80.33000183105469,80.44000244140625,80.25,80.26000213623047,3582
2026-07-17 12:45:00+00:00,80.3499984741211,80.45999908447266,80.0999984741211,80.30999755859375,4082
2026-07-17 13:00:00+00:00,80.8499984741211,81.01000213623047,80.29000091552734,80.33999633789062,9346
2026-07-17 13:15:00+00:00,80.94999694824219,81.0199966430664,80.66000366210938,80.86000061035156,5058
2026-07-17 13:30:00+00:00,80.91000366210938,81.05999755859375,80.58000183105469,80.94000244140625,4956
2026-07-17 13:45:00+00:00,81.13999938964844,81.19999694824219,80.86000061035156,80.91999816894531,4020
2026-07-17 14:00:00+00:00,81.12000274658203,81.25,80.9000015258789,81.13999938964844,5268
2026-07-17 14:15:00+00:00,80.91000366210938,81.11000061035156,80.83000183105469,81.11000061035156,4001
2026-07-17 14:30:00+00:00,80.80000305175781,80.9000015258789,80.52999877929688,80.9000015258789,4444
2026-07-17 14:45:00+00:00,80.22000122070312,80.80000305175781,80.16999816894531,80.79000091552734,7643
2026-07-17 15:00:00+00:00,79.97000122070312,80.3499984741211,79.81999969482422,80.20999908447266,7551
2026-07-17 15:15:00+00:00,80.41999816894531,80.56999969482422,79.97000122070312,79.97000122070312,7103
2026-07-17 15:30:00+00:00,80.70999908447266,80.8499984741211,80.30000305175781,80.41999816894531,7942
2026-07-17 15:45:00+00:00,80.68000030517578,80.80999755859375,80.5999984741211,80.72000122070312,3840
2026-07-17 16:00:00+00:00,81.31999969482422,81.44999694824219,80.62000274658203,80.69000244140625,9406
2026-07-17 16:15:00+00:00,81.41000366210938,81.5199966430664,81.20999908447266,81.31999969482422,4015
2026-07-17 16:30:00+00:00,81.33999633789062,81.47000122070312,81.20999908447266,81.41000366210938,2944
2026-07-17 16:45:00+00:00,81.47000122070312,81.54000091552734,81.19999694824219,81.33999633789062,4435
2026-07-17 17:00:00+00:00,81.48999786376953,81.54000091552734,81.27999877929688,81.47000122070312,4658
2026-07-17 17:15:00+00:00,81.63999938964844,81.7300033569336,81.44000244140625,81.48999786376953,3790
2026-07-17 17:30:00+00:00,81.80999755859375,81.8499984741211,81.51000213623047,81.63999938964844,6569
2026-07-17 17:45:00+00:00,81.7699966430664,81.87999725341797,81.66999816894531,81.80999755859375,6060
2026-07-17 18:00:00+00:00,82.01000213623047,82.06999969482422,81.61000061035156,81.7699966430664,8251
2026-07-17 18:15:00+00:00,81.66999816894531,82.05999755859375,81.6500015258789,82.0199966430664,15764
2026-07-17 18:30:00+00:00,81.41999816894531,81.69000244140625,81.33999633789062,81.66000366210938,6544
2026-07-17 18:45:00+00:00,81.41000366210938,81.5199966430664,81.36000061035156,81.41999816894531,2282
2026-07-17 19:00:00+00:00,81.37999725341797,81.44000244140625,81.30999755859375,81.41999816894531,1434
2026-07-17 19:15:00+00:00,81.37999725341797,81.47000122070312,81.33000183105469,81.37999725341797,2096
2026-07-17 19:30:00+00:00,81.13999938964844,81.36000061035156,81.08000183105469,81.36000061035156,2495
2026-07-17 19:45:00+00:00,81.44000244140625,81.45999908447266,81.12000274658203,81.12999725341797,2392
2026-07-17 20:00:00+00:00,81.51000213623047,81.63999938964844,81.31999969482422,81.44000244140625,1358
2026-07-17 20:15:00+00:00,81.72000122070312,81.75,81.51000213623047,81.51000213623047,1782
2026-07-17 20:30:00+00:00,81.86000061035156,81.86000061035156,81.61000061035156,81.72000122070312,1934
2026-07-17 20:45:00+00:00,81.77999877929688,81.86000061035156,81.69000244140625,81.83999633789062,1482
2026-07-19 22:00:00+00:00,83.87000274658203,84.0199966430664,83.79000091552734,83.87999725341797,895
2026-07-19 22:15:00+00:00,84.58000183105469,84.58000183105469,83.80000305175781,83.86000061035156,4370
2026-07-19 22:30:00+00:00,84.12999725341797,84.5999984741211,84.01000213623047,84.58999633789062,2161
2026-07-19 22:45:00+00:00,84.02999877929688,84.16999816894531,84.01000213623047,84.11000061035156,1284
2026-07-19 23:00:00+00:00,84.08000183105469,84.16999816894531,83.95999908447266,84.04000091552734,1249
2026-07-19 23:15:00+00:00,83.94999694824219,84.08999633789062,83.79000091552734,84.08999633789062,1334
2026-07-19 23:30:00+00:00,83.94000244140625,83.9800033569336,83.70999908447266,83.94999694824219,1552
2026-07-19 23:45:00+00:00,83.83999633789062,84.0,83.80000305175781,83.94000244140625,653
2026-07-20 00:00:00+00:00,83.66000366210938,83.9000015258789,83.5199966430664,83.8499984741211,1835
2026-07-20 00:15:00+00:00,83.69999694824219,83.7300033569336,83.55999755859375,83.63999938964844,1116
2026-07-20 00:30:00+00:00,83.68000030517578,83.77999877929688,83.52999877929688,83.72000122070312,623
2026-07-20 00:45:00+00:00,83.56999969482422,83.75,83.55000305175781,83.69000244140625,561
2026-07-20 01:00:00+00:00,83.62999725341797,83.66999816894531,83.36000061035156,83.56999969482422,1791
2026-07-20 01:15:00+00:00,83.58999633789062,83.69000244140625,83.38999938964844,83.61000061035156,928
2026-07-20 01:30:00+00:00,83.7699966430664,83.80999755859375,83.5,83.5999984741211,998
2026-07-20 01:45:00+00:00,83.69999694824219,83.86000061035156,83.5999984741211,83.79000091552734,1245
2026-07-20 02:00:00+00:00,83.80000305175781,83.8499984741211,83.41999816894531,83.69999694824219,684
2026-07-20 02:15:00+00:00,83.5999984741211,83.80999755859375,83.58999633789062,83.80999755859375,476
2026-07-20 02:30:00+00:00,83.5199966430664,83.69999694824219,83.33000183105469,83.61000061035156,1156
2026-07-20 02:45:00+00:00,83.36000061035156,83.55000305175781,83.30999755859375,83.5199966430664,833
2026-07-20 03:00:00+00:00,83.5199966430664,83.5199966430664,83.31999969482422,83.3499984741211,404
2026-07-20 03:15:00+00:00,83.5199966430664,83.62999725341797,83.43000030517578,83.5199966430664,476
2026-07-20 03:30:00+00:00,83.56999969482422,83.6500015258789,83.51000213623047,83.52999877929688,324
2026-07-20 03:45:00+00:00,83.63999938964844,83.6500015258789,83.55999755859375,83.58999633789062,105
2026-07-20 04:00:00+00:00,83.75,83.7699966430664,83.61000061035156,83.63999938964844,548
2026-07-20 04:15:00+00:00,83.69000244140625,83.7699966430664,83.66999816894531,83.73999786376953,208
2026-07-20 04:30:00+00:00,83.5,83.69000244140625,83.47000122070312,83.69000244140625,470
2026-07-20 04:45:00+00:00,83.55000305175781,83.6500015258789,83.47000122070312,83.5,483
2026-07-20 05:00:00+00:00,83.4800033569336,83.55999755859375,83.43000030517578,83.54000091552734,399
2026-07-20 05:15:00+00:00,83.69000244140625,83.69999694824219,83.47000122070312,83.4800033569336,462
2026-07-20 05:30:00+00:00,83.7300033569336,83.7699966430664,83.4800033569336,83.69000244140625,779
2026-07-20 05:45:00+00:00,83.80999755859375,83.86000061035156,83.66000366210938,83.73999786376953,857
2026-07-20 06:00:00+00:00,83.97000122070312,84.08999633789062,83.80000305175781,83.80999755859375,1730
2026-07-20 06:15:00+00:00,83.80000305175781,84.19999694824219,83.7300033569336,83.98999786376953,2209
2026-07-20 06:30:00+00:00,83.87000274658203,84.0999984741211,83.73999786376953,83.79000091552734,2535
2026-07-20 06:45:00+00:00,83.88999938964844,83.94000244140625,83.66999816894531,83.86000061035156,1002
2026-07-20 07:00:00+00:00,83.9800033569336,84.16999816894531,83.63999938964844,83.87999725341797,2465
2026-07-20 07:15:00+00:00,83.19999694824219,84.0199966430664,83.12999725341797,83.97000122070312,4720
2026-07-20 07:30:00+00:00,82.2300033569336,83.25,82.2300033569336,83.19000244140625,5881
2026-07-20 07:45:00+00:00,82.22000122070312,82.62000274658203,82.11000061035156,82.23999786376953,4823
2026-07-20 08:00:00+00:00,81.75,82.2300033569336,81.6500015258789,82.20999908447266,4304
2026-07-20 08:15:00+00:00,81.62000274658203,81.81999969482422,81.38999938964844,81.75,4250
2026-07-20 08:30:00+00:00,81.66999816894531,81.68000030517578,81.30999755859375,81.62000274658203,3242
2026-07-20 08:45:00+00:00,81.56999969482422,81.68000030517578,81.2699966430664,81.6500015258789,2517
2026-07-20 09:00:00+00:00,81.5,81.73999786376953,81.44999694824219,81.56999969482422,1954
2026-07-20 09:15:00+00:00,81.33999633789062,81.48999786376953,81.11000061035156,81.48999786376953,2400
2026-07-20 09:30:00+00:00,81.19000244140625,81.33999633789062,80.94999694824219,81.33999633789062,2346
2026-07-20 09:45:00+00:00,81.16999816894531,81.33000183105469,81.12000274658203,81.19000244140625,2034
2026-07-20 10:00:00+00:00,81.41000366210938,81.5,81.1500015258789,81.18000030517578,1589
2026-07-20 10:15:00+00:00,81.44999694824219,81.45999908447266,81.23999786376953,81.41000366210938,1175
2026-07-20 10:30:00+00:00,81.68000030517578,81.73999786376953,81.43000030517578,81.44999694824219,1764
2026-07-20 10:45:00+00:00,81.63999938964844,81.83000183105469,81.62999725341797,81.68000030517578,2124
2026-07-20 11:00:00+00:00,81.70999908447266,81.70999908447266,81.41000366210938,81.62999725341797,1660
2026-07-20 11:15:00+00:00,81.61000061035156,81.72000122070312,81.5199966430664,81.69999694824219,956
2026-07-20 11:30:00+00:00,79.76000213623047,81.5999984741211,79.58000183105469,81.58999633789062,18550
2026-07-20 11:45:00+00:00,80.27999877929688,80.48999786376953,79.77999877929688,79.77999877929688,6397
2026-07-20 12:00:00+00:00,81.43000030517578,81.69999694824219,80.23999786376953,80.26000213623047,14886
2026-07-20 12:15:00+00:00,81.83999633789062,81.9800033569336,81.38999938964844,81.44000244140625,4727
2026-07-20 12:30:00+00:00,82.0199966430664,82.12999725341797,81.68000030517578,81.83000183105469,6848
2026-07-20 12:45:00+00:00,81.87000274658203,82.12999725341797,81.56999969482422,82.02999877929688,7199
2026-07-20 13:00:00+00:00,81.76000213623047,81.98999786376953,81.43000030517578,81.87999725341797,7234
2026-07-20 13:15:00+00:00,81.33999633789062,81.76000213623047,81.13999938964844,81.75,7260
2026-07-20 13:30:00+00:00,81.44000244140625,81.51000213623047,81.0999984741211,81.33000183105469,5246
2026-07-20 13:45:00+00:00,81.70999908447266,81.76000213623047,81.33999633789062,81.41999816894531,5255
2026-07-20 14:00:00+00:00,81.97000122070312,81.98999786376953,81.51000213623047,81.70999908447266,7347
2026-07-20 14:15:00+00:00,81.5199966430664,82.0199966430664,81.45999908447266,81.95999908447266,5015
2026-07-20 14:30:00+00:00,81.45999908447266,81.70999908447266,81.29000091552734,81.5199966430664,5545
2026-07-20 14:45:00+00:00,82.0,82.06999969482422,81.44000244140625,81.45999908447266,6279
2026-07-20 15:00:00+00:00,81.44000244140625,82.08000183105469,81.11000061035156,81.98999786376953,7588
2026-07-20 15:15:00+00:00,81.4000015258789,81.7699966430664,81.36000061035156,81.44999694824219,4957
2026-07-20 15:30:00+00:00,81.48999786376953,81.63999938964844,81.2699966430664,81.4000015258789,6408
2026-07-20 15:45:00+00:00,81.55999755859375,81.62999725341797,81.41000366210938,81.48999786376953,3104
2026-07-20 16:00:00+00:00,81.38999938964844,81.58000183105469,81.18000030517578,81.56999969482422,4611
2026-07-20 16:15:00+00:00,81.61000061035156,81.62000274658203,81.23999786376953,81.38999938964844,3491
2026-07-20 16:30:00+00:00,81.87000274658203,82.44999694824219,81.5999984741211,81.5999984741211,12153
2026-07-20 16:45:00+00:00,81.88999938964844,81.9800033569336,81.55999755859375,81.86000061035156,4162
2026-07-20 17:00:00+00:00,81.77999877929688,81.94999694824219,81.66999816894531,81.9000015258789,3849
2026-07-20 17:15:00+00:00,81.75,81.9800033569336,81.72000122070312,81.77999877929688,4421
2026-07-20 17:30:00+00:00,82.04000091552734,82.2300033569336,81.76000213623047,81.76000213623047,5500
2026-07-20 17:45:00+00:00,82.16000366210938,82.29000091552734,81.94999694824219,82.04000091552734,7775
2026-07-20 18:00:00+00:00,81.93000030517578,82.19999694824219,81.81999969482422,82.16999816894531,7619
2026-07-20 18:15:00+00:00,82.58999633789062,82.61000061035156,81.93000030517578,81.93000030517578,20120
2026-07-20 18:30:00+00:00,82.91000366210938,82.93000030517578,82.55999755859375,82.56999969482422,4862
2026-07-20 18:45:00+00:00,82.86000061035156,83.16999816894531,82.7699966430664,82.91000366210938,4643
2026-07-20 19:00:00+00:00,82.79000091552734,82.98999786376953,82.73999786376953,82.87000274658203,2360
2026-07-20 19:15:00+00:00,82.54000091552734,82.83000183105469,82.4000015258789,82.79000091552734,3064
2026-07-20 19:30:00+00:00,82.43000030517578,82.5999984741211,82.16000366210938,82.5199966430664,3090
2026-07-20 19:45:00+00:00,82.41999816894531,82.52999877929688,82.3499984741211,82.41999816894531,2430
2026-07-20 20:00:00+00:00,82.41000366210938,82.4800033569336,82.36000061035156,82.43000030517578,772
2026-07-20 20:15:00+00:00,82.4800033569336,82.52999877929688,82.4000015258789,82.41000366210938,389
2026-07-20 20:30:00+00:00,82.48999786376953,82.55999755859375,82.45999908447266,82.48999786376953,525
2026-07-20 20:45:00+00:00,82.41999816894531,82.5,82.4000015258789,82.4800033569336,1105
2026-07-20 22:00:00+00:00,82.5199966430664,82.69000244140625,82.4000015258789,82.41999816894531,348
2026-07-20 22:15:00+00:00,82.58000183105469,82.66000366210938,82.52999877929688,82.52999877929688,208
2026-07-20 22:30:00+00:00,82.61000061035156,82.68000030517578,82.5,82.58999633789062,229
2026-07-20 22:45:00+00:00,82.62999725341797,82.66999816894531,82.5999984741211,82.62000274658203,166
2026-07-20 23:00:00+00:00,82.5999984741211,82.73999786376953,82.55000305175781,82.62999725341797,227
2026-07-20 23:15:00+00:00,82.5199966430664,82.62000274658203,82.51000213623047,82.58999633789062,150
2026-07-20 23:30:00+00:00,82.58999633789062,82.61000061035156,82.51000213623047,82.52999877929688,111
2026-07-20 23:45:00+00:00,82.48999786376953,82.58999633789062,82.44999694824219,82.58999633789062,164
2026-07-21 00:00:00+00:00,82.41999816894531,82.54000091552734,82.31999969482422,82.47000122070312,780
2026-07-21 00:15:00+00:00,82.5199966430664,82.55000305175781,82.38999938964844,82.44000244140625,473
2026-07-21 00:30:00+00:00,82.44999694824219,82.55000305175781,82.38999938964844,82.52999877929688,255
2026-07-21 00:45:00+00:00,82.5,82.52999877929688,82.41000366210938,82.44999694824219,178
2026-07-21 01:00:00+00:00,82.12999725341797,82.55999755859375,82.01000213623047,82.51000213623047,1427
2026-07-21 01:15:00+00:00,82.16000366210938,82.19999694824219,81.91999816894531,82.12000274658203,1013
2026-07-21 01:30:00+00:00,82.20999908447266,82.33999633789062,82.0999984741211,82.13999938964844,569
2026-07-21 01:45:00+00:00,82.41000366210938,82.47000122070312,82.20999908447266,82.20999908447266,515
2026-07-21 02:00:00+00:00,82.30999755859375,82.44000244140625,82.22000122070312,82.43000030517578,312
2026-07-21 02:15:00+00:00,82.36000061035156,82.4000015258789,82.2300033569336,82.33999633789062,299
2026-07-21 02:30:00+00:00,82.47000122070312,82.52999877929688,82.31999969482422,82.36000061035156,390
2026-07-21 02:45:00+00:00,82.1500015258789,82.52999877929688,82.12999725341797,82.47000122070312,412
2026-07-21 03:00:00+00:00,82.37999725341797,82.4000015258789,82.0999984741211,82.1500015258789,284
2026-07-21 03:15:00+00:00,82.2699966430664,82.37999725341797,82.2300033569336,82.37999725341797,193
2026-07-21 03:30:00+00:00,82.20999908447266,82.27999877929688,82.12999725341797,82.27999877929688,312
2026-07-21 03:45:00+00:00,82.19000244140625,82.31999969482422,82.1500015258789,82.22000122070312,356
2026-07-21 04:00:00+00:00,82.05000305175781,82.16999816894531,81.91000366210938,82.16999816894531,797
2026-07-21 04:15:00+00:00,82.13999938964844,82.19999694824219,82.04000091552734,82.05999755859375,315
2026-07-21 04:30:00+00:00,82.13999938964844,82.23999786376953,82.0999984741211,82.1500015258789,202
2026-07-21 04:45:00+00:00,82.13999938964844,82.1500015258789,82.06999969482422,82.1500015258789,202
2026-07-21 05:00:00+00:00,82.2699966430664,82.41999816894531,82.0999984741211,82.13999938964844,547
2026-07-21 05:15:00+00:00,82.33000183105469,82.33999633789062,82.25,82.29000091552734,207
2026-07-21 05:30:00+00:00,82.06999969482422,82.33000183105469,81.98999786376953,82.33000183105469,694
2026-07-21 05:45:00+00:00,82.05000305175781,82.16000366210938,81.81999969482422,82.08999633789062,887
2026-07-21 06:00:00+00:00,82.1500015258789,82.23999786376953,82.02999877929688,82.05999755859375,729
2026-07-21 06:15:00+00:00,81.94000244140625,82.16000366210938,81.93000030517578,82.16000366210938,933
2026-07-21 06:30:00+00:00,82.05000305175781,82.11000061035156,81.91000366210938,81.93000030517578,1075
2026-07-21 06:45:00+00:00,82.31999969482422,82.31999969482422,82.01000213623047,82.05999755859375,1010
2026-07-21 07:00:00+00:00,82.62000274658203,82.66000366210938,82.25,82.30999755859375,1890
2026-07-21 07:15:00+00:00,82.87999725341797,82.87999725341797,82.62000274658203,82.62000274658203,1883
2026-07-21 07:30:00+00:00,82.23999786376953,83.05000305175781,82.0999984741211,82.88999938964844,2706
2026-07-21 07:45:00+00:00,81.91999816894531,82.29000091552734,81.88999938964844,82.2300033569336,2045
2026-07-21 08:00:00+00:00,81.52999877929688,82.0,81.44000244140625,81.91999816894531,3102
2026-07-21 08:15:00+00:00,81.97000122070312,82.05999755859375,81.38999938964844,81.52999877929688,3378
2026-07-21 08:30:00+00:00,81.95999908447266,82.19000244140625,81.88999938964844,81.95999908447266,2012
2026-07-21 08:45:00+00:00,82.23999786376953,82.44999694824219,81.94999694824219,81.97000122070312,1673
2026-07-21 09:00:00+00:00,82.12000274658203,82.30999755859375,81.94999694824219,82.25,1345
2026-07-21 09:15:00+00:00,82.91999816894531,82.94000244140625,82.06999969482422,82.12999725341797,2764
2026-07-21 09:30:00+00:00,82.98999786376953,83.05000305175781,82.62000274658203,82.93000030517578,3131
2026-07-21 09:45:00+00:00,83.26000213623047,83.37999725341797,82.81999969482422,82.98999786376953,3341
2026-07-21 10:00:00+00:00,82.69000244140625,83.26000213623047,82.29000091552734,83.26000213623047,5442
2026-07-21 10:15:00+00:00,82.87000274658203,83.05999755859375,82.69000244140625,82.69999694824219,2042
2026-07-21 10:30:00+00:00,82.87000274658203,82.97000122070312,82.66000366210938,82.88999938964844,1787
2026-07-21 10:45:00+00:00,83.2699966430664,83.37000274658203,82.87999725341797,82.87999725341797,4672
2026-07-21 11:00:00+00:00,83.4800033569336,83.58000183105469,83.19999694824219,83.26000213623047,2920
2026-07-21 11:15:00+00:00,83.63999938964844,83.7300033569336,83.44000244140625,83.4800033569336,3575
2026-07-21 11:30:00+00:00,83.72000122070312,83.93000030517578,83.45999908447266,83.63999938964844,4367
2026-07-21 11:45:00+00:00,83.83999633789062,84.0,83.69999694824219,83.7300033569336,3274
2026-07-21 12:00:00+00:00,83.58999633789062,83.87000274658203,83.33000183105469,83.8499984741211,4783
2026-07-21 12:15:00+00:00,84.12000274658203,84.1500015258789,83.55000305175781,83.55999755859375,6266
2026-07-21 12:30:00+00:00,84.0999984741211,84.43000030517578,83.94000244140625,84.12000274658203,6538
2026-07-21 12:45:00+00:00,84.12000274658203,84.20999908447266,83.93000030517578,84.11000061035156,4830
2026-07-21 13:00:00+00:00,84.37999725341797,84.55999755859375,84.06999969482422,84.13999938964844,7874
2026-07-21 13:15:00+00:00,84.5999984741211,84.66000366210938,84.19999694824219,84.37000274658203,6931
2026-07-21 13:30:00+00:00,84.83000183105469,84.94999694824219,84.27999877929688,84.61000061035156,9257
2026-07-21 13:45:00+00:00,84.37999725341797,84.91000366210938,84.30999755859375,84.83000183105469,6603
2026-07-21 14:00:00+00:00,84.4800033569336,84.58999633789062,84.19000244140625,84.37999725341797,6789
2026-07-21 14:15:00+00:00,84.62000274658203,84.68000030517578,84.19000244140625,84.47000122070312,7085
2026-07-21 14:30:00+00:00,84.56999969482422,85.02999877929688,84.54000091552734,84.62999725341797,9264
2026-07-21 14:45:00+00:00,84.69999694824219,84.73999786376953,84.06999969482422,84.55999755859375,11394
2026-07-21 15:00:00+00:00,84.19999694824219,84.8499984741211,84.18000030517578,84.7300033569336,5456
2026-07-21 15:15:00+00:00,84.55999755859375,84.5999984741211,83.69000244140625,84.20999908447266,14854
2026-07-21 15:30:00+00:00,84.72000122070312,84.76000213623047,84.33000183105469,84.55999755859375,7515
2026-07-21 15:45:00+00:00,84.51000213623047,84.79000091552734,84.4800033569336,84.72000122070312,5337
2026-07-21 16:00:00+00:00,84.2699966430664,84.55000305175781,84.0999984741211,84.51000213623047,5809
2026-07-21 16:15:00+00:00,84.33000183105469,84.44999694824219,84.16000366210938,84.2699966430664,4357
2026-07-21 16:30:00+00:00,84.47000122070312,84.48999786376953,84.18000030517578,84.33999633789062,3777
2026-07-21 16:45:00+00:00,84.38999938964844,84.56999969482422,84.33999633789062,84.47000122070312,2618
2026-07-21 17:00:00+00:00,84.11000061035156,84.5,84.02999877929688,84.4000015258789,3371
2026-07-21 17:15:00+00:00,84.19999694824219,84.29000091552734,84.08999633789062,84.0999984741211,3237
2026-07-21 17:30:00+00:00,84.41999816894531,84.48999786376953,84.19000244140625,84.19000244140625,4352
2026-07-21 17:45:00+00:00,84.36000061035156,84.5,84.26000213623047,84.41999816894531,4103
2026-07-21 18:00:00+00:00,84.19000244140625,84.36000061035156,83.97000122070312,84.3499984741211,9167
2026-07-21 18:15:00+00:00,84.37999725341797,84.4000015258789,84.0999984741211,84.19000244140625,15916
2026-07-21 18:30:00+00:00,84.13999938964844,84.56999969482422,84.11000061035156,84.37000274658203,5375
2026-07-21 18:45:00+00:00,84.51000213623047,84.52999877929688,84.13999938964844,84.1500015258789,3817
2026-07-21 19:00:00+00:00,84.66000366210938,84.69000244140625,84.44999694824219,84.5199966430664,2524
2026-07-21 19:15:00+00:00,84.63999938964844,84.68000030517578,84.5199966430664,84.6500015258789,3177
2026-07-21 19:30:00+00:00,84.6500015258789,84.72000122070312,84.52999877929688,84.62000274658203,1709
2026-07-21 19:45:00+00:00,84.66999816894531,84.76000213623047,84.62999725341797,84.6500015258789,1699
2026-07-21 20:00:00+00:00,84.51000213623047,84.73999786376953,84.48999786376953,84.66000366210938,1251
2026-07-21 20:15:00+00:00,84.51000213623047,84.58000183105469,84.47000122070312,84.51000213623047,646
2026-07-21 20:30:00+00:00,84.37999725341797,84.56999969482422,84.30999755859375,84.5,657
2026-07-21 20:45:00+00:00,84.54000091552734,84.58000183105469,84.3499984741211,84.37999725341797,1475
2026-07-21 22:00:00+00:00,84.6500015258789,84.75,84.58000183105469,84.69000244140625,143
2026-07-21 22:15:00+00:00,84.66000366210938,84.69000244140625,84.61000061035156,84.6500015258789,114
2026-07-21 22:30:00+00:00,84.73999786376953,84.80000305175781,84.63999938964844,84.66000366210938,482
2026-07-21 22:45:00+00:00,84.70999908447266,84.76000213623047,84.69000244140625,84.76000213623047,124
2026-07-21 23:00:00+00:00,84.72000122070312,84.72000122070312,84.66000366210938,84.69999694824219,157
2026-07-21 23:15:00+00:00,84.68000030517578,84.7300033569336,84.61000061035156,84.70999908447266,245
2026-07-21 23:30:00+00:00,84.8499984741211,84.91000366210938,84.6500015258789,84.68000030517578,549
2026-07-21 23:45:00+00:00,84.79000091552734,84.88999938964844,84.79000091552734,84.8499984741211,527
2026-07-22 00:00:00+00:00,84.68000030517578,84.77999877929688,84.54000091552734,84.77999877929688,1101
2026-07-22 00:15:00+00:00,84.72000122070312,84.75,84.62000274658203,84.69000244140625,594
2026-07-22 00:30:00+00:00,84.68000030517578,84.72000122070312,84.44000244140625,84.70999908447266,1151
2026-07-22 00:45:00+00:00,84.6500015258789,84.80999755859375,84.62000274658203,84.69000244140625,346
2026-07-22 01:00:00+00:00,85.26000213623047,85.30000305175781,84.56999969482422,84.63999938964844,2534
2026-07-22 01:15:00+00:00,85.47000122070312,85.75,85.18000030517578,85.26000213623047,2057
2026-07-22 01:30:00+00:00,85.6500015258789,85.7300033569336,85.44000244140625,85.48999786376953,1390
2026-07-22 01:45:00+00:00,85.61000061035156,85.73999786376953,85.48999786376953,85.66000366210938,1167
2026-07-22 02:00:00+00:00,85.2699966430664,85.66000366210938,85.25,85.58999633789062,1496
2026-07-22 02:15:00+00:00,85.29000091552734,85.30999755859375,85.16000366210938,85.27999877929688,1196
2026-07-22 02:30:00+00:00,85.0,85.29000091552734,84.91999816894531,85.29000091552734,1095
2026-07-22 02:45:00+00:00,85.05000305175781,85.23999786376953,84.98999786376953,85.0,569
2026-07-22 03:00:00+00:00,85.22000122070312,85.30999755859375,85.02999877929688,85.08000183105469,709
2026-07-22 03:15:00+00:00,85.18000030517578,85.2699966430664,85.08999633789062,85.19999694824219,445
2026-07-22 03:30:00+00:00,85.19000244140625,85.2699966430664,85.1500015258789,85.16000366210938,269
2026-07-22 03:45:00+00:00,85.30999755859375,85.31999969482422,85.18000030517578,85.19000244140625,176
2026-07-22 04:00:00+00:00,85.3499984741211,85.37999725341797,85.22000122070312,85.3499984741211,271
2026-07-22 04:15:00+00:00,85.26000213623047,85.41999816894531,85.26000213623047,85.3499984741211,728
2026-07-22 04:30:00+00:00,85.38999938964844,85.47000122070312,85.23999786376953,85.26000213623047,360
2026-07-22 04:45:00+00:00,85.43000030517578,85.45999908447266,85.36000061035156,85.41000366210938,252
2026-07-22 05:00:00+00:00,85.52999877929688,85.54000091552734,85.4000015258789,85.41999816894531,382
2026-07-22 05:15:00+00:00,85.37999725341797,85.55999755859375,85.33999633789062,85.52999877929688,608
2026-07-22 05:30:00+00:00,85.12999725341797,85.45999908447266,85.12000274658203,85.37999725341797,740
2026-07-22 05:45:00+00:00,85.13999938964844,85.19000244140625,85.0199966430664,85.13999938964844,725
2026-07-22 06:00:00+00:00,85.23999786376953,85.36000061035156,85.05000305175781,85.1500015258789,1185
2026-07-22 06:15:00+00:00,86.02999877929688,86.13999938964844,85.25,85.25,5814
2026-07-22 06:30:00+00:00,86.01000213623047,86.13999938964844,85.87999725341797,86.02999877929688,1901
2026-07-22 06:45:00+00:00,86.12999725341797,86.38999938964844,86.01000213623047,86.01000213623047,2207
2026-07-22 07:00:00+00:00,86.47000122070312,86.70999908447266,86.11000061035156,86.12999725341797,3638
2026-07-22 07:15:00+00:00,86.75,86.80000305175781,86.37000274658203,86.45999908447266,2812
2026-07-22 07:30:00+00:00,87.55000305175781,87.83000183105469,86.68000030517578,86.76000213623047,7751
2026-07-22 07:45:00+00:00,87.70999908447266,87.86000061035156,87.43000030517578,87.55000305175781,5626
2026-07-22 08:00:00+00:00,87.43000030517578,87.72000122070312,87.19000244140625,87.70999908447266,5306
2026-07-22 08:15:00+00:00,87.36000061035156,87.48999786376953,87.13999938964844,87.41000366210938,4887
2026-07-22 08:30:00+00:00,87.5999984741211,87.66000366210938,87.1500015258789,87.36000061035156,4291
2026-07-22 08:45:00+00:00,87.62000274658203,87.79000091552734,87.47000122070312,87.5999984741211,3182
2026-07-22 09:00:00+00:00,87.88999938964844,87.94000244140625,87.33999633789062,87.63999938964844,5948
2026-07-22 09:15:00+00:00,88.01000213623047,88.0999984741211,87.8499984741211,87.88999938964844,5576
2026-07-22 09:30:00+00:00,88.01000213623047,88.25,87.80000305175781,88.01000213623047,5968
2026-07-22 09:45:00+00:00,88.44000244140625,88.61000061035156,87.93000030517578,88.0,7829
2026-07-22 10:00:00+00:00,87.83000183105469,88.45999908447266,87.80000305175781,88.44999694824219,6170
2026-07-22 10:15:00+00:00,87.0,87.8499984741211,86.91000366210938,87.83999633789062,10229
2026-07-22 10:30:00+00:00,87.31999969482422,87.41999816894531,86.91999816894531,86.98999786376953,6706
2026-07-22 10:45:00+00:00,87.18000030517578,87.43000030517578,87.0199966430664,87.3499984741211,3380
2026-07-22 11:00:00+00:00,87.23999786376953,87.44999694824219,87.18000030517578,87.18000030517578,2575
2026-07-22 11:15:00+00:00,87.41999816894531,87.51000213623047,87.25,87.25,2201
2026-07-22 11:30:00+00:00,87.63999938964844,87.86000061035156,87.0199966430664,87.38999938964844,8970
2026-07-22 11:45:00+00:00,87.3499984741211,87.69000244140625,87.12999725341797,87.6500015258789,3540
2026-07-22 12:00:00+00:00,87.0199966430664,87.55999755859375,87.0199966430664,87.33999633789062,3998
2026-07-22 12:15:00+00:00,86.77999877929688,87.1500015258789,86.7300033569336,87.0199966430664,4900
2026-07-22 12:30:00+00:00,86.70999908447266,86.83000183105469,86.54000091552734,86.77999877929688,5013
2026-07-22 12:45:00+00:00,87.22000122070312,87.7699966430664,86.69000244140625,86.72000122070312,9894
2026-07-22 13:00:00+00:00,87.05999755859375,87.37999725341797,86.97000122070312,87.2300033569336,7284
2026-07-22 13:15:00+00:00,86.3499984741211,87.12000274658203,86.1500015258789,87.06999969482422,15197
2026-07-22 13:30:00+00:00,86.81999969482422,86.83999633789062,86.16999816894531,86.33999633789062,8912
2026-07-22 13:45:00+00:00,86.95999908447266,87.01000213623047,86.4800033569336,86.81999969482422,5459
2026-07-22 14:00:00+00:00,87.11000061035156,87.13999938964844,86.7300033569336,86.95999908447266,5455
2026-07-22 14:15:00+00:00,87.05999755859375,87.18000030517578,86.88999938964844,87.11000061035156,4824
2026-07-22 14:30:00+00:00,86.56999969482422,87.13999938964844,86.5,87.11000061035156,5627
2026-07-22 14:45:00+00:00,86.69999694824219,86.94000244140625,86.41000366210938,86.56999969482422,7329
2026-07-22 15:00:00+00:00,87.02999877929688,87.31999969482422,86.63999938964844,86.70999908447266,6310
2026-07-22 15:15:00+00:00,86.79000091552734,87.08999633789062,86.56999969482422,87.04000091552734,6448
2026-07-22 15:30:00+00:00,86.22000122070312,86.87000274658203,86.16000366210938,86.80999755859375,7424
2026-07-22 15:45:00+00:00,86.0199966430664,86.2699966430664,85.77999877929688,86.22000122070312,9518
2026-07-22 16:00:00+00:00,86.2699966430664,86.33999633789062,85.91999816894531,86.01000213623047,5075
2026-07-22 16:15:00+00:00,86.4000015258789,86.41999816894531,86.0999984741211,86.26000213623047,2854
2026-07-22 16:30:00+00:00,86.4000015258789,86.55000305175781,86.36000061035156,86.41000366210938,4330
2026-07-22 16:45:00+00:00,86.30999755859375,86.4000015258789,86.12000274658203,86.4000015258789,3160
2026-07-22 17:00:00+00:00,86.66999816894531,86.69999694824219,86.31999969482422,86.31999969482422,4732
2026-07-22 17:15:00+00:00,86.72000122070312,86.91999816894531,86.62000274658203,86.66999816894531,4555
2026-07-22 17:30:00+00:00,86.80000305175781,86.94999694824219,86.66999816894531,86.72000122070312,3479
2026-07-22 17:45:00+00:00,86.80999755859375,86.91999816894531,86.72000122070312,86.79000091552734,4114
2026-07-22 18:00:00+00:00,86.7699966430664,87.01000213623047,86.62999725341797,86.81999969482422,6157
2026-07-22 18:15:00+00:00,86.8499984741211,87.08000183105469,86.76000213623047,86.7699966430664,13878
2026-07-22 18:30:00+00:00,87.05999755859375,87.0999984741211,86.83999633789062,86.8499984741211,5231
2026-07-22 18:45:00+00:00,87.05999755859375,87.08000183105469,86.88999938964844,87.05999755859375,1791
2026-07-22 19:00:00+00:00,87.1500015258789,87.16999816894531,87.04000091552734,87.06999969482422,1917
2026-07-22 19:15:00+00:00,86.87999725341797,87.16999816894531,86.86000061035156,87.1500015258789,3175
2026-07-22 19:30:00+00:00,86.69999694824219,86.91000366210938,86.66000366210938,86.87999725341797,2038
2026-07-22 19:45:00+00:00,86.51000213623047,86.69999694824219,86.45999908447266,86.69000244140625,3163
2026-07-22 20:00:00+00:00,86.41999816894531,86.52999877929688,86.20999908447266,86.5199966430664,1383
2026-07-22 20:15:00+00:00,86.4000015258789,86.4800033569336,86.37999725341797,86.43000030517578,600
2026-07-22 20:30:00+00:00,86.52999877929688,86.66999816894531,86.36000061035156,86.4000015258789,1164
2026-07-22 20:45:00+00:00,86.4800033569336,86.55000305175781,86.36000061035156,86.52999877929688,1125
2026-07-22 22:00:00+00:00,88.19999694824219,88.36000061035156,87.31999969482422,87.72000122070312,2506
2026-07-22 22:15:00+00:00,88.19000244140625,88.2699966430664,87.9800033569336,88.19999694824219,1279
2026-07-22 22:30:00+00:00,88.08999633789062,88.4000015258789,88.02999877929688,88.16999816894531,1288
2026-07-22 22:45:00+00:00,87.94999694824219,88.0999984741211,87.80999755859375,88.08000183105469,757
2026-07-22 23:00:00+00:00,87.87000274658203,88.01000213623047,87.83999633789062,87.94000244140625,628
2026-07-22 23:15:00+00:00,87.79000091552734,87.9800033569336,87.7699966430664,87.9000015258789,383
2026-07-22 23:30:00+00:00,87.87999725341797,87.97000122070312,87.7300033569336,87.77999877929688,314
2026-07-22 23:45:00+00:00,87.80999755859375,87.87999725341797,87.73999786376953,87.8499984741211,317
2026-07-23 00:00:00+00:00,88.16000366210938,88.4000015258789,87.36000061035156,87.80000305175781,3644
2026-07-23 00:15:00+00:00,88.04000091552734,88.19999694824219,87.81999969482422,88.16000366210938,927
2026-07-23 00:30:00+00:00,88.08999633789062,88.29000091552734,87.9800033569336,88.04000091552734,1609
2026-07-23 00:45:00+00:00,87.9800033569336,88.0999984741211,87.81999969482422,88.08999633789062,708
2026-07-23 01:00:00+00:00,87.94999694824219,88.12999725341797,87.81999969482422,87.95999908447266,1153
2026-07-23 01:15:00+00:00,88.4800033569336,88.54000091552734,87.94000244140625,87.95999908447266,1530
2026-07-23 01:30:00+00:00,88.0,88.63999938964844,87.93000030517578,88.47000122070312,2322
2026-07-23 01:45:00+00:00,88.11000061035156,88.23999786376953,87.98999786376953,88.01000213623047,513
2026-07-23 02:00:00+00:00,88.08999633789062,88.23999786376953,88.05000305175781,88.12000274658203,516
2026-07-23 02:15:00+00:00,88.19999694824219,88.25,88.06999969482422,88.0999984741211,323
2026-07-23 02:30:00+00:00,88.25,88.27999877929688,88.04000091552734,88.2300033569336,502
2026-07-23 02:45:00+00:00,88.23999786376953,88.47000122070312,88.20999908447266,88.23999786376953,1146
2026-07-23 03:00:00+00:00,88.55000305175781,88.55999755859375,88.19999694824219,88.23999786376953,560
2026-07-23 03:15:00+00:00,88.48999786376953,88.66999816894531,88.41999816894531,88.55000305175781,1875
2026-07-23 03:30:00+00:00,88.36000061035156,88.52999877929688,88.36000061035156,88.4800033569336,575
2026-07-23 03:45:00+00:00,88.48999786376953,88.54000091552734,88.31999969482422,88.3499984741211,729
2026-07-23 04:00:00+00:00,88.37999725341797,88.47000122070312,88.29000091552734,88.45999908447266,554
2026-07-23 04:15:00+00:00,88.13999938964844,88.38999938964844,88.0999984741211,88.36000061035156,745
2026-07-23 04:30:00+00:00,88.12000274658203,88.27999877929688,87.93000030517578,88.12999725341797,801
2026-07-23 04:45:00+00:00,88.12999725341797,88.25,88.08000183105469,88.13999938964844,454
2026-07-23 05:00:00+00:00,88.26000213623047,88.41000366210938,88.12000274658203,88.12000274658203,666
2026-07-23 05:15:00+00:00,88.0,88.2699966430664,88.0,88.2699966430664,516
2026-07-23 05:30:00+00:00,87.98999786376953,88.06999969482422,87.66000366210938,88.0,1820
2026-07-23 05:45:00+00:00,88.30000305175781,88.37999725341797,87.97000122070312,87.9800033569336,682
2026-07-23 06:00:00+00:00,88.0199966430664,88.30999755859375,88.0,88.29000091552734,1011
2026-07-23 06:15:00+00:00,88.26000213623047,88.30000305175781,87.93000030517578,88.04000091552734,873
2026-07-23 06:30:00+00:00,88.55000305175781,88.5999984741211,88.22000122070312,88.26000213623047,2022
2026-07-23 06:45:00+00:00,88.63999938964844,88.80000305175781,88.36000061035156,88.55999755859375,2935
2026-07-23 07:00:00+00:00,89.20999908447266,89.37999725341797,88.5999984741211,88.62999725341797,4898
2026-07-23 07:15:00+00:00,89.2300033569336,89.62999725341797,89.12000274658203,89.22000122070312,4668
2026-07-23 07:30:00+00:00,89.63999938964844,89.7300033569336,89.22000122070312,89.2300033569336,3899
2026-07-23 07:45:00+00:00,89.30000305175781,89.8499984741211,89.11000061035156,89.6500015258789,4899
2026-07-23 08:00:00+00:00,89.26000213623047,89.52999877929688,88.91000366210938,89.33000183105469,3758
2026-07-23 08:15:00+00:00,89.2699966430664,89.51000213623047,89.11000061035156,89.25,4033
2026-07-23 08:30:00+00:00,89.66999816894531,89.76000213623047,89.23999786376953,89.2699966430664,3975
2026-07-23 08:45:00+00:00,89.5,89.72000122070312,89.2300033569336,89.66999816894531,3094
2026-07-23 09:00:00+00:00,90.05000305175781,90.05999755859375,89.23999786376953,89.5199966430664,5661
2026-07-23 09:15:00+00:00,90.1500015258789,90.3499984741211,89.94999694824219,90.05999755859375,3761
2026-07-23 09:30:00+00:00,89.9000015258789,90.30999755859375,89.81999969482422,90.16999816894531,3514
2026-07-23 09:45:00+00:00,90.22000122070312,90.36000061035156,89.8499984741211,89.9000015258789,4606
2026-07-23 10:00:00+00:00,90.08999633789062,90.37000274658203,89.86000061035156,90.22000122070312,3344
2026-07-23 10:15:00+00:00,90.55999755859375,90.58999633789062,90.02999877929688,90.08999633789062,3793
2026-07-23 10:30:00+00:00,90.2300033569336,90.72000122070312,90.16999816894531,90.55999755859375,4222
2026-07-23 10:45:00+00:00,90.12999725341797,90.41000366210938,90.11000061035156,90.23999786376953,3272
2026-07-23 11:00:00+00:00,90.38999938964844,90.62000274658203,90.0999984741211,90.12000274658203,3407
2026-07-23 11:15:00+00:00,90.70999908447266,90.88999938964844,90.33999633789062,90.38999938964844,4060
2026-07-23 11:30:00+00:00,90.93000030517578,91.19000244140625,90.54000091552734,90.72000122070312,4337
2026-07-23 11:45:00+00:00,90.69000244140625,90.91999816894531,90.27999877929688,90.91999816894531,3733
2026-07-23 12:00:00+00:00,90.97000122070312,90.9800033569336,90.54000091552734,90.69000244140625,5339
2026-07-23 12:15:00+00:00,90.83999633789062,91.4000015258789,90.66000366210938,90.9800033569336,8273
2026-07-23 12:30:00+00:00,90.93000030517578,91.0199966430664,90.5199966430664,90.8499984741211,6202
2026-07-23 12:45:00+00:00,90.83999633789062,91.2300033569336,90.63999938964844,90.93000030517578,7926
2026-07-23 13:00:00+00:00,91.36000061035156,91.51000213623047,90.7699966430664,90.83999633789062,10420
2026-07-23 13:15:00+00:00,90.9800033569336,91.61000061035156,90.68000030517578,91.36000061035156,9941
2026-07-23 13:30:00+00:00,91.54000091552734,91.56999969482422,90.73999786376953,90.95999908447266,8530
2026-07-23 13:45:00+00:00,91.7300033569336,91.88999938964844,91.44999694824219,91.55000305175781,7649
2026-07-23 14:00:00+00:00,91.47000122070312,91.97000122070312,91.38999938964844,91.7300033569336,9313
2026-07-23 14:15:00+00:00,91.7300033569336,91.8499984741211,90.9800033569336,91.45999908447266,7332
2026-07-23 14:30:00+00:00,91.6500015258789,92.01000213623047,91.31999969482422,91.76000213623047,8713
2026-07-23 14:45:00+00:00,91.9000015258789,92.16000366210938,91.61000061035156,91.6500015258789,8350
2026-07-23 15:00:00+00:00,92.08999633789062,92.43000030517578,91.7300033569336,91.88999938964844,12561
2026-07-23 15:15:00+00:00,92.4800033569336,92.81999969482422,91.9800033569336,92.0999984741211,15171
2026-07-23 15:30:00+00:00,92.06999969482422,92.77999877929688,91.80999755859375,92.48999786376953,13152
2026-07-23 15:45:00+00:00,91.8499984741211,92.13999938964844,91.77999877929688,92.05999755859375,8362
2026-07-23 16:00:00+00:00,91.80999755859375,92.37000274658203,91.58999633789062,91.8499984741211,8185
2026-07-23 16:15:00+00:00,91.88999938964844,92.11000061035156,91.81999969482422,91.81999969482422,4493
2026-07-23 16:30:00+00:00,92.37999725341797,92.56999969482422,91.87000274658203,91.87999725341797,7042
2026-07-23 16:45:00+00:00,92.33000183105469,92.52999877929688,92.22000122070312,92.38999938964844,2491
2026-07-23 17:00:00+00:00,92.55999755859375,92.73999786376953,92.30999755859375,92.33000183105469,4634
2026-07-23 17:15:00+00:00,92.58000183105469,92.79000091552734,92.52999877929688,92.55000305175781,5912
2026-07-23 17:30:00+00:00,93.12000274658203,93.12999725341797,92.55000305175781,92.58000183105469,6828
2026-07-23 17:45:00+00:00,93.2300033569336,93.29000091552734,92.88999938964844,93.11000061035156,7305
2026-07-23 18:00:00+00:00,93.16999816894531,93.5,93.08000183105469,93.25,11861
2026-07-23 18:15:00+00:00,92.08999633789062,93.25,92.01000213623047,93.16999816894531,21970
2026-07-23 18:30:00+00:00,92.0,92.20999908447266,91.94000244140625,92.0999984741211,6051
2026-07-23 18:45:00+00:00,92.02999877929688,92.3499984741211,91.97000122070312,91.9800033569336,2584
2026-07-23 19:00:00+00:00,91.68000030517578,92.02999877929688,91.61000061035156,92.02999877929688,3437
2026-07-23 19:15:00+00:00,91.63999938964844,91.91999816894531,91.55000305175781,91.69000244140625,2053
2026-07-23 19:30:00+00:00,91.70999908447266,91.79000091552734,91.12999725341797,91.62000274658203,3200
2026-07-23 19:45:00+00:00,91.61000061035156,91.86000061035156,91.41999816894531,91.72000122070312,3544
2026-07-23 20:00:00+00:00,91.56999969482422,91.66000366210938,91.41999816894531,91.61000061035156,858
2026-07-23 20:15:00+00:00,91.93000030517578,92.08999633789062,91.54000091552734,91.58000183105469,2692
2026-07-23 20:30:00+00:00,92.20999908447266,92.33000183105469,91.79000091552734,91.93000030517578,3033
2026-07-23 20:45:00+00:00,92.36000061035156,92.43000030517578,92.19999694824219,92.19999694824219,1672
2026-07-23 22:00:00+00:00,92.2699966430664,92.66000366210938,92.16999816894531,92.55000305175781,521
2026-07-23 22:15:00+00:00,92.16999816894531,92.30000305175781,92.12000274658203,92.2699966430664,390
2026-07-23 22:30:00+00:00,92.06999969482422,92.2300033569336,92.05000305175781,92.18000030517578,226
2026-07-23 22:45:00+00:00,92.08999633789062,92.1500015258789,92.05000305175781,92.05999755859375,185
2026-07-23 23:00:00+00:00,92.19999694824219,92.20999908447266,92.08000183105469,92.08000183105469,174
2026-07-23 23:15:00+00:00,92.13999938964844,92.20999908447266,92.13999938964844,92.19000244140625,173
2026-07-23 23:30:00+00:00,92.16999816894531,92.52999877929688,92.05999755859375,92.1500015258789,812
2026-07-23 23:45:00+00:00,92.29000091552734,92.31999969482422,92.05999755859375,92.18000030517578,476
2026-07-24 00:00:00+00:00,92.69999694824219,92.77999877929688,92.19000244140625,92.27999877929688,1513
2026-07-24 00:15:00+00:00,92.23999786376953,92.83000183105469,92.18000030517578,92.68000030517578,1785
2026-07-24 00:30:00+00:00,92.12000274658203,92.36000061035156,92.12000274658203,92.25,351
2026-07-24 00:45:00+00:00,91.9000015258789,92.19999694824219,91.88999938964844,92.13999938964844,986
2026-07-24 01:00:00+00:00,91.5199966430664,91.9000015258789,91.45999908447266,91.9000015258789,2837
2026-07-24 01:15:00+00:00,91.54000091552734,91.62999725341797,91.3499984741211,91.52999877929688,1225
2026-07-24 01:30:00+00:00,91.30999755859375,91.69999694824219,91.16000366210938,91.54000091552734,1805
2026-07-24 01:45:00+00:00,91.6500015258789,91.66999816894531,91.2300033569336,91.33000183105469,823
2026-07-24 02:00:00+00:00,91.66000366210938,91.83999633789062,91.61000061035156,91.63999938964844,691
2026-07-24 02:15:00+00:00,91.86000061035156,91.91000366210938,91.62000274658203,91.66000366210938,665
2026-07-24 02:30:00+00:00,91.81999969482422,91.86000061035156,91.66999816894531,91.83999633789062,508
2026-07-24 02:45:00+00:00,91.91999816894531,92.05000305175781,91.76000213623047,91.83999633789062,764
2026-07-24 03:00:00+00:00,92.12000274658203,92.19999694824219,91.87000274658203,91.91000366210938,1254
2026-07-24 03:15:00+00:00,92.22000122070312,92.3499984741211,91.94000244140625,92.11000061035156,1833
2026-07-24 03:30:00+00:00,92.06999969482422,92.4000015258789,92.0199966430664,92.22000122070312,807
2026-07-24 03:45:00+00:00,91.94999694824219,92.08999633789062,91.91000366210938,92.06999969482422,484
2026-07-24 04:00:00+00:00,91.77999877929688,91.98999786376953,91.63999938964844,91.91000366210938,938
2026-07-24 04:15:00+00:00,91.66999816894531,91.80000305175781,91.66000366210938,91.77999877929688,279
2026-07-24 04:30:00+00:00,91.69999694824219,91.73999786376953,91.54000091552734,91.68000030517578,360
2026-07-24 04:45:00+00:00,91.6500015258789,91.75,91.62000274658203,91.69999694824219,384
2026-07-24 05:00:00+00:00,91.76000213623047,91.79000091552734,91.58999633789062,91.6500015258789,303
2026-07-24 05:15:00+00:00,91.72000122070312,91.86000061035156,91.66000366210938,91.76000213623047,360
2026-07-24 05:30:00+00:00,91.44999694824219,91.80999755859375,91.36000061035156,91.7300033569336,930
2026-07-24 05:45:00+00:00,91.5,91.62000274658203,91.18000030517578,91.44999694824219,1032
2026-07-24 06:00:00+00:00,91.26000213623047,91.6500015258789,91.19000244140625,91.5,1042
2026-07-24 06:15:00+00:00,91.30999755859375,91.5199966430664,91.08999633789062,91.2699966430664,1492
2026-07-24 06:30:00+00:00,91.1500015258789,91.3499984741211,90.93000030517578,91.30999755859375,2061
2026-07-24 06:45:00+00:00,90.55999755859375,91.19999694824219,90.51000213623047,91.12999725341797,4360
2026-07-24 07:00:00+00:00,90.54000091552734,90.75,90.30000305175781,90.58000183105469,4218
2026-07-24 07:15:00+00:00,90.30999755859375,90.68000030517578,90.29000091552734,90.54000091552734,2996
2026-07-24 07:30:00+00:00,90.5199966430664,90.69999694824219,90.1500015258789,90.31999969482422,3893
2026-07-24 07:45:00+00:00,90.44999694824219,90.62999725341797,90.16999816894531,90.5199966430664,2350
2026-07-24 08:00:00+00:00,90.51000213623047,90.80999755859375,90.38999938964844,90.44000244140625,3240
2026-07-24 08:15:00+00:00,90.08000183105469,90.75,90.02999877929688,90.5,5158
2026-07-24 08:30:00+00:00,89.69999694824219,90.25,89.63999938964844,90.08999633789062,4953
2026-07-24 08:45:00+00:00,89.5999984741211,89.9800033569336,89.41999816894531,89.70999908447266,4923
2026-07-24 09:00:00+00:00,89.1500015258789,89.62999725341797,88.94000244140625,89.58999633789062,5911
2026-07-24 09:15:00+00:00,89.06999969482422,89.19999694824219,88.75,89.13999938964844,4979
2026-07-24 09:30:00+00:00,89.0199966430664,89.2699966430664,88.73999786376953,89.05999755859375,3504
2026-07-24 09:45:00+00:00,89.01000213623047,89.19999694824219,88.83000183105469,89.01000213623047,4011
2026-07-24 10:00:00+00:00,89.5199966430664,89.55000305175781,88.83000183105469,89.02999877929688,3950
2026-07-24 10:15:00+00:00,89.63999938964844,89.87000274658203,89.45999908447266,89.5199966430664,3515
2026-07-24 10:30:00+00:00,89.91000366210938,90.04000091552734,89.62000274658203,89.63999938964844,3007
2026-07-24 10:45:00+00:00,89.9000015258789,90.16999816894531,89.69000244140625,89.88999938964844,3659
2026-07-24 11:00:00+00:00,89.93000030517578,90.02999877929688,89.69999694824219,89.9000015258789,1877
2026-07-24 11:15:00+00:00,89.83999633789062,89.95999908447266,89.69999694824219,89.93000030517578,1353
2026-07-24 11:30:00+00:00,89.94999694824219,89.98999786376953,89.41999816894531,89.83999633789062,2506
2026-07-24 11:45:00+00:00,89.4000015258789,90.12999725341797,88.94000244140625,89.94000244140625,5048
2026-07-24 12:00:00+00:00,89.72000122070312,90.02999877929688,89.22000122070312,89.37999725341797,4678
2026-07-24 12:15:00+00:00,89.4800033569336,89.93000030517578,89.38999938964844,89.73999786376953,4801
2026-07-24 12:30:00+00:00,89.16000366210938,89.58999633789062,88.95999908447266,89.48999786376953,4812
2026-07-24 12:45:00+00:00,89.38999938964844,89.52999877929688,89.02999877929688,89.1500015258789,3862
2026-07-24 13:00:00+00:00,90.01000213623047,90.0199966430664,89.12999725341797,89.38999938964844,8371
2026-07-24 13:15:00+00:00,90.47000122070312,90.55999755859375,89.98999786376953,90.01000213623047,9051
2026-07-24 13:30:00+00:00,90.4000015258789,90.5199966430664,90.16000366210938,90.45999908447266,6768
2026-07-24 13:45:00+00:00,89.93000030517578,90.41999816894531,89.69999694824219,90.4000015258789,6450
2026-07-24 14:00:00+00:00,89.86000061035156,90.05000305175781,89.66000366210938,89.94000244140625,5173
2026-07-24 14:15:00+00:00,89.4800033569336,89.9800033569336,89.2699966430664,89.86000061035156,11376
2026-07-24 14:30:00+00:00,89.48999786376953,89.94000244140625,89.33999633789062,89.47000122070312,8156
2026-07-24 14:45:00+00:00,89.68000030517578,89.69999694824219,89.29000091552734,89.48999786376953,7730
2026-07-24 15:00:00+00:00,88.95999908447266,90.0,88.75,89.68000030517578,14489
2026-07-24 15:15:00+00:00,88.05999755859375,89.06999969482422,87.8499984741211,88.95999908447266,22068
2026-07-24 15:30:00+00:00,88.29000091552734,88.41000366210938,87.68000030517578,88.05000305175781,11668
2026-07-24 15:45:00+00:00,88.4000015258789,88.69000244140625,88.25,88.29000091552734,8046
2026-07-24 16:00:00+00:00,88.58999633789062,88.66000366210938,88.33000183105469,88.38999938964844,4775
2026-07-24 16:15:00+00:00,88.31999969482422,88.61000061035156,88.1500015258789,88.58000183105469,5243
2026-07-24 16:30:00+00:00,88.19000244140625,88.58000183105469,88.16000366210938,88.31999969482422,5327
2026-07-24 16:45:00+00:00,88.38999938964844,88.48999786376953,88.06999969482422,88.22000122070312,4232
2026-07-24 17:00:00+00:00,88.54000091552734,88.56999969482422,88.19999694824219,88.37999725341797,4588
2026-07-24 17:15:00+00:00,88.8499984741211,88.91000366210938,88.51000213623047,88.5199966430664,4654
2026-07-24 17:30:00+00:00,88.91000366210938,89.08000183105469,88.80999755859375,88.8499984741211,3758
2026-07-24 17:45:00+00:00,89.06999969482422,89.19999694824219,88.77999877929688,88.93000030517578,6021
2026-07-24 18:00:00+00:00,88.7699966430664,89.16000366210938,88.58000183105469,89.08000183105469,5263
2026-07-24 18:15:00+00:00,89.33999633789062,89.37999725341797,88.70999908447266,88.7699966430664,14244
2026-07-24 18:30:00+00:00,89.29000091552734,89.41999816894531,89.0,89.33000183105469,6605
2026-07-24 18:45:00+00:00,89.37000274658203,89.41000366210938,89.11000061035156,89.30000305175781,2161
2026-07-24 19:00:00+00:00,89.5199966430664,89.55999755859375,89.31999969482422,89.37999725341797,2116
2026-07-24 19:15:00+00:00,89.70999908447266,89.70999908447266,89.5,89.5199966430664,2067
2026-07-24 19:30:00+00:00,89.31999969482422,89.80999755859375,88.93000030517578,89.70999908447266,4446
2026-07-24 19:45:00+00:00,89.7699966430664,89.80999755859375,89.0999984741211,89.30999755859375,4247
2026-07-24 20:00:00+00:00,90.20999908447266,90.22000122070312,89.75,89.76000213623047,2856
2026-07-24 20:15:00+00:00,90.38999938964844,90.44000244140625,90.02999877929688,90.19999694824219,2545
2026-07-24 20:30:00+00:00,90.43000030517578,90.5199966430664,90.31999969482422,90.38999938964844,1155
2026-07-24 20:45:00+00:00,89.30999755859375,90.6500015258789,89.30999755859375,90.4000015258789,1992
2026-07-26 22:00:00+00:00,84.7300033569336,85.02999877929688,84.55000305175781,84.62999725341797,1365
2026-07-26 22:15:00+00:00,84.33999633789062,84.77999877929688,83.87999725341797,84.75,4051
2026-07-26 22:30:00+00:00,84.69000244140625,84.73999786376953,84.2699966430664,84.31999969482422,1807
2026-07-26 22:45:00+00:00,84.81999969482422,84.87000274658203,84.55000305175781,84.69000244140625,1093
2026-07-26 23:00:00+00:00,85.06999969482422,85.16000366210938,84.80000305175781,84.80999755859375,2414
2026-07-26 23:15:00+00:00,84.97000122070312,85.08000183105469,84.86000061035156,85.05999755859375,974
2026-07-26 23:30:00+00:00,84.7300033569336,85.0,84.66999816894531,84.95999908447266,1066
2026-07-26 23:45:00+00:00,84.62999725341797,84.79000091552734,84.48999786376953,84.72000122070312,964
2026-07-27 00:00:00+00:00,84.38999938964844,84.94999694824219,84.36000061035156,84.61000061035156,1757
2026-07-27 00:15:00+00:00,84.48999786376953,84.56999969482422,84.04000091552734,84.4000015258789,2614
2026-07-27 00:30:00+00:00,84.55999755859375,84.63999938964844,84.41000366210938,84.48999786376953,859
2026-07-27 00:45:00+00:00,84.79000091552734,84.88999938964844,84.55999755859375,84.55999755859375,1243
2026-07-27 01:00:00+00:00,85.27999877929688,85.44999694824219,84.62000274658203,84.77999877929688,3011
2026-07-27 01:15:00+00:00,85.11000061035156,85.30999755859375,85.08999633789062,85.2699966430664,770
2026-07-27 01:30:00+00:00,85.16000366210938,85.19999694824219,84.93000030517578,85.12000274658203,668
2026-07-27 01:45:00+00:00,85.27999877929688,85.36000061035156,85.13999938964844,85.16000366210938,600
2026-07-27 02:00:00+00:00,85.44999694824219,85.69000244140625,85.16999816894531,85.26000213623047,1329
2026-07-27 02:15:00+00:00,85.63999938964844,85.66999816894531,85.33000183105469,85.45999908447266,588
2026-07-27 02:30:00+00:00,85.55000305175781,85.66000366210938,85.33999633789062,85.63999938964844,766
2026-07-27 02:45:00+00:00,85.58000183105469,85.69999694824219,85.44000244140625,85.54000091552734,942
2026-07-27 03:00:00+00:00,85.43000030517578,85.58999633789062,85.25,85.58000183105469,665
2026-07-27 03:15:00+00:00,85.30999755859375,85.44000244140625,85.2300033569336,85.44000244140625,569
2026-07-27 03:30:00+00:00,85.12999725341797,85.33999633789062,85.05999755859375,85.30999755859375,1143
2026-07-27 03:45:00+00:00,85.20999908447266,85.37999725341797,85.08000183105469,85.12000274658203,316
2026-07-27 04:00:00+00:00,85.06999969482422,85.20999908447266,84.9000015258789,85.20999908447266,1070
2026-07-27 04:15:00+00:00,84.8499984741211,85.13999938964844,84.80000305175781,85.0999984741211,889
2026-07-27 04:30:00+00:00,84.56999969482422,84.87000274658203,84.47000122070312,84.8499984741211,985
2026-07-27 04:45:00+00:00,84.83999633789062,84.8499984741211,84.54000091552734,84.55999755859375,420
2026-07-27 05:00:00+00:00,84.80999755859375,84.94999694824219,84.68000030517578,84.8499984741211,542
2026-07-27 05:15:00+00:00,84.66000366210938,84.95999908447266,84.58000183105469,84.79000091552734,563
2026-07-27 05:30:00+00:00,84.62999725341797,84.87000274658203,84.55000305175781,84.63999938964844,710
2026-07-27 05:45:00+00:00,84.58000183105469,84.72000122070312,84.37000274658203,84.62999725341797,1049
2026-07-27 06:00:00+00:00,83.79000091552734,84.62999725341797,83.73999786376953,84.56999969482422,3212
2026-07-27 06:15:00+00:00,83.8499984741211,83.94999694824219,83.47000122070312,83.77999877929688,3264
2026-07-27 06:30:00+00:00,83.7300033569336,83.97000122070312,83.68000030517578,83.86000061035156,2140
2026-07-27 06:45:00+00:00,83.47000122070312,83.88999938964844,83.37999725341797,83.73999786376953,2997
2026-07-27 07:00:00+00:00,83.69000244140625,83.95999908447266,83.33999633789062,83.48999786376953,2874
2026-07-27 07:15:00+00:00,84.18000030517578,84.19000244140625,83.5999984741211,83.69000244140625,2504
2026-07-27 07:30:00+00:00,84.31999969482422,84.37999725341797,84.02999877929688,84.19000244140625,2905
2026-07-27 07:45:00+00:00,84.58999633789062,84.5999984741211,83.91000366210938,84.31999969482422,4260
2026-07-27 08:00:00+00:00,84.2699966430664,84.8499984741211,84.0999984741211,84.58999633789062,4252
2026-07-27 08:15:00+00:00,83.70999908447266,84.41000366210938,83.56999969482422,84.27999877929688,4325
2026-07-27 08:30:00+00:00,83.44999694824219,83.95999908447266,83.33000183105469,83.69000244140625,4183
2026-07-27 08:45:00+00:00,82.94999694824219,83.62000274658203,82.87000274658203,83.44999694824219,5469
2026-07-27 09:00:00+00:00,83.20999908447266,83.27999877929688,82.95999908447266,82.95999908447266,2389
2026-07-27 09:15:00+00:00,82.76000213623047,83.27999877929688,82.58000183105469,83.20999908447266,4935
2026-07-27 09:30:00+00:00,82.62000274658203,82.91000366210938,82.45999908447266,82.75,4634
2026-07-27 09:45:00+00:00,82.33999633789062,82.66000366210938,82.12000274658203,82.61000061035156,7681
2026-07-27 10:00:00+00:00,83.29000091552734,83.55999755859375,82.31999969482422,82.3499984741211,8494
2026-07-27 10:15:00+00:00,83.02999877929688,83.4000015258789,82.8499984741211,83.2699966430664,4721
2026-07-27 10:30:00+00:00,83.05999755859375,83.16999816894531,82.97000122070312,83.0199966430664,1423
2026-07-27 10:45:00+00:00,83.2699966430664,83.31999969482422,82.94000244140625,83.05999755859375,1984
2026-07-27 11:00:00+00:00,83.43000030517578,83.4800033569336,83.1500015258789,83.26000213623047,3438
2026-07-27 11:15:00+00:00,83.77999877929688,83.81999969482422,83.26000213623047,83.41000366210938,2822
2026-07-27 11:30:00+00:00,83.2300033569336,83.94999694824219,83.02999877929688,83.77999877929688,4859
2026-07-27 11:45:00+00:00,83.3499984741211,83.37999725341797,83.13999938964844,83.22000122070312,2996
2026-07-27 12:00:00+00:00,84.08999633789062,84.13999938964844,83.36000061035156,83.36000061035156,5698
2026-07-27 12:15:00+00:00,84.08999633789062,84.2300033569336,83.93000030517578,84.08999633789062,3925
2026-07-27 12:30:00+00:00,84.02999877929688,84.29000091552734,83.80999755859375,84.0999984741211,4089
2026-07-27 12:45:00+00:00,84.0199966430664,84.33999633789062,83.83000183105469,84.02999877929688,6423
2026-07-27 13:00:00+00:00,84.23999786376953,84.4000015258789,83.87999725341797,84.0199966430664,6747
2026-07-27 13:15:00+00:00,84.48999786376953,84.55000305175781,84.16000366210938,84.23999786376953,4563
2026-07-27 13:30:00+00:00,83.87999725341797,84.5,83.68000030517578,84.4800033569336,7412
2026-07-27 13:45:00+00:00,84.22000122070312,84.36000061035156,83.69999694824219,83.87999725341797,6130
2026-07-27 14:00:00+00:00,83.5,84.2699966430664,83.47000122070312,84.2300033569336,6380
2026-07-27 14:15:00+00:00,83.66000366210938,83.79000091552734,83.44999694824219,83.5,4758
2026-07-27 14:30:00+00:00,83.62000274658203,83.81999969482422,83.52999877929688,83.66000366210938,3982
2026-07-27 14:45:00+00:00,83.56999969482422,83.81999969482422,83.5,83.5999984741211,4359
2026-07-27 15:00:00+00:00,83.25,83.83999633789062,83.16000366210938,83.58000183105469,8066
2026-07-27 15:15:00+00:00,83.16999816894531,83.41000366210938,83.01000213623047,83.23999786376953,6107
2026-07-27 15:30:00+00:00,83.11000061035156,83.37999725341797,82.9800033569336,83.1500015258789,5739
2026-07-27 15:45:00+00:00,83.38999938964844,83.41999816894531,83.08999633789062,83.0999984741211,3206
2026-07-27 16:00:00+00:00,83.2300033569336,83.41999816894531,83.06999969482422,83.37999725341797,4055
2026-07-27 16:15:00+00:00,83.05999755859375,83.7699966430664,82.83000183105469,83.20999908447266,10307
2026-07-27 16:30:00+00:00,82.75,83.06999969482422,82.31999969482422,83.02999877929688,10127
2026-07-27 16:45:00+00:00,82.83999633789062,83.27999877929688,82.69999694824219,82.75,5260
2026-07-27 17:00:00+00:00,82.63999938964844,82.88999938964844,82.51000213623047,82.8499984741211,4652
2026-07-27 17:15:00+00:00,82.66999816894531,82.69999694824219,82.5199966430664,82.63999938964844,4139
2026-07-27 17:30:00+00:00,82.95999908447266,82.98999786376953,82.58000183105469,82.66000366210938,4464
2026-07-27 17:45:00+00:00,82.62000274658203,83.0,82.58000183105469,82.95999908447266,5599
2026-07-27 18:00:00+00:00,82.36000061035156,82.62999725341797,82.2300033569336,82.62000274658203,8494
2026-07-27 18:15:00+00:00,82.6500015258789,82.68000030517578,81.98999786376953,82.36000061035156,16482
2026-07-27 18:30:00+00:00,82.36000061035156,82.95999908447266,82.20999908447266,82.6500015258789,8471
2026-07-27 18:45:00+00:00,82.12999725341797,82.44000244140625,82.11000061035156,82.37000274658203,2252
2026-07-27 19:00:00+00:00,82.41000366210938,82.44000244140625,82.04000091552734,82.12999725341797,2182
2026-07-27 19:15:00+00:00,82.31999969482422,82.44999694824219,82.25,82.4000015258789,1063
2026-07-27 19:30:00+00:00,82.22000122070312,82.38999938964844,82.16999816894531,82.31999969482422,1586
2026-07-27 19:45:00+00:00,81.93000030517578,82.26000213623047,81.91000366210938,82.20999908447266,3168
2026-07-27 20:00:00+00:00,81.7300033569336,82.0,81.69000244140625,81.93000030517578,2578
2026-07-27 20:15:00+00:00,81.87000274658203,81.95999908447266,81.6500015258789,81.70999908447266,2078
2026-07-27 20:30:00+00:00,82.05000305175781,82.08000183105469,81.8499984741211,81.8499984741211,692
2026-07-27 20:45:00+00:00,81.91000366210938,82.05000305175781,81.62999725341797,82.05000305175781,2506
2026-07-27 22:00:00+00:00,81.91000366210938,82.11000061035156,81.68000030517578,82.0,233
2026-07-27 22:15:00+00:00,81.97000122070312,81.9800033569336,81.88999938964844,81.9000015258789,196
2026-07-27 22:30:00+00:00,81.91999816894531,81.9800033569336,81.56999969482422,81.97000122070312,523
2026-07-27 22:45:00+00:00,82.11000061035156,82.19000244140625,81.91999816894531,81.91999816894531,514
2026-07-27 23:00:00+00:00,82.0199966430664,82.16000366210938,82.0,82.12000274658203,223
2026-07-27 23:15:00+00:00,82.05000305175781,82.11000061035156,82.0199966430664,82.04000091552734,156
2026-07-27 23:30:00+00:00,82.12999725341797,82.1500015258789,82.02999877929688,82.02999877929688,124
2026-07-27 23:45:00+00:00,82.05000305175781,82.22000122070312,82.05000305175781,82.13999938964844,193
2026-07-28 00:00:00+00:00,81.87999725341797,82.05000305175781,81.66000366210938,82.02999877929688,1243
2026-07-28 00:15:00+00:00,81.66000366210938,81.8499984741211,81.43000030517578,81.83999633789062,1103
2026-07-28 00:30:00+00:00,81.95999908447266,81.9800033569336,81.63999938964844,81.6500015258789,892
2026-07-28 00:45:00+00:00,82.11000061035156,82.19000244140625,81.93000030517578,81.95999908447266,974
2026-07-28 01:00:00+00:00,81.69000244140625,82.23999786376953,81.58999633789062,82.11000061035156,1625
2026-07-28 01:15:00+00:00,81.54000091552734,81.9000015258789,81.45999908447266,81.70999908447266,988
2026-07-28 01:30:00+00:00,81.80999755859375,81.88999938964844,81.55999755859375,81.55999755859375,562
2026-07-28 01:45:00+00:00,81.62999725341797,82.04000091552734,81.62000274658203,81.80999755859375,1452
2026-07-28 02:00:00+00:00,81.5199966430664,81.77999877929688,81.2699966430664,81.62000274658203,1415
2026-07-28 02:15:00+00:00,81.29000091552734,81.52999877929688,81.18000030517578,81.52999877929688,1295
2026-07-28 02:30:00+00:00,81.0199966430664,81.33000183105469,80.97000122070312,81.27999877929688,1706
2026-07-28 02:45:00+00:00,80.81999969482422,81.08999633789062,80.69000244140625,81.02999877929688,1900
2026-07-28 03:00:00+00:00,80.94000244140625,80.98999786376953,80.5999984741211,80.83999633789062,1850
2026-07-28 03:15:00+00:00,81.36000061035156,81.37999725341797,80.91000366210938,80.94999694824219,1512
2026-07-28 03:30:00+00:00,81.45999908447266,81.58000183105469,81.30999755859375,81.3499984741211,1217
2026-07-28 03:45:00+00:00,81.55999755859375,81.58000183105469,81.44000244140625,81.44999694824219,336
2026-07-28 04:00:00+00:00,81.8499984741211,81.87000274658203,81.54000091552734,81.58000183105469,1122
2026-07-28 04:15:00+00:00,81.66000366210938,81.93000030517578,81.55999755859375,81.86000061035156,919
2026-07-28 04:30:00+00:00,81.68000030517578,81.76000213623047,81.58000183105469,81.66000366210938,363
2026-07-28 04:45:00+00:00,81.62999725341797,81.69999694824219,81.58000183105469,81.66999816894531,425
2026-07-28 05:00:00+00:00,81.62000274658203,81.69000244140625,81.54000091552734,81.62999725341797,384
2026-07-28 05:15:00+00:00,81.66000366210938,81.66000366210938,81.47000122070312,81.61000061035156,534
2026-07-28 05:30:00+00:00,82.11000061035156,82.43000030517578,81.66999816894531,81.66999816894531,2144
2026-07-28 05:45:00+00:00,82.1500015258789,82.30000305175781,81.94999694824219,82.11000061035156,591
2026-07-28 06:00:00+00:00,82.1500015258789,82.33999633789062,81.95999908447266,82.13999938964844,838
2026-07-28 06:15:00+00:00,82.04000091552734,82.18000030517578,82.01000213623047,82.1500015258789,670
2026-07-28 06:30:00+00:00,81.0,82.61000061035156,80.88999938964844,82.61000061035156,3228
2026-07-28 06:45:00+00:00,80.80999755859375,81.12999725341797,80.61000061035156,81.0,2751
2026-07-28 07:00:00+00:00,81.37999725341797,81.37999725341797,80.66999816894531,80.80999755859375,3013
2026-07-28 07:15:00+00:00,81.25,81.41000366210938,80.91999816894531,81.37999725341797,2001
2026-07-28 07:30:00+00:00,81.41000366210938,81.54000091552734,81.18000030517578,81.25,1941
2026-07-28 07:45:00+00:00,80.77999877929688,81.43000030517578,80.54000091552734,81.4000015258789,3730
2026-07-28 08:00:00+00:00,80.62000274658203,80.8499984741211,80.36000061035156,80.77999877929688,4223
2026-07-28 08:15:00+00:00,80.27999877929688,80.80999755859375,80.2699966430664,80.61000061035156,6301
2026-07-28 08:30:00+00:00,80.25,80.55000305175781,80.16000366210938,80.27999877929688,4691
2026-07-28 08:45:00+00:00,80.19999694824219,80.30000305175781,79.80000305175781,80.23999786376953,5890
2026-07-28 09:00:00+00:00,81.12000274658203,81.13999938964844,80.19999694824219,80.19999694824219,4882
2026-07-28 09:15:00+00:00,80.47000122070312,81.22000122070312,80.43000030517578,81.11000061035156,2860
2026-07-28 09:30:00+00:00,80.7300033569336,80.87000274658203,80.41000366210938,80.47000122070312,1721
2026-07-28 09:45:00+00:00,80.62000274658203,80.86000061035156,80.4800033569336,80.69999694824219,1888
2026-07-28 10:00:00+00:00,80.7699966430664,80.87000274658203,80.58000183105469,80.62999725341797,1288
2026-07-28 10:15:00+00:00,81.18000030517578,81.23999786376953,80.76000213623047,80.77999877929688,2065
2026-07-28 10:30:00+00:00,81.0999984741211,81.48999786376953,80.87999725341797,81.18000030517578,3161
2026-07-28 10:45:00+00:00,81.16999816894531,81.16999816894531,80.91000366210938,81.0999984741211,1437
2026-07-28 11:00:00+00:00,81.26000213623047,81.37999725341797,80.9800033569336,81.16999816894531,2176
2026-07-28 11:15:00+00:00,81.37999725341797,81.4000015258789,80.69000244140625,81.23999786376953,3441
2026-07-28 11:30:00+00:00,81.79000091552734,81.87000274658203,81.27999877929688,81.38999938964844,3645
2026-07-28 11:45:00+00:00,81.72000122070312,81.91999816894531,81.6500015258789,81.80000305175781,2085
2026-07-28 12:00:00+00:00,81.58999633789062,81.7300033569336,81.37000274658203,81.72000122070312,2244
2026-07-28 12:15:00+00:00,81.56999969482422,81.72000122070312,81.27999877929688,81.58999633789062,3183
2026-07-28 12:30:00+00:00,81.18000030517578,81.69000244140625,81.02999877929688,81.54000091552734,4845
2026-07-28 12:45:00+00:00,80.79000091552734,81.19999694824219,80.62999725341797,81.19999694824219,4345
2026-07-28 13:00:00+00:00,81.3499984741211,81.38999938964844,80.80999755859375,80.80999755859375,5775
2026-07-28 13:15:00+00:00,81.20999908447266,81.38999938964844,80.98999786376953,81.33999633789062,3258
2026-07-28 13:30:00+00:00,81.05999755859375,81.26000213623047,80.73999786376953,81.20999908447266,4918
2026-07-28 13:45:00+00:00,81.44999694824219,81.6500015258789,81.01000213623047,81.05999755859375,6895
2026-07-28 14:00:00+00:00,81.3499984741211,81.83000183105469,81.3499984741211,81.44000244140625,6821
2026-07-28 14:15:00+00:00,81.13999938964844,81.43000030517578,81.06999969482422,81.36000061035156,4884
2026-07-28 14:30:00+00:00,81.41000366210938,81.44999694824219,80.87000274658203,81.13999938964844,5886
2026-07-28 14:45:00+00:00,81.44999694824219,81.62000274658203,81.30000305175781,81.41000366210938,4261
2026-07-28 15:00:00+00:00,80.55000305175781,81.58000183105469,80.37000274658203,81.44000244140625,12712
2026-07-28 15:15:00+00:00,79.41999816894531,80.62999725341797,79.19999694824219,80.56999969482422,24823
2026-07-28 15:30:00+00:00,79.08000183105469,79.62000274658203,78.9800033569336,79.41000366210938,14406
2026-07-28 15:45:00+00:00,78.36000061035156,79.45999908447266,78.2699966430664,79.08999633789062,12355
2026-07-28 16:00:00+00:00,78.29000091552734,78.6500015258789,78.25,78.36000061035156,10984
2026-07-28 16:15:00+00:00,78.23999786376953,78.37000274658203,78.0,78.27999877929688,9748
2026-07-28 16:30:00+00:00,78.18000030517578,78.41000366210938,77.77999877929688,78.25,14041
2026-07-28 16:45:00+00:00,78.66000366210938,78.83999633789062,78.11000061035156,78.18000030517578,13069
2026-07-28 17:00:00+00:00,78.94999694824219,79.11000061035156,78.37000274658203,78.66000366210938,9245
2026-07-28 17:15:00+00:00,79.16000366210938,79.19999694824219,78.33000183105469,78.95999908447266,9182
2026-07-28 17:30:00+00:00,79.30000305175781,79.3499984741211,78.9800033569336,79.1500015258789,6168
2026-07-28 17:45:00+00:00,79.44000244140625,79.66000366210938,79.0999984741211,79.29000091552734,6896
2026-07-28 18:00:00+00:00,78.94999694824219,79.44999694824219,78.81999969482422,79.44000244140625,7624
2026-07-28 18:15:00+00:00,79.31999969482422,79.37000274658203,78.80999755859375,78.94000244140625,14515
2026-07-28 18:30:00+00:00,79.29000091552734,79.5,79.19999694824219,79.31999969482422,5162
2026-07-28 18:45:00+00:00,79.20999908447266,79.31999969482422,78.94999694824219,79.27999877929688,3118
2026-07-28 19:00:00+00:00,79.08999633789062,79.23999786376953,78.94999694824219,79.20999908447266,1287
2026-07-28 19:15:00+00:00,78.91999816894531,79.12000274658203,78.87999725341797,79.08999633789062,1363
2026-07-28 19:30:00+00:00,79.05000305175781,79.08999633789062,78.9000015258789,78.91000366210938,1435
2026-07-28 19:45:00+00:00,79.12000274658203,79.1500015258789,78.87999725341797,79.05000305175781,1599
2026-07-28 20:00:00+00:00,79.12000274658203,79.30000305175781,79.05000305175781,79.12000274658203,1375
2026-07-28 20:15:00+00:00,79.16999816894531,79.19000244140625,78.97000122070312,79.11000061035156,716
2026-07-28 20:30:00+00:00,79.08000183105469,79.2699966430664,78.83999633789062,79.18000030517578,1984
2026-07-28 20:45:00+00:00,79.12999725341797,79.22000122070312,79.01000213623047,79.06999969482422,994
2026-07-28 22:00:00+00:00,81.22000122070312,81.2699966430664,79.91999816894531,80.04000091552734,2156
2026-07-28 22:15:00+00:00,82.66999816894531,82.87000274658203,81.0999984741211,81.20999908447266,6220
2026-07-28 22:30:00+00:00,82.69999694824219,83.25,82.4000015258789,82.68000030517578,4585
2026-07-28 22:45:00+00:00,82.62999725341797,82.95999908447266,82.41000366210938,82.69000244140625,1329
2026-07-28 23:00:00+00:00,82.75,83.30000305175781,82.58000183105469,82.62999725341797,2239
2026-07-28 23:15:00+00:00,82.51000213623047,82.87000274658203,82.41999816894531,82.75,1455
2026-07-28 23:30:00+00:00,82.06999969482422,82.75,82.05999755859375,82.52999877929688,1505
2026-07-28 23:45:00+00:00,81.88999938964844,82.44000244140625,81.80999755859375,82.08999633789062,2455
2026-07-29 00:00:00+00:00,82.0199966430664,82.30000305175781,81.7300033569336,81.87000274658203,4559
2026-07-29 00:15:00+00:00,81.83000183105469,82.08999633789062,81.62000274658203,82.01000213623047,2769
2026-07-29 00:30:00+00:00,82.37000274658203,82.5999984741211,81.8499984741211,81.8499984741211,2038
2026-07-29 00:45:00+00:00,82.45999908447266,82.58999633789062,82.29000091552734,82.37999725341797,1267
2026-07-29 01:00:00+00:00,82.86000061035156,82.86000061035156,82.30999755859375,82.44999694824219,1811
2026-07-29 01:15:00+00:00,82.44000244140625,82.91999816894531,82.38999938964844,82.8499984741211,1884
2026-07-29 01:30:00+00:00,82.93000030517578,83.05000305175781,82.43000030517578,82.43000030517578,1698
2026-07-29 01:45:00+00:00,82.76000213623047,82.9800033569336,82.62000274658203,82.94999694824219,994
2026-07-29 02:00:00+00:00,82.63999938964844,82.83000183105469,82.58999633789062,82.76000213623047,569
2026-07-29 02:15:00+00:00,82.45999908447266,82.72000122070312,82.43000030517578,82.6500015258789,638
2026-07-29 02:30:00+00:00,82.30000305175781,82.44000244140625,82.05000305175781,82.44000244140625,1598
2026-07-29 02:45:00+00:00,82.30999755859375,82.33999633789062,82.12999725341797,82.29000091552734,777
2026-07-29 03:00:00+00:00,82.5,82.55999755859375,82.30999755859375,82.30999755859375,618
2026-07-29 03:15:00+00:00,82.38999938964844,82.62999725341797,82.31999969482422,82.5,541
2026-07-29 03:30:00+00:00,82.55999755859375,82.63999938964844,82.4000015258789,82.41000366210938,665
2026-07-29 03:45:00+00:00,82.70999908447266,82.7699966430664,82.5,82.55000305175781,699
2026-07-29 04:00:00+00:00,82.62000274658203,82.69000244140625,82.55000305175781,82.69000244140625,419
2026-07-29 04:15:00+00:00,82.44999694824219,82.61000061035156,82.44999694824219,82.56999969482422,304
2026-07-29 04:30:00+00:00,82.11000061035156,82.44000244140625,82.08999633789062,82.44000244140625,625
2026-07-29 04:45:00+00:00,82.04000091552734,82.12000274658203,81.87999725341797,82.11000061035156,1127
2026-07-29 05:00:00+00:00,81.88999938964844,82.13999938964844,81.8499984741211,82.04000091552734,851
2026-07-29 05:15:00+00:00,81.91000366210938,82.05000305175781,81.79000091552734,81.87999725341797,776
2026-07-29 05:30:00+00:00,81.95999908447266,82.19000244140625,81.83000183105469,81.9000015258789,837
2026-07-29 05:45:00+00:00,82.23999786376953,82.26000213623047,81.91000366210938,81.95999908447266,683
2026-07-29 06:00:00+00:00,82.33000183105469,82.43000030517578,82.0,82.23999786376953,1049
2026-07-29 06:15:00+00:00,82.36000061035156,82.37000274658203,82.13999938964844,82.30999755859375,716
2026-07-29 06:30:00+00:00,81.80999755859375,82.4000015258789,81.80000305175781,82.3499984741211,1090
2026-07-29 06:45:00+00:00,82.0999984741211,82.12000274658203,81.81999969482422,81.83999633789062,1054
2026-07-29 07:00:00+00:00,81.87999725341797,82.20999908447266,81.7300033569336,82.0999984741211,2208
2026-07-29 07:15:00+00:00,82.20999908447266,82.37000274658203,81.8499984741211,81.87999725341797,2031
2026-07-29 07:30:00+00:00,81.86000061035156,82.31999969482422,81.70999908447266,82.22000122070312,1599
2026-07-29 07:45:00+00:00,82.0199966430664,82.29000091552734,81.81999969482422,81.8499984741211,1534
2026-07-29 08:00:00+00:00,81.9000015258789,82.29000091552734,81.86000061035156,82.02999877929688,1613
2026-07-29 08:15:00+00:00,82.19999694824219,82.38999938964844,81.91000366210938,81.93000030517578,3390
2026-07-29 08:30:00+00:00,81.83000183105469,82.37000274658203,81.75,82.22000122070312,2661
2026-07-29 08:45:00+00:00,81.87999725341797,81.91000366210938,81.51000213623047,81.83999633789062,2448
2026-07-29 09:00:00+00:00,81.94999694824219,82.1500015258789,81.87999725341797,81.87999725341797,1473
2026-07-29 09:15:00+00:00,81.94000244140625,82.01000213623047,81.69000244140625,81.94000244140625,1011
2026-07-29 09:30:00+00:00,82.11000061035156,82.30999755859375,81.87000274658203,81.93000030517578,1260
2026-07-29 09:45:00+00:00,82.11000061035156,82.30999755859375,81.9800033569336,82.08999633789062,2094
2026-07-29 10:00:00+00:00,82.63999938964844,82.66999816894531,81.9800033569336,82.11000061035156,3882
2026-07-29 10:15:00+00:00,82.72000122070312,82.83000183105469,82.52999877929688,82.63999938964844,2417
2026-07-29 10:30:00+00:00,82.88999938964844,83.05000305175781,82.58000183105469,82.7300033569336,2247
2026-07-29 10:45:00+00:00,83.18000030517578,83.27999877929688,82.83999633789062,82.88999938964844,2414
2026-07-29 11:00:00+00:00,83.11000061035156,83.33999633789062,83.0,83.18000030517578,1812
2026-07-29 11:15:00+00:00,82.86000061035156,83.18000030517578,82.81999969482422,83.12000274658203,1696
2026-07-29 11:30:00+00:00,82.94000244140625,83.0199966430664,82.76000213623047,82.87999725341797,2396
2026-07-29 11:45:00+00:00,82.52999877929688,83.02999877929688,82.36000061035156,82.94000244140625,5212
2026-07-29 12:00:00+00:00,83.0999984741211,83.18000030517578,82.5,82.54000091552734,4571
2026-07-29 12:15:00+00:00,84.47000122070312,84.6500015258789,83.08999633789062,83.08999633789062,15789
2026-07-29 12:30:00+00:00,84.13999938964844,84.76000213623047,84.04000091552734,84.48999786376953,6959
2026-07-29 12:45:00+00:00,84.54000091552734,84.73999786376953,84.08999633789062,84.11000061035156,5218
2026-07-29 13:00:00+00:00,84.41999816894531,84.81999969482422,84.36000061035156,84.55000305175781,6553
2026-07-29 13:15:00+00:00,84.33000183105469,84.62000274658203,84.0999984741211,84.44000244140625,4717
2026-07-29 13:30:00+00:00,84.43000030517578,84.66999816894531,84.2300033569336,84.31999969482422,4886
2026-07-29 13:45:00+00:00,84.8499984741211,84.94999694824219,84.41999816894531,84.44000244140625,5906
2026-07-29 14:00:00+00:00,84.51000213623047,84.8499984741211,84.33999633789062,84.83999633789062,5033
2026-07-29 14:15:00+00:00,85.0,85.0199966430664,84.36000061035156,84.5199966430664,6321
2026-07-29 14:30:00+00:00,85.0999984741211,85.18000030517578,84.86000061035156,85.01000213623047,7409
2026-07-29 14:45:00+00:00,85.36000061035156,85.4800033569336,85.04000091552734,85.08999633789062,7006
2026-07-29 15:00:00+00:00,85.05000305175781,85.56999969482422,84.86000061035156,85.36000061035156,7197
2026-07-29 15:15:00+00:00,84.87000274658203,85.27999877929688,84.79000091552734,85.02999877929688,7430
2026-07-29 15:30:00+00:00,84.5,84.87999725341797,84.36000061035156,84.86000061035156,8963
2026-07-29 15:45:00+00:00,84.98999786376953,85.0,84.37999725341797,84.48999786376953,6231
2026-07-29 16:00:00+00:00,84.86000061035156,85.22000122070312,84.73999786376953,84.98999786376953,6783
2026-07-29 16:15:00+00:00,84.19000244140625,84.9000015258789,84.18000030517578,84.86000061035156,8091
2026-07-29 16:30:00+00:00,84.5199966430664,84.54000091552734,84.18000030517578,84.20999908447266,4632
2026-07-29 16:45:00+00:00,84.58999633789062,84.69000244140625,84.43000030517578,84.5199966430664,3288
2026-07-29 17:00:00+00:00,84.55000305175781,84.72000122070312,84.36000061035156,84.58000183105469,4209
2026-07-29 17:15:00+00:00,84.45999908447266,84.81999969482422,84.43000030517578,84.55000305175781,5311
2026-07-29 17:30:00+00:00,84.37000274658203,84.7300033569336,84.31999969482422,84.47000122070312,4174
2026-07-29 17:45:00+00:00,84.58999633789062,84.66999816894531,84.30000305175781,84.37999725341797,4172
2026-07-29 18:00:00+00:00,84.61000061035156,84.9000015258789,84.45999908447266,84.5999984741211,6793
2026-07-29 18:15:00+00:00,84.4800033569336,84.91000366210938,84.36000061035156,84.5999984741211,16066
2026-07-29 18:30:00+00:00,84.62000274658203,84.94000244140625,84.47000122070312,84.4800033569336,5825
2026-07-29 18:45:00+00:00,84.44999694824219,84.7300033569336,84.30000305175781,84.61000061035156,3975
2026-07-29 19:00:00+00:00,84.41000366210938,84.5,84.20999908447266,84.44000244140625,2727
2026-07-29 19:15:00+00:00,84.66000366210938,84.73999786376953,84.05999755859375,84.41999816894531,4828
2026-07-29 19:30:00+00:00,84.86000061035156,85.25,84.6500015258789,84.66999816894531,3873
2026-07-29 19:45:00+00:00,84.88999938964844,85.0,84.58000183105469,84.8499984741211,2551
2026-07-29 20:00:00+00:00,84.7300033569336,84.95999908447266,84.5999984741211,84.88999938964844,1379
2026-07-29 20:15:00+00:00,84.91999816894531,85.0199966430664,84.73999786376953,84.73999786376953,868
2026-07-29 20:30:00+00:00,84.62000274658203,84.91000366210938,84.5999984741211,84.9000015258789,1386
2026-07-29 20:45:00+00:00,84.5999984741211,84.69999694824219,84.51000213623047,84.62999725341797,1159
2026-07-29 22:00:00+00:00,84.41000366210938,84.69999694824219,84.30000305175781,84.6500015258789,348
2026-07-29 22:15:00+00:00,84.44000244140625,84.58999633789062,84.23999786376953,84.4000015258789,452
2026-07-29 22:30:00+00:00,84.47000122070312,84.5,84.31999969482422,84.45999908447266,289
2026-07-29 22:45:00+00:00,84.43000030517578,84.55999755859375,84.37000274658203,84.47000122070312,159
2026-07-29 23:00:00+00:00,84.62000274658203,84.69999694824219,84.11000061035156,84.41999816894531,1042
2026-07-29 23:15:00+00:00,84.43000030517578,84.72000122070312,84.37999725341797,84.58999633789062,483
2026-07-29 23:30:00+00:00,84.3499984741211,84.48999786376953,84.2699966430664,84.43000030517578,366
2026-07-29 23:45:00+00:00,84.19999694824219,84.3499984741211,84.1500015258789,84.33000183105469,354
2026-07-30 00:00:00+00:00,83.91000366210938,84.29000091552734,83.8499984741211,84.20999908447266,1282
2026-07-30 00:15:00+00:00,83.9800033569336,84.01000213623047,83.20999908447266,83.93000030517578,3553
2026-07-30 00:30:00+00:00,84.27999877929688,84.30000305175781,83.88999938964844,83.97000122070312,1126
2026-07-30 00:45:00+00:00,84.52999877929688,84.62000274658203,84.26000213623047,84.30000305175781,1398
2026-07-30 01:00:00+00:00,84.01000213623047,84.51000213623047,83.73999786376953,84.5,1922
2026-07-30 01:15:00+00:00,83.97000122070312,84.12999725341797,83.83999633789062,84.02999877929688,736
2026-07-30 01:30:00+00:00,83.7300033569336,84.05000305175781,83.62999725341797,84.01000213623047,907
2026-07-30 01:45:00+00:00,83.80000305175781,83.9000015258789,83.68000030517578,83.72000122070312,644
2026-07-30 02:00:00+00:00,83.58000183105469,83.80000305175781,83.55999755859375,83.7699966430664,636
2026-07-30 02:15:00+00:00,83.44999694824219,83.69999694824219,83.43000030517578,83.58000183105469,867
2026-07-30 02:30:00+00:00,83.52999877929688,83.58999633789062,83.23999786376953,83.45999908447266,1050
2026-07-30 02:45:00+00:00,83.43000030517578,83.72000122070312,83.23999786376953,83.5199966430664,845
2026-07-30 03:00:00+00:00,83.3499984741211,83.41999816894531,83.22000122070312,83.41999816894531,481
2026-07-30 03:15:00+00:00,83.62999725341797,83.66000366210938,83.30999755859375,83.33999633789062,494
2026-07-30 03:30:00+00:00,83.58000183105469,83.63999938964844,83.4800033569336,83.5999984741211,501
2026-07-30 03:45:00+00:00,83.6500015258789,83.75,83.58999633789062,83.58999633789062,288
2026-07-30 04:00:00+00:00,83.7699966430664,83.79000091552734,83.62000274658203,83.6500015258789,315
2026-07-30 04:15:00+00:00,83.77999877929688,83.87000274658203,83.66999816894531,83.7699966430664,308
2026-07-30 04:30:00+00:00,83.79000091552734,83.81999969482422,83.66000366210938,83.75,136
2026-07-30 04:45:00+00:00,84.05000305175781,84.16999816894531,83.69999694824219,83.7699966430664,1040
2026-07-30 05:00:00+00:00,84.44999694824219,84.47000122070312,83.97000122070312,84.06999969482422,1106
2026-07-30 05:15:00+00:00,84.54000091552734,84.79000091552734,84.37999725341797,84.47000122070312,1408
2026-07-30 05:30:00+00:00,84.93000030517578,85.18000030517578,84.54000091552734,84.55000305175781,2509
2026-07-30 05:45:00+00:00,85.22000122070312,85.38999938964844,84.5999984741211,84.9800033569336,3177
2026-07-30 06:00:00+00:00,85.69000244140625,85.73999786376953,85.08000183105469,85.18000030517578,4704
2026-07-30 06:15:00+00:00,85.83000183105469,85.88999938964844,85.55000305175781,85.70999908447266,4120
2026-07-30 06:30:00+00:00,85.62999725341797,85.9000015258789,85.51000213623047,85.81999969482422,2930
2026-07-30 06:45:00+00:00,85.30999755859375,85.69000244140625,85.30999755859375,85.63999938964844,2198
2026-07-30 07:00:00+00:00,84.93000030517578,85.31999969482422,84.58999633789062,85.30000305175781,5003
2026-07-30 07:15:00+00:00,85.30999755859375,85.4000015258789,84.9000015258789,84.91999816894531,2708
2026-07-30 07:30:00+00:00,85.45999908447266,85.94000244140625,85.2699966430664,85.30000305175781,3483
2026-07-30 07:45:00+00:00,85.16999816894531,85.44999694824219,84.94999694824219,85.44999694824219,1945
2026-07-30 08:00:00+00:00,84.81999969482422,85.36000061035156,84.62999725341797,85.16999816894531,3585
2026-07-30 08:15:00+00:00,84.94999694824219,85.36000061035156,84.66999816894531,84.81999969482422,3303
2026-07-30 08:30:00+00:00,84.76000213623047,85.06999969482422,84.30000305175781,84.95999908447266,3041
2026-07-30 08:45:00+00:00,84.76000213623047,85.08000183105469,84.68000030517578,84.76000213623047,1676
2026-07-30 09:00:00+00:00,84.3499984741211,84.83000183105469,84.05000305175781,84.73999786376953,5535
2026-07-30 09:15:00+00:00,84.05999755859375,84.5199966430664,83.83999633789062,84.33000183105469,3135
2026-07-30 09:30:00+00:00,84.0999984741211,84.37000274658203,83.91999816894531,84.02999877929688,2566
2026-07-30 09:45:00+00:00,84.45999908447266,84.5,83.94999694824219,84.12000274658203,1415
2026-07-30 10:00:00+00:00,84.58000183105469,84.6500015258789,84.38999938964844,84.47000122070312,1278
2026-07-30 10:15:00+00:00,84.2300033569336,84.58999633789062,84.11000061035156,84.56999969482422,1181
2026-07-30 10:30:00+00:00,83.63999938964844,84.2699966430664,83.26000213623047,84.23999786376953,3121
2026-07-30 10:45:00+00:00,83.73999786376953,83.77999877929688,83.30999755859375,83.6500015258789,1851
2026-07-30 11:00:00+00:00,83.69999694824219,83.93000030517578,83.61000061035156,83.7699966430664,1608
2026-07-30 11:15:00+00:00,83.63999938964844,83.93000030517578,83.45999908447266,83.70999908447266,1743
2026-07-30 11:30:00+00:00,83.45999908447266,83.70999908447266,83.33999633789062,83.63999938964844,1996
2026-07-30 11:45:00+00:00,83.54000091552734,83.56999969482422,83.29000091552734,83.4800033569336,2911
2026-07-30 12:00:00+00:00,83.69999694824219,83.8499984741211,83.4000015258789,83.55000305175781,2837
2026-07-30 12:15:00+00:00,84.23999786376953,84.4000015258789,83.62000274658203,83.68000030517578,3516
2026-07-30 12:30:00+00:00,83.79000091552734,84.23999786376953,83.63999938964844,84.23999786376953,2835
2026-07-30 12:45:00+00:00,84.4800033569336,84.48999786376953,83.69999694824219,83.76000213623047,4127
2026-07-30 13:00:00+00:00,83.01000213623047,84.5199966430664,82.97000122070312,84.47000122070312,8731
2026-07-30 13:15:00+00:00,83.4800033569336,83.66000366210938,83.02999877929688,83.02999877929688,4401
2026-07-30 13:30:00+00:00,83.62999725341797,83.7300033569336,83.31999969482422,83.47000122070312,3096
2026-07-30 13:45:00+00:00,83.76000213623047,83.91999816894531,83.5199966430664,83.62000274658203,2866
2026-07-30 14:00:00+00:00,83.86000061035156,84.19999694824219,83.62999725341797,83.7699966430664,6343
2026-07-30 14:15:00+00:00,83.97000122070312,84.30000305175781,83.72000122070312,83.87000274658203,4564
2026-07-30 14:30:00+00:00,84.08000183105469,84.29000091552734,83.94999694824219,83.95999908447266,2514
2026-07-30 14:45:00+00:00,84.20999908447266,84.4800033569336,84.08999633789062,84.08999633789062,3226
2026-07-30 15:00:00+00:00,84.61000061035156,84.86000061035156,84.16000366210938,84.22000122070312,4141
2026-07-30 15:15:00+00:00,84.30999755859375,84.69999694824219,84.06999969482422,84.62000274658203,5335
2026-07-30 15:30:00+00:00,83.72000122070312,84.5199966430664,83.58999633789062,84.30999755859375,3904
2026-07-30 15:45:00+00:00,84.06999969482422,84.08000183105469,83.62000274658203,83.70999908447266,3516
2026-07-30 16:00:00+00:00,84.02999877929688,84.29000091552734,83.91999816894531,84.06999969482422,2797
2026-07-30 16:15:00+00:00,83.62000274658203,84.16999816894531,83.51000213623047,84.04000091552734,2467
2026-07-30 16:30:00+00:00,83.87000274658203,83.97000122070312,83.52999877929688,83.5999984741211,2756
2026-07-30 16:45:00+00:00,84.08999633789062,84.12999725341797,83.7699966430664,83.88999938964844,2181
2026-07-30 17:00:00+00:00,83.97000122070312,84.16000366210938,83.83999633789062,84.0999984741211,2708
2026-07-30 17:15:00+00:00,83.8499984741211,84.19000244140625,83.7300033569336,83.97000122070312,3044
2026-07-30 17:30:00+00:00,83.87000274658203,84.38999938964844,83.6500015258789,83.8499984741211,3607
2026-07-30 17:45:00+00:00,84.08000183105469,84.12000274658203,83.87000274658203,83.87000274658203,2720
2026-07-30 18:00:00+00:00,84.12000274658203,84.27999877929688,83.93000030517578,84.08000183105469,3017
2026-07-30 18:15:00+00:00,83.55999755859375,84.18000030517578,83.47000122070312,84.12999725341797,12331
2026-07-30 18:30:00+00:00,83.70999908447266,83.83000183105469,83.4800033569336,83.55999755859375,4170
2026-07-30 18:45:00+00:00,83.5199966430664,83.7699966430664,83.5199966430664,83.7300033569336,1323
2026-07-30 19:00:00+00:00,83.6500015258789,83.7300033569336,83.45999908447266,83.54000091552734,1280
2026-07-30 19:15:00+00:00,83.54000091552734,83.68000030517578,83.5199966430664,83.6500015258789,922
2026-07-30 19:30:00+00:00,83.68000030517578,83.69999694824219,83.44000244140625,83.54000091552734,949
2026-07-30 19:45:00+00:00,83.6500015258789,83.83000183105469,83.6500015258789,83.69000244140625,978
2026-07-30 20:00:00+00:00,83.87999725341797,83.87999725341797,83.58000183105469,83.66000366210938,706
2026-07-30 20:15:00+00:00,84.08999633789062,84.16000366210938,83.83999633789062,83.87999725341797,1157
2026-07-30 20:30:00+00:00,83.95999908447266,84.20999908447266,83.95999908447266,84.0999984741211,880
2026-07-30 20:45:00+00:00,83.95999908447266,83.9800033569336,83.86000061035156,83.97000122070312,809
2026-07-30 22:00:00+00:00,84.19999694824219,84.31999969482422,83.87999725341797,83.91999816894531,427
2026-07-30 22:15:00+00:00,84.18000030517578,84.31999969482422,84.1500015258789,84.19999694824219,221
2026-07-30 22:30:00+00:00,84.05000305175781,84.16999816894531,84.04000091552734,84.16000366210938,102
2026-07-30 22:45:00+00:00,84.05999755859375,84.05999755859375,83.91999816894531,84.04000091552734,162
2026-07-30 23:00:00+00:00,83.94999694824219,84.05000305175781,83.93000030517578,84.05000305175781,81
2026-07-30 23:15:00+00:00,84.05999755859375,84.11000061035156,83.94999694824219,83.94999694824219,202
2026-07-30 23:30:00+00:00,84.06999969482422,84.11000061035156,84.0,84.06999969482422,146
2026-07-30 23:45:00+00:00,84.05999755859375,84.12000274658203,83.9800033569336,84.08999633789062,62
2026-07-31 00:00:00+00:00,84.13999938964844,84.18000030517578,83.97000122070312,84.05999755859375,400
2026-07-31 00:15:00+00:00,84.12000274658203,84.12999725341797,83.95999908447266,84.08000183105469,311
2026-07-31 00:30:00+00:00,83.7300033569336,84.13999938964844,83.72000122070312,84.11000061035156,523
2026-07-31 00:45:00+00:00,83.55000305175781,83.87000274658203,83.5199966430664,83.72000122070312,481
2026-07-31 01:00:00+00:00,82.93000030517578,83.54000091552734,82.08999633789062,83.54000091552734,3657
2026-07-31 01:15:00+00:00,82.77999877929688,82.98999786376953,82.55000305175781,82.9800033569336,1259
2026-07-31 01:30:00+00:00,82.61000061035156,82.87999725341797,82.2699966430664,82.7699966430664,1562
2026-07-31 01:45:00+00:00,82.47000122070312,82.80999755859375,82.4000015258789,82.62000274658203,803
2026-07-31 02:00:00+00:00,82.06999969482422,82.47000122070312,81.5999984741211,82.47000122070312,2823
2026-07-31 02:15:00+00:00,82.16000366210938,82.33999633789062,82.0199966430664,82.08999633789062,1198
2026-07-31 02:30:00+00:00,82.16000366210938,82.33999633789062,82.05000305175781,82.16999816894531,439
2026-07-31 02:45:00+00:00,82.2699966430664,82.44999694824219,82.05000305175781,82.0999984741211,744
2026-07-31 03:00:00+00:00,82.2300033569336,82.36000061035156,82.06999969482422,82.27999877929688,486
2026-07-31 03:15:00+00:00,82.20999908447266,82.30999755859375,82.06999969482422,82.22000122070312,403
2026-07-31 03:30:00+00:00,82.3499984741211,82.36000061035156,82.12000274658203,82.19999694824219,570
2026-07-31 03:45:00+00:00,82.36000061035156,82.5,82.25,82.33999633789062,476
2026-07-31 04:00:00+00:00,82.12999725341797,82.4000015258789,81.95999908447266,82.33999633789062,725
2026-07-31 04:15:00+00:00,82.12999725341797,82.2300033569336,82.08000183105469,82.1500015258789,217
2026-07-31 04:30:00+00:00,81.9800033569336,82.19000244140625,81.94999694824219,82.1500015258789,295
2026-07-31 04:45:00+00:00,81.66000366210938,82.0199966430664,81.62999725341797,81.9800033569336,911
2026-07-31 05:00:00+00:00,81.91000366210938,81.98999786376953,81.55999755859375,81.6500015258789,767
2026-07-31 05:15:00+00:00,81.6500015258789,81.94000244140625,81.52999877929688,81.91999816894531,554
2026-07-31 05:30:00+00:00,81.44999694824219,81.62000274658203,81.05999755859375,81.62000274658203,1890
2026-07-31 05:45:00+00:00,81.69000244140625,81.69999694824219,81.36000061035156,81.47000122070312,625
2026-07-31 06:00:00+00:00,81.83000183105469,82.0199966430664,81.61000061035156,81.69999694824219,1665
2026-07-31 06:15:00+00:00,82.01000213623047,82.2300033569336,81.79000091552734,81.81999969482422,1017
2026-07-31 06:30:00+00:00,82.05000305175781,82.12000274658203,81.77999877929688,82.02999877929688,660
2026-07-31 06:45:00+00:00,82.02999877929688,82.12999725341797,81.94999694824219,82.05000305175781,613
2026-07-31 07:00:00+00:00,82.19999694824219,82.44999694824219,81.9800033569336,82.0199966430664,1936
2026-07-31 07:15:00+00:00,82.55999755859375,82.61000061035156,82.20999908447266,82.20999908447266,975
2026-07-31 07:30:00+00:00,82.58000183105469,82.69000244140625,82.33999633789062,82.52999877929688,1259
2026-07-31 07:45:00+00:00,82.18000030517578,82.58000183105469,82.05000305175781,82.55999755859375,2530
2026-07-31 08:00:00+00:00,82.0999984741211,82.33000183105469,82.01000213623047,82.16000366210938,1094
2026-07-31 08:15:00+00:00,82.7300033569336,82.75,81.94000244140625,82.11000061035156,2241
2026-07-31 08:30:00+00:00,82.41999816894531,82.88999938964844,82.37000274658203,82.73999786376953,2301
2026-07-31 08:45:00+00:00,82.58999633789062,82.58999633789062,82.23999786376953,82.4000015258789,1774
2026-07-31 09:00:00+00:00,83.08000183105469,83.08999633789062,82.54000091552734,82.58000183105469,2694
2026-07-31 09:15:00+00:00,82.86000061035156,83.25,82.79000091552734,83.08000183105469,2964
2026-07-31 09:30:00+00:00,83.52999877929688,83.55000305175781,82.83999633789062,82.87999725341797,3418
2026-07-31 09:45:00+00:00,83.70999908447266,83.77999877929688,83.48999786376953,83.52999877929688,2034
2026-07-31 10:00:00+00:00,84.05999755859375,84.05999755859375,83.72000122070312,83.72000122070312,2176
2026-07-31 10:15:00+00:00,84.11000061035156,84.19999694824219,83.81999969482422,84.05999755859375,2355
2026-07-31 10:30:00+00:00,84.16999816894531,84.38999938964844,83.98999786376953,84.11000061035156,1728
2026-07-31 10:45:00+00:00,84.30000305175781,84.5,84.06999969482422,84.18000030517578,1814
2026-07-31 11:00:00+00:00,84.19999694824219,84.48999786376953,84.0999984741211,84.30000305175781,2085
2026-07-31 11:15:00+00:00,84.79000091552734,84.9000015258789,84.11000061035156,84.19000244140625,5645
2026-07-31 11:30:00+00:00,85.0,85.08999633789062,84.62999725341797,84.80000305175781,3864
2026-07-31 11:45:00+00:00,84.86000061035156,85.04000091552734,84.77999877929688,85.0,2697
2026-07-31 12:00:00+00:00,85.26000213623047,85.48999786376953,84.86000061035156,84.87000274658203,5716
2026-07-31 12:15:00+00:00,85.2300033569336,85.37999725341797,85.16000366210938,85.2699966430664,2192
2026-07-31 12:30:00+00:00,85.2300033569336,85.30000305175781,84.95999908447266,85.2300033569336,3848
2026-07-31 12:45:00+00:00,85.88999938964844,86.44999694824219,85.20999908447266,85.22000122070312,7869
2026-07-31 13:00:00+00:00,85.6500015258789,85.9800033569336,85.2699966430664,85.88999938964844,6335
2026-07-31 13:15:00+00:00,85.5,85.77999877929688,85.33999633789062,85.68000030517578,3901
2026-07-31 13:30:00+00:00,85.58000183105469,85.91000366210938,85.36000061035156,85.48999786376953,6268
2026-07-31 13:45:00+00:00,85.5199966430664,85.77999877929688,85.29000091552734,85.58999633789062,4202
2026-07-31 14:00:00+00:00,85.11000061035156,85.56999969482422,84.73999786376953,85.5199966430664,9199
2026-07-31 14:15:00+00:00,85.23999786376953,85.31999969482422,84.98999786376953,85.13999938964844,3578
2026-07-31 14:30:00+00:00,85.48999786376953,85.55999755859375,85.19000244140625,85.23999786376953,2657
2026-07-31 14:45:00+00:00,85.79000091552734,85.93000030517578,85.4800033569336,85.48999786376953,5132
2026-07-31 15:00:00+00:00,85.9000015258789,86.01000213623047,85.7300033569336,85.77999877929688,4185
2026-07-31 15:15:00+00:00,85.54000091552734,85.98999786376953,85.36000061035156,85.91000366210938,7976
2026-07-31 15:30:00+00:00,84.94000244140625,85.5999984741211,84.88999938964844,85.52999877929688,8431
2026-07-31 15:45:00+00:00,84.06999969482422,84.97000122070312,83.98999786376953,84.94999694824219,11371
2026-07-31 16:00:00+00:00,84.54000091552734,84.63999938964844,84.05999755859375,84.08999633789062,6917
2026-07-31 16:15:00+00:00,84.5199966430664,84.7699966430664,84.43000030517578,84.54000091552734,3516
2026-07-31 16:30:00+00:00,84.7699966430664,84.83999633789062,84.51000213623047,84.5199966430664,2961
2026-07-31 16:45:00+00:00,84.69999694824219,84.81999969482422,84.56999969482422,84.7699966430664,2917
2026-07-31 17:00:00+00:00,85.01000213623047,85.0999984741211,84.52999877929688,84.72000122070312,3893
2026-07-31 17:15:00+00:00,84.77999877929688,85.02999877929688,84.70999908447266,85.0,3611
2026-07-31 17:30:00+00:00,85.02999877929688,85.0999984741211,84.61000061035156,84.77999877929688,4588
2026-07-31 17:45:00+00:00,84.69999694824219,85.06999969482422,84.68000030517578,85.0199966430664,4613
2026-07-31 18:00:00+00:00,84.76000213623047,85.05000305175781,84.55000305175781,84.69000244140625,4683
2026-07-31 18:15:00+00:00,84.56999969482422,85.16000366210938,84.52999877929688,84.75,11115
2026-07-31 18:30:00+00:00,84.69999694824219,84.72000122070312,84.4800033569336,84.55999755859375,3989
2026-07-31 18:45:00+00:00,84.61000061035156,84.73999786376953,84.5199966430664,84.70999908447266,1476
2026-07-31 19:00:00+00:00,84.63999938964844,84.7300033569336,84.54000091552734,84.5999984741211,941
2026-07-31 19:15:00+00:00,84.80000305175781,84.94999694824219,84.63999938964844,84.63999938964844,1414
2026-07-31 19:30:00+00:00,84.77999877929688,84.87999725341797,84.69999694824219,84.80999755859375,1065
2026-07-31 19:45:00+00:00,84.7699966430664,84.8499984741211,84.7300033569336,84.79000091552734,1357
2026-07-31 20:00:00+00:00,84.56999969482422,84.79000091552734,84.5199966430664,84.75,693
2026-07-31 20:15:00+00:00,84.61000061035156,84.66000366210938,84.45999908447266,84.55999755859375,699
2026-07-31 20:30:00+00:00,84.62000274658203,84.80000305175781,84.47000122070312,84.62999725341797,738
2026-07-31 20:45:00+00:00,84.66999816894531,86.87000274658203,84.51000213623047,84.58999633789062,6146
2026-08-02 22:00:00+00:00,79.87999725341797,80.0999984741211,79.83999633789062,80.01000213623047,1060
2026-08-02 22:15:00+00:00,80.61000061035156,81.05000305175781,79.88999938964844,79.93000030517578,3423
2026-08-02 22:30:00+00:00,80.8499984741211,80.91000366210938,80.52999877929688,80.66000366210938,1178
2026-08-02 22:45:00+00:00,81.23999786376953,81.30000305175781,80.80000305175781,80.8499984741211,1606
2026-08-02 23:00:00+00:00,81.08000183105469,81.30000305175781,80.87000274658203,81.23999786376953,1143
2026-08-02 23:15:00+00:00,80.83000183105469,81.08999633789062,80.77999877929688,81.06999969482422,529
2026-08-02 23:30:00+00:00,80.62000274658203,80.87999725341797,80.5999984741211,80.83000183105469,786
2026-08-02 23:45:00+00:00,80.70999908447266,80.79000091552734,80.43000030517578,80.5999984741211,656
2026-08-03 00:00:00+00:00,80.69999694824219,81.0,80.62000274658203,80.70999908447266,978
2026-08-03 00:15:00+00:00,80.47000122070312,80.69999694824219,80.44999694824219,80.68000030517578,793
2026-08-03 00:30:00+00:00,80.5,80.5999984741211,80.31999969482422,80.44999694824219,1190
2026-08-03 00:45:00+00:00,80.62000274658203,80.76000213623047,80.48999786376953,80.48999786376953,841
2026-08-03 01:00:00+00:00,80.68000030517578,80.80999755859375,80.37999725341797,80.62999725341797,1563
2026-08-03 01:15:00+00:00,80.4000015258789,80.72000122070312,80.36000061035156,80.68000030517578,954
2026-08-03 01:30:00+00:00,80.18000030517578,80.5999984741211,80.18000030517578,80.4000015258789,1349
2026-08-03 01:45:00+00:00,80.11000061035156,80.26000213623047,80.0199966430664,80.18000030517578,1094
2026-08-03 02:00:00+00:00,80.19000244140625,80.2300033569336,79.9000015258789,80.12000274658203,974
2026-08-03 02:15:00+00:00,80.13999938964844,80.27999877929688,80.05999755859375,80.19000244140625,738
2026-08-03 02:30:00+00:00,80.25,80.37000274658203,80.05000305175781,80.12000274658203,599
2026-08-03 02:45:00+00:00,79.69999694824219,80.25,79.55999755859375,80.22000122070312,1933
2026-08-03 03:00:00+00:00,79.87999725341797,79.9800033569336,79.62999725341797,79.69000244140625,826
2026-08-03 03:15:00+00:00,79.88999938964844,79.94000244140625,79.6500015258789,79.86000061035156,484
2026-08-03 03:30:00+00:00,80.13999938964844,80.1500015258789,79.87999725341797,79.87999725341797,970
2026-08-03 03:45:00+00:00,79.79000091552734,80.16000366210938,79.77999877929688,80.12999725341797,928
2026-08-03 04:00:00+00:00,79.79000091552734,79.83000183105469,79.66999816894531,79.75,486
2026-08-03 04:15:00+00:00,79.66000366210938,79.79000091552734,79.58999633789062,79.77999877929688,567
2026-08-03 04:30:00+00:00,79.77999877929688,79.80999755859375,79.66999816894531,79.66999816894531,437
2026-08-03 04:45:00+00:00,79.5199966430664,79.79000091552734,79.5,79.79000091552734,434
2026-08-03 05:00:00+00:00,79.47000122070312,79.58999633789062,79.41000366210938,79.51000213623047,607
2026-08-03 05:15:00+00:00,79.45999908447266,79.55000305175781,79.37999725341797,79.4800033569336,398
2026-08-03 05:30:00+00:00,79.62999725341797,79.63999938964844,79.37999725341797,79.44999694824219,741
2026-08-03 05:45:00+00:00,79.63999938964844,79.9000015258789,79.62999725341797,79.62999725341797,779
2026-08-03 06:00:00+00:00,79.36000061035156,79.72000122070312,79.31999969482422,79.6500015258789,1083
2026-08-03 06:15:00+00:00,79.25,79.5199966430664,79.19999694824219,79.37000274658203,1074
2026-08-03 06:30:00+00:00,79.04000091552734,79.37000274658203,78.94999694824219,79.25,1830
2026-08-03 06:45:00+00:00,79.0999984741211,79.13999938964844,78.87000274658203,79.05999755859375,1386
2026-08-03 07:00:00+00:00,79.62000274658203,79.6500015258789,79.05999755859375,79.08999633789062,2294
2026-08-03 07:15:00+00:00,79.70999908447266,80.41999816894531,79.58000183105469,79.61000061035156,5860
2026-08-03 07:30:00+00:00,79.9000015258789,80.05000305175781,79.52999877929688,79.73999786376953,2057
2026-08-03 07:45:00+00:00,79.66999816894531,79.93000030517578,79.33999633789062,79.87000274658203,1919
2026-08-03 08:00:00+00:00,79.66000366210938,79.91999816894531,79.55000305175781,79.68000030517578,2133
2026-08-03 08:15:00+00:00,79.79000091552734,80.05000305175781,79.66000366210938,79.66999816894531,2850
2026-08-03 08:30:00+00:00,80.36000061035156,80.45999908447266,79.72000122070312,79.7699966430664,2757
2026-08-03 08:45:00+00:00,80.2699966430664,80.66000366210938,80.16000366210938,80.3499984741211,2283
2026-08-03 09:00:00+00:00,79.81999969482422,80.31999969482422,79.72000122070312,80.2699966430664,1862
2026-08-03 09:15:00+00:00,79.80000305175781,79.97000122070312,79.66000366210938,79.81999969482422,1334
2026-08-03 09:30:00+00:00,79.9000015258789,80.06999969482422,79.47000122070312,79.80000305175781,2175
2026-08-03 09:45:00+00:00,80.05000305175781,80.05000305175781,79.66999816894531,79.9000015258789,3197
2026-08-03 10:00:00+00:00,79.66000366210938,80.04000091552734,79.55999755859375,80.04000091552734,1759
2026-08-03 10:15:00+00:00,79.72000122070312,79.80000305175781,79.52999877929688,79.6500015258789,1246
2026-08-03 10:30:00+00:00,79.52999877929688,79.76000213623047,79.30999755859375,79.7300033569336,1463
2026-08-03 10:45:00+00:00,79.5,79.66999816894531,79.36000061035156,79.5199966430664,1262
2026-08-03 11:00:00+00:00,79.58000183105469,79.5999984741211,79.3499984741211,79.51000213623047,1991
2026-08-03 11:15:00+00:00,79.8499984741211,79.87999725341797,79.52999877929688,79.58999633789062,1774
2026-08-03 11:30:00+00:00,79.5199966430664,79.87999725341797,79.44999694824219,79.83000183105469,1925
2026-08-03 11:45:00+00:00,79.04000091552734,79.6500015258789,79.0,79.52999877929688,3068
2026-08-03 12:00:00+00:00,78.95999908447266,79.16999816894531,78.91000366210938,79.04000091552734,3427
2026-08-03 12:15:00+00:00,79.12000274658203,79.20999908447266,78.81999969482422,78.94999694824219,3164
2026-08-03 12:30:00+00:00,78.91999816894531,79.12000274658203,78.8499984741211,79.12000274658203,2698
2026-08-03 12:45:00+00:00,79.0199966430664,79.38999938964844,78.83000183105469,78.91000366210938,5047
2026-08-03 13:00:00+00:00,79.33000183105469,79.36000061035156,78.62000274658203,79.01000213623047,7943
2026-08-03 13:15:00+00:00,79.29000091552734,79.4000015258789,79.02999877929688,79.33000183105469,5147
2026-08-03 13:30:00+00:00,78.72000122070312,79.38999938964844,78.43000030517578,79.29000091552734,7243
2026-08-03 13:45:00+00:00,79.12999725341797,79.19999694824219,78.47000122070312,78.70999908447266,5449
2026-08-03 14:00:00+00:00,79.23999786376953,79.44000244140625,79.11000061035156,79.12999725341797,6357
2026-08-03 14:15:00+00:00,79.2300033569336,79.41000366210938,79.02999877929688,79.25,4112
2026-08-03 14:30:00+00:00,79.44000244140625,79.66000366210938,79.2300033569336,79.23999786376953,4998
2026-08-03 14:45:00+00:00,79.66999816894531,79.66999816894531,79.26000213623047,79.43000030517578,4485
2026-08-03 15:00:00+00:00,79.54000091552734,79.88999938964844,79.4000015258789,79.66999816894531,5862
2026-08-03 15:15:00+00:00,80.0,80.16000366210938,79.41000366210938,79.54000091552734,7561
2026-08-03 15:30:00+00:00,79.76000213623047,80.0,79.38999938964844,79.98999786376953,5614
2026-08-03 15:45:00+00:00,79.63999938964844,79.8499984741211,79.5199966430664,79.7699966430664,3585
2026-08-03 16:00:00+00:00,79.70999908447266,79.79000091552734,79.4000015258789,79.62999725341797,4442
2026-08-03 16:15:00+00:00,79.4800033569336,79.73999786376953,79.2699966430664,79.70999908447266,4622
2026-08-03 16:30:00+00:00,79.72000122070312,79.9000015258789,79.41000366210938,79.47000122070312,4935
2026-08-03 16:45:00+00:00,79.58000183105469,79.80999755859375,79.41000366210938,79.72000122070312,4447
2026-08-03 17:00:00+00:00,80.1500015258789,80.22000122070312,79.55999755859375,79.58000183105469,7775
2026-08-03 17:15:00+00:00,80.0199966430664,80.1500015258789,79.81999969482422,80.1500015258789,7415
2026-08-03 17:30:00+00:00,79.87999725341797,80.08999633789062,79.86000061035156,80.01000213623047,4289
2026-08-03 17:45:00+00:00,80.01000213623047,80.30999755859375,79.8499984741211,79.87999725341797,6043
2026-08-03 18:00:00+00:00,79.68000030517578,80.05000305175781,79.45999908447266,80.0,10233
2026-08-03 18:15:00+00:00,80.36000061035156,80.41000366210938,79.66000366210938,79.68000030517578,19549
2026-08-03 18:30:00+00:00,80.41000366210938,80.5,80.18000030517578,80.3499984741211,4358
2026-08-03 18:45:00+00:00,80.38999938964844,80.6500015258789,80.33999633789062,80.41999816894531,2810
2026-08-03 19:00:00+00:00,80.47000122070312,80.5999984741211,80.26000213623047,80.38999938964844,1910
2026-08-03 19:15:00+00:00,80.45999908447266,80.4800033569336,80.22000122070312,80.47000122070312,1705
2026-08-03 19:30:00+00:00,80.2699966430664,80.48999786376953,80.19999694824219,80.47000122070312,1716
2026-08-03 19:45:00+00:00,80.12999725341797,80.36000061035156,80.12000274658203,80.2699966430664,1957
2026-08-03 20:00:00+00:00,80.19000244140625,80.23999786376953,80.05000305175781,80.1500015258789,828
2026-08-03 20:15:00+00:00,80.0999984741211,80.22000122070312,80.04000091552734,80.19000244140625,570
2026-08-03 20:30:00+00:00,79.95999908447266,80.08999633789062,79.8499984741211,80.08999633789062,733
2026-08-03 20:45:00+00:00,80.05999755859375,80.08000183105469,79.86000061035156,79.97000122070312,753
2026-08-03 22:00:00+00:00,79.94999694824219,80.0999984741211,79.94999694824219,80.0999984741211,248
2026-08-03 22:15:00+00:00,80.0,80.01000213623047,79.97000122070312,79.98999786376953,101
2026-08-03 22:30:00+00:00,79.9800033569336,80.06999969482422,79.94999694824219,80.0,386
2026-08-03 22:45:00+00:00,80.08000183105469,80.16000366210938,79.62000274658203,79.94999694824219,1041
2026-08-03 23:00:00+00:00,80.19000244140625,80.30999755859375,80.05000305175781,80.0999984741211,358
2026-08-03 23:15:00+00:00,79.8499984741211,80.19000244140625,79.83000183105469,80.19000244140625,276
2026-08-03 23:30:00+00:00,80.04000091552734,80.0999984741211,79.81999969482422,79.86000061035156,332
2026-08-03 23:45:00+00:00,80.23999786376953,80.3499984741211,80.05999755859375,80.05999755859375,514
2026-08-04 00:00:00+00:00,80.62000274658203,80.72000122070312,80.2300033569336,80.23999786376953,1059
2026-08-04 00:15:00+00:00,80.6500015258789,80.83999633789062,80.5,80.61000061035156,783
2026-08-04 00:30:00+00:00,80.69999694824219,80.86000061035156,80.58999633789062,80.6500015258789,539
2026-08-04 00:45:00+00:00,81.01000213623047,81.18000030517578,80.66999816894531,80.69999694824219,2137
2026-08-04 01:00:00+00:00,80.79000091552734,81.22000122070312,80.75,81.0199966430664,978
2026-08-04 01:15:00+00:00,80.86000061035156,80.87999725341797,80.6500015258789,80.7699966430664,769
2026-08-04 01:30:00+00:00,80.98999786376953,81.05000305175781,80.75,80.87999725341797,839
2026-08-04 01:45:00+00:00,80.9800033569336,81.08999633789062,80.94000244140625,80.98999786376953,652
2026-08-04 02:00:00+00:00,81.05000305175781,81.08000183105469,80.77999877929688,80.98999786376953,481
2026-08-04 02:15:00+00:00,81.05000305175781,81.08000183105469,80.87999725341797,81.05000305175781,349
2026-08-04 02:30:00+00:00,81.12000274658203,81.2699966430664,81.0,81.02999877929688,866
2026-08-04 02:45:00+00:00,81.18000030517578,81.19999694824219,81.08000183105469,81.11000061035156,218
2026-08-04 03:00:00+00:00,81.06999969482422,81.27999877929688,81.06999969482422,81.1500015258789,848
2026-08-04 03:15:00+00:00,80.97000122070312,81.1500015258789,80.94999694824219,81.06999969482422,434
2026-08-04 03:30:00+00:00,81.16000366210938,81.20999908447266,80.86000061035156,80.94999694824219,469
2026-08-04 03:45:00+00:00,81.19000244140625,81.25,81.02999877929688,81.1500015258789,339
2026-08-04 04:00:00+00:00,81.23999786376953,81.23999786376953,81.06999969482422,81.19000244140625,275
2026-08-04 04:15:00+00:00,81.06999969482422,81.2699966430664,81.06999969482422,81.2300033569336,384
2026-08-04 04:30:00+00:00,81.25,81.2699966430664,81.05999755859375,81.08000183105469,189
2026-08-04 04:45:00+00:00,81.2300033569336,81.30000305175781,81.19999694824219,81.2300033569336,268
2026-08-04 05:00:00+00:00,81.30999755859375,81.44000244140625,81.16999816894531,81.22000122070312,443
2026-08-04 05:15:00+00:00,81.30999755859375,81.36000061035156,81.23999786376953,81.29000091552734,323
2026-08-04 05:30:00+00:00,81.27999877929688,81.44999694824219,81.11000061035156,81.33999633789062,631
2026-08-04 05:45:00+00:00,80.9000015258789,81.37000274658203,80.87000274658203,81.30000305175781,888
2026-08-04 06:00:00+00:00,80.75,81.08000183105469,80.7300033569336,80.87999725341797,864
2026-08-04 06:15:00+00:00,80.81999969482422,81.04000091552734,80.73999786376953,80.75,781
2026-08-04 06:30:00+00:00,80.6500015258789,80.9800033569336,80.6500015258789,80.80999755859375,782
2026-08-04 06:45:00+00:00,80.44999694824219,80.83000183105469,80.41000366210938,80.66999816894531,1248
2026-08-04 07:00:00+00:00,80.62000274658203,80.70999908447266,80.20999908447266,80.44000244140625,2271
2026-08-04 07:15:00+00:00,80.95999908447266,81.0199966430664,80.47000122070312,80.63999938964844,1425
2026-08-04 07:30:00+00:00,80.88999938964844,81.04000091552734,80.73999786376953,80.97000122070312,1467
2026-08-04 07:45:00+00:00,80.73999786376953,80.94999694824219,80.69000244140625,80.9000015258789,1517
2026-08-04 08:00:00+00:00,80.7699966430664,80.97000122070312,80.44999694824219,80.7699966430664,1615
2026-08-04 08:15:00+00:00,80.77999877929688,80.97000122070312,80.7300033569336,80.7699966430664,2489
2026-08-04 08:30:00+00:00,81.6500015258789,81.76000213623047,80.7699966430664,80.7699966430664,4752
2026-08-04 08:45:00+00:00,82.0999984741211,82.27999877929688,81.6500015258789,81.66000366210938,4375
2026-08-04 09:00:00+00:00,82.22000122070312,82.31999969482422,82.02999877929688,82.12000274658203,2114
2026-08-04 09:15:00+00:00,82.05000305175781,82.30000305175781,82.02999877929688,82.2300033569336,2990
2026-08-04 09:30:00+00:00,82.06999969482422,82.19999694824219,81.70999908447266,82.05999755859375,3335
2026-08-04 09:45:00+00:00,81.8499984741211,82.33000183105469,81.8499984741211,82.05000305175781,3001
2026-08-04 10:00:00+00:00,81.83000183105469,81.9000015258789,81.48999786376953,81.83000183105469,3406
2026-08-04 10:15:00+00:00,81.98999786376953,82.0199966430664,81.66999816894531,81.81999969482422,2173
2026-08-04 10:30:00+00:00,81.5199966430664,81.97000122070312,81.2699966430664,81.97000122070312,2995
2026-08-04 10:45:00+00:00,80.83000183105469,81.52999877929688,80.5199966430664,81.52999877929688,9230
2026-08-04 11:00:00+00:00,80.2300033569336,80.95999908447266,80.05999755859375,80.83000183105469,5672
2026-08-04 11:15:00+00:00,79.6500015258789,80.29000091552734,79.62000274658203,80.2300033569336,4344
2026-08-04 11:30:00+00:00,78.55000305175781,79.98999786376953,78.5,79.62999725341797,7315
2026-08-04 11:45:00+00:00,76.66999816894531,78.77999877929688,76.58000183105469,78.55000305175781,25262
2026-08-04 12:00:00+00:00,77.97000122070312,78.0199966430664,76.66000366210938,76.66999816894531,13499
2026-08-04 12:15:00+00:00,77.9000015258789,78.12000274658203,77.68000030517578,77.95999908447266,5898
2026-08-04 12:30:00+00:00,77.93000030517578,78.08000183105469,77.68000030517578,77.87999725341797,4671
2026-08-04 12:45:00+00:00,77.51000213623047,78.0,77.22000122070312,77.93000030517578,5266
2026-08-04 13:00:00+00:00,77.48999786376953,77.86000061035156,77.4000015258789,77.48999786376953,6107
2026-08-04 13:15:00+00:00,76.45999908447266,77.66999816894531,76.25,77.5,18346
2026-08-04 13:30:00+00:00,76.33999633789062,76.61000061035156,75.94999694824219,76.47000122070312,12459
2026-08-04 13:45:00+00:00,75.97000122070312,76.41000366210938,75.7699966430664,76.36000061035156,7635
2026-08-04 14:00:00+00:00,75.98999786376953,76.4000015258789,75.79000091552734,75.9800033569336,8859
2026-08-04 14:15:00+00:00,76.45999908447266,76.47000122070312,75.87999725341797,75.98999786376953,5459
2026-08-04 14:30:00+00:00,76.83000183105469,76.87999725341797,76.12999725341797,76.47000122070312,10515
2026-08-04 14:45:00+00:00,76.9000015258789,77.0199966430664,76.58999633789062,76.83000183105469,4604
2026-08-04 15:00:00+00:00,76.87000274658203,77.05999755859375,76.72000122070312,76.91000366210938,5241
2026-08-04 15:15:00+00:00,76.30999755859375,76.86000061035156,76.29000091552734,76.86000061035156,5014
2026-08-04 15:30:00+00:00,75.36000061035156,76.4000015258789,75.16000366210938,76.30999755859375,17331
2026-08-04 15:45:00+00:00,75.73999786376953,75.8499984741211,75.29000091552734,75.3499984741211,7618
2026-08-04 16:00:00+00:00,76.19000244140625,76.20999908447266,75.69999694824219,75.73999786376953,6050
2026-08-04 16:15:00+00:00,76.0199966430664,76.2699966430664,75.87999725341797,76.19000244140625,5410
2026-08-04 16:30:00+00:00,76.0999984741211,76.29000091552734,76.0199966430664,76.02999877929688,2784
2026-08-04 16:45:00+00:00,76.19999694824219,76.31999969482422,76.01000213623047,76.08999633789062,3359
2026-08-04 17:00:00+00:00,75.5999984741211,76.2699966430664,75.58000183105469,76.19999694824219,4385
2026-08-04 17:15:00+00:00,75.94000244140625,76.0,75.5999984741211,75.5999984741211,4507
2026-08-04 17:30:00+00:00,75.62000274658203,76.0,75.56999969482422,75.94000244140625,2863
2026-08-04 17:45:00+00:00,75.88999938964844,75.91000366210938,75.61000061035156,75.62999725341797,3753
2026-08-04 18:00:00+00:00,75.70999908447266,75.9800033569336,75.68000030517578,75.88999938964844,7783
2026-08-04 18:15:00+00:00,75.7300033569336,75.86000061035156,75.54000091552734,75.72000122070312,17771
2026-08-04 18:30:00+00:00,75.81999969482422,75.91999816894531,75.62999725341797,75.7300033569336,2949
2026-08-04 18:45:00+00:00,75.80000305175781,75.86000061035156,75.73999786376953,75.81999969482422,1234
2026-08-04 19:00:00+00:00,75.80999755859375,75.88999938964844,75.68000030517578,75.79000091552734,2123
2026-08-04 19:15:00+00:00,75.73999786376953,75.9000015258789,75.73999786376953,75.81999969482422,1672
2026-08-04 19:30:00+00:00,75.80000305175781,75.80000305175781,75.66000366210938,75.7300033569336,1270
2026-08-04 19:45:00+00:00,75.79000091552734,76.01000213623047,75.73999786376953,75.80999755859375,1790
2026-08-04 20:00:00+00:00,75.37000274658203,75.83999633789062,75.23999786376953,75.79000091552734,2264
2026-08-04 20:15:00+00:00,75.41000366210938,75.41000366210938,75.19000244140625,75.37999725341797,1355
2026-08-04 20:30:00+00:00,75.2300033569336,75.63999938964844,75.22000122070312,75.38999938964844,2037
2026-08-04 20:45:00+00:00,75.13999938964844,75.41999816894531,75.11000061035156,75.25,1902
2026-08-04 22:00:00+00:00,75.31999969482422,75.4000015258789,75.13999938964844,75.16999816894531,93
2026-08-04 22:15:00+00:00,75.31999969482422,75.44000244140625,75.2699966430664,75.31999969482422,230
2026-08-04 22:30:00+00:00,75.19999694824219,75.31999969482422,75.16000366210938,75.31999969482422,518
2026-08-04 22:45:00+00:00,75.3499984741211,75.4000015258789,75.19999694824219,75.22000122070312,333
2026-08-04 23:00:00+00:00,75.26000213623047,75.38999938964844,75.26000213623047,75.33999633789062,234
2026-08-04 23:15:00+00:00,75.12999725341797,75.25,75.06999969482422,75.25,504
2026-08-04 23:30:00+00:00,75.19999694824219,75.26000213623047,75.08999633789062,75.13999938964844,267
2026-08-04 23:45:00+00:00,75.2300033569336,75.30000305175781,75.18000030517578,75.20999908447266,264
2026-08-05 00:00:00+00:00,75.16000366210938,75.33000183105469,74.30000305175781,75.22000122070312,2985
2026-08-05 00:15:00+00:00,75.37999725341797,75.41999816894531,75.13999938964844,75.18000030517578,729
2026-08-05 00:30:00+00:00,75.41000366210938,75.44999694824219,75.29000091552734,75.38999938964844,544
2026-08-05 00:45:00+00:00,75.38999938964844,75.5,75.31999969482422,75.41000366210938,835
2026-08-05 01:00:00+00:00,75.81999969482422,75.9800033569336,75.37999725341797,75.37999725341797,2060
2026-08-05 01:15:00+00:00,76.0,76.02999877929688,75.80999755859375,75.81999969482422,647
2026-08-05 01:30:00+00:00,75.93000030517578,76.05999755859375,75.87999725341797,75.98999786376953,510
2026-08-05 01:45:00+00:00,75.9800033569336,76.05000305175781,75.83999633789062,75.93000030517578,691
2026-08-05 02:00:00+00:00,75.19000244140625,76.02999877929688,75.1500015258789,75.95999908447266,2632
2026-08-05 02:15:00+00:00,74.87999725341797,75.33999633789062,74.73999786376953,75.16000366210938,1585
2026-08-05 02:30:00+00:00,74.30000305175781,74.91999816894531,74.23999786376953,74.87000274658203,2726
2026-08-05 02:45:00+00:00,74.73999786376953,74.7699966430664,74.29000091552734,74.29000091552734,1765
2026-08-05 03:00:00+00:00,74.58000183105469,74.7699966430664,74.5199966430664,74.7300033569336,825
2026-08-05 03:15:00+00:00,74.72000122070312,74.72000122070312,74.44999694824219,74.58000183105469,635
2026-08-05 03:30:00+00:00,74.62999725341797,74.8499984741211,74.44999694824219,74.69999694824219,1200
2026-08-05 03:45:00+00:00,74.58000183105469,74.75,74.58000183105469,74.62999725341797,388
2026-08-05 04:00:00+00:00,74.87000274658203,74.87999725341797,74.5,74.56999969482422,843
2026-08-05 04:15:00+00:00,74.97000122070312,75.08999633789062,74.8499984741211,74.8499984741211,894
2026-08-05 04:30:00+00:00,75.16999816894531,75.23999786376953,74.91000366210938,74.97000122070312,801
2026-08-05 04:45:00+00:00,75.1500015258789,75.29000091552734,75.12999725341797,75.16999816894531,368
2026-08-05 05:00:00+00:00,75.23999786376953,75.33000183105469,75.0999984741211,75.16999816894531,465
2026-08-05 05:15:00+00:00,75.22000122070312,75.29000091552734,75.06999969482422,75.22000122070312,632
2026-08-05 05:30:00+00:00,75.0,75.2300033569336,74.75,75.22000122070312,1048
2026-08-05 05:45:00+00:00,75.04000091552734,75.13999938964844,74.81999969482422,75.02999877929688,761
2026-08-05 06:00:00+00:00,75.2300033569336,75.41999816894531,74.97000122070312,75.05999755859375,1197
2026-08-05 06:15:00+00:00,75.18000030517578,75.30000305175781,74.94000244140625,75.23999786376953,1083
2026-08-05 06:30:00+00:00,75.19000244140625,75.4800033569336,75.13999938964844,75.16999816894531,898
2026-08-05 06:45:00+00:00,75.0199966430664,75.3499984741211,75.0,75.19000244140625,1336
2026-08-05 07:00:00+00:00,75.7699966430664,75.87999725341797,74.87999725341797,75.02999877929688,3360
2026-08-05 07:15:00+00:00,76.11000061035156,76.13999938964844,75.5999984741211,75.76000213623047,2703
2026-08-05 07:30:00+00:00,76.02999877929688,76.27999877929688,75.91999816894531,76.0999984741211,2917
2026-08-05 07:45:00+00:00,76.01000213623047,76.20999908447266,75.86000061035156,76.01000213623047,1903
2026-08-05 08:00:00+00:00,76.26000213623047,76.31999969482422,75.9000015258789,76.01000213623047,3037
2026-08-05 08:15:00+00:00,76.0199966430664,76.30000305175781,75.87999725341797,76.26000213623047,3219
2026-08-05 08:30:00+00:00,76.16000366210938,76.3499984741211,75.8499984741211,76.0199966430664,3142
2026-08-05 08:45:00+00:00,76.23999786376953,76.38999938964844,76.06999969482422,76.16000366210938,1608
2026-08-05 09:00:00+00:00,75.88999938964844,76.29000091552734,75.87999725341797,76.20999908447266,1896
2026-08-05 09:15:00+00:00,76.27999877929688,76.4000015258789,75.83999633789062,75.9000015258789,1912
2026-08-05 09:30:00+00:00,76.2300033569336,76.37999725341797,76.12000274658203,76.26000213623047,1150
2026-08-05 09:45:00+00:00,76.51000213623047,76.55000305175781,76.18000030517578,76.2300033569336,1464
2026-08-05 10:00:00+00:00,76.47000122070312,76.6500015258789,76.44999694824219,76.5199966430664,1236
2026-08-05 10:15:00+00:00,76.63999938964844,76.69999694824219,76.33000183105469,76.45999908447266,1602
2026-08-05 10:30:00+00:00,76.43000030517578,76.68000030517578,76.2699966430664,76.63999938964844,1670
2026-08-05 10:45:00+00:00,76.2300033569336,76.55000305175781,76.13999938964844,76.41999816894531,1556
2026-08-05 11:00:00+00:00,76.04000091552734,76.38999938964844,76.0,76.23999786376953,1521
2026-08-05 11:15:00+00:00,76.19999694824219,76.30000305175781,75.9800033569336,76.05000305175781,1173
2026-08-05 11:30:00+00:00,75.94999694824219,76.2300033569336,75.80999755859375,76.19999694824219,2461
2026-08-05 11:45:00+00:00,76.05999755859375,76.20999908447266,75.9000015258789,75.94000244140625,2509
2026-08-05 12:00:00+00:00,75.91000366210938,76.2699966430664,75.87999725341797,76.05000305175781,2689
2026-08-05 12:15:00+00:00,76.37000274658203,76.37999725341797,75.80000305175781,75.91000366210938,3902
2026-08-05 12:30:00+00:00,76.25,76.5999984741211,76.20999908447266,76.36000061035156,3130
2026-08-05 12:45:00+00:00,76.5199966430664,76.55000305175781,76.05999755859375,76.23999786376953,2924
2026-08-05 13:00:00+00:00,75.80999755859375,76.54000091552734,75.69000244140625,76.52999877929688,6164
2026-08-05 13:15:00+00:00,75.8499984741211,76.0199966430664,75.66999816894531,75.83000183105469,4352
2026-08-05 13:30:00+00:00,75.44000244140625,75.87999725341797,74.93000030517578,75.83999633789062,10475
2026-08-05 13:45:00+00:00,75.5,75.6500015258789,75.25,75.45999908447266,7978
2026-08-05 14:00:00+00:00,74.98999786376953,75.58000183105469,74.6500015258789,75.51000213623047,13424
2026-08-05 14:15:00+00:00,74.95999908447266,75.18000030517578,74.80999755859375,74.98999786376953,5415
2026-08-05 14:30:00+00:00,75.0199966430664,75.1500015258789,74.79000091552734,74.9800033569336,6181
2026-08-05 14:45:00+00:00,75.13999938964844,75.36000061035156,74.9800033569336,75.0199966430664,4872
2026-08-05 15:00:00+00:00,75.54000091552734,75.56999969482422,74.52999877929688,75.1500015258789,8351
2026-08-05 15:15:00+00:00,75.16000366210938,75.81999969482422,75.01000213623047,75.54000091552734,7641
2026-08-05 15:30:00+00:00,75.23999786376953,75.37000274658203,75.05999755859375,75.16000366210938,4029
2026-08-05 15:45:00+00:00,75.58999633789062,75.62999725341797,75.23999786376953,75.23999786376953,4538
2026-08-05 16:00:00+00:00,75.56999969482422,75.77999877929688,75.44999694824219,75.58999633789062,3185
2026-08-05 16:15:00+00:00,75.63999938964844,75.76000213623047,75.55000305175781,75.56999969482422,2309
2026-08-05 16:30:00+00:00,75.19999694824219,75.69000244140625,75.16000366210938,75.63999938964844,3979
2026-08-05 16:45:00+00:00,74.91000366210938,75.33000183105469,74.72000122070312,75.20999908447266,4988
2026-08-05 17:00:00+00:00,74.69000244140625,75.0199966430664,74.61000061035156,74.9000015258789,5898
2026-08-05 17:15:00+00:00,74.52999877929688,74.69999694824219,74.44999694824219,74.68000030517578,4787
2026-08-05 17:30:00+00:00,74.62999725341797,74.75,74.44999694824219,74.5199966430664,3354
2026-08-05 17:45:00+00:00,74.87000274658203,74.88999938964844,74.56999969482422,74.62999725341797,3451
2026-08-05 18:00:00+00:00,75.26000213623047,75.27999877929688,74.8499984741211,74.87999725341797,4546
2026-08-05 18:15:00+00:00,75.18000030517578,75.41000366210938,75.12000274658203,75.26000213623047,15716
2026-08-05 18:30:00+00:00,75.23999786376953,75.43000030517578,75.16999816894531,75.18000030517578,2777
2026-08-05 18:45:00+00:00,75.33000183105469,75.33000183105469,75.05000305175781,75.2300033569336,1387
2026-08-05 19:00:00+00:00,75.1500015258789,75.37999725341797,75.12000274658203,75.31999969482422,1064
2026-08-05 19:15:00+00:00,75.26000213623047,75.31999969482422,75.1500015258789,75.1500015258789,943
2026-08-05 19:30:00+00:00,75.12999725341797,75.2699966430664,75.12999725341797,75.26000213623047,433
2026-08-05 19:45:00+00:00,75.18000030517578,75.18000030517578,75.01000213623047,75.13999938964844,1025
2026-08-05 20:00:00+00:00,75.0,75.16000366210938,74.87000274658203,75.16000366210938,1118
2026-08-05 20:15:00+00:00,75.08000183105469,75.0999984741211,74.9800033569336,75.01000213623047,752
2026-08-05 20:30:00+00:00,75.0,75.12999725341797,74.91999816894531,75.11000061035156,545
2026-08-05 20:45:00+00:00,75.05999755859375,75.08999633789062,74.94999694824219,75.0,737
2026-08-05 21:00:00+00:00,75.08000183105469,75.08000183105469,75.08000183105469,75.08000183105469,1
2026-08-05 22:00:00+00:00,75.12999725341797,75.2699966430664,74.88999938964844,75.13999938964844,200
2026-08-05 22:15:00+00:00,75.0999984741211,75.19999694824219,75.05000305175781,75.12000274658203,234
2026-08-05 22:30:00+00:00,75.05000305175781,75.18000030517578,75.04000091552734,75.08999633789062,145
2026-08-05 22:45:00+00:00,75.05000305175781,75.0999984741211,75.0199966430664,75.04000091552734,79
2026-08-05 23:00:00+00:00,74.9800033569336,75.0999984741211,74.95999908447266,75.04000091552734,112
2026-08-05 23:15:00+00:00,75.05000305175781,75.06999969482422,74.91000366210938,74.9800033569336,173
2026-08-05 23:30:00+00:00,74.98999786376953,75.05000305175781,74.9800033569336,75.04000091552734,58
2026-08-05 23:45:00+00:00,74.87000274658203,75.02999877929688,74.83999633789062,75.01000213623047,208
2026-08-06 00:00:00+00:00,74.77999877929688,75.02999877929688,74.75,74.88999938964844,402
2026-08-06 00:15:00+00:00,75.0,75.0,74.63999938964844,74.75,605
2026-08-06 00:30:00+00:00,75.0199966430664,75.16000366210938,74.9000015258789,74.95999908447266,491
2026-08-06 00:45:00+00:00,74.94999694824219,75.0,74.73999786376953,75.0,665
2026-08-06 01:00:00+00:00,75.47000122070312,75.55000305175781,74.91000366210938,74.94999694824219,1973
2026-08-06 01:15:00+00:00,75.72000122070312,76.04000091552734,75.38999938964844,75.44000244140625,2395
2026-08-06 01:30:00+00:00,75.73999786376953,75.87999725341797,75.69999694824219,75.72000122070312,1026
2026-08-06 01:45:00+00:00,75.76000213623047,75.88999938964844,75.61000061035156,75.73999786376953,950
2026-08-06 02:00:00+00:00,75.5999984741211,75.80000305175781,75.48999786376953,75.7300033569336,659
2026-08-06 02:15:00+00:00,75.4800033569336,75.6500015258789,75.43000030517578,75.58000183105469,370
2026-08-06 02:30:00+00:00,75.54000091552734,75.69000244140625,75.48999786376953,75.51000213623047,411
2026-08-06 02:45:00+00:00,75.4800033569336,75.61000061035156,75.41999816894531,75.51000213623047,363
2026-08-06 03:00:00+00:00,75.4800033569336,75.5199966430664,75.37000274658203,75.45999908447266,292
2026-08-06 03:15:00+00:00,75.23999786376953,75.55999755859375,75.18000030517578,75.48999786376953,575
2026-08-06 03:30:00+00:00,75.01000213623047,75.25,74.91000366210938,75.23999786376953,671
2026-08-06 03:45:00+00:00,74.98999786376953,75.0999984741211,74.97000122070312,75.01000213623047,393
2026-08-06 04:00:00+00:00,74.80999755859375,74.94999694824219,74.73999786376953,74.9000015258789,716
2026-08-06 04:15:00+00:00,74.75,74.8499984741211,74.69000244140625,74.80999755859375,308
2026-08-06 04:30:00+00:00,74.80000305175781,74.80999755859375,74.61000061035156,74.75,903
2026-08-06 04:45:00+00:00,74.80999755859375,74.83999633789062,74.72000122070312,74.79000091552734,348
2026-08-06 05:00:00+00:00,74.81999969482422,74.97000122070312,74.80000305175781,74.80999755859375,452
2026-08-06 05:15:00+00:00,74.66000366210938,74.81999969482422,74.62999725341797,74.81999969482422,443
2026-08-06 05:30:00+00:00,74.88999938964844,74.94999694824219,74.56999969482422,74.6500015258789,935
2026-08-06 05:45:00+00:00,74.87000274658203,74.91999816894531,74.83999633789062,74.87999725341797,388
2026-08-06 06:00:00+00:00,75.41999816894531,75.4800033569336,74.83999633789062,74.88999938964844,1075
2026-08-06 06:15:00+00:00,75.23999786376953,75.4800033569336,75.22000122070312,75.4000015258789,913
2026-08-06 06:30:00+00:00,75.4800033569336,75.62999725341797,75.22000122070312,75.23999786376953,945
2026-08-06 06:45:00+00:00,75.2699966430664,75.63999938964844,75.25,75.4800033569336,1256
2026-08-06 07:00:00+00:00,75.26000213623047,75.44000244140625,75.01000213623047,75.2699966430664,1622
2026-08-06 07:15:00+00:00,75.16999816894531,75.31999969482422,74.9800033569336,75.2699966430664,1010
2026-08-06 07:30:00+00:00,75.41000366210938,75.4800033569336,75.16000366210938,75.16999816894531,1057
2026-08-06 07:45:00+00:00,75.41999816894531,75.52999877929688,75.27999877929688,75.41000366210938,1040
2026-08-06 08:00:00+00:00,75.66000366210938,75.66000366210938,75.33000183105469,75.41999816894531,2010
2026-08-06 08:15:00+00:00,75.16000366210938,75.80000305175781,75.08000183105469,75.66999816894531,3424
2026-08-06 08:30:00+00:00,75.08000183105469,75.33000183105469,74.91999816894531,75.13999938964844,2741
2026-08-06 08:45:00+00:00,75.16999816894531,75.22000122070312,74.9000015258789,75.08999633789062,1288
2026-08-06 09:00:00+00:00,75.37999725341797,75.5199966430664,75.11000061035156,75.16999816894531,1459
2026-08-06 09:15:00+00:00,75.19000244140625,75.45999908447266,75.12000274658203,75.36000061035156,996
2026-08-06 09:30:00+00:00,75.38999938964844,75.44000244140625,75.06999969482422,75.16999816894531,755
2026-08-06 09:45:00+00:00,75.13999938964844,75.4800033569336,75.0999984741211,75.41000366210938,675
2026-08-06 10:00:00+00:00,75.56999969482422,75.66000366210938,75.12000274658203,75.1500015258789,1310
2026-08-06 10:15:00+00:00,75.75,75.95999908447266,75.48999786376953,75.58999633789062,2137
2026-08-06 10:30:00+00:00,75.91999816894531,75.94000244140625,75.70999908447266,75.75,1163
2026-08-06 10:45:00+00:00,75.88999938964844,76.05000305175781,75.80000305175781,75.91000366210938,1810
2026-08-06 11:00:00+00:00,75.91999816894531,76.0,75.75,75.87999725341797,1346
2026-08-06 11:15:00+00:00,75.8499984741211,75.98999786376953,75.83999633789062,75.91999816894531,643
2026-08-06 11:30:00+00:00,75.77999877929688,75.91000366210938,75.76000213623047,75.83999633789062,763
2026-08-06 11:45:00+00:00,75.69000244140625,76.2300033569336,75.68000030517578,75.77999877929688,4424
2026-08-06 12:00:00+00:00,75.87000274658203,76.16999816894531,75.61000061035156,75.69000244140625,2891
2026-08-06 12:15:00+00:00,76.20999908447266,76.33000183105469,75.80999755859375,75.86000061035156,4042
2026-08-06 12:30:00+00:00,76.29000091552734,76.43000030517578,76.13999938964844,76.22000122070312,3401
2026-08-06 12:45:00+00:00,76.22000122070312,76.36000061035156,76.11000061035156,76.27999877929688,2846
2026-08-06 13:00:00+00:00,76.63999938964844,76.83999633789062,76.16000366210938,76.22000122070312,7994
2026-08-06 13:15:00+00:00,76.19999694824219,76.63999938964844,76.12999725341797,76.63999938964844,5354
2026-08-06 13:30:00+00:00,75.98999786376953,76.29000091552734,75.94999694824219,76.20999908447266,4865
2026-08-06 13:45:00+00:00,76.12000274658203,76.26000213623047,75.9000015258789,75.98999786376953,3901
2026-08-06 14:00:00+00:00,76.1500015258789,76.23999786376953,75.94000244140625,76.12999725341797,2330
2026-08-06 14:15:00+00:00,76.37999725341797,76.44999694824219,76.12999725341797,76.16000366210938,2670
2026-08-06 14:30:00+00:00,76.43000030517578,76.54000091552734,76.19000244140625,76.41000366210938,4218
2026-08-06 14:45:00+00:00,76.58000183105469,76.76000213623047,76.41000366210938,76.41000366210938,5119
2026-08-06 15:00:00+00:00,76.72000122070312,76.88999938964844,76.51000213623047,76.58999633789062,5185
2026-08-06 15:15:00+00:00,76.83999633789062,77.19000244140625,76.70999908447266,76.72000122070312,7780
2026-08-06 15:30:00+00:00,76.8499984741211,77.0999984741211,76.7699966430664,76.83999633789062,4974
2026-08-06 15:45:00+00:00,77.75,78.1500015258789,76.83000183105469,76.83999633789062,13938
2026-08-06 16:00:00+00:00,77.87000274658203,77.95999908447266,77.58000183105469,77.73999786376953,6103
2026-08-06 16:15:00+00:00,77.69000244140625,78.05999755859375,77.66999816894531,77.87000274658203,5442
2026-08-06 16:30:00+00:00,78.04000091552734,78.05999755859375,77.5999984741211,77.69999694824219,4253
2026-08-06 16:45:00+00:00,77.87999725341797,78.08999633789062,77.77999877929688,78.05000305175781,3747
2026-08-06 17:00:00+00:00,77.75,77.87999725341797,77.66000366210938,77.87999725341797,4010
2026-08-06 17:15:00+00:00,77.63999938964844,77.9000015258789,77.58000183105469,77.73999786376953,3882
2026-08-06 17:30:00+00:00,77.3499984741211,77.69000244140625,77.23999786376953,77.62000274658203,4551
2026-08-06 17:45:00+00:00,77.30999755859375,77.41000366210938,77.13999938964844,77.3499984741211,4710
2026-08-06 18:00:00+00:00,77.27999877929688,77.48999786376953,77.11000061035156,77.30999755859375,5903
2026-08-06 18:15:00+00:00,77.2699966430664,77.45999908447266,77.18000030517578,77.29000091552734,14526
2026-08-06 18:30:00+00:00,77.27999877929688,77.3499984741211,77.1500015258789,77.27999877929688,3119
2026-08-06 18:45:00+00:00,77.4000015258789,77.44000244140625,77.2300033569336,77.27999877929688,1424
2026-08-06 19:00:00+00:00,77.56999969482422,77.69000244140625,77.41000366210938,77.41000366210938,1460
2026-08-06 19:15:00+00:00,78.13999938964844,78.33000183105469,77.51000213623047,77.58999633789062,5220
2026-08-06 19:30:00+00:00,77.94999694824219,78.29000091552734,77.8499984741211,78.16000366210938,2068
2026-08-06 19:45:00+00:00,77.72000122070312,78.08000183105469,77.41000366210938,77.94999694824219,3522
2026-08-06 20:00:00+00:00,77.7699966430664,77.83999633789062,77.61000061035156,77.68000030517578,932
2026-08-06 20:15:00+00:00,78.08999633789062,78.18000030517578,77.66000366210938,77.76000213623047,1717
2026-08-06 20:30:00+00:00,78.18000030517578,78.29000091552734,77.9800033569336,78.08999633789062,1041
2026-08-06 20:45:00+00:00,78.2300033569336,78.51000213623047,78.1500015258789,78.16999816894531,2082
2026-08-06 22:00:00+00:00,78.13999938964844,78.20999908447266,77.80000305175781,78.16999816894531,247
2026-08-06 22:15:00+00:00,78.08000183105469,78.13999938964844,77.9800033569336,78.13999938964844,469
2026-08-06 22:30:00+00:00,78.11000061035156,78.1500015258789,78.06999969482422,78.06999969482422,130
2026-08-06 22:45:00+00:00,78.11000061035156,78.12000274658203,78.02999877929688,78.11000061035156,247
2026-08-06 23:00:00+00:00,78.08000183105469,78.12999725341797,78.05999755859375,78.12000274658203,136
2026-08-06 23:15:00+00:00,78.05999755859375,78.11000061035156,78.01000213623047,78.06999969482422,194
2026-08-06 23:30:00+00:00,78.08000183105469,78.11000061035156,78.05000305175781,78.05999755859375,141
2026-08-06 23:45:00+00:00,77.98999786376953,78.0999984741211,77.94999694824219,78.06999969482422,245
2026-08-07 00:00:00+00:00,78.12999725341797,78.26000213623047,77.9000015258789,77.9800033569336,1092
2026-08-07 00:15:00+00:00,78.26000213623047,78.3499984741211,78.12000274658203,78.12999725341797,770
2026-08-07 00:30:00+00:00,78.2300033569336,78.41999816894531,78.19000244140625,78.2699966430664,539
2026-08-07 00:45:00+00:00,77.94000244140625,78.2300033569336,77.87000274658203,78.2300033569336,1103
2026-08-07 01:00:00+00:00,77.83999633789062,78.0199966430664,77.7300033569336,77.94000244140625,894
2026-08-07 01:15:00+00:00,77.86000061035156,78.02999877929688,77.79000091552734,77.81999969482422,409
2026-08-07 01:30:00+00:00,77.80999755859375,77.91999816894531,77.73999786376953,77.83999633789062,308
2026-08-07 01:45:00+00:00,77.91999816894531,78.0,77.80999755859375,77.80999755859375,273
2026-08-07 02:00:00+00:00,78.02999877929688,78.12000274658203,77.91999816894531,77.91999816894531,401
2026-08-07 02:15:00+00:00,78.0999984741211,78.16999816894531,77.95999908447266,78.0199966430664,394
2026-08-07 02:30:00+00:00,78.08999633789062,78.20999908447266,78.04000091552734,78.11000061035156,375
2026-08-07 02:45:00+00:00,78.0,78.11000061035156,77.9800033569336,78.08999633789062,228
2026-08-07 03:00:00+00:00,78.0999984741211,78.11000061035156,77.9000015258789,78.01000213623047,284
2026-08-07 03:15:00+00:00,78.05999755859375,78.26000213623047,78.05000305175781,78.08000183105469,538
2026-08-07 03:30:00+00:00,78.01000213623047,78.0999984741211,77.97000122070312,78.05999755859375,365
2026-08-07 03:45:00+00:00,78.05000305175781,78.0999984741211,78.0,78.0199966430664,144
2026-08-07 04:00:00+00:00,78.30000305175781,78.33999633789062,77.98999786376953,78.05000305175781,669
2026-08-07 04:15:00+00:00,78.6500015258789,78.72000122070312,78.27999877929688,78.29000091552734,2209
2026-08-07 04:30:00+00:00,78.45999908447266,78.7699966430664,78.2699966430664,78.63999938964844,1535
2026-08-07 04:45:00+00:00,78.31999969482422,78.5199966430664,78.2300033569336,78.45999908447266,450
2026-08-07 05:00:00+00:00,78.31999969482422,78.33999633789062,78.22000122070312,78.33000183105469,261
2026-08-07 05:15:00+00:00,78.31999969482422,78.36000061035156,78.25,78.33000183105469,241
2026-08-07 05:30:00+00:00,78.25,78.38999938964844,78.16999816894531,78.3499984741211,547
2026-08-07 05:45:00+00:00,78.05999755859375,78.3499984741211,78.05999755859375,78.26000213623047,581
2026-08-07 06:00:00+00:00,77.83000183105469,78.1500015258789,77.79000091552734,78.05999755859375,1117
2026-08-07 06:15:00+00:00,77.5999984741211,77.91000366210938,77.58000183105469,77.83999633789062,1020
2026-08-07 06:30:00+00:00,78.06999969482422,78.0999984741211,77.55999755859375,77.58000183105469,1228
2026-08-07 06:45:00+00:00,77.87000274658203,78.12000274658203,77.8499984741211,78.05999755859375,630
2026-08-07 07:00:00+00:00,77.66000366210938,78.05000305175781,77.66000366210938,77.87999725341797,996
2026-08-07 07:15:00+00:00,77.55999755859375,77.8499984741211,77.5199966430664,77.66999816894531,956
2026-08-07 07:30:00+00:00,77.8499984741211,77.8499984741211,77.51000213623047,77.55999755859375,1088
2026-08-07 07:45:00+00:00,77.76000213623047,77.94999694824219,77.69999694824219,77.8499984741211,894
2026-08-07 08:00:00+00:00,77.66000366210938,77.80999755859375,77.45999908447266,77.7699966430664,1551
2026-08-07 08:15:00+00:00,77.8499984741211,77.9800033569336,77.66000366210938,77.66999816894531,2634
2026-08-07 08:30:00+00:00,77.83999633789062,77.9800033569336,77.5999984741211,77.86000061035156,1763
2026-08-07 08:45:00+00:00,77.73999786376953,78.04000091552734,77.69999694824219,77.83999633789062,1164
2026-08-07 09:00:00+00:00,77.5999984741211,77.83999633789062,77.54000091552734,77.75,1095
2026-08-07 09:15:00+00:00,77.5199966430664,77.7699966430664,77.51000213623047,77.58999633789062,841
2026-08-07 09:30:00+00:00,77.23999786376953,77.55000305175781,77.08999633789062,77.54000091552734,2457
2026-08-07 09:45:00+00:00,77.25,77.37000274658203,77.08999633789062,77.2300033569336,1711
2026-08-07 10:00:00+00:00,77.04000091552734,77.25,76.91000366210938,77.23999786376953,3241
2026-08-07 10:15:00+00:00,77.0999984741211,77.31999969482422,77.0199966430664,77.0199966430664,1722
2026-08-07 10:30:00+00:00,76.88999938964844,77.0999984741211,76.83999633789062,77.0999984741211,1901
2026-08-07 10:45:00+00:00,76.81999969482422,77.01000213623047,76.79000091552734,76.87999725341797,1362
2026-08-07 11:00:00+00:00,76.97000122070312,76.97000122070312,76.70999908447266,76.83000183105469,1794
2026-08-07 11:15:00+00:00,76.77999877929688,77.08000183105469,76.70999908447266,76.9800033569336,1880
2026-08-07 11:30:00+00:00,76.72000122070312,76.8499984741211,76.58000183105469,76.77999877929688,1670
2026-08-07 11:45:00+00:00,76.73999786376953,76.76000213623047,76.56999969482422,76.72000122070312,1531
2026-08-07 12:00:00+00:00,77.04000091552734,77.04000091552734,76.62999725341797,76.75,3869
2026-08-07 12:15:00+00:00,77.37000274658203,77.52999877929688,77.0,77.04000091552734,4394
2026-08-07 12:30:00+00:00,76.75,77.37999725341797,76.61000061035156,77.37999725341797,5595
2026-08-07 12:45:00+00:00,76.73999786376953,76.86000061035156,76.58000183105469,76.76000213623047,2882
2026-08-07 13:00:00+00:00,76.7699966430664,77.02999877929688,76.52999877929688,76.7300033569336,5804
2026-08-07 13:15:00+00:00,76.93000030517578,77.12999725341797,76.69999694824219,76.7699966430664,3299
2026-08-07 13:30:00+00:00,77.02999877929688,77.12000274658203,76.8499984741211,76.94000244140625,3241
2026-08-07 13:45:00+00:00,77.33999633789062,77.33999633789062,77.0,77.02999877929688,3369
2026-08-07 14:00:00+00:00,77.70999908447266,77.97000122070312,77.18000030517578,77.31999969482422,6315
2026-08-07 14:15:00+00:00,77.66000366210938,77.80999755859375,77.3499984741211,77.69999694824219,4504
2026-08-07 14:30:00+00:00,77.48999786376953,77.73999786376953,77.41999816894531,77.66000366210938,2650
2026-08-07 14:45:00+00:00,78.08999633789062,78.0999984741211,77.44000244140625,77.4800033569336,4282
2026-08-07 15:00:00+00:00,78.18000030517578,78.43000030517578,77.97000122070312,78.08999633789062,6799
2026-08-07 15:15:00+00:00,78.16000366210938,78.37000274658203,78.06999969482422,78.18000030517578,5821
2026-08-07 15:30:00+00:00,78.05999755859375,78.33999633789062,77.94999694824219,78.16000366210938,4128
2026-08-07 15:45:00+00:00,78.4000015258789,78.48999786376953,77.94999694824219,78.08000183105469,3616
2026-08-07 16:00:00+00:00,78.29000091552734,78.5,78.16999816894531,78.41000366210938,3487
2026-08-07 16:15:00+00:00,78.4000015258789,78.48999786376953,78.18000030517578,78.29000091552734,4388
2026-08-07 16:30:00+00:00,78.20999908447266,78.45999908447266,78.13999938964844,78.41000366210938,2884
2026-08-07 16:45:00+00:00,78.36000061035156,78.37000274658203,78.16000366210938,78.22000122070312,2723
2026-08-07 17:00:00+00:00,78.0,78.37000274658203,77.97000122070312,78.37000274658203,4253
2026-08-07 17:15:00+00:00,78.0,78.0999984741211,77.88999938964844,77.98999786376953,5557
2026-08-07 17:30:00+00:00,77.95999908447266,78.02999877929688,77.72000122070312,78.0,4983
2026-08-07 17:45:00+00:00,78.08000183105469,78.12999725341797,77.93000030517578,77.94999694824219,3778
2026-08-07 18:00:00+00:00,78.23999786376953,78.33000183105469,78.04000091552734,78.06999969482422,4879
2026-08-07 18:15:00+00:00,78.16999816894531,78.37000274658203,77.93000030517578,78.23999786376953,24714
2026-08-07 18:30:00+00:00,78.25,78.30000305175781,78.05999755859375,78.18000030517578,3341
2026-08-07 18:45:00+00:00,78.11000061035156,78.26000213623047,78.01000213623047,78.23999786376953,1424
2026-08-07 19:00:00+00:00,77.38999938964844,78.11000061035156,77.33999633789062,78.11000061035156,4464
2026-08-07 19:15:00+00:00,76.9000015258789,77.48999786376953,76.81999969482422,77.41000366210938,3949
2026-08-07 19:30:00+00:00,76.93000030517578,77.06999969482422,76.83000183105469,76.87999725341797,2748
2026-08-07 19:45:00+00:00,77.02999877929688,77.05000305175781,76.83999633789062,76.91999816894531,1913
2026-08-07 20:00:00+00:00,77.05999755859375,77.06999969482422,76.83999633789062,77.01000213623047,1362
2026-08-07 20:15:00+00:00,77.04000091552734,77.13999938964844,76.94999694824219,77.05000305175781,589
2026-08-07 20:30:00+00:00,77.19000244140625,77.19000244140625,77.01000213623047,77.04000091552734,335
2026-08-07 20:45:00+00:00,78.18000030517578,78.18000030517578,77.04000091552734,77.16999816894531,1176
2026-08-09 22:00:00+00:00,79.01000213623047,79.2699966430664,79.0,79.2300033569336,524
2026-08-09 22:15:00+00:00,78.87000274658203,79.12000274658203,78.7699966430664,79.01000213623047,1256
2026-08-09 22:30:00+00:00,78.83000183105469,78.91000366210938,78.55999755859375,78.87000274658203,1130
2026-08-09 22:45:00+00:00,78.8499984741211,78.9000015258789,78.76000213623047,78.83000183105469,540
2026-08-09 23:00:00+00:00,78.66000366210938,78.86000061035156,78.5999984741211,78.8499984741211,537
2026-08-09 23:15:00+00:00,78.73999786376953,78.77999877929688,78.6500015258789,78.6500015258789,246
2026-08-09 23:30:00+00:00,78.83999633789062,78.93000030517578,78.70999908447266,78.75,333
2026-08-09 23:45:00+00:00,78.7699966430664,78.88999938964844,78.7300033569336,78.80999755859375,249
2026-08-10 00:00:00+00:00,78.81999969482422,78.8499984741211,78.5,78.76000213623047,904
2026-08-10 00:15:00+00:00,78.87000274658203,78.91000366210938,78.77999877929688,78.83999633789062,318
2026-08-10 00:30:00+00:00,78.80999755859375,78.95999908447266,78.72000122070312,78.9000015258789,565
2026-08-10 00:45:00+00:00,78.66000366210938,78.94999694824219,78.62000274658203,78.81999969482422,729
2026-08-10 01:00:00+00:00,78.9800033569336,79.05000305175781,78.18000030517578,78.6500015258789,2098
2026-08-10 01:15:00+00:00,78.95999908447266,79.02999877929688,78.79000091552734,78.98999786376953,511
2026-08-10 01:30:00+00:00,79.0199966430664,79.16000366210938,78.94999694824219,78.95999908447266,700
2026-08-10 01:45:00+00:00,78.87999725341797,79.08999633789062,78.80000305175781,79.02999877929688,437
2026-08-10 02:00:00+00:00,78.9000015258789,79.01000213623047,78.8499984741211,78.87999725341797,276
2026-08-10 02:15:00+00:00,78.69999694824219,78.9000015258789,78.66000366210938,78.87000274658203,313
2026-08-10 02:30:00+00:00,78.66999816894531,78.77999877929688,78.58999633789062,78.68000030517578,311
2026-08-10 02:45:00+00:00,78.81999969482422,78.91000366210938,78.66000366210938,78.66999816894531,327
2026-08-10 03:00:00+00:00,78.69000244140625,78.86000061035156,78.55999755859375,78.8499984741211,279
2026-08-10 03:15:00+00:00,78.6500015258789,78.68000030517578,78.55000305175781,78.68000030517578,198
2026-08-10 03:30:00+00:00,78.76000213623047,78.8499984741211,78.6500015258789,78.6500015258789,369
2026-08-10 03:45:00+00:00,78.80999755859375,78.83999633789062,78.75,78.75,178
2026-08-10 04:00:00+00:00,78.8499984741211,78.87000274658203,78.73999786376953,78.79000091552734,137
2026-08-10 04:15:00+00:00,78.77999877929688,78.83999633789062,78.69000244140625,78.83000183105469,192
2026-08-10 04:30:00+00:00,78.5999984741211,78.7699966430664,78.56999969482422,78.7699966430664,418
2026-08-10 04:45:00+00:00,78.44999694824219,78.5999984741211,78.33000183105469,78.58999633789062,703
2026-08-10 05:00:00+00:00,78.5199966430664,78.61000061035156,78.41999816894531,78.45999908447266,905
2026-08-10 05:15:00+00:00,78.44000244140625,78.55000305175781,78.37999725341797,78.52999877929688,297
2026-08-10 05:30:00+00:00,78.37999725341797,78.5,78.3499984741211,78.45999908447266,453
2026-08-10 05:45:00+00:00,77.83000183105469,78.4000015258789,77.80000305175781,78.36000061035156,1472
2026-08-10 06:00:00+00:00,78.22000122070312,78.31999969482422,77.79000091552734,77.83000183105469,1281
2026-08-10 06:15:00+00:00,78.05000305175781,78.25,77.94999694824219,78.20999908447266,597
2026-08-10 06:30:00+00:00,78.05000305175781,78.06999969482422,77.83999633789062,78.04000091552734,747
2026-08-10 06:45:00+00:00,77.93000030517578,78.20999908447266,77.88999938964844,78.04000091552734,910
2026-08-10 07:00:00+00:00,78.47000122070312,78.6500015258789,77.88999938964844,77.93000030517578,1673
2026-08-10 07:15:00+00:00,78.05000305175781,78.58999633789062,78.01000213623047,78.45999908447266,1624
2026-08-10 07:30:00+00:00,78.08999633789062,78.3499984741211,78.01000213623047,78.05000305175781,1460
2026-08-10 07:45:00+00:00,78.19999694824219,78.36000061035156,77.81999969482422,78.08999633789062,1941
2026-08-10 08:00:00+00:00,78.30000305175781,78.37000274658203,78.18000030517578,78.19999694824219,678
2026-08-10 08:15:00+00:00,78.52999877929688,78.62999725341797,78.19999694824219,78.30999755859375,2289
2026-08-10 08:30:00+00:00,79.02999877929688,79.11000061035156,78.38999938964844,78.52999877929688,2878
2026-08-10 08:45:00+00:00,79.12999725341797,79.36000061035156,78.94999694824219,79.02999877929688,2400
2026-08-10 09:00:00+00:00,78.95999908447266,79.13999938964844,78.93000030517578,79.12999725341797,1320
2026-08-10 09:15:00+00:00,78.76000213623047,79.08999633789062,78.66000366210938,78.97000122070312,1572
2026-08-10 09:30:00+00:00,79.0199966430664,79.08000183105469,78.69999694824219,78.76000213623047,1196
2026-08-10 09:45:00+00:00,79.0199966430664,79.12999725341797,78.91999816894531,79.02999877929688,649
2026-08-10 10:00:00+00:00,78.8499984741211,79.05000305175781,78.73999786376953,79.0199966430664,948
2026-08-10 10:15:00+00:00,78.80999755859375,78.94000244140625,78.44000244140625,78.83000183105469,1459
2026-08-10 10:30:00+00:00,79.36000061035156,79.48999786376953,78.76000213623047,78.81999969482422,2794
2026-08-10 10:45:00+00:00,79.47000122070312,79.58999633789062,79.16000366210938,79.36000061035156,1816
2026-08-10 11:00:00+00:00,79.30000305175781,79.5999984741211,79.2699966430664,79.4800033569336,1596
2026-08-10 11:15:00+00:00,79.08000183105469,79.3499984741211,78.97000122070312,79.30000305175781,1734
2026-08-10 11:30:00+00:00,79.48999786376953,79.52999877929688,79.01000213623047,79.08000183105469,2586
2026-08-10 11:45:00+00:00,79.56999969482422,79.63999938964844,79.4000015258789,79.48999786376953,2884
2026-08-10 12:00:00+00:00,79.55999755859375,79.63999938964844,79.38999938964844,79.58000183105469,2714
2026-08-10 12:15:00+00:00,79.30000305175781,79.58999633789062,79.2699966430664,79.55000305175781,1659
2026-08-10 12:30:00+00:00,79.75,79.79000091552734,79.30000305175781,79.30999755859375,2321
2026-08-10 12:45:00+00:00,79.7300033569336,79.9800033569336,79.55000305175781,79.73999786376953,4296
2026-08-10 13:00:00+00:00,79.4800033569336,79.7300033569336,79.2300033569336,79.7300033569336,5383
2026-08-10 13:15:00+00:00,79.66999816894531,79.68000030517578,79.16999816894531,79.4800033569336,4579
2026-08-10 13:30:00+00:00,80.08000183105469,80.19000244140625,79.62000274658203,79.66000366210938,6521
2026-08-10 13:45:00+00:00,80.86000061035156,80.9800033569336,80.08000183105469,80.08000183105469,11031
2026-08-10 14:00:00+00:00,80.75,80.9000015258789,80.61000061035156,80.86000061035156,5196
2026-08-10 14:15:00+00:00,80.31999969482422,80.76000213623047,80.30000305175781,80.75,4627
2026-08-10 14:30:00+00:00,80.62999725341797,80.66000366210938,80.27999877929688,80.33000183105469,4180
2026-08-10 14:45:00+00:00,80.80000305175781,80.91000366210938,80.52999877929688,80.62999725341797,3862
2026-08-10 15:00:00+00:00,80.87999725341797,81.05000305175781,80.66000366210938,80.77999877929688,5999
2026-08-10 15:15:00+00:00,81.18000030517578,81.30000305175781,80.80000305175781,80.9000015258789,6416
2026-08-10 15:30:00+00:00,81.30000305175781,81.4000015258789,81.04000091552734,81.19000244140625,4970
2026-08-10 15:45:00+00:00,81.02999877929688,81.37999725341797,81.02999877929688,81.30999755859375,4241
2026-08-10 16:00:00+00:00,81.05000305175781,81.11000061035156,80.81999969482422,81.04000091552734,4943
2026-08-10 16:15:00+00:00,81.13999938964844,81.2300033569336,80.94999694824219,81.04000091552734,2531
2026-08-10 16:30:00+00:00,81.47000122070312,81.62000274658203,81.05999755859375,81.1500015258789,6355
2026-08-10 16:45:00+00:00,81.41000366210938,81.55999755859375,81.31999969482422,81.4800033569336,4636
2026-08-10 17:00:00+00:00,81.52999877929688,81.66000366210938,81.43000030517578,81.43000030517578,5521
2026-08-10 17:15:00+00:00,81.61000061035156,81.62999725341797,81.43000030517578,81.51000213623047,4388
2026-08-10 17:30:00+00:00,81.81999969482422,81.83999633789062,81.5199966430664,81.61000061035156,5049
2026-08-10 17:45:00+00:00,81.94999694824219,81.95999908447266,81.7300033569336,81.81999969482422,6568
2026-08-10 18:00:00+00:00,81.81999969482422,81.97000122070312,81.76000213623047,81.94999694824219,5504
2026-08-10 18:15:00+00:00,82.16999816894531,82.31999969482422,81.80000305175781,81.80000305175781,30273
2026-08-10 18:30:00+00:00,82.13999938964844,82.30000305175781,82.0999984741211,82.16999816894531,6392
2026-08-10 18:45:00+00:00,81.9000015258789,82.13999938964844,81.87000274658203,82.12999725341797,2455
2026-08-10 19:00:00+00:00,81.76000213623047,81.93000030517578,81.66000366210938,81.9000015258789,2466
2026-08-10 19:15:00+00:00,81.9800033569336,81.98999786376953,81.76000213623047,81.7699966430664,1327
2026-08-10 19:30:00+00:00,82.01000213623047,82.0999984741211,81.94999694824219,81.97000122070312,2128
2026-08-10 19:45:00+00:00,82.13999938964844,82.1500015258789,82.0,82.04000091552734,775
2026-08-10 20:00:00+00:00,82.19999694824219,82.23999786376953,82.08999633789062,82.13999938964844,912
2026-08-10 20:15:00+00:00,82.29000091552734,82.33999633789062,82.12000274658203,82.19999694824219,1639
2026-08-10 20:30:00+00:00,82.36000061035156,82.37999725341797,82.23999786376953,82.2699966430664,992
2026-08-10 20:45:00+00:00,82.30000305175781,82.37999725341797,82.23999786376953,82.37000274658203,753
2026-08-10 22:00:00+00:00,82.19999694824219,82.3499984741211,82.06999969482422,82.3499984741211,421
2026-08-10 22:15:00+00:00,82.13999938964844,82.19999694824219,82.05999755859375,82.19000244140625,378
2026-08-10 22:30:00+00:00,82.13999938964844,82.19000244140625,82.06999969482422,82.16000366210938,182
2026-08-10 22:45:00+00:00,82.12999725341797,82.13999938964844,82.08999633789062,82.13999938964844,39
2026-08-10 23:00:00+00:00,82.02999877929688,82.12999725341797,82.0199966430664,82.12999725341797,181
2026-08-10 23:15:00+00:00,82.08000183105469,82.08999633789062,81.9800033569336,82.0199966430664,175
2026-08-10 23:30:00+00:00,82.11000061035156,82.16000366210938,82.06999969482422,82.06999969482422,149
2026-08-10 23:45:00+00:00,82.12000274658203,82.18000030517578,82.08000183105469,82.08999633789062,129
2026-08-11 00:00:00+00:00,82.16999816894531,82.30999755859375,82.0199966430664,82.11000061035156,732
2026-08-11 00:15:00+00:00,82.19000244140625,82.29000091552734,82.08000183105469,82.18000030517578,701
2026-08-11 00:30:00+00:00,82.1500015258789,82.23999786376953,82.13999938964844,82.19999694824219,238
2026-08-11 00:45:00+00:00,82.20999908447266,82.44999694824219,82.16999816894531,82.18000030517578,1356
2026-08-11 01:00:00+00:00,82.26000213623047,82.37999725341797,82.0,82.22000122070312,1251
2026-08-11 01:15:00+00:00,82.18000030517578,82.31999969482422,82.0999984741211,82.25,723
2026-08-11 01:30:00+00:00,82.4000015258789,82.5199966430664,82.16999816894531,82.16999816894531,1141
2026-08-11 01:45:00+00:00,82.41000366210938,82.51000213623047,82.3499984741211,82.41000366210938,420
2026-08-11 02:00:00+00:00,82.37999725341797,82.41000366210938,82.27999877929688,82.41000366210938,332
2026-08-11 02:15:00+00:00,82.29000091552734,82.44000244140625,82.23999786376953,82.37000274658203,279
2026-08-11 02:30:00+00:00,82.19999694824219,82.30000305175781,82.16000366210938,82.30000305175781,404
2026-08-11 02:45:00+00:00,82.33999633789062,82.44000244140625,82.16999816894531,82.18000030517578,554
2026-08-11 03:00:00+00:00,82.26000213623047,82.41000366210938,82.23999786376953,82.3499984741211,221
2026-08-11 03:15:00+00:00,82.23999786376953,82.4000015258789,82.23999786376953,82.26000213623047,298
2026-08-11 03:30:00+00:00,82.12999725341797,82.23999786376953,82.0999984741211,82.23999786376953,359
2026-08-11 03:45:00+00:00,82.12000274658203,82.19000244140625,82.0999984741211,82.12999725341797,119
2026-08-11 04:00:00+00:00,82.02999877929688,82.0999984741211,82.0,82.0999984741211,399
2026-08-11 04:15:00+00:00,82.01000213623047,82.08000183105469,81.91000366210938,82.02999877929688,459
2026-08-11 04:30:00+00:00,82.25,82.2699966430664,81.97000122070312,82.01000213623047,527
2026-08-11 04:45:00+00:00,82.23999786376953,82.31999969482422,82.16999816894531,82.25,293
2026-08-11 05:00:00+00:00,82.37999725341797,82.4000015258789,82.22000122070312,82.25,365
2026-08-11 05:15:00+00:00,82.4000015258789,82.55000305175781,82.3499984741211,82.37000274658203,693
2026-08-11 05:30:00+00:00,82.23999786376953,82.55000305175781,82.16000366210938,82.4000015258789,1193
2026-08-11 05:45:00+00:00,82.47000122070312,82.5,82.26000213623047,82.26000213623047,508
2026-08-11 06:00:00+00:00,82.5199966430664,82.55999755859375,82.30999755859375,82.45999908447266,802
2026-08-11 06:15:00+00:00,82.80999755859375,82.80999755859375,82.48999786376953,82.5199966430664,1947
2026-08-11 06:30:00+00:00,83.61000061035156,83.66999816894531,82.73999786376953,82.81999969482422,5927
2026-08-11 06:45:00+00:00,83.45999908447266,83.7300033569336,83.44999694824219,83.5999984741211,2485
2026-08-11 07:00:00+00:00,83.5999984741211,83.6500015258789,83.2300033569336,83.47000122070312,4100
2026-08-11 07:15:00+00:00,83.72000122070312,83.9800033569336,83.52999877929688,83.58999633789062,3501
2026-08-11 07:30:00+00:00,83.66999816894531,83.97000122070312,83.63999938964844,83.72000122070312,1603
2026-08-11 07:45:00+00:00,83.95999908447266,84.05000305175781,83.66999816894531,83.66999816894531,2060
2026-08-11 08:00:00+00:00,84.22000122070312,84.27999877929688,83.7300033569336,83.97000122070312,3376
2026-08-11 08:15:00+00:00,84.36000061035156,84.45999908447266,84.16999816894531,84.22000122070312,3943
2026-08-11 08:30:00+00:00,84.20999908447266,84.45999908447266,84.19000244140625,84.36000061035156,2251
2026-08-11 08:45:00+00:00,84.52999877929688,84.54000091552734,84.19999694824219,84.22000122070312,2419
2026-08-11 09:00:00+00:00,84.55000305175781,84.61000061035156,84.31999969482422,84.54000091552734,2719
2026-08-11 09:15:00+00:00,84.22000122070312,84.58000183105469,84.19999694824219,84.55999755859375,1804
2026-08-11 09:30:00+00:00,84.44999694824219,84.44999694824219,83.97000122070312,84.22000122070312,3024
2026-08-11 09:45:00+00:00,84.2300033569336,84.44999694824219,84.08999633789062,84.44999694824219,2250
2026-08-11 10:00:00+00:00,84.04000091552734,84.3499984741211,83.97000122070312,84.19999694824219,1601
2026-08-11 10:15:00+00:00,83.62000274658203,84.1500015258789,83.37000274658203,84.04000091552734,4330
2026-08-11 10:30:00+00:00,83.68000030517578,83.83999633789062,83.55000305175781,83.62000274658203,2476
2026-08-11 10:45:00+00:00,83.48999786376953,83.68000030517578,83.26000213623047,83.66999816894531,3085
2026-08-11 11:00:00+00:00,81.77999877929688,83.5,81.66000366210938,83.4800033569336,14005
2026-08-11 11:15:00+00:00,82.30999755859375,82.36000061035156,81.75,81.79000091552734,3862
2026-08-11 11:30:00+00:00,82.04000091552734,82.4800033569336,81.86000061035156,82.30999755859375,3617
2026-08-11 11:45:00+00:00,82.16000366210938,82.30999755859375,82.01000213623047,82.04000091552734,2973
2026-08-11 12:00:00+00:00,82.16000366210938,82.41999816894531,81.83000183105469,82.1500015258789,4133
2026-08-11 12:15:00+00:00,82.4800033569336,82.76000213623047,82.12000274658203,82.13999938964844,5709
2026-08-11 12:30:00+00:00,82.44999694824219,82.52999877929688,82.27999877929688,82.4800033569336,2306
2026-08-11 12:45:00+00:00,82.55999755859375,82.62999725341797,82.3499984741211,82.45999908447266,2867
2026-08-11 13:00:00+00:00,81.86000061035156,82.56999969482422,81.72000122070312,82.55000305175781,7710
2026-08-11 13:15:00+00:00,81.55000305175781,81.9800033569336,81.44000244140625,81.86000061035156,7042
2026-08-11 13:30:00+00:00,81.54000091552734,81.94999694824219,81.5,81.54000091552734,5064
2026-08-11 13:45:00+00:00,81.62000274658203,81.62000274658203,81.2699966430664,81.52999877929688,5662
2026-08-11 14:00:00+00:00,82.02999877929688,82.13999938964844,81.62000274658203,81.63999938964844,5969
2026-08-11 14:15:00+00:00,82.22000122070312,82.27999877929688,81.9800033569336,82.04000091552734,4227
2026-08-11 14:30:00+00:00,82.33999633789062,82.44000244140625,82.0999984741211,82.2300033569336,3044
2026-08-11 14:45:00+00:00,82.56999969482422,82.69999694824219,82.2300033569336,82.33000183105469,4799
2026-08-11 15:00:00+00:00,82.44000244140625,82.7300033569336,82.2699966430664,82.55999755859375,4319
2026-08-11 15:15:00+00:00,82.58999633789062,82.69000244140625,82.4000015258789,82.44000244140625,4974
2026-08-11 15:30:00+00:00,83.19999694824219,83.33000183105469,82.5999984741211,82.5999984741211,11897
2026-08-11 15:45:00+00:00,83.26000213623047,83.3499984741211,83.0999984741211,83.22000122070312,4757
2026-08-11 16:00:00+00:00,83.12000274658203,83.27999877929688,82.91000366210938,83.26000213623047,4838
2026-08-11 16:15:00+00:00,82.79000091552734,83.12999725341797,82.79000091552734,83.12000274658203,3845
2026-08-11 16:30:00+00:00,82.98999786376953,83.08000183105469,82.80000305175781,82.80000305175781,3882
2026-08-11 16:45:00+00:00,83.13999938964844,83.20999908447266,82.93000030517578,82.98999786376953,3833
2026-08-11 17:00:00+00:00,83.1500015258789,83.25,82.97000122070312,83.13999938964844,3128
2026-08-11 17:15:00+00:00,83.26000213623047,83.3499984741211,82.98999786376953,83.1500015258789,4294
2026-08-11 17:30:00+00:00,83.1500015258789,83.29000091552734,83.0,83.26000213623047,4756
2026-08-11 17:45:00+00:00,83.29000091552734,83.31999969482422,83.12000274658203,83.13999938964844,4427
2026-08-11 18:00:00+00:00,83.02999877929688,83.36000061035156,83.01000213623047,83.27999877929688,5513
2026-08-11 18:15:00+00:00,83.16999816894531,83.2699966430664,82.91000366210938,83.04000091552734,19316
2026-08-11 18:30:00+00:00,83.1500015258789,83.30000305175781,83.01000213623047,83.16999816894531,4496
2026-08-11 18:45:00+00:00,83.16000366210938,83.23999786376953,83.12000274658203,83.1500015258789,1135
2026-08-11 19:00:00+00:00,83.2699966430664,83.29000091552734,83.13999938964844,83.16999816894531,1687
2026-08-11 19:15:00+00:00,83.45999908447266,83.45999908447266,83.25,83.2699966430664,1436
2026-08-11 19:30:00+00:00,83.3499984741211,83.62000274658203,83.31999969482422,83.45999908447266,1694
2026-08-11 19:45:00+00:00,83.41999816894531,83.52999877929688,83.3499984741211,83.3499984741211,875
2026-08-11 20:00:00+00:00,83.48999786376953,83.52999877929688,83.30999755859375,83.43000030517578,1412
2026-08-11 20:15:00+00:00,83.37999725341797,83.48999786376953,83.33999633789062,83.4800033569336,1249
2026-08-11 20:30:00+00:00,83.45999908447266,83.48999786376953,83.36000061035156,83.38999938964844,1035
2026-08-11 20:45:00+00:00,83.2300033569336,83.5,83.19999694824219,83.47000122070312,1180
2026-08-11 22:00:00+00:00,83.5199966430664,83.56999969482422,83.3499984741211,83.48999786376953,489
2026-08-11 22:15:00+00:00,83.5,83.58999633789062,83.48999786376953,83.52999877929688,349
2026-08-11 22:30:00+00:00,83.5199966430664,83.55000305175781,83.4800033569336,83.5,42
2026-08-11 22:45:00+00:00,83.5,83.5999984741211,83.43000030517578,83.5199966430664,252
2026-08-11 23:00:00+00:00,83.5199966430664,83.55000305175781,83.4800033569336,83.48999786376953,137
2026-08-11 23:15:00+00:00,83.51000213623047,83.52999877929688,83.44999694824219,83.51000213623047,122
2026-08-11 23:30:00+00:00,83.5,83.51000213623047,83.45999908447266,83.48999786376953,87
2026-08-11 23:45:00+00:00,83.43000030517578,83.51000213623047,83.41000366210938,83.5,220
2026-08-12 00:00:00+00:00,83.61000061035156,83.73999786376953,83.37999725341797,83.44000244140625,969
2026-08-12 00:15:00+00:00,83.70999908447266,83.79000091552734,83.56999969482422,83.58999633789062,471
2026-08-12 00:30:00+00:00,83.76000213623047,83.80999755859375,83.66999816894531,83.70999908447266,777
2026-08-12 00:45:00+00:00,83.77999877929688,83.93000030517578,83.76000213623047,83.7699966430664,1082
2026-08-12 01:00:00+00:00,83.80999755859375,84.01000213623047,83.73999786376953,83.80999755859375,953
2026-08-12 01:15:00+00:00,83.91999816894531,84.02999877929688,83.81999969482422,83.83999633789062,726
2026-08-12 01:30:00+00:00,83.83999633789062,84.0,83.80000305175781,83.91000366210938,514
2026-08-12 01:45:00+00:00,83.76000213623047,83.81999969482422,83.69000244140625,83.80999755859375,688
2026-08-12 02:00:00+00:00,83.79000091552734,83.91999816894531,83.7699966430664,83.77999877929688,348
2026-08-12 02:15:00+00:00,83.81999969482422,83.8499984741211,83.79000091552734,83.80000305175781,178
2026-08-12 02:30:00+00:00,84.0,84.04000091552734,83.77999877929688,83.83000183105469,762
2026-08-12 02:45:00+00:00,84.05999755859375,84.1500015258789,83.95999908447266,84.0,1011
2026-08-12 03:00:00+00:00,84.08999633789062,84.1500015258789,84.02999877929688,84.08000183105469,339
2026-08-12 03:15:00+00:00,84.0199966430664,84.19000244140625,83.94999694824219,84.0999984741211,702
2026-08-12 03:30:00+00:00,84.16000366210938,84.18000030517578,83.91000366210938,84.0199966430664,654
2026-08-12 03:45:00+00:00,84.25,84.3499984741211,84.12999725341797,84.16999816894531,675
2026-08-12 04:00:00+00:00,84.05999755859375,84.3499984741211,84.02999877929688,84.30000305175781,1201
2026-08-12 04:15:00+00:00,84.0,84.13999938964844,83.9800033569336,84.05999755859375,411
2026-08-12 04:30:00+00:00,83.79000091552734,84.05000305175781,83.7699966430664,83.98999786376953,440
2026-08-12 04:45:00+00:00,83.69999694824219,83.8499984741211,83.66999816894531,83.79000091552734,561
2026-08-12 05:00:00+00:00,83.88999938964844,83.91999816894531,83.69999694824219,83.72000122070312,470
2026-08-12 05:15:00+00:00,83.80000305175781,83.93000030517578,83.72000122070312,83.87999725341797,359
2026-08-12 05:30:00+00:00,83.69999694824219,83.80000305175781,83.5199966430664,83.79000091552734,764
2026-08-12 05:45:00+00:00,84.02999877929688,84.0999984741211,83.63999938964844,83.69999694824219,1090
2026-08-12 06:00:00+00:00,83.91999816894531,84.05000305175781,83.86000061035156,84.04000091552734,802
2026-08-12 06:15:00+00:00,83.9000015258789,83.98999786376953,83.7300033569336,83.94000244140625,964
2026-08-12 06:30:00+00:00,83.77999877929688,83.94000244140625,83.44999694824219,83.87999725341797,1178
2026-08-12 06:45:00+00:00,83.73999786376953,83.81999969482422,83.43000030517578,83.80000305175781,1347
2026-08-12 07:00:00+00:00,83.98999786376953,84.04000091552734,83.70999908447266,83.7300033569336,1879
2026-08-12 07:15:00+00:00,83.8499984741211,84.02999877929688,83.7300033569336,83.98999786376953,1262
2026-08-12 07:30:00+00:00,83.86000061035156,83.95999908447266,83.76000213623047,83.87000274658203,850
2026-08-12 07:45:00+00:00,83.83999633789062,84.08999633789062,83.76000213623047,83.88999938964844,1122
2026-08-12 08:00:00+00:00,83.66000366210938,83.91999816894531,83.63999938964844,83.83000183105469,1961
2026-08-12 08:15:00+00:00,83.44000244140625,83.81999969482422,83.3499984741211,83.68000030517578,2743
2026-08-12 08:30:00+00:00,83.58000183105469,83.7699966430664,83.41000366210938,83.44999694824219,1720
2026-08-12 08:45:00+00:00,83.58000183105469,83.62000274658203,83.20999908447266,83.55999755859375,1932
2026-08-12 09:00:00+00:00,83.37999725341797,83.58999633789062,83.30999755859375,83.58000183105469,1124
2026-08-12 09:15:00+00:00,82.7699966430664,83.41000366210938,82.66999816894531,83.37000274658203,4384
2026-08-12 09:30:00+00:00,82.7300033569336,82.94000244140625,82.56999969482422,82.73999786376953,2611
2026-08-12 09:45:00+00:00,83.0,83.22000122070312,82.45999908447266,82.76000213623047,4497
2026-08-12 10:00:00+00:00,83.01000213623047,83.13999938964844,82.91000366210938,83.0,1373
2026-08-12 10:15:00+00:00,83.1500015258789,83.16000366210938,82.81999969482422,83.01000213623047,1285
2026-08-12 10:30:00+00:00,83.08000183105469,83.23999786376953,83.0199966430664,83.13999938964844,1398
2026-08-12 10:45:00+00:00,83.4000015258789,83.73999786376953,82.9800033569336,83.08999633789062,6021
2026-08-12 11:00:00+00:00,83.41000366210938,83.63999938964844,83.26000213623047,83.38999938964844,2111
2026-08-12 11:15:00+00:00,83.41999816894531,83.55999755859375,83.30000305175781,83.41999816894531,952
2026-08-12 11:30:00+00:00,83.4000015258789,83.41999816894531,83.16000366210938,83.41999816894531,1939
2026-08-12 11:45:00+00:00,83.73999786376953,83.76000213623047,83.4000015258789,83.4000015258789,2061
2026-08-12 12:00:00+00:00,83.7300033569336,83.80999755859375,83.51000213623047,83.73999786376953,1940
2026-08-12 12:15:00+00:00,83.77999877929688,83.79000091552734,83.63999938964844,83.73999786376953,2170
2026-08-12 12:30:00+00:00,83.43000030517578,83.9000015258789,83.41999816894531,83.75,3149
2026-08-12 12:45:00+00:00,82.98999786376953,83.47000122070312,82.9800033569336,83.44000244140625,3201
2026-08-12 13:00:00+00:00,82.9000015258789,83.05999755859375,82.72000122070312,83.0,4399
2026-08-12 13:15:00+00:00,82.88999938964844,83.06999969482422,82.5999984741211,82.9000015258789,4046
2026-08-12 13:30:00+00:00,82.77999877929688,83.06999969482422,82.6500015258789,82.9000015258789,3118
2026-08-12 13:45:00+00:00,82.66999816894531,82.9000015258789,82.54000091552734,82.77999877929688,2789
2026-08-12 14:00:00+00:00,82.88999938964844,82.88999938964844,82.47000122070312,82.69000244140625,3283
2026-08-12 14:15:00+00:00,82.98999786376953,83.0,82.63999938964844,82.88999938964844,2911
2026-08-12 14:30:00+00:00,82.7699966430664,83.05999755859375,82.4000015258789,83.0,10329
2026-08-12 14:45:00+00:00,83.01000213623047,83.12000274658203,82.62999725341797,82.73999786376953,3762
2026-08-12 15:00:00+00:00,83.19000244140625,83.26000213623047,82.9000015258789,83.0,3982
2026-08-12 15:15:00+00:00,83.12000274658203,83.31999969482422,83.0,83.19000244140625,4054
2026-08-12 15:30:00+00:00,83.26000213623047,83.31999969482422,83.0999984741211,83.12999725341797,4204
2026-08-12 15:45:00+00:00,83.30999755859375,83.45999908447266,83.26000213623047,83.26000213623047,4595
2026-08-12 16:00:00+00:00,83.0199966430664,83.33999633789062,83.0,83.33000183105469,4425
2026-08-12 16:15:00+00:00,83.12999725341797,83.26000213623047,82.94999694824219,83.01000213623047,4053
2026-08-12 16:30:00+00:00,83.08000183105469,83.26000213623047,82.97000122070312,83.12999725341797,3084
2026-08-12 16:45:00+00:00,82.88999938964844,83.12999725341797,82.86000061035156,83.08000183105469,3100
2026-08-12 17:00:00+00:00,83.01000213623047,83.04000091552734,82.77999877929688,82.88999938964844,5030
2026-08-12 17:15:00+00:00,83.0,83.37999725341797,82.81999969482422,83.0,8526
2026-08-12 17:30:00+00:00,83.06999969482422,83.2300033569336,82.9000015258789,83.0,5466
2026-08-12 17:45:00+00:00,83.12999725341797,83.20999908447266,82.91999816894531,83.06999969482422,5969
2026-08-12 18:00:00+00:00,82.87999725341797,83.18000030517578,82.80999755859375,83.13999938964844,5912
2026-08-12 18:15:00+00:00,83.37000274658203,83.4000015258789,82.87999725341797,82.88999938964844,20087
2026-08-12 18:30:00+00:00,83.23999786376953,83.38999938964844,83.2300033569336,83.37000274658203,4423
2026-08-12 18:45:00+00:00,83.19999694824219,83.26000213623047,83.13999938964844,83.25,1120
2026-08-12 19:00:00+00:00,83.12000274658203,83.22000122070312,83.05999755859375,83.19999694824219,1153
2026-08-12 19:15:00+00:00,83.06999969482422,83.1500015258789,83.02999877929688,83.12000274658203,1184
2026-08-12 19:30:00+00:00,82.97000122070312,83.06999969482422,82.87000274658203,83.06999969482422,960
2026-08-12 19:45:00+00:00,83.01000213623047,83.02999877929688,82.93000030517578,82.9800033569336,1197
2026-08-12 20:00:00+00:00,82.87999725341797,83.0199966430664,82.79000091552734,83.0199966430664,1140
2026-08-12 20:15:00+00:00,82.87999725341797,82.9000015258789,82.83000183105469,82.88999938964844,299
2026-08-12 20:30:00+00:00,82.62000274658203,82.87999725341797,82.54000091552734,82.86000061035156,1093
2026-08-12 20:45:00+00:00,82.58000183105469,82.6500015258789,82.5,82.62999725341797,1311
2026-08-12 22:00:00+00:00,82.72000122070312,82.8499984741211,82.5999984741211,82.69999694824219,254
2026-08-12 22:15:00+00:00,82.7300033569336,82.79000091552734,82.70999908447266,82.7699966430664,97
2026-08-12 22:30:00+00:00,82.66999816894531,82.7300033569336,82.6500015258789,82.7300033569336,90
2026-08-12 22:45:00+00:00,82.69999694824219,82.69999694824219,82.66999816894531,82.69000244140625,47
2026-08-12 23:00:00+00:00,82.7300033569336,82.73999786376953,82.69000244140625,82.70999908447266,61
2026-08-12 23:15:00+00:00,82.75,82.80000305175781,82.69999694824219,82.72000122070312,111
2026-08-12 23:30:00+00:00,82.73999786376953,82.79000091552734,82.70999908447266,82.76000213623047,147
2026-08-12 23:45:00+00:00,82.66999816894531,82.72000122070312,82.62999725341797,82.72000122070312,119
2026-08-13 00:00:00+00:00,82.44000244140625,82.6500015258789,82.25,82.6500015258789,1033
2026-08-13 00:15:00+00:00,82.36000061035156,82.5199966430664,82.29000091552734,82.45999908447266,491
2026-08-13 00:30:00+00:00,82.2699966430664,82.38999938964844,82.26000213623047,82.36000061035156,635
2026-08-13 00:45:00+00:00,82.08999633789062,82.33999633789062,82.05999755859375,82.2699966430664,604
2026-08-13 01:00:00+00:00,82.16000366210938,82.2300033569336,81.9000015258789,82.08000183105469,1195
2026-08-13 01:15:00+00:00,82.33999633789062,82.33999633789062,82.12999725341797,82.16999816894531,518
2026-08-13 01:30:00+00:00,82.26000213623047,82.41999816894531,82.23999786376953,82.33999633789062,502
2026-08-13 01:45:00+00:00,82.26000213623047,82.31999969482422,82.1500015258789,82.26000213623047,419
2026-08-13 02:00:00+00:00,82.12999725341797,82.33000183105469,82.12000274658203,82.23999786376953,298
2026-08-13 02:15:00+00:00,82.16999816894531,82.16999816894531,82.08000183105469,82.12999725341797,120
2026-08-13 02:30:00+00:00,82.20999908447266,82.23999786376953,82.11000061035156,82.18000030517578,154
2026-08-13 02:45:00+00:00,82.25,82.30999755859375,82.18000030517578,82.18000030517578,191
2026-08-13 03:00:00+00:00,82.05999755859375,82.27999877929688,82.02999877929688,82.25,289
2026-08-13 03:15:00+00:00,82.41999816894531,82.44000244140625,82.05999755859375,82.05999755859375,464
2026-08-13 03:30:00+00:00,82.43000030517578,82.61000061035156,82.41000366210938,82.41000366210938,442
2026-08-13 03:45:00+00:00,82.62000274658203,82.68000030517578,82.41000366210938,82.43000030517578,317
2026-08-13 04:00:00+00:00,82.87000274658203,82.87000274658203,82.61000061035156,82.61000061035156,554
2026-08-13 04:15:00+00:00,82.97000122070312,82.97000122070312,82.86000061035156,82.86000061035156,543
2026-08-13 04:30:00+00:00,82.94000244140625,83.01000213623047,82.86000061035156,82.97000122070312,648
2026-08-13 04:45:00+00:00,83.0,83.01000213623047,82.87000274658203,82.94000244140625,334
2026-08-13 05:00:00+00:00,83.02999877929688,83.16000366210938,83.0,83.01000213623047,706
2026-08-13 05:15:00+00:00,82.98999786376953,83.0999984741211,82.91999816894531,83.0199966430664,466
2026-08-13 05:30:00+00:00,82.93000030517578,83.22000122070312,82.87999725341797,82.9800033569336,662
2026-08-13 05:45:00+00:00,83.12000274658203,83.2300033569336,82.93000030517578,82.93000030517578,817
2026-08-13 06:00:00+00:00,83.05999755859375,83.19000244140625,83.0,83.0999984741211,562
2026-08-13 06:15:00+00:00,83.05999755859375,83.13999938964844,82.94000244140625,83.04000091552734,366
2026-08-13 06:30:00+00:00,82.94999694824219,83.30000305175781,82.94999694824219,83.05999755859375,1006
2026-08-13 06:45:00+00:00,82.75,83.06999969482422,82.69999694824219,82.95999908447266,1079
2026-08-13 07:00:00+00:00,82.94000244140625,82.95999908447266,82.69000244140625,82.73999786376953,827
2026-08-13 07:15:00+00:00,82.5999984741211,83.12000274658203,82.56999969482422,82.91000366210938,1485
2026-08-13 07:30:00+00:00,81.87000274658203,82.5999984741211,81.80000305175781,82.58999633789062,3866
2026-08-13 07:45:00+00:00,82.20999908447266,82.26000213623047,81.86000061035156,81.86000061035156,1523
2026-08-13 08:00:00+00:00,82.13999938964844,82.45999908447266,82.02999877929688,82.20999908447266,1721
2026-08-13 08:15:00+00:00,82.08999633789062,82.26000213623047,81.83000183105469,82.13999938964844,2082
2026-08-13 08:30:00+00:00,81.8499984741211,82.1500015258789,81.63999938964844,82.0999984741211,2293
2026-08-13 08:45:00+00:00,81.80999755859375,81.9000015258789,81.72000122070312,81.86000061035156,830
2026-08-13 09:00:00+00:00,81.33999633789062,81.81999969482422,81.25,81.80000305175781,2758
2026-08-13 09:15:00+00:00,81.7300033569336,81.83000183105469,81.33999633789062,81.33999633789062,1609
2026-08-13 09:30:00+00:00,81.80999755859375,81.88999938964844,81.56999969482422,81.7300033569336,1084
2026-08-13 09:45:00+00:00,81.87000274658203,81.87999725341797,81.62999725341797,81.80999755859375,1172
2026-08-13 10:00:00+00:00,82.11000061035156,82.18000030517578,81.8499984741211,81.87000274658203,1844
2026-08-13 10:15:00+00:00,81.5,82.12000274658203,81.5,82.0999984741211,3121
2026-08-13 10:30:00+00:00,81.48999786376953,81.62000274658203,81.36000061035156,81.48999786376953,1250
2026-08-13 10:45:00+00:00,81.44999694824219,81.58999633789062,81.3499984741211,81.48999786376953,986
2026-08-13 11:00:00+00:00,81.44000244140625,81.55999755859375,81.26000213623047,81.44000244140625,1305
2026-08-13 11:15:00+00:00,81.58000183105469,81.6500015258789,81.37999725341797,81.41999816894531,1342
2026-08-13 11:30:00+00:00,81.61000061035156,81.72000122070312,81.41999816894531,81.58999633789062,1125
2026-08-13 11:45:00+00:00,81.5999984741211,81.6500015258789,81.45999908447266,81.62000274658203,1111
2026-08-13 12:00:00+00:00,81.5199966430664,81.6500015258789,81.08000183105469,81.61000061035156,5149
2026-08-13 12:15:00+00:00,81.5,81.63999938964844,81.41000366210938,81.52999877929688,1765
2026-08-13 12:30:00+00:00,81.2699966430664,81.58999633789062,81.12999725341797,81.51000213623047,3056
2026-08-13 12:45:00+00:00,81.20999908447266,81.33999633789062,81.18000030517578,81.27999877929688,2088
2026-08-13 13:00:00+00:00,80.91000366210938,81.3499984741211,80.79000091552734,81.22000122070312,7695
2026-08-13 13:15:00+00:00,81.04000091552734,81.08999633789062,80.87000274658203,80.9000015258789,3327
2026-08-13 13:30:00+00:00,81.27999877929688,81.3499984741211,80.83999633789062,81.05000305175781,4592
2026-08-13 13:45:00+00:00,80.66000366210938,81.2699966430664,80.30000305175781,81.2699966430664,7144
2026-08-13 14:00:00+00:00,80.30999755859375,80.66000366210938,80.08999633789062,80.63999938964844,8707
2026-08-13 14:15:00+00:00,80.80999755859375,80.83000183105469,80.26000213623047,80.30000305175781,6603
2026-08-13 14:30:00+00:00,80.95999908447266,81.05000305175781,80.75,80.81999969482422,6153
2026-08-13 14:45:00+00:00,81.2300033569336,81.29000091552734,80.91000366210938,80.94999694824219,3799
2026-08-13 15:00:00+00:00,82.05999755859375,82.06999969482422,81.20999908447266,81.2300033569336,7837
2026-08-13 15:15:00+00:00,82.61000061035156,82.7300033569336,81.98999786376953,82.05999755859375,12327
2026-08-13 15:30:00+00:00,82.36000061035156,82.63999938964844,82.04000091552734,82.61000061035156,8108
2026-08-13 15:45:00+00:00,82.56999969482422,82.69000244140625,82.31999969482422,82.3499984741211,4755
2026-08-13 16:00:00+00:00,82.54000091552734,82.66999816894531,82.41999816894531,82.56999969482422,3320
2026-08-13 16:15:00+00:00,82.30000305175781,82.58999633789062,82.2300033569336,82.5199966430664,3441
2026-08-13 16:30:00+00:00,81.94000244140625,82.31999969482422,81.88999938964844,82.30000305175781,5218
2026-08-13 16:45:00+00:00,81.94000244140625,82.05999755859375,81.81999969482422,81.93000030517578,4303
2026-08-13 17:00:00+00:00,82.08000183105469,82.1500015258789,81.86000061035156,81.94000244140625,3526
2026-08-13 17:15:00+00:00,81.8499984741211,82.11000061035156,81.83000183105469,82.08000183105469,3770
2026-08-13 17:30:00+00:00,82.05000305175781,82.05999755859375,81.81999969482422,81.8499984741211,3369
2026-08-13 17:45:00+00:00,81.80999755859375,82.06999969482422,81.80000305175781,82.05999755859375,4071
2026-08-13 18:00:00+00:00,81.22000122070312,81.80999755859375,81.06999969482422,81.80999755859375,6956
2026-08-13 18:15:00+00:00,81.18000030517578,81.58999633789062,81.08000183105469,81.22000122070312,19818
2026-08-13 18:30:00+00:00,81.0,81.19999694824219,80.86000061035156,81.18000030517578,6461
2026-08-13 18:45:00+00:00,81.1500015258789,81.22000122070312,80.91999816894531,81.01000213623047,1811
2026-08-13 19:00:00+00:00,81.22000122070312,81.2300033569336,81.05000305175781,81.16000366210938,1015
2026-08-13 19:15:00+00:00,81.22000122070312,81.31999969482422,81.16000366210938,81.2300033569336,1217
2026-08-13 19:30:00+00:00,81.2699966430664,81.29000091552734,81.20999908447266,81.2300033569336,966
2026-08-13 19:45:00+00:00,81.2699966430664,81.3499984741211,81.12000274658203,81.29000091552734,1106
2026-08-13 20:00:00+00:00,81.16000366210938,81.27999877929688,81.06999969482422,81.27999877929688,776
2026-08-13 20:15:00+00:00,81.29000091552734,81.30000305175781,81.12000274658203,81.16999816894531,958
2026-08-13 20:30:00+00:00,81.22000122070312,81.30999755859375,81.08999633789062,81.2699966430664,768
2026-08-13 20:45:00+00:00,81.20999908447266,81.22000122070312,81.0999984741211,81.20999908447266,909
2026-08-13 22:00:00+00:00,81.06999969482422,81.2699966430664,81.0199966430664,81.2699966430664,264
2026-08-13 22:15:00+00:00,81.0999984741211,81.11000061035156,81.04000091552734,81.08000183105469,193
2026-08-13 22:30:00+00:00,81.08000183105469,81.0999984741211,81.05999755859375,81.08999633789062,55
2026-08-13 22:45:00+00:00,81.08000183105469,81.13999938964844,81.05000305175781,81.05999755859375,187
2026-08-13 23:00:00+00:00,81.1500015258789,81.18000030517578,81.05999755859375,81.06999969482422,80
2026-08-13 23:15:00+00:00,81.2300033569336,81.2300033569336,81.1500015258789,81.1500015258789,87
2026-08-13 23:30:00+00:00,81.31999969482422,81.33000183105469,81.19999694824219,81.22000122070312,179
2026-08-13 23:45:00+00:00,81.33000183105469,81.36000061035156,81.27999877929688,81.33000183105469,167
2026-08-14 00:00:00+00:00,81.3499984741211,81.44000244140625,81.2699966430664,81.33000183105469,851
2026-08-14 00:15:00+00:00,81.22000122070312,81.38999938964844,81.19000244140625,81.3499984741211,347
2026-08-14 00:30:00+00:00,81.1500015258789,81.26000213623047,81.13999938964844,81.2300033569336,136
2026-08-14 00:45:00+00:00,81.05999755859375,81.19000244140625,81.04000091552734,81.16000366210938,295
2026-08-14 01:00:00+00:00,81.19999694824219,81.37000274658203,81.0,81.05999755859375,805
2026-08-14 01:15:00+00:00,81.30000305175781,81.4000015258789,81.12000274658203,81.19999694824219,747
2026-08-14 01:30:00+00:00,80.98999786376953,81.33000183105469,80.91000366210938,81.30999755859375,698
2026-08-14 01:45:00+00:00,80.93000030517578,81.0199966430664,80.81999969482422,80.9800033569336,412
2026-08-14 02:00:00+00:00,80.91999816894531,80.94999694824219,80.70999908447266,80.91999816894531,1279
2026-08-14 02:15:00+00:00,80.80999755859375,80.95999908447266,80.79000091552734,80.91000366210938,138
2026-08-14 02:30:00+00:00,81.23999786376953,81.27999877929688,80.81999969482422,80.83000183105469,739
2026-08-14 02:45:00+00:00,81.38999938964844,81.4000015258789,81.2300033569336,81.23999786376953,405
2026-08-14 03:00:00+00:00,81.30000305175781,81.38999938964844,81.19999694824219,81.37999725341797,187
2026-08-14 03:15:00+00:00,81.30999755859375,81.33000183105469,81.20999908447266,81.30000305175781,131
2026-08-14 03:30:00+00:00,81.33999633789062,81.47000122070312,81.30999755859375,81.30999755859375,440
2026-08-14 03:45:00+00:00,81.3499984741211,81.4000015258789,81.30000305175781,81.3499984741211,97
2026-08-14 04:00:00+00:00,81.33999633789062,81.44999694824219,81.31999969482422,81.3499984741211,162
2026-08-14 04:15:00+00:00,81.30000305175781,81.36000061035156,81.19999694824219,81.3499984741211,273
2026-08-14 04:30:00+00:00,81.33999633789062,81.37999725341797,81.29000091552734,81.30000305175781,228
2026-08-14 04:45:00+00:00,81.37999725341797,81.41000366210938,81.30000305175781,81.33000183105469,259
2026-08-14 05:00:00+00:00,81.30999755859375,81.43000030517578,81.27999877929688,81.37999725341797,320
2026-08-14 05:15:00+00:00,81.41999816894531,81.43000030517578,81.29000091552734,81.30000305175781,261
2026-08-14 05:30:00+00:00,81.62000274658203,81.75,81.41000366210938,81.41000366210938,1404
2026-08-14 05:45:00+00:00,81.9800033569336,82.0,81.55999755859375,81.61000061035156,1292
2026-08-14 06:00:00+00:00,81.87000274658203,82.0999984741211,81.80000305175781,82.0,887
2026-08-14 06:15:00+00:00,82.20999908447266,82.25,81.87000274658203,81.87999725341797,1386
2026-08-14 06:30:00+00:00,82.12000274658203,82.2699966430664,81.9800033569336,82.20999908447266,1387
2026-08-14 06:45:00+00:00,82.18000030517578,82.22000122070312,82.06999969482422,82.12999725341797,805
2026-08-14 07:00:00+00:00,82.95999908447266,82.98999786376953,82.16000366210938,82.16999816894531,3932
2026-08-14 07:15:00+00:00,82.75,82.98999786376953,82.63999938964844,82.95999908447266,1964
2026-08-14 07:30:00+00:00,82.80999755859375,82.8499984741211,82.68000030517578,82.76000213623047,843
2026-08-14 07:45:00+00:00,82.87999725341797,82.94000244140625,82.66999816894531,82.80999755859375,1295
2026-08-14 08:00:00+00:00,82.83999633789062,82.97000122070312,82.68000030517578,82.87000274658203,1383
2026-08-14 08:15:00+00:00,82.52999877929688,82.88999938964844,82.45999908447266,82.86000061035156,2921
2026-08-14 08:30:00+00:00,82.55000305175781,82.7300033569336,82.22000122070312,82.52999877929688,3046
2026-08-14 08:45:00+00:00,82.54000091552734,82.62000274658203,82.43000030517578,82.56999969482422,774
2026-08-14 09:00:00+00:00,82.3499984741211,82.5999984741211,82.30000305175781,82.55999755859375,1133
2026-08-14 09:15:00+00:00,82.13999938964844,82.38999938964844,82.08999633789062,82.33999633789062,1675
2026-08-14 09:30:00+00:00,82.2699966430664,82.44999694824219,82.0199966430664,82.1500015258789,2032
2026-08-14 09:45:00+00:00,82.08999633789062,82.36000061035156,82.0199966430664,82.27999877929688,1345
2026-08-14 10:00:00+00:00,81.83000183105469,82.0999984741211,81.76000213623047,82.0999984741211,1659
2026-08-14 10:15:00+00:00,81.83000183105469,81.94000244140625,81.72000122070312,81.83999633789062,1626
2026-08-14 10:30:00+00:00,81.7300033569336,81.88999938964844,81.68000030517578,81.83000183105469,991
2026-08-14 10:45:00+00:00,81.51000213623047,81.79000091552734,81.41999816894531,81.7300033569336,1861
2026-08-14 11:00:00+00:00,81.69000244140625,81.86000061035156,81.5,81.51000213623047,1873
2026-08-14 11:15:00+00:00,81.69000244140625,81.77999877929688,81.56999969482422,81.69999694824219,844
2026-08-14 11:30:00+00:00,81.48999786376953,81.7300033569336,81.43000030517578,81.69000244140625,1462
2026-08-14 11:45:00+00:00,81.55999755859375,81.6500015258789,81.43000030517578,81.51000213623047,2072
2026-08-14 12:00:00+00:00,81.91000366210938,82.18000030517578,81.5199966430664,81.55999755859375,3864
2026-08-14 12:15:00+00:00,81.77999877929688,82.05999755859375,81.77999877929688,81.88999938964844,2800
2026-08-14 12:30:00+00:00,81.33999633789062,81.80000305175781,81.30999755859375,81.77999877929688,4880
2026-08-14 12:45:00+00:00,81.13999938964844,81.36000061035156,81.12000274658203,81.3499984741211,2914
2026-08-14 13:00:00+00:00,81.4000015258789,81.44999694824219,81.08999633789062,81.13999938964844,3637
2026-08-14 13:15:00+00:00,81.29000091552734,81.52999877929688,81.06999969482422,81.4000015258789,4340
2026-08-14 13:30:00+00:00,80.88999938964844,81.29000091552734,80.76000213623047,81.29000091552734,6274
2026-08-14 13:45:00+00:00,81.16999816894531,81.20999908447266,80.83000183105469,80.88999938964844,3137
2026-08-14 14:00:00+00:00,81.22000122070312,81.54000091552734,81.12000274658203,81.16999816894531,6062
2026-08-14 14:15:00+00:00,81.37000274658203,81.52999877929688,81.13999938964844,81.19999694824219,5277
2026-08-14 14:30:00+00:00,81.70999908447266,81.77999877929688,81.37000274658203,81.37000274658203,4905
2026-08-14 14:45:00+00:00,81.70999908447266,81.87000274658203,81.33999633789062,81.69000244140625,5688
2026-08-14 15:00:00+00:00,81.66999816894531,81.83999633789062,81.55000305175781,81.72000122070312,3488
2026-08-14 15:15:00+00:00,81.72000122070312,81.87999725341797,81.33999633789062,81.68000030517578,5187
2026-08-14 15:30:00+00:00,81.58999633789062,81.91000366210938,81.5,81.7300033569336,3310
2026-08-14 15:45:00+00:00,81.66000366210938,81.7699966430664,81.54000091552734,81.58000183105469,1666
2026-08-14 16:00:00+00:00,81.69999694824219,81.83000183105469,81.52999877929688,81.66000366210938,2115
2026-08-14 16:15:00+00:00,81.93000030517578,81.98999786376953,81.68000030517578,81.70999908447266,2383
2026-08-14 16:30:00+00:00,81.98999786376953,82.0,81.77999877929688,81.93000030517578,1765
2026-08-14 16:45:00+00:00,81.91999816894531,82.0199966430664,81.8499984741211,81.98999786376953,2543
2026-08-14 17:00:00+00:00,82.19999694824219,82.30000305175781,81.83999633789062,81.91999816894531,3924
2026-08-14 17:15:00+00:00,82.16999816894531,82.27999877929688,82.05000305175781,82.20999908447266,2762
2026-08-14 17:30:00+00:00,82.29000091552734,82.30999755859375,82.13999938964844,82.16999816894531,1615
2026-08-14 17:45:00+00:00,82.29000091552734,82.4000015258789,82.2300033569336,82.29000091552734,2233
2026-08-14 18:00:00+00:00,82.23999786376953,82.30999755859375,82.08999633789062,82.29000091552734,3011
2026-08-14 18:15:00+00:00,82.4000015258789,82.44999694824219,82.2300033569336,82.25,10515
2026-08-14 18:30:00+00:00,82.5199966430664,82.66999816894531,82.4000015258789,82.4000015258789,3338
2026-08-14 18:45:00+00:00,82.41000366210938,82.55000305175781,82.31999969482422,82.51000213623047,640
2026-08-14 19:00:00+00:00,82.3499984741211,82.43000030517578,82.30000305175781,82.41000366210938,892
2026-08-14 19:15:00+00:00,82.30999755859375,82.43000030517578,82.19000244140625,82.33999633789062,2011
2026-08-14 19:30:00+00:00,82.33000183105469,82.36000061035156,82.25,82.31999969482422,553
2026-08-14 19:45:00+00:00,82.4000015258789,82.41999816894531,82.22000122070312,82.33000183105469,1222
2026-08-14 20:00:00+00:00,82.44999694824219,82.52999877929688,82.25,82.38999938964844,924
2026-08-14 20:15:00+00:00,82.26000213623047,82.44000244140625,82.25,82.43000030517578,637
2026-08-14 20:30:00+00:00,82.3499984741211,82.41999816894531,82.2300033569336,82.25,483
2026-08-14 20:45:00+00:00,82.4000015258789,82.45999908447266,82.3499984741211,82.37000274658203,902
2026-08-16 22:00:00+00:00,82.61000061035156,82.66000366210938,82.5999984741211,82.62000274658203,117
2026-08-16 22:15:00+00:00,82.5199966430664,82.5999984741211,82.4800033569336,82.5999984741211,422
2026-08-16 22:30:00+00:00,82.31999969482422,82.5199966430664,82.29000091552734,82.51000213623047,536
2026-08-16 22:45:00+00:00,82.38999938964844,82.44000244140625,82.31999969482422,82.31999969482422,261
2026-08-16 23:00:00+00:00,82.4000015258789,82.44999694824219,82.31999969482422,82.37999725341797,214
2026-08-16 23:15:00+00:00,82.44999694824219,82.4800033569336,82.37999725341797,82.4000015258789,191
2026-08-16 23:30:00+00:00,82.41000366210938,82.48999786376953,82.36000061035156,82.4800033569336,168
2026-08-16 23:45:00+00:00,82.33000183105469,82.38999938964844,82.30000305175781,82.38999938964844,241
2026-08-17 00:00:00+00:00,82.08999633789062,82.33000183105469,82.08999633789062,82.33000183105469,368
2026-08-17 00:15:00+00:00,82.16000366210938,82.16999816894531,82.04000091552734,82.0999984741211,464
2026-08-17 00:30:00+00:00,82.1500015258789,82.29000091552734,82.12000274658203,82.16999816894531,456
2026-08-17 00:45:00+00:00,81.88999938964844,82.19999694824219,81.86000061035156,82.16000366210938,413
2026-08-17 01:00:00+00:00,82.16000366210938,82.37000274658203,81.72000122070312,81.87999725341797,989
2026-08-17 01:15:00+00:00,82.4000015258789,82.4000015258789,82.08000183105469,82.18000030517578,511
2026-08-17 01:30:00+00:00,82.7699966430664,82.81999969482422,82.37999725341797,82.37999725341797,1125
2026-08-17 01:45:00+00:00,82.58999633789062,82.91999816894531,82.43000030517578,82.7699966430664,646
2026-08-17 02:00:00+00:00,82.91999816894531,83.04000091552734,82.55999755859375,82.58999633789062,747
2026-08-17 02:15:00+00:00,82.8499984741211,82.97000122070312,82.80000305175781,82.95999908447266,359
2026-08-17 02:30:00+00:00,82.55000305175781,82.95999908447266,82.47000122070312,82.83999633789062,847
2026-08-17 02:45:00+00:00,82.43000030517578,82.66999816894531,82.26000213623047,82.55000305175781,712
2026-08-17 03:00:00+00:00,82.33999633789062,82.44000244140625,82.27999877929688,82.41999816894531,417
2026-08-17 03:15:00+00:00,82.41000366210938,82.45999908447266,82.29000091552734,82.33999633789062,276
2026-08-17 03:30:00+00:00,82.55000305175781,82.58999633789062,82.41999816894531,82.41999816894531,529
2026-08-17 03:45:00+00:00,82.23999786376953,82.54000091552734,82.23999786376953,82.54000091552734,361
2026-08-17 04:00:00+00:00,82.08999633789062,82.19999694824219,81.94000244140625,82.16999816894531,931
2026-08-17 04:15:00+00:00,82.30999755859375,82.3499984741211,82.06999969482422,82.06999969482422,391
2026-08-17 04:30:00+00:00,82.19000244140625,82.38999938964844,82.18000030517578,82.30000305175781,410
2026-08-17 04:45:00+00:00,82.1500015258789,82.26000213623047,82.12999725341797,82.2300033569336,276
2026-08-17 05:00:00+00:00,82.19999694824219,82.20999908447266,82.06999969482422,82.13999938964844,250
2026-08-17 05:15:00+00:00,82.12999725341797,82.19999694824219,82.04000091552734,82.19000244140625,281
2026-08-17 05:30:00+00:00,82.11000061035156,82.19000244140625,81.91999816894531,82.12000274658203,801
2026-08-17 05:45:00+00:00,81.8499984741211,82.13999938964844,81.79000091552734,82.12000274658203,1207
2026-08-17 06:00:00+00:00,81.87000274658203,81.9800033569336,81.62999725341797,81.83999633789062,1118
2026-08-17 06:15:00+00:00,81.77999877929688,81.91999816894531,81.69999694824219,81.86000061035156,771
2026-08-17 06:30:00+00:00,81.80999755859375,81.86000061035156,81.70999908447266,81.79000091552734,592
2026-08-17 06:45:00+00:00,81.8499984741211,81.87000274658203,81.69000244140625,81.80999755859375,520
2026-08-17 07:00:00+00:00,81.77999877929688,81.97000122070312,81.68000030517578,81.86000061035156,919
2026-08-17 07:15:00+00:00,81.80000305175781,81.83000183105469,81.5,81.7699966430664,1044
2026-08-17 07:30:00+00:00,81.76000213623047,82.05999755859375,81.58999633789062,81.81999969482422,862
2026-08-17 07:45:00+00:00,81.94999694824219,82.20999908447266,81.73999786376953,81.76000213623047,1184
2026-08-17 08:00:00+00:00,82.16000366210938,82.2699966430664,81.83000183105469,81.94000244140625,1161
2026-08-17 08:15:00+00:00,82.11000061035156,82.33000183105469,82.04000091552734,82.1500015258789,1401
2026-08-17 08:30:00+00:00,82.22000122070312,82.33000183105469,82.0199966430664,82.11000061035156,1576
2026-08-17 08:45:00+00:00,82.37999725341797,82.38999938964844,82.05000305175781,82.19999694824219,1264
2026-08-17 09:00:00+00:00,82.5999984741211,82.79000091552734,82.3499984741211,82.37999725341797,1964
2026-08-17 09:15:00+00:00,82.54000091552734,82.61000061035156,82.33999633789062,82.5999984741211,1307
2026-08-17 09:30:00+00:00,82.7699966430664,82.94999694824219,82.4800033569336,82.54000091552734,1878
2026-08-17 09:45:00+00:00,82.97000122070312,83.16000366210938,82.62999725341797,82.77999877929688,1855
2026-08-17 10:00:00+00:00,83.13999938964844,83.2300033569336,82.87999725341797,82.95999908447266,1705
2026-08-17 10:15:00+00:00,82.12999725341797,83.16000366210938,81.98999786376953,83.12999725341797,3004
2026-08-17 10:30:00+00:00,82.86000061035156,83.0,81.86000061035156,82.12000274658203,5745
2026-08-17 10:45:00+00:00,82.83999633789062,82.97000122070312,82.5199966430664,82.86000061035156,1908
2026-08-17 11:00:00+00:00,82.7699966430664,82.91000366210938,82.51000213623047,82.83999633789062,2620
2026-08-17 11:15:00+00:00,82.63999938964844,82.77999877929688,82.55000305175781,82.76000213623047,1120
2026-08-17 11:30:00+00:00,82.48999786376953,82.6500015258789,82.38999938964844,82.62999725341797,1091
2026-08-17 11:45:00+00:00,82.36000061035156,82.61000061035156,82.33000183105469,82.48999786376953,1106
2026-08-17 12:00:00+00:00,82.29000091552734,82.5199966430664,82.27999877929688,82.36000061035156,1201
2026-08-17 12:15:00+00:00,82.81999969482422,83.1500015258789,82.20999908447266,82.2699966430664,6433
2026-08-17 12:30:00+00:00,82.94999694824219,83.08999633789062,82.58999633789062,82.80000305175781,3459
2026-08-17 12:45:00+00:00,82.97000122070312,83.13999938964844,82.93000030517578,82.94999694824219,2542
2026-08-17 13:00:00+00:00,82.66000366210938,83.12999725341797,82.58999633789062,82.98999786376953,2960
2026-08-17 13:15:00+00:00,82.77999877929688,83.01000213623047,82.44000244140625,82.63999938964844,3383
2026-08-17 13:30:00+00:00,82.76000213623047,82.88999938964844,82.62999725341797,82.7699966430664,2931
2026-08-17 13:45:00+00:00,82.62999725341797,82.80000305175781,82.54000091552734,82.75,2206
2026-08-17 14:00:00+00:00,82.45999908447266,82.69999694824219,82.36000061035156,82.62000274658203,2289
2026-08-17 14:15:00+00:00,82.38999938964844,82.55999755859375,82.16999816894531,82.45999908447266,2522
2026-08-17 14:30:00+00:00,82.4000015258789,82.61000061035156,82.31999969482422,82.38999938964844,2702
2026-08-17 14:45:00+00:00,82.16999816894531,82.44999694824219,82.0999984741211,82.38999938964844,3084
2026-08-17 15:00:00+00:00,82.37999725341797,82.45999908447266,82.18000030517578,82.18000030517578,2717
2026-08-17 15:15:00+00:00,82.5999984741211,82.83000183105469,82.37000274658203,82.37000274658203,5327
2026-08-17 15:30:00+00:00,82.66999816894531,82.80000305175781,82.45999908447266,82.58999633789062,3869
2026-08-17 15:45:00+00:00,82.81999969482422,82.88999938964844,82.61000061035156,82.66000366210938,2103
2026-08-17 16:00:00+00:00,82.36000061035156,82.9000015258789,82.36000061035156,82.83999633789062,4539
2026-08-17 16:15:00+00:00,82.56999969482422,82.58000183105469,82.33000183105469,82.37000274658203,2841
2026-08-17 16:30:00+00:00,82.77999877929688,82.80999755859375,82.55000305175781,82.55999755859375,2449
2026-08-17 16:45:00+00:00,82.8499984741211,82.87000274658203,82.73999786376953,82.7699966430664,1712
2026-08-17 17:00:00+00:00,83.41999816894531,83.4800033569336,82.80000305175781,82.8499984741211,6909
2026-08-17 17:15:00+00:00,83.91000366210938,83.98999786376953,83.43000030517578,83.43000030517578,4802
2026-08-17 17:30:00+00:00,84.12999725341797,84.44000244140625,83.86000061035156,83.91000366210938,4616
2026-08-17 17:45:00+00:00,84.79000091552734,84.87999725341797,84.05000305175781,84.12000274658203,4348
2026-08-17 18:00:00+00:00,84.63999938964844,84.87000274658203,84.5,84.7699966430664,3576
2026-08-17 18:15:00+00:00,84.45999908447266,84.83999633789062,84.43000030517578,84.63999938964844,7666
2026-08-17 18:30:00+00:00,84.20999908447266,84.51000213623047,84.12999725341797,84.45999908447266,3865
2026-08-17 18:45:00+00:00,84.25,84.31999969482422,84.16000366210938,84.19999694824219,1660
2026-08-17 19:00:00+00:00,84.31999969482422,84.4800033569336,84.22000122070312,84.26000213623047,1537
2026-08-17 19:15:00+00:00,84.4000015258789,84.45999908447266,84.30999755859375,84.31999969482422,729
2026-08-17 19:30:00+00:00,84.38999938964844,84.43000030517578,84.2699966430664,84.38999938964844,904
2026-08-17 19:45:00+00:00,84.6500015258789,84.68000030517578,84.38999938964844,84.38999938964844,1269
2026-08-17 20:00:00+00:00,84.66999816894531,84.75,84.51000213623047,84.63999938964844,767
2026-08-17 20:15:00+00:00,84.86000061035156,84.86000061035156,84.66000366210938,84.70999908447266,936
2026-08-17 20:30:00+00:00,84.94999694824219,85.04000091552734,84.83000183105469,84.8499984741211,809
2026-08-17 20:45:00+00:00,84.94999694824219,84.98999786376953,84.87999725341797,84.93000030517578,416
2026-08-17 22:00:00+00:00,85.29000091552734,85.37000274658203,84.87000274658203,84.95999908447266,291
2026-08-17 22:15:00+00:00,85.08000183105469,85.30999755859375,85.05999755859375,85.27999877929688,120
2026-08-17 22:30:00+00:00,85.11000061035156,85.13999938964844,85.04000091552734,85.08000183105469,131
2026-08-17 22:45:00+00:00,84.97000122070312,85.11000061035156,84.94999694824219,85.0999984741211,86
2026-08-17 23:00:00+00:00,85.04000091552734,85.06999969482422,84.97000122070312,84.98999786376953,108
2026-08-17 23:15:00+00:00,85.04000091552734,85.05000305175781,84.9800033569336,85.0199966430664,35
2026-08-17 23:30:00+00:00,84.94000244140625,85.05000305175781,84.91000366210938,85.05000305175781,90
2026-08-17 23:45:00+00:00,84.87999725341797,84.91999816894531,84.81999969482422,84.91999816894531,111
2026-08-18 00:00:00+00:00,84.91000366210938,84.98999786376953,84.83000183105469,84.9000015258789,230
2026-08-18 00:15:00+00:00,84.9000015258789,85.0199966430664,84.87000274658203,84.91000366210938,170
2026-08-18 00:30:00+00:00,84.83999633789062,84.94999694824219,84.80999755859375,84.9000015258789,88
2026-08-18 00:45:00+00:00,84.76000213623047,84.97000122070312,84.73999786376953,84.81999969482422,138
2026-08-18 01:00:00+00:00,84.7300033569336,85.0199966430664,84.62000274658203,84.77999877929688,405
2026-08-18 01:15:00+00:00,84.88999938964844,84.94999694824219,84.73999786376953,84.73999786376953,133
2026-08-18 01:30:00+00:00,84.98999786376953,85.16000366210938,84.7699966430664,84.87000274658203,192
2026-08-18 01:45:00+00:00,84.93000030517578,85.06999969482422,84.86000061035156,84.94999694824219,92
2026-08-18 02:00:00+00:00,84.98999786376953,85.08000183105469,84.93000030517578,84.93000030517578,115
2026-08-18 02:15:00+00:00,84.94999694824219,84.98999786376953,84.87000274658203,84.98999786376953,75
2026-08-18 02:30:00+00:00,85.05999755859375,85.0999984741211,84.91999816894531,84.95999908447266,104
2026-08-18 02:45:00+00:00,85.02999877929688,85.12999725341797,84.94999694824219,85.08999633789062,334
2026-08-18 03:00:00+00:00,85.16999816894531,85.20999908447266,84.98999786376953,85.04000091552734,329
2026-08-18 03:15:00+00:00,85.0199966430664,85.13999938964844,85.0199966430664,85.13999938964844,217
2026-08-18 03:30:00+00:00,85.06999969482422,85.19999694824219,85.0199966430664,85.05999755859375,264
2026-08-18 03:45:00+00:00,85.25,85.2699966430664,85.08000183105469,85.08000183105469,203
2026-08-18 04:00:00+00:00,85.26000213623047,85.37999725341797,85.22000122070312,85.27999877929688,477
2026-08-18 04:15:00+00:00,85.19999694824219,85.2699966430664,85.1500015258789,85.26000213623047,82
2026-08-18 04:30:00+00:00,85.16000366210938,85.23999786376953,85.1500015258789,85.22000122070312,120
2026-08-18 04:45:00+00:00,85.1500015258789,85.19000244140625,85.12999725341797,85.12999725341797,46
2026-08-18 05:00:00+00:00,85.2300033569336,85.30000305175781,85.19000244140625,85.19000244140625,125
2026-08-18 05:15:00+00:00,85.25,85.37999725341797,85.18000030517578,85.23999786376953,123
2026-08-18 05:30:00+00:00,85.13999938964844,85.3499984741211,85.05000305175781,85.2699966430664,156
2026-08-18 05:45:00+00:00,85.12999725341797,85.13999938964844,85.0,85.12000274658203,155
2026-08-18 06:00:00+00:00,85.4000015258789,85.52999877929688,85.12999725341797,85.12999725341797,279
2026-08-18 06:15:00+00:00,85.47000122070312,85.55000305175781,85.30999755859375,85.4000015258789,251
2026-08-18 06:30:00+00:00,85.52999877929688,85.68000030517578,85.44999694824219,85.47000122070312,257
2026-08-18 06:45:00+00:00,85.19999694824219,85.54000091552734,85.18000030517578,85.54000091552734,247
2026-08-18 07:00:00+00:00,85.06999969482422,85.31999969482422,84.94999694824219,85.19000244140625,812
2026-08-18 07:15:00+00:00,84.9000015258789,85.08000183105469,84.83999633789062,85.05999755859375,208
2026-08-18 07:30:00+00:00,84.27999877929688,85.04000091552734,84.05000305175781,84.87000274658203,17161
2026-08-18 07:45:00+00:00,84.37999725341797,84.44999694824219,84.19000244140625,84.2699966430664,1256
2026-08-18 08:00:00+00:00,84.36000061035156,84.66000366210938,84.26000213623047,84.3499984741211,2470
2026-08-18 08:15:00+00:00,84.36000061035156,84.55999755859375,84.2699966430664,84.37000274658203,1939
2026-08-18 08:30:00+00:00,84.06999969482422,84.43000030517578,84.0,84.3499984741211,2302
2026-08-18 08:45:00+00:00,84.12999725341797,84.36000061035156,84.05000305175781,84.05000305175781,1618
2026-08-18 09:00:00+00:00,84.13999938964844,84.22000122070312,84.04000091552734,84.12000274658203,915
2026-08-18 09:15:00+00:00,84.19999694824219,84.26000213623047,84.05999755859375,84.12999725341797,1140
2026-08-18 09:30:00+00:00,84.08000183105469,84.26000213623047,83.98999786376953,84.19000244140625,1422
2026-08-18 09:45:00+00:00,84.04000091552734,84.29000091552734,83.94999694824219,84.06999969482422,1141
2026-08-18 10:00:00+00:00,84.19000244140625,84.29000091552734,83.97000122070312,84.02999877929688,1082
2026-08-18 10:15:00+00:00,84.19999694824219,84.4000015258789,84.16999816894531,84.18000030517578,1263
2026-08-18 10:30:00+00:00,83.91000366210938,84.25,83.8499984741211,84.22000122070312,2194
2026-08-18 10:45:00+00:00,83.9800033569336,84.06999969482422,83.86000061035156,83.91999816894531,1927
2026-08-18 11:00:00+00:00,83.98999786376953,84.0199966430664,83.86000061035156,83.9800033569336,1627
2026-08-18 11:15:00+00:00,84.04000091552734,84.1500015258789,83.94999694824219,84.0,901
2026-08-18 11:30:00+00:00,84.0199966430664,84.13999938964844,83.95999908447266,84.02999877929688,1086
2026-08-18 11:45:00+00:00,84.1500015258789,84.2300033569336,84.0,84.01000213623047,1218
2026-08-18 12:00:00+00:00,84.36000061035156,84.44999694824219,83.98999786376953,84.16000366210938,3202
2026-08-18 12:15:00+00:00,84.27999877929688,84.45999908447266,84.23999786376953,84.37000274658203,2864
2026-08-18 12:30:00+00:00,84.36000061035156,84.44000244140625,84.12999725341797,84.2699966430664,2879
2026-08-18 12:45:00+00:00,84.37000274658203,84.43000030517578,84.2699966430664,84.36000061035156,1990
2026-08-18 13:00:00+00:00,84.33000183105469,84.56999969482422,84.30999755859375,84.37000274658203,5392
2026-08-18 13:15:00+00:00,84.73999786376953,84.83999633789062,84.33999633789062,84.33999633789062,5222
2026-08-18 13:30:00+00:00,84.30999755859375,85.06999969482422,84.19999694824219,84.72000122070312,8841
2026-08-18 13:45:00+00:00,84.55999755859375,84.62000274658203,84.05000305175781,84.30999755859375,5809
2026-08-18 14:00:00+00:00,84.12000274658203,84.61000061035156,84.08000183105469,84.56999969482422,6409
2026-08-18 14:15:00+00:00,83.95999908447266,84.16999816894531,83.91000366210938,84.11000061035156,6329
2026-08-18 14:30:00+00:00,84.0199966430664,84.11000061035156,83.77999877929688,83.94999694824219,5022
2026-08-18 14:45:00+00:00,84.51000213623047,84.55000305175781,83.87000274658203,84.01000213623047,9909
2026-08-18 15:00:00+00:00,84.22000122070312,84.54000091552734,84.05999755859375,84.51000213623047,5918
2026-08-18 15:15:00+00:00,84.80000305175781,84.83000183105469,84.2300033569336,84.2300033569336,6150
2026-08-18 15:30:00+00:00,84.87000274658203,85.01000213623047,84.66000366210938,84.80999755859375,6250
2026-08-18 15:45:00+00:00,84.72000122070312,84.91000366210938,84.56999969482422,84.87999725341797,4325
2026-08-18 16:00:00+00:00,84.41000366210938,84.7300033569336,84.3499984741211,84.7300033569336,4210
2026-08-18 16:15:00+00:00,84.45999908447266,84.54000091552734,84.19000244140625,84.41000366210938,2982
2026-08-18 16:30:00+00:00,84.37000274658203,84.61000061035156,84.31999969482422,84.45999908447266,3976
2026-08-18 16:45:00+00:00,84.20999908447266,84.38999938964844,84.08999633789062,84.37000274658203,3486
2026-08-18 17:00:00+00:00,84.27999877929688,84.31999969482422,84.12000274658203,84.22000122070312,2348
2026-08-18 17:15:00+00:00,84.19999694824219,84.36000061035156,84.05999755859375,84.2699966430664,3791
2026-08-18 17:30:00+00:00,84.20999908447266,84.30000305175781,84.12000274658203,84.19000244140625,2138
2026-08-18 17:45:00+00:00,84.05000305175781,84.19999694824219,84.02999877929688,84.19999694824219,2171
2026-08-18 18:00:00+00:00,83.95999908447266,84.16999816894531,83.93000030517578,84.05000305175781,3660
2026-08-18 18:15:00+00:00,84.0,84.20999908447266,83.9000015258789,83.97000122070312,10492
2026-08-18 18:30:00+00:00,84.0999984741211,84.12999725341797,83.91999816894531,83.98999786376953,2854
2026-08-18 18:45:00+00:00,84.08000183105469,84.13999938964844,84.05000305175781,84.0999984741211,1218
2026-08-18 19:00:00+00:00,84.13999938964844,84.20999908447266,84.05999755859375,84.08000183105469,896
2026-08-18 19:15:00+00:00,84.08999633789062,84.13999938964844,84.04000091552734,84.13999938964844,1854
2026-08-18 19:30:00+00:00,84.05000305175781,84.08999633789062,84.01000213623047,84.08999633789062,1012
2026-08-18 19:45:00+00:00,84.08999633789062,84.16999816894531,84.04000091552734,84.05999755859375,1626
2026-08-18 20:00:00+00:00,84.22000122070312,84.23999786376953,84.05000305175781,84.08000183105469,995
2026-08-18 20:15:00+00:00,84.23999786376953,84.2699966430664,84.20999908447266,84.22000122070312,794
2026-08-18 20:30:00+00:00,84.43000030517578,84.44000244140625,84.18000030517578,84.20999908447266,1698
2026-08-18 20:45:00+00:00,84.41999816894531,84.54000091552734,84.33999633789062,84.41000366210938,1972
2026-08-18 22:00:00+00:00,84.5199966430664,84.56999969482422,84.41999816894531,84.45999908447266,267
2026-08-18 22:15:00+00:00,84.44999694824219,84.54000091552734,84.4000015258789,84.54000091552734,465
2026-08-18 22:30:00+00:00,84.4800033569336,84.54000091552734,84.41000366210938,84.45999908447266,264
2026-08-18 22:45:00+00:00,84.44999694824219,84.5,84.43000030517578,84.4800033569336,123
2026-08-18 23:00:00+00:00,84.47000122070312,84.52999877929688,84.44999694824219,84.44999694824219,127
2026-08-18 23:15:00+00:00,84.47000122070312,84.51000213623047,84.47000122070312,84.4800033569336,42
2026-08-18 23:30:00+00:00,84.48999786376953,84.55000305175781,84.47000122070312,84.47000122070312,319
2026-08-18 23:45:00+00:00,84.5,84.55000305175781,84.48999786376953,84.5,258
2026-08-19 00:00:00+00:00,84.48999786376953,84.51000213623047,84.36000061035156,84.48999786376953,657
2026-08-19 00:15:00+00:00,84.81999969482422,84.87000274658203,84.4800033569336,84.5,1028
2026-08-19 00:30:00+00:00,84.72000122070312,84.94999694824219,84.61000061035156,84.81999969482422,1020
2026-08-19 00:45:00+00:00,84.75,84.79000091552734,84.63999938964844,84.73999786376953,375
2026-08-19 01:00:00+00:00,84.86000061035156,84.97000122070312,84.70999908447266,84.76000213623047,1193
2026-08-19 01:15:00+00:00,84.93000030517578,85.05999755859375,84.75,84.86000061035156,1202
2026-08-19 01:30:00+00:00,84.9000015258789,84.9800033569336,84.7699966430664,84.9000015258789,635
2026-08-19 01:45:00+00:00,85.0,85.13999938964844,84.91000366210938,84.91000366210938,733
2026-08-19 02:00:00+00:00,84.93000030517578,85.08999633789062,84.83999633789062,85.0199966430664,532
2026-08-19 02:15:00+00:00,84.8499984741211,85.0199966430664,84.83000183105469,84.94999694824219,276
2026-08-19 02:30:00+00:00,84.75,84.94999694824219,84.66000366210938,84.8499984741211,653
2026-08-19 02:45:00+00:00,84.73999786376953,84.8499984741211,84.66000366210938,84.73999786376953,445
2026-08-19 03:00:00+00:00,84.83000183105469,84.91000366210938,84.72000122070312,84.75,353
2026-08-19 03:15:00+00:00,84.83000183105469,84.86000061035156,84.72000122070312,84.83999633789062,385
2026-08-19 03:30:00+00:00,84.62000274658203,84.80000305175781,84.5999984741211,84.80000305175781,372
2026-08-19 03:45:00+00:00,84.68000030517578,84.7300033569336,84.62000274658203,84.63999938964844,185
2026-08-19 04:00:00+00:00,84.80999755859375,84.86000061035156,84.69999694824219,84.69999694824219,223
2026-08-19 04:15:00+00:00,84.69999694824219,84.80999755859375,84.63999938964844,84.80999755859375,151
2026-08-19 04:30:00+00:00,84.68000030517578,84.7300033569336,84.6500015258789,84.69999694824219,145
2026-08-19 04:45:00+00:00,84.61000061035156,84.69999694824219,84.5199966430664,84.68000030517578,353
2026-08-19 05:00:00+00:00,84.56999969482422,84.66999816894531,84.54000091552734,84.62000274658203,290
2026-08-19 05:15:00+00:00,84.5999984741211,84.69000244140625,84.52999877929688,84.58000183105469,193
2026-08-19 05:30:00+00:00,84.73999786376953,84.75,84.52999877929688,84.62000274658203,397
2026-08-19 05:45:00+00:00,84.7699966430664,84.79000091552734,84.6500015258789,84.73999786376953,424
2026-08-19 06:00:00+00:00,84.76000213623047,85.0199966430664,84.73999786376953,84.79000091552734,1150
2026-08-19 06:15:00+00:00,84.55999755859375,84.77999877929688,84.52999877929688,84.77999877929688,958
2026-08-19 06:30:00+00:00,84.5999984741211,84.7300033569336,84.4000015258789,84.55999755859375,1178
2026-08-19 06:45:00+00:00,84.54000091552734,84.70999908447266,84.52999877929688,84.61000061035156,539
2026-08-19 07:00:00+00:00,84.76000213623047,84.8499984741211,84.55000305175781,84.55000305175781,1152
2026-08-19 07:15:00+00:00,84.4800033569336,84.9800033569336,84.43000030517578,84.76000213623047,1873
2026-08-19 07:30:00+00:00,84.37999725341797,84.56999969482422,84.27999877929688,84.45999908447266,1507
2026-08-19 07:45:00+00:00,84.69999694824219,84.73999786376953,84.36000061035156,84.38999938964844,1612
2026-08-19 08:00:00+00:00,84.62000274658203,84.73999786376953,84.52999877929688,84.70999908447266,1073
2026-08-19 08:15:00+00:00,84.25,84.69999694824219,84.2300033569336,84.63999938964844,2644
2026-08-19 08:30:00+00:00,84.37000274658203,84.4800033569336,84.26000213623047,84.26000213623047,1520
2026-08-19 08:45:00+00:00,84.9800033569336,85.05000305175781,84.37999725341797,84.38999938964844,3503
2026-08-19 09:00:00+00:00,85.26000213623047,85.41999816894531,84.81999969482422,84.9800033569336,4283
2026-08-19 09:15:00+00:00,84.91000366210938,85.3499984741211,84.8499984741211,85.26000213623047,2394
2026-08-19 09:30:00+00:00,85.0199966430664,85.04000091552734,84.66999816894531,84.91999816894531,1727
2026-08-19 09:45:00+00:00,85.0199966430664,85.06999969482422,84.72000122070312,85.0199966430664,1632
2026-08-19 10:00:00+00:00,85.05000305175781,85.05999755859375,84.87000274658203,85.0199966430664,895
2026-08-19 10:15:00+00:00,85.13999938964844,85.16999816894531,84.9000015258789,85.06999969482422,936
2026-08-19 10:30:00+00:00,85.04000091552734,85.25,85.01000213623047,85.13999938964844,1261
2026-08-19 10:45:00+00:00,84.91000366210938,85.0199966430664,84.86000061035156,85.01000213623047,1047
2026-08-19 11:00:00+00:00,84.81999969482422,85.0,84.77999877929688,84.91999816894531,1077
2026-08-19 11:15:00+00:00,84.69999694824219,84.87999725341797,84.62000274658203,84.83000183105469,1450
2026-08-19 11:30:00+00:00,84.87000274658203,84.98999786376953,84.66999816894531,84.69999694824219,1171
2026-08-19 11:45:00+00:00,84.6500015258789,84.9000015258789,84.55000305175781,84.87999725341797,2159
2026-08-19 12:00:00+00:00,84.62999725341797,84.73999786376953,84.5,84.68000030517578,1823
2026-08-19 12:15:00+00:00,84.4000015258789,84.69999694824219,84.27999877929688,84.62999725341797,3528
2026-08-19 12:30:00+00:00,83.95999908447266,84.47000122070312,83.44999694824219,84.4000015258789,8441
2026-08-19 12:45:00+00:00,83.97000122070312,84.0999984741211,83.63999938964844,83.97000122070312,5932
2026-08-19 13:00:00+00:00,84.26000213623047,84.4800033569336,83.94000244140625,83.9800033569336,8217
2026-08-19 13:15:00+00:00,84.43000030517578,84.56999969482422,84.16000366210938,84.25,4900
2026-08-19 13:30:00+00:00,84.43000030517578,84.5999984741211,84.25,84.44000244140625,6682
2026-08-19 13:45:00+00:00,84.54000091552734,84.69999694824219,84.43000030517578,84.44000244140625,5172
2026-08-19 14:00:00+00:00,84.72000122070312,84.81999969482422,84.38999938964844,84.54000091552734,6529
2026-08-19 14:15:00+00:00,84.81999969482422,84.8499984741211,84.63999938964844,84.72000122070312,5251
2026-08-19 14:30:00+00:00,84.77999877929688,85.02999877929688,84.55000305175781,84.81999969482422,9203
2026-08-19 14:45:00+00:00,84.88999938964844,85.12999725341797,84.73999786376953,84.77999877929688,5836
2026-08-19 15:00:00+00:00,85.1500015258789,85.33000183105469,84.83999633789062,84.87999725341797,7507
2026-08-19 15:15:00+00:00,85.33000183105469,85.4800033569336,85.16999816894531,85.16999816894531,9005
2026-08-19 15:30:00+00:00,85.22000122070312,85.41000366210938,85.19000244140625,85.33000183105469,6266
2026-08-19 15:45:00+00:00,85.2300033569336,85.33000183105469,85.0199966430664,85.22000122070312,3998
2026-08-19 16:00:00+00:00,85.5,85.54000091552734,85.2300033569336,85.2300033569336,6168
2026-08-19 16:15:00+00:00,85.30999755859375,85.58000183105469,85.25,85.5,3608
2026-08-19 16:30:00+00:00,85.41999816894531,85.55999755859375,85.25,85.30999755859375,6308
2026-08-19 16:45:00+00:00,85.58999633789062,85.66000366210938,85.37000274658203,85.41999816894531,7838
2026-08-19 17:00:00+00:00,85.5999984741211,85.83999633789062,85.5199966430664,85.58999633789062,8378
2026-08-19 17:15:00+00:00,85.36000061035156,85.68000030517578,85.31999969482422,85.61000061035156,5660
2026-08-19 17:30:00+00:00,85.04000091552734,85.41000366210938,84.83000183105469,85.36000061035156,6218
2026-08-19 17:45:00+00:00,85.12999725341797,85.1500015258789,84.9800033569336,85.02999877929688,3638
2026-08-19 18:00:00+00:00,84.86000061035156,85.2699966430664,84.77999877929688,85.12999725341797,6341
2026-08-19 18:15:00+00:00,84.2699966430664,84.8499984741211,84.23999786376953,84.8499984741211,19884
2026-08-19 18:30:00+00:00,84.16999816894531,84.41000366210938,84.1500015258789,84.27999877929688,5726
2026-08-19 18:45:00+00:00,84.3499984741211,84.4000015258789,84.1500015258789,84.16999816894531,2079
2026-08-19 19:00:00+00:00,84.33000183105469,84.37000274658203,84.19999694824219,84.3499984741211,1450
2026-08-19 19:15:00+00:00,84.01000213623047,84.38999938964844,83.93000030517578,84.33999633789062,2731
2026-08-19 19:30:00+00:00,83.9800033569336,84.0999984741211,83.93000030517578,83.98999786376953,1575
2026-08-19 19:45:00+00:00,84.26000213623047,84.30000305175781,83.9800033569336,83.9800033569336,1296
2026-08-19 20:00:00+00:00,84.18000030517578,84.30000305175781,84.16000366210938,84.25,507
2026-08-19 20:15:00+00:00,84.30000305175781,84.33000183105469,84.18000030517578,84.19000244140625,1867
2026-08-19 20:30:00+00:00,84.3499984741211,84.37000274658203,84.22000122070312,84.30000305175781,1208
2026-08-19 20:45:00+00:00,84.4000015258789,84.5199966430664,84.20999908447266,84.33999633789062,2806
2026-08-19 22:00:00+00:00,84.43000030517578,84.68000030517578,84.3499984741211,84.4000015258789,251
2026-08-19 22:15:00+00:00,84.36000061035156,84.43000030517578,84.29000091552734,84.43000030517578,183
2026-08-19 22:30:00+00:00,84.31999969482422,84.37000274658203,84.23999786376953,84.36000061035156,127
2026-08-19 22:45:00+00:00,84.4800033569336,84.58999633789062,84.2300033569336,84.30999755859375,688
2026-08-19 23:00:00+00:00,84.54000091552734,84.68000030517578,84.4000015258789,84.4800033569336,802
2026-08-19 23:15:00+00:00,84.52999877929688,84.62000274658203,84.5,84.55000305175781,282
2026-08-19 23:30:00+00:00,84.30000305175781,84.55999755859375,84.29000091552734,84.52999877929688,563
2026-08-19 23:45:00+00:00,84.30000305175781,84.37000274658203,84.26000213623047,84.31999969482422,161
2026-08-20 00:00:00+00:00,84.52999877929688,84.58000183105469,84.23999786376953,84.30000305175781,951
2026-08-20 00:15:00+00:00,84.56999969482422,84.56999969482422,84.41000366210938,84.54000091552734,433
2026-08-20 00:30:00+00:00,84.55999755859375,84.5999984741211,84.48999786376953,84.56999969482422,236
2026-08-20 00:45:00+00:00,84.5999984741211,84.66000366210938,84.55000305175781,84.55999755859375,688
2026-08-20 01:00:00+00:00,84.8499984741211,84.9000015258789,84.58000183105469,84.62000274658203,1526
2026-08-20 01:15:00+00:00,84.5999984741211,84.91999816894531,84.58000183105469,84.87999725341797,1008
2026-08-20 01:30:00+00:00,84.70999908447266,84.77999877929688,84.45999908447266,84.56999969482422,834
2026-08-20 01:45:00+00:00,84.79000091552734,84.83000183105469,84.61000061035156,84.69000244140625,416
2026-08-20 02:00:00+00:00,84.63999938964844,84.81999969482422,84.5999984741211,84.7699966430664,635
2026-08-20 02:15:00+00:00,84.58999633789062,84.68000030517578,84.52999877929688,84.66000366210938,472
2026-08-20 02:30:00+00:00,84.43000030517578,84.58999633789062,84.33000183105469,84.58999633789062,1370
2026-08-20 02:45:00+00:00,84.44000244140625,84.66999816894531,84.27999877929688,84.44000244140625,1208
2026-08-20 03:00:00+00:00,84.44000244140625,84.5199966430664,84.36000061035156,84.44000244140625,599
2026-08-20 03:15:00+00:00,84.37000274658203,84.47000122070312,84.33000183105469,84.44000244140625,1172
2026-08-20 03:30:00+00:00,84.51000213623047,84.54000091552734,84.3499984741211,84.36000061035156,632
2026-08-20 03:45:00+00:00,84.48999786376953,84.62000274658203,84.44000244140625,84.52999877929688,488
2026-08-20 04:00:00+00:00,84.58000183105469,84.61000061035156,84.44000244140625,84.45999908447266,427
2026-08-20 04:15:00+00:00,84.62000274658203,84.62999725341797,84.54000091552734,84.58999633789062,107
2026-08-20 04:30:00+00:00,84.56999969482422,84.66999816894531,84.52999877929688,84.62000274658203,187
2026-08-20 04:45:00+00:00,84.47000122070312,84.55999755859375,84.3499984741211,84.55999755859375,286
2026-08-20 05:00:00+00:00,84.4000015258789,84.4800033569336,84.4000015258789,84.4800033569336,183
2026-08-20 05:15:00+00:00,84.36000061035156,84.5,84.33000183105469,84.4000015258789,381
2026-08-20 05:30:00+00:00,84.52999877929688,84.54000091552734,84.33000183105469,84.3499984741211,381
2026-08-20 05:45:00+00:00,84.55000305175781,84.69000244140625,84.52999877929688,84.54000091552734,514
2026-08-20 06:00:00+00:00,84.5,84.61000061035156,84.41999816894531,84.55000305175781,633
2026-08-20 06:15:00+00:00,84.68000030517578,84.69000244140625,84.4800033569336,84.51000213623047,800
2026-08-20 06:30:00+00:00,84.75,84.81999969482422,84.5999984741211,84.69000244140625,898
2026-08-20 06:45:00+00:00,84.91000366210938,84.93000030517578,84.75,84.75,1160
2026-08-20 07:00:00+00:00,85.20999908447266,85.20999908447266,84.91000366210938,84.91000366210938,2375
2026-08-20 07:15:00+00:00,85.58999633789062,85.5999984741211,85.11000061035156,85.19999694824219,4010
2026-08-20 07:30:00+00:00,85.72000122070312,85.87000274658203,85.51000213623047,85.58999633789062,4248
2026-08-20 07:45:00+00:00,85.62999725341797,85.79000091552734,85.58999633789062,85.72000122070312,1879
2026-08-20 08:00:00+00:00,85.54000091552734,85.62999725341797,85.23999786376953,85.62999725341797,2288
2026-08-20 08:15:00+00:00,86.11000061035156,86.2300033569336,85.51000213623047,85.54000091552734,4672
2026-08-20 08:30:00+00:00,86.33000183105469,86.37000274658203,86.08999633789062,86.12000274658203,4568
2026-08-20 08:45:00+00:00,86.37999725341797,86.47000122070312,86.2699966430664,86.31999969482422,3030
2026-08-20 09:00:00+00:00,86.52999877929688,86.58999633789062,86.2699966430664,86.37000274658203,2640
2026-08-20 09:15:00+00:00,86.55999755859375,86.61000061035156,86.38999938964844,86.55000305175781,2709
2026-08-20 09:30:00+00:00,86.29000091552734,86.5999984741211,86.2699966430664,86.58000183105469,1813
2026-08-20 09:45:00+00:00,86.7699966430664,86.81999969482422,86.27999877929688,86.30000305175781,3197
2026-08-20 10:00:00+00:00,86.6500015258789,86.83999633789062,86.44000244140625,86.77999877929688,2511
2026-08-20 10:15:00+00:00,86.58000183105469,86.72000122070312,86.55000305175781,86.6500015258789,1301
2026-08-20 10:30:00+00:00,86.66000366210938,86.75,86.5,86.58999633789062,2352
2026-08-20 10:45:00+00:00,86.73999786376953,86.79000091552734,86.62000274658203,86.66000366210938,1665
2026-08-20 11:00:00+00:00,86.87000274658203,86.94999694824219,86.69000244140625,86.73999786376953,2150
2026-08-20 11:15:00+00:00,87.05000305175781,87.08000183105469,86.86000061035156,86.87999725341797,2203
2026-08-20 11:30:00+00:00,87.11000061035156,87.23999786376953,87.04000091552734,87.05999755859375,2758
2026-08-20 11:45:00+00:00,87.2300033569336,87.25,86.97000122070312,87.11000061035156,3428
2026-08-20 12:00:00+00:00,87.44999694824219,87.48999786376953,87.18000030517578,87.2300033569336,4801
2026-08-20 12:15:00+00:00,87.56999969482422,87.69000244140625,87.43000030517578,87.44999694824219,5756
2026-08-20 12:30:00+00:00,87.12000274658203,87.5999984741211,86.9800033569336,87.58999633789062,5609
2026-08-20 12:45:00+00:00,86.68000030517578,87.1500015258789,86.66000366210938,87.12000274658203,8320
2026-08-20 13:00:00+00:00,86.58999633789062,86.87999725341797,86.4800033569336,86.68000030517578,7942
2026-08-20 13:15:00+00:00,86.68000030517578,86.75,86.33000183105469,86.5999984741211,9521
2026-08-20 13:30:00+00:00,86.62999725341797,87.01000213623047,86.56999969482422,86.66999816894531,7212
2026-08-20 13:45:00+00:00,86.48999786376953,86.6500015258789,86.22000122070312,86.62999725341797,6676
2026-08-20 14:00:00+00:00,86.4800033569336,86.7699966430664,86.37000274658203,86.5,7071
2026-08-20 14:15:00+00:00,85.9000015258789,86.4800033569336,85.69000244140625,86.4800033569336,9612
2026-08-20 14:30:00+00:00,86.11000061035156,86.23999786376953,85.87999725341797,85.9000015258789,5784
2026-08-20 14:45:00+00:00,86.02999877929688,86.23999786376953,85.94000244140625,86.12999725341797,4939
2026-08-20 15:00:00+00:00,86.26000213623047,86.4000015258789,85.77999877929688,86.02999877929688,8901
2026-08-20 15:15:00+00:00,86.52999877929688,86.58999633789062,86.27999877929688,86.27999877929688,5513
2026-08-20 15:30:00+00:00,86.80000305175781,86.8499984741211,86.4000015258789,86.52999877929688,4641
2026-08-20 15:45:00+00:00,86.51000213623047,86.81999969482422,86.47000122070312,86.77999877929688,3504
2026-08-20 16:00:00+00:00,86.61000061035156,86.73999786376953,86.33999633789062,86.51000213623047,4027
2026-08-20 16:15:00+00:00,86.44999694824219,86.69000244140625,86.44000244140625,86.61000061035156,2308
2026-08-20 16:30:00+00:00,86.3499984741211,86.66000366210938,86.33000183105469,86.47000122070312,3746
2026-08-20 16:45:00+00:00,86.0999984741211,86.4000015258789,86.02999877929688,86.33999633789062,3311
2026-08-20 17:00:00+00:00,86.30999755859375,86.38999938964844,85.87000274658203,86.0999984741211,4761
2026-08-20 17:15:00+00:00,86.47000122070312,86.51000213623047,86.23999786376953,86.31999969482422,2581
2026-08-20 17:30:00+00:00,86.62000274658203,86.72000122070312,86.45999908447266,86.4800033569336,3627
2026-08-20 17:45:00+00:00,86.5199966430664,86.7300033569336,86.48999786376953,86.62999725341797,3456
2026-08-20 18:00:00+00:00,86.47000122070312,86.58000183105469,86.37000274658203,86.5199966430664,6836
2026-08-20 18:15:00+00:00,86.94000244140625,86.9800033569336,86.37000274658203,86.45999908447266,14312
2026-08-20 18:30:00+00:00,86.91000366210938,86.9800033569336,86.73999786376953,86.94000244140625,3913
2026-08-20 18:45:00+00:00,86.86000061035156,86.97000122070312,86.81999969482422,86.9000015258789,1942
2026-08-20 19:00:00+00:00,86.73999786376953,86.87000274658203,86.68000030517578,86.8499984741211,2696
2026-08-20 19:15:00+00:00,86.69000244140625,86.79000091552734,86.63999938964844,86.7300033569336,1069
2026-08-20 19:30:00+00:00,86.62000274658203,86.69999694824219,86.55999755859375,86.69999694824219,945
2026-08-20 19:45:00+00:00,86.5999984741211,86.66999816894531,86.58000183105469,86.62000274658203,870
2026-08-20 20:00:00+00:00,86.55000305175781,86.66000366210938,86.51000213623047,86.5999984741211,690
2026-08-20 20:15:00+00:00,86.56999969482422,86.6500015258789,86.45999908447266,86.52999877929688,1133
2026-08-20 20:30:00+00:00,86.4800033569336,86.58000183105469,86.44999694824219,86.58000183105469,652
2026-08-20 20:45:00+00:00,86.20999908447266,86.5,86.19999694824219,86.47000122070312,2061
2026-08-20 22:00:00+00:00,86.33000183105469,86.44999694824219,86.22000122070312,86.2699966430664,383
2026-08-20 22:15:00+00:00,86.2699966430664,86.3499984741211,86.23999786376953,86.31999969482422,254
2026-08-20 22:30:00+00:00,86.29000091552734,86.33999633789062,86.26000213623047,86.27999877929688,96
2026-08-20 22:45:00+00:00,86.30999755859375,86.31999969482422,86.27999877929688,86.27999877929688,116
2026-08-20 23:00:00+00:00,86.33999633789062,86.37999725341797,86.26000213623047,86.30999755859375,398
2026-08-20 23:15:00+00:00,86.30999755859375,86.33999633789062,86.26000213623047,86.29000091552734,62
2026-08-20 23:30:00+00:00,86.30999755859375,86.31999969482422,86.2699966430664,86.30999755859375,126
2026-08-20 23:45:00+00:00,86.22000122070312,86.30000305175781,86.20999908447266,86.29000091552734,240
2026-08-21 00:00:00+00:00,86.2699966430664,86.27999877929688,86.0999984741211,86.19999694824219,944
2026-08-21 00:15:00+00:00,86.18000030517578,86.2699966430664,86.05999755859375,86.2699966430664,1047
2026-08-21 00:30:00+00:00,86.29000091552734,86.33000183105469,86.16999816894531,86.16999816894531,470
2026-08-21 00:45:00+00:00,86.37000274658203,86.44999694824219,86.27999877929688,86.27999877929688,704
2026-08-21 01:00:00+00:00,86.62000274658203,86.62000274658203,86.2699966430664,86.38999938964844,1109
2026-08-21 01:15:00+00:00,86.5999984741211,86.68000030517578,86.51000213623047,86.61000061035156,861
2026-08-21 01:30:00+00:00,86.83000183105469,86.83999633789062,86.54000091552734,86.5999984741211,801
2026-08-21 01:45:00+00:00,86.7300033569336,86.94000244140625,86.62999725341797,86.8499984741211,634
2026-08-21 02:00:00+00:00,86.7699966430664,86.80999755859375,86.66000366210938,86.72000122070312,336
2026-08-21 02:15:00+00:00,86.75,86.77999877929688,86.62999725341797,86.7699966430664,370
2026-08-21 02:30:00+00:00,86.58999633789062,86.7699966430664,86.56999969482422,86.75,647
2026-08-21 02:45:00+00:00,86.51000213623047,86.69000244140625,86.47000122070312,86.56999969482422,572
2026-08-21 03:00:00+00:00,86.43000030517578,86.55000305175781,86.41000366210938,86.5,404
2026-08-21 03:15:00+00:00,86.37000274658203,86.5199966430664,86.33999633789062,86.43000030517578,483
2026-08-21 03:30:00+00:00,86.54000091552734,86.55999755859375,86.3499984741211,86.37999725341797,215
2026-08-21 03:45:00+00:00,86.45999908447266,86.61000061035156,86.45999908447266,86.54000091552734,249
2026-08-21 04:00:00+00:00,86.45999908447266,86.52999877929688,86.37000274658203,86.4800033569336,243
2026-08-21 04:15:00+00:00,86.5199966430664,86.5199966430664,86.43000030517578,86.45999908447266,149
2026-08-21 04:30:00+00:00,86.44999694824219,86.54000091552734,86.43000030517578,86.5,248
2026-08-21 04:45:00+00:00,86.23999786376953,86.45999908447266,86.2300033569336,86.44999694824219,452
2026-08-21 05:00:00+00:00,86.22000122070312,86.26000213623047,86.12999725341797,86.23999786376953,689
2026-08-21 05:15:00+00:00,86.44999694824219,86.47000122070312,86.22000122070312,86.2300033569336,544
2026-08-21 05:30:00+00:00,86.44999694824219,86.5,86.30999755859375,86.45999908447266,368
2026-08-21 05:45:00+00:00,86.16999816894531,86.47000122070312,86.13999938964844,86.41999816894531,499
2026-08-21 06:00:00+00:00,86.19000244140625,86.31999969482422,86.0999984741211,86.19000244140625,775
2026-08-21 06:15:00+00:00,86.37999725341797,86.44999694824219,86.1500015258789,86.19000244140625,433
2026-08-21 06:30:00+00:00,86.4000015258789,86.44000244140625,86.29000091552734,86.38999938964844,855
2026-08-21 06:45:00+00:00,86.29000091552734,86.5,86.2699966430664,86.38999938964844,528
2026-08-21 07:00:00+00:00,86.1500015258789,86.45999908447266,86.08999633789062,86.33000183105469,1798
2026-08-21 07:15:00+00:00,86.41999816894531,86.43000030517578,86.11000061035156,86.13999938964844,1073
2026-08-21 07:30:00+00:00,86.43000030517578,86.44999694824219,86.25,86.43000030517578,1047
2026-08-21 07:45:00+00:00,86.37999725341797,86.5,86.13999938964844,86.41999816894531,1936
2026-08-21 08:00:00+00:00,86.5,86.79000091552734,86.33999633789062,86.36000061035156,3396
2026-08-21 08:15:00+00:00,86.11000061035156,86.5999984741211,86.0,86.5,3144
2026-08-21 08:30:00+00:00,86.11000061035156,86.38999938964844,85.95999908447266,86.11000061035156,2145
2026-08-21 08:45:00+00:00,85.93000030517578,86.19000244140625,85.91999816894531,86.12999725341797,1370
2026-08-21 09:00:00+00:00,86.08999633789062,86.12999725341797,85.80000305175781,85.93000030517578,1993
2026-08-21 09:15:00+00:00,86.20999908447266,86.2699966430664,86.05999755859375,86.08000183105469,865
2026-08-21 09:30:00+00:00,86.37999725341797,86.41000366210938,86.05999755859375,86.22000122070312,1704
2026-08-21 09:45:00+00:00,86.55000305175781,86.58000183105469,86.3499984741211,86.37999725341797,1636
2026-08-21 10:00:00+00:00,87.30999755859375,87.51000213623047,86.55999755859375,86.55999755859375,6251
2026-08-21 10:15:00+00:00,86.61000061035156,87.37000274658203,86.61000061035156,87.30999755859375,3211
2026-08-21 10:30:00+00:00,86.81999969482422,86.86000061035156,86.58999633789062,86.5999984741211,1454
2026-08-21 10:45:00+00:00,87.05000305175781,87.19000244140625,86.76000213623047,86.81999969482422,2447
2026-08-21 11:00:00+00:00,87.22000122070312,87.23999786376953,87.0,87.05000305175781,1530
2026-08-21 11:15:00+00:00,86.43000030517578,87.2699966430664,86.33000183105469,87.20999908447266,6556
2026-08-21 11:30:00+00:00,86.47000122070312,86.55999755859375,86.11000061035156,86.43000030517578,3385
2026-08-21 11:45:00+00:00,86.95999908447266,86.97000122070312,86.43000030517578,86.47000122070312,2617
2026-08-21 12:00:00+00:00,87.12999725341797,87.16000366210938,86.76000213623047,86.95999908447266,3567
2026-08-21 12:15:00+00:00,87.02999877929688,87.33000183105469,87.01000213623047,87.12000274658203,3496
2026-08-21 12:30:00+00:00,86.80999755859375,87.08000183105469,86.76000213623047,87.05000305175781,2072
2026-08-21 12:45:00+00:00,86.87000274658203,87.1500015258789,86.80000305175781,86.83000183105469,2774
2026-08-21 13:00:00+00:00,86.77999877929688,86.94999694824219,86.58000183105469,86.87999725341797,5008
2026-08-21 13:15:00+00:00,86.91000366210938,87.08000183105469,86.70999908447266,86.77999877929688,4462
2026-08-21 13:30:00+00:00,86.76000213623047,87.11000061035156,86.69000244140625,86.91000366210938,5793
2026-08-21 13:45:00+00:00,86.45999908447266,86.79000091552734,86.43000030517578,86.77999877929688,4452
2026-08-21 14:00:00+00:00,86.5999984741211,86.61000061035156,86.27999877929688,86.47000122070312,5180
2026-08-21 14:15:00+00:00,86.41999816894531,86.63999938964844,86.2300033569336,86.58999633789062,4118
2026-08-21 14:30:00+00:00,86.41000366210938,86.77999877929688,86.33000183105469,86.41000366210938,4312
2026-08-21 14:45:00+00:00,86.52999877929688,86.69000244140625,86.36000061035156,86.41999816894531,3861
2026-08-21 15:00:00+00:00,86.6500015258789,86.70999908447266,86.13999938964844,86.52999877929688,3808
2026-08-21 15:15:00+00:00,86.43000030517578,86.86000061035156,86.41999816894531,86.66999816894531,5651
2026-08-21 15:30:00+00:00,86.87000274658203,87.06999969482422,86.37999725341797,86.44000244140625,4582
2026-08-21 15:45:00+00:00,86.80999755859375,86.94000244140625,86.7300033569336,86.86000061035156,2995
2026-08-21 16:00:00+00:00,86.87000274658203,87.01000213623047,86.76000213623047,86.80999755859375,3763
2026-08-21 16:15:00+00:00,86.58000183105469,86.98999786376953,86.5,86.87000274658203,5891
2026-08-21 16:30:00+00:00,86.83000183105469,86.93000030517578,86.51000213623047,86.58000183105469,3169
2026-08-21 16:45:00+00:00,86.93000030517578,86.94999694824219,86.69000244140625,86.83999633789062,2611
2026-08-21 17:00:00+00:00,87.11000061035156,87.20999908447266,86.87000274658203,86.93000030517578,4079
2026-08-21 17:15:00+00:00,87.25,87.27999877929688,87.0,87.11000061035156,4004
2026-08-21 17:30:00+00:00,87.16999816894531,87.45999908447266,87.1500015258789,87.25,7390
2026-08-21 17:45:00+00:00,87.31999969482422,87.4000015258789,87.1500015258789,87.16999816894531,4594
2026-08-21 18:00:00+00:00,87.16999816894531,87.33000183105469,87.0199966430664,87.33000183105469,4297
2026-08-21 18:15:00+00:00,87.06999969482422,87.31999969482422,86.94000244140625,87.16999816894531,16017
2026-08-21 18:30:00+00:00,86.9800033569336,87.16999816894531,86.94000244140625,87.08000183105469,4423
2026-08-21 18:45:00+00:00,87.02999877929688,87.12999725341797,86.9000015258789,86.97000122070312,2667
2026-08-21 19:00:00+00:00,86.80000305175781,87.0199966430664,86.7699966430664,87.0199966430664,2823
2026-08-21 19:15:00+00:00,86.81999969482422,86.95999908447266,86.79000091552734,86.80999755859375,1580
2026-08-21 19:30:00+00:00,86.80999755859375,86.91999816894531,86.72000122070312,86.80999755859375,3013
2026-08-21 19:45:00+00:00,86.6500015258789,86.87000274658203,86.61000061035156,86.79000091552734,2233
2026-08-21 20:00:00+00:00,86.66000366210938,86.69999694824219,86.58999633789062,86.6500015258789,792
2026-08-21 20:15:00+00:00,86.8499984741211,86.87999725341797,86.62999725341797,86.66000366210938,600
2026-08-21 20:30:00+00:00,86.81999969482422,86.8499984741211,86.76000213623047,86.83999633789062,607
2026-08-21 20:45:00+00:00,87.05999755859375,87.05999755859375,86.63999938964844,86.83000183105469,1353
2026-08-23 22:00:00+00:00,86.4000015258789,86.45999908447266,86.37000274658203,86.38999938964844,103
2026-08-23 22:15:00+00:00,86.41000366210938,86.44000244140625,86.36000061035156,86.41000366210938,358
2026-08-23 22:30:00+00:00,86.36000061035156,86.41000366210938,86.30999755859375,86.4000015258789,391
2026-08-23 22:45:00+00:00,86.26000213623047,86.36000061035156,86.23999786376953,86.3499984741211,344
2026-08-23 23:00:00+00:00,86.16999816894531,86.27999877929688,86.0999984741211,86.2699966430664,516
2026-08-23 23:15:00+00:00,86.12000274658203,86.16999816894531,86.11000061035156,86.16999816894531,179
2026-08-23 23:30:00+00:00,86.13999938964844,86.20999908447266,86.12999725341797,86.13999938964844,149
2026-08-23 23:45:00+00:00,86.0199966430664,86.18000030517578,85.9800033569336,86.16000366210938,729
2026-08-24 00:00:00+00:00,86.16000366210938,86.22000122070312,85.95999908447266,86.01000213623047,618
2026-08-24 00:15:00+00:00,85.94999694824219,86.16999816894531,85.9000015258789,86.16999816894531,898
2026-08-24 00:30:00+00:00,85.63999938964844,85.94999694824219,85.61000061035156,85.94000244140625,1703
2026-08-24 00:45:00+00:00,85.83000183105469,85.87999725341797,85.61000061035156,85.62000274658203,824
2026-08-24 01:00:00+00:00,85.4000015258789,85.8499984741211,85.31999969482422,85.83000183105469,2627
2026-08-24 01:15:00+00:00,85.1500015258789,85.41999816894531,84.83999633789062,85.38999938964844,3430
2026-08-24 01:30:00+00:00,85.30000305175781,85.45999908447266,85.0999984741211,85.12999725341797,1722
2026-08-24 01:45:00+00:00,85.36000061035156,85.41000366210938,85.2300033569336,85.31999969482422,898
2026-08-24 02:00:00+00:00,85.33000183105469,85.44999694824219,85.22000122070312,85.3499984741211,798
2026-08-24 02:15:00+00:00,85.51000213623047,85.52999877929688,85.31999969482422,85.33000183105469,479
2026-08-24 02:30:00+00:00,85.61000061035156,85.73999786376953,85.5199966430664,85.5199966430664,1431
2026-08-24 02:45:00+00:00,85.69000244140625,85.7300033569336,85.47000122070312,85.61000061035156,639
2026-08-24 03:00:00+00:00,85.66999816894531,85.79000091552734,85.62999725341797,85.69999694824219,520
2026-08-24 03:15:00+00:00,85.70999908447266,85.7699966430664,85.66000366210938,85.66999816894531,273
2026-08-24 03:30:00+00:00,85.72000122070312,85.79000091552734,85.68000030517578,85.69999694824219,395
2026-08-24 03:45:00+00:00,85.62999725341797,85.70999908447266,85.58000183105469,85.70999908447266,261
2026-08-24 04:00:00+00:00,85.5999984741211,85.76000213623047,85.58999633789062,85.61000061035156,342
2026-08-24 04:15:00+00:00,85.61000061035156,85.63999938964844,85.51000213623047,85.58999633789062,864
2026-08-24 04:30:00+00:00,85.61000061035156,85.68000030517578,85.54000091552734,85.62000274658203,277
2026-08-24 04:45:00+00:00,85.61000061035156,85.76000213623047,85.5999984741211,85.61000061035156,273
2026-08-24 05:00:00+00:00,85.66999816894531,85.69000244140625,85.58000183105469,85.62000274658203,384
2026-08-24 05:15:00+00:00,85.55999755859375,85.6500015258789,85.51000213623047,85.6500015258789,426
2026-08-24 05:30:00+00:00,85.75,85.76000213623047,85.47000122070312,85.55000305175781,629
2026-08-24 05:45:00+00:00,85.55999755859375,85.7699966430664,85.55999755859375,85.76000213623047,364
2026-08-24 06:00:00+00:00,85.29000091552734,85.6500015258789,85.29000091552734,85.58999633789062,984
2026-08-24 06:15:00+00:00,85.44000244140625,85.45999908447266,85.2300033569336,85.30000305175781,808
2026-08-24 06:30:00+00:00,85.2300033569336,85.4800033569336,85.1500015258789,85.43000030517578,1005
2026-08-24 06:45:00+00:00,85.18000030517578,85.38999938964844,85.16999816894531,85.23999786376953,1331
2026-08-24 07:00:00+00:00,85.2300033569336,85.2699966430664,85.05000305175781,85.19000244140625,1521
2026-08-24 07:15:00+00:00,85.29000091552734,85.37999725341797,85.12000274658203,85.2300033569336,1063
2026-08-24 07:30:00+00:00,85.51000213623047,85.69999694824219,85.05000305175781,85.27999877929688,2038
2026-08-24 07:45:00+00:00,85.66999816894531,85.72000122070312,85.36000061035156,85.54000091552734,1866
2026-08-24 08:00:00+00:00,85.51000213623047,85.80999755859375,85.3499984741211,85.66000366210938,2128
2026-08-24 08:15:00+00:00,85.56999969482422,85.75,85.41000366210938,85.54000091552734,2602
2026-08-24 08:30:00+00:00,85.18000030517578,85.58999633789062,85.0999984741211,85.55999755859375,2918
2026-08-24 08:45:00+00:00,84.95999908447266,85.31999969482422,84.69000244140625,85.18000030517578,3558
2026-08-24 09:00:00+00:00,85.05999755859375,85.0999984741211,84.7699966430664,84.97000122070312,1707
2026-08-24 09:15:00+00:00,85.38999938964844,85.4800033569336,85.0199966430664,85.05999755859375,1664
2026-08-24 09:30:00+00:00,85.31999969482422,85.41999816894531,85.08999633789062,85.37999725341797,1303
2026-08-24 09:45:00+00:00,85.1500015258789,85.30999755859375,84.9800033569336,85.30999755859375,2372
2026-08-24 10:00:00+00:00,85.08000183105469,85.2300033569336,84.94000244140625,85.16000366210938,1214
2026-08-24 10:15:00+00:00,84.98999786376953,85.12999725341797,84.94000244140625,85.06999969482422,991
2026-08-24 10:30:00+00:00,85.19999694824219,85.20999908447266,84.88999938964844,84.98999786376953,915
2026-08-24 10:45:00+00:00,85.38999938964844,85.38999938964844,85.12999725341797,85.20999908447266,1580
2026-08-24 11:00:00+00:00,85.22000122070312,85.41000366210938,85.11000061035156,85.37000274658203,1170
2026-08-24 11:15:00+00:00,85.48999786376953,85.52999877929688,85.19000244140625,85.20999908447266,1232
2026-08-24 11:30:00+00:00,85.1500015258789,85.58999633789062,85.02999877929688,85.48999786376953,2538
2026-08-24 11:45:00+00:00,85.37999725341797,85.43000030517578,85.06999969482422,85.1500015258789,1104
2026-08-24 12:00:00+00:00,85.5199966430664,85.52999877929688,85.26000213623047,85.37999725341797,2347
2026-08-24 12:15:00+00:00,85.45999908447266,85.62000274658203,85.3499984741211,85.5199966430664,2052
2026-08-24 12:30:00+00:00,85.62000274658203,86.23999786376953,85.08000183105469,85.47000122070312,7550
2026-08-24 12:45:00+00:00,85.54000091552734,85.69000244140625,85.4800033569336,85.5999984741211,2525
2026-08-24 13:00:00+00:00,85.51000213623047,85.7699966430664,85.31999969482422,85.55000305175781,5579
2026-08-24 13:15:00+00:00,85.91000366210938,85.94000244140625,85.4800033569336,85.5199966430664,5702
2026-08-24 13:30:00+00:00,85.66000366210938,86.05000305175781,85.58999633789062,85.91999816894531,5714
2026-08-24 13:45:00+00:00,85.38999938964844,85.77999877929688,85.31999969482422,85.66000366210938,4218
2026-08-24 14:00:00+00:00,85.3499984741211,85.55000305175781,85.22000122070312,85.37999725341797,3784
2026-08-24 14:15:00+00:00,84.91999816894531,85.38999938964844,84.76000213623047,85.36000061035156,5266
2026-08-24 14:30:00+00:00,85.16999816894531,85.23999786376953,84.9000015258789,84.91999816894531,4094
2026-08-24 14:45:00+00:00,85.0,85.19000244140625,84.81999969482422,85.16999816894531,4546
2026-08-24 15:00:00+00:00,85.0,85.16000366210938,84.83999633789062,85.0,3914
2026-08-24 15:15:00+00:00,84.4800033569336,85.12999725341797,84.44000244140625,85.0,8489
2026-08-24 15:30:00+00:00,84.81999969482422,84.86000061035156,84.36000061035156,84.45999908447266,6444
2026-08-24 15:45:00+00:00,84.80000305175781,84.87000274658203,84.62999725341797,84.81999969482422,3628
2026-08-24 16:00:00+00:00,84.98999786376953,85.0,84.72000122070312,84.80999755859375,2435
2026-08-24 16:15:00+00:00,85.27999877929688,85.36000061035156,84.9800033569336,84.98999786376953,4363
2026-08-24 16:30:00+00:00,85.36000061035156,85.41999816894531,85.08000183105469,85.27999877929688,3144
2026-08-24 16:45:00+00:00,85.22000122070312,85.41000366210938,85.20999908447266,85.37000274658203,2000
2026-08-24 17:00:00+00:00,84.91999816894531,85.23999786376953,84.72000122070312,85.22000122070312,5487
2026-08-24 17:15:00+00:00,84.8499984741211,85.16000366210938,84.69000244140625,84.91000366210938,4205
2026-08-24 17:30:00+00:00,84.88999938964844,85.05999755859375,84.81999969482422,84.8499984741211,1995
2026-08-24 17:45:00+00:00,84.80999755859375,84.9800033569336,84.69999694824219,84.87000274658203,3235
2026-08-24 18:00:00+00:00,84.83000183105469,84.8499984741211,84.66000366210938,84.80999755859375,2663
2026-08-24 18:15:00+00:00,84.9800033569336,85.08000183105469,84.7300033569336,84.83000183105469,9043
2026-08-24 18:30:00+00:00,85.16999816894531,85.19000244140625,84.87999725341797,84.98999786376953,4151
2026-08-24 18:45:00+00:00,85.18000030517578,85.26000213623047,85.13999938964844,85.18000030517578,3409
2026-08-24 19:00:00+00:00,85.23999786376953,85.29000091552734,85.16000366210938,85.18000030517578,1234
2026-08-24 19:15:00+00:00,85.19000244140625,85.26000213623047,85.18000030517578,85.2300033569336,983
2026-08-24 19:30:00+00:00,85.04000091552734,85.22000122070312,84.98999786376953,85.20999908447266,1421
2026-08-24 19:45:00+00:00,85.02999877929688,85.05999755859375,84.98999786376953,85.01000213623047,929
2026-08-24 20:00:00+00:00,85.02999877929688,85.08000183105469,84.94999694824219,85.04000091552734,522
2026-08-24 20:15:00+00:00,84.95999908447266,85.05000305175781,84.94000244140625,85.0199966430664,527
2026-08-24 20:30:00+00:00,84.88999938964844,84.95999908447266,84.83999633789062,84.95999908447266,844
2026-08-24 20:45:00+00:00,84.9800033569336,85.0,84.86000061035156,84.87999725341797,859
2026-08-24 22:00:00+00:00,85.0199966430664,85.12000274658203,84.97000122070312,85.02999877929688,215
2026-08-24 22:15:00+00:00,85.06999969482422,85.08999633789062,84.98999786376953,85.0199966430664,150
2026-08-24 22:30:00+00:00,85.08999633789062,85.0999984741211,85.05999755859375,85.08000183105469,50
2026-08-24 22:45:00+00:00,85.0999984741211,85.12999725341797,85.08000183105469,85.0999984741211,90
2026-08-24 23:00:00+00:00,85.1500015258789,85.16000366210938,85.08999633789062,85.11000061035156,121
2026-08-24 23:15:00+00:00,85.18000030517578,85.20999908447266,85.12999725341797,85.16000366210938,100
2026-08-24 23:30:00+00:00,85.16999816894531,85.23999786376953,85.11000061035156,85.18000030517578,134
2026-08-24 23:45:00+00:00,85.19000244140625,85.2300033569336,85.16000366210938,85.19999694824219,83
2026-08-25 00:00:00+00:00,85.13999938964844,85.25,85.08000183105469,85.19999694824219,620
2026-08-25 00:15:00+00:00,85.11000061035156,85.16999816894531,85.06999969482422,85.1500015258789,243
2026-08-25 00:30:00+00:00,84.91000366210938,85.11000061035156,84.91000366210938,85.11000061035156,360
2026-08-25 00:45:00+00:00,84.77999877929688,84.95999908447266,84.75,84.91000366210938,618
2026-08-25 01:00:00+00:00,85.13999938964844,85.3499984741211,84.7300033569336,84.7699966430664,1611
2026-08-25 01:15:00+00:00,85.23999786376953,85.33999633789062,85.05999755859375,85.13999938964844,738
2026-08-25 01:30:00+00:00,85.37000274658203,85.4000015258789,85.11000061035156,85.25,669
2026-08-25 01:45:00+00:00,85.45999908447266,85.48999786376953,85.31999969482422,85.37000274658203,642
2026-08-25 02:00:00+00:00,85.76000213623047,85.83999633789062,85.41999816894531,85.47000122070312,1388
2026-08-25 02:15:00+00:00,85.69999694824219,85.80999755859375,85.66999816894531,85.7699966430664,486
2026-08-25 02:30:00+00:00,85.61000061035156,85.80999755859375,85.58000183105469,85.70999908447266,785
2026-08-25 02:45:00+00:00,85.55999755859375,85.63999938964844,85.47000122070312,85.61000061035156,629
2026-08-25 03:00:00+00:00,85.33999633789062,85.5999984741211,85.20999908447266,85.55999755859375,960
2026-08-25 03:15:00+00:00,85.3499984741211,85.37000274658203,85.12999725341797,85.33999633789062,873
2026-08-25 03:30:00+00:00,85.41999816894531,85.41999816894531,85.31999969482422,85.36000061035156,197
2026-08-25 03:45:00+00:00,85.43000030517578,85.44999694824219,85.37999725341797,85.41999816894531,154
2026-08-25 04:00:00+00:00,85.36000061035156,85.48999786376953,85.3499984741211,85.44000244140625,322
2026-08-25 04:15:00+00:00,85.2699966430664,85.37000274658203,85.22000122070312,85.36000061035156,494
2026-08-25 04:30:00+00:00,85.11000061035156,85.2699966430664,85.06999969482422,85.2699966430664,355
2026-08-25 04:45:00+00:00,85.08000183105469,85.12999725341797,85.05999755859375,85.12000274658203,219
2026-08-25 05:00:00+00:00,84.97000122070312,85.08999633789062,84.95999908447266,85.06999969482422,478
2026-08-25 05:15:00+00:00,84.95999908447266,84.98999786376953,84.91000366210938,84.9800033569336,300
2026-08-25 05:30:00+00:00,84.93000030517578,85.08999633789062,84.81999969482422,84.97000122070312,680
2026-08-25 05:45:00+00:00,84.47000122070312,84.98999786376953,84.27999877929688,84.94000244140625,2740
2026-08-25 06:00:00+00:00,84.27999877929688,84.52999877929688,84.19999694824219,84.47000122070312,1959
2026-08-25 06:15:00+00:00,84.20999908447266,84.3499984741211,84.13999938964844,84.27999877929688,1207
2026-08-25 06:30:00+00:00,84.45999908447266,84.61000061035156,84.11000061035156,84.19999694824219,1836
2026-08-25 06:45:00+00:00,84.26000213623047,84.58999633789062,84.12999725341797,84.47000122070312,1574
2026-08-25 07:00:00+00:00,84.41000366210938,84.44000244140625,84.12000274658203,84.2699966430664,1461
2026-08-25 07:15:00+00:00,84.44999694824219,84.54000091552734,84.25,84.4000015258789,1391
2026-08-25 07:30:00+00:00,84.37000274658203,84.55999755859375,84.25,84.45999908447266,1616
2026-08-25 07:45:00+00:00,84.55000305175781,84.5999984741211,84.30999755859375,84.37999725341797,1092
2026-08-25 08:00:00+00:00,84.58999633789062,84.70999908447266,84.5199966430664,84.55000305175781,1089
2026-08-25 08:15:00+00:00,83.93000030517578,84.62000274658203,83.5,84.56999969482422,7319
2026-08-25 08:30:00+00:00,83.43000030517578,84.08999633789062,83.41999816894531,83.93000030517578,4727
2026-08-25 08:45:00+00:00,83.0199966430664,83.51000213623047,82.8499984741211,83.41999816894531,6276
2026-08-25 09:00:00+00:00,82.87999725341797,83.08000183105469,82.66999816894531,83.01000213623047,4449
2026-08-25 09:15:00+00:00,82.69999694824219,82.9800033569336,82.48999786376953,82.87999725341797,3967
2026-08-25 09:30:00+00:00,82.31999969482422,82.73999786376953,82.19999694824219,82.68000030517578,5644
2026-08-25 09:45:00+00:00,82.12000274658203,82.37999725341797,82.04000091552734,82.30999755859375,4327
2026-08-25 10:00:00+00:00,82.48999786376953,82.61000061035156,82.12000274658203,82.12000274658203,4297
2026-08-25 10:15:00+00:00,82.4000015258789,82.56999969482422,82.37000274658203,82.4800033569336,2108
2026-08-25 10:30:00+00:00,82.55999755859375,82.58000183105469,82.2699966430664,82.38999938964844,2084
2026-08-25 10:45:00+00:00,82.44999694824219,82.58999633789062,82.41000366210938,82.55999755859375,1733
2026-08-25 11:00:00+00:00,82.44000244140625,82.7300033569336,82.30000305175781,82.47000122070312,2420
2026-08-25 11:15:00+00:00,82.51000213623047,82.66000366210938,82.41000366210938,82.43000030517578,1632
2026-08-25 11:30:00+00:00,82.18000030517578,82.48999786376953,82.1500015258789,82.48999786376953,2368
2026-08-25 11:45:00+00:00,81.94999694824219,82.18000030517578,81.81999969482422,82.18000030517578,5532
2026-08-25 12:00:00+00:00,82.30999755859375,82.3499984741211,81.87999725341797,81.97000122070312,4818
2026-08-25 12:15:00+00:00,82.33999633789062,82.5999984741211,82.19000244140625,82.30999755859375,3824
2026-08-25 12:30:00+00:00,82.44000244140625,82.55000305175781,82.2699966430664,82.33999633789062,2772
2026-08-25 12:45:00+00:00,82.19999694824219,82.44000244140625,82.12000274658203,82.44000244140625,2854
2026-08-25 13:00:00+00:00,82.0,82.27999877929688,81.80999755859375,82.20999908447266,6198
2026-08-25 13:15:00+00:00,82.4000015258789,82.62999725341797,81.98999786376953,82.01000213623047,5514
2026-08-25 13:30:00+00:00,82.2300033569336,82.63999938964844,82.19000244140625,82.4000015258789,4547
2026-08-25 13:45:00+00:00,82.43000030517578,82.48999786376953,82.13999938964844,82.22000122070312,4277
2026-08-25 14:00:00+00:00,82.38999938964844,82.88999938964844,82.30000305175781,82.44000244140625,8050
2026-08-25 14:15:00+00:00,82.58999633789062,82.63999938964844,82.33999633789062,82.38999938964844,4264
2026-08-25 14:30:00+00:00,82.5199966430664,83.30999755859375,82.51000213623047,82.5999984741211,8643
2026-08-25 14:45:00+00:00,82.5,82.63999938964844,82.30000305175781,82.52999877929688,4804
2026-08-25 15:00:00+00:00,82.43000030517578,82.69000244140625,82.43000030517578,82.4800033569336,2920
2026-08-25 15:15:00+00:00,82.41999816894531,82.55000305175781,82.1500015258789,82.43000030517578,5488
2026-08-25 15:30:00+00:00,81.69000244140625,82.43000030517578,81.54000091552734,82.41999816894531,14371
2026-08-25 15:45:00+00:00,82.08999633789062,82.16999816894531,81.62999725341797,81.69000244140625,5613
2026-08-25 16:00:00+00:00,82.16000366210938,82.23999786376953,82.05000305175781,82.0999984741211,4302
2026-08-25 16:15:00+00:00,82.31999969482422,82.36000061035156,82.0199966430664,82.1500015258789,4116
2026-08-25 16:30:00+00:00,82.27999877929688,82.37999725341797,82.18000030517578,82.30999755859375,3400
2026-08-25 16:45:00+00:00,82.18000030517578,82.41999816894531,82.12000274658203,82.2699966430664,4458
2026-08-25 17:00:00+00:00,82.18000030517578,82.23999786376953,82.06999969482422,82.16999816894531,3652
2026-08-25 17:15:00+00:00,82.20999908447266,82.4000015258789,82.1500015258789,82.16999816894531,4033
2026-08-25 17:30:00+00:00,82.27999877929688,82.31999969482422,82.18000030517578,82.22000122070312,2440
2026-08-25 17:45:00+00:00,82.12999725341797,82.29000091552734,82.0999984741211,82.2699966430664,3245
2026-08-25 18:00:00+00:00,82.13999938964844,82.23999786376953,82.08000183105469,82.13999938964844,3334
2026-08-25 18:15:00+00:00,82.29000091552734,82.44999694824219,82.06999969482422,82.13999938964844,11901
2026-08-25 18:30:00+00:00,82.38999938964844,82.45999908447266,82.27999877929688,82.30000305175781,2411
2026-08-25 18:45:00+00:00,82.30000305175781,82.4000015258789,82.23999786376953,82.38999938964844,1139
2026-08-25 19:00:00+00:00,82.30000305175781,82.38999938964844,82.2300033569336,82.30000305175781,1865
2026-08-25 19:15:00+00:00,82.23999786376953,82.30999755859375,82.16000366210938,82.30000305175781,2604
2026-08-25 19:30:00+00:00,81.98999786376953,82.30000305175781,81.94999694824219,82.25,2344
2026-08-25 19:45:00+00:00,81.12000274658203,82.05000305175781,81.08999633789062,81.98999786376953,8904
2026-08-25 20:00:00+00:00,80.52999877929688,81.12999725341797,80.43000030517578,81.12999725341797,7604
2026-08-25 20:15:00+00:00,80.69000244140625,80.80999755859375,80.2300033569336,80.5199966430664,5584
2026-08-25 20:30:00+00:00,80.8499984741211,80.9000015258789,80.5999984741211,80.66000366210938,2646
2026-08-25 20:45:00+00:00,81.11000061035156,81.23999786376953,80.80000305175781,80.83000183105469,2543
2026-08-25 22:00:00+00:00,81.19999694824219,81.30999755859375,81.08999633789062,81.11000061035156,343
2026-08-25 22:15:00+00:00,81.01000213623047,81.20999908447266,80.93000030517578,81.20999908447266,772
2026-08-25 22:30:00+00:00,80.97000122070312,81.02999877929688,80.94999694824219,81.01000213623047,245
2026-08-25 22:45:00+00:00,81.01000213623047,81.08999633789062,80.97000122070312,80.98999786376953,233
2026-08-25 23:00:00+00:00,80.9800033569336,81.0199966430664,80.95999908447266,81.0199966430664,163
2026-08-25 23:15:00+00:00,81.0,81.0199966430664,80.95999908447266,80.97000122070312,124
2026-08-25 23:30:00+00:00,81.04000091552734,81.05000305175781,80.98999786376953,81.0,166
2026-08-25 23:45:00+00:00,80.9800033569336,81.1500015258789,80.97000122070312,81.04000091552734,511
2026-08-26 00:00:00+00:00,80.88999938964844,81.12000274658203,80.83000183105469,80.97000122070312,1133
2026-08-26 00:15:00+00:00,80.91999816894531,80.95999908447266,80.80000305175781,80.9000015258789,647
2026-08-26 00:30:00+00:00,80.70999908447266,81.0,80.69000244140625,80.91999816894531,1064
2026-08-26 00:45:00+00:00,80.72000122070312,80.83999633789062,80.58000183105469,80.70999908447266,1380
2026-08-26 01:00:00+00:00,80.38999938964844,80.72000122070312,80.33000183105469,80.70999908447266,3134
2026-08-26 01:15:00+00:00,80.55000305175781,80.56999969482422,80.3499984741211,80.37999725341797,743
2026-08-26 01:30:00+00:00,80.44999694824219,80.62000274658203,80.3499984741211,80.54000091552734,1167
2026-08-26 01:45:00+00:00,80.54000091552734,80.69000244140625,80.44000244140625,80.45999908447266,553
2026-08-26 02:00:00+00:00,80.29000091552734,80.54000091552734,80.26000213623047,80.5199966430664,1089
2026-08-26 02:15:00+00:00,80.3499984741211,80.4000015258789,80.2699966430664,80.30000305175781,696
2026-08-26 02:30:00+00:00,80.38999938964844,80.55000305175781,80.33000183105469,80.3499984741211,999
2026-08-26 02:45:00+00:00,80.41000366210938,80.41999816894531,80.12999725341797,80.38999938964844,1041
2026-08-26 03:00:00+00:00,80.27999877929688,80.41999816894531,80.19999694824219,80.4000015258789,671
2026-08-26 03:15:00+00:00,80.2699966430664,80.29000091552734,80.08000183105469,80.2699966430664,856
2026-08-26 03:30:00+00:00,80.27999877929688,80.30999755859375,80.18000030517578,80.27999877929688,558
2026-08-26 03:45:00+00:00,80.2699966430664,80.31999969482422,80.23999786376953,80.2699966430664,437
2026-08-26 04:00:00+00:00,80.4000015258789,80.43000030517578,80.26000213623047,80.2699966430664,643
2026-08-26 04:15:00+00:00,80.31999969482422,80.43000030517578,80.25,80.41000366210938,498
2026-08-26 04:30:00+00:00,80.29000091552734,80.33999633789062,80.2699966430664,80.31999969482422,223
2026-08-26 04:45:00+00:00,80.61000061035156,80.63999938964844,80.25,80.27999877929688,883
2026-08-26 05:00:00+00:00,80.58999633789062,80.62000274658203,80.43000030517578,80.61000061035156,650
2026-08-26 05:15:00+00:00,80.76000213623047,80.7699966430664,80.58999633789062,80.58999633789062,628
2026-08-26 05:30:00+00:00,80.87999725341797,80.9000015258789,80.62999725341797,80.75,1025
2026-08-26 05:45:00+00:00,80.76000213623047,80.91999816894531,80.7300033569336,80.9000015258789,702
2026-08-26 06:00:00+00:00,80.87999725341797,80.88999938964844,80.69999694824219,80.77999877929688,599
2026-08-26 06:15:00+00:00,80.8499984741211,80.94000244140625,80.76000213623047,80.87000274658203,583
2026-08-26 06:30:00+00:00,80.30999755859375,80.83999633789062,80.30999755859375,80.80999755859375,2764
2026-08-26 06:45:00+00:00,80.47000122070312,80.51000213623047,80.27999877929688,80.30999755859375,1355
2026-08-26 07:00:00+00:00,80.2699966430664,80.62999725341797,80.20999908447266,80.4800033569336,2066
2026-08-26 07:15:00+00:00,80.27999877929688,80.37000274658203,80.16999816894531,80.2699966430664,1744
2026-08-26 07:30:00+00:00,80.04000091552734,80.33999633789062,80.0199966430664,80.2699966430664,2267
2026-08-26 07:45:00+00:00,79.91000366210938,80.16000366210938,79.8499984741211,80.02999877929688,2880
2026-08-26 08:00:00+00:00,80.27999877929688,80.30000305175781,79.88999938964844,79.9000015258789,2228
2026-08-26 08:15:00+00:00,80.04000091552734,80.52999877929688,80.04000091552734,80.27999877929688,2934
2026-08-26 08:30:00+00:00,79.93000030517578,80.25,79.68000030517578,80.05999755859375,4322
2026-08-26 08:45:00+00:00,79.83999633789062,80.02999877929688,79.68000030517578,79.93000030517578,1566
2026-08-26 09:00:00+00:00,79.94000244140625,79.98999786376953,79.7300033569336,79.83999633789062,2238
2026-08-26 09:15:00+00:00,80.19999694824219,80.19999694824219,79.62000274658203,79.93000030517578,4138
2026-08-26 09:30:00+00:00,79.83999633789062,80.25,79.79000091552734,80.19000244140625,1618
2026-08-26 09:45:00+00:00,80.12000274658203,80.12000274658203,79.83000183105469,79.8499984741211,2489
2026-08-26 10:00:00+00:00,80.16000366210938,80.22000122070312,80.0199966430664,80.12999725341797,2298
2026-08-26 10:15:00+00:00,80.1500015258789,80.33000183105469,79.95999908447266,80.1500015258789,1982
2026-08-26 10:30:00+00:00,80.19000244140625,80.2699966430664,80.06999969482422,80.16000366210938,1029
2026-08-26 10:45:00+00:00,80.2300033569336,80.41999816894531,80.18000030517578,80.19000244140625,1590
2026-08-26 11:00:00+00:00,80.19999694824219,80.33000183105469,80.08999633789062,80.25,1184
2026-08-26 11:15:00+00:00,80.19999694824219,80.36000061035156,80.12000274658203,80.20999908447266,1746
2026-08-26 11:30:00+00:00,80.38999938964844,80.45999908447266,80.13999938964844,80.19999694824219,2291
2026-08-26 11:45:00+00:00,80.55000305175781,80.68000030517578,80.33000183105469,80.37999725341797,3185
2026-08-26 12:00:00+00:00,80.43000030517578,80.6500015258789,80.41000366210938,80.55000305175781,2841
2026-08-26 12:15:00+00:00,80.23999786376953,80.45999908447266,80.20999908447266,80.41999816894531,1865
2026-08-26 12:30:00+00:00,80.27999877929688,80.37999725341797,80.19999694824219,80.2300033569336,2374
2026-08-26 12:45:00+00:00,80.66000366210938,80.75,80.18000030517578,80.27999877929688,6446
2026-08-26 13:00:00+00:00,80.77999877929688,80.98999786376953,80.51000213623047,80.66000366210938,6113
2026-08-26 13:15:00+00:00,80.69000244140625,80.91999816894531,80.62000274658203,80.77999877929688,3798
2026-08-26 13:30:00+00:00,81.26000213623047,81.33000183105469,80.66999816894531,80.69999694824219,7928
2026-08-26 13:45:00+00:00,81.5,81.72000122070312,81.26000213623047,81.2699966430664,7714
2026-08-26 14:00:00+00:00,81.5,81.56999969482422,81.31999969482422,81.48999786376953,4415
2026-08-26 14:15:00+00:00,81.69000244140625,81.69000244140625,81.45999908447266,81.51000213623047,5441
2026-08-26 14:30:00+00:00,81.80000305175781,81.88999938964844,81.6500015258789,81.69000244140625,5303
2026-08-26 14:45:00+00:00,81.91999816894531,81.97000122070312,81.69000244140625,81.80000305175781,5979
2026-08-26 15:00:00+00:00,82.20999908447266,82.2300033569336,81.83999633789062,81.93000030517578,6138
2026-08-26 15:15:00+00:00,82.37999725341797,82.44999694824219,82.05000305175781,82.22000122070312,8167
2026-08-26 15:30:00+00:00,82.30999755859375,82.4800033569336,82.2300033569336,82.37000274658203,7018
2026-08-26 15:45:00+00:00,82.7699966430664,82.88999938964844,82.18000030517578,82.31999969482422,11096
2026-08-26 16:00:00+00:00,82.88999938964844,82.94999694824219,82.70999908447266,82.7699966430664,5023
2026-08-26 16:15:00+00:00,83.08000183105469,83.30999755859375,82.87000274658203,82.88999938964844,11048
2026-08-26 16:30:00+00:00,83.05999755859375,83.19999694824219,83.0199966430664,83.06999969482422,3309
2026-08-26 16:45:00+00:00,82.7699966430664,83.08000183105469,82.73999786376953,83.05000305175781,5830
2026-08-26 17:00:00+00:00,82.70999908447266,82.83999633789062,82.5999984741211,82.7699966430664,3614
2026-08-26 17:15:00+00:00,82.68000030517578,82.75,82.56999969482422,82.70999908447266,2616
2026-08-26 17:30:00+00:00,82.56999969482422,82.70999908447266,82.54000091552734,82.66999816894531,2929
2026-08-26 17:45:00+00:00,82.55000305175781,82.66000366210938,82.5,82.56999969482422,3357
2026-08-26 18:00:00+00:00,82.36000061035156,82.56999969482422,82.2699966430664,82.55999755859375,5192
2026-08-26 18:15:00+00:00,82.25,82.36000061035156,82.06999969482422,82.36000061035156,9767
2026-08-26 18:30:00+00:00,82.12999725341797,82.33000183105469,82.12999725341797,82.25,3582
2026-08-26 18:45:00+00:00,82.0,82.13999938964844,81.9800033569336,82.12999725341797,2105
2026-08-26 19:00:00+00:00,81.97000122070312,82.0,81.83000183105469,82.0,1954
2026-08-26 19:15:00+00:00,81.98999786376953,82.05999755859375,81.91999816894531,81.97000122070312,1288
2026-08-26 19:30:00+00:00,81.97000122070312,82.08000183105469,81.91000366210938,82.0,907
2026-08-26 19:45:00+00:00,81.93000030517578,81.98999786376953,81.9000015258789,81.9800033569336,977
2026-08-26 20:00:00+00:00,81.87000274658203,81.94000244140625,81.86000061035156,81.91999816894531,1045
2026-08-26 20:15:00+00:00,81.80000305175781,81.9000015258789,81.77999877929688,81.87999725341797,801
2026-08-26 20:30:00+00:00,81.80000305175781,81.81999969482422,81.73999786376953,81.80000305175781,630
2026-08-26 20:45:00+00:00,81.91000366210938,81.93000030517578,81.77999877929688,81.80000305175781,1358
2026-08-26 22:00:00+00:00,81.80000305175781,82.12999725341797,81.80000305175781,82.0,152
2026-08-26 22:15:00+00:00,81.8499984741211,81.87999725341797,81.77999877929688,81.79000091552734,116
2026-08-26 22:30:00+00:00,81.86000061035156,81.91000366210938,81.8499984741211,81.8499984741211,120
2026-08-26 22:45:00+00:00,81.83000183105469,81.87000274658203,81.83000183105469,81.8499984741211,26
2026-08-26 23:00:00+00:00,81.83999633789062,81.86000061035156,81.75,81.80000305175781,131
2026-08-26 23:15:00+00:00,81.83999633789062,81.86000061035156,81.80999755859375,81.83000183105469,79
2026-08-26 23:30:00+00:00,81.81999969482422,81.8499984741211,81.80999755859375,81.8499984741211,73
2026-08-26 23:45:00+00:00,81.80000305175781,81.8499984741211,81.80000305175781,81.81999969482422,129
2026-08-27 00:00:00+00:00,81.63999938964844,81.81999969482422,81.55999755859375,81.80999755859375,1109
2026-08-27 00:15:00+00:00,81.55999755859375,81.69999694824219,81.52999877929688,81.66999816894531,510
2026-08-27 00:30:00+00:00,81.56999969482422,81.62000274658203,81.54000091552734,81.55000305175781,186
2026-08-27 00:45:00+00:00,81.79000091552734,81.88999938964844,81.56999969482422,81.56999969482422,955
2026-08-27 01:00:00+00:00,81.83000183105469,82.16999816894531,81.72000122070312,81.80000305175781,1916
2026-08-27 01:15:00+00:00,81.95999908447266,82.08999633789062,81.72000122070312,81.83000183105469,1236
2026-08-27 01:30:00+00:00,81.81999969482422,82.0,81.72000122070312,81.9800033569336,615
2026-08-27 01:45:00+00:00,81.62000274658203,81.80999755859375,81.56999969482422,81.80999755859375,624
2026-08-27 02:00:00+00:00,81.66999816894531,81.69999694824219,81.58000183105469,81.62999725341797,319
2026-08-27 02:15:00+00:00,81.5999984741211,81.69000244140625,81.55999755859375,81.66000366210938,329
2026-08-27 02:30:00+00:00,81.51000213623047,81.7300033569336,81.4800033569336,81.61000061035156,754
2026-08-27 02:45:00+00:00,81.44000244140625,81.61000061035156,81.44000244140625,81.5,787
2026-08-27 03:00:00+00:00,81.72000122070312,81.7300033569336,81.44000244140625,81.44999694824219,750
2026-08-27 03:15:00+00:00,81.77999877929688,81.9000015258789,81.6500015258789,81.70999908447266,767
2026-08-27 03:30:00+00:00,81.87000274658203,81.9000015258789,81.70999908447266,81.79000091552734,439
2026-08-27 03:45:00+00:00,81.83999633789062,81.87000274658203,81.81999969482422,81.86000061035156,192
2026-08-27 04:00:00+00:00,81.83999633789062,81.8499984741211,81.77999877929688,81.83999633789062,132
2026-08-27 04:15:00+00:00,81.88999938964844,81.91999816894531,81.83000183105469,81.83000183105469,228
2026-08-27 04:30:00+00:00,81.83000183105469,81.91000366210938,81.79000091552734,81.9000015258789,224
2026-08-27 04:45:00+00:00,81.83000183105469,81.87000274658203,81.80000305175781,81.83000183105469,99
2026-08-27 05:00:00+00:00,81.83999633789062,81.86000061035156,81.80000305175781,81.81999969482422,141
2026-08-27 05:15:00+00:00,81.58999633789062,81.83000183105469,81.58999633789062,81.83000183105469,374
2026-08-27 05:30:00+00:00,81.58000183105469,81.6500015258789,81.44000244140625,81.5999984741211,702
2026-08-27 05:45:00+00:00,81.43000030517578,81.69000244140625,81.41999816894531,81.56999969482422,885
2026-08-27 06:00:00+00:00,81.33000183105469,81.51000213623047,81.33000183105469,81.44000244140625,631
2026-08-27 06:15:00+00:00,81.30999755859375,81.41999816894531,81.27999877929688,81.33999633789062,741
2026-08-27 06:30:00+00:00,81.0999984741211,81.36000061035156,81.02999877929688,81.31999969482422,1656
2026-08-27 06:45:00+00:00,81.02999877929688,81.23999786376953,81.0199966430664,81.0999984741211,1234
2026-08-27 07:00:00+00:00,80.7699966430664,81.04000091552734,80.6500015258789,81.02999877929688,2568
2026-08-27 07:15:00+00:00,80.98999786376953,81.11000061035156,80.75,80.7699966430664,1773
2026-08-27 07:30:00+00:00,81.06999969482422,81.26000213623047,81.01000213623047,81.01000213623047,1561
2026-08-27 07:45:00+00:00,81.36000061035156,81.36000061035156,81.0,81.06999969482422,1335
2026-08-27 08:00:00+00:00,81.4000015258789,81.43000030517578,81.19999694824219,81.36000061035156,1301
2026-08-27 08:15:00+00:00,81.63999938964844,81.63999938964844,81.29000091552734,81.38999938964844,2607
2026-08-27 08:30:00+00:00,81.68000030517578,81.72000122070312,81.48999786376953,81.63999938964844,1891
2026-08-27 08:45:00+00:00,81.81999969482422,81.83000183105469,81.48999786376953,81.66999816894531,1487
2026-08-27 09:00:00+00:00,82.13999938964844,82.1500015258789,81.81999969482422,81.83000183105469,2105
2026-08-27 09:15:00+00:00,82.08999633789062,82.22000122070312,81.98999786376953,82.12000274658203,2325
2026-08-27 09:30:00+00:00,82.02999877929688,82.12999725341797,81.97000122070312,82.08999633789062,1165
2026-08-27 09:45:00+00:00,82.19000244140625,82.20999908447266,82.01000213623047,82.04000091552734,1491
2026-08-27 10:00:00+00:00,82.22000122070312,82.55000305175781,82.16999816894531,82.19999694824219,3513
2026-08-27 10:15:00+00:00,82.41999816894531,82.41999816894531,82.12999725341797,82.2300033569336,937
2026-08-27 10:30:00+00:00,82.1500015258789,82.47000122070312,82.12999725341797,82.43000030517578,1144
2026-08-27 10:45:00+00:00,82.22000122070312,82.45999908447266,82.08999633789062,82.1500015258789,1734
2026-08-27 11:00:00+00:00,82.23999786376953,82.44999694824219,82.20999908447266,82.23999786376953,1507
2026-08-27 11:15:00+00:00,82.44000244140625,82.5199966430664,82.19000244140625,82.23999786376953,2475
2026-08-27 11:30:00+00:00,82.47000122070312,82.5199966430664,82.1500015258789,82.44000244140625,2899
2026-08-27 11:45:00+00:00,82.45999908447266,82.62000274658203,82.45999908447266,82.47000122070312,2326
2026-08-27 12:00:00+00:00,82.45999908447266,82.55000305175781,82.37000274658203,82.45999908447266,1771
2026-08-27 12:15:00+00:00,82.44999694824219,82.48999786376953,82.16999816894531,82.45999908447266,2387
2026-08-27 12:30:00+00:00,82.44999694824219,82.55000305175781,82.33999633789062,82.44000244140625,1373
2026-08-27 12:45:00+00:00,82.52999877929688,82.80999755859375,82.41000366210938,82.44999694824219,3415
2026-08-27 13:00:00+00:00,82.5,82.7699966430664,82.38999938964844,82.5199966430664,4656
2026-08-27 13:15:00+00:00,82.44000244140625,82.68000030517578,82.33999633789062,82.5199966430664,2815
2026-08-27 13:30:00+00:00,82.70999908447266,82.87000274658203,82.36000061035156,82.44999694824219,5289
2026-08-27 13:45:00+00:00,82.83999633789062,82.87000274658203,82.5999984741211,82.7300033569336,3813
2026-08-27 14:00:00+00:00,82.87999725341797,83.13999938964844,82.81999969482422,82.83999633789062,7095
2026-08-27 14:15:00+00:00,82.69999694824219,82.94999694824219,82.6500015258789,82.87999725341797,4336
2026-08-27 14:30:00+00:00,82.36000061035156,82.7699966430664,82.31999969482422,82.69999694824219,5235
2026-08-27 14:45:00+00:00,82.02999877929688,82.51000213623047,82.0,82.36000061035156,5653
2026-08-27 15:00:00+00:00,82.37999725341797,82.44000244140625,81.98999786376953,82.04000091552734,4427
2026-08-27 15:15:00+00:00,82.25,82.45999908447266,82.16000366210938,82.38999938964844,4558
2026-08-27 15:30:00+00:00,82.5,82.68000030517578,82.23999786376953,82.25,4447
2026-08-27 15:45:00+00:00,82.58999633789062,82.6500015258789,82.41000366210938,82.5,3259
2026-08-27 16:00:00+00:00,82.5999984741211,82.7300033569336,82.51000213623047,82.5999984741211,3052
2026-08-27 16:15:00+00:00,82.62000274658203,82.75,82.44000244140625,82.58999633789062,2549
2026-08-27 16:30:00+00:00,82.79000091552734,82.80000305175781,82.5999984741211,82.61000061035156,2842
2026-08-27 16:45:00+00:00,82.75,82.91000366210938,82.69000244140625,82.80000305175781,3447
2026-08-27 17:00:00+00:00,82.81999969482422,82.93000030517578,82.69999694824219,82.75,2898
2026-08-27 17:15:00+00:00,82.7699966430664,82.95999908447266,82.76000213623047,82.81999969482422,2534
2026-08-27 17:30:00+00:00,82.94999694824219,83.02999877929688,82.66000366210938,82.77999877929688,3195
2026-08-27 17:45:00+00:00,83.95999908447266,84.04000091552734,82.91000366210938,82.94999694824219,13726
2026-08-27 18:00:00+00:00,83.88999938964844,84.2699966430664,83.83999633789062,83.9800033569336,12843
2026-08-27 18:15:00+00:00,83.61000061035156,83.9000015258789,83.43000030517578,83.88999938964844,14249
2026-08-27 18:30:00+00:00,83.7699966430664,83.83000183105469,83.55000305175781,83.61000061035156,3584
2026-08-27 18:45:00+00:00,83.76000213623047,83.80999755859375,83.68000030517578,83.76000213623047,1791
2026-08-27 19:00:00+00:00,83.9000015258789,83.94999694824219,83.6500015258789,83.7699966430664,3070
2026-08-27 19:15:00+00:00,83.91000366210938,84.0199966430664,83.75,83.9000015258789,2696
2026-08-27 19:30:00+00:00,83.81999969482422,83.98999786376953,83.81999969482422,83.9000015258789,1392
2026-08-27 19:45:00+00:00,83.62999725341797,83.83999633789062,83.61000061035156,83.83999633789062,2057
2026-08-27 20:00:00+00:00,83.58999633789062,83.69999694824219,83.58999633789062,83.62999725341797,600
2026-08-27 20:15:00+00:00,83.56999969482422,83.6500015258789,83.54000091552734,83.58999633789062,317
2026-08-27 20:30:00+00:00,83.52999877929688,83.58000183105469,83.4800033569336,83.55999755859375,791
2026-08-27 20:45:00+00:00,83.54000091552734,83.58000183105469,83.44999694824219,83.51000213623047,1395
2026-08-27 22:00:00+00:00,83.62999725341797,83.77999877929688,83.44999694824219,83.66999816894531,173
2026-08-27 22:15:00+00:00,83.62999725341797,83.66999816894531,83.4800033569336,83.62000274658203,352
2026-08-27 22:30:00+00:00,83.62000274658203,83.63999938964844,83.62000274658203,83.62999725341797,32
2026-08-27 22:45:00+00:00,83.58999633789062,83.62999725341797,83.58999633789062,83.62000274658203,66
2026-08-27 23:00:00+00:00,83.58999633789062,83.5999984741211,83.56999969482422,83.5999984741211,94
2026-08-27 23:15:00+00:00,83.63999938964844,83.63999938964844,83.58999633789062,83.58999633789062,127
2026-08-27 23:30:00+00:00,83.54000091552734,83.62999725341797,83.5199966430664,83.61000061035156,104
2026-08-27 23:45:00+00:00,83.5,83.56999969482422,83.4800033569336,83.54000091552734,112
2026-08-28 00:00:00+00:00,83.43000030517578,83.52999877929688,83.38999938964844,83.48999786376953,575
2026-08-28 00:15:00+00:00,83.4000015258789,83.47000122070312,83.3499984741211,83.43000030517578,242
2026-08-28 00:30:00+00:00,83.3499984741211,83.41000366210938,83.29000091552734,83.4000015258789,303
2026-08-28 00:45:00+00:00,83.2699966430664,83.36000061035156,83.26000213623047,83.36000061035156,322
2026-08-28 01:00:00+00:00,83.41999816894531,83.4800033569336,83.2699966430664,83.27999877929688,690
2026-08-28 01:15:00+00:00,83.2300033569336,83.52999877929688,83.22000122070312,83.41000366210938,690
2026-08-28 01:30:00+00:00,83.12000274658203,83.2300033569336,83.02999877929688,83.22000122070312,609
2026-08-28 01:45:00+00:00,83.05999755859375,83.18000030517578,83.04000091552734,83.0999984741211,394
2026-08-28 02:00:00+00:00,83.30999755859375,83.33000183105469,83.05000305175781,83.05999755859375,648
2026-08-28 02:15:00+00:00,83.36000061035156,83.36000061035156,83.26000213623047,83.30999755859375,233
2026-08-28 02:30:00+00:00,83.23999786376953,83.45999908447266,83.16999816894531,83.36000061035156,564
2026-08-28 02:45:00+00:00,83.11000061035156,83.44000244140625,83.0999984741211,83.2699966430664,567
2026-08-28 03:00:00+00:00,83.19000244140625,83.20999908447266,83.05000305175781,83.08999633789062,473
2026-08-28 03:15:00+00:00,83.18000030517578,83.25,83.12999725341797,83.19999694824219,217
2026-08-28 03:30:00+00:00,83.11000061035156,83.23999786376953,83.11000061035156,83.19000244140625,215
2026-08-28 03:45:00+00:00,83.11000061035156,83.1500015258789,83.08000183105469,83.12000274658203,198
2026-08-28 04:00:00+00:00,83.08999633789062,83.13999938964844,83.08000183105469,83.0999984741211,123
2026-08-28 04:15:00+00:00,83.12999725341797,83.12999725341797,83.05000305175781,83.08999633789062,666
2026-08-28 04:30:00+00:00,83.2300033569336,83.23999786376953,83.12000274658203,83.12999725341797,204
2026-08-28 04:45:00+00:00,83.2699966430664,83.27999877929688,83.20999908447266,83.2300033569336,251
2026-08-28 05:00:00+00:00,83.29000091552734,83.33999633789062,83.2300033569336,83.2699966430664,333
2026-08-28 05:15:00+00:00,83.22000122070312,83.29000091552734,83.19000244140625,83.27999877929688,163
2026-08-28 05:30:00+00:00,83.22000122070312,83.26000213623047,82.8499984741211,83.22000122070312,1190
2026-08-28 05:45:00+00:00,83.12000274658203,83.23999786376953,83.05000305175781,83.20999908447266,527
2026-08-28 06:00:00+00:00,83.05000305175781,83.23999786376953,82.94000244140625,83.12000274658203,901
2026-08-28 06:15:00+00:00,82.95999908447266,83.06999969482422,82.8499984741211,83.05000305175781,1327
2026-08-28 06:30:00+00:00,82.83000183105469,83.05000305175781,82.79000091552734,82.97000122070312,1731
2026-08-28 06:45:00+00:00,82.87999725341797,82.95999908447266,82.73999786376953,82.81999969482422,1206
2026-08-28 07:00:00+00:00,83.01000213623047,83.31999969482422,82.75,82.87999725341797,2077
2026-08-28 07:15:00+00:00,82.83000183105469,83.18000030517578,82.83000183105469,83.0,1664
2026-08-28 07:30:00+00:00,82.83999633789062,82.9800033569336,82.66999816894531,82.83000183105469,1343
2026-08-28 07:45:00+00:00,82.9800033569336,83.01000213623047,82.81999969482422,82.83999633789062,1010
2026-08-28 08:00:00+00:00,82.94000244140625,83.05000305175781,82.87999725341797,82.98999786376953,721
2026-08-28 08:15:00+00:00,83.08999633789062,83.25,82.83000183105469,82.94999694824219,2304
2026-08-28 08:30:00+00:00,82.93000030517578,83.19999694824219,82.54000091552734,83.08999633789062,4054
2026-08-28 08:45:00+00:00,83.30999755859375,83.31999969482422,82.91999816894531,82.94000244140625,2959
2026-08-28 09:00:00+00:00,83.33000183105469,83.5,83.19000244140625,83.33000183105469,1725
2026-08-28 09:15:00+00:00,83.0,83.36000061035156,82.88999938964844,83.30000305175781,1470
2026-08-28 09:30:00+00:00,83.05999755859375,83.37000274658203,82.97000122070312,83.01000213623047,835
2026-08-28 09:45:00+00:00,83.06999969482422,83.20999908447266,82.93000030517578,83.05999755859375,1194
2026-08-28 10:00:00+00:00,83.08000183105469,83.2300033569336,82.87000274658203,83.06999969482422,954
2026-08-28 10:15:00+00:00,83.33000183105469,83.33999633789062,83.05999755859375,83.08999633789062,799
2026-08-28 10:30:00+00:00,83.56999969482422,83.58999633789062,83.20999908447266,83.33999633789062,1717
2026-08-28 10:45:00+00:00,83.26000213623047,83.62000274658203,83.2300033569336,83.5999984741211,1369
2026-08-28 11:00:00+00:00,83.12000274658203,83.31999969482422,83.0999984741211,83.26000213623047,890
2026-08-28 11:15:00+00:00,83.08000183105469,83.25,83.0,83.12000274658203,984
2026-08-28 11:30:00+00:00,83.13999938964844,83.16999816894531,83.02999877929688,83.08000183105469,758
2026-08-28 11:45:00+00:00,82.91000366210938,83.18000030517578,82.86000061035156,83.1500015258789,1493
2026-08-28 12:00:00+00:00,82.80000305175781,83.0199966430664,82.7699966430664,82.91000366210938,1358
2026-08-28 12:15:00+00:00,82.73999786376953,82.9000015258789,82.66000366210938,82.81999969482422,1507
2026-08-28 12:30:00+00:00,82.72000122070312,82.83999633789062,82.62000274658203,82.7300033569336,1605
2026-08-28 12:45:00+00:00,82.45999908447266,82.77999877929688,82.44000244140625,82.7300033569336,3377
2026-08-28 13:00:00+00:00,82.62000274658203,82.66999816894531,82.25,82.47000122070312,5126
2026-08-28 13:15:00+00:00,82.4000015258789,82.66000366210938,82.37000274658203,82.62000274658203,2984
2026-08-28 13:30:00+00:00,82.69999694824219,82.7699966430664,82.37999725341797,82.4000015258789,3414
2026-08-28 13:45:00+00:00,82.51000213623047,82.80999755859375,82.38999938964844,82.69000244140625,2683
2026-08-28 14:00:00+00:00,82.86000061035156,82.91000366210938,82.31999969482422,82.5199966430664,5437
2026-08-28 14:15:00+00:00,82.8499984741211,82.94999694824219,82.7699966430664,82.87000274658203,2126
2026-08-28 14:30:00+00:00,82.9800033569336,83.13999938964844,82.81999969482422,82.83999633789062,2896
2026-08-28 14:45:00+00:00,82.87000274658203,83.0999984741211,82.68000030517578,82.95999908447266,2935
2026-08-28 15:00:00+00:00,83.1500015258789,83.20999908447266,82.81999969482422,82.86000061035156,3147
2026-08-28 15:15:00+00:00,83.11000061035156,83.27999877929688,83.05999755859375,83.16000366210938,3881
2026-08-28 15:30:00+00:00,83.20999908447266,83.29000091552734,83.06999969482422,83.0999984741211,3544
2026-08-28 15:45:00+00:00,83.04000091552734,83.2300033569336,83.0,83.20999908447266,2639
2026-08-28 16:00:00+00:00,83.13999938964844,83.22000122070312,82.9000015258789,83.04000091552734,2979
2026-08-28 16:15:00+00:00,83.11000061035156,83.27999877929688,83.08999633789062,83.1500015258789,2456
2026-08-28 16:30:00+00:00,83.44999694824219,83.4800033569336,83.02999877929688,83.0999984741211,4052
2026-08-28 16:45:00+00:00,83.5199966430664,83.55000305175781,83.37999725341797,83.44999694824219,2301
2026-08-28 17:00:00+00:00,83.41999816894531,83.70999908447266,83.38999938964844,83.51000213623047,3011
2026-08-28 17:15:00+00:00,83.36000061035156,83.43000030517578,83.30000305175781,83.41999816894531,2087
2026-08-28 17:30:00+00:00,83.43000030517578,83.47000122070312,83.2699966430664,83.37000274658203,2127
2026-08-28 17:45:00+00:00,83.45999908447266,83.56999969482422,83.37999725341797,83.43000030517578,2741
2026-08-28 18:00:00+00:00,83.31999969482422,83.47000122070312,83.19000244140625,83.45999908447266,2711
2026-08-28 18:15:00+00:00,83.37999725341797,83.55999755859375,83.23999786376953,83.31999969482422,10948
2026-08-28 18:30:00+00:00,83.2300033569336,83.38999938964844,83.12000274658203,83.37000274658203,2974
2026-08-28 18:45:00+00:00,83.18000030517578,83.2300033569336,83.08999633789062,83.22000122070312,913
2026-08-28 19:00:00+00:00,83.30999755859375,83.33999633789062,83.16999816894531,83.18000030517578,1928
2026-08-28 19:15:00+00:00,83.29000091552734,83.30999755859375,83.2300033569336,83.30000305175781,500
2026-08-28 19:30:00+00:00,83.44999694824219,83.5199966430664,83.27999877929688,83.30999755859375,1268
2026-08-28 19:45:00+00:00,83.38999938964844,83.45999908447266,83.3499984741211,83.45999908447266,796
2026-08-28 20:00:00+00:00,83.44000244140625,83.45999908447266,83.33000183105469,83.4000015258789,551
2026-08-28 20:15:00+00:00,83.43000030517578,83.4800033569336,83.41000366210938,83.44000244140625,293
2026-08-28 20:30:00+00:00,83.38999938964844,83.45999908447266,83.38999938964844,83.43000030517578,436
2026-08-28 20:45:00+00:00,83.4000015258789,83.45999908447266,83.30000305175781,83.37000274658203,999
2026-08-30 22:00:00+00:00,85.01000213623047,85.30000305175781,84.97000122070312,85.26000213623047,508
2026-08-30 22:15:00+00:00,84.91999816894531,85.13999938964844,84.86000061035156,85.0,1227
2026-08-30 22:30:00+00:00,84.8499984741211,85.05999755859375,84.7699966430664,84.91999816894531,1249
2026-08-30 22:45:00+00:00,84.87000274658203,84.94999694824219,84.77999877929688,84.87000274658203,597
2026-08-30 23:00:00+00:00,84.81999969482422,84.9000015258789,84.76000213623047,84.87999725341797,465
2026-08-30 23:15:00+00:00,84.83999633789062,84.8499984741211,84.7699966430664,84.80999755859375,209
2026-08-30 23:30:00+00:00,84.70999908447266,84.83999633789062,84.70999908447266,84.83000183105469,808
2026-08-30 23:45:00+00:00,84.7300033569336,84.75,84.44000244140625,84.70999908447266,1529
2026-08-31 00:00:00+00:00,84.58000183105469,84.77999877929688,84.51000213623047,84.7300033569336,542
2026-08-31 00:15:00+00:00,84.37000274658203,84.55999755859375,84.30999755859375,84.55999755859375,1025
2026-08-31 00:30:00+00:00,84.3499984741211,84.41999816894531,84.11000061035156,84.37000274658203,743
2026-08-31 00:45:00+00:00,84.3499984741211,84.41999816894531,84.29000091552734,84.33000183105469,356
2026-08-31 01:00:00+00:00,85.05000305175781,85.30000305175781,84.33999633789062,84.3499984741211,3349
2026-08-31 01:15:00+00:00,84.9000015258789,85.1500015258789,84.83000183105469,85.06999969482422,1327
2026-08-31 01:30:00+00:00,85.29000091552734,85.4000015258789,84.86000061035156,84.86000061035156,1661
2026-08-31 01:45:00+00:00,85.19000244140625,85.4800033569336,85.1500015258789,85.29000091552734,913
2026-08-31 02:00:00+00:00,85.43000030517578,85.58999633789062,85.20999908447266,85.20999908447266,977
2026-08-31 02:15:00+00:00,85.3499984741211,85.43000030517578,85.19999694824219,85.4000015258789,1584
2026-08-31 02:30:00+00:00,85.5199966430664,85.62999725341797,85.33000183105469,85.3499984741211,1133
2026-08-31 02:45:00+00:00,85.02999877929688,85.54000091552734,85.0199966430664,85.52999877929688,1244
2026-08-31 03:00:00+00:00,85.08999633789062,85.16000366210938,84.87999725341797,85.0199966430664,787
2026-08-31 03:15:00+00:00,84.9800033569336,85.0999984741211,84.93000030517578,85.06999969482422,372
2026-08-31 03:30:00+00:00,85.08000183105469,85.11000061035156,84.9000015258789,85.0,523
2026-08-31 03:45:00+00:00,85.08999633789062,85.0999984741211,85.01000213623047,85.05999755859375,129
2026-08-31 04:00:00+00:00,85.0999984741211,85.12999725341797,85.0199966430664,85.12000274658203,229
2026-08-31 04:15:00+00:00,85.3499984741211,85.37000274658203,85.02999877929688,85.08999633789062,494
2026-08-31 04:30:00+00:00,85.16999816894531,85.38999938964844,85.1500015258789,85.3499984741211,481
2026-08-31 04:45:00+00:00,85.3499984741211,85.37000274658203,85.12999725341797,85.18000030517578,670
2026-08-31 05:00:00+00:00,85.48999786376953,85.62000274658203,85.27999877929688,85.33999633789062,1176
2026-08-31 05:15:00+00:00,85.80000305175781,85.83000183105469,85.44999694824219,85.5,923
2026-08-31 05:30:00+00:00,85.73999786376953,86.0199966430664,85.69999694824219,85.77999877929688,2175
2026-08-31 05:45:00+00:00,85.6500015258789,85.75,85.5199966430664,85.7300033569336,651
2026-08-31 06:00:00+00:00,85.69000244140625,85.83000183105469,85.61000061035156,85.6500015258789,709
2026-08-31 06:15:00+00:00,85.54000091552734,85.7300033569336,85.4800033569336,85.68000030517578,547
2026-08-31 06:30:00+00:00,85.56999969482422,85.70999908447266,85.51000213623047,85.51000213623047,525
2026-08-31 06:45:00+00:00,85.3499984741211,85.62000274658203,85.33999633789062,85.55000305175781,1019
2026-08-31 07:00:00+00:00,84.80999755859375,85.41999816894531,84.75,85.3499984741211,2663
2026-08-31 07:15:00+00:00,84.7699966430664,84.83999633789062,84.47000122070312,84.80000305175781,2853
2026-08-31 07:30:00+00:00,84.80999755859375,84.97000122070312,84.69999694824219,84.76000213623047,1568
2026-08-31 07:45:00+00:00,85.43000030517578,85.45999908447266,84.80999755859375,84.81999969482422,4148
2026-08-31 08:00:00+00:00,85.51000213623047,85.56999969482422,85.2300033569336,85.43000030517578,1703
2026-08-31 08:15:00+00:00,85.70999908447266,85.73999786376953,85.38999938964844,85.51000213623047,2813
2026-08-31 08:30:00+00:00,86.38999938964844,86.52999877929688,85.61000061035156,85.69999694824219,6761
2026-08-31 08:45:00+00:00,86.41000366210938,86.47000122070312,86.08000183105469,86.4000015258789,2500
2026-08-31 09:00:00+00:00,86.33000183105469,86.4800033569336,86.19999694824219,86.43000030517578,2376
2026-08-31 09:15:00+00:00,86.19999694824219,86.58000183105469,86.05000305175781,86.33000183105469,3214
2026-08-31 09:30:00+00:00,86.25,86.30999755859375,86.05999755859375,86.20999908447266,1242
2026-08-31 09:45:00+00:00,86.48999786376953,86.62999725341797,86.20999908447266,86.23999786376953,2797
2026-08-31 10:00:00+00:00,86.54000091552734,86.69000244140625,86.43000030517578,86.48999786376953,2120
2026-08-31 10:15:00+00:00,86.25,86.79000091552734,86.19999694824219,86.52999877929688,2022
2026-08-31 10:30:00+00:00,86.37000274658203,86.44999694824219,86.12000274658203,86.2699966430664,1329
2026-08-31 10:45:00+00:00,86.20999908447266,86.4800033569336,86.12999725341797,86.33999633789062,1178
2026-08-31 11:00:00+00:00,86.33999633789062,86.4000015258789,86.16999816894531,86.22000122070312,1268
2026-08-31 11:15:00+00:00,86.5,86.55999755859375,86.2699966430664,86.31999969482422,929
2026-08-31 11:30:00+00:00,86.55999755859375,86.69000244140625,86.43000030517578,86.48999786376953,2815
2026-08-31 11:45:00+00:00,86.37999725341797,86.66999816894531,86.33000183105469,86.55999755859375,1752
2026-08-31 12:00:00+00:00,86.08999633789062,86.54000091552734,86.06999969482422,86.37999725341797,4575
2026-08-31 12:15:00+00:00,86.55999755859375,86.6500015258789,86.04000091552734,86.08000183105469,5224
2026-08-31 12:30:00+00:00,85.94999694824219,86.75,85.93000030517578,86.58000183105469,5816
2026-08-31 12:45:00+00:00,86.05999755859375,86.38999938964844,85.91999816894531,85.94999694824219,3022
2026-08-31 13:00:00+00:00,85.5,86.23999786376953,85.4800033569336,86.06999969482422,7963
2026-08-31 13:15:00+00:00,85.5199966430664,85.76000213623047,85.37999725341797,85.5,5796
2026-08-31 13:30:00+00:00,86.20999908447266,86.37999725341797,85.45999908447266,85.5199966430664,7409
2026-08-31 13:45:00+00:00,85.98999786376953,86.30999755859375,85.95999908447266,86.20999908447266,4463
2026-08-31 14:00:00+00:00,85.56999969482422,86.05000305175781,85.44000244140625,85.98999786376953,5812
2026-08-31 14:15:00+00:00,85.70999908447266,85.79000091552734,85.48999786376953,85.56999969482422,3528
2026-08-31 14:30:00+00:00,85.4000015258789,85.72000122070312,85.2699966430664,85.69999694824219,3884
2026-08-31 14:45:00+00:00,85.27999877929688,85.55000305175781,85.16999816894531,85.38999938964844,3985
2026-08-31 15:00:00+00:00,85.22000122070312,85.4000015258789,85.11000061035156,85.27999877929688,4306
2026-08-31 15:15:00+00:00,85.44999694824219,85.5,85.19000244140625,85.22000122070312,3290
2026-08-31 15:30:00+00:00,85.47000122070312,85.62000274658203,85.2300033569336,85.44999694824219,4393
2026-08-31 15:45:00+00:00,85.55999755859375,85.6500015258789,85.31999969482422,85.45999908447266,2767
2026-08-31 16:00:00+00:00,85.45999908447266,85.62999725341797,85.37000274658203,85.54000091552734,2981
2026-08-31 16:15:00+00:00,85.6500015258789,85.66000366210938,85.43000030517578,85.44999694824219,2359
2026-08-31 16:30:00+00:00,85.37000274658203,85.66999816894531,85.30000305175781,85.66000366210938,2760
2026-08-31 16:45:00+00:00,85.5999984741211,85.61000061035156,85.27999877929688,85.37000274658203,1967
2026-08-31 17:00:00+00:00,85.70999908447266,85.9000015258789,85.58999633789062,85.58999633789062,3358
2026-08-31 17:15:00+00:00,85.72000122070312,85.76000213623047,85.61000061035156,85.70999908447266,1781
2026-08-31 17:30:00+00:00,85.58000183105469,85.7699966430664,85.52999877929688,85.72000122070312,2083
2026-08-31 17:45:00+00:00,85.51000213623047,85.69000244140625,85.48999786376953,85.58000183105469,3190
2026-08-31 18:00:00+00:00,85.6500015258789,85.7300033569336,85.44999694824219,85.51000213623047,4737
2026-08-31 18:15:00+00:00,85.83000183105469,85.93000030517578,85.58999633789062,85.6500015258789,8427
2026-08-31 18:30:00+00:00,85.86000061035156,86.0,85.81999969482422,85.81999969482422,3537
2026-08-31 18:45:00+00:00,85.58999633789062,85.9000015258789,85.55999755859375,85.86000061035156,1538
2026-08-31 19:00:00+00:00,85.7300033569336,85.8499984741211,85.54000091552734,85.58999633789062,2431
2026-08-31 19:15:00+00:00,85.76000213623047,85.79000091552734,85.66999816894531,85.72000122070312,1803
2026-08-31 19:30:00+00:00,85.97000122070312,86.0199966430664,85.76000213623047,85.76000213623047,1752
2026-08-31 19:45:00+00:00,85.9800033569336,86.01000213623047,85.80000305175781,85.97000122070312,2461
2026-08-31 20:00:00+00:00,85.98999786376953,86.01000213623047,85.88999938964844,85.9800033569336,771
2026-08-31 20:15:00+00:00,86.30000305175781,86.3499984741211,85.9800033569336,85.98999786376953,1682
2026-08-31 20:30:00+00:00,86.30999755859375,86.37999725341797,86.2699966430664,86.30999755859375,975
2026-08-31 20:45:00+00:00,86.30999755859375,86.37999725341797,86.2699966430664,86.31999969482422,958
2026-08-31 22:00:00+00:00,86.26000213623047,86.45999908447266,86.12999725341797,86.30999755859375,288
2026-08-31 22:15:00+00:00,86.26000213623047,86.29000091552734,86.23999786376953,86.25,76
2026-08-31 22:30:00+00:00,86.22000122070312,86.29000091552734,86.22000122070312,86.2699966430664,34
2026-08-31 22:45:00+00:00,86.41000366210938,86.43000030517578,86.20999908447266,86.20999908447266,384
2026-08-31 23:00:00+00:00,86.37000274658203,86.48999786376953,86.3499984741211,86.41999816894531,295
2026-08-31 23:15:00+00:00,86.33000183105469,86.4000015258789,86.30000305175781,86.36000061035156,169
2026-08-31 23:30:00+00:00,86.3499984741211,86.43000030517578,86.3499984741211,86.3499984741211,113
2026-08-31 23:45:00+00:00,86.41000366210938,86.45999908447266,86.36000061035156,86.37999725341797,164
2026-09-01 00:00:00+00:00,86.55999755859375,86.70999908447266,86.41000366210938,86.41000366210938,1489
2026-09-01 00:15:00+00:00,86.62000274658203,86.6500015258789,86.5199966430664,86.54000091552734,463
2026-09-01 00:30:00+00:00,86.58999633789062,86.69999694824219,86.58000183105469,86.62000274658203,545
2026-09-01 00:45:00+00:00,86.55000305175781,86.72000122070312,86.55000305175781,86.5999984741211,661
2026-09-01 01:00:00+00:00,86.4800033569336,86.72000122070312,86.4000015258789,86.55000305175781,1311
2026-09-01 01:15:00+00:00,86.55000305175781,86.66000366210938,86.4800033569336,86.4800033569336,501
2026-09-01 01:30:00+00:00,86.55000305175781,86.7300033569336,86.5199966430664,86.55999755859375,595
2026-09-01 01:45:00+00:00,86.33999633789062,86.55000305175781,86.30999755859375,86.54000091552734,561
2026-09-01 02:00:00+00:00,86.4000015258789,86.45999908447266,86.30000305175781,86.31999969482422,226
2026-09-01 02:15:00+00:00,86.44999694824219,86.55999755859375,86.37000274658203,86.4000015258789,458
2026-09-01 02:30:00+00:00,86.7300033569336,86.7699966430664,86.47000122070312,86.47000122070312,1230
2026-09-01 02:45:00+00:00,86.63999938964844,86.81999969482422,86.58999633789062,86.7300033569336,912
2026-09-01 03:00:00+00:00,86.76000213623047,86.81999969482422,86.62999725341797,86.63999938964844,650
2026-09-01 03:15:00+00:00,86.68000030517578,86.76000213623047,86.61000061035156,86.76000213623047,435
2026-09-01 03:30:00+00:00,86.69000244140625,86.70999908447266,86.61000061035156,86.66999816894531,468
2026-09-01 03:45:00+00:00,86.75,86.75,86.63999938964844,86.69000244140625,237
2026-09-01 04:00:00+00:00,86.70999908447266,86.7699966430664,86.63999938964844,86.75,162
2026-09-01 04:15:00+00:00,86.73999786376953,86.79000091552734,86.66999816894531,86.69999694824219,204
2026-09-01 04:30:00+00:00,87.01000213623047,87.08999633789062,86.73999786376953,86.75,1531
2026-09-01 04:45:00+00:00,87.0,87.05999755859375,86.91000366210938,87.0199966430664,487
2026-09-01 05:00:00+00:00,86.93000030517578,87.05000305175781,86.9000015258789,87.01000213623047,367
2026-09-01 05:15:00+00:00,86.91999816894531,86.9800033569336,86.86000061035156,86.93000030517578,481
2026-09-01 05:30:00+00:00,86.43000030517578,87.06999969482422,86.30000305175781,86.93000030517578,1866
2026-09-01 05:45:00+00:00,86.44000244140625,86.47000122070312,86.22000122070312,86.41999816894531,1488
2026-09-01 06:00:00+00:00,86.76000213623047,86.7699966430664,86.38999938964844,86.44000244140625,1321
2026-09-01 06:15:00+00:00,86.58999633789062,86.75,86.5199966430664,86.75,553
2026-09-01 06:30:00+00:00,86.44999694824219,86.58000183105469,86.30000305175781,86.56999969482422,1212
2026-09-01 06:45:00+00:00,86.52999877929688,86.58999633789062,86.37000274658203,86.44000244140625,938
2026-09-01 07:00:00+00:00,86.66999816894531,87.04000091552734,86.33999633789062,86.54000091552734,2905
2026-09-01 07:15:00+00:00,87.0199966430664,87.16999816894531,86.68000030517578,86.69000244140625,2498
2026-09-01 07:30:00+00:00,87.0999984741211,87.11000061035156,86.93000030517578,87.02999877929688,1060
2026-09-01 07:45:00+00:00,86.94999694824219,87.23999786376953,86.94999694824219,87.11000061035156,1926
2026-09-01 08:00:00+00:00,87.26000213623047,87.58999633789062,86.9000015258789,86.94999694824219,4419
2026-09-01 08:15:00+00:00,87.56999969482422,87.58000183105469,87.18000030517578,87.26000213623047,3138
2026-09-01 08:30:00+00:00,87.91999816894531,87.9800033569336,87.3499984741211,87.55999755859375,6919
2026-09-01 08:45:00+00:00,88.04000091552734,88.08999633789062,87.76000213623047,87.91999816894531,4554
2026-09-01 09:00:00+00:00,87.80999755859375,88.02999877929688,87.68000030517578,88.02999877929688,2597
2026-09-01 09:15:00+00:00,88.02999877929688,88.05999755859375,87.70999908447266,87.81999969482422,1827
2026-09-01 09:30:00+00:00,87.9000015258789,88.12999725341797,87.83999633789062,88.04000091552734,3715
2026-09-01 09:45:00+00:00,87.9800033569336,88.0999984741211,87.83999633789062,87.9000015258789,3905
2026-09-01 10:00:00+00:00,87.91000366210938,88.11000061035156,87.79000091552734,87.97000122070312,2220
2026-09-01 10:15:00+00:00,87.73999786376953,87.94000244140625,87.68000030517578,87.91999816894531,1910
2026-09-01 10:30:00+00:00,87.79000091552734,87.81999969482422,87.58000183105469,87.73999786376953,1431
2026-09-01 10:45:00+00:00,87.80000305175781,87.94000244140625,87.62999725341797,87.79000091552734,2479
2026-09-01 11:00:00+00:00,87.83999633789062,87.98999786376953,87.75,87.80000305175781,1683
2026-09-01 11:15:00+00:00,87.6500015258789,87.8499984741211,87.61000061035156,87.83999633789062,2121
2026-09-01 11:30:00+00:00,87.55000305175781,87.69000244140625,87.43000030517578,87.63999938964844,2119
2026-09-01 11:45:00+00:00,87.83999633789062,87.87999725341797,87.54000091552734,87.55999755859375,2722
2026-09-01 12:00:00+00:00,87.3499984741211,88.0199966430664,87.3499984741211,87.8499984741211,7294
2026-09-01 12:15:00+00:00,87.83999633789062,87.91999816894531,87.30000305175781,87.3499984741211,3792
2026-09-01 12:30:00+00:00,88.11000061035156,88.22000122070312,87.83999633789062,87.83999633789062,4609
2026-09-01 12:45:00+00:00,87.97000122070312,88.12999725341797,87.87999725341797,88.0999984741211,3241
2026-09-01 13:00:00+00:00,88.16000366210938,88.37999725341797,87.95999908447266,87.97000122070312,9547
2026-09-01 13:15:00+00:00,88.22000122070312,88.41000366210938,88.05999755859375,88.16000366210938,5285
2026-09-01 13:30:00+00:00,88.36000061035156,88.44000244140625,88.0199966430664,88.2300033569336,6299
2026-09-01 13:45:00+00:00,88.36000061035156,88.52999877929688,88.30000305175781,88.37000274658203,9292
2026-09-01 14:00:00+00:00,87.63999938964844,88.37999725341797,87.61000061035156,88.36000061035156,8673
2026-09-01 14:15:00+00:00,87.58999633789062,87.75,87.4800033569336,87.63999938964844,6786
2026-09-01 14:30:00+00:00,87.79000091552734,87.94999694824219,87.5,87.5999984741211,5350
2026-09-01 14:45:00+00:00,87.94000244140625,87.95999908447266,87.56999969482422,87.80000305175781,3652
2026-09-01 15:00:00+00:00,87.87999725341797,88.11000061035156,87.76000213623047,87.94999694824219,5483
2026-09-01 15:15:00+00:00,87.95999908447266,88.22000122070312,87.7300033569336,87.88999938964844,5334
2026-09-01 15:30:00+00:00,88.20999908447266,88.25,87.95999908447266,87.97000122070312,4424
2026-09-01 15:45:00+00:00,88.33999633789062,88.37999725341797,88.18000030517578,88.20999908447266,5416
2026-09-01 16:00:00+00:00,88.93000030517578,88.97000122070312,88.27999877929688,88.33999633789062,10081
2026-09-01 16:15:00+00:00,89.72000122070312,89.9000015258789,88.76000213623047,88.93000030517578,19586
2026-09-01 16:30:00+00:00,89.4800033569336,89.94999694824219,89.37999725341797,89.7300033569336,8129
2026-09-01 16:45:00+00:00,89.55000305175781,89.62000274658203,89.20999908447266,89.4800033569336,6900
2026-09-01 17:00:00+00:00,89.5199966430664,89.75,89.33999633789062,89.52999877929688,5308
2026-09-01 17:15:00+00:00,89.58999633789062,89.93000030517578,89.47000122070312,89.5199966430664,5147
2026-09-01 17:30:00+00:00,89.98999786376953,90.12999725341797,89.55999755859375,89.58000183105469,7709
2026-09-01 17:45:00+00:00,89.87999725341797,90.08999633789062,89.8499984741211,90.0,4161
2026-09-01 18:00:00+00:00,89.94999694824219,89.9800033569336,89.66000366210938,89.88999938964844,2558
