Datetime,Close,High,Low,Open,Volume
2026-06-23 04:00:00+00:00,4157.7001953125,4164.7998046875,4154.60009765625,4161.7998046875,656
2026-06-23 04:30:00+00:00,4135.60009765625,4158.0,4132.2001953125,4157.10009765625,2562
2026-06-23 05:00:00+00:00,4143.0,4155.0,4133.10009765625,4136.0,1798
2026-06-23 05:30:00+00:00,4138.89990234375,4151.5,4134.60009765625,4143.10009765625,2989
2026-06-23 06:00:00+00:00,4134.0,4144.89990234375,4129.2001953125,4139.60009765625,3850
2026-06-23 06:30:00+00:00,4132.39990234375,4139.2001953125,4127.89990234375,4134.2001953125,2251
2026-06-23 07:00:00+00:00,4136.2001953125,4142.7001953125,4127.5,4131.89990234375,2463
2026-06-23 07:30:00+00:00,4116.0,4137.39990234375,4114.0,4135.89990234375,3126
2026-06-23 08:00:00+00:00,4115.89990234375,4117.5,4108.2001953125,4116.2998046875,3557
2026-06-23 08:30:00+00:00,4122.60009765625,4128.39990234375,4114.2001953125,4115.7998046875,2411
2026-06-23 09:00:00+00:00,4130.2001953125,4134.89990234375,4122.10009765625,4123.0,2450
2026-06-23 09:30:00+00:00,4140.10009765625,4140.10009765625,4130.10009765625,4130.60009765625,1694
2026-06-23 10:00:00+00:00,4148.10009765625,4151.10009765625,4139.89990234375,4140.0,2101
2026-06-23 10:30:00+00:00,4137.7001953125,4149.7001953125,4137.39990234375,4148.2001953125,1633
2026-06-23 11:00:00+00:00,4144.89990234375,4150.0,4135.2001953125,4137.60009765625,2242
2026-06-23 11:30:00+00:00,4141.10009765625,4146.39990234375,4135.7001953125,4144.60009765625,2452
2026-06-23 12:00:00+00:00,4132.10009765625,4145.2998046875,4129.0,4141.0,3389
2026-06-23 12:30:00+00:00,4131.0,4140.0,4130.2001953125,4132.2001953125,2785
2026-06-23 13:00:00+00:00,4133.39990234375,4137.10009765625,4122.7998046875,4131.10009765625,4066
2026-06-23 13:30:00+00:00,4154.10009765625,4158.5,4127.89990234375,4133.7998046875,7824
2026-06-23 14:00:00+00:00,4150.10009765625,4163.5,4146.2001953125,4153.10009765625,8915
2026-06-23 14:30:00+00:00,4147.5,4150.5,4140.0,4150.2001953125,5126
2026-06-23 15:00:00+00:00,4144.7998046875,4153.2001953125,4140.60009765625,4148.0,4451
2026-06-23 15:30:00+00:00,4156.7001953125,4159.39990234375,4144.2001953125,4144.7001953125,3837
2026-06-23 16:00:00+00:00,4154.60009765625,4158.10009765625,4150.89990234375,4156.7998046875,1713
2026-06-23 16:30:00+00:00,4151.89990234375,4161.7998046875,4149.2998046875,4154.2998046875,2501
2026-06-23 17:00:00+00:00,4148.89990234375,4157.7001953125,4147.60009765625,4151.89990234375,3330
2026-06-23 17:30:00+00:00,4145.89990234375,4151.10009765625,4145.5,4149.2001953125,1467
2026-06-23 18:00:00+00:00,4139.0,4148.7998046875,4138.2998046875,4146.0,1433
2026-06-23 18:30:00+00:00,4135.60009765625,4140.7998046875,4130.7998046875,4139.0,1412
2026-06-23 19:00:00+00:00,4139.89990234375,4144.39990234375,4135.0,4135.7998046875,1132
2026-06-23 19:30:00+00:00,4129.60009765625,4142.2998046875,4129.10009765625,4140.0,2169
2026-06-23 20:00:00+00:00,4128.2001953125,4130.7998046875,4125.0,4129.89990234375,1780
2026-06-23 20:30:00+00:00,4129.0,4129.39990234375,4126.2998046875,4128.60009765625,601
2026-06-23 22:00:00+00:00,4123.10009765625,4132.39990234375,4121.60009765625,4130.0,1408
2026-06-23 22:30:00+00:00,4121.2001953125,4126.0,4113.89990234375,4123.2998046875,1807
2026-06-23 23:00:00+00:00,4114.2001953125,4120.89990234375,4111.89990234375,4120.89990234375,808
2026-06-23 23:30:00+00:00,4116.60009765625,4118.2001953125,4097.89990234375,4114.5,2288
2026-06-24 00:00:00+00:00,4117.60009765625,4129.7001953125,4111.39990234375,4117.0,2185
2026-06-24 00:30:00+00:00,4114.7001953125,4117.60009765625,4111.39990234375,4117.2001953125,906
2026-06-24 01:00:00+00:00,4116.0,4118.39990234375,4086.0,4114.89990234375,4532
2026-06-24 01:30:00+00:00,4106.5,4119.7998046875,4099.7998046875,4115.60009765625,1723
2026-06-24 02:00:00+00:00,4090.39990234375,4113.10009765625,4088.199951171875,4106.39990234375,2643
2026-06-24 02:30:00+00:00,4078.300048828125,4093.60009765625,4069.0,4090.5,3924
2026-06-24 03:00:00+00:00,4073.60009765625,4081.800048828125,4067.0,4078.10009765625,2005
2026-06-24 03:30:00+00:00,4079.89990234375,4088.5,4072.60009765625,4073.800048828125,1789
2026-06-24 04:00:00+00:00,4080.39990234375,4083.699951171875,4071.60009765625,4080.10009765625,1505
2026-06-24 04:30:00+00:00,4080.60009765625,4083.60009765625,4078.800048828125,4080.0,594
2026-06-24 05:00:00+00:00,4090.10009765625,4091.5,4077.60009765625,4081.199951171875,1637
2026-06-24 05:30:00+00:00,4093.10009765625,4103.10009765625,4088.5,4090.199951171875,2221
2026-06-24 06:00:00+00:00,4104.7001953125,4114.7001953125,4093.10009765625,4093.10009765625,3402
2026-06-24 06:30:00+00:00,4103.89990234375,4112.2001953125,4101.60009765625,4104.39990234375,1638
2026-06-24 07:00:00+00:00,4101.2998046875,4107.7998046875,4100.0,4103.89990234375,918
2026-06-24 07:30:00+00:00,4091.5,4103.2998046875,4090.699951171875,4101.5,2109
2026-06-24 08:00:00+00:00,4097.7001953125,4097.7998046875,4090.0,4091.60009765625,1741
2026-06-24 08:30:00+00:00,4093.300048828125,4104.7998046875,4092.699951171875,4097.5,1199
2026-06-24 09:00:00+00:00,4086.39990234375,4095.800048828125,4085.199951171875,4093.300048828125,1754
2026-06-24 09:30:00+00:00,4081.800048828125,4089.699951171875,4081.60009765625,4086.10009765625,2115
2026-06-24 10:00:00+00:00,4077.10009765625,4083.5,4072.10009765625,4082.0,1764
2026-06-24 10:30:00+00:00,4072.300048828125,4083.699951171875,4071.0,4077.800048828125,1521
2026-06-24 11:00:00+00:00,4060.60009765625,4075.60009765625,4053.89990234375,4072.10009765625,4438
2026-06-24 11:30:00+00:00,4063.199951171875,4072.800048828125,4055.300048828125,4060.39990234375,3300
2026-06-24 12:00:00+00:00,4031.800048828125,4065.199951171875,4022.60009765625,4063.39990234375,10039
2026-06-24 12:30:00+00:00,4004.0,4037.300048828125,4003.300048828125,4032.0,12521
2026-06-24 13:00:00+00:00,3991.39990234375,4011.10009765625,3980.300048828125,4004.10009765625,20038
2026-06-24 13:30:00+00:00,4054.89990234375,4059.0,3990.0,3991.300048828125,19865
2026-06-24 14:00:00+00:00,4041.10009765625,4058.199951171875,4031.39990234375,4054.89990234375,10328
2026-06-24 14:30:00+00:00,4025.0,4052.199951171875,4020.0,4041.10009765625,6007
2026-06-24 15:00:00+00:00,4031.89990234375,4032.0,4014.300048828125,4025.39990234375,5118
2026-06-24 15:30:00+00:00,4019.5,4033.89990234375,4017.0,4031.699951171875,3478
2026-06-24 16:00:00+00:00,4033.699951171875,4034.300048828125,4012.60009765625,4019.39990234375,4700
2026-06-24 16:30:00+00:00,4023.39990234375,4039.699951171875,4023.199951171875,4033.0,4105
2026-06-24 17:00:00+00:00,4007.39990234375,4028.60009765625,4006.800048828125,4023.699951171875,5987
2026-06-24 17:30:00+00:00,3989.800048828125,4008.199951171875,3989.5,4007.800048828125,5619
2026-06-24 18:00:00+00:00,4007.300048828125,4009.5,3975.699951171875,3989.89990234375,7090
2026-06-24 18:30:00+00:00,3998.10009765625,4011.699951171875,3993.89990234375,4007.89990234375,2039
2026-06-24 19:00:00+00:00,4000.699951171875,4002.199951171875,3990.39990234375,3998.699951171875,1759
2026-06-24 19:30:00+00:00,4004.89990234375,4008.199951171875,3996.39990234375,4001.0,2954
2026-06-24 20:00:00+00:00,4017.60009765625,4020.0,4001.60009765625,4005.5,2422
2026-06-24 20:30:00+00:00,4016.39990234375,4018.60009765625,4013.0,4017.39990234375,768
2026-06-24 22:00:00+00:00,4017.89990234375,4024.89990234375,4016.199951171875,4019.0,1065
2026-06-24 22:30:00+00:00,4012.0,4023.0,4008.800048828125,4018.10009765625,1357
2026-06-24 23:00:00+00:00,4014.199951171875,4016.300048828125,4006.0,4012.5,1156
2026-06-24 23:30:00+00:00,4026.60009765625,4033.89990234375,4015.0,4015.0,1816
2026-06-25 00:00:00+00:00,4011.60009765625,4031.5,4010.699951171875,4028.300048828125,1513
2026-06-25 00:30:00+00:00,4007.300048828125,4016.5,3994.199951171875,4011.300048828125,2946
2026-06-25 01:00:00+00:00,4006.5,4021.39990234375,3997.39990234375,4007.199951171875,2057
2026-06-25 01:30:00+00:00,3992.199951171875,4011.5,3987.89990234375,4006.39990234375,2657
2026-06-25 02:00:00+00:00,4002.199951171875,4006.60009765625,3976.300048828125,3992.89990234375,4001
2026-06-25 02:30:00+00:00,3998.699951171875,4003.800048828125,3990.39990234375,4002.199951171875,1945
2026-06-25 03:00:00+00:00,3991.800048828125,4005.10009765625,3981.60009765625,3998.800048828125,2309
2026-06-25 03:30:00+00:00,4012.39990234375,4016.60009765625,3984.199951171875,3991.5,2608
2026-06-25 04:00:00+00:00,4010.0,4013.199951171875,4003.300048828125,4011.10009765625,1405
2026-06-25 04:30:00+00:00,4011.800048828125,4012.699951171875,3999.5,4010.89990234375,1156
2026-06-25 05:00:00+00:00,4009.800048828125,4015.699951171875,4004.699951171875,4012.0,1997
2026-06-25 05:30:00+00:00,4001.60009765625,4013.0,3996.199951171875,4009.60009765625,2184
2026-06-25 06:00:00+00:00,3999.60009765625,4004.60009765625,3988.89990234375,4001.5,2028
2026-06-25 06:30:00+00:00,3992.699951171875,4000.5,3991.10009765625,3999.300048828125,2346
2026-06-25 07:00:00+00:00,4000.800048828125,4005.5,3988.5,3992.5,2758
2026-06-25 07:30:00+00:00,4003.5,4005.10009765625,3986.60009765625,4000.89990234375,2854
2026-06-25 08:00:00+00:00,4009.39990234375,4017.10009765625,4000.199951171875,4003.60009765625,3722
2026-06-25 08:30:00+00:00,4004.89990234375,4017.89990234375,4004.199951171875,4009.800048828125,2250
2026-06-25 09:00:00+00:00,4009.699951171875,4012.0,4004.60009765625,4004.89990234375,1418
2026-06-25 09:30:00+00:00,4003.39990234375,4013.5,4001.89990234375,4010.0,2335
2026-06-25 10:00:00+00:00,4004.60009765625,4004.60009765625,3998.199951171875,4003.0,1316
2026-06-25 10:30:00+00:00,3999.5,4004.39990234375,3996.39990234375,4004.39990234375,1219
2026-06-25 11:00:00+00:00,3992.300048828125,4001.10009765625,3991.0,4000.0,1947
2026-06-25 11:30:00+00:00,3995.300048828125,4003.199951171875,3988.60009765625,3992.0,1816
2026-06-25 12:00:00+00:00,3999.5,4001.199951171875,3993.5,3995.39990234375,2533
2026-06-25 12:30:00+00:00,4028.199951171875,4035.10009765625,3998.300048828125,4000.300048828125,11426
2026-06-25 13:00:00+00:00,4037.800048828125,4049.89990234375,4027.39990234375,4028.199951171875,8593
2026-06-25 13:30:00+00:00,4017.5,4044.199951171875,4016.60009765625,4037.89990234375,9943
2026-06-25 14:00:00+00:00,4042.699951171875,4045.0,4015.10009765625,4017.89990234375,9595
2026-06-25 14:30:00+00:00,4027.60009765625,4045.60009765625,4026.800048828125,4042.300048828125,3843
2026-06-25 15:00:00+00:00,4042.39990234375,4056.89990234375,4020.39990234375,4027.800048828125,7659
2026-06-25 15:30:00+00:00,4057.5,4058.699951171875,4037.199951171875,4042.199951171875,5231
2026-06-25 16:00:00+00:00,4056.199951171875,4060.0,4049.300048828125,4057.199951171875,4053
2026-06-25 16:30:00+00:00,4044.0,4056.39990234375,4039.10009765625,4056.300048828125,2885
2026-06-25 17:00:00+00:00,4048.39990234375,4051.800048828125,4042.300048828125,4044.39990234375,4704
2026-06-25 17:30:00+00:00,4050.199951171875,4052.300048828125,4045.0,4048.10009765625,2080
2026-06-25 18:00:00+00:00,4059.699951171875,4059.89990234375,4041.60009765625,4050.5,2090
2026-06-25 18:30:00+00:00,4050.39990234375,4059.60009765625,4045.39990234375,4059.60009765625,2336
2026-06-25 19:00:00+00:00,4051.300048828125,4059.699951171875,4048.300048828125,4051.0,1983
2026-06-25 19:30:00+00:00,4041.60009765625,4053.10009765625,4036.800048828125,4051.800048828125,4215
2026-06-25 20:00:00+00:00,4045.60009765625,4049.800048828125,4040.300048828125,4042.10009765625,904
2026-06-25 20:30:00+00:00,4041.60009765625,4045.39990234375,4039.39990234375,4045.39990234375,732
2026-06-25 22:00:00+00:00,4039.39990234375,4046.699951171875,4034.5,4044.39990234375,788
2026-06-25 22:30:00+00:00,4041.39990234375,4051.60009765625,4037.10009765625,4039.300048828125,1526
2026-06-25 23:00:00+00:00,4045.10009765625,4045.699951171875,4036.5,4041.300048828125,393
2026-06-25 23:30:00+00:00,4030.199951171875,4045.5,4027.5,4045.5,738
2026-06-26 00:00:00+00:00,4030.39990234375,4038.5,4026.300048828125,4029.89990234375,1221
2026-06-26 00:30:00+00:00,4035.10009765625,4039.60009765625,4027.5,4030.800048828125,1110
2026-06-26 01:00:00+00:00,4038.0,4044.800048828125,4029.300048828125,4035.60009765625,1958
2026-06-26 01:30:00+00:00,4035.89990234375,4041.10009765625,4029.60009765625,4038.199951171875,1489
2026-06-26 02:00:00+00:00,4022.89990234375,4038.300048828125,4019.0,4036.199951171875,2136
2026-06-26 02:30:00+00:00,4006.0,4024.300048828125,3998.10009765625,4022.60009765625,4538
2026-06-26 03:00:00+00:00,4010.39990234375,4015.699951171875,4001.800048828125,4005.89990234375,2135
2026-06-26 03:30:00+00:00,4018.60009765625,4022.0,4008.699951171875,4010.10009765625,849
2026-06-26 04:00:00+00:00,4022.5,4027.60009765625,4013.800048828125,4019.39990234375,1279
2026-06-26 04:30:00+00:00,4026.800048828125,4030.199951171875,4016.89990234375,4022.60009765625,1086
2026-06-26 05:00:00+00:00,4032.10009765625,4034.60009765625,4021.699951171875,4026.39990234375,942
2026-06-26 05:30:00+00:00,4023.199951171875,4037.10009765625,4021.10009765625,4031.89990234375,1950
2026-06-26 06:00:00+00:00,4039.60009765625,4040.800048828125,4022.10009765625,4023.199951171875,2536
2026-06-26 06:30:00+00:00,4047.199951171875,4049.0,4036.199951171875,4039.800048828125,3830
2026-06-26 07:00:00+00:00,4053.699951171875,4055.5,4042.5,4047.800048828125,3060
2026-06-26 07:30:00+00:00,4046.39990234375,4054.5,4042.800048828125,4053.199951171875,1457
2026-06-26 08:00:00+00:00,4050.800048828125,4051.10009765625,4041.199951171875,4046.10009765625,1294
2026-06-26 08:30:00+00:00,4046.10009765625,4053.0,4045.0,4051.0,1051
2026-06-26 09:00:00+00:00,4063.60009765625,4066.39990234375,4044.60009765625,4045.800048828125,4355
2026-06-26 09:30:00+00:00,4062.800048828125,4069.699951171875,4060.5,4063.39990234375,3160
2026-06-26 10:00:00+00:00,4063.300048828125,4067.699951171875,4057.5,4062.300048828125,1597
2026-06-26 10:30:00+00:00,4069.800048828125,4070.800048828125,4062.0,4063.300048828125,1183
2026-06-26 11:00:00+00:00,4068.10009765625,4071.0,4061.5,4070.0,1721
2026-06-26 11:30:00+00:00,4061.0,4071.5,4057.60009765625,4068.39990234375,2047
2026-06-26 12:00:00+00:00,4061.39990234375,4066.5,4056.800048828125,4061.10009765625,1677
2026-06-26 12:30:00+00:00,4074.0,4076.699951171875,4050.60009765625,4061.10009765625,4082
2026-06-26 13:00:00+00:00,4071.89990234375,4081.300048828125,4057.699951171875,4074.10009765625,6449
2026-06-26 13:30:00+00:00,4088.699951171875,4093.10009765625,4059.39990234375,4071.199951171875,7057
2026-06-26 14:00:00+00:00,4099.7001953125,4108.7001953125,4083.0,4088.60009765625,11052
2026-06-26 14:30:00+00:00,4095.699951171875,4106.7998046875,4091.300048828125,4099.89990234375,5337
2026-06-26 15:00:00+00:00,4099.10009765625,4099.89990234375,4090.699951171875,4095.89990234375,2661
2026-06-26 15:30:00+00:00,4106.2998046875,4111.5,4096.60009765625,4099.60009765625,5382
2026-06-26 16:00:00+00:00,4102.2998046875,4109.2001953125,4098.5,4106.10009765625,2280
2026-06-26 16:30:00+00:00,4099.89990234375,4108.60009765625,4097.39990234375,4102.5,2614
2026-06-26 17:00:00+00:00,4096.7001953125,4103.39990234375,4095.300048828125,4100.2001953125,3557
2026-06-26 17:30:00+00:00,4089.60009765625,4098.39990234375,4088.699951171875,4096.7998046875,2202
2026-06-26 18:00:00+00:00,4088.300048828125,4094.0,4086.0,4089.89990234375,1702
2026-06-26 18:30:00+00:00,4082.199951171875,4090.300048828125,4081.89990234375,4088.39990234375,1347
2026-06-26 19:00:00+00:00,4080.800048828125,4084.5,4079.0,4082.0,1444
2026-06-26 19:30:00+00:00,4086.199951171875,4089.0,4079.89990234375,4080.699951171875,1891
2026-06-26 20:00:00+00:00,4086.60009765625,4087.199951171875,4079.0,4086.39990234375,1034
2026-06-26 20:30:00+00:00,4096.2998046875,4104.39990234375,4081.300048828125,4086.39990234375,1366
2026-06-28 22:00:00+00:00,4071.300048828125,4092.39990234375,4067.10009765625,4089.800048828125,1740
2026-06-28 22:30:00+00:00,4080.800048828125,4083.5,4069.60009765625,4070.89990234375,1210
2026-06-28 23:00:00+00:00,4071.199951171875,4084.800048828125,4069.199951171875,4080.199951171875,803
2026-06-28 23:30:00+00:00,4076.699951171875,4080.39990234375,4065.89990234375,4069.89990234375,1135
2026-06-29 00:00:00+00:00,4062.60009765625,4079.0,4062.60009765625,4076.300048828125,1829
2026-06-29 00:30:00+00:00,4083.89990234375,4088.699951171875,4062.800048828125,4062.800048828125,2087
2026-06-29 01:00:00+00:00,4074.300048828125,4088.60009765625,4068.0,4083.699951171875,2318
2026-06-29 01:30:00+00:00,4075.800048828125,4081.0,4069.199951171875,4073.300048828125,1151
2026-06-29 02:00:00+00:00,4083.300048828125,4085.5,4073.699951171875,4075.39990234375,1360
2026-06-29 02:30:00+00:00,4080.800048828125,4086.5,4073.199951171875,4083.39990234375,1542
2026-06-29 03:00:00+00:00,4087.0,4090.39990234375,4079.89990234375,4081.10009765625,558
2026-06-29 03:30:00+00:00,4083.199951171875,4088.5,4080.0,4087.39990234375,767
2026-06-29 04:00:00+00:00,4079.699951171875,4083.199951171875,4076.5,4082.800048828125,591
2026-06-29 04:30:00+00:00,4065.699951171875,4079.699951171875,4063.5,4079.60009765625,1707
2026-06-29 05:00:00+00:00,4063.699951171875,4071.699951171875,4061.10009765625,4065.5,1800
2026-06-29 05:30:00+00:00,4069.0,4071.39990234375,4053.800048828125,4063.5,2809
2026-06-29 06:00:00+00:00,4075.5,4078.5,4068.10009765625,4068.60009765625,2281
2026-06-29 06:30:00+00:00,4077.0,4079.60009765625,4069.60009765625,4075.39990234375,1658
2026-06-29 07:00:00+00:00,4080.60009765625,4081.10009765625,4070.699951171875,4077.5,1300
2026-06-29 07:30:00+00:00,4076.300048828125,4083.199951171875,4075.39990234375,4080.89990234375,1400
2026-06-29 08:00:00+00:00,4075.5,4080.60009765625,4074.39990234375,4075.699951171875,918
2026-06-29 08:30:00+00:00,4060.89990234375,4081.0,4057.5,4075.300048828125,3031
2026-06-29 09:00:00+00:00,4061.199951171875,4069.39990234375,4059.199951171875,4061.300048828125,2456
2026-06-29 09:30:00+00:00,4045.800048828125,4064.699951171875,4038.10009765625,4061.60009765625,5481
2026-06-29 10:00:00+00:00,4051.39990234375,4053.89990234375,4041.5,4046.5,2492
2026-06-29 10:30:00+00:00,4051.10009765625,4053.0,4045.89990234375,4051.800048828125,2515
2026-06-29 11:00:00+00:00,4046.199951171875,4053.0,4041.5,4051.699951171875,1395
2026-06-29 11:30:00+00:00,4053.300048828125,4056.699951171875,4044.10009765625,4046.39990234375,2007
2026-06-29 12:00:00+00:00,4052.5,4067.0,4051.800048828125,4053.5,3705
2026-06-29 12:30:00+00:00,4057.800048828125,4062.300048828125,4051.800048828125,4052.60009765625,2004
2026-06-29 13:00:00+00:00,4052.0,4066.199951171875,4052.0,4057.800048828125,2406
2026-06-29 13:30:00+00:00,4046.39990234375,4058.800048828125,4042.199951171875,4052.300048828125,4135
2026-06-29 14:00:00+00:00,4038.89990234375,4049.60009765625,4012.0,4046.60009765625,12635
2026-06-29 14:30:00+00:00,4039.5,4044.699951171875,4031.89990234375,4038.800048828125,3451
2026-06-29 15:00:00+00:00,4038.39990234375,4041.699951171875,4030.5,4039.89990234375,3199
2026-06-29 15:30:00+00:00,4041.5,4045.0,4031.5,4038.60009765625,3652
2026-06-29 16:00:00+00:00,4038.199951171875,4043.300048828125,4036.300048828125,4041.5,1878
2026-06-29 16:30:00+00:00,4038.39990234375,4042.5,4033.0,4038.300048828125,2028
2026-06-29 17:00:00+00:00,4038.300048828125,4046.699951171875,4036.89990234375,4038.5,3980
2026-06-29 17:30:00+00:00,4035.300048828125,4038.89990234375,4033.800048828125,4038.5,1297
2026-06-29 18:00:00+00:00,4035.699951171875,4040.0,4034.800048828125,4035.699951171875,918
2026-06-29 18:30:00+00:00,4027.800048828125,4036.10009765625,4026.10009765625,4035.699951171875,1574
2026-06-29 19:00:00+00:00,4031.5,4031.5,4019.199951171875,4027.699951171875,2330
2026-06-29 19:30:00+00:00,4030.39990234375,4034.39990234375,4027.10009765625,4031.5,1303
2026-06-29 20:00:00+00:00,4032.5,4032.5,4027.199951171875,4030.60009765625,536
2026-06-29 20:30:00+00:00,4030.5,4032.5,4029.0,4032.5,402
2026-06-29 22:00:00+00:00,4029.89990234375,4036.5,4029.5,4032.5,699
2026-06-29 22:30:00+00:00,4028.39990234375,4031.300048828125,4023.5,4029.800048828125,1310
2026-06-29 23:00:00+00:00,4031.10009765625,4036.699951171875,4028.199951171875,4029.0,848
2026-06-29 23:30:00+00:00,4029.39990234375,4035.60009765625,4027.39990234375,4030.60009765625,749
2026-06-30 00:00:00+00:00,4019.60009765625,4028.89990234375,4017.10009765625,4028.60009765625,1520
2026-06-30 00:30:00+00:00,4001.300048828125,4020.39990234375,3992.60009765625,4020.39990234375,4068
2026-06-30 01:00:00+00:00,3992.10009765625,4000.800048828125,3955.39990234375,4000.5,10229
2026-06-30 01:30:00+00:00,3982.699951171875,3993.10009765625,3974.5,3992.10009765625,3633
2026-06-30 02:00:00+00:00,3975.5,3986.800048828125,3965.5,3982.39990234375,3330
2026-06-30 02:30:00+00:00,3975.800048828125,3983.800048828125,3967.39990234375,3975.0,1728
2026-06-30 03:00:00+00:00,3979.10009765625,3984.199951171875,3976.0,3976.10009765625,1912
2026-06-30 03:30:00+00:00,3983.800048828125,3984.0,3973.10009765625,3979.10009765625,928
2026-06-30 04:00:00+00:00,3995.800048828125,3997.10009765625,3981.300048828125,3982.5,1584
2026-06-30 04:30:00+00:00,3999.199951171875,4011.60009765625,3995.800048828125,3995.800048828125,2875
2026-06-30 05:00:00+00:00,3996.199951171875,4004.300048828125,3992.89990234375,3999.699951171875,1236
2026-06-30 05:30:00+00:00,3991.10009765625,3998.60009765625,3988.60009765625,3996.300048828125,1392
2026-06-30 06:00:00+00:00,4025.5,4027.10009765625,3991.5,3991.5,3146
2026-06-30 06:30:00+00:00,4043.5,4047.800048828125,4024.199951171875,4025.300048828125,5293
2026-06-30 07:00:00+00:00,4042.300048828125,4048.699951171875,4037.5,4043.699951171875,2366
2026-06-30 07:30:00+00:00,4046.300048828125,4047.199951171875,4039.60009765625,4042.699951171875,1425
2026-06-30 08:00:00+00:00,4039.89990234375,4051.800048828125,4033.89990234375,4046.39990234375,2825
2026-06-30 08:30:00+00:00,4029.0,4040.699951171875,4027.199951171875,4040.0,2044
2026-06-30 09:00:00+00:00,4031.199951171875,4037.0,4028.300048828125,4029.0,1873
2026-06-30 09:30:00+00:00,4038.0,4038.0,4025.89990234375,4031.5,1864
2026-06-30 10:00:00+00:00,4042.39990234375,4042.39990234375,4035.5,4038.10009765625,1261
2026-06-30 10:30:00+00:00,4043.89990234375,4045.5,4039.10009765625,4042.0,1742
2026-06-30 11:00:00+00:00,4046.199951171875,4048.800048828125,4039.300048828125,4043.89990234375,2005
2026-06-30 11:30:00+00:00,4047.5,4051.39990234375,4042.10009765625,4046.0,1783
2026-06-30 12:00:00+00:00,4030.800048828125,4048.199951171875,4028.699951171875,4048.0,3066
2026-06-30 12:30:00+00:00,4023.89990234375,4035.699951171875,4022.10009765625,4030.800048828125,2733
2026-06-30 13:00:00+00:00,4038.199951171875,4047.5,4022.89990234375,4023.699951171875,5277
2026-06-30 13:30:00+00:00,4043.89990234375,4047.0,4027.199951171875,4038.0,5315
2026-06-30 14:00:00+00:00,4068.800048828125,4078.10009765625,4039.5,4044.39990234375,11939
2026-06-30 14:30:00+00:00,4052.0,4073.300048828125,4051.800048828125,4069.0,4750
2026-06-30 15:00:00+00:00,4042.699951171875,4054.300048828125,4036.39990234375,4052.10009765625,5475
2026-06-30 15:30:00+00:00,4044.199951171875,4049.300048828125,4040.699951171875,4043.199951171875,2003
2026-06-30 16:00:00+00:00,4044.5,4046.10009765625,4040.10009765625,4043.800048828125,1377
2026-06-30 16:30:00+00:00,4040.300048828125,4048.5,4040.300048828125,4044.0,1657
2026-06-30 17:00:00+00:00,4040.0,4042.800048828125,4034.89990234375,4040.800048828125,5276
2026-06-30 17:30:00+00:00,4045.5,4047.10009765625,4039.800048828125,4040.10009765625,1360
2026-06-30 18:00:00+00:00,4046.199951171875,4048.699951171875,4045.10009765625,4045.89990234375,772
2026-06-30 18:30:00+00:00,4043.60009765625,4047.39990234375,4042.800048828125,4046.5,949
2026-06-30 19:00:00+00:00,4035.60009765625,4044.199951171875,4035.60009765625,4043.0,1339
2026-06-30 19:30:00+00:00,4030.199951171875,4038.199951171875,4029.10009765625,4036.0,2104
2026-06-30 20:00:00+00:00,4027.39990234375,4036.0,4027.10009765625,4030.199951171875,1407
2026-06-30 20:30:00+00:00,4021.800048828125,4028.60009765625,4020.60009765625,4027.39990234375,660
2026-06-30 22:00:00+00:00,4027.199951171875,4030.39990234375,4022.10009765625,4025.0,742
2026-06-30 22:30:00+00:00,4026.39990234375,4032.0,4024.199951171875,4026.60009765625,602
2026-06-30 23:00:00+00:00,4024.39990234375,4031.800048828125,4021.300048828125,4026.5,1033
2026-06-30 23:30:00+00:00,4018.89990234375,4025.800048828125,4018.0,4024.300048828125,997
2026-07-01 00:00:00+00:00,4015.0,4022.699951171875,4013.0,4018.89990234375,1382
2026-07-01 00:30:00+00:00,4010.199951171875,4018.699951171875,4006.0,4015.0,1728
2026-07-01 01:00:00+00:00,3998.60009765625,4013.199951171875,3988.60009765625,4010.5,3254
2026-07-01 01:30:00+00:00,3990.800048828125,4001.60009765625,3986.699951171875,3998.5,2236
2026-07-01 02:00:00+00:00,3993.699951171875,3996.0,3983.0,3990.39990234375,2076
2026-07-01 02:30:00+00:00,3991.89990234375,3999.0,3991.199951171875,3993.60009765625,1219
2026-07-01 03:00:00+00:00,3994.10009765625,3999.89990234375,3991.39990234375,3991.800048828125,1335
2026-07-01 03:30:00+00:00,3992.89990234375,3995.300048828125,3989.10009765625,3994.5,1234
2026-07-01 04:00:00+00:00,3990.10009765625,3993.89990234375,3987.0,3993.39990234375,1004
2026-07-01 04:30:00+00:00,3989.199951171875,3995.39990234375,3985.300048828125,3990.10009765625,1627
2026-07-01 05:00:00+00:00,3986.10009765625,3989.60009765625,3982.300048828125,3989.10009765625,1208
2026-07-01 05:30:00+00:00,3986.60009765625,3992.0,3983.300048828125,3986.39990234375,1581
2026-07-01 06:00:00+00:00,3980.39990234375,3990.300048828125,3975.89990234375,3986.60009765625,3310
2026-07-01 06:30:00+00:00,3985.0,3986.60009765625,3976.199951171875,3980.60009765625,2427
2026-07-01 07:00:00+00:00,3977.300048828125,3986.699951171875,3973.0,3985.0,3473
2026-07-01 07:30:00+00:00,3988.699951171875,3991.0,3973.60009765625,3977.39990234375,3641
2026-07-01 08:00:00+00:00,3992.0,3997.699951171875,3982.5,3988.800048828125,2422
2026-07-01 08:30:00+00:00,3987.699951171875,3992.800048828125,3984.5,3991.89990234375,1280
2026-07-01 09:00:00+00:00,3992.300048828125,3993.699951171875,3985.89990234375,3987.199951171875,1196
2026-07-01 09:30:00+00:00,3997.89990234375,3999.300048828125,3990.800048828125,3991.800048828125,1713
2026-07-01 10:00:00+00:00,4000.5,4003.5,3994.60009765625,3997.800048828125,1594
2026-07-01 10:30:00+00:00,4011.89990234375,4012.0,4000.0,4000.39990234375,1950
2026-07-01 11:00:00+00:00,4039.89990234375,4042.60009765625,4011.300048828125,4011.5,5056
2026-07-01 11:30:00+00:00,4044.0,4049.39990234375,4036.89990234375,4040.300048828125,3196
2026-07-01 12:00:00+00:00,4039.699951171875,4047.800048828125,4033.199951171875,4044.5,4421
2026-07-01 12:30:00+00:00,4036.800048828125,4047.199951171875,4036.699951171875,4039.39990234375,3614
2026-07-01 13:00:00+00:00,4061.199951171875,4061.699951171875,4026.60009765625,4036.800048828125,9169
2026-07-01 13:30:00+00:00,4104.2001953125,4122.60009765625,4055.300048828125,4061.199951171875,19414
2026-07-01 14:00:00+00:00,4115.2001953125,4121.5,4096.89990234375,4104.7998046875,11712
2026-07-01 14:30:00+00:00,4107.89990234375,4131.0,4100.7998046875,4115.2001953125,7609
2026-07-01 15:00:00+00:00,4098.2998046875,4108.7998046875,4092.89990234375,4108.0,4918
2026-07-01 15:30:00+00:00,4095.10009765625,4102.60009765625,4090.800048828125,4097.7998046875,3337
2026-07-01 16:00:00+00:00,4096.10009765625,4102.89990234375,4095.0,4095.5,1763
2026-07-01 16:30:00+00:00,4085.0,4097.39990234375,4084.0,4095.89990234375,2562
2026-07-01 17:00:00+00:00,4081.800048828125,4087.60009765625,4081.199951171875,4084.89990234375,3700
2026-07-01 17:30:00+00:00,4082.199951171875,4087.300048828125,4081.0,4082.0,1365
2026-07-01 18:00:00+00:00,4074.89990234375,4084.699951171875,4074.60009765625,4082.300048828125,1345
2026-07-01 18:30:00+00:00,4076.0,4079.89990234375,4071.300048828125,4075.300048828125,1359
2026-07-01 19:00:00+00:00,4072.699951171875,4082.199951171875,4070.300048828125,4075.5,2551
2026-07-01 19:30:00+00:00,4052.300048828125,4073.39990234375,4048.39990234375,4072.800048828125,3656
2026-07-01 20:00:00+00:00,4051.89990234375,4053.60009765625,4042.10009765625,4052.199951171875,1828
2026-07-01 20:30:00+00:00,4044.60009765625,4052.60009765625,4043.800048828125,4051.60009765625,1049
2026-07-01 22:00:00+00:00,4050.60009765625,4053.60009765625,4045.10009765625,4049.199951171875,715
2026-07-01 22:30:00+00:00,4057.199951171875,4057.199951171875,4049.0,4050.10009765625,1131
2026-07-01 23:00:00+00:00,4049.60009765625,4057.10009765625,4046.10009765625,4056.800048828125,1328
2026-07-01 23:30:00+00:00,4047.39990234375,4052.89990234375,4045.5,4049.699951171875,620
2026-07-02 00:00:00+00:00,4058.39990234375,4060.699951171875,4042.800048828125,4047.10009765625,1789
2026-07-02 00:30:00+00:00,4063.5,4065.0,4050.0,4059.0,1583
2026-07-02 01:00:00+00:00,4065.199951171875,4080.5,4062.199951171875,4063.5,3073
2026-07-02 01:30:00+00:00,4062.39990234375,4068.800048828125,4057.0,4065.60009765625,1528
2026-07-02 02:00:00+00:00,4063.89990234375,4067.0,4053.300048828125,4062.60009765625,1182
2026-07-02 02:30:00+00:00,4069.199951171875,4073.199951171875,4060.0,4063.699951171875,1165
2026-07-02 03:00:00+00:00,4077.199951171875,4079.199951171875,4067.699951171875,4069.39990234375,1416
2026-07-02 03:30:00+00:00,4082.300048828125,4086.300048828125,4073.800048828125,4077.300048828125,1660
2026-07-02 04:00:00+00:00,4077.89990234375,4085.0,4076.199951171875,4082.10009765625,863
2026-07-02 04:30:00+00:00,4073.199951171875,4078.699951171875,4072.699951171875,4077.800048828125,638
2026-07-02 05:00:00+00:00,4069.60009765625,4074.60009765625,4066.199951171875,4073.10009765625,1431
2026-07-02 05:30:00+00:00,4078.199951171875,4079.800048828125,4065.199951171875,4069.699951171875,1822
2026-07-02 06:00:00+00:00,4086.60009765625,4092.5,4077.89990234375,4078.300048828125,2855
2026-07-02 06:30:00+00:00,4086.199951171875,4089.699951171875,4078.5,4086.800048828125,1513
2026-07-02 07:00:00+00:00,4075.5,4086.89990234375,4073.5,4086.0,1585
2026-07-02 07:30:00+00:00,4076.60009765625,4088.199951171875,4073.39990234375,4075.300048828125,1315
2026-07-02 08:00:00+00:00,4087.199951171875,4090.199951171875,4073.60009765625,4076.5,1542
2026-07-02 08:30:00+00:00,4089.10009765625,4092.60009765625,4084.39990234375,4087.300048828125,1684
2026-07-02 09:00:00+00:00,4079.89990234375,4089.5,4078.5,4088.39990234375,1349
2026-07-02 09:30:00+00:00,4077.60009765625,4084.699951171875,4075.699951171875,4080.0,2217
2026-07-02 10:00:00+00:00,4078.699951171875,4080.699951171875,4074.5,4077.89990234375,1565
2026-07-02 10:30:00+00:00,4078.60009765625,4081.60009765625,4074.199951171875,4078.699951171875,1739
2026-07-02 11:00:00+00:00,4077.199951171875,4079.39990234375,4069.699951171875,4079.10009765625,2643
2026-07-02 11:30:00+00:00,4077.5,4084.5,4075.39990234375,4077.800048828125,1705
2026-07-02 12:00:00+00:00,4078.39990234375,4085.800048828125,4073.39990234375,4077.300048828125,3223
2026-07-02 12:30:00+00:00,4130.5,4154.2001953125,4076.699951171875,4078.199951171875,22102
2026-07-02 13:00:00+00:00,4125.7998046875,4143.2001953125,4121.7001953125,4130.7998046875,7183
2026-07-02 13:30:00+00:00,4149.7998046875,4157.10009765625,4122.60009765625,4125.39990234375,8653
2026-07-02 14:00:00+00:00,4129.10009765625,4151.60009765625,4127.0,4149.60009765625,5925
2026-07-02 14:30:00+00:00,4141.89990234375,4143.0,4127.7001953125,4129.60009765625,4340
2026-07-02 15:00:00+00:00,4135.7001953125,4144.7001953125,4127.7998046875,4141.89990234375,4941
2026-07-02 15:30:00+00:00,4141.39990234375,4144.2998046875,4135.60009765625,4135.7001953125,2055
2026-07-02 16:00:00+00:00,4129.0,4143.2001953125,4127.7998046875,4141.7001953125,2356
2026-07-02 16:30:00+00:00,4131.2001953125,4133.89990234375,4113.0,4128.60009765625,4343
2026-07-02 17:00:00+00:00,4125.89990234375,4133.2998046875,4124.2998046875,4131.10009765625,4092
2026-07-02 17:30:00+00:00,4119.5,4127.60009765625,4118.5,4125.5,1607
2026-07-02 18:00:00+00:00,4136.2001953125,4137.0,4118.60009765625,4119.7001953125,1774
2026-07-02 18:30:00+00:00,4135.89990234375,4140.60009765625,4133.0,4136.10009765625,1308
2026-07-02 19:00:00+00:00,4125.89990234375,4137.5,4121.2998046875,4136.2001953125,1158
2026-07-02 19:30:00+00:00,4134.0,4137.10009765625,4124.39990234375,4125.89990234375,1373
2026-07-02 20:00:00+00:00,4136.7001953125,4138.2998046875,4129.39990234375,4134.2001953125,1408
2026-07-02 20:30:00+00:00,4135.5,4138.0,4131.7998046875,4136.5,825
2026-07-02 22:00:00+00:00,4137.0,4141.10009765625,4135.10009765625,4138.0,401
2026-07-02 22:30:00+00:00,4137.10009765625,4138.89990234375,4135.10009765625,4136.7998046875,295
2026-07-02 23:00:00+00:00,4142.2998046875,4142.7001953125,4136.89990234375,4137.2001953125,541
2026-07-02 23:30:00+00:00,4139.2001953125,4149.10009765625,4133.7998046875,4142.10009765625,1796
2026-07-03 00:00:00+00:00,4150.39990234375,4154.0,4135.89990234375,4139.0,1803
2026-07-03 00:30:00+00:00,4160.0,4164.0,4145.89990234375,4150.2998046875,1507
2026-07-03 01:00:00+00:00,4199.7998046875,4206.7001953125,4159.5,4159.7998046875,6000
2026-07-03 01:30:00+00:00,4194.89990234375,4208.2998046875,4187.7998046875,4199.7001953125,3418
2026-07-03 02:00:00+00:00,4191.89990234375,4196.7998046875,4189.2998046875,4194.5,894
2026-07-03 02:30:00+00:00,4196.7998046875,4199.89990234375,4190.89990234375,4192.0,1927
2026-07-03 03:00:00+00:00,4194.5,4197.5,4192.39990234375,4196.7998046875,900
2026-07-03 03:30:00+00:00,4188.5,4196.0,4188.39990234375,4194.89990234375,1164
2026-07-05 22:00:00+00:00,4197.39990234375,4199.7001953125,4184.39990234375,4187.5,1782
2026-07-05 22:30:00+00:00,4200.10009765625,4203.5,4187.2998046875,4196.2998046875,1353
2026-07-05 23:00:00+00:00,4212.10009765625,4214.10009765625,4187.2998046875,4200.60009765625,1523
2026-07-05 23:30:00+00:00,4195.2001953125,4213.7001953125,4187.2998046875,4212.2998046875,1985
2026-07-06 00:00:00+00:00,4186.39990234375,4197.5,4182.39990234375,4195.7998046875,1746
2026-07-06 00:30:00+00:00,4191.60009765625,4200.7001953125,4186.0,4187.10009765625,1670
2026-07-06 01:00:00+00:00,4201.39990234375,4204.7998046875,4184.2998046875,4190.5,2171
2026-07-06 01:30:00+00:00,4198.10009765625,4215.5,4187.2998046875,4201.5,2256
2026-07-06 02:00:00+00:00,4189.39990234375,4200.10009765625,4187.2998046875,4198.5,2204
2026-07-06 02:30:00+00:00,4185.5,4190.60009765625,4180.2998046875,4189.2998046875,1422
2026-07-06 03:00:00+00:00,4177.5,4187.89990234375,4174.10009765625,4185.89990234375,1668
2026-07-06 03:30:00+00:00,4177.0,4187.2998046875,4172.7001953125,4177.2001953125,741
2026-07-06 04:00:00+00:00,4173.2998046875,4187.2998046875,4171.7998046875,4177.0,648
2026-07-06 04:30:00+00:00,4171.5,4187.2998046875,4169.2001953125,4173.2001953125,838
2026-07-06 05:00:00+00:00,4164.2001953125,4187.2998046875,4161.89990234375,4171.2001953125,1498
2026-07-06 05:30:00+00:00,4159.7001953125,4187.2998046875,4156.39990234375,4164.2998046875,1783
2026-07-06 06:00:00+00:00,4168.2998046875,4187.2998046875,4156.7998046875,4159.5,1390
2026-07-06 06:30:00+00:00,4161.89990234375,4187.2998046875,4160.5,4168.2998046875,1341
2026-07-06 07:00:00+00:00,4165.5,4187.2998046875,4158.7001953125,4162.0,1596
2026-07-06 07:30:00+00:00,4175.7001953125,4187.2998046875,4162.7001953125,4164.7998046875,1415
2026-07-06 08:00:00+00:00,4167.2001953125,4187.2998046875,4164.2998046875,4176.39990234375,1718
2026-07-06 08:30:00+00:00,4161.7998046875,4187.2998046875,4158.10009765625,4167.10009765625,1255
2026-07-06 09:00:00+00:00,4155.89990234375,4187.2998046875,4153.39990234375,4161.60009765625,1866
2026-07-06 09:30:00+00:00,4155.5,4187.2998046875,4148.39990234375,4155.10009765625,3183
2026-07-06 10:00:00+00:00,4161.10009765625,4187.2998046875,4154.60009765625,4155.5,1189
2026-07-06 10:30:00+00:00,4167.39990234375,4187.2998046875,4160.89990234375,4161.0,1220
2026-07-06 11:00:00+00:00,4167.89990234375,4187.2998046875,4164.10009765625,4167.2998046875,1104
2026-07-06 11:30:00+00:00,4167.39990234375,4187.2998046875,4163.89990234375,4167.5,798
2026-07-06 12:00:00+00:00,4157.7001953125,4187.2998046875,4156.60009765625,4167.39990234375,2102
2026-07-06 12:30:00+00:00,4151.39990234375,4187.2998046875,4143.2998046875,4157.5,4281
2026-07-06 13:00:00+00:00,4154.7998046875,4187.2998046875,4148.89990234375,4151.89990234375,4070
2026-07-06 13:30:00+00:00,4153.0,4187.2998046875,4147.10009765625,4154.2998046875,4081
2026-07-06 14:00:00+00:00,4149.10009765625,4187.2998046875,4144.7001953125,4152.5,5427
2026-07-06 14:30:00+00:00,4150.2001953125,4187.2998046875,4140.60009765625,4149.7001953125,3444
2026-07-06 15:00:00+00:00,4162.2001953125,4187.2998046875,4149.7998046875,4150.60009765625,3428
2026-07-06 15:30:00+00:00,4159.89990234375,4187.2998046875,4156.10009765625,4162.2998046875,2393
2026-07-06 16:00:00+00:00,4157.2001953125,4187.2998046875,4152.0,4160.10009765625,2990
2026-07-06 16:30:00+00:00,4166.89990234375,4187.2998046875,4157.2001953125,4157.5,1519
2026-07-06 17:00:00+00:00,4167.5,4187.2998046875,4162.10009765625,4166.89990234375,3738
2026-07-06 17:30:00+00:00,4172.89990234375,4187.2998046875,4166.39990234375,4167.2001953125,1377
2026-07-06 18:00:00+00:00,4173.89990234375,4187.2998046875,4167.10009765625,4173.2998046875,1439
2026-07-06 18:30:00+00:00,4175.7998046875,4187.2998046875,4171.60009765625,4173.7998046875,1435
2026-07-06 19:00:00+00:00,4174.7998046875,4187.2998046875,4170.5,4175.7998046875,930
2026-07-06 19:30:00+00:00,4175.5,4187.2998046875,4171.5,4175.0,994
2026-07-06 20:00:00+00:00,4174.39990234375,4187.2998046875,4172.60009765625,4175.39990234375,296
2026-07-06 20:30:00+00:00,4187.2998046875,4187.2998046875,4174.2001953125,4174.2998046875,301
2026-07-06 22:00:00+00:00,4177.10009765625,4179.0,4174.60009765625,4176.39990234375,189
2026-07-06 22:30:00+00:00,4175.89990234375,4179.5,4175.2001953125,4177.5,378
2026-07-06 23:00:00+00:00,4174.2998046875,4176.60009765625,4174.0,4175.39990234375,221
2026-07-06 23:30:00+00:00,4168.7001953125,4176.39990234375,4168.0,4174.0,563
2026-07-07 00:00:00+00:00,4171.39990234375,4172.2001953125,4163.39990234375,4168.5,891
2026-07-07 00:30:00+00:00,4157.2001953125,4174.5,4156.10009765625,4171.7001953125,1311
2026-07-07 01:00:00+00:00,4144.2998046875,4160.2001953125,4137.60009765625,4157.2998046875,3270
2026-07-07 01:30:00+00:00,4153.89990234375,4158.60009765625,4143.7998046875,4144.2001953125,1730
2026-07-07 02:00:00+00:00,4152.2998046875,4157.0,4149.5,4154.0,1181
2026-07-07 02:30:00+00:00,4147.89990234375,4156.5,4142.7998046875,4152.0,1438
2026-07-07 03:00:00+00:00,4143.7998046875,4151.39990234375,4140.10009765625,4147.7998046875,907
2026-07-07 03:30:00+00:00,4141.7998046875,4146.2001953125,4135.2001953125,4143.10009765625,1276
2026-07-07 04:00:00+00:00,4143.2001953125,4152.39990234375,4141.7001953125,4142.39990234375,1184
2026-07-07 04:30:00+00:00,4137.60009765625,4143.2998046875,4136.7998046875,4143.2998046875,726
2026-07-07 05:00:00+00:00,4139.5,4142.2001953125,4131.89990234375,4137.60009765625,1680
2026-07-07 05:30:00+00:00,4135.2001953125,4140.0,4127.7001953125,4139.7001953125,2025
2026-07-07 06:00:00+00:00,4138.10009765625,4140.89990234375,4132.5,4135.0,1424
2026-07-07 06:30:00+00:00,4141.7001953125,4144.39990234375,4136.2001953125,4138.0,920
2026-07-07 07:00:00+00:00,4138.2998046875,4143.39990234375,4135.7998046875,4141.89990234375,1231
2026-07-07 07:30:00+00:00,4135.7998046875,4144.60009765625,4135.39990234375,4138.2998046875,1289
2026-07-07 08:00:00+00:00,4150.0,4150.89990234375,4135.39990234375,4135.39990234375,1995
2026-07-07 08:30:00+00:00,4137.10009765625,4150.7001953125,4132.7001953125,4150.10009765625,2266
2026-07-07 09:00:00+00:00,4132.5,4142.2001953125,4130.60009765625,4136.89990234375,1774
2026-07-07 09:30:00+00:00,4142.39990234375,4144.60009765625,4132.39990234375,4132.60009765625,1902
2026-07-07 10:00:00+00:00,4148.89990234375,4150.5,4142.39990234375,4142.39990234375,1147
2026-07-07 10:30:00+00:00,4147.10009765625,4149.10009765625,4145.0,4149.10009765625,865
2026-07-07 11:00:00+00:00,4154.2001953125,4156.7998046875,4143.0,4147.10009765625,1757
2026-07-07 11:30:00+00:00,4168.60009765625,4170.0,4150.7998046875,4154.10009765625,3521
2026-07-07 12:00:00+00:00,4177.7998046875,4187.0,4166.0,4168.60009765625,7711
2026-07-07 12:30:00+00:00,4184.10009765625,4184.5,4173.2001953125,4177.2998046875,3813
2026-07-07 13:00:00+00:00,4177.2998046875,4190.60009765625,4171.2998046875,4184.10009765625,4778
2026-07-07 13:30:00+00:00,4170.0,4192.39990234375,4167.2998046875,4177.60009765625,7533
2026-07-07 14:00:00+00:00,4169.0,4175.10009765625,4161.89990234375,4169.7001953125,5998
2026-07-07 14:30:00+00:00,4165.0,4170.7998046875,4154.5,4169.7998046875,4349
2026-07-07 15:00:00+00:00,4154.0,4166.7001953125,4152.60009765625,4165.0,3594
2026-07-07 15:30:00+00:00,4150.10009765625,4159.2998046875,4146.89990234375,4154.0,2595
2026-07-07 16:00:00+00:00,4157.5,4158.7001953125,4148.2001953125,4150.39990234375,2335
2026-07-07 16:30:00+00:00,4156.60009765625,4158.2998046875,4152.2001953125,4157.2998046875,1748
2026-07-07 17:00:00+00:00,4157.5,4158.5,4151.7998046875,4156.7001953125,2298
2026-07-07 17:30:00+00:00,4155.89990234375,4159.7998046875,4154.2998046875,4157.7001953125,1804
2026-07-07 18:00:00+00:00,4153.10009765625,4156.5,4151.2998046875,4156.0,832
2026-07-07 18:30:00+00:00,4138.0,4154.0,4136.10009765625,4152.89990234375,3370
2026-07-07 19:00:00+00:00,4114.2998046875,4138.7001953125,4102.7001953125,4137.89990234375,9184
2026-07-07 19:30:00+00:00,4125.10009765625,4128.89990234375,4114.2998046875,4114.2998046875,4068
2026-07-07 20:00:00+00:00,4121.60009765625,4126.7001953125,4117.2998046875,4125.2998046875,1351
2026-07-07 20:30:00+00:00,4116.60009765625,4121.7998046875,4114.2001953125,4121.5,791
2026-07-07 22:00:00+00:00,4110.5,4116.89990234375,4104.0,4106.5,982
2026-07-07 22:30:00+00:00,4109.5,4113.39990234375,4106.60009765625,4110.2001953125,1284
2026-07-07 23:00:00+00:00,4116.0,4118.89990234375,4107.2998046875,4109.0,1854
2026-07-07 23:30:00+00:00,4108.7998046875,4116.2998046875,4106.2998046875,4115.89990234375,1129
2026-07-08 00:00:00+00:00,4115.5,4118.60009765625,4107.39990234375,4108.5,990
2026-07-08 00:30:00+00:00,4122.5,4137.10009765625,4114.7001953125,4116.2998046875,2637
2026-07-08 01:00:00+00:00,4113.7998046875,4129.0,4109.5,4122.7998046875,3224
2026-07-08 01:30:00+00:00,4122.2998046875,4123.7998046875,4106.7998046875,4113.39990234375,2109
2026-07-08 02:00:00+00:00,4129.5,4135.5,4116.5,4122.2001953125,2132
2026-07-08 02:30:00+00:00,4125.0,4131.7998046875,4124.0,4129.5,991
2026-07-08 03:00:00+00:00,4141.2998046875,4142.2998046875,4125.5,4125.5,1940
2026-07-08 03:30:00+00:00,4133.7001953125,4142.2998046875,4133.60009765625,4141.39990234375,850
2026-07-08 04:00:00+00:00,4136.60009765625,4139.39990234375,4131.39990234375,4134.2001953125,1652
2026-07-08 04:30:00+00:00,4135.89990234375,4139.10009765625,4132.89990234375,4136.60009765625,768
2026-07-08 05:00:00+00:00,4132.5,4144.60009765625,4132.39990234375,4135.89990234375,1173
2026-07-08 05:30:00+00:00,4138.5,4142.0,4131.2998046875,4132.2998046875,1077
2026-07-08 06:00:00+00:00,4140.89990234375,4144.7001953125,4132.89990234375,4138.7998046875,1474
2026-07-08 06:30:00+00:00,4134.0,4140.5,4133.89990234375,4140.2998046875,1141
2026-07-08 07:00:00+00:00,4131.5,4135.7998046875,4125.39990234375,4134.39990234375,1809
2026-07-08 07:30:00+00:00,4132.0,4139.0,4129.0,4131.89990234375,1985
2026-07-08 08:00:00+00:00,4099.5,4132.5,4090.89990234375,4132.0,8359
2026-07-08 08:30:00+00:00,4066.800048828125,4102.7998046875,4062.199951171875,4099.5,10921
2026-07-08 09:00:00+00:00,4066.800048828125,4071.300048828125,4060.39990234375,4066.60009765625,5015
2026-07-08 09:30:00+00:00,4053.10009765625,4068.89990234375,4051.60009765625,4067.0,4593
2026-07-08 10:00:00+00:00,4061.0,4066.10009765625,4050.0,4053.5,3574
2026-07-08 10:30:00+00:00,4062.89990234375,4069.0,4060.199951171875,4060.60009765625,2072
2026-07-08 11:00:00+00:00,4060.5,4067.199951171875,4057.5,4062.89990234375,2108
2026-07-08 11:30:00+00:00,4072.300048828125,4083.0,4051.5,4060.0,6116
2026-07-08 12:00:00+00:00,4081.0,4087.60009765625,4068.5,4071.89990234375,4480
2026-07-08 12:30:00+00:00,4082.89990234375,4096.7998046875,4077.89990234375,4080.89990234375,6160
2026-07-08 13:00:00+00:00,4077.5,4093.800048828125,4075.800048828125,4082.5,6339
2026-07-08 13:30:00+00:00,4081.60009765625,4091.5,4077.39990234375,4077.5,5734
2026-07-08 14:00:00+00:00,4071.5,4082.0,4062.0,4081.10009765625,8998
2026-07-08 14:30:00+00:00,4051.800048828125,4072.39990234375,4044.0,4071.0,10270
2026-07-08 15:00:00+00:00,4041.5,4054.300048828125,4036.699951171875,4052.0,6301
2026-07-08 15:30:00+00:00,4044.10009765625,4048.60009765625,4032.5,4042.0,5134
2026-07-08 16:00:00+00:00,4053.89990234375,4055.89990234375,4043.39990234375,4044.5,3576
2026-07-08 16:30:00+00:00,4073.89990234375,4075.0,4049.5,4053.60009765625,6186
2026-07-08 17:00:00+00:00,4083.39990234375,4084.699951171875,4069.39990234375,4073.89990234375,9131
2026-07-08 17:30:00+00:00,4076.39990234375,4086.89990234375,4074.699951171875,4083.5,3743
2026-07-08 18:00:00+00:00,4080.800048828125,4086.39990234375,4073.800048828125,4075.800048828125,2485
2026-07-08 18:30:00+00:00,4094.10009765625,4101.60009765625,4077.60009765625,4080.5,3204
2026-07-08 19:00:00+00:00,4098.5,4101.0,4094.699951171875,4095.0,1727
2026-07-08 19:30:00+00:00,4090.199951171875,4101.39990234375,4088.5,4098.60009765625,2573
2026-07-08 20:00:00+00:00,4086.60009765625,4093.5,4084.10009765625,4090.5,1580
2026-07-08 20:30:00+00:00,4086.60009765625,4089.800048828125,4081.39990234375,4086.699951171875,822
2026-07-08 22:00:00+00:00,4083.800048828125,4089.199951171875,4081.199951171875,4087.60009765625,439
2026-07-08 22:30:00+00:00,4085.699951171875,4089.60009765625,4083.0,4084.0,1117
2026-07-08 23:00:00+00:00,4086.89990234375,4087.5,4083.60009765625,4086.300048828125,395
2026-07-08 23:30:00+00:00,4085.60009765625,4087.39990234375,4081.10009765625,4086.800048828125,662
2026-07-09 00:00:00+00:00,4087.39990234375,4099.10009765625,4083.60009765625,4087.5,1821
2026-07-09 00:30:00+00:00,4082.800048828125,4091.10009765625,4079.199951171875,4087.89990234375,1468
2026-07-09 01:00:00+00:00,4075.89990234375,4088.199951171875,4074.10009765625,4083.199951171875,2214
2026-07-09 01:30:00+00:00,4081.800048828125,4085.199951171875,4071.39990234375,4076.39990234375,2045
2026-07-09 02:00:00+00:00,4089.300048828125,4091.89990234375,4080.800048828125,4081.89990234375,1747
2026-07-09 02:30:00+00:00,4073.800048828125,4090.60009765625,4073.10009765625,4089.300048828125,1687
2026-07-09 03:00:00+00:00,4067.39990234375,4076.300048828125,4063.39990234375,4073.39990234375,1727
2026-07-09 03:30:00+00:00,4072.10009765625,4072.800048828125,4065.60009765625,4067.0,552
2026-07-09 04:00:00+00:00,4067.5,4073.60009765625,4066.5,4073.60009765625,1331
2026-07-09 04:30:00+00:00,4073.699951171875,4073.699951171875,4065.89990234375,4068.0,1427
2026-07-09 05:00:00+00:00,4081.39990234375,4085.300048828125,4073.0,4073.699951171875,2301
2026-07-09 05:30:00+00:00,4091.39990234375,4093.800048828125,4073.800048828125,4082.0,2643
2026-07-09 06:00:00+00:00,4111.2001953125,4112.60009765625,4090.800048828125,4091.300048828125,4304
2026-07-09 06:30:00+00:00,4117.7001953125,4117.7001953125,4105.60009765625,4111.7998046875,2612
2026-07-09 07:00:00+00:00,4118.60009765625,4119.89990234375,4111.2998046875,4117.2998046875,2101
2026-07-09 07:30:00+00:00,4117.89990234375,4121.0,4113.2998046875,4118.60009765625,1614
2026-07-09 08:00:00+00:00,4124.39990234375,4127.39990234375,4115.0,4117.89990234375,2578
2026-07-09 08:30:00+00:00,4117.89990234375,4126.0,4116.7998046875,4124.2001953125,1619
2026-07-09 09:00:00+00:00,4117.5,4121.39990234375,4115.2001953125,4118.0,1279
2026-07-09 09:30:00+00:00,4115.7001953125,4119.5,4112.60009765625,4117.5,1342
2026-07-09 10:00:00+00:00,4113.7998046875,4119.2001953125,4113.39990234375,4115.7998046875,1183
2026-07-09 10:30:00+00:00,4108.0,4114.60009765625,4102.7998046875,4113.2001953125,2736
2026-07-09 11:00:00+00:00,4109.5,4116.7998046875,4106.89990234375,4108.2001953125,2108
2026-07-09 11:30:00+00:00,4118.7001953125,4120.39990234375,4108.2001953125,4109.7998046875,2164
2026-07-09 12:00:00+00:00,4116.7001953125,4130.2998046875,4114.7998046875,4118.7001953125,3703
2026-07-09 12:30:00+00:00,4117.7001953125,4132.39990234375,4116.2998046875,4117.0,6054
2026-07-09 13:00:00+00:00,4135.7001953125,4137.2998046875,4116.60009765625,4117.5,5397
2026-07-09 13:30:00+00:00,4131.7001953125,4139.60009765625,4127.60009765625,4136.10009765625,7026
2026-07-09 14:00:00+00:00,4134.2998046875,4147.39990234375,4123.7001953125,4131.2998046875,8078
2026-07-09 14:30:00+00:00,4137.2998046875,4138.0,4127.89990234375,4134.7001953125,3392
2026-07-09 15:00:00+00:00,4137.7001953125,4140.7998046875,4134.60009765625,4137.7001953125,3086
2026-07-09 15:30:00+00:00,4136.39990234375,4143.0,4136.10009765625,4137.5,3352
2026-07-09 16:00:00+00:00,4142.89990234375,4143.60009765625,4135.39990234375,4136.7998046875,1872
2026-07-09 16:30:00+00:00,4137.7001953125,4148.39990234375,4137.7001953125,4142.2998046875,3844
2026-07-09 17:00:00+00:00,4141.60009765625,4141.89990234375,4134.5,4137.7998046875,6779
2026-07-09 17:30:00+00:00,4146.10009765625,4148.2998046875,4139.10009765625,4141.7001953125,4685
2026-07-09 18:00:00+00:00,4133.7998046875,4146.5,4132.7001953125,4145.89990234375,2021
2026-07-09 18:30:00+00:00,4134.5,4135.2998046875,4131.10009765625,4133.7998046875,1034
2026-07-09 19:00:00+00:00,4130.60009765625,4136.89990234375,4130.2998046875,4134.10009765625,897
2026-07-09 19:30:00+00:00,4132.39990234375,4133.39990234375,4128.2998046875,4130.60009765625,1422
2026-07-09 20:00:00+00:00,4130.60009765625,4133.89990234375,4130.0,4132.10009765625,377
2026-07-09 20:30:00+00:00,4132.60009765625,4135.10009765625,4130.2998046875,4130.39990234375,596
2026-07-09 22:00:00+00:00,4132.60009765625,4136.7998046875,4130.7998046875,4135.39990234375,454
2026-07-09 22:30:00+00:00,4130.7001953125,4134.0,4130.5,4132.10009765625,568
2026-07-09 23:00:00+00:00,4131.39990234375,4134.2001953125,4130.10009765625,4130.7998046875,383
2026-07-09 23:30:00+00:00,4132.60009765625,4133.89990234375,4130.10009765625,4131.2001953125,205
2026-07-10 00:00:00+00:00,4128.60009765625,4134.60009765625,4125.7998046875,4132.5,1044
2026-07-10 00:30:00+00:00,4135.7998046875,4137.7998046875,4123.5,4128.39990234375,1408
2026-07-10 01:00:00+00:00,4130.7998046875,4140.7998046875,4128.10009765625,4136.2001953125,1691
2026-07-10 01:30:00+00:00,4127.10009765625,4133.2001953125,4118.2998046875,4131.7001953125,2413
2026-07-10 02:00:00+00:00,4135.7998046875,4138.60009765625,4125.89990234375,4126.7001953125,1355
2026-07-10 02:30:00+00:00,4137.60009765625,4138.89990234375,4131.2001953125,4135.2998046875,868
2026-07-10 03:00:00+00:00,4135.10009765625,4144.60009765625,4130.39990234375,4137.5,1929
2026-07-10 03:30:00+00:00,4129.5,4137.5,4128.89990234375,4134.7001953125,864
2026-07-10 04:00:00+00:00,4126.5,4130.5,4121.2001953125,4128.7998046875,1367
2026-07-10 04:30:00+00:00,4123.89990234375,4128.7998046875,4123.60009765625,4126.2001953125,409
2026-07-10 05:00:00+00:00,4123.0,4126.0,4121.7001953125,4124.10009765625,727
2026-07-10 05:30:00+00:00,4125.5,4126.0,4117.0,4122.7998046875,1494
2026-07-10 06:00:00+00:00,4123.39990234375,4129.0,4122.5,4125.5,1111
2026-07-10 06:30:00+00:00,4120.60009765625,4125.10009765625,4120.0,4123.2998046875,1086
2026-07-10 07:00:00+00:00,4121.5,4124.39990234375,4117.5,4120.2998046875,1765
2026-07-10 07:30:00+00:00,4117.89990234375,4123.5,4113.0,4121.7001953125,1775
2026-07-10 08:00:00+00:00,4113.10009765625,4118.2998046875,4111.7998046875,4117.60009765625,1573
2026-07-10 08:30:00+00:00,4106.5,4114.2998046875,4103.2998046875,4112.7001953125,2694
2026-07-10 09:00:00+00:00,4111.7001953125,4112.7001953125,4103.0,4106.5,2314
2026-07-10 09:30:00+00:00,4113.7001953125,4114.5,4107.60009765625,4111.5,1245
2026-07-10 10:00:00+00:00,4118.5,4121.7998046875,4113.10009765625,4113.7998046875,1700
2026-07-10 10:30:00+00:00,4113.5,4119.7001953125,4113.2001953125,4118.7001953125,1660
2026-07-10 11:00:00+00:00,4108.60009765625,4117.10009765625,4108.60009765625,4113.2998046875,1530
2026-07-10 11:30:00+00:00,4111.0,4116.89990234375,4104.5,4108.7998046875,1733
2026-07-10 12:00:00+00:00,4114.7998046875,4127.0,4109.7998046875,4111.39990234375,4065
2026-07-10 12:30:00+00:00,4109.2998046875,4115.60009765625,4106.0,4114.7998046875,3209
2026-07-10 13:00:00+00:00,4095.89990234375,4115.5,4093.699951171875,4109.7001953125,4687
2026-07-10 13:30:00+00:00,4108.7001953125,4114.2998046875,4095.300048828125,4096.0,4274
2026-07-10 14:00:00+00:00,4114.2998046875,4118.60009765625,4106.10009765625,4108.2998046875,4155
2026-07-10 14:30:00+00:00,4101.7001953125,4117.10009765625,4081.699951171875,4114.7001953125,9505
2026-07-10 15:00:00+00:00,4111.39990234375,4117.0,4100.10009765625,4101.89990234375,3208
2026-07-10 15:30:00+00:00,4122.10009765625,4122.7001953125,4110.60009765625,4111.5,2567
2026-07-10 16:00:00+00:00,4123.60009765625,4124.0,4116.2001953125,4122.39990234375,2624
2026-07-10 16:30:00+00:00,4113.60009765625,4124.7998046875,4113.2998046875,4123.5,2412
2026-07-10 17:00:00+00:00,4114.39990234375,4115.7998046875,4111.2998046875,4113.39990234375,4183
2026-07-10 17:30:00+00:00,4109.60009765625,4115.7998046875,4109.39990234375,4114.39990234375,1914
2026-07-10 18:00:00+00:00,4111.7998046875,4114.7998046875,4108.89990234375,4109.7998046875,1673
2026-07-10 18:30:00+00:00,4109.7001953125,4112.5,4106.7998046875,4112.0,1474
2026-07-10 19:00:00+00:00,4110.2998046875,4111.89990234375,4106.2998046875,4109.7001953125,1315
2026-07-10 19:30:00+00:00,4116.60009765625,4117.0,4109.0,4110.10009765625,1530
2026-07-10 20:00:00+00:00,4119.60009765625,4123.39990234375,4116.2998046875,4116.39990234375,817
2026-07-10 20:30:00+00:00,4113.7001953125,4129.0,4113.7001953125,4119.7001953125,746
2026-07-12 22:00:00+00:00,4091.5,4102.2001953125,4087.39990234375,4097.89990234375,1080
2026-07-12 22:30:00+00:00,4084.300048828125,4094.199951171875,4076.800048828125,4091.60009765625,1565
2026-07-12 23:00:00+00:00,4082.300048828125,4084.10009765625,4075.800048828125,4084.0,1127
2026-07-12 23:30:00+00:00,4092.89990234375,4093.300048828125,4079.300048828125,4082.300048828125,1058
2026-07-13 00:00:00+00:00,4083.10009765625,4099.7001953125,4082.800048828125,4093.10009765625,1795
2026-07-13 00:30:00+00:00,4082.10009765625,4086.199951171875,4069.39990234375,4082.800048828125,2806
2026-07-13 01:00:00+00:00,4087.699951171875,4091.10009765625,4074.0,4082.89990234375,2605
2026-07-13 01:30:00+00:00,4080.199951171875,4098.2998046875,4075.300048828125,4087.699951171875,3279
2026-07-13 02:00:00+00:00,4075.5,4083.0,4074.60009765625,4080.5,1763
2026-07-13 02:30:00+00:00,4076.800048828125,4085.5,4072.60009765625,4075.39990234375,1733
2026-07-13 03:00:00+00:00,4069.89990234375,4077.199951171875,4060.699951171875,4076.5,3060
2026-07-13 03:30:00+00:00,4067.39990234375,4070.300048828125,4064.5,4069.5,596
2026-07-13 04:00:00+00:00,4063.10009765625,4068.10009765625,4057.800048828125,4068.10009765625,1432
2026-07-13 04:30:00+00:00,4066.300048828125,4067.10009765625,4060.10009765625,4063.10009765625,794
2026-07-13 05:00:00+00:00,4065.800048828125,4080.89990234375,4062.60009765625,4066.39990234375,2179
2026-07-13 05:30:00+00:00,4061.800048828125,4073.300048828125,4059.5,4065.699951171875,2310
2026-07-13 06:00:00+00:00,4068.89990234375,4069.10009765625,4052.0,4061.89990234375,3259
2026-07-13 06:30:00+00:00,4063.0,4071.39990234375,4059.699951171875,4069.0,1928
2026-07-13 07:00:00+00:00,4067.10009765625,4069.300048828125,4056.5,4063.39990234375,1882
2026-07-13 07:30:00+00:00,4072.800048828125,4073.199951171875,4063.800048828125,4066.60009765625,1514
2026-07-13 08:00:00+00:00,4082.60009765625,4089.10009765625,4071.39990234375,4072.800048828125,3598
2026-07-13 08:30:00+00:00,4083.10009765625,4087.199951171875,4079.5,4082.300048828125,1274
2026-07-13 09:00:00+00:00,4081.0,4085.0,4079.199951171875,4082.800048828125,1200
2026-07-13 09:30:00+00:00,4076.300048828125,4082.0,4076.0,4080.699951171875,1426
2026-07-13 10:00:00+00:00,4073.0,4078.39990234375,4071.5,4076.199951171875,1121
2026-07-13 10:30:00+00:00,4068.39990234375,4076.300048828125,4055.0,4072.89990234375,3881
2026-07-13 11:00:00+00:00,4070.60009765625,4075.800048828125,4066.0,4068.39990234375,3099
2026-07-13 11:30:00+00:00,4064.0,4076.699951171875,4062.60009765625,4070.300048828125,1915
2026-07-13 12:00:00+00:00,4066.89990234375,4071.300048828125,4061.10009765625,4064.0,3137
2026-07-13 12:30:00+00:00,4075.199951171875,4075.199951171875,4066.39990234375,4066.699951171875,2873
2026-07-13 13:00:00+00:00,4069.699951171875,4075.5,4066.199951171875,4075.300048828125,3123
2026-07-13 13:30:00+00:00,4050.89990234375,4071.800048828125,4049.0,4070.199951171875,7406
2026-07-13 14:00:00+00:00,4024.300048828125,4054.5,4009.0,4050.5,18614
2026-07-13 14:30:00+00:00,4022.39990234375,4024.5,4005.800048828125,4023.89990234375,10946
2026-07-13 15:00:00+00:00,4023.5,4027.5,4017.699951171875,4022.39990234375,3724
2026-07-13 15:30:00+00:00,4023.300048828125,4025.0,4017.5,4024.10009765625,2390
2026-07-13 16:00:00+00:00,4011.39990234375,4025.5,4007.60009765625,4023.10009765625,4615
2026-07-13 16:30:00+00:00,4000.300048828125,4012.0,3992.89990234375,4011.39990234375,10911
2026-07-13 17:00:00+00:00,4006.300048828125,4009.300048828125,3999.199951171875,4000.5,6389
2026-07-13 17:30:00+00:00,4000.60009765625,4008.5,3999.39990234375,4006.39990234375,2884
2026-07-13 18:00:00+00:00,4002.300048828125,4003.89990234375,3993.60009765625,4000.699951171875,2790
2026-07-13 18:30:00+00:00,4008.5,4012.699951171875,4000.89990234375,4002.5,2216
2026-07-13 19:00:00+00:00,4005.39990234375,4011.60009765625,4003.89990234375,4008.800048828125,1889
2026-07-13 19:30:00+00:00,4009.300048828125,4009.89990234375,4000.5,4005.199951171875,1900
2026-07-13 20:00:00+00:00,4007.60009765625,4013.60009765625,4002.800048828125,4009.39990234375,1272
2026-07-13 20:30:00+00:00,4008.699951171875,4009.39990234375,4004.10009765625,4007.300048828125,778
2026-07-13 22:00:00+00:00,4011.10009765625,4015.5,4005.800048828125,4005.89990234375,466
2026-07-13 22:30:00+00:00,4007.39990234375,4012.5,4007.39990234375,4011.0,558
2026-07-13 23:00:00+00:00,4004.300048828125,4009.89990234375,4003.89990234375,4007.699951171875,648
2026-07-13 23:30:00+00:00,4007.89990234375,4008.89990234375,3999.10009765625,4004.0,1140
2026-07-14 00:00:00+00:00,4001.800048828125,4011.800048828125,3990.39990234375,4008.60009765625,3047
2026-07-14 00:30:00+00:00,4011.60009765625,4014.300048828125,4001.39990234375,4002.5,2046
2026-07-14 01:00:00+00:00,4004.39990234375,4011.60009765625,3998.60009765625,4010.800048828125,2794
2026-07-14 01:30:00+00:00,4017.0,4019.0,3999.800048828125,4004.10009765625,2116
2026-07-14 02:00:00+00:00,4024.199951171875,4025.5,4012.699951171875,4017.5,2847
2026-07-14 02:30:00+00:00,4019.199951171875,4025.699951171875,4015.89990234375,4024.39990234375,1329
2026-07-14 03:00:00+00:00,4024.0,4025.300048828125,4017.5,4019.10009765625,1346
2026-07-14 03:30:00+00:00,4022.60009765625,4025.699951171875,4020.199951171875,4024.60009765625,690
2026-07-14 04:00:00+00:00,4022.199951171875,4025.39990234375,4019.89990234375,4023.699951171875,774
2026-07-14 04:30:00+00:00,4026.699951171875,4029.699951171875,4022.10009765625,4022.300048828125,1501
2026-07-14 05:00:00+00:00,4029.199951171875,4030.60009765625,4026.199951171875,4027.199951171875,957
2026-07-14 05:30:00+00:00,4037.800048828125,4040.39990234375,4029.0,4029.300048828125,3183
2026-07-14 06:00:00+00:00,4029.39990234375,4039.5,4029.10009765625,4037.699951171875,1612
2026-07-14 06:30:00+00:00,4030.39990234375,4033.5,4028.0,4029.39990234375,1299
2026-07-14 07:00:00+00:00,4033.10009765625,4036.39990234375,4027.199951171875,4030.60009765625,1442
2026-07-14 07:30:00+00:00,4027.300048828125,4036.10009765625,4026.5,4033.10009765625,1317
2026-07-14 08:00:00+00:00,4028.5,4030.10009765625,4020.800048828125,4027.300048828125,2405
2026-07-14 08:30:00+00:00,4022.60009765625,4031.10009765625,4022.39990234375,4028.300048828125,1456
2026-07-14 09:00:00+00:00,4022.39990234375,4031.199951171875,4020.39990234375,4022.39990234375,1536
2026-07-14 09:30:00+00:00,4028.699951171875,4030.89990234375,4020.10009765625,4022.199951171875,2074
2026-07-14 10:00:00+00:00,4025.10009765625,4029.5,4022.199951171875,4028.60009765625,1243
2026-07-14 10:30:00+00:00,4028.199951171875,4029.60009765625,4021.89990234375,4024.800048828125,978
2026-07-14 11:00:00+00:00,4032.300048828125,4035.300048828125,4022.10009765625,4028.199951171875,2191
2026-07-14 11:30:00+00:00,4038.10009765625,4039.0,4031.60009765625,4032.0,1639
2026-07-14 12:00:00+00:00,4036.0,4042.89990234375,4029.800048828125,4038.5,3776
2026-07-14 12:30:00+00:00,4083.89990234375,4112.5,4036.0,4036.10009765625,28263
2026-07-14 13:00:00+00:00,4089.10009765625,4093.60009765625,4078.199951171875,4084.0,8003
2026-07-14 13:30:00+00:00,4084.0,4096.39990234375,4081.60009765625,4089.199951171875,5366
2026-07-14 14:00:00+00:00,4084.199951171875,4092.699951171875,4077.89990234375,4084.0,6406
2026-07-14 14:30:00+00:00,4093.0,4098.39990234375,4080.39990234375,4084.5,5636
2026-07-14 15:00:00+00:00,4092.199951171875,4108.7001953125,4086.10009765625,4093.0,8581
2026-07-14 15:30:00+00:00,4073.10009765625,4094.300048828125,4071.300048828125,4092.0,5361
2026-07-14 16:00:00+00:00,4066.10009765625,4073.800048828125,4063.39990234375,4073.199951171875,3790
2026-07-14 16:30:00+00:00,4068.300048828125,4069.89990234375,4064.10009765625,4066.199951171875,2768
2026-07-14 17:00:00+00:00,4069.699951171875,4071.699951171875,4061.10009765625,4068.800048828125,8616
2026-07-14 17:30:00+00:00,4070.10009765625,4072.199951171875,4065.0,4069.60009765625,2547
2026-07-14 18:00:00+00:00,4065.39990234375,4070.199951171875,4063.5,4069.5,1505
2026-07-14 18:30:00+00:00,4060.699951171875,4066.5,4049.199951171875,4065.10009765625,4349
2026-07-14 19:00:00+00:00,4058.10009765625,4064.10009765625,4057.800048828125,4060.300048828125,1382
2026-07-14 19:30:00+00:00,4062.10009765625,4063.5,4054.199951171875,4058.300048828125,1972
2026-07-14 20:00:00+00:00,4059.39990234375,4063.10009765625,4058.699951171875,4062.10009765625,584
2026-07-14 20:30:00+00:00,4058.300048828125,4060.0,4055.5,4059.800048828125,1020
2026-07-14 22:00:00+00:00,4058.0,4060.0,4054.800048828125,4059.800048828125,903
2026-07-14 22:30:00+00:00,4055.10009765625,4058.89990234375,4054.300048828125,4057.5,1178
2026-07-14 23:00:00+00:00,4059.89990234375,4060.0,4052.699951171875,4054.800048828125,547
2026-07-14 23:30:00+00:00,4058.800048828125,4062.39990234375,4057.5,4060.0,739
2026-07-15 00:00:00+00:00,4064.699951171875,4064.89990234375,4057.10009765625,4059.0,908
2026-07-15 00:30:00+00:00,4065.10009765625,4067.199951171875,4058.699951171875,4065.0,1014
2026-07-15 01:00:00+00:00,4061.0,4068.60009765625,4059.0,4066.300048828125,1401
2026-07-15 01:30:00+00:00,4042.89990234375,4061.199951171875,4041.199951171875,4061.0,2350
2026-07-15 02:00:00+00:00,4039.199951171875,4048.199951171875,4035.300048828125,4043.0,2279
2026-07-15 02:30:00+00:00,4041.699951171875,4048.39990234375,4038.699951171875,4039.300048828125,1263
2026-07-15 03:00:00+00:00,4036.60009765625,4046.60009765625,4036.199951171875,4041.300048828125,1270
2026-07-15 03:30:00+00:00,4037.89990234375,4042.0,4033.89990234375,4036.800048828125,1736
2026-07-15 04:00:00+00:00,4039.89990234375,4041.199951171875,4036.0,4036.89990234375,597
2026-07-15 04:30:00+00:00,4039.10009765625,4041.300048828125,4034.199951171875,4039.89990234375,1002
2026-07-15 05:00:00+00:00,4031.300048828125,4042.199951171875,4030.800048828125,4039.5,1185
2026-07-15 05:30:00+00:00,4041.0,4044.699951171875,4028.0,4031.5,3070
2026-07-15 06:00:00+00:00,4032.5,4041.699951171875,4027.10009765625,4040.89990234375,2011
2026-07-15 06:30:00+00:00,4038.0,4040.0,4028.800048828125,4032.39990234375,1837
2026-07-15 07:00:00+00:00,4029.800048828125,4040.60009765625,4025.800048828125,4038.199951171875,1937
2026-07-15 07:30:00+00:00,4030.699951171875,4033.0,4025.60009765625,4029.800048828125,2005
2026-07-15 08:00:00+00:00,4032.699951171875,4033.199951171875,4023.300048828125,4030.699951171875,2365
2026-07-15 08:30:00+00:00,4037.699951171875,4039.5,4030.800048828125,4032.60009765625,1505
2026-07-15 09:00:00+00:00,4033.5,4040.699951171875,4032.89990234375,4037.699951171875,2422
2026-07-15 09:30:00+00:00,4036.300048828125,4036.39990234375,4031.5,4033.199951171875,1570
2026-07-15 10:00:00+00:00,4034.60009765625,4042.39990234375,4032.10009765625,4036.39990234375,1735
2026-07-15 10:30:00+00:00,4034.300048828125,4040.0,4033.10009765625,4034.60009765625,800
2026-07-15 11:00:00+00:00,4036.800048828125,4039.0,4033.699951171875,4033.89990234375,823
2026-07-15 11:30:00+00:00,4044.5,4046.5,4035.39990234375,4036.60009765625,2592
2026-07-15 12:00:00+00:00,4045.300048828125,4048.699951171875,4041.800048828125,4044.89990234375,2219
2026-07-15 12:30:00+00:00,4074.60009765625,4078.199951171875,4045.10009765625,4045.10009765625,10028
2026-07-15 13:00:00+00:00,4062.10009765625,4080.699951171875,4060.5,4074.699951171875,6462
2026-07-15 13:30:00+00:00,4068.5,4073.10009765625,4061.699951171875,4062.199951171875,4365
2026-07-15 14:00:00+00:00,4065.0,4073.0,4061.800048828125,4068.699951171875,3080
2026-07-15 14:30:00+00:00,4067.199951171875,4070.60009765625,4059.5,4065.0,3306
2026-07-15 15:00:00+00:00,4055.800048828125,4069.60009765625,4045.89990234375,4067.39990234375,4682
2026-07-15 15:30:00+00:00,4053.199951171875,4057.5,4051.300048828125,4056.0,2587
2026-07-15 16:00:00+00:00,4041.300048828125,4054.39990234375,4039.199951171875,4053.39990234375,3535
2026-07-15 16:30:00+00:00,4040.300048828125,4044.5,4033.0,4041.0,5286
2026-07-15 17:00:00+00:00,4054.199951171875,4055.0,4039.699951171875,4040.39990234375,4695
2026-07-15 17:30:00+00:00,4068.699951171875,4073.699951171875,4053.60009765625,4053.89990234375,5577
2026-07-15 18:00:00+00:00,4081.300048828125,4082.800048828125,4068.60009765625,4069.199951171875,2779
2026-07-15 18:30:00+00:00,4066.300048828125,4089.10009765625,4065.199951171875,4081.699951171875,3717
2026-07-15 19:00:00+00:00,4063.60009765625,4069.89990234375,4059.89990234375,4066.300048828125,2173
2026-07-15 19:30:00+00:00,4064.0,4065.10009765625,4055.199951171875,4063.800048828125,2516
2026-07-15 20:00:00+00:00,4068.0,4069.0,4062.300048828125,4063.699951171875,694
2026-07-15 20:30:00+00:00,4066.89990234375,4069.800048828125,4066.5,4068.300048828125,321
2026-07-15 22:00:00+00:00,4068.0,4071.89990234375,4066.60009765625,4068.89990234375,902
2026-07-15 22:30:00+00:00,4065.60009765625,4068.300048828125,4063.800048828125,4068.300048828125,646
2026-07-15 23:00:00+00:00,4063.60009765625,4068.0,4062.60009765625,4065.800048828125,920
2026-07-15 23:30:00+00:00,4063.60009765625,4066.5,4061.10009765625,4063.800048828125,722
2026-07-16 00:00:00+00:00,4065.0,4066.10009765625,4060.39990234375,4063.800048828125,694
2026-07-16 00:30:00+00:00,4050.39990234375,4067.10009765625,4049.199951171875,4064.0,2202
2026-07-16 01:00:00+00:00,4042.699951171875,4056.60009765625,4039.39990234375,4050.300048828125,2838
2026-07-16 01:30:00+00:00,4044.199951171875,4051.60009765625,4042.39990234375,4042.39990234375,1616
2026-07-16 02:00:00+00:00,4040.199951171875,4045.300048828125,4034.10009765625,4044.5,1352
2026-07-16 02:30:00+00:00,4036.89990234375,4041.300048828125,4029.39990234375,4040.199951171875,1878
2026-07-16 03:00:00+00:00,4039.699951171875,4039.699951171875,4033.0,4036.800048828125,802
2026-07-16 03:30:00+00:00,4040.699951171875,4042.199951171875,4037.89990234375,4039.699951171875,589
2026-07-16 04:00:00+00:00,4039.10009765625,4043.10009765625,4037.0,4041.800048828125,726
2026-07-16 04:30:00+00:00,4038.300048828125,4040.5,4037.0,4039.300048828125,465
2026-07-16 05:00:00+00:00,4032.699951171875,4051.800048828125,4031.60009765625,4038.199951171875,1089
2026-07-16 05:30:00+00:00,4032.199951171875,4038.5,4030.300048828125,4032.60009765625,1724
2026-07-16 06:00:00+00:00,4035.300048828125,4041.5,4032.39990234375,4032.39990234375,1956
2026-07-16 06:30:00+00:00,4035.800048828125,4036.60009765625,4027.699951171875,4035.10009765625,1865
2026-07-16 07:00:00+00:00,4029.5,4035.800048828125,4028.699951171875,4035.60009765625,1288
2026-07-16 07:30:00+00:00,4036.10009765625,4037.10009765625,4027.800048828125,4029.10009765625,1878
2026-07-16 08:00:00+00:00,4036.89990234375,4039.300048828125,4030.0,4035.5,1852
2026-07-16 08:30:00+00:00,4040.300048828125,4041.699951171875,4036.89990234375,4037.0,1276
2026-07-16 09:00:00+00:00,4038.10009765625,4043.199951171875,4036.0,4040.60009765625,1262
2026-07-16 09:30:00+00:00,4037.39990234375,4042.10009765625,4035.699951171875,4038.39990234375,1783
2026-07-16 10:00:00+00:00,4038.699951171875,4040.10009765625,4035.0,4037.199951171875,790
2026-07-16 10:30:00+00:00,4035.10009765625,4040.10009765625,4034.39990234375,4039.199951171875,727
2026-07-16 11:00:00+00:00,4029.39990234375,4035.800048828125,4026.199951171875,4035.199951171875,1897
2026-07-16 11:30:00+00:00,4044.10009765625,4048.39990234375,4028.5,4029.39990234375,4206
2026-07-16 12:00:00+00:00,4030.199951171875,4048.699951171875,4017.39990234375,4044.39990234375,9655
2026-07-16 12:30:00+00:00,3996.39990234375,4034.5,3994.199951171875,4030.300048828125,11531
2026-07-16 13:00:00+00:00,4009.800048828125,4010.5,3977.10009765625,3996.300048828125,11682
2026-07-16 13:30:00+00:00,3994.0,4012.60009765625,3985.5,4010.10009765625,7567
2026-07-16 14:00:00+00:00,4004.0,4005.0,3991.199951171875,3993.89990234375,4093
2026-07-16 14:30:00+00:00,4002.0,4011.0,3996.5,4003.300048828125,4343
2026-07-16 15:00:00+00:00,4015.5,4021.800048828125,3993.300048828125,4002.199951171875,5327
2026-07-16 15:30:00+00:00,4011.800048828125,4021.199951171875,4009.89990234375,4015.800048828125,3883
2026-07-16 16:00:00+00:00,3991.5,4012.300048828125,3986.5,4011.39990234375,4904
2026-07-16 16:30:00+00:00,3996.39990234375,4001.39990234375,3991.300048828125,3992.0,2624
2026-07-16 17:00:00+00:00,3992.300048828125,3997.300048828125,3987.199951171875,3996.699951171875,4767
2026-07-16 17:30:00+00:00,3989.5,3993.300048828125,3983.89990234375,3992.10009765625,2303
2026-07-16 18:00:00+00:00,3991.39990234375,3995.199951171875,3988.300048828125,3989.699951171875,1536
2026-07-16 18:30:00+00:00,3984.699951171875,3991.10009765625,3981.0,3991.10009765625,2306
2026-07-16 19:00:00+00:00,3983.60009765625,3990.800048828125,3983.0,3984.89990234375,1176
2026-07-16 19:30:00+00:00,3984.60009765625,3986.89990234375,3973.39990234375,3983.800048828125,3021
2026-07-16 20:00:00+00:00,3979.0,3984.800048828125,3976.199951171875,3984.800048828125,864
2026-07-16 20:30:00+00:00,3979.89990234375,3981.0,3977.60009765625,3979.300048828125,453
2026-07-16 22:00:00+00:00,3979.89990234375,3984.10009765625,3978.199951171875,3980.10009765625,453
2026-07-16 22:30:00+00:00,3982.10009765625,3982.199951171875,3976.800048828125,3980.199951171875,465
2026-07-16 23:00:00+00:00,3982.5,3984.300048828125,3978.60009765625,3982.10009765625,645
2026-07-16 23:30:00+00:00,3989.199951171875,3989.89990234375,3979.0,3981.89990234375,944
2026-07-17 00:00:00+00:00,3988.199951171875,3994.300048828125,3986.800048828125,3989.5,924
2026-07-17 00:30:00+00:00,3995.89990234375,3995.89990234375,3983.800048828125,3988.0,1228
2026-07-17 01:00:00+00:00,3994.89990234375,4000.10009765625,3991.199951171875,3996.0,2170
2026-07-17 01:30:00+00:00,3986.5,3999.10009765625,3982.699951171875,3993.699951171875,2026
2026-07-17 02:00:00+00:00,3986.60009765625,3991.10009765625,3983.300048828125,3987.0,813
2026-07-17 02:30:00+00:00,3982.199951171875,3987.39990234375,3974.10009765625,3986.10009765625,1533
2026-07-17 03:00:00+00:00,4005.10009765625,4012.199951171875,3982.199951171875,3982.5,3664
2026-07-17 03:30:00+00:00,3995.699951171875,4005.300048828125,3994.0,4004.800048828125,1462
2026-07-17 04:00:00+00:00,3989.5,3995.10009765625,3988.300048828125,3995.0,1582
2026-07-17 04:30:00+00:00,3985.0,3991.60009765625,3983.10009765625,3989.60009765625,1189
2026-07-17 05:00:00+00:00,3982.89990234375,3986.0,3978.39990234375,3984.800048828125,1891
2026-07-17 05:30:00+00:00,3988.60009765625,3995.300048828125,3981.5,3983.0,2437
2026-07-17 06:00:00+00:00,4007.5,4009.699951171875,3988.5,3988.60009765625,2585
2026-07-17 06:30:00+00:00,4003.10009765625,4010.699951171875,3999.300048828125,4007.199951171875,1432
2026-07-17 07:00:00+00:00,4000.0,4006.60009765625,3997.10009765625,4003.10009765625,1408
2026-07-17 07:30:00+00:00,3997.0,4002.60009765625,3996.699951171875,4000.39990234375,802
2026-07-17 08:00:00+00:00,3996.300048828125,4003.800048828125,3992.0,3996.60009765625,2158
2026-07-17 08:30:00+00:00,3998.39990234375,4003.39990234375,3991.300048828125,3996.300048828125,1094
2026-07-17 09:00:00+00:00,4002.89990234375,4006.5,3996.800048828125,3997.89990234375,1435
2026-07-17 09:30:00+00:00,4001.800048828125,4003.800048828125,3998.60009765625,4003.39990234375,1018
2026-07-17 10:00:00+00:00,3999.60009765625,4002.89990234375,3998.0,4001.699951171875,1334
2026-07-17 10:30:00+00:00,3994.39990234375,4000.89990234375,3994.10009765625,3999.800048828125,1304
2026-07-17 11:00:00+00:00,3999.39990234375,4000.10009765625,3993.60009765625,3994.5,1091
2026-07-17 11:30:00+00:00,3997.89990234375,4002.699951171875,3995.10009765625,3999.800048828125,1692
2026-07-17 12:00:00+00:00,3990.800048828125,3999.60009765625,3987.800048828125,3998.199951171875,3214
2026-07-17 12:30:00+00:00,3969.5,3991.800048828125,3967.699951171875,3991.0,6674
2026-07-17 13:00:00+00:00,3971.89990234375,3979.60009765625,3963.0,3970.10009765625,6370
2026-07-17 13:30:00+00:00,4001.39990234375,4007.89990234375,3967.10009765625,3971.89990234375,10085
2026-07-17 14:00:00+00:00,4002.699951171875,4008.89990234375,3994.199951171875,4000.699951171875,6339
2026-07-17 14:30:00+00:00,4005.5,4005.800048828125,3996.300048828125,4002.800048828125,3344
2026-07-17 15:00:00+00:00,4018.10009765625,4019.39990234375,4002.0,4005.5,7304
2026-07-17 15:30:00+00:00,4024.10009765625,4026.10009765625,4013.60009765625,4017.89990234375,5277
2026-07-17 16:00:00+00:00,4023.800048828125,4028.89990234375,4016.0,4024.39990234375,5073
2026-07-17 16:30:00+00:00,4019.60009765625,4025.39990234375,4017.5,4023.800048828125,3772
2026-07-17 17:00:00+00:00,4018.699951171875,4024.0,4017.0,4020.0,3069
2026-07-17 17:30:00+00:00,4014.800048828125,4019.5,4012.89990234375,4018.699951171875,1680
2026-07-17 18:00:00+00:00,4020.699951171875,4021.10009765625,4012.5,4014.89990234375,1345
2026-07-17 18:30:00+00:00,4016.10009765625,4021.300048828125,4011.60009765625,4020.300048828125,1450
2026-07-17 19:00:00+00:00,4009.89990234375,4016.39990234375,4006.800048828125,4016.39990234375,1414
2026-07-17 19:30:00+00:00,4019.89990234375,4020.89990234375,4009.60009765625,4009.89990234375,1488
2026-07-17 20:00:00+00:00,4015.39990234375,4020.300048828125,4013.5,4019.89990234375,657
2026-07-17 20:30:00+00:00,4018.800048828125,4023.0,4013.199951171875,4015.699951171875,721
2026-07-19 22:00:00+00:00,3998.800048828125,4004.39990234375,3998.300048828125,4001.0,497
2026-07-19 22:30:00+00:00,3997.89990234375,4002.800048828125,3996.89990234375,3998.0,772
2026-07-19 23:00:00+00:00,3996.699951171875,3999.300048828125,3993.800048828125,3999.300048828125,594
2026-07-19 23:30:00+00:00,3999.199951171875,4000.10009765625,3993.0,3996.5,774
2026-07-20 00:00:00+00:00,4008.60009765625,4010.10009765625,3986.5,3999.60009765625,3091
2026-07-20 00:30:00+00:00,4013.699951171875,4014.5,4002.39990234375,4008.39990234375,1737
2026-07-20 01:00:00+00:00,4007.5,4025.699951171875,4004.10009765625,4013.5,4134
2026-07-20 01:30:00+00:00,4007.0,4010.39990234375,4000.10009765625,4007.300048828125,1114
2026-07-20 02:00:00+00:00,4011.5,4014.699951171875,4006.0,4007.300048828125,988
2026-07-20 02:30:00+00:00,4027.10009765625,4034.199951171875,4010.699951171875,4011.39990234375,2761
2026-07-20 03:00:00+00:00,4027.5,4031.699951171875,4023.5,4026.699951171875,1003
2026-07-20 03:30:00+00:00,4027.800048828125,4032.699951171875,4023.89990234375,4027.60009765625,885
2026-07-20 04:00:00+00:00,4029.800048828125,4031.300048828125,4025.89990234375,4028.699951171875,602
2026-07-20 04:30:00+00:00,4022.800048828125,4029.800048828125,4022.60009765625,4029.800048828125,690
2026-07-20 05:00:00+00:00,4014.5,4025.10009765625,4013.60009765625,4023.300048828125,1297
2026-07-20 05:30:00+00:00,4012.300048828125,4018.699951171875,4009.5,4014.699951171875,1206
2026-07-20 06:00:00+00:00,4009.89990234375,4015.89990234375,4008.10009765625,4012.39990234375,946
2026-07-20 06:30:00+00:00,4008.199951171875,4011.89990234375,4007.0,4009.10009765625,957
2026-07-20 07:00:00+00:00,4011.300048828125,4013.199951171875,4006.5,4008.0,1406
2026-07-20 07:30:00+00:00,4022.0,4026.699951171875,4011.300048828125,4011.39990234375,3402
2026-07-20 08:00:00+00:00,4027.10009765625,4035.5,4022.199951171875,4022.199951171875,2505
2026-07-20 08:30:00+00:00,4023.300048828125,4029.5,4021.800048828125,4026.699951171875,1848
2026-07-20 09:00:00+00:00,4020.300048828125,4026.199951171875,4019.199951171875,4023.0,926
2026-07-20 09:30:00+00:00,4025.300048828125,4027.699951171875,4018.699951171875,4020.300048828125,1433
2026-07-20 10:00:00+00:00,4026.699951171875,4027.89990234375,4022.39990234375,4025.800048828125,793
2026-07-20 10:30:00+00:00,4029.0,4030.39990234375,4025.60009765625,4026.300048828125,809
2026-07-20 11:00:00+00:00,4026.5,4032.0,4024.39990234375,4029.0,1208
2026-07-20 11:30:00+00:00,4030.5,4046.0,4025.89990234375,4026.5,5747
2026-07-20 12:00:00+00:00,4017.0,4030.199951171875,4010.60009765625,4030.0,5745
2026-07-20 12:30:00+00:00,4012.0,4019.800048828125,4010.10009765625,4017.10009765625,4344
2026-07-20 13:00:00+00:00,4012.39990234375,4017.89990234375,4010.800048828125,4012.199951171875,2537
2026-07-20 13:30:00+00:00,4009.5,4021.60009765625,4009.39990234375,4013.10009765625,5037
2026-07-20 14:00:00+00:00,4010.60009765625,4011.89990234375,4001.60009765625,4009.39990234375,5923
2026-07-20 14:30:00+00:00,4010.5,4018.60009765625,4009.10009765625,4010.800048828125,4959
2026-07-20 15:00:00+00:00,4020.800048828125,4023.89990234375,4008.699951171875,4010.39990234375,5683
2026-07-20 15:30:00+00:00,4016.199951171875,4021.300048828125,4014.39990234375,4020.699951171875,2294
2026-07-20 16:00:00+00:00,4017.0,4022.800048828125,4015.199951171875,4016.300048828125,1804
2026-07-20 16:30:00+00:00,4013.89990234375,4017.0,4005.199951171875,4016.800048828125,3119
2026-07-20 17:00:00+00:00,4016.10009765625,4017.0,4012.89990234375,4013.89990234375,4327
2026-07-20 17:30:00+00:00,4009.199951171875,4017.0,4007.800048828125,4016.199951171875,1520
2026-07-20 18:00:00+00:00,4011.0,4016.39990234375,4007.699951171875,4009.39990234375,1962
2026-07-20 18:30:00+00:00,4012.10009765625,4013.0,4008.5,4011.199951171875,808
2026-07-20 19:00:00+00:00,4017.39990234375,4017.5,4008.5,4011.5,966
2026-07-20 19:30:00+00:00,4010.699951171875,4022.199951171875,4009.300048828125,4017.199951171875,2381
2026-07-20 20:00:00+00:00,4012.10009765625,4013.5,4009.800048828125,4011.10009765625,685
2026-07-20 20:30:00+00:00,4011.800048828125,4013.39990234375,4008.39990234375,4012.60009765625,672
2026-07-20 22:00:00+00:00,4013.10009765625,4014.699951171875,4008.300048828125,4013.39990234375,780
2026-07-20 22:30:00+00:00,4004.0,4013.10009765625,4003.300048828125,4012.800048828125,2179
2026-07-20 23:00:00+00:00,4007.89990234375,4013.39990234375,4003.300048828125,4004.199951171875,1342
2026-07-20 23:30:00+00:00,4014.39990234375,4015.10009765625,4007.89990234375,4007.89990234375,693
2026-07-21 00:00:00+00:00,4019.60009765625,4023.0,4008.300048828125,4014.5,1064
2026-07-21 00:30:00+00:00,4029.60009765625,4032.0,4018.60009765625,4018.800048828125,1584
2026-07-21 01:00:00+00:00,4032.89990234375,4041.0,4022.5,4029.800048828125,3725
2026-07-21 01:30:00+00:00,4027.60009765625,4035.39990234375,4025.39990234375,4033.39990234375,2189
2026-07-21 02:00:00+00:00,4033.10009765625,4034.300048828125,4025.89990234375,4027.5,1063
2026-07-21 02:30:00+00:00,4042.699951171875,4049.800048828125,4032.199951171875,4033.5,3088
2026-07-21 03:00:00+00:00,4052.0,4057.199951171875,4041.300048828125,4042.300048828125,2216
2026-07-21 03:30:00+00:00,4050.89990234375,4054.0,4046.5,4052.10009765625,962
2026-07-21 04:00:00+00:00,4049.5,4056.60009765625,4048.39990234375,4051.699951171875,1224
2026-07-21 04:30:00+00:00,4054.300048828125,4054.60009765625,4049.0,4049.5,608
2026-07-21 05:00:00+00:00,4058.89990234375,4061.5,4051.10009765625,4054.10009765625,1736
2026-07-21 05:30:00+00:00,4066.0,4072.800048828125,4059.5,4059.699951171875,4616
2026-07-21 06:00:00+00:00,4076.89990234375,4079.0,4066.0,4066.0,2869
2026-07-21 06:30:00+00:00,4083.0,4088.39990234375,4076.199951171875,4077.10009765625,4978
2026-07-21 07:00:00+00:00,4074.10009765625,4084.800048828125,4072.60009765625,4083.300048828125,2878
2026-07-21 07:30:00+00:00,4075.699951171875,4079.89990234375,4072.10009765625,4073.89990234375,2546
2026-07-21 08:00:00+00:00,4067.89990234375,4076.89990234375,4067.300048828125,4075.60009765625,2008
2026-07-21 08:30:00+00:00,4067.39990234375,4069.699951171875,4063.60009765625,4067.699951171875,3054
2026-07-21 09:00:00+00:00,4067.300048828125,4072.800048828125,4066.699951171875,4067.699951171875,2758
2026-07-21 09:30:00+00:00,4070.199951171875,4074.39990234375,4065.39990234375,4067.39990234375,2919
2026-07-21 10:00:00+00:00,4071.699951171875,4074.0,4065.10009765625,4070.5,1813
2026-07-21 10:30:00+00:00,4067.300048828125,4074.800048828125,4067.0,4071.60009765625,2458
2026-07-21 11:00:00+00:00,4062.60009765625,4068.300048828125,4059.89990234375,4067.699951171875,2009
2026-07-21 11:30:00+00:00,4060.60009765625,4066.300048828125,4058.89990234375,4062.800048828125,1398
2026-07-21 12:00:00+00:00,4066.0,4070.39990234375,4060.300048828125,4060.5,2833
2026-07-21 12:30:00+00:00,4058.0,4068.199951171875,4055.0,4066.300048828125,4408
2026-07-21 13:00:00+00:00,4055.199951171875,4066.10009765625,4054.300048828125,4058.300048828125,3642
2026-07-21 13:30:00+00:00,4057.199951171875,4061.699951171875,4048.39990234375,4055.5,5644
2026-07-21 14:00:00+00:00,4074.10009765625,4074.10009765625,4055.39990234375,4057.5,6712
2026-07-21 14:30:00+00:00,4072.89990234375,4079.10009765625,4066.800048828125,4074.0,5988
2026-07-21 15:00:00+00:00,4081.39990234375,4083.800048828125,4069.800048828125,4072.5,4822
2026-07-21 15:30:00+00:00,4078.60009765625,4088.0,4075.800048828125,4080.89990234375,4608
2026-07-21 16:00:00+00:00,4080.0,4083.5,4077.39990234375,4078.5,2319
2026-07-21 16:30:00+00:00,4075.89990234375,4080.5,4074.10009765625,4079.800048828125,2057
2026-07-21 17:00:00+00:00,4076.699951171875,4077.199951171875,4073.300048828125,4076.0,2150
2026-07-21 17:30:00+00:00,4073.0,4076.699951171875,4071.0,4076.699951171875,1438
2026-07-21 18:00:00+00:00,4088.699951171875,4092.5,4071.89990234375,4072.89990234375,3351
2026-07-21 18:30:00+00:00,4087.0,4090.39990234375,4083.89990234375,4088.60009765625,1797
2026-07-21 19:00:00+00:00,4088.60009765625,4090.300048828125,4084.699951171875,4087.0,1040
2026-07-21 19:30:00+00:00,4088.60009765625,4089.60009765625,4086.199951171875,4088.800048828125,1589
2026-07-21 20:00:00+00:00,4086.89990234375,4090.89990234375,4085.89990234375,4088.60009765625,993
2026-07-21 20:30:00+00:00,4082.199951171875,4089.800048828125,4080.89990234375,4087.10009765625,1004
2026-07-21 22:00:00+00:00,4086.699951171875,4087.39990234375,4081.0,4084.699951171875,479
2026-07-21 22:30:00+00:00,4084.60009765625,4089.0,4082.0,4086.60009765625,1189
2026-07-21 23:00:00+00:00,4085.199951171875,4086.800048828125,4083.300048828125,4084.39990234375,348
2026-07-21 23:30:00+00:00,4085.199951171875,4087.39990234375,4083.39990234375,4085.300048828125,408
2026-07-22 00:00:00+00:00,4103.0,4103.60009765625,4081.10009765625,4085.5,2883
2026-07-22 00:30:00+00:00,4101.60009765625,4107.5,4094.199951171875,4103.0,2562
2026-07-22 01:00:00+00:00,4120.2998046875,4126.5,4100.7998046875,4102.2998046875,5336
2026-07-22 01:30:00+00:00,4126.0,4128.39990234375,4117.2998046875,4119.39990234375,2094
2026-07-22 02:00:00+00:00,4128.7998046875,4130.5,4123.10009765625,4126.39990234375,1201
2026-07-22 02:30:00+00:00,4134.7001953125,4135.2998046875,4126.60009765625,4128.7998046875,2590
2026-07-22 03:00:00+00:00,4142.7998046875,4146.0,4133.60009765625,4134.7998046875,4053
2026-07-22 03:30:00+00:00,4135.5,4142.39990234375,4134.60009765625,4142.39990234375,1367
2026-07-22 04:00:00+00:00,4133.60009765625,4135.60009765625,4131.0,4135.10009765625,1385
2026-07-22 04:30:00+00:00,4131.7998046875,4133.7998046875,4129.39990234375,4133.7001953125,968
2026-07-22 05:00:00+00:00,4128.2998046875,4134.7001953125,4127.60009765625,4131.60009765625,1458
2026-07-22 05:30:00+00:00,4135.5,4138.60009765625,4127.5,4127.7998046875,1873
2026-07-22 06:00:00+00:00,4121.7001953125,4140.0,4118.2001953125,4135.39990234375,2998
2026-07-22 06:30:00+00:00,4121.0,4124.89990234375,4117.7998046875,4122.2001953125,3603
2026-07-22 07:00:00+00:00,4124.0,4126.89990234375,4116.10009765625,4120.7998046875,2758
2026-07-22 07:30:00+00:00,4114.60009765625,4127.39990234375,4113.2998046875,4124.2001953125,2051
2026-07-22 08:00:00+00:00,4121.7998046875,4122.2998046875,4114.7998046875,4115.0,1415
2026-07-22 08:30:00+00:00,4122.2998046875,4124.39990234375,4117.7001953125,4121.7998046875,1333
2026-07-22 09:00:00+00:00,4122.60009765625,4126.60009765625,4121.7001953125,4122.60009765625,1911
2026-07-22 09:30:00+00:00,4118.7998046875,4125.7998046875,4117.5,4122.89990234375,1804
2026-07-22 10:00:00+00:00,4123.5,4126.10009765625,4119.2001953125,4119.2001953125,1168
2026-07-22 10:30:00+00:00,4121.2001953125,4124.5,4119.89990234375,4123.5,1165
2026-07-22 11:00:00+00:00,4123.2001953125,4127.5,4119.2998046875,4121.7998046875,3296
2026-07-22 11:30:00+00:00,4127.39990234375,4127.89990234375,4117.2001953125,4123.2998046875,2547
2026-07-22 12:00:00+00:00,4137.5,4138.0,4126.2998046875,4127.5,3846
2026-07-22 12:30:00+00:00,4117.0,4139.5,4110.39990234375,4137.7998046875,7427
2026-07-22 13:00:00+00:00,4136.5,4139.7998046875,4117.0,4117.10009765625,4154
2026-07-22 13:30:00+00:00,4160.0,4161.5,4136.7998046875,4136.7998046875,11679
2026-07-22 14:00:00+00:00,4151.10009765625,4168.7998046875,4149.10009765625,4159.7998046875,9629
2026-07-22 14:30:00+00:00,4153.39990234375,4158.2001953125,4148.60009765625,4151.2001953125,3437
2026-07-22 15:00:00+00:00,4162.2001953125,4166.60009765625,4153.39990234375,4153.5,4747
2026-07-22 15:30:00+00:00,4164.10009765625,4171.39990234375,4160.7001953125,4162.2998046875,3952
2026-07-22 16:00:00+00:00,4154.5,4164.5,4153.10009765625,4164.39990234375,4077
2026-07-22 16:30:00+00:00,4152.7998046875,4157.2998046875,4150.10009765625,4154.60009765625,3633
2026-07-22 17:00:00+00:00,4151.60009765625,4153.60009765625,4148.5,4152.7998046875,3601
2026-07-22 17:30:00+00:00,4148.10009765625,4153.10009765625,4143.7998046875,4151.60009765625,2675
2026-07-22 18:00:00+00:00,4140.39990234375,4148.39990234375,4140.2001953125,4147.89990234375,2221
2026-07-22 18:30:00+00:00,4141.7998046875,4144.2998046875,4137.5,4140.89990234375,1608
2026-07-22 19:00:00+00:00,4140.0,4142.5,4137.10009765625,4141.39990234375,1014
2026-07-22 19:30:00+00:00,4136.39990234375,4141.60009765625,4133.89990234375,4139.60009765625,2369
2026-07-22 20:00:00+00:00,4141.7001953125,4142.7998046875,4135.10009765625,4136.39990234375,1401
2026-07-22 20:30:00+00:00,4135.0,4142.39990234375,4133.2001953125,4141.0,763
2026-07-22 22:00:00+00:00,4131.2998046875,4132.2001953125,4074.60009765625,4126.0,1460
2026-07-22 22:30:00+00:00,4124.7001953125,4133.0,4122.7001953125,4131.7998046875,2774
2026-07-22 23:00:00+00:00,4122.7001953125,4127.39990234375,4118.89990234375,4125.10009765625,2582
2026-07-22 23:30:00+00:00,4135.7998046875,4137.10009765625,4121.60009765625,4122.2998046875,1435
2026-07-23 00:00:00+00:00,4132.0,4138.0,4129.0,4136.7998046875,1171
2026-07-23 00:30:00+00:00,4135.2998046875,4136.89990234375,4128.39990234375,4132.0,878
2026-07-23 01:00:00+00:00,4140.2001953125,4144.0,4133.2001953125,4135.2001953125,2612
2026-07-23 01:30:00+00:00,4120.5,4141.89990234375,4116.7001953125,4140.5,3492
2026-07-23 02:00:00+00:00,4118.39990234375,4121.39990234375,4114.7001953125,4120.10009765625,1788
2026-07-23 02:30:00+00:00,4130.7998046875,4131.2998046875,4116.10009765625,4118.2998046875,1419
2026-07-23 03:00:00+00:00,4132.2001953125,4135.60009765625,4126.60009765625,4130.89990234375,1280
2026-07-23 03:30:00+00:00,4127.60009765625,4133.7998046875,4127.2001953125,4132.7998046875,749
2026-07-23 04:00:00+00:00,4132.5,4132.5,4124.7998046875,4127.7001953125,645
2026-07-23 04:30:00+00:00,4123.7998046875,4132.89990234375,4122.5,4132.2998046875,577
2026-07-23 05:00:00+00:00,4128.0,4128.0,4121.60009765625,4124.0,780
2026-07-23 05:30:00+00:00,4126.89990234375,4133.39990234375,4123.2998046875,4128.2998046875,1880
2026-07-23 06:00:00+00:00,4124.89990234375,4131.0,4124.0,4127.10009765625,973
2026-07-23 06:30:00+00:00,4121.60009765625,4126.7001953125,4119.5,4124.7998046875,1176
2026-07-23 07:00:00+00:00,4111.2001953125,4122.2001953125,4104.89990234375,4121.2998046875,3723
2026-07-23 07:30:00+00:00,4098.2998046875,4111.5,4093.0,4111.39990234375,3753
2026-07-23 08:00:00+00:00,4094.39990234375,4100.7001953125,4091.10009765625,4098.5,2217
2026-07-23 08:30:00+00:00,4096.0,4097.39990234375,4089.699951171875,4094.10009765625,2038
2026-07-23 09:00:00+00:00,4093.89990234375,4102.39990234375,4092.199951171875,4095.89990234375,2328
2026-07-23 09:30:00+00:00,4093.199951171875,4097.5,4091.300048828125,4094.199951171875,2279
2026-07-23 10:00:00+00:00,4093.300048828125,4096.0,4088.699951171875,4093.199951171875,1602
2026-07-23 10:30:00+00:00,4096.7001953125,4098.60009765625,4089.800048828125,4092.89990234375,1746
2026-07-23 11:00:00+00:00,4087.10009765625,4097.39990234375,4083.800048828125,4096.60009765625,2637
2026-07-23 11:30:00+00:00,4088.89990234375,4092.5,4075.699951171875,4087.10009765625,4165
2026-07-23 12:00:00+00:00,4077.60009765625,4089.0,4072.800048828125,4088.39990234375,5115
2026-07-23 12:30:00+00:00,4064.60009765625,4077.89990234375,4063.60009765625,4076.800048828125,6246
2026-07-23 13:00:00+00:00,4061.10009765625,4066.39990234375,4042.60009765625,4064.199951171875,13192
2026-07-23 13:30:00+00:00,4045.800048828125,4070.10009765625,4045.300048828125,4060.89990234375,10878
2026-07-23 14:00:00+00:00,4059.60009765625,4060.199951171875,4042.5,4046.10009765625,12129
2026-07-23 14:30:00+00:00,4061.10009765625,4064.699951171875,4054.39990234375,4059.60009765625,4313
2026-07-23 15:00:00+00:00,4049.699951171875,4062.60009765625,4048.0,4061.5,6644
2026-07-23 15:30:00+00:00,4051.199951171875,4056.0,4045.0,4049.5,7844
2026-07-23 16:00:00+00:00,4053.199951171875,4054.60009765625,4048.60009765625,4051.5,6896
2026-07-23 16:30:00+00:00,4054.300048828125,4054.60009765625,4049.800048828125,4053.0,4514
2026-07-23 17:00:00+00:00,4049.699951171875,4057.5,4048.800048828125,4054.5,8573
2026-07-23 17:30:00+00:00,4043.89990234375,4051.800048828125,4043.89990234375,4049.89990234375,3221
2026-07-23 18:00:00+00:00,4047.199951171875,4047.60009765625,4042.5,4044.39990234375,2888
2026-07-23 18:30:00+00:00,4048.800048828125,4050.800048828125,4046.800048828125,4046.800048828125,1244
2026-07-23 19:00:00+00:00,4050.10009765625,4051.5,4045.300048828125,4049.199951171875,1181
2026-07-23 19:30:00+00:00,4052.10009765625,4053.300048828125,4047.0,4050.39990234375,1753
2026-07-23 20:00:00+00:00,4052.60009765625,4053.60009765625,4049.800048828125,4051.89990234375,1318
2026-07-23 20:30:00+00:00,4052.300048828125,4053.199951171875,4049.89990234375,4052.89990234375,458
2026-07-23 22:00:00+00:00,4052.300048828125,4053.5,4050.199951171875,4053.39990234375,386
2026-07-23 22:30:00+00:00,4052.0,4052.89990234375,4050.800048828125,4051.89990234375,460
2026-07-23 23:00:00+00:00,4051.699951171875,4052.39990234375,4049.5,4052.199951171875,566
2026-07-23 23:30:00+00:00,4049.39990234375,4053.800048828125,4048.800048828125,4051.699951171875,866
2026-07-24 00:00:00+00:00,4048.300048828125,4052.300048828125,4043.199951171875,4049.800048828125,1388
2026-07-24 00:30:00+00:00,4052.39990234375,4054.10009765625,4047.199951171875,4049.39990234375,1113
2026-07-24 01:00:00+00:00,4045.0,4053.10009765625,4041.89990234375,4052.89990234375,2277
2026-07-24 01:30:00+00:00,4046.0,4053.300048828125,4043.60009765625,4044.89990234375,1453
2026-07-24 02:00:00+00:00,4048.800048828125,4051.0,4043.300048828125,4045.89990234375,846
2026-07-24 02:30:00+00:00,4026.699951171875,4050.5,4025.300048828125,4049.199951171875,4761
2026-07-24 03:00:00+00:00,4032.5,4036.10009765625,4025.39990234375,4027.10009765625,1328
2026-07-24 03:30:00+00:00,4031.10009765625,4035.39990234375,4030.39990234375,4033.300048828125,478
2026-07-24 04:00:00+00:00,4032.10009765625,4032.699951171875,4029.5,4031.300048828125,969
2026-07-24 04:30:00+00:00,4029.800048828125,4032.89990234375,4027.800048828125,4032.300048828125,657
2026-07-24 05:00:00+00:00,4028.300048828125,4034.60009765625,4024.5,4029.800048828125,1944
2026-07-24 05:30:00+00:00,4025.0,4033.60009765625,4024.0,4028.300048828125,1908
2026-07-24 06:00:00+00:00,4038.800048828125,4041.39990234375,4025.0,4025.199951171875,1752
2026-07-24 06:30:00+00:00,4038.39990234375,4041.39990234375,4034.0,4038.699951171875,1493
2026-07-24 07:00:00+00:00,4051.10009765625,4053.39990234375,4037.5,4038.199951171875,3018
2026-07-24 07:30:00+00:00,4051.10009765625,4056.300048828125,4048.199951171875,4051.699951171875,1733
2026-07-24 08:00:00+00:00,4054.89990234375,4055.300048828125,4047.5,4051.199951171875,1176
2026-07-24 08:30:00+00:00,4060.0,4061.5,4051.39990234375,4054.800048828125,1794
2026-07-24 09:00:00+00:00,4055.60009765625,4064.0,4055.0,4060.39990234375,2840
2026-07-24 09:30:00+00:00,4062.60009765625,4062.60009765625,4054.199951171875,4055.39990234375,1680
2026-07-24 10:00:00+00:00,4064.5,4066.60009765625,4060.39990234375,4062.60009765625,1406
2026-07-24 10:30:00+00:00,4062.199951171875,4067.0,4059.39990234375,4064.39990234375,1454
2026-07-24 11:00:00+00:00,4061.60009765625,4065.89990234375,4060.800048828125,4062.5,1700
2026-07-24 11:30:00+00:00,4060.199951171875,4063.89990234375,4053.5,4061.199951171875,2789
2026-07-24 12:00:00+00:00,4062.10009765625,4062.89990234375,4054.5,4060.60009765625,2546
2026-07-24 12:30:00+00:00,4058.5,4062.10009765625,4054.199951171875,4061.89990234375,2041
2026-07-24 13:00:00+00:00,4048.800048828125,4061.0,4046.89990234375,4058.800048828125,4048
2026-07-24 13:30:00+00:00,4070.0,4071.5,4047.0,4048.5,6393
2026-07-24 14:00:00+00:00,4068.89990234375,4073.0,4058.39990234375,4069.89990234375,7934
2026-07-24 14:30:00+00:00,4066.199951171875,4071.10009765625,4061.39990234375,4069.0,3621
2026-07-24 15:00:00+00:00,4077.89990234375,4085.199951171875,4064.699951171875,4066.10009765625,11619
2026-07-24 15:30:00+00:00,4079.89990234375,4082.5,4073.5,4078.199951171875,5901
2026-07-24 16:00:00+00:00,4076.60009765625,4080.89990234375,4076.10009765625,4080.300048828125,2207
2026-07-24 16:30:00+00:00,4069.5,4076.60009765625,4066.5,4076.60009765625,3047
2026-07-24 17:00:00+00:00,4071.300048828125,4072.800048828125,4065.300048828125,4069.699951171875,6275
2026-07-24 17:30:00+00:00,4065.800048828125,4072.699951171875,4065.300048828125,4071.199951171875,2315
2026-07-24 18:00:00+00:00,4057.699951171875,4067.300048828125,4057.199951171875,4066.0,3214
2026-07-24 18:30:00+00:00,4056.699951171875,4059.39990234375,4053.5,4057.800048828125,1991
2026-07-24 19:00:00+00:00,4053.800048828125,4058.699951171875,4051.300048828125,4056.89990234375,1351
2026-07-24 19:30:00+00:00,4056.10009765625,4060.199951171875,4053.199951171875,4053.699951171875,1601
2026-07-24 20:00:00+00:00,4055.89990234375,4057.800048828125,4054.10009765625,4055.89990234375,961
2026-07-24 20:30:00+00:00,4070.800048828125,4070.800048828125,4053.89990234375,4056.10009765625,1006
2026-07-26 22:00:00+00:00,4089.89990234375,4093.199951171875,4086.89990234375,4091.5,887
2026-07-26 22:30:00+00:00,4092.199951171875,4096.5,4088.800048828125,4089.39990234375,1461
2026-07-26 23:00:00+00:00,4086.699951171875,4094.10009765625,4085.800048828125,4092.89990234375,666
2026-07-26 23:30:00+00:00,4096.89990234375,4099.0,4087.300048828125,4087.300048828125,885
2026-07-27 00:00:00+00:00,4097.5,4119.2998046875,4093.199951171875,4097.2001953125,4896
2026-07-27 00:30:00+00:00,4102.60009765625,4111.60009765625,4096.39990234375,4097.2998046875,1974
2026-07-27 01:00:00+00:00,4101.7998046875,4114.7998046875,4098.89990234375,4103.10009765625,2639
2026-07-27 01:30:00+00:00,4112.0,4112.0,4099.7998046875,4102.5,1219
2026-07-27 02:00:00+00:00,4105.2001953125,4112.89990234375,4103.7001953125,4112.2001953125,1051
2026-07-27 02:30:00+00:00,4095.699951171875,4105.0,4095.60009765625,4104.60009765625,1045
2026-07-27 03:00:00+00:00,4087.300048828125,4097.7998046875,4087.300048828125,4095.5,1413
2026-07-27 03:30:00+00:00,4092.5,4093.199951171875,4087.0,4087.39990234375,865
2026-07-27 04:00:00+00:00,4091.199951171875,4095.0,4088.89990234375,4093.0,690
2026-07-27 04:30:00+00:00,4091.699951171875,4094.300048828125,4091.0,4091.0,372
2026-07-27 05:00:00+00:00,4089.0,4097.0,4088.199951171875,4092.5,699
2026-07-27 05:30:00+00:00,4095.300048828125,4095.699951171875,4086.5,4088.800048828125,1102
2026-07-27 06:00:00+00:00,4097.7001953125,4098.60009765625,4093.300048828125,4094.89990234375,1502
2026-07-27 06:30:00+00:00,4098.39990234375,4101.39990234375,4096.5,4098.10009765625,1276
2026-07-27 07:00:00+00:00,4105.39990234375,4108.2998046875,4098.0,4098.2001953125,2441
2026-07-27 07:30:00+00:00,4090.699951171875,4105.7998046875,4090.5,4105.39990234375,1976
2026-07-27 08:00:00+00:00,4093.0,4094.800048828125,4088.800048828125,4090.89990234375,2657
2026-07-27 08:30:00+00:00,4097.7001953125,4098.7001953125,4089.0,4092.5,1065
2026-07-27 09:00:00+00:00,4093.5,4100.2998046875,4092.800048828125,4096.7998046875,2061
2026-07-27 09:30:00+00:00,4098.89990234375,4102.7001953125,4091.800048828125,4093.300048828125,3575
2026-07-27 10:00:00+00:00,4095.10009765625,4098.7998046875,4088.39990234375,4098.7998046875,1528
2026-07-27 10:30:00+00:00,4102.10009765625,4104.60009765625,4095.0,4095.60009765625,3500
2026-07-27 11:00:00+00:00,4098.7998046875,4107.0,4098.7998046875,4102.2001953125,1821
2026-07-27 11:30:00+00:00,4095.89990234375,4102.2001953125,4095.60009765625,4098.89990234375,2091
2026-07-27 12:00:00+00:00,4088.10009765625,4099.7998046875,4083.10009765625,4096.10009765625,4937
2026-07-27 12:30:00+00:00,4085.199951171875,4091.10009765625,4082.39990234375,4088.89990234375,6176
2026-07-27 13:00:00+00:00,4077.800048828125,4090.800048828125,4077.699951171875,4085.800048828125,8002
2026-07-27 13:30:00+00:00,4075.800048828125,4091.800048828125,4071.60009765625,4078.0,9549
2026-07-27 14:00:00+00:00,4069.800048828125,4081.0,4068.60009765625,4075.89990234375,10375
2026-07-27 14:30:00+00:00,4078.39990234375,4079.60009765625,4067.10009765625,4070.39990234375,6011
2026-07-27 15:00:00+00:00,4078.89990234375,4081.800048828125,4073.89990234375,4078.300048828125,7584
2026-07-27 15:30:00+00:00,4080.60009765625,4082.199951171875,4074.800048828125,4078.60009765625,3510
2026-07-27 16:00:00+00:00,4087.10009765625,4090.89990234375,4079.89990234375,4080.800048828125,3761
2026-07-27 16:30:00+00:00,4084.10009765625,4095.699951171875,4082.5,4087.0,3552
2026-07-27 17:00:00+00:00,4076.39990234375,4084.10009765625,4072.199951171875,4084.0,8146
2026-07-27 17:30:00+00:00,4078.199951171875,4079.0,4073.89990234375,4076.5,1340
2026-07-27 18:00:00+00:00,4078.60009765625,4081.0,4075.89990234375,4078.199951171875,1447
2026-07-27 18:30:00+00:00,4079.800048828125,4081.199951171875,4074.5,4078.39990234375,2441
2026-07-27 19:00:00+00:00,4087.800048828125,4090.89990234375,4078.0,4079.89990234375,2373
2026-07-27 19:30:00+00:00,4085.5,4091.800048828125,4084.5,4088.0,1752
2026-07-27 20:00:00+00:00,4081.0,4086.39990234375,4079.800048828125,4085.39990234375,1246
2026-07-27 20:30:00+00:00,4078.60009765625,4081.60009765625,4077.60009765625,4081.10009765625,852
2026-07-27 22:00:00+00:00,4073.89990234375,4085.699951171875,4072.300048828125,4083.0,711
2026-07-27 22:30:00+00:00,4075.10009765625,4076.39990234375,4073.699951171875,4073.699951171875,338
2026-07-27 23:00:00+00:00,4074.5,4076.10009765625,4073.10009765625,4075.39990234375,363
2026-07-27 23:30:00+00:00,4074.39990234375,4074.89990234375,4071.0,4074.199951171875,272
2026-07-28 00:00:00+00:00,4062.89990234375,4075.5,4059.60009765625,4074.39990234375,2438
2026-07-28 00:30:00+00:00,4058.5,4066.89990234375,4058.10009765625,4063.300048828125,1346
2026-07-28 01:00:00+00:00,4048.199951171875,4061.199951171875,4046.199951171875,4058.300048828125,3637
2026-07-28 01:30:00+00:00,4045.699951171875,4051.199951171875,4042.89990234375,4047.5,1398
2026-07-28 02:00:00+00:00,4046.60009765625,4049.699951171875,4042.800048828125,4045.89990234375,1278
2026-07-28 02:30:00+00:00,4042.300048828125,4048.199951171875,4041.10009765625,4046.10009765625,1316
2026-07-28 03:00:00+00:00,4048.10009765625,4049.800048828125,4040.699951171875,4042.300048828125,1192
2026-07-28 03:30:00+00:00,4049.60009765625,4051.5,4047.699951171875,4047.699951171875,748
2026-07-28 04:00:00+00:00,4045.60009765625,4049.699951171875,4043.199951171875,4049.0,927
2026-07-28 04:30:00+00:00,4042.10009765625,4048.0,4041.199951171875,4045.800048828125,762
2026-07-28 05:00:00+00:00,4043.300048828125,4043.800048828125,4039.60009765625,4041.89990234375,1091
2026-07-28 05:30:00+00:00,4045.199951171875,4046.89990234375,4034.60009765625,4042.699951171875,1740
2026-07-28 06:00:00+00:00,4048.10009765625,4050.0,4042.89990234375,4045.5,1045
2026-07-28 06:30:00+00:00,4048.699951171875,4052.800048828125,4047.10009765625,4047.800048828125,2993
2026-07-28 07:00:00+00:00,4050.39990234375,4052.89990234375,4047.699951171875,4048.300048828125,7105
2026-07-28 07:30:00+00:00,4047.300048828125,4051.300048828125,4045.800048828125,4050.60009765625,4612
2026-07-28 08:00:00+00:00,4049.89990234375,4055.60009765625,4043.10009765625,4047.300048828125,1991
2026-07-28 08:30:00+00:00,4045.699951171875,4050.10009765625,4041.89990234375,4050.10009765625,1998
2026-07-28 09:00:00+00:00,4040.10009765625,4046.10009765625,4039.199951171875,4045.5,1679
2026-07-28 09:30:00+00:00,4023.300048828125,4040.39990234375,4018.10009765625,4040.0,7935
2026-07-28 10:00:00+00:00,4016.800048828125,4027.199951171875,4016.5,4023.10009765625,6448
2026-07-28 10:30:00+00:00,4025.60009765625,4028.199951171875,4016.60009765625,4016.800048828125,4971
2026-07-28 11:00:00+00:00,4027.199951171875,4031.89990234375,4022.5,4026.0,2491
2026-07-28 11:30:00+00:00,4027.800048828125,4031.10009765625,4023.199951171875,4026.800048828125,2690
2026-07-28 12:00:00+00:00,4034.10009765625,4034.60009765625,4022.199951171875,4027.300048828125,5212
2026-07-28 12:30:00+00:00,4029.39990234375,4037.89990234375,4024.800048828125,4034.10009765625,6561
2026-07-28 13:00:00+00:00,4028.699951171875,4036.10009765625,4028.5,4029.39990234375,4231
2026-07-28 13:30:00+00:00,4021.39990234375,4032.800048828125,4019.300048828125,4028.699951171875,11634
2026-07-28 14:00:00+00:00,4022.0,4034.10009765625,4011.10009765625,4021.89990234375,11109
2026-07-28 14:30:00+00:00,4023.800048828125,4029.39990234375,4018.5,4021.89990234375,5165
2026-07-28 15:00:00+00:00,4035.60009765625,4041.300048828125,4021.89990234375,4024.60009765625,8272
2026-07-28 15:30:00+00:00,4046.5,4047.39990234375,4032.300048828125,4035.699951171875,7245
2026-07-28 16:00:00+00:00,4042.300048828125,4046.800048828125,4042.10009765625,4046.699951171875,5609
2026-07-28 16:30:00+00:00,4037.60009765625,4044.10009765625,4036.60009765625,4042.5,6774
2026-07-28 17:00:00+00:00,4037.89990234375,4041.89990234375,4035.300048828125,4037.89990234375,12458
2026-07-28 17:30:00+00:00,4028.0,4038.10009765625,4025.300048828125,4038.10009765625,5600
2026-07-28 18:00:00+00:00,4027.199951171875,4030.5,4026.0,4028.10009765625,1727
2026-07-28 18:30:00+00:00,4023.10009765625,4027.699951171875,4021.39990234375,4027.39990234375,1307
2026-07-28 19:00:00+00:00,4022.60009765625,4025.60009765625,4021.5,4022.800048828125,2406
2026-07-28 19:30:00+00:00,4025.89990234375,4038.699951171875,4022.300048828125,4023.10009765625,2268
2026-07-28 20:00:00+00:00,4027.10009765625,4027.5,4022.199951171875,4025.800048828125,1278
2026-07-28 20:30:00+00:00,4028.800048828125,4030.60009765625,4026.5,4027.10009765625,814
2026-07-28 22:00:00+00:00,4020.39990234375,4034.0,4016.10009765625,4020.89990234375,499
2026-07-28 22:30:00+00:00,4017.89990234375,4020.5,4013.199951171875,4020.10009765625,563
2026-07-28 23:00:00+00:00,4017.39990234375,4022.39990234375,4015.0,4017.39990234375,348
2026-07-28 23:30:00+00:00,4024.300048828125,4026.0,4017.10009765625,4018.699951171875,427
2026-07-29 00:00:00+00:00,4022.39990234375,4030.699951171875,4017.10009765625,4025.0,606
2026-07-29 00:30:00+00:00,4021.300048828125,4027.699951171875,4020.0,4022.89990234375,279
2026-07-29 01:00:00+00:00,4017.699951171875,4021.0,4009.300048828125,4021.0,801
2026-07-29 01:30:00+00:00,4025.0,4030.0,4014.39990234375,4016.0,464
2026-07-29 02:00:00+00:00,4032.0,4034.300048828125,4022.300048828125,4025.0,458
2026-07-29 02:30:00+00:00,4028.300048828125,4036.800048828125,4028.300048828125,4032.300048828125,333
2026-07-29 03:00:00+00:00,4025.10009765625,4031.39990234375,4024.699951171875,4028.199951171875,202
2026-07-29 03:30:00+00:00,4021.5,4027.800048828125,4021.5,4024.89990234375,337
2026-07-29 04:00:00+00:00,4021.300048828125,4023.699951171875,4019.300048828125,4022.0,310
2026-07-29 04:30:00+00:00,4025.39990234375,4026.0,4021.699951171875,4021.699951171875,380
2026-07-29 05:00:00+00:00,4028.60009765625,4029.89990234375,4025.300048828125,4025.89990234375,436
2026-07-29 05:30:00+00:00,4031.300048828125,4038.199951171875,4028.300048828125,4028.800048828125,797
2026-07-29 06:00:00+00:00,4039.0,4040.800048828125,4032.199951171875,4032.199951171875,554
2026-07-29 06:30:00+00:00,4039.800048828125,4043.199951171875,4038.39990234375,4039.199951171875,1953
2026-07-29 07:00:00+00:00,4045.10009765625,4046.699951171875,4039.89990234375,4039.89990234375,1118
2026-07-29 07:30:00+00:00,4102.60009765625,4106.7001953125,4044.60009765625,4045.10009765625,11489
2026-07-29 08:00:00+00:00,4096.2998046875,4103.5,4094.60009765625,4103.0,2432
2026-07-29 08:30:00+00:00,4096.5,4099.39990234375,4094.699951171875,4096.2998046875,1799
2026-07-29 09:00:00+00:00,4092.60009765625,4097.60009765625,4092.5,4096.7998046875,1703
2026-07-29 09:30:00+00:00,4091.89990234375,4095.5,4090.39990234375,4093.0,1909
2026-07-29 10:00:00+00:00,4092.300048828125,4093.10009765625,4089.199951171875,4091.5,1733
2026-07-29 10:30:00+00:00,4086.10009765625,4093.699951171875,4085.10009765625,4092.0,2595
2026-07-29 11:00:00+00:00,4091.699951171875,4092.699951171875,4084.0,4086.800048828125,1392
2026-07-29 11:30:00+00:00,4091.5,4095.39990234375,4089.60009765625,4092.0,3708
2026-07-29 12:00:00+00:00,4072.0,4092.5,4070.800048828125,4091.699951171875,7016
2026-07-29 12:30:00+00:00,4080.89990234375,4082.300048828125,4067.39990234375,4071.199951171875,5516
2026-07-29 13:00:00+00:00,4072.5,4084.800048828125,4071.89990234375,4081.300048828125,7822
2026-07-29 13:30:00+00:00,4064.800048828125,4075.699951171875,4060.300048828125,4072.800048828125,9418
2026-07-29 14:00:00+00:00,4063.89990234375,4068.39990234375,4053.89990234375,4065.10009765625,13920
2026-07-29 14:30:00+00:00,4063.199951171875,4067.800048828125,4056.39990234375,4063.60009765625,5756
2026-07-29 15:00:00+00:00,4069.10009765625,4069.89990234375,4061.699951171875,4063.60009765625,4046
2026-07-29 15:30:00+00:00,4068.5,4072.199951171875,4065.39990234375,4069.199951171875,3872
2026-07-29 16:00:00+00:00,4075.10009765625,4076.39990234375,4066.300048828125,4068.5,4705
2026-07-29 16:30:00+00:00,4086.10009765625,4091.699951171875,4073.39990234375,4075.0,4465
2026-07-29 17:00:00+00:00,4097.2001953125,4109.2998046875,4086.10009765625,4086.199951171875,11279
2026-07-29 17:30:00+00:00,4102.89990234375,4106.39990234375,4094.10009765625,4097.10009765625,6479
2026-07-29 18:00:00+00:00,4127.0,4149.39990234375,4101.2998046875,4103.10009765625,15844
2026-07-29 18:30:00+00:00,4166.7998046875,4170.2998046875,4111.10009765625,4126.60009765625,14534
2026-07-29 19:00:00+00:00,4143.60009765625,4176.7998046875,4140.10009765625,4167.10009765625,9082
2026-07-29 19:30:00+00:00,4104.7001953125,4147.7998046875,4103.7998046875,4143.7001953125,8958
2026-07-29 20:00:00+00:00,4114.2001953125,4116.2001953125,4101.7001953125,4104.2001953125,3430
2026-07-29 20:30:00+00:00,4126.0,4128.89990234375,4112.7001953125,4114.2001953125,2468
2026-07-29 22:00:00+00:00,4132.7001953125,4135.5,4121.10009765625,4126.7001953125,1137
2026-07-29 22:30:00+00:00,4146.2998046875,4148.2001953125,4130.5,4132.5,1632
2026-07-29 23:00:00+00:00,4151.10009765625,4158.0,4146.2001953125,4146.5,1460
2026-07-29 23:30:00+00:00,4142.0,4152.5,4142.0,4151.60009765625,942
2026-07-30 00:00:00+00:00,4132.60009765625,4144.2998046875,4130.10009765625,4142.5,1742
2026-07-30 00:30:00+00:00,4129.7001953125,4134.2998046875,4122.2998046875,4133.7998046875,2105
2026-07-30 01:00:00+00:00,4139.0,4151.5,4127.7998046875,4130.0,4073
2026-07-30 01:30:00+00:00,4142.39990234375,4149.0,4138.2001953125,4138.7998046875,1618
2026-07-30 02:00:00+00:00,4140.5,4148.0,4137.5,4142.10009765625,941
2026-07-30 02:30:00+00:00,4121.39990234375,4140.2001953125,4120.7001953125,4140.2001953125,1772
2026-07-30 03:00:00+00:00,4111.10009765625,4127.5,4109.89990234375,4121.10009765625,1993
2026-07-30 03:30:00+00:00,4114.10009765625,4116.89990234375,4107.60009765625,4111.2998046875,1628
2026-07-30 04:00:00+00:00,4110.7001953125,4117.10009765625,4107.60009765625,4115.89990234375,1018
2026-07-30 04:30:00+00:00,4102.5,4110.89990234375,4100.2998046875,4110.89990234375,1748
2026-07-30 05:00:00+00:00,4103.5,4104.0,4093.89990234375,4102.2001953125,1667
2026-07-30 05:30:00+00:00,4090.39990234375,4108.0,4085.0,4103.2001953125,3190
2026-07-30 06:00:00+00:00,4090.5,4096.39990234375,4086.300048828125,4090.800048828125,1989
2026-07-30 06:30:00+00:00,4093.800048828125,4098.10009765625,4088.300048828125,4090.10009765625,2333
2026-07-30 07:00:00+00:00,4103.2001953125,4108.5,4092.699951171875,4093.800048828125,3488
2026-07-30 07:30:00+00:00,4096.10009765625,4104.7001953125,4093.0,4103.0,3343
2026-07-30 08:00:00+00:00,4122.0,4126.39990234375,4093.89990234375,4096.10009765625,3420
2026-07-30 08:30:00+00:00,4119.2001953125,4130.89990234375,4117.2001953125,4122.10009765625,3660
2026-07-30 09:00:00+00:00,4125.60009765625,4130.2998046875,4118.2998046875,4119.39990234375,2712
2026-07-30 09:30:00+00:00,4121.5,4131.5,4118.39990234375,4125.5,3294
2026-07-30 10:00:00+00:00,4134.7998046875,4136.2998046875,4121.2001953125,4121.7998046875,3680
2026-07-30 10:30:00+00:00,4136.39990234375,4142.2001953125,4133.5,4134.7998046875,2549
2026-07-30 11:00:00+00:00,4136.60009765625,4141.5,4134.89990234375,4136.5,1428
2026-07-30 11:30:00+00:00,4136.0,4138.89990234375,4133.60009765625,4136.7001953125,1677
2026-07-30 12:00:00+00:00,4135.39990234375,4141.0,4129.7998046875,4136.0,3073
2026-07-30 12:30:00+00:00,4127.39990234375,4145.39990234375,4125.39990234375,4139.0,4461
2026-07-30 13:00:00+00:00,4138.60009765625,4142.2001953125,4123.2001953125,4127.2998046875,4324
2026-07-30 13:30:00+00:00,4172.0,4172.5,4133.2001953125,4138.60009765625,13520
2026-07-30 14:00:00+00:00,4155.2001953125,4180.2001953125,4145.60009765625,4172.10009765625,17236
2026-07-30 14:30:00+00:00,4159.10009765625,4172.7001953125,4154.0,4155.2998046875,5691
2026-07-30 15:00:00+00:00,4155.10009765625,4159.39990234375,4141.89990234375,4159.39990234375,5902
2026-07-30 15:30:00+00:00,4167.0,4169.2001953125,4151.7998046875,4155.0,3468
2026-07-30 16:00:00+00:00,4175.39990234375,4178.2998046875,4166.7998046875,4166.7998046875,3788
2026-07-30 16:30:00+00:00,4169.7998046875,4175.5,4165.60009765625,4175.39990234375,2344
2026-07-30 17:00:00+00:00,4160.7998046875,4170.2001953125,4157.10009765625,4169.7998046875,4150
2026-07-30 17:30:00+00:00,4161.5,4167.39990234375,4158.89990234375,4160.5,2601
2026-07-30 18:00:00+00:00,4162.2998046875,4165.7998046875,4159.89990234375,4161.5,1659
2026-07-30 18:30:00+00:00,4158.7998046875,4166.7998046875,4157.7001953125,4162.89990234375,1467
2026-07-30 19:00:00+00:00,4172.0,4174.10009765625,4158.0,4158.7001953125,2299
2026-07-30 19:30:00+00:00,4171.2001953125,4174.5,4168.2001953125,4171.5,1477
2026-07-30 20:00:00+00:00,4171.2998046875,4176.7001953125,4169.2998046875,4171.2998046875,1818
2026-07-30 20:30:00+00:00,4162.7998046875,4171.7998046875,4158.0,4171.39990234375,1432
2026-07-30 22:00:00+00:00,4165.7998046875,4166.7998046875,4158.0,4163.89990234375,520
2026-07-30 22:30:00+00:00,4167.39990234375,4169.7998046875,4165.39990234375,4165.7998046875,648
2026-07-30 23:00:00+00:00,4162.7998046875,4170.7001953125,4161.7998046875,4168.10009765625,684
2026-07-30 23:30:00+00:00,4164.39990234375,4168.7998046875,4160.7998046875,4162.7998046875,716
2026-07-31 00:00:00+00:00,4154.89990234375,4165.39990234375,4154.5,4164.7998046875,954
2026-07-31 00:30:00+00:00,4153.5,4156.2998046875,4149.0,4155.10009765625,872
2026-07-31 01:00:00+00:00,4150.2998046875,4160.0,4144.5,4153.5,2206
2026-07-31 01:30:00+00:00,4142.5,4150.2998046875,4140.0,4150.2998046875,1695
2026-07-31 02:00:00+00:00,4140.2998046875,4148.7998046875,4139.7998046875,4142.7001953125,1290
2026-07-31 02:30:00+00:00,4134.10009765625,4142.5,4132.5,4140.0,1581
2026-07-31 03:00:00+00:00,4133.2001953125,4134.2998046875,4129.7001953125,4134.0,991
2026-07-31 03:30:00+00:00,4133.10009765625,4137.39990234375,4132.0,4133.2998046875,819
2026-07-31 04:00:00+00:00,4138.0,4138.10009765625,4131.0,4132.60009765625,1223
2026-07-31 04:30:00+00:00,4137.60009765625,4139.5,4132.5,4137.89990234375,1006
2026-07-31 05:00:00+00:00,4138.89990234375,4141.2998046875,4137.5,4138.0,724
2026-07-31 05:30:00+00:00,4132.10009765625,4139.7001953125,4131.0,4139.0,1283
2026-07-31 06:00:00+00:00,4143.2001953125,4145.2998046875,4130.5,4132.39990234375,1454
2026-07-31 06:30:00+00:00,4135.39990234375,4142.7001953125,4134.2001953125,4142.7001953125,1119
2026-07-31 07:00:00+00:00,4130.5,4136.7998046875,4129.5,4135.0,1481
2026-07-31 07:30:00+00:00,4125.10009765625,4132.0,4124.7001953125,4130.2001953125,2420
2026-07-31 08:00:00+00:00,4115.7001953125,4125.39990234375,4114.89990234375,4125.39990234375,2800
2026-07-31 08:30:00+00:00,4117.60009765625,4121.2998046875,4110.7998046875,4115.7001953125,2813
2026-07-31 09:00:00+00:00,4108.7001953125,4120.7998046875,4107.7998046875,4117.2998046875,2518
2026-07-31 09:30:00+00:00,4111.2998046875,4113.60009765625,4106.5,4108.39990234375,1682
2026-07-31 10:00:00+00:00,4109.60009765625,4114.7001953125,4108.39990234375,4111.2001953125,1128
2026-07-31 10:30:00+00:00,4110.7998046875,4113.5,4109.2001953125,4109.2001953125,883
2026-07-31 11:00:00+00:00,4115.0,4117.39990234375,4108.2001953125,4110.7001953125,1428
2026-07-31 11:30:00+00:00,4110.0,4115.0,4106.7001953125,4114.89990234375,1657
2026-07-31 12:00:00+00:00,4103.5,4115.7001953125,4103.10009765625,4110.2998046875,2801
2026-07-31 12:30:00+00:00,4096.7998046875,4107.7998046875,4096.39990234375,4103.39990234375,6479
2026-07-31 13:00:00+00:00,4098.89990234375,4103.39990234375,4090.5,4096.60009765625,6697
2026-07-31 13:30:00+00:00,4081.5,4100.2001953125,4077.60009765625,4098.5,10494
2026-07-31 14:00:00+00:00,4095.10009765625,4096.5,4076.39990234375,4080.800048828125,7047
2026-07-31 14:30:00+00:00,4105.60009765625,4106.89990234375,4092.800048828125,4094.89990234375,4183
2026-07-31 15:00:00+00:00,4097.2998046875,4109.10009765625,4096.60009765625,4105.7998046875,6477
2026-07-31 15:30:00+00:00,4101.7998046875,4103.0,4093.0,4097.2998046875,3096
2026-07-31 16:00:00+00:00,4103.60009765625,4104.60009765625,4097.60009765625,4101.7998046875,1929
2026-07-31 16:30:00+00:00,4099.2998046875,4106.0,4097.2001953125,4103.7001953125,1973
2026-07-31 17:00:00+00:00,4106.60009765625,4109.7998046875,4097.2998046875,4099.2001953125,4319
2026-07-31 17:30:00+00:00,4109.7998046875,4111.0,4103.7998046875,4106.7998046875,3128
2026-07-31 18:00:00+00:00,4107.10009765625,4111.2998046875,4102.89990234375,4110.0,1776
2026-07-31 18:30:00+00:00,4106.60009765625,4107.7998046875,4103.89990234375,4107.0,1116
2026-07-31 19:00:00+00:00,4106.39990234375,4109.0,4102.60009765625,4106.7998046875,1328
2026-07-31 19:30:00+00:00,4107.7001953125,4111.89990234375,4104.89990234375,4106.39990234375,2087
2026-07-31 20:00:00+00:00,4104.39990234375,4108.39990234375,4101.89990234375,4107.60009765625,948
2026-07-31 20:30:00+00:00,4107.0,4109.2001953125,4097.39990234375,4104.2998046875,1565
2026-08-02 22:00:00+00:00,4122.7001953125,4135.7998046875,4120.39990234375,4131.10009765625,1415
2026-08-02 22:30:00+00:00,4119.89990234375,4124.89990234375,4119.5,4122.7001953125,1117
2026-08-02 23:00:00+00:00,4127.89990234375,4128.39990234375,4119.0,4120.0,832
2026-08-02 23:30:00+00:00,4130.39990234375,4130.5,4123.7001953125,4127.7998046875,805
2026-08-03 00:00:00+00:00,4119.60009765625,4134.7001953125,4117.0,4130.5,1533
2026-08-03 00:30:00+00:00,4112.7998046875,4125.39990234375,4111.10009765625,4119.7998046875,1785
2026-08-03 01:00:00+00:00,4108.2001953125,4119.0,4102.7001953125,4112.89990234375,2328
2026-08-03 01:30:00+00:00,4112.7001953125,4113.39990234375,4103.0,4108.39990234375,1674
2026-08-03 02:00:00+00:00,4113.60009765625,4116.7001953125,4107.7998046875,4112.7001953125,1209
2026-08-03 02:30:00+00:00,4117.7998046875,4122.2998046875,4108.0,4113.89990234375,1525
2026-08-03 03:00:00+00:00,4119.0,4123.2001953125,4116.2001953125,4117.60009765625,1219
2026-08-03 03:30:00+00:00,4120.0,4122.10009765625,4114.2001953125,4119.2998046875,617
2026-08-03 04:00:00+00:00,4123.60009765625,4126.2001953125,4119.39990234375,4120.39990234375,1086
2026-08-03 04:30:00+00:00,4119.2001953125,4127.2001953125,4119.2001953125,4123.5,617
2026-08-03 05:00:00+00:00,4115.5,4120.39990234375,4109.10009765625,4119.0,1151
2026-08-03 05:30:00+00:00,4124.2001953125,4125.2001953125,4110.2998046875,4115.2998046875,1679
2026-08-03 06:00:00+00:00,4123.60009765625,4127.2998046875,4120.89990234375,4124.2998046875,1797
2026-08-03 06:30:00+00:00,4118.89990234375,4124.10009765625,4115.7001953125,4123.5,1645
2026-08-03 07:00:00+00:00,4114.2001953125,4120.5,4107.2998046875,4119.0,2261
2026-08-03 07:30:00+00:00,4117.10009765625,4119.0,4112.0,4113.89990234375,1146
2026-08-03 08:00:00+00:00,4111.2998046875,4118.0,4110.0,4117.0,957
2026-08-03 08:30:00+00:00,4115.0,4116.7001953125,4110.39990234375,4111.2998046875,1135
2026-08-03 09:00:00+00:00,4108.39990234375,4117.7001953125,4108.0,4115.2998046875,1176
2026-08-03 09:30:00+00:00,4111.60009765625,4114.39990234375,4102.2998046875,4108.5,3430
2026-08-03 10:00:00+00:00,4110.0,4113.60009765625,4108.2998046875,4111.60009765625,798
2026-08-03 10:30:00+00:00,4105.39990234375,4110.10009765625,4101.89990234375,4110.0,1195
2026-08-03 11:00:00+00:00,4104.7001953125,4109.2001953125,4101.7001953125,4105.7001953125,999
2026-08-03 11:30:00+00:00,4118.89990234375,4119.39990234375,4104.0,4104.5,1980
2026-08-03 12:00:00+00:00,4107.0,4121.10009765625,4104.60009765625,4119.0,2672
2026-08-03 12:30:00+00:00,4103.39990234375,4109.0,4098.10009765625,4107.2001953125,2527
2026-08-03 13:00:00+00:00,4089.5,4109.7998046875,4086.5,4103.60009765625,6239
2026-08-03 13:30:00+00:00,4087.199951171875,4091.0,4074.0,4089.60009765625,8267
2026-08-03 14:00:00+00:00,4087.60009765625,4091.39990234375,4081.60009765625,4086.60009765625,5223
2026-08-03 14:30:00+00:00,4091.60009765625,4094.89990234375,4087.10009765625,4087.60009765625,3210
2026-08-03 15:00:00+00:00,4087.89990234375,4093.60009765625,4085.5,4091.699951171875,3026
2026-08-03 15:30:00+00:00,4091.60009765625,4096.39990234375,4086.10009765625,4088.0,2628
2026-08-03 16:00:00+00:00,4092.5,4094.10009765625,4089.89990234375,4091.60009765625,1483
2026-08-03 16:30:00+00:00,4092.39990234375,4094.800048828125,4091.199951171875,4092.5,1266
2026-08-03 17:00:00+00:00,4090.0,4093.5,4088.699951171875,4092.699951171875,2316
2026-08-03 17:30:00+00:00,4086.39990234375,4092.699951171875,4085.89990234375,4090.10009765625,1448
2026-08-03 18:00:00+00:00,4093.89990234375,4094.89990234375,4085.39990234375,4086.39990234375,2104
2026-08-03 18:30:00+00:00,4099.60009765625,4101.0,4092.39990234375,4093.699951171875,1461
2026-08-03 19:00:00+00:00,4108.7998046875,4110.2001953125,4099.5,4099.5,2377
2026-08-03 19:30:00+00:00,4108.2001953125,4112.0,4107.7001953125,4108.89990234375,1976
2026-08-03 20:00:00+00:00,4110.2001953125,4111.89990234375,4106.2001953125,4108.2998046875,698
2026-08-03 20:30:00+00:00,4110.89990234375,4115.0,4110.0,4110.60009765625,1049
2026-08-03 22:00:00+00:00,4107.5,4110.2998046875,4104.60009765625,4109.60009765625,363
2026-08-03 22:30:00+00:00,4108.60009765625,4109.60009765625,4106.7998046875,4107.7998046875,336
2026-08-03 23:00:00+00:00,4107.2998046875,4110.7998046875,4105.5,4108.60009765625,1343
2026-08-03 23:30:00+00:00,4109.2998046875,4109.60009765625,4106.60009765625,4107.39990234375,529
2026-08-04 00:00:00+00:00,4114.60009765625,4125.10009765625,4108.7001953125,4109.2001953125,1965
2026-08-04 00:30:00+00:00,4104.89990234375,4116.2998046875,4104.10009765625,4114.89990234375,1508
2026-08-04 01:00:00+00:00,4104.7001953125,4108.0,4098.2001953125,4104.7998046875,2036
2026-08-04 01:30:00+00:00,4114.7998046875,4117.60009765625,4104.0,4105.0,1554
2026-08-04 02:00:00+00:00,4112.2001953125,4116.7998046875,4111.10009765625,4114.7998046875,874
2026-08-04 02:30:00+00:00,4114.60009765625,4120.60009765625,4111.10009765625,4112.2001953125,1144
2026-08-04 03:00:00+00:00,4113.7001953125,4117.5,4112.0,4114.2998046875,724
2026-08-04 03:30:00+00:00,4108.2001953125,4114.2001953125,4107.60009765625,4113.5,1027
2026-08-04 04:00:00+00:00,4116.7001953125,4117.0,4106.39990234375,4107.39990234375,1597
2026-08-04 04:30:00+00:00,4119.2998046875,4121.89990234375,4116.0,4116.7998046875,1375
2026-08-04 05:00:00+00:00,4119.2998046875,4120.39990234375,4112.7001953125,4119.2001953125,1046
2026-08-04 05:30:00+00:00,4117.2998046875,4123.7001953125,4114.10009765625,4119.5,2081
2026-08-04 06:00:00+00:00,4115.60009765625,4122.10009765625,4115.2001953125,4117.89990234375,1133
2026-08-04 06:30:00+00:00,4119.2998046875,4119.7001953125,4111.39990234375,4115.60009765625,1343
2026-08-04 07:00:00+00:00,4119.0,4121.7998046875,4116.60009765625,4119.5,1624
2026-08-04 07:30:00+00:00,4121.7998046875,4122.89990234375,4117.5,4119.0,1302
2026-08-04 08:00:00+00:00,4119.5,4129.60009765625,4116.2998046875,4121.89990234375,2838
2026-08-04 08:30:00+00:00,4110.7998046875,4120.5,4110.10009765625,4119.2001953125,1355
2026-08-04 09:00:00+00:00,4105.89990234375,4111.2001953125,4104.10009765625,4110.5,1717
2026-08-04 09:30:00+00:00,4105.10009765625,4107.2001953125,4102.0,4106.2001953125,1588
2026-08-04 10:00:00+00:00,4104.60009765625,4106.0,4101.39990234375,4105.7001953125,814
2026-08-04 10:30:00+00:00,4109.7998046875,4116.39990234375,4102.0,4105.0,2366
2026-08-04 11:00:00+00:00,4117.10009765625,4117.2001953125,4108.10009765625,4109.39990234375,1183
2026-08-04 11:30:00+00:00,4132.10009765625,4141.7998046875,4116.10009765625,4117.2001953125,7899
2026-08-04 12:00:00+00:00,4124.7998046875,4133.2001953125,4117.60009765625,4132.2998046875,4381
2026-08-04 12:30:00+00:00,4127.7998046875,4141.5,4125.0,4125.0,5417
2026-08-04 13:00:00+00:00,4135.39990234375,4147.89990234375,4117.2001953125,4128.10009765625,8741
2026-08-04 13:30:00+00:00,4140.7001953125,4151.5,4132.7998046875,4135.60009765625,9310
2026-08-04 14:00:00+00:00,4140.39990234375,4149.2998046875,4137.2998046875,4140.7001953125,4827
2026-08-04 14:30:00+00:00,4140.39990234375,4143.7001953125,4131.2998046875,4140.60009765625,5677
2026-08-04 15:00:00+00:00,4135.0,4142.39990234375,4131.0,4140.5,2755
2026-08-04 15:30:00+00:00,4144.2001953125,4145.7998046875,4133.0,4134.39990234375,3683
2026-08-04 16:00:00+00:00,4144.7001953125,4147.0,4139.7001953125,4144.39990234375,2886
2026-08-04 16:30:00+00:00,4150.39990234375,4150.7001953125,4141.60009765625,4144.60009765625,2763
2026-08-04 17:00:00+00:00,4151.89990234375,4163.7998046875,4149.39990234375,4150.2001953125,6805
2026-08-04 17:30:00+00:00,4143.10009765625,4153.5,4143.0,4151.7998046875,2592
2026-08-04 18:00:00+00:00,4141.39990234375,4146.0,4141.2001953125,4142.7998046875,1746
2026-08-04 18:30:00+00:00,4136.7998046875,4142.7001953125,4132.10009765625,4141.60009765625,2430
2026-08-04 19:00:00+00:00,4137.2998046875,4141.89990234375,4135.7001953125,4136.60009765625,2143
2026-08-04 19:30:00+00:00,4135.2998046875,4139.60009765625,4133.2998046875,4137.2001953125,955
2026-08-04 20:00:00+00:00,4132.2001953125,4137.2998046875,4131.39990234375,4135.60009765625,668
2026-08-04 20:30:00+00:00,4134.2001953125,4135.7001953125,4132.0,4132.10009765625,381
2026-08-04 22:00:00+00:00,4135.60009765625,4136.10009765625,4132.10009765625,4133.7998046875,997
2026-08-04 22:30:00+00:00,4132.5,4142.10009765625,4132.39990234375,4136.0,1861
2026-08-04 23:00:00+00:00,4123.7001953125,4134.0,4121.60009765625,4132.7998046875,2499
2026-08-04 23:30:00+00:00,4128.7001953125,4129.5,4122.10009765625,4123.2001953125,699
2026-08-05 00:00:00+00:00,4134.60009765625,4134.89990234375,4126.2998046875,4128.60009765625,727
2026-08-05 00:30:00+00:00,4138.2001953125,4139.2998046875,4133.5,4134.89990234375,867
2026-08-05 01:00:00+00:00,4139.7998046875,4144.7001953125,4133.39990234375,4138.5,1689
2026-08-05 01:30:00+00:00,4157.2001953125,4158.5,4135.7001953125,4140.5,1652
2026-08-05 02:00:00+00:00,4160.10009765625,4165.0,4151.7998046875,4157.2001953125,2913
2026-08-05 02:30:00+00:00,4186.2001953125,4192.60009765625,4158.2001953125,4160.5,7683
2026-08-05 03:00:00+00:00,4187.7001953125,4193.7998046875,4184.2998046875,4186.5,2472
2026-08-05 03:30:00+00:00,4186.60009765625,4188.2998046875,4185.0,4187.7998046875,1225
2026-08-05 04:00:00+00:00,4196.5,4199.5,4186.0,4186.10009765625,3276
2026-08-05 04:30:00+00:00,4193.39990234375,4196.5,4189.89990234375,4196.5,1894
2026-08-05 05:00:00+00:00,4197.89990234375,4200.39990234375,4192.7001953125,4193.2998046875,2043
2026-08-05 05:30:00+00:00,4222.2001953125,4233.0,4197.89990234375,4198.0,12784
2026-08-05 06:00:00+00:00,4228.39990234375,4234.2998046875,4220.2001953125,4222.39990234375,5489
2026-08-05 06:30:00+00:00,4237.10009765625,4237.7998046875,4226.7001953125,4228.2998046875,4346
2026-08-05 07:00:00+00:00,4223.2998046875,4238.5,4221.7998046875,4236.7001953125,3937
2026-08-05 07:30:00+00:00,4229.89990234375,4231.0,4220.89990234375,4223.5,2471
2026-08-05 08:00:00+00:00,4223.7998046875,4231.5,4221.0,4229.89990234375,2466
2026-08-05 08:30:00+00:00,4219.7001953125,4227.10009765625,4218.39990234375,4223.89990234375,3498
2026-08-05 09:00:00+00:00,4216.60009765625,4226.89990234375,4214.60009765625,4220.0,2971
2026-08-05 09:30:00+00:00,4216.89990234375,4218.7001953125,4211.7998046875,4216.60009765625,3288
2026-08-05 10:00:00+00:00,4215.7998046875,4217.2998046875,4209.10009765625,4216.7998046875,2237
2026-08-05 10:30:00+00:00,4220.39990234375,4220.7001953125,4212.7001953125,4216.10009765625,2067
2026-08-05 11:00:00+00:00,4235.5,4240.39990234375,4219.7998046875,4220.60009765625,5072
2026-08-05 11:30:00+00:00,4248.5,4252.2001953125,4233.39990234375,4235.60009765625,8717
2026-08-05 12:00:00+00:00,4265.10009765625,4273.60009765625,4248.5,4248.5,11015
2026-08-05 12:30:00+00:00,4244.10009765625,4268.89990234375,4243.10009765625,4265.2998046875,7015
2026-08-05 13:00:00+00:00,4257.39990234375,4258.2998046875,4243.7998046875,4243.89990234375,8173
2026-08-05 13:30:00+00:00,4265.7998046875,4266.7001953125,4248.7001953125,4257.39990234375,8771
2026-08-05 14:00:00+00:00,4297.10009765625,4300.60009765625,4263.10009765625,4265.10009765625,13958
2026-08-05 14:30:00+00:00,4304.2998046875,4307.7998046875,4288.7001953125,4296.7001953125,10128
2026-08-05 15:00:00+00:00,4317.7001953125,4325.5,4302.39990234375,4303.89990234375,10689
2026-08-05 15:30:00+00:00,4293.0,4319.89990234375,4292.7001953125,4317.5,8116
2026-08-05 16:00:00+00:00,4301.60009765625,4302.60009765625,4285.0,4293.60009765625,6656
2026-08-05 16:30:00+00:00,4302.7998046875,4308.10009765625,4298.60009765625,4301.89990234375,4190
2026-08-05 17:00:00+00:00,4305.0,4307.0,4296.2001953125,4302.89990234375,6406
2026-08-05 17:30:00+00:00,4311.0,4313.0,4301.10009765625,4304.89990234375,3187
2026-08-05 18:00:00+00:00,4323.7998046875,4328.2001953125,4309.60009765625,4310.7001953125,4252
2026-08-05 18:30:00+00:00,4321.2001953125,4324.5,4314.60009765625,4323.2001953125,2419
2026-08-05 19:00:00+00:00,4314.0,4322.7001953125,4311.2001953125,4321.0,2073
2026-08-05 19:30:00+00:00,4307.60009765625,4314.89990234375,4307.0,4313.7001953125,2592
2026-08-05 20:00:00+00:00,4306.60009765625,4310.39990234375,4306.2001953125,4307.89990234375,781
2026-08-05 20:30:00+00:00,4308.0,4310.2998046875,4303.5,4306.7998046875,977
2026-08-05 22:00:00+00:00,4308.2001953125,4315.2001953125,4304.89990234375,4307.0,584
2026-08-05 22:30:00+00:00,4309.5,4310.2001953125,4307.0,4307.60009765625,590
2026-08-05 23:00:00+00:00,4322.2001953125,4323.2001953125,4308.2998046875,4309.39990234375,1530
2026-08-05 23:30:00+00:00,4337.2998046875,4341.10009765625,4319.7998046875,4322.5,3650
2026-08-06 00:00:00+00:00,4334.0,4344.2001953125,4323.5,4337.2001953125,4297
2026-08-06 00:30:00+00:00,4354.7001953125,4360.0,4333.60009765625,4333.60009765625,5127
2026-08-06 01:00:00+00:00,4335.7998046875,4362.7001953125,4332.5,4354.60009765625,7589
2026-08-06 01:30:00+00:00,4346.89990234375,4357.7998046875,4335.2998046875,4335.5,5295
2026-08-06 02:00:00+00:00,4351.10009765625,4363.7001953125,4344.0,4346.7001953125,3581
2026-08-06 02:30:00+00:00,4337.7998046875,4351.5,4334.0,4350.89990234375,2695
2026-08-06 03:00:00+00:00,4325.5,4340.0,4320.2001953125,4337.2001953125,3187
2026-08-06 03:30:00+00:00,4324.89990234375,4326.5,4319.60009765625,4325.2001953125,1205
2026-08-06 04:00:00+00:00,4315.0,4326.10009765625,4312.2001953125,4324.5,1951
2026-08-06 04:30:00+00:00,4321.39990234375,4322.10009765625,4315.10009765625,4315.10009765625,1066
2026-08-06 05:00:00+00:00,4312.89990234375,4324.5,4312.10009765625,4321.2998046875,1417
2026-08-06 05:30:00+00:00,4326.0,4327.5,4306.2001953125,4312.7001953125,2932
2026-08-06 06:00:00+00:00,4316.2998046875,4327.5,4313.39990234375,4325.7998046875,2709
2026-08-06 06:30:00+00:00,4314.7001953125,4317.0,4308.2001953125,4316.39990234375,1897
2026-08-06 07:00:00+00:00,4321.0,4324.0,4311.89990234375,4314.7001953125,2220
2026-08-06 07:30:00+00:00,4321.7001953125,4322.10009765625,4311.7001953125,4316.2998046875,1894
2026-08-06 08:00:00+00:00,4327.2998046875,4329.7001953125,4319.39990234375,4322.0,2536
2026-08-06 08:30:00+00:00,4337.10009765625,4337.7001953125,4325.7998046875,4327.2001953125,2299
2026-08-06 09:00:00+00:00,4341.89990234375,4344.2001953125,4334.7001953125,4337.2001953125,2674
2026-08-06 09:30:00+00:00,4332.60009765625,4343.39990234375,4330.39990234375,4342.2998046875,2263
2026-08-06 10:00:00+00:00,4328.39990234375,4333.10009765625,4326.60009765625,4332.60009765625,1451
2026-08-06 10:30:00+00:00,4330.0,4330.89990234375,4322.7998046875,4328.89990234375,1575
2026-08-06 11:00:00+00:00,4323.39990234375,4332.5,4318.5,4330.0,2302
2026-08-06 11:30:00+00:00,4322.60009765625,4326.10009765625,4312.7001953125,4323.39990234375,3744
2026-08-06 12:00:00+00:00,4320.5,4324.7001953125,4311.7001953125,4322.2001953125,3286
2026-08-06 12:30:00+00:00,4308.60009765625,4330.10009765625,4307.0,4320.7998046875,7264
2026-08-06 13:00:00+00:00,4305.89990234375,4314.2001953125,4288.39990234375,4308.5,10547
2026-08-06 13:30:00+00:00,4325.89990234375,4332.89990234375,4304.2998046875,4305.7998046875,10773
2026-08-06 14:00:00+00:00,4324.7998046875,4334.7001953125,4318.89990234375,4326.10009765625,8128
2026-08-06 14:30:00+00:00,4332.2001953125,4334.60009765625,4321.7998046875,4324.7001953125,4016
2026-08-06 15:00:00+00:00,4313.39990234375,4333.60009765625,4309.2998046875,4332.2001953125,7917
2026-08-06 15:30:00+00:00,4291.5,4314.2001953125,4285.2001953125,4313.7001953125,7847
2026-08-06 16:00:00+00:00,4288.2001953125,4300.7998046875,4281.2001953125,4291.7998046875,7607
2026-08-06 16:30:00+00:00,4299.39990234375,4300.60009765625,4288.10009765625,4288.2998046875,3966
2026-08-06 17:00:00+00:00,4300.5,4303.0,4297.10009765625,4299.60009765625,3542
2026-08-06 17:30:00+00:00,4305.7998046875,4307.0,4297.10009765625,4300.2001953125,2311
2026-08-06 18:00:00+00:00,4305.10009765625,4308.0,4302.60009765625,4305.89990234375,1121
2026-08-06 18:30:00+00:00,4302.2001953125,4306.0,4299.2001953125,4305.0,1085
2026-08-06 19:00:00+00:00,4296.5,4309.7998046875,4294.2001953125,4302.10009765625,2333
2026-08-06 19:30:00+00:00,4307.7998046875,4309.2998046875,4292.0,4296.60009765625,2797
2026-08-06 20:00:00+00:00,4300.7998046875,4309.10009765625,4298.60009765625,4307.7001953125,1121
2026-08-06 20:30:00+00:00,4298.7001953125,4301.2001953125,4293.60009765625,4300.5,837
2026-08-06 22:00:00+00:00,4301.2001953125,4301.7998046875,4293.89990234375,4298.2998046875,737
2026-08-06 22:30:00+00:00,4298.2998046875,4301.39990234375,4296.89990234375,4300.89990234375,501
2026-08-06 23:00:00+00:00,4303.7001953125,4304.89990234375,4298.39990234375,4298.60009765625,636
2026-08-06 23:30:00+00:00,4311.0,4311.7998046875,4303.2998046875,4303.5,1376
2026-08-07 00:00:00+00:00,4302.10009765625,4311.39990234375,4297.5,4310.7001953125,1194
2026-08-07 00:30:00+00:00,4291.2001953125,4302.0,4288.0,4302.0,1928
2026-08-07 01:00:00+00:00,4302.10009765625,4308.39990234375,4289.7998046875,4290.89990234375,1958
2026-08-07 01:30:00+00:00,4314.7001953125,4317.5,4297.7001953125,4302.10009765625,2684
2026-08-07 02:00:00+00:00,4319.39990234375,4320.7998046875,4314.0,4314.60009765625,1948
2026-08-07 02:30:00+00:00,4309.10009765625,4320.39990234375,4305.39990234375,4319.89990234375,2121
2026-08-07 03:00:00+00:00,4317.2998046875,4318.10009765625,4308.2998046875,4309.10009765625,1581
2026-08-07 03:30:00+00:00,4322.7998046875,4325.0,4316.60009765625,4317.39990234375,1362
2026-08-07 04:00:00+00:00,4324.39990234375,4328.39990234375,4321.10009765625,4325.2998046875,2353
2026-08-07 04:30:00+00:00,4324.10009765625,4327.7998046875,4320.2001953125,4324.2998046875,974
2026-08-07 05:00:00+00:00,4325.7001953125,4330.39990234375,4320.39990234375,4324.10009765625,1786
2026-08-07 05:30:00+00:00,4337.7001953125,4340.0,4325.2998046875,4325.89990234375,3599
2026-08-07 06:00:00+00:00,4341.7001953125,4350.2001953125,4337.10009765625,4337.7001953125,4496
2026-08-07 06:30:00+00:00,4356.2998046875,4358.0,4338.60009765625,4341.89990234375,5037
2026-08-07 07:00:00+00:00,4344.2998046875,4356.89990234375,4343.7998046875,4356.2001953125,3040
2026-08-07 07:30:00+00:00,4348.89990234375,4350.2001953125,4342.0,4344.5,1958
2026-08-07 08:00:00+00:00,4353.7998046875,4360.0,4347.89990234375,4349.2001953125,3256
2026-08-07 08:30:00+00:00,4365.39990234375,4375.89990234375,4353.39990234375,4354.0,5120
2026-08-07 09:00:00+00:00,4365.89990234375,4370.7001953125,4363.60009765625,4365.60009765625,2085
2026-08-07 09:30:00+00:00,4375.60009765625,4380.10009765625,4361.60009765625,4366.39990234375,5554
2026-08-07 10:00:00+00:00,4373.10009765625,4379.0,4367.2001953125,4375.7998046875,2402
2026-08-07 10:30:00+00:00,4376.39990234375,4380.2001953125,4372.39990234375,4373.10009765625,2614
2026-08-07 11:00:00+00:00,4384.39990234375,4386.7001953125,4376.0,4376.2998046875,4236
2026-08-07 11:30:00+00:00,4380.7998046875,4387.10009765625,4380.10009765625,4384.5,3601
2026-08-07 12:00:00+00:00,4370.7998046875,4384.7998046875,4361.0,4380.60009765625,7000
2026-08-07 12:30:00+00:00,4421.89990234375,4432.2998046875,4370.7998046875,4373.0,22412
2026-08-07 13:00:00+00:00,4416.7998046875,4424.60009765625,4398.89990234375,4421.60009765625,9853
2026-08-07 13:30:00+00:00,4408.2998046875,4428.7998046875,4402.5,4416.7998046875,11996
2026-08-07 14:00:00+00:00,4408.7001953125,4413.0,4386.89990234375,4408.39990234375,12260
2026-08-07 14:30:00+00:00,4401.2998046875,4411.0,4400.10009765625,4409.10009765625,6419
2026-08-07 15:00:00+00:00,4410.7998046875,4418.10009765625,4400.0,4401.39990234375,6753
2026-08-07 15:30:00+00:00,4400.39990234375,4413.2998046875,4398.89990234375,4410.89990234375,5013
2026-08-07 16:00:00+00:00,4396.89990234375,4409.39990234375,4393.7998046875,4400.39990234375,4283
2026-08-07 16:30:00+00:00,4389.5,4402.0,4388.7998046875,4396.7998046875,4480
2026-08-07 17:00:00+00:00,4398.89990234375,4401.7001953125,4387.39990234375,4388.7001953125,6187
2026-08-07 17:30:00+00:00,4400.0,4402.5,4389.0,4399.10009765625,4208
2026-08-07 18:00:00+00:00,4394.10009765625,4403.0,4391.89990234375,4399.7998046875,2227
2026-08-07 18:30:00+00:00,4395.60009765625,4399.0,4393.2998046875,4394.2998046875,1710
2026-08-07 19:00:00+00:00,4408.39990234375,4410.60009765625,4395.7001953125,4395.7001953125,2357
2026-08-07 19:30:00+00:00,4403.10009765625,4409.0,4399.60009765625,4408.60009765625,2496
2026-08-07 20:00:00+00:00,4397.2998046875,4404.60009765625,4396.5,4403.0,1638
2026-08-07 20:30:00+00:00,4399.7001953125,4402.60009765625,4395.2998046875,4396.89990234375,951
2026-08-09 22:00:00+00:00,4402.89990234375,4405.5,4397.0,4398.0,690
2026-08-09 22:30:00+00:00,4400.2001953125,4404.39990234375,4398.60009765625,4402.89990234375,407
2026-08-09 23:00:00+00:00,4405.5,4408.0,4399.5,4400.39990234375,698
2026-08-09 23:30:00+00:00,4392.0,4406.5,4390.7998046875,4405.5,966
2026-08-10 00:00:00+00:00,4396.7001953125,4406.0,4391.39990234375,4391.89990234375,1112
2026-08-10 00:30:00+00:00,4391.2998046875,4398.10009765625,4389.7998046875,4396.60009765625,883
2026-08-10 01:00:00+00:00,4376.89990234375,4400.0,4376.7001953125,4391.5,5700
2026-08-10 01:30:00+00:00,4383.0,4384.2998046875,4373.89990234375,4376.7001953125,2056
2026-08-10 02:00:00+00:00,4390.89990234375,4392.10009765625,4379.7001953125,4382.7998046875,1465
2026-08-10 02:30:00+00:00,4380.0,4392.5,4379.0,4391.0,1871
2026-08-10 03:00:00+00:00,4387.89990234375,4388.2998046875,4377.39990234375,4379.60009765625,1362
2026-08-10 03:30:00+00:00,4387.7998046875,4390.2998046875,4384.60009765625,4387.7001953125,801
2026-08-10 04:00:00+00:00,4394.5,4397.7998046875,4383.60009765625,4387.7001953125,1797
2026-08-10 04:30:00+00:00,4399.5,4399.7998046875,4389.7998046875,4394.89990234375,1584
2026-08-10 05:00:00+00:00,4393.7001953125,4399.7001953125,4392.60009765625,4399.10009765625,1234
2026-08-10 05:30:00+00:00,4407.0,4412.5,4391.5,4393.5,3147
2026-08-10 06:00:00+00:00,4407.7001953125,4409.89990234375,4401.5,4407.2998046875,1772
2026-08-10 06:30:00+00:00,4417.7998046875,4419.5,4405.2998046875,4407.60009765625,2680
2026-08-10 07:00:00+00:00,4414.5,4418.5,4409.39990234375,4417.7998046875,2628
2026-08-10 07:30:00+00:00,4414.7001953125,4421.5,4412.0,4414.2998046875,1819
2026-08-10 08:00:00+00:00,4415.10009765625,4415.7001953125,4411.10009765625,4415.0,1358
2026-08-10 08:30:00+00:00,4405.60009765625,4416.0,4402.89990234375,4414.7998046875,2995
2026-08-10 09:00:00+00:00,4406.10009765625,4409.2001953125,4404.10009765625,4405.60009765625,2079
2026-08-10 09:30:00+00:00,4400.10009765625,4406.10009765625,4398.39990234375,4405.7001953125,2598
2026-08-10 10:00:00+00:00,4402.60009765625,4403.2001953125,4398.2001953125,4400.39990234375,1532
2026-08-10 10:30:00+00:00,4395.2001953125,4403.2998046875,4394.60009765625,4402.7001953125,1738
2026-08-10 11:00:00+00:00,4394.0,4396.0,4386.2998046875,4395.2998046875,2345
2026-08-10 11:30:00+00:00,4393.89990234375,4398.5,4391.2001953125,4393.7001953125,1544
2026-08-10 12:00:00+00:00,4386.5,4396.39990234375,4382.7998046875,4393.7998046875,2292
2026-08-10 12:30:00+00:00,4391.60009765625,4394.60009765625,4385.2001953125,4386.39990234375,2214
2026-08-10 13:00:00+00:00,4394.0,4396.60009765625,4384.7998046875,4391.10009765625,3396
2026-08-10 13:30:00+00:00,4376.2998046875,4398.39990234375,4375.0,4394.0,6843
2026-08-10 14:00:00+00:00,4404.39990234375,4407.2001953125,4376.2001953125,4376.2001953125,7372
2026-08-10 14:30:00+00:00,4405.2001953125,4411.2998046875,4402.39990234375,4404.2998046875,5319
2026-08-10 15:00:00+00:00,4408.7998046875,4412.2001953125,4402.7001953125,4405.2001953125,4267
2026-08-10 15:30:00+00:00,4417.89990234375,4419.2001953125,4407.39990234375,4409.0,3304
2026-08-10 16:00:00+00:00,4422.10009765625,4424.5,4416.39990234375,4418.10009765625,3541
2026-08-10 16:30:00+00:00,4416.2998046875,4422.5,4408.60009765625,4422.2001953125,4313
2026-08-10 17:00:00+00:00,4420.5,4420.5,4410.5,4416.39990234375,3613
2026-08-10 17:30:00+00:00,4419.2001953125,4425.2001953125,4416.60009765625,4420.2998046875,2066
2026-08-10 18:00:00+00:00,4425.0,4426.5,4418.7998046875,4419.39990234375,1838
2026-08-10 18:30:00+00:00,4437.7001953125,4442.5,4424.5,4425.2001953125,4700
2026-08-10 19:00:00+00:00,4449.7001953125,4450.7001953125,4437.7998046875,4437.7998046875,3110
2026-08-10 19:30:00+00:00,4446.7998046875,4453.7998046875,4443.2998046875,4449.7998046875,3718
2026-08-10 20:00:00+00:00,4450.2001953125,4451.10009765625,4444.7001953125,4447.0,1007
2026-08-10 20:30:00+00:00,4448.60009765625,4451.2998046875,4447.60009765625,4450.2998046875,743
2026-08-10 22:00:00+00:00,4451.0,4452.60009765625,4443.2001953125,4446.89990234375,373
2026-08-10 22:30:00+00:00,4459.0,4460.39990234375,4451.2998046875,4451.2998046875,1190
2026-08-10 23:00:00+00:00,4455.10009765625,4461.60009765625,4453.89990234375,4459.10009765625,1214
2026-08-10 23:30:00+00:00,4462.10009765625,4462.39990234375,4454.39990234375,4454.89990234375,883
2026-08-11 00:00:00+00:00,4473.5,4475.5,4456.0,4462.2998046875,3092
2026-08-11 00:30:00+00:00,4468.5,4478.60009765625,4466.5,4473.10009765625,2273
2026-08-11 01:00:00+00:00,4479.2001953125,4480.0,4453.0,4469.0,4634
2026-08-11 01:30:00+00:00,4489.2001953125,4493.7001953125,4474.60009765625,4479.39990234375,3963
2026-08-11 02:00:00+00:00,4488.5,4495.0,4481.0,4489.2001953125,3505
2026-08-11 02:30:00+00:00,4470.7998046875,4489.10009765625,4468.0,4488.2001953125,2799
2026-08-11 03:00:00+00:00,4480.0,4480.7998046875,4469.60009765625,4470.7001953125,1271
2026-08-11 03:30:00+00:00,4477.0,4481.39990234375,4473.7001953125,4480.2998046875,963
2026-08-11 04:00:00+00:00,4474.89990234375,4479.2001953125,4469.7001953125,4476.5,1372
2026-08-11 04:30:00+00:00,4468.7001953125,4480.2998046875,4463.2998046875,4474.60009765625,2494
2026-08-11 05:00:00+00:00,4451.7998046875,4468.89990234375,4450.0,4468.7998046875,2432
2026-08-11 05:30:00+00:00,4435.2001953125,4451.60009765625,4427.10009765625,4451.60009765625,6327
2026-08-11 06:00:00+00:00,4422.89990234375,4442.0,4421.0,4434.7001953125,4451
2026-08-11 06:30:00+00:00,4425.2998046875,4428.60009765625,4418.7001953125,4422.7998046875,2880
2026-08-11 07:00:00+00:00,4422.2001953125,4426.5,4416.60009765625,4425.2001953125,2262
2026-08-11 07:30:00+00:00,4416.60009765625,4424.10009765625,4415.7001953125,4422.5,1770
2026-08-11 08:00:00+00:00,4427.7001953125,4428.39990234375,4416.10009765625,4417.10009765625,2617
2026-08-11 08:30:00+00:00,4428.10009765625,4435.5,4427.39990234375,4427.5,2685
2026-08-11 09:00:00+00:00,4430.2998046875,4434.39990234375,4426.10009765625,4428.0,1972
2026-08-11 09:30:00+00:00,4431.39990234375,4433.89990234375,4428.7998046875,4430.5,1649
2026-08-11 10:00:00+00:00,4437.2998046875,4441.0,4430.0,4431.2998046875,1705
2026-08-11 10:30:00+00:00,4441.2001953125,4441.2001953125,4435.5,4437.2998046875,1671
2026-08-11 11:00:00+00:00,4445.7001953125,4451.7998046875,4439.10009765625,4441.10009765625,4144
2026-08-11 11:30:00+00:00,4446.10009765625,4448.10009765625,4441.39990234375,4445.89990234375,2146
2026-08-11 12:00:00+00:00,4449.2001953125,4458.39990234375,4442.2001953125,4446.2001953125,6110
2026-08-11 12:30:00+00:00,4450.60009765625,4458.7998046875,4446.7998046875,4449.7001953125,4751
2026-08-11 13:00:00+00:00,4456.7998046875,4459.89990234375,4448.39990234375,4450.7001953125,4404
2026-08-11 13:30:00+00:00,4448.2001953125,4463.2998046875,4442.89990234375,4457.2001953125,7395
2026-08-11 14:00:00+00:00,4443.10009765625,4449.2998046875,4439.89990234375,4448.2001953125,5949
2026-08-11 14:30:00+00:00,4453.60009765625,4457.39990234375,4443.0,4443.0,4231
2026-08-11 15:00:00+00:00,4445.7998046875,4458.2001953125,4440.89990234375,4453.60009765625,4925
2026-08-11 15:30:00+00:00,4443.2001953125,4445.7998046875,4428.2001953125,4445.5,5355
2026-08-11 16:00:00+00:00,4442.39990234375,4444.39990234375,4438.2001953125,4443.5,1671
2026-08-11 16:30:00+00:00,4443.10009765625,4445.2998046875,4438.89990234375,4442.60009765625,1641
2026-08-11 17:00:00+00:00,4440.7998046875,4445.7001953125,4438.2998046875,4443.2998046875,3855
2026-08-11 17:30:00+00:00,4428.2998046875,4441.5,4428.2001953125,4440.60009765625,2705
2026-08-11 18:00:00+00:00,4420.5,4428.7001953125,4419.7001953125,4428.5,4033
2026-08-11 18:30:00+00:00,4430.39990234375,4431.89990234375,4420.2998046875,4420.39990234375,1748
2026-08-11 19:00:00+00:00,4429.7001953125,4431.2001953125,4420.0,4430.39990234375,3830
2026-08-11 19:30:00+00:00,4429.7001953125,4433.60009765625,4425.60009765625,4429.7998046875,2246
2026-08-11 20:00:00+00:00,4429.2998046875,4430.0,4426.5,4429.2998046875,603
2026-08-11 20:30:00+00:00,4427.7998046875,4429.5,4426.10009765625,4429.5,302
2026-08-11 22:00:00+00:00,4434.89990234375,4435.2001953125,4427.7998046875,4430.0,868
2026-08-11 22:30:00+00:00,4427.89990234375,4437.7998046875,4426.10009765625,4434.89990234375,2224
2026-08-11 23:00:00+00:00,4431.60009765625,4433.0,4421.39990234375,4428.7001953125,2746
2026-08-11 23:30:00+00:00,4430.39990234375,4431.60009765625,4425.60009765625,4431.5,716
2026-08-12 00:00:00+00:00,4440.0,4440.5,4426.0,4430.60009765625,1262
2026-08-12 00:30:00+00:00,4440.2001953125,4442.89990234375,4437.2001953125,4440.5,1097
2026-08-12 01:00:00+00:00,4450.0,4454.0,4438.0,4440.2998046875,2587
2026-08-12 01:30:00+00:00,4456.2001953125,4456.89990234375,4444.7001953125,4450.10009765625,2150
2026-08-12 02:00:00+00:00,4461.5,4464.0,4453.89990234375,4456.10009765625,2602
2026-08-12 02:30:00+00:00,4470.7998046875,4474.2001953125,4456.7001953125,4461.2998046875,3259
2026-08-12 03:00:00+00:00,4467.10009765625,4475.7001953125,4464.5,4471.10009765625,2268
2026-08-12 03:30:00+00:00,4461.7998046875,4468.7998046875,4460.60009765625,4468.2998046875,1344
2026-08-12 04:00:00+00:00,4459.10009765625,4463.10009765625,4455.39990234375,4462.39990234375,1177
2026-08-12 04:30:00+00:00,4461.0,4462.39990234375,4455.2998046875,4459.2998046875,1162
2026-08-12 05:00:00+00:00,4452.39990234375,4465.10009765625,4451.89990234375,4460.89990234375,2003
2026-08-12 05:30:00+00:00,4451.0,4456.7001953125,4444.0,4452.2001953125,2536
2026-08-12 06:00:00+00:00,4449.60009765625,4452.89990234375,4445.2998046875,4450.89990234375,1570
2026-08-12 06:30:00+00:00,4463.2001953125,4466.10009765625,4448.5,4449.89990234375,2984
2026-08-12 07:00:00+00:00,4461.7001953125,4465.7001953125,4457.39990234375,4463.0,2065
2026-08-12 07:30:00+00:00,4465.89990234375,4469.5,4460.7998046875,4461.7001953125,2372
2026-08-12 08:00:00+00:00,4466.60009765625,4470.10009765625,4465.0,4465.89990234375,1590
2026-08-12 08:30:00+00:00,4460.60009765625,4466.89990234375,4460.60009765625,4466.39990234375,1243
2026-08-12 09:00:00+00:00,4472.7001953125,4484.2001953125,4460.89990234375,4460.89990234375,3947
2026-08-12 09:30:00+00:00,4475.39990234375,4476.7998046875,4470.0,4472.7001953125,2717
2026-08-12 10:00:00+00:00,4479.2001953125,4480.39990234375,4474.10009765625,4475.5,1833
2026-08-12 10:30:00+00:00,4472.0,4479.2001953125,4465.89990234375,4479.2001953125,2277
2026-08-12 11:00:00+00:00,4474.60009765625,4476.60009765625,4467.2001953125,4472.2998046875,2403
2026-08-12 11:30:00+00:00,4472.39990234375,4475.7001953125,4469.89990234375,4474.89990234375,1714
2026-08-12 12:00:00+00:00,4487.7001953125,4487.7001953125,4463.5,4472.39990234375,5256
2026-08-12 12:30:00+00:00,4498.2001953125,4499.2998046875,4440.0,4488.0,20339
2026-08-12 13:00:00+00:00,4478.2001953125,4502.7001953125,4474.39990234375,4497.7998046875,8497
2026-08-12 13:30:00+00:00,4487.39990234375,4494.0,4468.0,4478.39990234375,9886
2026-08-12 14:00:00+00:00,4491.5,4499.7998046875,4480.39990234375,4487.5,6748
2026-08-12 14:30:00+00:00,4481.39990234375,4496.0,4475.7998046875,4491.2998046875,8215
2026-08-12 15:00:00+00:00,4481.2001953125,4489.5,4474.0,4481.2001953125,3971
2026-08-12 15:30:00+00:00,4480.39990234375,4485.0,4470.2001953125,4481.10009765625,3555
2026-08-12 16:00:00+00:00,4483.0,4486.2001953125,4476.39990234375,4480.2001953125,3020
2026-08-12 16:30:00+00:00,4461.7001953125,4483.7001953125,4455.89990234375,4483.10009765625,6081
2026-08-12 17:00:00+00:00,4466.7001953125,4470.0,4460.10009765625,4461.7001953125,4760
2026-08-12 17:30:00+00:00,4459.60009765625,4471.7001953125,4459.0,4466.7998046875,2846
2026-08-12 18:00:00+00:00,4468.39990234375,4471.39990234375,4456.0,4459.2998046875,1653
2026-08-12 18:30:00+00:00,4473.2001953125,4478.10009765625,4467.89990234375,4468.39990234375,2197
2026-08-12 19:00:00+00:00,4476.60009765625,4478.2998046875,4473.0,4473.2001953125,894
2026-08-12 19:30:00+00:00,4473.89990234375,4476.5,4468.5,4476.5,1803
2026-08-12 20:00:00+00:00,4467.7998046875,4474.2998046875,4466.7001953125,4473.7001953125,676
2026-08-12 20:30:00+00:00,4469.0,4469.10009765625,4466.7001953125,4467.89990234375,664
2026-08-12 22:00:00+00:00,4457.5,4470.2998046875,4456.5,4468.7998046875,681
2026-08-12 22:30:00+00:00,4459.89990234375,4461.2001953125,4456.89990234375,4457.5,423
2026-08-12 23:00:00+00:00,4466.7998046875,4468.39990234375,4459.89990234375,4460.10009765625,715
2026-08-12 23:30:00+00:00,4473.10009765625,4473.2001953125,4465.7001953125,4467.39990234375,637
2026-08-13 00:00:00+00:00,4487.39990234375,4496.60009765625,4471.89990234375,4473.2001953125,3389
2026-08-13 00:30:00+00:00,4486.89990234375,4509.10009765625,4482.7001953125,4487.60009765625,5668
2026-08-13 01:00:00+00:00,4478.0,4494.10009765625,4477.7001953125,4486.7001953125,3012
2026-08-13 01:30:00+00:00,4467.0,4489.0,4464.7001953125,4477.7001953125,3167
2026-08-13 02:00:00+00:00,4464.7001953125,4472.60009765625,4463.7998046875,4466.7998046875,1769
2026-08-13 02:30:00+00:00,4465.7001953125,4469.2998046875,4457.0,4464.2998046875,1876
2026-08-13 03:00:00+00:00,4467.7998046875,4470.7001953125,4462.60009765625,4465.7998046875,950
2026-08-13 03:30:00+00:00,4458.2998046875,4468.7998046875,4458.0,4467.5,1780
2026-08-13 04:00:00+00:00,4456.2001953125,4458.7001953125,4449.39990234375,4458.7001953125,2998
2026-08-13 04:30:00+00:00,4455.5,4457.5,4452.7998046875,4456.2001953125,704
2026-08-13 05:00:00+00:00,4464.39990234375,4465.2001953125,4450.7001953125,4455.2001953125,2339
2026-08-13 05:30:00+00:00,4440.39990234375,4465.2001953125,4437.2001953125,4464.39990234375,4047
2026-08-13 06:00:00+00:00,4432.7001953125,4443.0,4431.60009765625,4440.2998046875,3434
2026-08-13 06:30:00+00:00,4437.7001953125,4438.39990234375,4425.60009765625,4433.10009765625,2911
2026-08-13 07:00:00+00:00,4433.10009765625,4438.60009765625,4430.39990234375,4437.7998046875,1813
2026-08-13 07:30:00+00:00,4426.39990234375,4435.7001953125,4425.7998046875,4432.7998046875,2864
2026-08-13 08:00:00+00:00,4429.2001953125,4430.0,4420.2998046875,4426.39990234375,3103
2026-08-13 08:30:00+00:00,4432.39990234375,4435.7001953125,4428.10009765625,4429.0,1412
2026-08-13 09:00:00+00:00,4436.39990234375,4438.89990234375,4428.60009765625,4432.2998046875,1787
2026-08-13 09:30:00+00:00,4441.7998046875,4441.89990234375,4435.10009765625,4436.5,1615
2026-08-13 10:00:00+00:00,4444.60009765625,4445.2001953125,4438.7998046875,4441.89990234375,1473
2026-08-13 10:30:00+00:00,4449.89990234375,4451.5,4442.2998046875,4444.7998046875,1688
2026-08-13 11:00:00+00:00,4445.39990234375,4454.2001953125,4445.2998046875,4449.60009765625,2073
2026-08-13 11:30:00+00:00,4444.39990234375,4447.2998046875,4439.60009765625,4445.7001953125,2873
2026-08-13 12:00:00+00:00,4447.7998046875,4450.39990234375,4441.0,4444.5,2308
2026-08-13 12:30:00+00:00,4458.89990234375,4460.0,4437.10009765625,4447.39990234375,6818
2026-08-13 13:00:00+00:00,4441.7001953125,4459.0,4440.60009765625,4458.5,4831
2026-08-13 13:30:00+00:00,4429.10009765625,4446.39990234375,4427.10009765625,4441.7001953125,7539
2026-08-13 14:00:00+00:00,4425.2998046875,4435.89990234375,4424.0,4429.2998046875,6604
2026-08-13 14:30:00+00:00,4440.89990234375,4444.7001953125,4408.7998046875,4425.0,8234
2026-08-13 15:00:00+00:00,4421.7998046875,4443.10009765625,4419.89990234375,4441.2001953125,5387
2026-08-13 15:30:00+00:00,4422.39990234375,4428.39990234375,4413.60009765625,4421.89990234375,4313
2026-08-13 16:00:00+00:00,4419.39990234375,4424.7001953125,4407.5,4422.2998046875,5542
2026-08-13 16:30:00+00:00,4424.2001953125,4425.60009765625,4419.0,4419.2001953125,2940
2026-08-13 17:00:00+00:00,4420.0,4430.60009765625,4419.10009765625,4424.2998046875,4504
2026-08-13 17:30:00+00:00,4412.39990234375,4421.2998046875,4412.0,4420.2001953125,2865
2026-08-13 18:00:00+00:00,4414.2998046875,4420.5,4411.60009765625,4412.60009765625,2294
2026-08-13 18:30:00+00:00,4413.60009765625,4417.2998046875,4411.39990234375,4414.2998046875,1225
2026-08-13 19:00:00+00:00,4407.89990234375,4415.5,4400.0,4414.0,3001
2026-08-13 19:30:00+00:00,4406.2001953125,4410.89990234375,4403.89990234375,4407.7001953125,1654
2026-08-13 20:00:00+00:00,4407.60009765625,4408.39990234375,4402.89990234375,4406.2001953125,985
2026-08-13 20:30:00+00:00,4407.10009765625,4408.0,4404.2001953125,4407.60009765625,928
2026-08-13 22:00:00+00:00,4412.7001953125,4413.2998046875,4406.60009765625,4408.2001953125,934
2026-08-13 22:30:00+00:00,4410.2998046875,4418.39990234375,4409.2001953125,4412.39990234375,2458
2026-08-13 23:00:00+00:00,4418.2001953125,4418.2001953125,4405.10009765625,4411.5,2400
2026-08-13 23:30:00+00:00,4411.7998046875,4419.39990234375,4411.60009765625,4418.39990234375,1112
2026-08-14 00:00:00+00:00,4395.7998046875,4417.39990234375,4395.10009765625,4411.60009765625,2155
2026-08-14 00:30:00+00:00,4396.39990234375,4402.60009765625,4385.10009765625,4395.5,3573
2026-08-14 01:00:00+00:00,4375.60009765625,4397.10009765625,4370.89990234375,4396.2001953125,6406
2026-08-14 01:30:00+00:00,4373.7001953125,4379.39990234375,4367.5,4375.2998046875,3100
2026-08-14 02:00:00+00:00,4367.60009765625,4378.0,4365.5,4373.7001953125,2662
2026-08-14 02:30:00+00:00,4370.7001953125,4378.0,4366.89990234375,4367.39990234375,2320
2026-08-14 03:00:00+00:00,4380.7998046875,4381.2001953125,4368.89990234375,4370.7001953125,1468
2026-08-14 03:30:00+00:00,4379.60009765625,4383.7998046875,4379.0,4380.89990234375,1083
2026-08-14 04:00:00+00:00,4380.2001953125,4384.60009765625,4378.2998046875,4379.2001953125,1035
2026-08-14 04:30:00+00:00,4382.0,4382.0,4378.2998046875,4380.7001953125,765
2026-08-14 05:00:00+00:00,4373.2998046875,4382.2001953125,4371.89990234375,4382.2001953125,1004
2026-08-14 05:30:00+00:00,4389.5,4389.5,4365.60009765625,4372.89990234375,3327
2026-08-14 06:00:00+00:00,4385.2998046875,4392.60009765625,4384.2001953125,4389.60009765625,1858
2026-08-14 06:30:00+00:00,4391.60009765625,4392.2001953125,4383.60009765625,4385.10009765625,1208
2026-08-14 07:00:00+00:00,4387.7998046875,4393.2998046875,4385.7001953125,4391.39990234375,1626
2026-08-14 07:30:00+00:00,4399.7998046875,4401.60009765625,4387.2998046875,4388.0,2107
2026-08-14 08:00:00+00:00,4401.7998046875,4405.2998046875,4398.10009765625,4399.7998046875,2101
2026-08-14 08:30:00+00:00,4404.7001953125,4405.7001953125,4398.7998046875,4401.7998046875,1507
2026-08-14 09:00:00+00:00,4407.39990234375,4410.0,4402.0,4404.5,1813
2026-08-14 09:30:00+00:00,4413.60009765625,4413.7998046875,4406.10009765625,4407.7001953125,2109
2026-08-14 10:00:00+00:00,4407.2998046875,4415.10009765625,4406.0,4413.60009765625,2548
2026-08-14 10:30:00+00:00,4405.5,4409.7001953125,4403.7001953125,4407.5,1645
2026-08-14 11:00:00+00:00,4413.10009765625,4413.39990234375,4404.7001953125,4405.5,1290
2026-08-14 11:30:00+00:00,4425.7998046875,4426.0,4412.7998046875,4413.10009765625,3244
2026-08-14 12:00:00+00:00,4436.5,4437.5,4421.7998046875,4425.5,5583
2026-08-14 12:30:00+00:00,4430.89990234375,4444.0,4427.7998046875,4436.89990234375,7380
2026-08-14 13:00:00+00:00,4441.39990234375,4443.89990234375,4427.2998046875,4430.7001953125,5015
2026-08-14 13:30:00+00:00,4442.0,4454.60009765625,4439.7998046875,4441.7001953125,8270
2026-08-14 14:00:00+00:00,4447.89990234375,4452.2001953125,4441.2001953125,4441.60009765625,5061
2026-08-14 14:30:00+00:00,4438.60009765625,4448.7001953125,4436.2001953125,4448.2998046875,4520
2026-08-14 15:00:00+00:00,4442.2001953125,4451.7001953125,4436.39990234375,4438.7001953125,6377
2026-08-14 15:30:00+00:00,4449.0,4452.2998046875,4441.10009765625,4442.39990234375,3447
2026-08-14 16:00:00+00:00,4444.5,4454.2998046875,4443.89990234375,4449.0,2288
2026-08-14 16:30:00+00:00,4442.7001953125,4446.2998046875,4437.2001953125,4444.7001953125,2398
2026-08-14 17:00:00+00:00,4436.89990234375,4443.39990234375,4436.60009765625,4443.0,2763
2026-08-14 17:30:00+00:00,4435.5,4440.39990234375,4433.60009765625,4436.7001953125,1794
2026-08-14 18:00:00+00:00,4436.39990234375,4438.7998046875,4433.60009765625,4435.89990234375,1487
2026-08-14 18:30:00+00:00,4430.2998046875,4439.60009765625,4427.5,4436.2001953125,4343
2026-08-14 19:00:00+00:00,4433.5,4434.2998046875,4428.60009765625,4430.2998046875,1192
2026-08-14 19:30:00+00:00,4431.5,4435.60009765625,4428.7998046875,4433.5,1863
2026-08-14 20:00:00+00:00,4430.0,4431.5,4426.89990234375,4431.39990234375,1298
2026-08-14 20:30:00+00:00,4432.10009765625,4432.39990234375,4428.89990234375,4429.89990234375,572
2026-08-14 21:00:00+00:00,4437.2998046875,4437.2998046875,4432.0,4432.0,1
2026-08-16 22:00:00+00:00,4430.60009765625,4436.0,4429.2998046875,4433.7001953125,592
2026-08-16 22:30:00+00:00,4441.60009765625,4442.5,4430.7998046875,4430.7998046875,1023
2026-08-16 23:00:00+00:00,4430.10009765625,4441.89990234375,4428.10009765625,4441.7998046875,1200
2026-08-16 23:30:00+00:00,4425.5,4431.0,4422.2998046875,4430.2001953125,1416
2026-08-17 00:00:00+00:00,4445.7001953125,4446.89990234375,4423.5,4426.0,2185
2026-08-17 00:30:00+00:00,4457.2998046875,4459.39990234375,4443.5,4445.7998046875,2903
2026-08-17 01:00:00+00:00,4463.7998046875,4473.2001953125,4456.10009765625,4457.10009765625,4009
2026-08-17 01:30:00+00:00,4452.0,4464.7998046875,4448.60009765625,4463.7998046875,3203
2026-08-17 02:00:00+00:00,4451.39990234375,4454.5,4446.5,4451.89990234375,1637
2026-08-17 02:30:00+00:00,4449.7998046875,4454.7001953125,4444.89990234375,4452.2998046875,1397
2026-08-17 03:00:00+00:00,4449.2998046875,4451.7998046875,4444.5,4450.2001953125,885
2026-08-17 03:30:00+00:00,4453.7001953125,4453.7998046875,4447.2001953125,4449.39990234375,1016
2026-08-17 04:00:00+00:00,4447.89990234375,4456.2998046875,4446.60009765625,4453.5,1256
2026-08-17 04:30:00+00:00,4447.10009765625,4454.60009765625,4445.5,4447.5,1007
2026-08-17 05:00:00+00:00,4456.0,4456.0,4443.39990234375,4447.2998046875,1577
2026-08-17 05:30:00+00:00,4451.2998046875,4457.7001953125,4449.0,4456.2998046875,1689
2026-08-17 06:00:00+00:00,4455.0,4456.2998046875,4449.10009765625,4451.60009765625,1799
2026-08-17 06:30:00+00:00,4459.2998046875,4460.7001953125,4449.7001953125,4454.5,1991
2026-08-17 07:00:00+00:00,4461.2001953125,4461.60009765625,4452.2001953125,4459.0,2289
2026-08-17 07:30:00+00:00,4461.5,4467.89990234375,4460.0,4461.2998046875,2491
2026-08-17 08:00:00+00:00,4458.0,4461.7998046875,4454.10009765625,4461.7998046875,1677
2026-08-17 08:30:00+00:00,4451.10009765625,4458.39990234375,4448.7998046875,4458.0,1132
2026-08-17 09:00:00+00:00,4453.10009765625,4457.0,4449.5,4451.2998046875,1461
2026-08-17 09:30:00+00:00,4452.39990234375,4453.7001953125,4449.2001953125,4453.2001953125,1718
2026-08-17 10:00:00+00:00,4461.60009765625,4462.2998046875,4445.7001953125,4452.39990234375,2675
2026-08-17 10:30:00+00:00,4455.7998046875,4462.60009765625,4452.10009765625,4461.60009765625,2106
2026-08-17 11:00:00+00:00,4460.2998046875,4461.5,4453.7001953125,4455.89990234375,1845
2026-08-17 11:30:00+00:00,4453.39990234375,4461.7998046875,4451.7998046875,4460.39990234375,1924
2026-08-17 12:00:00+00:00,4441.7001953125,4455.39990234375,4437.5,4453.10009765625,4399
2026-08-17 12:30:00+00:00,4441.39990234375,4446.7998046875,4433.39990234375,4442.2998046875,4776
2026-08-17 13:00:00+00:00,4442.60009765625,4446.2001953125,4438.10009765625,4441.7001953125,3169
2026-08-17 13:30:00+00:00,4465.2998046875,4473.0,4440.89990234375,4442.7998046875,7449
2026-08-17 14:00:00+00:00,4475.39990234375,4484.89990234375,4460.39990234375,4465.2998046875,11876
2026-08-17 14:30:00+00:00,4474.5,4481.7998046875,4471.39990234375,4475.60009765625,3797
2026-08-17 15:00:00+00:00,4482.7001953125,4483.39990234375,4471.7998046875,4474.60009765625,2879
2026-08-17 15:30:00+00:00,4484.7998046875,4485.2998046875,4474.7998046875,4482.7998046875,3442
2026-08-17 16:00:00+00:00,4482.2998046875,4486.5,4480.2998046875,4485.0,2749
2026-08-17 16:30:00+00:00,4481.5,4484.5,4479.7001953125,4482.39990234375,1947
2026-08-17 17:00:00+00:00,4474.0,4483.7001953125,4470.7998046875,4481.7001953125,4088
2026-08-17 17:30:00+00:00,4471.0,4478.2001953125,4468.2001953125,4474.0,3203
2026-08-17 18:00:00+00:00,4463.2001953125,4474.0,4461.5,4471.2998046875,4506
2026-08-17 18:30:00+00:00,4463.10009765625,4463.7998046875,4454.5,4463.2998046875,3441
2026-08-17 19:00:00+00:00,4470.60009765625,4473.60009765625,4456.60009765625,4462.89990234375,2819
2026-08-17 19:30:00+00:00,4475.7001953125,4477.0,4470.39990234375,4470.89990234375,1811
2026-08-17 20:00:00+00:00,4471.39990234375,4477.5,4471.39990234375,4475.89990234375,611
2026-08-17 20:30:00+00:00,4473.10009765625,4474.0,4471.10009765625,4471.60009765625,456
2026-08-17 22:00:00+00:00,4468.89990234375,4475.89990234375,4468.2998046875,4473.39990234375,608
2026-08-17 22:30:00+00:00,4467.89990234375,4472.39990234375,4466.5,4468.39990234375,905
2026-08-17 23:00:00+00:00,4476.60009765625,4478.10009765625,4466.0,4468.0,1227
2026-08-17 23:30:00+00:00,4482.0,4482.10009765625,4476.2998046875,4476.2998046875,945
2026-08-18 00:00:00+00:00,4487.7001953125,4488.2001953125,4475.0,4482.2998046875,2782
2026-08-18 00:30:00+00:00,4491.2001953125,4491.7001953125,4484.5,4487.7998046875,1600
2026-08-18 01:00:00+00:00,4481.5,4493.10009765625,4476.60009765625,4491.60009765625,2953
2026-08-18 01:30:00+00:00,4464.60009765625,4482.60009765625,4460.89990234375,4481.5,2760
2026-08-18 02:00:00+00:00,4458.7001953125,4464.89990234375,4454.7998046875,4464.60009765625,2195
2026-08-18 02:30:00+00:00,4456.10009765625,4458.89990234375,4450.0,4458.7998046875,2586
2026-08-18 03:00:00+00:00,4453.2998046875,4460.5,4450.0,4456.10009765625,1874
2026-08-18 03:30:00+00:00,4448.10009765625,4453.2998046875,4446.2998046875,4452.7998046875,1139
2026-08-18 04:00:00+00:00,4448.10009765625,4449.2001953125,4445.39990234375,4447.39990234375,1154
2026-08-18 04:30:00+00:00,4448.89990234375,4450.89990234375,4444.0,4448.2001953125,1515
2026-08-18 05:00:00+00:00,4446.60009765625,4451.60009765625,4446.39990234375,4448.7001953125,906
2026-08-18 05:30:00+00:00,4450.2001953125,4453.2001953125,4441.39990234375,4446.39990234375,2189
2026-08-18 06:00:00+00:00,4454.89990234375,4455.10009765625,4443.2001953125,4449.39990234375,2437
2026-08-18 06:30:00+00:00,4454.10009765625,4455.60009765625,4450.5,4454.7001953125,1344
2026-08-18 07:00:00+00:00,4459.0,4459.39990234375,4452.39990234375,4454.2998046875,1890
2026-08-18 07:30:00+00:00,4451.2001953125,4459.5,4451.2001953125,4459.10009765625,1523
2026-08-18 08:00:00+00:00,4444.89990234375,4451.89990234375,4442.39990234375,4451.60009765625,2536
2026-08-18 08:30:00+00:00,4448.89990234375,4454.2001953125,4444.89990234375,4444.89990234375,1514
2026-08-18 09:00:00+00:00,4444.89990234375,4449.39990234375,4444.2001953125,4448.7998046875,1053
2026-08-18 09:30:00+00:00,4449.7001953125,4451.2998046875,4443.0,4444.7998046875,1865
2026-08-18 10:00:00+00:00,4448.2998046875,4452.5,4446.10009765625,4449.7001953125,970
2026-08-18 10:30:00+00:00,4454.39990234375,4456.2001953125,4448.10009765625,4448.7001953125,1168
2026-08-18 11:00:00+00:00,4446.2998046875,4455.7998046875,4445.7998046875,4454.2001953125,1205
2026-08-18 11:30:00+00:00,4452.2998046875,4453.2998046875,4444.7998046875,4446.2998046875,1436
2026-08-18 12:00:00+00:00,4451.89990234375,4457.2998046875,4445.7998046875,4452.60009765625,3399
2026-08-18 12:30:00+00:00,4450.7001953125,4454.7998046875,4447.10009765625,4452.0,2634
2026-08-18 13:00:00+00:00,4445.39990234375,4453.7001953125,4444.2001953125,4450.5,5486
2026-08-18 13:30:00+00:00,4451.0,4463.0,4430.89990234375,4445.5,11158
2026-08-18 14:00:00+00:00,4450.60009765625,4462.7998046875,4447.39990234375,4450.5,6961
2026-08-18 14:30:00+00:00,4422.2998046875,4452.5,4419.10009765625,4450.7001953125,12059
2026-08-18 15:00:00+00:00,4410.60009765625,4434.10009765625,4406.7998046875,4422.60009765625,11209
2026-08-18 15:30:00+00:00,4420.2001953125,4421.89990234375,4409.7998046875,4410.2001953125,5438
2026-08-18 16:00:00+00:00,4419.39990234375,4427.0,4418.7001953125,4420.2998046875,2699
2026-08-18 16:30:00+00:00,4419.0,4424.10009765625,4417.7998046875,4419.7001953125,2161
2026-08-18 17:00:00+00:00,4420.7998046875,4423.7998046875,4418.39990234375,4419.10009765625,2469
2026-08-18 17:30:00+00:00,4413.2001953125,4421.7998046875,4412.39990234375,4421.0,2258
2026-08-18 18:00:00+00:00,4415.39990234375,4416.5,4408.0,4413.60009765625,2411
2026-08-18 18:30:00+00:00,4409.39990234375,4415.7998046875,4407.89990234375,4415.60009765625,1501
2026-08-18 19:00:00+00:00,4409.5,4413.7001953125,4407.5,4409.5,1753
2026-08-18 19:30:00+00:00,4400.0,4412.39990234375,4392.2998046875,4409.7998046875,5331
2026-08-18 20:00:00+00:00,4392.7998046875,4401.2001953125,4388.0,4400.10009765625,1546
2026-08-18 20:30:00+00:00,4389.5,4394.60009765625,4383.2998046875,4392.7998046875,1573
2026-08-18 22:00:00+00:00,4389.39990234375,4395.2998046875,4386.5,4391.39990234375,1804
2026-08-18 22:30:00+00:00,4386.7998046875,4389.7998046875,4385.7998046875,4389.2998046875,1017
2026-08-18 23:00:00+00:00,4383.10009765625,4391.5,4382.5,4387.2001953125,1638
2026-08-18 23:30:00+00:00,4386.0,4387.0,4379.60009765625,4382.89990234375,1716
2026-08-19 00:00:00+00:00,4396.2998046875,4399.39990234375,4384.60009765625,4386.10009765625,2670
2026-08-19 00:30:00+00:00,4391.7998046875,4401.0,4390.7001953125,4396.39990234375,2104
2026-08-19 01:00:00+00:00,4396.10009765625,4400.0,4378.0,4391.5,5722
2026-08-19 01:30:00+00:00,4410.2001953125,4411.10009765625,4396.2001953125,4396.2998046875,3164
2026-08-19 02:00:00+00:00,4413.39990234375,4415.7998046875,4405.0,4410.0,2935
2026-08-19 02:30:00+00:00,4408.5,4413.89990234375,4405.0,4413.39990234375,2061
2026-08-19 03:00:00+00:00,4410.7998046875,4411.7998046875,4405.2998046875,4408.39990234375,1240
2026-08-19 03:30:00+00:00,4409.0,4414.10009765625,4409.0,4411.10009765625,702
2026-08-19 04:00:00+00:00,4404.2001953125,4409.60009765625,4403.2001953125,4408.89990234375,1115
2026-08-19 04:30:00+00:00,4401.7998046875,4405.2998046875,4396.5,4404.7998046875,1607
2026-08-19 05:00:00+00:00,4398.89990234375,4404.2001953125,4390.10009765625,4401.7001953125,1913
2026-08-19 05:30:00+00:00,4389.0,4399.2998046875,4388.2001953125,4399.10009765625,3021
2026-08-19 06:00:00+00:00,4396.2998046875,4401.89990234375,4388.7001953125,4389.0,3030
2026-08-19 06:30:00+00:00,4402.7998046875,4403.10009765625,4390.7998046875,4396.60009765625,2566
2026-08-19 07:00:00+00:00,4410.5,4410.7998046875,4401.10009765625,4402.7998046875,2840
2026-08-19 07:30:00+00:00,4408.2998046875,4417.2001953125,4406.5,4410.39990234375,2093
2026-08-19 08:00:00+00:00,4414.60009765625,4416.39990234375,4404.7998046875,4408.39990234375,2567
2026-08-19 08:30:00+00:00,4409.7001953125,4417.2001953125,4408.7001953125,4414.2998046875,1646
2026-08-19 09:00:00+00:00,4410.60009765625,4413.89990234375,4407.39990234375,4409.7001953125,1548
2026-08-19 09:30:00+00:00,4416.39990234375,4416.39990234375,4409.5,4410.7001953125,1481
2026-08-19 10:00:00+00:00,4423.2001953125,4423.7998046875,4413.7998046875,4416.5,2117
2026-08-19 10:30:00+00:00,4422.2001953125,4424.10009765625,4420.39990234375,4423.39990234375,1166
2026-08-19 11:00:00+00:00,4425.7998046875,4429.10009765625,4422.2001953125,4422.39990234375,2015
2026-08-19 11:30:00+00:00,4419.10009765625,4426.5,4417.7001953125,4425.89990234375,2040
2026-08-19 12:00:00+00:00,4424.10009765625,4428.39990234375,4417.0,4419.7001953125,3266
2026-08-19 12:30:00+00:00,4496.2998046875,4499.7998046875,4423.39990234375,4424.2998046875,32791
2026-08-19 13:00:00+00:00,4516.0,4521.7998046875,4480.7998046875,4496.2998046875,23900
2026-08-19 13:30:00+00:00,4517.7998046875,4524.0,4500.7998046875,4516.2001953125,18349
2026-08-19 14:00:00+00:00,4544.2998046875,4546.2998046875,4513.5,4518.0,17477
2026-08-19 14:30:00+00:00,4546.7998046875,4557.60009765625,4536.89990234375,4544.39990234375,18221
2026-08-19 15:00:00+00:00,4542.0,4547.0,4536.5,4547.0,8798
2026-08-19 15:30:00+00:00,4552.2001953125,4552.7998046875,4538.5,4541.89990234375,6098
2026-08-19 16:00:00+00:00,4548.7001953125,4557.5,4548.5,4552.2001953125,6311
2026-08-19 16:30:00+00:00,4551.0,4555.7001953125,4548.39990234375,4549.10009765625,3081
2026-08-19 17:00:00+00:00,4545.7998046875,4557.0,4544.0,4551.0,7283
2026-08-19 17:30:00+00:00,4545.0,4549.2001953125,4541.89990234375,4545.89990234375,2416
2026-08-19 18:00:00+00:00,4533.7998046875,4554.60009765625,4531.10009765625,4544.89990234375,7893
2026-08-19 18:30:00+00:00,4553.2998046875,4556.0,4530.39990234375,4533.89990234375,8551
2026-08-19 19:00:00+00:00,4565.10009765625,4566.0,4552.2998046875,4553.2998046875,5448
2026-08-19 19:30:00+00:00,4568.0,4569.60009765625,4559.10009765625,4565.2001953125,5101
2026-08-19 20:00:00+00:00,4576.7001953125,4580.2998046875,4562.7998046875,4568.39990234375,4372
2026-08-19 20:30:00+00:00,4580.7001953125,4582.7998046875,4576.2001953125,4576.7001953125,1919
2026-08-19 22:00:00+00:00,4578.0,4583.7998046875,4576.2001953125,4580.0,827
2026-08-19 22:30:00+00:00,4575.89990234375,4579.2001953125,4573.5,4577.7001953125,1258
2026-08-19 23:00:00+00:00,4574.7998046875,4581.2001953125,4572.2998046875,4576.39990234375,1306
2026-08-19 23:30:00+00:00,4569.2001953125,4575.5,4568.39990234375,4575.10009765625,1248
2026-08-20 00:00:00+00:00,4567.7998046875,4578.60009765625,4565.7998046875,4568.7001953125,1910
2026-08-20 00:30:00+00:00,4562.0,4570.39990234375,4560.2001953125,4566.7998046875,2353
2026-08-20 01:00:00+00:00,4558.2998046875,4567.89990234375,4549.39990234375,4562.2998046875,5231
2026-08-20 01:30:00+00:00,4547.39990234375,4559.0,4542.10009765625,4558.0,3507
2026-08-20 02:00:00+00:00,4550.60009765625,4557.60009765625,4546.10009765625,4547.2998046875,2764
2026-08-20 02:30:00+00:00,4548.10009765625,4552.10009765625,4546.5,4550.10009765625,1631
2026-08-20 03:00:00+00:00,4551.10009765625,4554.5,4545.7001953125,4548.2001953125,1587
2026-08-20 03:30:00+00:00,4555.7001953125,4558.7998046875,4550.0,4550.7998046875,1445
2026-08-20 04:00:00+00:00,4547.39990234375,4556.60009765625,4547.10009765625,4556.39990234375,1668
2026-08-20 04:30:00+00:00,4546.10009765625,4549.10009765625,4543.39990234375,4547.2001953125,1287
2026-08-20 05:00:00+00:00,4540.5,4551.39990234375,4540.0,4546.0,1718
2026-08-20 05:30:00+00:00,4538.5,4543.10009765625,4534.7998046875,4540.0,2088
2026-08-20 06:00:00+00:00,4551.2998046875,4553.5,4537.2001953125,4538.60009765625,3730
2026-08-20 06:30:00+00:00,4550.7998046875,4553.0,4548.5,4551.2998046875,2294
2026-08-20 07:00:00+00:00,4540.5,4551.0,4540.10009765625,4550.60009765625,2336
2026-08-20 07:30:00+00:00,4547.60009765625,4552.7001953125,4540.10009765625,4540.7998046875,2537
2026-08-20 08:00:00+00:00,4548.60009765625,4555.89990234375,4547.0,4547.89990234375,3233
2026-08-20 08:30:00+00:00,4546.10009765625,4552.39990234375,4543.89990234375,4548.10009765625,2297
2026-08-20 09:00:00+00:00,4546.7998046875,4551.0,4544.7001953125,4546.2001953125,1816
2026-08-20 09:30:00+00:00,4538.89990234375,4547.2001953125,4538.2001953125,4546.60009765625,2744
2026-08-20 10:00:00+00:00,4550.2001953125,4550.5,4537.0,4539.10009765625,2629
2026-08-20 10:30:00+00:00,4546.39990234375,4552.5,4543.7998046875,4550.2998046875,1542
2026-08-20 11:00:00+00:00,4540.7998046875,4547.89990234375,4537.60009765625,4546.7001953125,3621
2026-08-20 11:30:00+00:00,4523.10009765625,4543.2001953125,4521.2001953125,4541.10009765625,7048
2026-08-20 12:00:00+00:00,4514.2998046875,4523.39990234375,4506.2001953125,4523.2998046875,10142
2026-08-20 12:30:00+00:00,4529.7001953125,4532.2998046875,4506.0,4514.89990234375,7381
2026-08-20 13:00:00+00:00,4526.7001953125,4539.60009765625,4525.0,4529.7998046875,5715
2026-08-20 13:30:00+00:00,4537.0,4544.39990234375,4524.10009765625,4526.7998046875,10236
2026-08-20 14:00:00+00:00,4547.39990234375,4549.89990234375,4535.7998046875,4536.7998046875,9317
2026-08-20 14:30:00+00:00,4571.7001953125,4572.0,4547.5,4547.60009765625,9642
2026-08-20 15:00:00+00:00,4588.60009765625,4597.10009765625,4570.7001953125,4571.7998046875,23396
2026-08-20 15:30:00+00:00,4577.2998046875,4590.0,4563.5,4588.39990234375,9406
2026-08-20 16:00:00+00:00,4565.60009765625,4580.7001953125,4561.39990234375,4577.5,4194
2026-08-20 16:30:00+00:00,4566.7001953125,4570.60009765625,4559.2001953125,4565.89990234375,4280
2026-08-20 17:00:00+00:00,4569.60009765625,4573.39990234375,4564.10009765625,4566.7001953125,4678
2026-08-20 17:30:00+00:00,4576.0,4576.89990234375,4567.2998046875,4569.60009765625,2018
2026-08-20 18:00:00+00:00,4575.89990234375,4578.7998046875,4564.7001953125,4576.0,3274
2026-08-20 18:30:00+00:00,4578.5,4581.7001953125,4574.10009765625,4575.2998046875,2266
2026-08-20 19:00:00+00:00,4579.2001953125,4585.89990234375,4574.7001953125,4578.2998046875,1833
2026-08-20 19:30:00+00:00,4584.89990234375,4588.0,4578.2001953125,4579.0,2358
2026-08-20 20:00:00+00:00,4577.10009765625,4585.2001953125,4576.7001953125,4584.5,1087
2026-08-20 20:30:00+00:00,4575.10009765625,4577.2998046875,4573.0,4577.10009765625,939
2026-08-20 22:00:00+00:00,4575.39990234375,4577.7001953125,4571.0,4577.0,606
2026-08-20 22:30:00+00:00,4580.2001953125,4580.2001953125,4574.39990234375,4575.60009765625,1296
2026-08-20 23:00:00+00:00,4583.2001953125,4589.0,4578.5,4579.89990234375,2345
2026-08-20 23:30:00+00:00,4582.2001953125,4584.5,4577.10009765625,4582.89990234375,1095
2026-08-21 00:00:00+00:00,4571.39990234375,4583.7001953125,4570.39990234375,4582.2998046875,1660
2026-08-21 00:30:00+00:00,4567.2001953125,4573.89990234375,4566.2998046875,4571.89990234375,1466
2026-08-21 01:00:00+00:00,4586.39990234375,4587.2998046875,4565.5,4567.2001953125,3006
2026-08-21 01:30:00+00:00,4587.0,4600.2998046875,4579.7998046875,4585.89990234375,4135
2026-08-21 02:00:00+00:00,4583.2998046875,4587.5,4574.0,4586.7998046875,3000
2026-08-21 02:30:00+00:00,4590.0,4599.2001953125,4581.2998046875,4583.89990234375,2560
2026-08-21 03:00:00+00:00,4585.89990234375,4594.7001953125,4585.7001953125,4590.0,1208
2026-08-21 03:30:00+00:00,4590.89990234375,4591.7998046875,4582.60009765625,4585.89990234375,1257
2026-08-21 04:00:00+00:00,4603.2001953125,4603.89990234375,4591.2001953125,4591.5,2667
2026-08-21 04:30:00+00:00,4596.7998046875,4604.39990234375,4596.2998046875,4603.39990234375,1366
2026-08-21 05:00:00+00:00,4586.7001953125,4596.89990234375,4586.7001953125,4596.39990234375,2158
2026-08-21 05:30:00+00:00,4610.10009765625,4612.39990234375,4585.39990234375,4586.5,3750
2026-08-21 06:00:00+00:00,4612.2001953125,4615.10009765625,4601.7998046875,4609.89990234375,4114
2026-08-21 06:30:00+00:00,4617.89990234375,4624.7001953125,4611.2998046875,4612.0,5018
2026-08-21 07:00:00+00:00,4618.60009765625,4624.7998046875,4615.39990234375,4617.7998046875,3523
2026-08-21 07:30:00+00:00,4621.0,4625.0,4617.0,4618.5,2367
2026-08-21 08:00:00+00:00,4636.7001953125,4638.89990234375,4615.7998046875,4621.39990234375,6288
2026-08-21 08:30:00+00:00,4641.0,4642.0,4633.5,4636.7001953125,4050
2026-08-21 09:00:00+00:00,4639.60009765625,4659.39990234375,4638.2998046875,4641.10009765625,9578
2026-08-21 09:30:00+00:00,4639.7001953125,4644.2998046875,4637.60009765625,4639.2998046875,4258
2026-08-21 10:00:00+00:00,4645.60009765625,4646.39990234375,4634.5,4639.39990234375,4595
2026-08-21 10:30:00+00:00,4645.7998046875,4651.60009765625,4642.7001953125,4645.7998046875,2686
2026-08-21 11:00:00+00:00,4655.7001953125,4659.2998046875,4644.2998046875,4645.5,3879
2026-08-21 11:30:00+00:00,4654.39990234375,4661.7001953125,4650.2998046875,4655.89990234375,4071
2026-08-21 12:00:00+00:00,4642.2001953125,4659.10009765625,4638.0,4654.7001953125,8080
2026-08-21 12:30:00+00:00,4634.7001953125,4642.0,4620.5,4642.0,10110
2026-08-21 13:00:00+00:00,4641.10009765625,4644.7001953125,4632.5,4634.60009765625,4784
2026-08-21 13:30:00+00:00,4638.2998046875,4650.2001953125,4630.0,4640.89990234375,10276
2026-08-21 14:00:00+00:00,4659.5,4659.7998046875,4637.0,4638.10009765625,8074
2026-08-21 14:30:00+00:00,4648.10009765625,4660.2001953125,4636.5,4659.7001953125,9802
2026-08-21 15:00:00+00:00,4660.2998046875,4665.5,4644.10009765625,4648.5,7257
2026-08-21 15:30:00+00:00,4672.0,4673.0,4657.0,4660.2998046875,6123
2026-08-21 16:00:00+00:00,4671.60009765625,4678.39990234375,4666.2998046875,4672.10009765625,5237
2026-08-21 16:30:00+00:00,4686.60009765625,4687.2001953125,4669.7998046875,4671.7001953125,5548
2026-08-21 17:00:00+00:00,4680.10009765625,4690.39990234375,4673.39990234375,4686.7001953125,10573
2026-08-21 17:30:00+00:00,4678.7001953125,4683.10009765625,4675.10009765625,4680.39990234375,4124
2026-08-21 18:00:00+00:00,4683.5,4686.10009765625,4678.60009765625,4679.0,1906
2026-08-21 18:30:00+00:00,4681.7998046875,4684.0,4677.5,4683.2998046875,3049
2026-08-21 19:00:00+00:00,4675.60009765625,4683.10009765625,4675.2998046875,4682.10009765625,2110
2026-08-21 19:30:00+00:00,4674.7001953125,4680.60009765625,4673.0,4675.5,2558
2026-08-21 20:00:00+00:00,4668.0,4675.39990234375,4667.60009765625,4674.60009765625,1185
2026-08-21 20:30:00+00:00,4680.60009765625,4680.60009765625,4661.0,4668.0,1395
2026-08-23 22:00:00+00:00,4671.60009765625,4679.10009765625,4670.2001953125,4675.39990234375,954
2026-08-23 22:30:00+00:00,4663.10009765625,4674.2001953125,4663.0,4671.10009765625,1108
2026-08-23 23:00:00+00:00,4672.60009765625,4673.89990234375,4661.89990234375,4663.5,1368
2026-08-23 23:30:00+00:00,4681.60009765625,4682.0,4664.7998046875,4672.39990234375,2180
2026-08-24 00:00:00+00:00,4661.60009765625,4698.60009765625,4651.7998046875,4681.60009765625,6517
2026-08-24 00:30:00+00:00,4678.7998046875,4680.2998046875,4658.2001953125,4661.60009765625,3076
2026-08-24 01:00:00+00:00,4671.39990234375,4692.0,4667.89990234375,4679.0,4758
2026-08-24 01:30:00+00:00,4688.60009765625,4694.2998046875,4664.60009765625,4671.5,4144
2026-08-24 02:00:00+00:00,4712.2998046875,4712.39990234375,4684.39990234375,4688.7001953125,5193
2026-08-24 02:30:00+00:00,4700.39990234375,4713.7998046875,4684.2998046875,4712.39990234375,4790
2026-08-24 03:00:00+00:00,4700.5,4705.10009765625,4690.0,4700.39990234375,2006
2026-08-24 03:30:00+00:00,4698.2001953125,4707.0,4696.7998046875,4700.60009765625,1499
2026-08-24 04:00:00+00:00,4696.60009765625,4699.0,4688.89990234375,4698.2001953125,1662
2026-08-24 04:30:00+00:00,4695.2001953125,4697.0,4689.10009765625,4696.60009765625,738
2026-08-24 05:00:00+00:00,4692.2001953125,4702.5,4692.2001953125,4695.7998046875,1385
2026-08-24 05:30:00+00:00,4697.2998046875,4699.2998046875,4685.5,4692.0,2683
2026-08-24 06:00:00+00:00,4698.7001953125,4716.7001953125,4695.7998046875,4697.5,5307
2026-08-24 06:30:00+00:00,4706.7001953125,4710.10009765625,4698.39990234375,4699.2998046875,3022
2026-08-24 07:00:00+00:00,4699.0,4711.0,4698.0,4706.39990234375,2398
2026-08-24 07:30:00+00:00,4697.39990234375,4704.0,4686.0,4698.39990234375,4896
2026-08-24 08:00:00+00:00,4684.7998046875,4702.0,4684.7998046875,4697.7998046875,4117
2026-08-24 08:30:00+00:00,4693.5,4702.0,4684.2001953125,4685.0,3350
2026-08-24 09:00:00+00:00,4691.39990234375,4700.2998046875,4690.2998046875,4693.7001953125,3854
2026-08-24 09:30:00+00:00,4702.39990234375,4702.7001953125,4688.7998046875,4691.60009765625,3781
2026-08-24 10:00:00+00:00,4700.7001953125,4707.0,4699.2001953125,4702.39990234375,2988
2026-08-24 10:30:00+00:00,4700.2998046875,4706.39990234375,4698.60009765625,4700.39990234375,2464
2026-08-24 11:00:00+00:00,4704.0,4705.39990234375,4696.2001953125,4700.10009765625,2768
2026-08-24 11:30:00+00:00,4715.0,4728.2998046875,4700.89990234375,4704.10009765625,11156
2026-08-24 12:00:00+00:00,4719.39990234375,4720.5,4707.39990234375,4715.2001953125,4243
2026-08-24 12:30:00+00:00,4720.7001953125,4726.89990234375,4702.0,4719.39990234375,6440
2026-08-24 13:00:00+00:00,4730.10009765625,4735.89990234375,4719.2998046875,4720.89990234375,6456
2026-08-24 13:30:00+00:00,4721.7998046875,4738.5,4713.2998046875,4730.10009765625,12301
2026-08-24 14:00:00+00:00,4729.0,4732.2001953125,4712.0,4721.5,7986
2026-08-24 14:30:00+00:00,4727.60009765625,4736.10009765625,4714.0,4729.10009765625,7983
2026-08-24 15:00:00+00:00,4733.0,4737.0,4722.60009765625,4727.7998046875,5537
2026-08-24 15:30:00+00:00,4706.0,4735.2001953125,4696.5,4733.10009765625,12576
2026-08-24 16:00:00+00:00,4716.2001953125,4719.0,4703.10009765625,4706.0,5846
2026-08-24 16:30:00+00:00,4701.89990234375,4719.60009765625,4697.89990234375,4716.2001953125,4677
2026-08-24 17:00:00+00:00,4695.0,4712.7001953125,4686.60009765625,4702.10009765625,11190
2026-08-24 17:30:00+00:00,4693.2998046875,4699.2001953125,4689.2998046875,4695.10009765625,4236
2026-08-24 18:00:00+00:00,4697.2998046875,4699.0,4681.2001953125,4693.0,6695
2026-08-24 18:30:00+00:00,4693.0,4698.7001953125,4681.39990234375,4697.2001953125,2944
2026-08-24 19:00:00+00:00,4697.7001953125,4701.2001953125,4692.2001953125,4692.7001953125,1695
2026-08-24 19:30:00+00:00,4707.5,4712.10009765625,4696.2001953125,4697.60009765625,2851
2026-08-24 20:00:00+00:00,4705.2998046875,4711.5,4705.0,4707.89990234375,2344
2026-08-24 20:30:00+00:00,4710.0,4710.0,4703.39990234375,4705.60009765625,978
2026-08-24 22:00:00+00:00,4714.2001953125,4718.0,4708.39990234375,4710.10009765625,479
2026-08-24 22:30:00+00:00,4724.5,4725.60009765625,4714.0,4714.89990234375,972
2026-08-24 23:00:00+00:00,4726.0,4733.7001953125,4723.0,4724.60009765625,1594
2026-08-24 23:30:00+00:00,4737.2001953125,4740.60009765625,4724.5,4726.10009765625,2631
2026-08-25 00:00:00+00:00,4739.7998046875,4749.0,4732.7001953125,4737.2998046875,4180
2026-08-25 00:30:00+00:00,4741.0,4755.0,4739.10009765625,4740.0,3817
2026-08-25 01:00:00+00:00,4726.0,4743.2998046875,4720.60009765625,4740.7998046875,5309
2026-08-25 01:30:00+00:00,4714.7001953125,4732.5,4713.2001953125,4726.60009765625,4597
2026-08-25 02:00:00+00:00,4712.7998046875,4718.2998046875,4694.2001953125,4714.5,5498
2026-08-25 02:30:00+00:00,4685.5,4712.89990234375,4670.5,4712.5,8604
2026-08-25 03:00:00+00:00,4693.89990234375,4694.10009765625,4678.10009765625,4685.7001953125,3210
2026-08-25 03:30:00+00:00,4688.2998046875,4697.7001953125,4687.2001953125,4693.0,1688
2026-08-25 04:00:00+00:00,4686.7001953125,4693.5,4684.60009765625,4689.39990234375,1172
2026-08-25 04:30:00+00:00,4681.10009765625,4688.2998046875,4679.5,4686.60009765625,1673
2026-08-25 05:00:00+00:00,4702.39990234375,4704.0,4679.2998046875,4681.2998046875,3606
2026-08-25 05:30:00+00:00,4698.5,4703.2998046875,4691.7001953125,4702.5,2854
2026-08-25 06:00:00+00:00,4706.2998046875,4709.60009765625,4697.0,4698.39990234375,2694
2026-08-25 06:30:00+00:00,4694.60009765625,4709.60009765625,4693.0,4706.2001953125,2211
2026-08-25 07:00:00+00:00,4691.10009765625,4700.2998046875,4690.5,4695.0,2546
2026-08-25 07:30:00+00:00,4686.10009765625,4697.2001953125,4685.7998046875,4691.10009765625,3188
2026-08-25 08:00:00+00:00,4689.10009765625,4702.0,4676.2998046875,4686.10009765625,4790
2026-08-25 08:30:00+00:00,4685.7001953125,4691.5,4680.89990234375,4689.10009765625,2826
2026-08-25 09:00:00+00:00,4681.7001953125,4689.10009765625,4680.2998046875,4685.7001953125,1819
2026-08-25 09:30:00+00:00,4691.7001953125,4698.10009765625,4679.5,4681.7998046875,4461
2026-08-25 10:00:00+00:00,4689.39990234375,4694.2998046875,4688.5,4691.60009765625,1686
2026-08-25 10:30:00+00:00,4695.0,4698.2001953125,4688.10009765625,4689.39990234375,1544
2026-08-25 11:00:00+00:00,4697.2001953125,4700.2001953125,4691.89990234375,4694.7998046875,2558
2026-08-25 11:30:00+00:00,4698.39990234375,4703.5,4696.2001953125,4697.10009765625,2366
2026-08-25 12:00:00+00:00,4692.7998046875,4698.89990234375,4687.2998046875,4698.7001953125,5571
2026-08-25 12:30:00+00:00,4695.7001953125,4699.60009765625,4685.2998046875,4692.7001953125,3320
2026-08-25 13:00:00+00:00,4664.7001953125,4696.60009765625,4663.39990234375,4696.2998046875,9398
2026-08-25 13:30:00+00:00,4671.39990234375,4678.7001953125,4659.5,4665.10009765625,9295
2026-08-25 14:00:00+00:00,4679.7998046875,4684.5,4668.7998046875,4671.2998046875,8723
2026-08-25 14:30:00+00:00,4691.60009765625,4696.0,4667.2998046875,4679.7001953125,8190
2026-08-25 15:00:00+00:00,4695.7998046875,4701.0,4685.10009765625,4691.7998046875,4769
2026-08-25 15:30:00+00:00,4709.5,4716.39990234375,4696.0,4696.0,9035
2026-08-25 16:00:00+00:00,4698.0,4710.2001953125,4694.60009765625,4709.60009765625,5615
2026-08-25 16:30:00+00:00,4700.7998046875,4703.7998046875,4694.2998046875,4697.7998046875,3669
2026-08-25 17:00:00+00:00,4694.2001953125,4702.39990234375,4691.2998046875,4700.60009765625,5055
2026-08-25 17:30:00+00:00,4705.7998046875,4705.7998046875,4693.5,4694.2001953125,2411
2026-08-25 18:00:00+00:00,4706.7998046875,4707.60009765625,4701.7001953125,4705.7998046875,1954
2026-08-25 18:30:00+00:00,4711.39990234375,4711.7998046875,4702.7001953125,4707.0,1749
2026-08-25 19:00:00+00:00,4717.89990234375,4725.60009765625,4710.39990234375,4711.39990234375,3842
2026-08-25 19:30:00+00:00,4723.39990234375,4724.2998046875,4714.7001953125,4718.0,3446
2026-08-25 20:00:00+00:00,4719.5,4726.0,4719.0,4723.2998046875,1879
2026-08-25 20:30:00+00:00,4715.89990234375,4721.2001953125,4714.10009765625,4719.7001953125,1085
2026-08-25 22:00:00+00:00,4723.89990234375,4724.2998046875,4712.10009765625,4715.7001953125,711
2026-08-25 22:30:00+00:00,4729.7001953125,4730.89990234375,4723.7998046875,4723.7998046875,1023
2026-08-25 23:00:00+00:00,4718.2998046875,4730.60009765625,4717.5,4729.7001953125,1193
2026-08-25 23:30:00+00:00,4712.10009765625,4718.7998046875,4710.2998046875,4718.5,1394
2026-08-26 00:00:00+00:00,4703.7001953125,4715.2001953125,4700.10009765625,4711.89990234375,2045
2026-08-26 00:30:00+00:00,4694.2001953125,4707.2001953125,4691.10009765625,4704.2001953125,2873
2026-08-26 01:00:00+00:00,4700.2998046875,4707.10009765625,4686.2001953125,4694.60009765625,4254
2026-08-26 01:30:00+00:00,4713.7998046875,4717.7001953125,4695.60009765625,4700.2998046875,3234
2026-08-26 02:00:00+00:00,4715.5,4718.7001953125,4711.60009765625,4713.60009765625,1815
2026-08-26 02:30:00+00:00,4715.2001953125,4728.0,4714.5,4715.39990234375,2714
2026-08-26 03:00:00+00:00,4707.2998046875,4715.89990234375,4702.39990234375,4715.39990234375,2534
2026-08-26 03:30:00+00:00,4701.10009765625,4708.39990234375,4699.60009765625,4707.2001953125,1319
2026-08-26 04:00:00+00:00,4699.2001953125,4701.2001953125,4698.2001953125,4699.7998046875,789
2026-08-26 04:30:00+00:00,4697.60009765625,4700.39990234375,4695.7001953125,4699.39990234375,1109
2026-08-26 05:00:00+00:00,4700.2001953125,4702.7998046875,4697.2998046875,4697.5,1316
2026-08-26 05:30:00+00:00,4696.2998046875,4706.2998046875,4692.2001953125,4700.39990234375,2139
2026-08-26 06:00:00+00:00,4683.39990234375,4698.0,4681.10009765625,4696.2001953125,2452
2026-08-26 06:30:00+00:00,4690.60009765625,4693.2998046875,4682.60009765625,4683.39990234375,2192
2026-08-26 07:00:00+00:00,4687.5,4695.7001953125,4686.89990234375,4690.60009765625,1958
2026-08-26 07:30:00+00:00,4685.10009765625,4693.0,4682.60009765625,4687.60009765625,2093
2026-08-26 08:00:00+00:00,4684.89990234375,4686.7001953125,4677.2998046875,4684.89990234375,2327
2026-08-26 08:30:00+00:00,4683.7001953125,4686.39990234375,4680.60009765625,4685.2001953125,1328
2026-08-26 09:00:00+00:00,4672.39990234375,4687.0,4671.2998046875,4684.0,3957
2026-08-26 09:30:00+00:00,4679.5,4681.60009765625,4672.0,4672.10009765625,1711
2026-08-26 10:00:00+00:00,4670.7998046875,4680.0,4668.7998046875,4679.60009765625,2174
2026-08-26 10:30:00+00:00,4675.89990234375,4680.10009765625,4670.7001953125,4671.2001953125,1548
2026-08-26 11:00:00+00:00,4676.0,4678.7998046875,4672.10009765625,4676.2998046875,2351
2026-08-26 11:30:00+00:00,4680.2998046875,4681.0,4672.39990234375,4676.39990234375,1704
2026-08-26 12:00:00+00:00,4686.60009765625,4686.60009765625,4679.39990234375,4680.60009765625,3957
2026-08-26 12:30:00+00:00,4669.5,4690.0,4666.0,4686.60009765625,9190
2026-08-26 13:00:00+00:00,4666.5,4676.89990234375,4653.2998046875,4670.0,11425
2026-08-26 13:30:00+00:00,4686.60009765625,4687.0,4665.5,4666.7001953125,8744
2026-08-26 14:00:00+00:00,4672.5,4688.60009765625,4672.0,4686.7001953125,5729
2026-08-26 14:30:00+00:00,4658.2001953125,4678.89990234375,4658.0,4672.39990234375,6730
2026-08-26 15:00:00+00:00,4650.39990234375,4660.7998046875,4638.2001953125,4658.5,13414
2026-08-26 15:30:00+00:00,4651.39990234375,4664.60009765625,4649.89990234375,4650.0,5606
2026-08-26 16:00:00+00:00,4649.89990234375,4656.7998046875,4645.89990234375,4651.60009765625,7134
2026-08-26 16:30:00+00:00,4647.10009765625,4652.5,4640.7998046875,4650.2001953125,4602
2026-08-26 17:00:00+00:00,4653.39990234375,4654.2998046875,4645.89990234375,4647.10009765625,3601
2026-08-26 17:30:00+00:00,4653.2001953125,4657.60009765625,4649.39990234375,4653.2001953125,2537
2026-08-26 18:00:00+00:00,4650.2001953125,4660.2998046875,4648.0,4653.10009765625,2949
2026-08-26 18:30:00+00:00,4648.5,4653.0,4647.5,4649.89990234375,1843
2026-08-26 19:00:00+00:00,4653.10009765625,4653.7001953125,4645.7001953125,4648.7998046875,1616
2026-08-26 19:30:00+00:00,4648.89990234375,4656.2998046875,4647.0,4653.2001953125,1892
2026-08-26 20:00:00+00:00,4645.89990234375,4651.39990234375,4638.60009765625,4649.0,1238
2026-08-26 20:30:00+00:00,4647.7998046875,4649.7001953125,4645.0,4645.7998046875,500
2026-08-26 22:00:00+00:00,4665.10009765625,4667.7001953125,4648.10009765625,4650.0,1180
2026-08-26 22:30:00+00:00,4663.2998046875,4666.2001953125,4660.7001953125,4665.2001953125,1039
2026-08-26 23:00:00+00:00,4673.7001953125,4676.10009765625,4660.89990234375,4663.2001953125,1998
2026-08-26 23:30:00+00:00,4677.5,4678.89990234375,4672.0,4674.10009765625,1634
2026-08-27 00:00:00+00:00,4673.10009765625,4681.0,4667.39990234375,4677.89990234375,1872
2026-08-27 00:30:00+00:00,4659.2001953125,4673.0,4654.5,4673.0,2954
2026-08-27 01:00:00+00:00,4672.7998046875,4679.5,4656.2001953125,4658.89990234375,3260
2026-08-27 01:30:00+00:00,4694.60009765625,4695.39990234375,4672.39990234375,4672.7001953125,4219
2026-08-27 02:00:00+00:00,4687.89990234375,4697.7001953125,4687.39990234375,4694.60009765625,2683
2026-08-27 02:30:00+00:00,4683.7001953125,4688.39990234375,4678.10009765625,4687.7998046875,2731
2026-08-27 03:00:00+00:00,4690.0,4693.10009765625,4682.89990234375,4683.7998046875,1257
2026-08-27 03:30:00+00:00,4679.0,4690.2998046875,4678.7998046875,4690.0,1045
2026-08-27 04:00:00+00:00,4675.0,4681.7998046875,4675.0,4679.7001953125,1011
2026-08-27 04:30:00+00:00,4673.0,4675.2998046875,4671.39990234375,4674.89990234375,1323
2026-08-27 05:00:00+00:00,4671.2001953125,4675.7998046875,4670.60009765625,4673.2998046875,1283
2026-08-27 05:30:00+00:00,4661.2001953125,4673.89990234375,4655.0,4671.10009765625,4734
2026-08-27 06:00:00+00:00,4664.2001953125,4664.2001953125,4653.2998046875,4661.0,4068
2026-08-27 06:30:00+00:00,4654.2998046875,4665.7001953125,4651.7001953125,4664.39990234375,2818
2026-08-27 07:00:00+00:00,4653.2998046875,4659.7001953125,4647.2001953125,4654.2998046875,3259
2026-08-27 07:30:00+00:00,4653.39990234375,4656.2998046875,4648.7001953125,4653.39990234375,1686
2026-08-27 08:00:00+00:00,4654.7001953125,4660.5,4653.2001953125,4654.0,1870
2026-08-27 08:30:00+00:00,4652.2998046875,4655.5,4647.89990234375,4654.5,1685
2026-08-27 09:00:00+00:00,4650.7001953125,4653.7998046875,4646.60009765625,4652.2998046875,2606
2026-08-27 09:30:00+00:00,4633.2001953125,4652.10009765625,4631.0,4650.89990234375,6340
2026-08-27 10:00:00+00:00,4633.2001953125,4636.2001953125,4618.89990234375,4632.89990234375,5269
2026-08-27 10:30:00+00:00,4643.0,4643.60009765625,4628.89990234375,4632.89990234375,2347
2026-08-27 11:00:00+00:00,4647.39990234375,4650.2001953125,4640.2001953125,4643.10009765625,2280
2026-08-27 11:30:00+00:00,4652.2998046875,4653.7001953125,4647.10009765625,4647.89990234375,4589
2026-08-27 12:00:00+00:00,4650.0,4654.7001953125,4645.0,4652.0,3988
2026-08-27 12:30:00+00:00,4639.2998046875,4651.0,4633.7001953125,4650.60009765625,4117
2026-08-27 13:00:00+00:00,4643.10009765625,4646.39990234375,4633.0,4639.2001953125,4341
2026-08-27 13:30:00+00:00,4625.89990234375,4646.0,4616.0,4643.0,9782
2026-08-27 14:00:00+00:00,4634.60009765625,4637.89990234375,4621.7001953125,4625.60009765625,6936
2026-08-27 14:30:00+00:00,4645.10009765625,4652.0,4634.39990234375,4634.39990234375,6833
2026-08-27 15:00:00+00:00,4646.89990234375,4651.89990234375,4642.7001953125,4645.0,2681
2026-08-27 15:30:00+00:00,4664.5,4665.5,4646.10009765625,4646.89990234375,5216
2026-08-27 16:00:00+00:00,4662.0,4666.89990234375,4656.5,4664.7001953125,2841
2026-08-27 16:30:00+00:00,4669.2998046875,4670.89990234375,4660.0,4661.7998046875,3730
2026-08-27 17:00:00+00:00,4664.2998046875,4670.7001953125,4662.5,4669.2001953125,2650
2026-08-27 17:30:00+00:00,4660.39990234375,4668.39990234375,4659.10009765625,4664.5,2183
2026-08-27 18:00:00+00:00,4655.2998046875,4662.10009765625,4655.2001953125,4660.60009765625,1892
2026-08-27 18:30:00+00:00,4664.2998046875,4665.2001953125,4654.7001953125,4655.2998046875,1469
2026-08-27 19:00:00+00:00,4660.0,4672.39990234375,4658.2998046875,4664.7001953125,2388
2026-08-27 19:30:00+00:00,4662.7001953125,4666.39990234375,4658.60009765625,4659.7998046875,1539
2026-08-27 20:00:00+00:00,4657.2998046875,4663.60009765625,4656.60009765625,4662.7998046875,585
2026-08-27 20:30:00+00:00,4654.7998046875,4658.60009765625,4653.7998046875,4657.5,679
2026-08-27 22:00:00+00:00,4661.0,4662.0,4653.89990234375,4656.0,511
2026-08-27 22:30:00+00:00,4664.10009765625,4664.10009765625,4659.7998046875,4661.39990234375,821
2026-08-27 23:00:00+00:00,4654.39990234375,4664.7998046875,4652.89990234375,4664.0,1192
2026-08-27 23:30:00+00:00,4647.60009765625,4655.2001953125,4647.2998046875,4654.39990234375,1234
2026-08-28 00:00:00+00:00,4647.10009765625,4655.7001953125,4643.7998046875,4647.7998046875,1561
2026-08-28 00:30:00+00:00,4641.2001953125,4647.2998046875,4638.5,4647.2998046875,1282
2026-08-28 01:00:00+00:00,4638.7998046875,4655.39990234375,4637.0,4642.39990234375,2771
2026-08-28 01:30:00+00:00,4628.89990234375,4642.10009765625,4628.10009765625,4638.89990234375,2528
2026-08-28 02:00:00+00:00,4636.2998046875,4637.60009765625,4628.0,4628.60009765625,1242
2026-08-28 02:30:00+00:00,4638.89990234375,4642.39990234375,4634.89990234375,4636.39990234375,1270
2026-08-28 03:00:00+00:00,4640.60009765625,4642.2998046875,4635.0,4638.7001953125,1042
2026-08-28 03:30:00+00:00,4631.39990234375,4640.5,4630.89990234375,4640.5,744
2026-08-28 04:00:00+00:00,4636.7998046875,4637.5,4630.2001953125,4632.2998046875,953
2026-08-28 04:30:00+00:00,4636.39990234375,4637.5,4630.0,4636.5,661
2026-08-28 05:00:00+00:00,4636.39990234375,4638.60009765625,4630.2998046875,4636.7001953125,944
2026-08-28 05:30:00+00:00,4625.5,4636.2001953125,4623.0,4636.2001953125,2008
2026-08-28 06:00:00+00:00,4637.2998046875,4638.10009765625,4624.5,4625.7001953125,1744
2026-08-28 06:30:00+00:00,4665.5,4666.2001953125,4635.60009765625,4637.10009765625,4364
2026-08-28 07:00:00+00:00,4659.89990234375,4666.39990234375,4648.7001953125,4665.39990234375,3756
2026-08-28 07:30:00+00:00,4665.0,4667.39990234375,4660.10009765625,4660.39990234375,2483
2026-08-28 08:00:00+00:00,4662.2998046875,4667.7001953125,4661.2998046875,4664.89990234375,1764
2026-08-28 08:30:00+00:00,4656.2998046875,4665.10009765625,4654.2998046875,4662.7001953125,2008
2026-08-28 09:00:00+00:00,4655.5,4657.89990234375,4653.5,4656.39990234375,1295
2026-08-28 09:30:00+00:00,4658.7001953125,4661.39990234375,4654.60009765625,4655.2001953125,1609
2026-08-28 10:00:00+00:00,4658.5,4663.5,4655.0,4658.7998046875,1785
2026-08-28 10:30:00+00:00,4653.10009765625,4661.2001953125,4650.2998046875,4658.7001953125,1565
2026-08-28 11:00:00+00:00,4651.39990234375,4654.2001953125,4647.7001953125,4653.10009765625,1864
2026-08-28 11:30:00+00:00,4645.60009765625,4653.39990234375,4643.60009765625,4651.39990234375,2581
2026-08-28 12:00:00+00:00,4654.5,4656.39990234375,4643.2001953125,4645.60009765625,2921
2026-08-28 12:30:00+00:00,4654.10009765625,4655.2001953125,4641.2001953125,4654.2998046875,3910
2026-08-28 13:00:00+00:00,4656.2998046875,4657.7001953125,4645.89990234375,4654.2001953125,4441
2026-08-28 13:30:00+00:00,4657.5,4680.7998046875,4651.10009765625,4656.10009765625,8527
2026-08-28 14:00:00+00:00,4603.2001953125,4688.0,4580.2001953125,4657.39990234375,53738
2026-08-28 14:30:00+00:00,4629.0,4633.0,4601.7001953125,4603.5,21358
2026-08-28 15:00:00+00:00,4618.7998046875,4636.10009765625,4603.5,4629.2998046875,16679
2026-08-28 15:30:00+00:00,4575.7001953125,4619.7001953125,4574.7998046875,4619.0,17720
2026-08-28 16:00:00+00:00,4531.60009765625,4580.89990234375,4515.2998046875,4575.89990234375,30698
2026-08-28 16:30:00+00:00,4529.89990234375,4538.2998046875,4516.7001953125,4531.60009765625,13421
2026-08-28 17:00:00+00:00,4528.39990234375,4537.2001953125,4521.89990234375,4530.10009765625,10803
2026-08-28 17:30:00+00:00,4519.7001953125,4532.10009765625,4510.5,4528.5,9579
2026-08-28 18:00:00+00:00,4506.2001953125,4521.89990234375,4502.39990234375,4519.7001953125,9931
2026-08-28 18:30:00+00:00,4506.5,4508.5,4495.0,4505.89990234375,5667
2026-08-28 19:00:00+00:00,4512.0,4513.2001953125,4502.39990234375,4506.5,3684
2026-08-28 19:30:00+00:00,4507.89990234375,4517.2001953125,4502.2998046875,4511.60009765625,4619
2026-08-28 20:00:00+00:00,4507.39990234375,4512.2998046875,4503.2001953125,4507.89990234375,1811
2026-08-28 20:30:00+00:00,4529.89990234375,4529.89990234375,4502.7001953125,4507.5,1340
2026-08-30 22:00:00+00:00,4509.2001953125,4515.89990234375,4505.0,4506.2998046875,2552
2026-08-30 22:30:00+00:00,4510.89990234375,4512.0,4502.2001953125,4509.0,1759
2026-08-30 23:00:00+00:00,4506.7998046875,4516.60009765625,4503.89990234375,4510.7998046875,1967
2026-08-30 23:30:00+00:00,4507.7998046875,4509.60009765625,4485.2001953125,4506.39990234375,3682
2026-08-31 00:00:00+00:00,4505.7001953125,4514.60009765625,4501.39990234375,4507.7998046875,2488
2026-08-31 00:30:00+00:00,4505.7001953125,4521.5,4505.5,4506.2001953125,2613
2026-08-31 01:00:00+00:00,4493.5,4512.39990234375,4485.2998046875,4505.7998046875,6180
2026-08-31 01:30:00+00:00,4489.60009765625,4503.10009765625,4485.0,4493.0,4056
2026-08-31 02:00:00+00:00,4472.39990234375,4490.7001953125,4466.0,4489.10009765625,6411
2026-08-31 02:30:00+00:00,4472.2998046875,4475.7001953125,4445.60009765625,4472.10009765625,7132
2026-08-31 03:00:00+00:00,4477.2998046875,4483.60009765625,4471.10009765625,4472.2998046875,3053
2026-08-31 03:30:00+00:00,4472.0,4477.2998046875,4469.5,4477.2001953125,1510
2026-08-31 04:00:00+00:00,4465.5,4472.5,4465.5,4472.2998046875,1893
2026-08-31 04:30:00+00:00,4474.60009765625,4475.0,4462.5,4465.5,1577
2026-08-31 05:00:00+00:00,4489.89990234375,4490.5,4469.2001953125,4474.60009765625,2220
2026-08-31 05:30:00+00:00,4492.7001953125,4493.5,4480.39990234375,4490.2998046875,2785
2026-08-31 06:00:00+00:00,4486.0,4493.0,4478.89990234375,4492.7001953125,2696
2026-08-31 06:30:00+00:00,4489.39990234375,4493.0,4481.2998046875,4485.7001953125,1575
2026-08-31 07:00:00+00:00,4494.10009765625,4498.5,4485.0,4489.2001953125,2733
2026-08-31 07:30:00+00:00,4493.2998046875,4498.2001953125,4490.89990234375,4494.10009765625,1724
2026-08-31 08:00:00+00:00,4490.5,4499.7001953125,4486.2001953125,4493.2998046875,2066
2026-08-31 08:30:00+00:00,4485.60009765625,4490.2001953125,4483.89990234375,4490.2001953125,1321
2026-08-31 09:00:00+00:00,4489.5,4494.5,4485.7001953125,4485.7998046875,1645
2026-08-31 09:30:00+00:00,4496.0,4496.0,4489.2998046875,4489.60009765625,1280
2026-08-31 10:00:00+00:00,4499.10009765625,4504.2001953125,4495.2001953125,4495.89990234375,2151
2026-08-31 10:30:00+00:00,4504.5,4506.7001953125,4498.5,4499.2001953125,1708
2026-08-31 11:00:00+00:00,4514.10009765625,4514.89990234375,4503.10009765625,4504.60009765625,2136
2026-08-31 11:30:00+00:00,4506.2001953125,4514.89990234375,4503.2001953125,4514.10009765625,2361
2026-08-31 12:00:00+00:00,4498.7001953125,4511.89990234375,4497.7998046875,4506.10009765625,4880
2026-08-31 12:30:00+00:00,4486.89990234375,4500.89990234375,4486.5,4498.39990234375,5244
2026-08-31 13:00:00+00:00,4497.2998046875,4499.5,4484.7998046875,4486.7001953125,4528
2026-08-31 13:30:00+00:00,4469.10009765625,4498.5,4466.39990234375,4497.39990234375,10669
2026-08-31 14:00:00+00:00,4470.60009765625,4481.60009765625,4466.7001953125,4469.2998046875,6470
2026-08-31 14:30:00+00:00,4481.7001953125,4487.2001953125,4470.0,4470.5,6086
2026-08-31 15:00:00+00:00,4482.89990234375,4487.89990234375,4477.89990234375,4481.7001953125,3966
2026-08-31 15:30:00+00:00,4475.5,4484.0,4474.2998046875,4482.39990234375,3835
2026-08-31 16:00:00+00:00,4488.2998046875,4488.7001953125,4473.0,4475.89990234375,3256
2026-08-31 16:30:00+00:00,4482.60009765625,4490.2998046875,4481.0,4488.60009765625,2820
2026-08-31 17:00:00+00:00,4479.7998046875,4486.60009765625,4477.7998046875,4482.7998046875,4205
2026-08-31 17:30:00+00:00,4485.60009765625,4489.7001953125,4479.10009765625,4479.7998046875,2308
2026-08-31 18:00:00+00:00,4478.89990234375,4486.10009765625,4478.89990234375,4486.0,1754
2026-08-31 18:30:00+00:00,4480.2998046875,4484.0,4475.5,4478.89990234375,1557
2026-08-31 19:00:00+00:00,4489.7998046875,4491.7001953125,4478.39990234375,4480.7001953125,2349
2026-08-31 19:30:00+00:00,4502.0,4502.7001953125,4488.39990234375,4489.7998046875,4252
2026-08-31 20:00:00+00:00,4496.5,4504.89990234375,4496.10009765625,4502.2998046875,1226
2026-08-31 20:30:00+00:00,4497.2998046875,4498.89990234375,4495.89990234375,4496.5,533
2026-08-31 22:00:00+00:00,4498.60009765625,4504.7998046875,4496.39990234375,4498.7001953125,777
2026-08-31 22:30:00+00:00,4495.5,4500.0,4494.2998046875,4498.5,475
2026-08-31 23:00:00+00:00,4491.89990234375,4495.7998046875,4490.2998046875,4495.7998046875,790
2026-08-31 23:30:00+00:00,4501.0,4501.0,4491.60009765625,4492.0,911
2026-09-01 00:00:00+00:00,4509.2001953125,4510.5,4495.0,4501.2998046875,1992
2026-09-01 00:30:00+00:00,4502.7001953125,4510.39990234375,4499.89990234375,4509.5,1433
2026-09-01 01:00:00+00:00,4488.60009765625,4505.89990234375,4486.7001953125,4502.60009765625,2321
2026-09-01 01:30:00+00:00,4493.10009765625,4495.60009765625,4485.2001953125,4488.7998046875,1577
2026-09-01 02:00:00+00:00,4489.2001953125,4498.2001953125,4489.2001953125,4492.89990234375,1460
2026-09-01 02:30:00+00:00,4492.39990234375,4492.60009765625,4477.10009765625,4489.2001953125,3240
2026-09-01 03:00:00+00:00,4483.5,4493.5,4480.89990234375,4492.7001953125,1908
2026-09-01 03:30:00+00:00,4487.0,4492.39990234375,4482.60009765625,4483.39990234375,1780
2026-09-01 04:00:00+00:00,4478.5,4486.7001953125,4478.2998046875,4485.7001953125,1393
2026-09-01 04:30:00+00:00,4475.2001953125,4479.39990234375,4473.89990234375,4478.2001953125,2514
2026-09-01 05:00:00+00:00,4475.2001953125,4481.2998046875,4473.5,4475.39990234375,1116
2026-09-01 05:30:00+00:00,4489.0,4494.7001953125,4471.89990234375,4474.89990234375,2674
2026-09-01 06:00:00+00:00,4477.60009765625,4489.10009765625,4476.2998046875,4488.5,1872
2026-09-01 06:30:00+00:00,4478.0,4484.10009765625,4476.7001953125,4477.7001953125,1298
2026-09-01 07:00:00+00:00,4474.5,4483.60009765625,4474.2998046875,4478.10009765625,2881
2026-09-01 07:30:00+00:00,4468.7001953125,4476.89990234375,4460.5,4474.2998046875,4404
2026-09-01 08:00:00+00:00,4432.0,4468.60009765625,4430.7001953125,4468.60009765625,10135
2026-09-01 08:30:00+00:00,4419.39990234375,4432.60009765625,4417.89990234375,4432.10009765625,7719
2026-09-01 09:00:00+00:00,4421.39990234375,4426.60009765625,4414.5,4419.39990234375,5365
2026-09-01 09:30:00+00:00,4413.7001953125,4422.5,4413.0,4421.10009765625,5117
2026-09-01 10:00:00+00:00,4433.2998046875,4434.2001953125,4413.0,4413.7001953125,3921
2026-09-01 10:30:00+00:00,4426.89990234375,4434.60009765625,4423.5,4433.60009765625,3321
2026-09-01 11:00:00+00:00,4429.2001953125,4431.7998046875,4423.2001953125,4427.0,2729
2026-09-01 11:30:00+00:00,4422.89990234375,4435.7001953125,4420.5,4429.0,3653
2026-09-01 12:00:00+00:00,4417.10009765625,4424.89990234375,4414.2998046875,4423.0,5878
2026-09-01 12:30:00+00:00,4404.7001953125,4418.5,4400.39990234375,4416.89990234375,9357
2026-09-01 13:00:00+00:00,4391.10009765625,4406.2998046875,4374.10009765625,4404.60009765625,20751
2026-09-01 13:30:00+00:00,4413.89990234375,4415.89990234375,4389.2001953125,4391.0,11115
2026-09-01 14:00:00+00:00,4414.39990234375,4424.2998046875,4401.5,4414.2001953125,10425
2026-09-01 14:30:00+00:00,4408.7998046875,4421.7998046875,4405.2001953125,4414.5,6504
2026-09-01 15:00:00+00:00,4414.2001953125,4414.2001953125,4403.39990234375,4409.10009765625,4548
2026-09-01 15:30:00+00:00,4421.7001953125,4422.7001953125,4409.7998046875,4414.0,3407
2026-09-01 16:00:00+00:00,4401.2998046875,4423.2998046875,4401.0,4421.60009765625,6038
2026-09-01 16:30:00+00:00,4399.60009765625,4407.5,4395.39990234375,4401.0,5263
2026-09-01 17:00:00+00:00,4398.5,4400.2998046875,4390.7001953125,4399.7998046875,6690
2026-09-01 17:30:00+00:00,4391.10009765625,4400.2998046875,4389.0,4398.2998046875,3220
2026-09-01 18:00:00+00:00,4387.2001953125,4392.7001953125,4386.2998046875,4391.2998046875,1090
