Date,Close,High,Low,Open,Volume
2016-09-01,88.73554229736328,88.75935442659994,88.32277853731435,88.37040885177171,1775900
2016-09-02,88.5053482055664,88.64028764177102,88.35452997922948,88.56885125412765,1550100
2016-09-06,88.91814422607422,88.98164730200037,88.44188326860144,88.48157420505194,1284000
2016-09-07,88.9656982421875,89.10857701246009,88.91806794810901,89.04507399100973,836800
2016-09-08,88.52919006347656,88.87845089186347,88.42600211690137,88.79907508249902,1287300
2016-09-09,88.10845184326172,88.22751852992224,88.06876092904713,88.2116397418431,1700700
2016-09-12,88.18782806396484,88.2592704987176,87.9814462097698,88.01319773010621,1446600
2016-09-13,87.86239624023438,88.25928120862501,87.66395375603906,88.25134181358167,1993700
2016-09-14,88.06085205078125,88.17991271452883,87.8782822730601,87.8782822730601,1062100
2016-09-15,88.08465576171875,88.14815881363586,87.8465223450218,88.01321331431592,994100
2016-09-16,88.17996215820312,88.24346525179881,88.06883477240484,88.18790155889967,833600
2016-09-19,88.02912902832031,88.17200792707091,88.02912902832031,88.10056544970216,490400
2016-09-20,88.16404724121094,88.28311397075247,88.10054417799073,88.13229570960084,1177800
2016-09-21,88.30693817138672,88.34662910531893,87.97355612790673,88.068804679766,1108300
2016-09-22,88.56886291503906,88.67205084054869,88.43392346106843,88.45773559341796,1012300
2016-09-23,88.60858917236328,88.66415285912741,88.50540119865494,88.52921334212705,952500
2016-09-26,88.86253356933594,88.94191540026983,88.7117214137251,88.72759414632182,764000
2016-09-27,89.01337432861328,89.11656225658872,88.92605913725522,89.11656225658872,1583700
2016-09-28,88.97373962402344,89.14043677175631,88.94199413072924,89.05312152522531,594800
2016-09-29,89.02921295166016,89.16415234797134,88.75932810305557,88.81489174012383,1123900
2016-09-30,88.80699920654297,89.06100540373636,88.67999913593898,89.03719326899721,1774600
2016-10-03,88.60035705566406,88.80701608368044,88.58445694206158,88.78316591327672,3112000
2016-10-04,88.19499206542969,88.56856591431821,88.18704200835721,88.48908353594372,3949600
2016-10-05,87.99630737304688,88.18706634661551,87.90092485420334,88.15527823778609,1490600
2016-10-06,87.8134765625,88.04397364669029,87.79757644793155,87.90090293615881,1577400
2016-10-07,87.94059753417969,88.00418582833721,87.73393861022447,87.89290934561829,1601100
2016-10-10,87.71013641357422,87.74988063243617,87.57501577202977,87.74988063243617,1067000
2016-10-11,87.68626403808594,87.83728474413304,87.59088158203811,87.69421409211853,1942600
2016-10-12,87.68626403808594,87.68626403808594,87.51139923405547,87.6147317441359,1037800
2016-10-13,87.8691177368164,87.9803942860024,87.83732357074653,87.83732357074653,1188400
2016-10-14,87.59888458251953,87.88502605949796,87.57504047012435,87.6465728073099,2105300
2016-10-17,87.78958892822266,87.86907733891101,87.68626248408786,87.68626248408786,1490800
2016-10-18,87.96443176269531,87.96443176269531,87.67034654739888,87.67829053519247,1484400
2016-10-19,88.00421905517578,88.0678073733417,87.8373042680771,87.8373042680771,1264200
2016-10-20,87.92471313476562,88.13136601726947,87.89291898420024,88.13136601726947,979900
2016-10-21,88.02013397216797,88.0519281387893,87.9009073633673,88.0519281387893,571100
2016-10-24,87.90087890625,88.07574373399777,87.7975524462696,88.07574373399777,900800
2016-10-25,87.88497924804688,88.02009985572708,87.77370274006144,87.78959678515298,735100
2016-10-26,87.6942138671875,87.79754031288844,87.66241971525311,87.75780217105628,1136600
2016-10-27,87.39220428466797,87.43194850508966,87.2093954246081,87.39220428466797,3668500
2016-10-28,87.4080810546875,87.47961335540269,87.27296044392658,87.3126985896189,1313200
2016-10-31,87.4796142578125,87.54320256851419,87.40013190149294,87.51140841316335,4413900
2016-11-01,87.48280334472656,87.64995199359726,87.1803386797692,87.22809370155737,2004000
2016-11-02,87.7454605102539,87.89669284010088,87.57831186429189,87.6419892739761,1455900
2016-11-03,87.68972778320312,87.73748886777902,87.56237906042615,87.61809526525562,686600
2016-11-04,87.96038055419922,88.00017438545461,87.77730949806366,87.79323188865601,1699800
2016-11-07,87.59429168701172,87.68980179155025,87.56245296129353,87.63408553969744,2617900
2016-11-08,87.2838134765625,87.64198827488201,87.24401357781058,87.61014957040287,1182200
2016-11-09,85.95458221435547,86.8858477164767,85.89091087145995,86.8858477164767,6381300
2016-11-10,85.43721008300781,85.98641714053967,85.42129376613705,85.6998748559676,5445300
2016-11-11,85.26211547851562,85.6760065604124,85.23027676873696,85.60437401787011,2482900
2016-11-14,84.76860809326172,85.08698905649116,84.59349825985493,84.76860809326172,3753800
2016-11-15,84.76860809326172,84.91984041713336,84.70493068609346,84.76064689921274,1391700
2016-11-16,84.84820556640625,84.9039217819883,84.58554080468568,84.58554080468568,2765700
2016-11-17,84.47415161132812,84.75273890444441,84.41048024136727,84.70497778620482,2499200
2016-11-18,84.10000610351562,84.53777457573314,84.02040631528403,84.45021966676738,4093700
2016-11-21,84.17164611816406,84.28307854447372,84.07613000735073,84.16368492411,1364300
2016-11-22,84.25123596191406,84.43430698105803,84.17164224287336,84.28307466405263,1744700
2016-11-23,83.94876861572266,84.04427863953228,83.574671495506,83.77365880859053,4607100
2016-11-25,83.87713623046875,84.02040734939322,83.76570381270653,83.9806135273989,948200
2016-11-28,84.25919342041016,84.29103212113733,84.06816728865832,84.15572219750526,2474800
2016-11-29,84.34679412841797,84.37067164877571,84.06025173889599,84.1159679772689,1745000
2016-11-30,83.78164672851562,83.99655042325428,83.7100081151942,83.80552424208516,3362500
2016-12-01,83.4620132446289,83.54171980603194,83.14318091779597,83.39027916373243,3467600
2016-12-02,83.83665466308594,83.94824508378326,83.6373851859519,83.6373851859519,1660400
2016-12-05,83.80477142333984,84.01201338380079,83.4620276769406,83.55767921589685,2281600
2016-12-06,83.83665466308594,83.9163612376952,83.75694808847669,83.82868218125847,989400
2016-12-07,84.11557006835938,84.15542636753894,83.9800683810968,83.9880408571762,1237600
2016-12-08,83.79682159423828,83.90044564309237,83.71711499750526,83.8446504172569,1357500
2016-12-09,83.36634826660156,83.85256611826989,83.32649803294242,83.7569206925121,3261000
2016-12-12,83.38227844238281,83.46995745459628,83.19098154356195,83.31053830456325,1538200
2016-12-13,83.43012237548828,83.58156908625041,83.27868174594647,83.52577388984652,1993500
2016-12-14,82.73670959472656,83.77290748077974,82.72076462716785,83.70913977299155,3941000
2016-12-15,82.50553894042969,82.75263115484519,82.44177124599277,82.72074730762674,1999200
2016-12-16,82.609130859375,82.86419547554996,82.46565663270033,82.64898717614803,1811800
2016-12-19,82.99175262451172,83.03160287053245,82.80044955121392,82.89610108786282,1691800
2016-12-20,82.8163833618164,82.86420608308977,82.64102527551957,82.69682047741212,969400
2016-12-21,82.95185089111328,82.99967359264969,82.8482330107116,82.896055712248,1870500
2016-12-22,82.91600036621094,82.98784839568951,82.79624755953256,82.8601165352118,1872100
2016-12-23,82.99580383300781,83.09160726223496,82.97983964024257,83.00378897482972,830400
2016-12-27,82.87604522705078,82.87604522705078,82.78822694583607,82.79621208709509,1148800
2016-12-28,83.17939758300781,83.26721584088675,82.8600590171641,82.91594280937102,1369800
2016-12-29,83.43486785888672,83.55462058335824,83.3151151344152,83.3151151344152,1328600
2016-12-30,83.68234252929688,83.79411010144496,83.45082224673989,83.4747715706465,2439500
2017-01-03,83.64242553710938,83.73822892659913,83.25922416090246,83.30712281020931,3230500
2017-01-04,83.73826599121094,83.77818561055342,83.52271588304629,83.61053417289675,1523000
2017-01-05,84.28111267089844,84.36893093235251,83.85000650309024,83.90589029757221,3344400
2017-01-06,83.89791870117188,84.12943905593475,83.85800517917137,83.9697727861772,1601400
2017-01-09,84.21729278564453,84.24922727121549,84.1135102756992,84.20132858829922,1275000
2017-01-10,84.1773452758789,84.3050770757344,84.13742566230526,84.1773452758789,1352700
2017-01-11,84.27310943603516,84.56849862394256,84.07352362847283,84.22521079130036,1833700
2017-01-12,84.32105255126953,84.64837025739862,84.29709712712308,84.480718833643,1544700
2017-01-13,84.1374282836914,84.2731452286656,83.86599439374302,84.12146409229129,1833200
2017-01-17,84.560546875,84.64836515227259,84.40886574315654,84.60046648862495,1656800
2017-01-18,83.96179962158203,84.3769417275712,83.92986514489989,84.30508763231673,3640400
2017-01-19,83.64242553710938,83.73822892659913,83.47477417365934,83.69033027729228,1840000
2017-01-20,83.68234252929688,83.76217563927752,83.4109087371875,83.53864049498137,1306400
2017-01-23,84.12142944335938,84.28109565510756,83.69830240956314,83.8340253895122,1720200
2017-01-24,83.8021011352539,84.04958562086742,83.69033355524289,83.9378180408564,1344000
2017-01-25,83.38700103759766,83.57062277741232,83.27523340149459,83.4668402841393,1816000
2017-01-26,83.49873352050781,83.52268893891261,83.17141589283025,83.3550375553397,2212900
2017-01-27,83.60257720947266,83.66644618559644,83.53870823334886,83.54669337808453,2285200
2017-01-30,83.57856750488281,83.78613239105853,83.57856750488281,83.61848101797365,1909300
2017-01-31,83.86600494384766,84.00172190589466,83.65843388426595,83.65843388426595,1411700
2017-02-01,83.70526123046875,83.8331866235523,83.46539273078675,83.60131536722218,2055100
2017-02-02,83.73726654052734,84.0330975226102,83.72926929503265,83.97712900436932,1423500
2017-02-03,83.80120849609375,84.12902839088368,83.64929746446083,83.95312562783637,1711100
2017-02-06,84.20100402832031,84.28096428394838,83.95314431618426,84.1450355094473,1500500
2017-02-07,84.35291290283203,84.50483005346015,84.09705597025913,84.153024483631,1540600
2017-02-08,84.69674682617188,84.75271535645939,84.35293839723082,84.35293839723082,3182200
2017-02-09,84.19304656982422,84.69676344122648,84.17705207225454,84.69676344122648,1530200
2017-02-10,84.13703918457031,84.20099884497999,84.0091076635296,84.0091076635296,1646400
2017-02-13,84.0091323852539,84.0171296327,83.85721518434042,83.95316385335617,1045200
2017-02-14,83.70526123046875,84.03307500658418,83.52136123403129,83.96910925998773,2318100
2017-02-15,83.54533386230469,83.6013023568392,83.40941124702209,83.41740848912941,2750900
2017-02-16,83.88119506835938,83.96114923117977,83.63332923347102,83.63332923347102,2459800
2017-02-17,84.10509490966797,84.20903474314031,84.04912636855002,84.11308605831805,2237700
2017-02-21,84.06510162353516,84.17703868827122,83.88919877891777,83.90519327394436,2832700
2017-02-22,84.20100402832031,84.28895542942234,83.92116143395525,84.24098415613435,2812800
2017-02-23,84.42488098144531,84.42488098144531,84.29695554827994,84.35292406906065,1842700
2017-02-24,84.81664276123047,84.88060850979461,84.60875712845174,84.70470575129796,2677000
2017-02-27,84.5127944946289,84.75266296192304,84.46482324121348,84.74466571965095,3292600
2017-02-28,84.47284698486328,84.68073264839688,84.45685249530123,84.55280113234222,2482500
2017-03-01,83.88432312011719,83.90834781576473,83.78824877149155,83.83628594580436,2249000
2017-03-02,83.6441650390625,83.74824766175287,83.53207418124406,83.71622082973423,2023300
2017-03-03,83.72427368164062,83.73228192103629,83.47607323684682,83.6682282228647,2509000
2017-03-06,83.708251953125,83.74828092767814,83.61217141890462,83.74027268936909,1401700
2017-03-07,83.5881118774414,83.6521655355531,83.54807681399834,83.61213047211002,1596300
2017-03-08,83.30789947509766,83.387963507634,83.18780037204607,83.20381073515568,2392800
2017-03-09,83.0757064819336,83.25185101220069,83.02766317736463,83.21982417865269,2322900
2017-03-10,83.25183868408203,83.27585727856284,83.0676859455742,83.25183868408203,1333000
2017-03-13,83.04368591308594,83.20381398441192,83.01966731323648,83.11574171263433,1342600
2017-03-14,83.13172912597656,83.21980136696831,83.06767547643852,83.08368583457693,864600
2017-03-15,83.86039733886719,83.86039733886719,83.20386209322828,83.25990756144753,3701900
2017-03-16,83.628173828125,83.76428943244042,83.60415522397977,83.66020066981713,2749900
2017-03-17,83.85235595703125,83.92441176451476,83.71624036207068,83.73225683606371,1186700
2017-03-20,84.05248260498047,84.07650119703985,83.86832988503801,83.86832988503801,1362700
2017-03-21,84.33270263671875,84.36472945961556,83.99643015904005,83.99643015904005,1407000
2017-03-22,84.49284362792969,84.65297776702384,84.42878997229202,84.49284362792969,2231300
2017-03-23,84.40479278564453,84.5809373290762,84.26067507815448,84.5409022570256,2584700
2017-03-24,84.45284271240234,84.5569253559988,84.34875396031106,84.38078079876261,2540000
2017-03-27,84.66095733642578,84.83710178825285,84.60491192979819,84.8050749689669,2614000
2017-03-28,84.37278747558594,84.75710349644076,84.36478534592973,84.75710349644076,1356800
2017-03-29,84.61294555664062,84.64497238553878,84.51686506994616,84.51686506994616,1860400
2017-03-30,84.37278747558594,84.58095890806963,84.35677710777762,84.5729506699175,1487800
2017-03-31,84.5408935546875,84.57292038733237,84.42880269467727,84.49285635996704,1698500
2017-04-03,84.95711517333984,84.99721064431266,84.62033524092409,84.64439007642379,4175500
2017-04-04,84.8368148803711,85.01321899230278,84.8368148803711,84.93303419275055,1319600
2017-04-05,84.99713897705078,85.07732373367685,84.69243445478979,84.73252377425044,2551100
2017-04-06,84.94103240966797,85.07734714521378,84.83679280913995,85.02121718835924,1496300
2017-04-07,84.68441772460938,85.25373747374381,84.68441772460938,85.14949789749274,1185400
2017-04-10,84.8368148803711,84.93303419275055,84.75662396311081,84.79671942174095,1752500
2017-04-11,85.22969818115234,85.3179032685477,85.02121287297186,85.03725349851983,2219200
2017-04-12,85.49433135986328,85.54244101117692,85.22971604222342,85.29386632244655,2273600
2017-04-13,85.75093078613281,85.80706075479642,85.48631545484393,85.6386708488056,1868200
2017-04-17,85.61459350585938,85.83109914188432,85.54242903898879,85.75892855730714,1110500
2017-04-18,86.10372161865234,86.1758921973627,85.79901703156862,85.84712667223813,1678400
2017-04-19,85.87925720214844,85.9353871917052,85.7910520588864,85.8952978378561,1750000
2017-04-20,85.68677520751953,85.80705545228237,85.5745152771295,85.74290517271454,1694700
2017-04-21,85.72687530517578,85.89526520988186,85.70281436075402,85.76696464379663,2792500
2017-04-24,85.55048370361328,85.55048370361328,85.29388863330895,85.34199829720694,3558000
2017-04-25,85.10943603515625,85.37405135353896,85.06934058047736,85.27782593293412,1985700
2017-04-26,85.33390808105469,85.33390808105469,85.09335384090102,85.10938834316298,1314400
2017-04-27,85.3900375366211,85.49428321270332,85.2617431661328,85.3018324804149,1988200
2017-04-28,85.47828674316406,85.51838219585981,85.2136714378692,85.25376689056496,5489800
2017-05-01,85.2936019897461,85.51845939154278,85.16511467167857,85.38193970143831,2044400
2017-05-02,85.47027587890625,85.5184578564536,85.2373861092531,85.25345085303859,1585300
2017-05-03,85.2936019897461,85.51845939154278,85.24542001133385,85.48633603029973,1861300
2017-05-04,85.10084533691406,85.11690394981629,84.98038429598668,85.00447527879155,1237100
2017-05-05,85.11689758300781,85.14098856401066,84.96431932768894,85.1088713406086,980000
2017-05-08,84.90812683105469,85.03661413841205,84.85993872975452,85.03661413841205,4887400
2017-05-09,84.81169128417969,84.85184698311389,84.69926267944324,84.79562655384623,1457900
2017-05-10,84.77960205078125,85.01249171909463,84.7233877258023,84.99642698229955,995500
2017-05-11,84.84388732910156,84.88403693554451,84.6511532882232,84.6511532882232,1088800
2017-05-12,85.27751159667969,85.34978453736787,85.17310917981577,85.17310917981577,2005600
2017-05-15,85.2213134765625,85.26146307561395,85.16509913636762,85.23737209080237,672200
2017-05-16,85.33370971679688,85.45417072196435,85.21324871162942,85.21324871162942,1314500
2017-05-17,86.0163345336914,86.06451649655011,85.71117189074837,85.7673862230511,5644700
2017-05-18,85.99223327636719,86.1287529060882,85.90389560374724,86.08859719056932,1715200
2017-05-19,85.96815490722656,85.98421351964832,85.76738855398867,85.90390820373375,3503100
2017-05-22,85.87178039550781,85.93602709566642,85.83162467618304,85.87178039550781,1425800
2017-05-23,85.64693450927734,85.96816192606504,85.60677878459012,85.96816192606504,2984700
2017-05-24,85.82361602783203,85.87179799937711,85.56663530141866,85.64694062962838,1776300
2017-05-25,85.87178039550781,85.91193611483259,85.76738410292698,85.87178039550781,1361000
2017-05-26,85.92800903320312,85.99225574405864,85.87982706351328,85.95210001804804,1016600
2017-05-30,86.14481353759766,86.14481353759766,86.00829390467312,86.07254060025012,2335200
2017-05-31,86.18495178222656,86.24919846477916,86.05646454402225,86.10464649248625,1752300
2017-06-01,86.13992309570312,86.15601241891434,85.97906668126424,86.0112391914078,1769300
2017-06-02,86.51795196533203,86.61446950641177,86.38926804683861,86.46165160043874,1803200
2017-06-05,86.37320709228516,86.45363533479622,86.35712389829557,86.38125175742073,1414900
2017-06-06,86.64663696289062,86.72706517428969,86.59033660128335,86.68684800045055,2078900
2017-06-07,86.48579406738281,86.63056733532872,86.40536583769743,86.55818376949605,1795800
2017-06-08,86.34907531738281,86.4053756982156,86.19625736814471,86.4053756982156,3863000
2017-06-09,86.2686538696289,86.33299278401596,86.14800843369531,86.18018095902973,1203400
2017-06-12,86.25253295898438,86.42143405293855,86.15602155459887,86.15602155459887,766700
2017-06-13,86.28469848632812,86.31687099727823,86.17209776614227,86.17209776614227,682300
2017-06-14,86.73512268066406,87.000541359015,86.63056659659273,86.79946771837591,3712100
2017-06-15,86.58230590820312,86.63860627889373,86.51796087419095,86.61447842520921,2000400
2017-06-16,86.63054656982422,86.72706410407959,86.59837405840577,86.59837405840577,3460300
2017-06-19,86.38928985595703,86.56622952151926,86.38928985595703,86.534056999704,1105900
2017-06-20,86.6064224243164,86.67076744990524,86.46164918488125,86.46164918488125,1252000
2017-06-21,86.59834289550781,86.65464323616034,86.49378687323224,86.50987005501428,1159800
2017-06-22,86.67877960205078,86.75116926788196,86.57422356949185,86.7270414246974,1160100
2017-06-23,86.70296478271484,86.73513116843797,86.59840255213066,86.63861973870628,1581000
2017-06-26,86.77531433105469,86.8718318592237,86.76726966963759,86.78335899247179,3625000
2017-06-27,86.34907531738281,86.50189326662091,86.26864707851902,86.47775927230862,1755200
2017-06-28,86.2686538696289,86.30886492408558,86.13191910288722,86.30886492408558,1530900
2017-06-29,85.94692993164062,86.03540283727719,85.76998412036748,85.81823983752146,1997200
2017-06-30,85.74580383300781,85.93078805984479,85.68950348532556,85.93078805984479,1909600
2017-07-03,85.43091583251953,85.75311550701379,85.39064471411253,85.74505882515332,1255300
2017-07-05,85.49535369873047,85.59201544098454,85.36647752117244,85.41480531957578,10477800
2017-07-06,85.33421325683594,85.35837714366784,85.16505990356845,85.33421325683594,1794300
2017-07-07,85.19730377197266,85.29396549815691,85.15703266181401,85.2295243473674,1799900
2017-07-10,85.3100814819336,85.3906298501742,85.24564032916247,85.25369086417393,1247700
2017-07-11,85.42280578613281,85.44696966943273,85.2536463121467,85.27781634088998,1112600
2017-07-12,85.6725082397461,85.79333380281575,85.64028767989795,85.74499989032184,2451700
2017-07-13,85.58393096923828,85.6644793222379,85.42283426323905,85.6644793222379,2095900
2017-07-14,85.70475006103516,85.97861566951916,85.68863670439201,85.93834456880118,1260400
2017-07-17,85.8094482421875,85.87388936731499,85.70473602293829,85.75306379406193,1289200
2017-07-18,86.12362670898438,86.16390396522877,86.01085776603588,86.08335559818647,1776100
2017-07-19,86.12362670898438,86.19612454113498,86.06724223751013,86.13168338932256,2466000
2017-07-20,86.14778137207031,86.31694091381067,86.11556694506301,86.26860698240807,2317200
2017-07-21,86.3008041381836,86.40551636115948,86.28469692905044,86.30886081547226,1664200
2017-07-24,86.24444580078125,86.3088869477134,86.1800046538491,86.25250248050928,2342700
2017-07-25,85.76116943359375,85.94643009229885,85.73700553423635,85.94643009229885,2513600
2017-07-26,86.03500366210938,86.12360869095266,85.71281026134672,85.76113804237208,3010400
2017-07-27,85.8980712890625,85.97056910641442,85.80140958107503,85.86585071973334,1853000
2017-07-28,86.04307556152344,86.06723945631063,85.86586547248892,85.89002936727613,1001600
2017-07-31,86.06722259521484,86.07527927371433,85.93834646644865,85.99473092505481,921800
2017-08-01,86.28102111816406,86.31329152429629,85.89378855447855,85.93412194593085,1958300
2017-08-02,86.20032501220703,86.36167699950154,86.19225587410506,86.2406645477679,516100
2017-08-03,86.49882507324219,86.52302633357858,86.30520883560179,86.37781261661098,1576200
2017-08-04,86.2648696899414,86.29714008885281,86.07931643493814,86.29714008885281,1266100
2017-08-07,86.31327056884766,86.32133970715931,86.1761259922951,86.22452851226679,554100
2017-08-08,86.24069213867188,86.28909467287112,86.10354752180673,86.2810255321876,1277800
2017-08-09,86.34556579589844,86.57952163461775,86.34556579589844,86.55532036767279,1268000
2017-08-10,86.66825866699219,86.70052907268885,86.49884365329763,86.51497577867069,1412000
2017-08-11,86.76507568359375,86.82154735859993,86.57952237717292,86.61986192572775,911000
2017-08-14,86.5552978515625,86.68437329334206,86.52302745238028,86.5956312343283,1386100
2017-08-15,86.29716491699219,86.36976871921941,86.18422156578252,86.20842283319159,1146300
2017-08-16,86.45848083496094,86.58756242300201,86.20032381382767,86.21646208980724,2160100
2017-08-17,86.76507568359375,86.79733993649647,86.45850988645942,86.49078029431308,1637300
2017-08-18,86.78120422363281,86.97482050780225,86.65212875250343,86.91834883512989,1235700
2017-08-21,86.837646484375,86.8941181379204,86.77310569319494,86.80537608878497,718800
2017-08-22,86.66825866699219,86.75700074392037,86.61985613592248,86.75700074392037,984500
2017-08-23,86.96674346923828,86.96674346923828,86.78119020046978,86.85380014214431,1246100
2017-08-24,86.82960510253906,86.92641632025567,86.78120257115606,86.82960510253906,2520900
2017-08-25,86.97480010986328,87.02320878576552,86.78118387110209,86.83765553053031,1007500
2017-08-28,87.05549621582031,87.0635592009237,86.90221332954935,86.93448373481431,921700
2017-08-29,87.25714111328125,87.47495855398472,87.16032994244216,87.45882643631866,1590200
2017-08-30,87.1845474243164,87.23294994127146,87.12000663174386,87.12000663174386,1299900
2017-08-31,87.32171630859375,87.3297854486495,87.1845717023983,87.19264084245405,1023600
2017-09-01,87.06477355957031,87.250598778027,87.01629232348056,87.2263612420696,3460000
2017-09-05,87.67076873779297,87.67884380995417,87.36374339870524,87.38798710772049,3054800
2017-09-06,87.46068572998047,87.70307346788185,87.36372940198467,87.64651715092836,1601500
2017-09-07,87.84042358398438,87.9131362068004,87.54147952932946,87.54147952932946,4292500
2017-09-08,87.77578735351562,87.80810612997918,87.66267471798137,87.80810612997918,1249100
2017-09-11,87.27481842041016,87.45256853322101,87.27481842041016,87.42024977051234,2206200
2017-09-12,87.06477355957031,87.1374861674425,86.98397971832067,87.1374861674425,3167800
2017-09-13,86.88702392578125,87.08093037876574,86.87086145893045,87.08093037876574,1590900
2017-09-14,86.90320587158203,86.919368343202,86.77393691950643,86.79817446275955,1377700
2017-09-15,87.00821685791016,87.00821685791016,86.75774793774983,86.9112605503473,1477000
2017-09-18,86.66887664794922,86.74159542284039,86.58808280353975,86.66080157843092,3032500
2017-09-19,86.5719223022461,86.73350998322925,86.54768476651611,86.69311614507092,673300
2017-09-20,86.40226745605469,86.66888655667057,86.26491112426213,86.65273025161163,2397500
2017-09-21,86.28914642333984,86.55576549798637,86.28914642333984,86.44265288106352,2390000
2017-09-22,86.44263458251953,86.57999087185709,86.41839705033468,86.56382840761785,826600
2017-09-25,86.70118713378906,86.76582466881025,86.45072439080019,86.53959946041068,1927000
2017-09-26,86.6285400390625,86.67701514489826,86.54774614127646,86.62045880003011,1061000
2017-09-27,86.1841049194336,86.31337999808211,86.15986738323076,86.20026738635218,4039100
2017-09-28,86.16796112060547,86.23259866930935,86.03061095274167,86.07908603218162,1873300
2017-09-29,86.06292724609375,86.26491497130576,86.01445216457924,86.25683990050413,2037800
2017-10-02,85.96497344970703,86.15108256933911,85.96497344970703,86.11062218621413,3221600
2017-10-03,86.08635711669922,86.11872419178934,85.96498212845839,85.98925589142888,2521700
2017-10-04,86.06212615966797,86.16731457598863,85.98121151839119,86.16731457598863,2198300
2017-10-05,85.97310638427734,86.14302895961822,85.92455884086297,86.09448141620385,1779900
2017-10-06,85.867919921875,85.96501501089679,85.64944362479456,85.74654488720705,2350600
2017-10-09,85.96497344970703,85.99734052152947,85.8840588568448,85.94069968918713,893100
2017-10-10,85.99734497070312,86.19963455001825,85.9730712089274,86.01353159414563,1123100
2017-10-11,86.09452056884766,86.1268876703068,85.99741926447021,86.11879435159368,2841200
2017-10-12,86.1753921508789,86.20775923615555,86.06211043910578,86.151118380269,1349300
2017-10-13,86.46670532226562,86.51525287223147,86.32914981510147,86.43433823115794,1521700
2017-10-16,86.32101440429688,86.41002231809023,86.23200649050351,86.31292109211883,1666100
2017-10-17,86.28868103027344,86.32104811823868,86.17539930909051,86.19157976637773,673800
2017-10-18,86.07023620605469,86.10260330353516,85.9893153756572,86.02168247313767,1788500
2017-10-19,86.15922546386719,86.3372352012507,86.10258459892897,86.3048742841928,1518700
2017-10-20,85.80317687988281,85.94073235737561,85.77080979575686,85.88409150350269,2651400
2017-10-23,85.88408660888672,85.94072745953162,85.84362621268762,85.84362621268762,709800
2017-10-24,85.62516784667969,85.73844956347851,85.57662030330607,85.67371539005332,1605600
2017-10-25,85.48760986328125,85.56043117621643,85.34196106402051,85.34196106402051,1838800
2017-10-26,85.3742904663086,85.58466717085643,85.36619715509131,85.56848672180955,2062400
2017-10-27,85.64946746826172,85.65756078573015,85.39863018727199,85.46336438023464,1315000
2017-10-30,85.95693969726562,85.96502684020314,85.79510423764192,85.84365178883326,1692700
2017-10-31,85.9002914428711,85.97311276339592,85.88410481160489,85.96501944776283,1178000
2017-11-01,85.95216369628906,86.0818323864098,85.83870668390516,85.83870668390516,1321500
2017-11-02,86.06556701660156,86.18712979201685,86.00073889492772,86.04936153191801,1997900
2017-11-03,86.20340728759766,86.22771862465778,86.02511590523093,86.17908976759321,2532400
2017-11-06,86.30872344970703,86.35734610409507,86.22768363141304,86.28441212251302,858400
2017-11-07,86.34114837646484,86.40598271010595,86.27631404282373,86.32493670158338,734800
2017-11-08,86.23579406738281,86.41407920396145,86.21147655595006,86.38166203832657,947800
2017-11-09,86.20340728759766,86.27634129877805,86.08995025935417,86.12236125347147,925900
2017-11-10,85.76576232910156,85.92784198924244,85.73334516048484,85.90353065851558,1862000
2017-11-13,85.7252426147461,85.87111678765204,85.71713677654493,85.83059996253219,868300
2017-11-14,85.84678649902344,85.90351498801861,85.73332952103307,85.74953501091387,1629200
2017-11-15,86.1547622680664,86.18717943904663,85.9764709191468,86.13045093556704,1933100
2017-11-16,85.9359359741211,86.0655984477611,85.91972430057743,86.01697579301383,1749200
2017-11-17,86.0494155883789,86.13045542858534,85.98458124303637,86.08993859995385,941200
2017-11-20,85.9116439819336,86.02510099050632,85.86301513330011,85.94406115337483,1153400
2017-11-21,85.9278335571289,86.08991938430698,85.86299922625768,86.04939638177693,835600
2017-11-22,86.20340728759766,86.24392412171643,85.98459288816784,86.01701006522946,1657900
2017-11-24,86.13040924072266,86.17903188218368,86.09799208543525,86.12230340616577,614400
2017-11-27,86.18712615966797,86.243854628079,86.05746373884531,86.17092067566739,1927500
2017-11-28,86.20340728759766,86.34928149290276,86.13046709347294,86.31686431584114,1388000
2017-11-29,85.9278335571289,85.96835655965896,85.80627073248088,85.91972772003447,3193600
2017-11-30,85.660400390625,85.91163188819307,85.5712547274464,85.87110888386012,3306400
2017-12-01,85.97694396972656,86.30971283436341,85.62793885277617,85.7902642220162,4341500
2017-12-04,85.93637084960938,85.93637084960938,85.74157914240287,85.74969726962885,2356200
2017-12-05,86.0013198852539,86.0256680792589,85.78217994689106,85.79841001212175,1586000
2017-12-06,86.17987823486328,86.28538913558118,86.16364817025962,86.19610829946693,1459000
2017-12-07,86.02562713623047,86.25288509520648,85.92011628165302,86.17984054795632,1953400
2017-12-08,85.96070098876953,86.04997559381134,85.89576837390733,86.0093973537587,2519500
2017-12-11,85.9039077758789,86.05000310987803,85.87955958559854,86.00942485684975,702200
2017-12-12,85.8308334350586,85.8389515597753,85.70908633356717,85.82271531034188,2557500
2017-12-13,86.17987823486328,86.21234455638825,85.86333934039187,85.95262017650613,1477800
2017-12-14,86.14739227294922,86.22044302780529,85.92013426640369,86.02564514306661,982100
2017-12-15,86.13116455078125,86.17174280029978,85.96883297575788,86.0175355444231,1845200
2017-12-18,85.93637084960938,86.08246617809343,85.90390453302217,86.0581179887322,1610300
2017-12-19,85.54676055908203,85.73343408041558,85.42501345820833,85.72532214805483,4535100
2017-12-20,85.29512023925781,85.45745171791803,85.25454201382732,85.30323836126901,3027000
2017-12-21,85.3553237915039,85.36345460651874,85.24964800428964,85.3065513054042,2098800
2017-12-22,85.38784790039062,85.38784790039062,85.31468296320486,85.34720002395463,696900
2017-12-26,85.42035675048828,85.5179017213663,85.37970887795937,85.39597050776877,2584800
2017-12-27,85.78616333007812,85.81868038790505,85.54229469936816,85.54229469936816,2291500
2017-12-28,85.68045806884766,85.74549216212922,85.63167939789022,85.70484430333012,1540500
2017-12-29,85.81869506835938,85.8755983787919,85.72927469453742,85.73740551088369,1849600
2018-01-02,85.53413391113281,85.73736079983937,85.42845195973022,85.71297456551336,3902000
2018-01-03,85.62357330322266,85.6886074105674,85.53415295612209,85.63982872906192,2135900
2018-01-04,85.5829086303711,85.59103944269106,85.37155092400029,85.43658501857479,2430000
2018-01-05,85.47725677490234,85.615449613013,85.40409184755329,85.58293255663503,2163600
2018-01-08,85.43663024902344,85.53418144252913,85.3634715053911,85.51791980928023,2450600
2018-01-09,85.0301513671875,85.29028160509654,85.0138959406906,85.29028160509654,5924200
2018-01-10,85.00577545166016,85.04642332583083,84.72938975368308,84.77816224109202,2142500
2018-01-11,85.06273651123047,85.13590149401716,84.88389566663973,84.96518526818124,1798700
2018-01-12,85.00577545166016,85.03829251059773,84.86758260267162,84.88383803114299,1430700
2018-01-16,85.04644775390625,85.16025439187925,84.93264111593325,85.14399275674218,5927500
2018-01-17,84.85943603515625,85.05453215057155,84.80253274307707,84.91633932723545,2186100
2018-01-18,84.5911865234375,84.7131239379303,84.52615861076993,84.63183439559994,3326100
2018-01-19,84.37169647216797,84.54240635614784,84.32292399160056,84.54240635614784,2921600
2018-01-22,84.33917999267578,84.50175906367129,84.27414588347997,84.43673115646949,8047400
2018-01-23,84.58305358886719,84.63182606906801,84.46111618637124,84.53427490667245,1780100
2018-01-24,84.42047882080078,84.50176836524652,84.32293384826376,84.43674045088675,1952200
2018-01-25,84.60746765136719,84.61559226607642,84.23353070887603,84.33107570135445,3342000
2018-01-26,84.35543823242188,84.50989269641482,84.26602408178799,84.50989269641482,3324500
2018-01-29,84.14412689208984,84.17664396331455,83.98154153596636,84.13599607378438,2328200
2018-01-30,83.94898986816406,84.11970597223848,83.90834819738008,84.07092728450523,2346900
2018-01-31,83.97339630126953,84.12784459916794,83.74577685858512,84.08720292161391,2966400
2018-02-01,83.54023742675781,83.94735359960956,83.51581145032269,83.94735359960956,8958300
2018-02-02,83.23080444335938,83.35294049811912,83.14123841734208,83.28780044063421,5753500
2018-02-05,83.91474914550781,84.1183071484512,83.12494310015194,83.25522320384239,6902000
2018-02-06,83.5483627319336,83.89848281046368,83.5483627319336,83.82519868551168,5382900
2018-02-07,83.30409240722656,83.67863846484134,83.20638852130007,83.66235655455311,4773700
2018-02-08,83.37736511230469,83.48321304492497,82.962105017706,83.07609701040404,5685300
2018-02-09,83.23080444335938,83.71119839009049,83.14123841734208,83.14123841734208,4376900
2018-02-12,83.20632934570312,83.34474722705644,83.11676337257,83.23075529981323,2836300
2018-02-13,83.34477233886719,83.36919830033683,83.19821035795327,83.27148824236224,2698100
2018-02-14,82.83998107910156,83.10053513081338,82.75041504144139,83.10053513081338,4141900
2018-02-15,82.86437225341797,83.01907829206476,82.83994629196764,82.85623440766518,3057300
2018-02-16,83.05980682373047,83.19822477076795,83.0190927394973,83.12494066156765,2277800
2018-02-20,82.97023010253906,83.01908202763791,82.82366811514626,82.89694600279454,2138300
2018-02-21,82.7259750366211,83.05166909903683,82.62012710647744,83.05166909903683,2253900
2018-02-22,82.83998107910156,82.9458352392992,82.80741104612527,82.85626920163902,4411800
2018-02-23,83.15751647949219,83.22265653396425,83.03538664247894,83.05981260988159,4484700
2018-02-26,83.25521087646484,83.41805476986879,83.21449679706569,83.34477688146592,2725600
2018-02-27,82.99465942382812,83.32035343255899,82.83995337195924,83.28778341047625,3308900
2018-02-28,83.19010925292969,83.20639737705002,83.02726528432152,83.09240535660447,2521400
2018-03-01,83.5480728149414,83.67855595804315,83.20556389696738,83.31158300618222,5352600
2018-03-02,83.23822021484375,83.4502523020054,83.1892921261839,83.44209554663496,2140800
2018-03-05,83.13215637207031,83.46650847612456,83.03429403290008,83.46650847612456,2059300
2018-03-06,83.1240005493164,83.30341172890853,83.11584379885014,83.15662132940385,2331300
2018-03-07,83.1240005493164,83.36049653861714,83.11584379885014,83.3115684793748,1258100
2018-03-08,83.2952880859375,83.37683695768064,83.19742570677768,83.2382032535393,1636700
2018-03-09,83.11582946777344,83.18107101669918,82.9935031189818,83.09136544237042,1604500
2018-03-12,83.31161499023438,83.31976552347327,83.13220371048128,83.181131797039,1885700
2018-03-13,83.4502182006836,83.49098951731212,83.28711426883304,83.44206144864636,1742100
2018-03-14,83.61332702636719,83.71934615160902,83.38498771319965,83.4012949976632,2598900
2018-03-15,83.5806884765625,83.68670757927755,83.49913962801286,83.59700197933942,2758000
2018-03-16,83.48283386230469,83.49914114359927,83.3768147576653,83.47467711076817,3595300
2018-03-19,83.40130615234375,83.55625337347959,83.29529323470265,83.3034499889152,2825000
2018-03-20,83.23822021484375,83.3116185696149,83.21375617051382,83.25452750380325,2600600
2018-03-21,83.2952880859375,83.36052967204405,82.92015829849498,83.13219034245122,3365600
2018-03-22,83.63778686523438,83.80904134151285,83.49915317802504,83.60516607616523,5026500
2018-03-23,83.75193786621094,83.79271539891185,83.55621939715802,83.55621939715802,2519000
2018-03-26,83.52362060546875,83.71118859478679,83.49915656811848,83.60516947056284,4184900
2018-03-27,83.99663543701172,84.03741299147035,83.60519206826518,83.61334882351316,3495900
2018-03-28,83.9803237915039,84.20866315235124,83.90692544164244,84.16788560000809,2762500
2018-03-29,84.15157318115234,84.24942934595977,84.00478271216063,84.00478271216063,2572100
2018-04-02,84.23733520507812,84.41704499367823,84.04944857435409,84.09029539087864,2748800
2018-04-03,83.96776580810547,84.13931122874816,83.93508959955217,84.10663502019486,4229600
2018-04-04,83.91878509521484,84.13934179263065,83.87793826159809,84.13934179263065,2216900
2018-04-05,83.70637512207031,83.82073875325182,83.67369890853982,83.78806253972132,1789300
2018-04-06,84.07398223876953,84.10665845642802,83.8615961725162,83.9759598181453,2651200
2018-04-09,84.09029388427734,84.09029388427734,83.85339606384758,83.92691285345558,2071100
2018-04-10,83.94325256347656,84.03311057072568,83.87790015232284,83.98409314618593,1622400
2018-04-11,84.02494812011719,84.13931173456649,83.94326071441762,84.10663552581676,2520600
2018-04-12,83.72267150878906,83.91872869957162,83.69816591802815,83.91055809186878,2188600
2018-04-13,83.79621124267578,83.83705182464828,83.64917143640733,83.64917143640733,2937700
2018-04-16,83.75538635253906,83.77172757548469,83.57567029424003,83.59201151718565,1637400
2018-04-17,83.80435943603516,83.86154745798089,83.68183148143044,83.71450768010757,1301800
2018-04-18,83.47761535644531,83.7308481222686,83.47761535644531,83.63281951984602,2127600
2018-04-19,83.24885559082031,83.33870731742859,83.15082702677637,83.28152554648935,3181500
2018-04-20,82.97118377685547,83.19174044869071,82.97118377685547,83.14272923991645,2309400
2018-04-23,82.88949584960938,82.93850705808691,82.7832965881067,82.89766646180597,5022800
2018-04-24,82.79141235351562,82.87309972431312,82.71789558950194,82.77507737229487,3178800
2018-04-25,82.61175537109375,82.70978402543706,82.55457354748134,82.66077281444107,3295800
2018-04-26,82.84864044189453,82.88131665494623,82.75878241408995,82.8077998498427,1989500
2018-04-27,82.98750305175781,83.03652048359959,82.91398625251998,82.92215686321859,2409300
2018-04-30,83.0773696899414,83.16722771989737,83.01202349462388,83.02835848536563,3504400
2018-05-01,82.94717407226562,83.06993877740136,82.91443640129127,83.06993877740136,1894000
2018-05-02,82.9636001586914,83.07817895982147,82.90631075812638,82.97996588282012,3852600
2018-05-03,83.1763687133789,83.29094749098145,83.11907932457763,83.1354512894209,6026900
2018-05-04,83.18457794189453,83.30734273622556,83.06181314756348,83.2746050414655,2370500
2018-05-07,83.14363861083984,83.2009342489418,83.10272118314998,83.17637629943712,1854900
2018-05-08,83.00450897216797,83.08635007246616,82.92266787186978,83.0126949554205,1654600
2018-05-09,82.8162841796875,82.90631127314556,82.79173247130373,82.8162841796875,2838400
2018-05-10,82.98816680908203,83.05364220553855,82.90632568555012,83.01271852173386,4183700
2018-05-11,82.99634552001953,83.04544894101926,82.90631841880207,83.04544894101926,2816300
2018-05-14,82.8162841796875,82.88993930483879,82.80809819553411,82.86538759645502,4762000
2018-05-15,82.3579330444336,82.49706974858731,82.24335428388875,82.49706974858731,6812500
2018-05-16,82.18606567382812,82.41522319706537,82.18606567382812,82.25154103591711,4784200
2018-05-17,82.13701629638672,82.26796086261363,82.11246458047405,82.21885743078833,1702300
2018-05-18,82.4561996459961,82.50530307696064,82.29251738006212,82.29251738006212,2642300
2018-05-21,82.5134506225586,82.52163660526512,82.36613415421775,82.41523756230626,2845100
2018-05-22,82.48069763183594,82.52162129370001,82.40704253336958,82.51343531251237,1977000
2018-05-23,82.85719299316406,82.90630264889941,82.7180624974114,82.73442821993935,5102500
2018-05-24,83.06998443603516,83.18456322538638,83.01269504135954,83.04543273032785,2994100
2018-05-25,83.3973388671875,83.40552484885696,83.28276010011315,83.32367752031142,2838400
2018-05-29,84.29762268066406,84.46130488726799,83.67561905623246,83.76564614308741,11256200
2018-05-30,83.93750762939453,84.06845837947976,83.79019115758638,83.94569361229372,4512200
2018-05-31,83.8966064453125,84.08484037990753,83.75746968539141,83.94570986406309,5321700
2018-06-01,83.58660125732422,83.71780428439426,83.45539197385119,83.5209966155877,7891000
2018-06-04,83.29139709472656,83.50460907896715,83.29139709472656,83.49640693361842,3131800
2018-06-05,83.50464630126953,83.61945136171117,83.41444143143588,83.51284219386781,4305500
2018-06-06,83.16840362548828,83.30780883733699,83.11920325810752,83.28320865364661,3910500
2018-06-07,83.52099609375,83.75060608199023,83.14377879072637,83.16837896712312,4400400
2018-06-08,83.40620422363281,83.52921138137471,83.38160404336521,83.43080440390041,7342800
2018-06-11,83.3241958618164,83.3487960404084,83.24219318104188,83.25859121463539,1875800
2018-06-12,83.2750244140625,83.31602264048078,83.19301544841457,83.20941974410643,1664800
2018-06-13,83.1766128540039,83.35702255830023,82.95520492553455,83.2996200393337,3294700
2018-06-14,83.43900299072266,83.44720513593,83.26679547979035,83.3324001286418,3626400
2018-06-15,83.50464630126953,83.72605427314795,83.48004611066155,83.61945136171117,5826500
2018-06-18,83.54560089111328,83.627609825509,83.48000250256132,83.61120553606854,4600500
2018-06-19,83.76702880859375,83.87363168191179,83.71782218856637,83.79162899040527,4172800
2018-06-20,83.49642944335938,83.75063971006843,83.48822729579943,83.734241671354,3059000
2018-06-21,83.71781921386719,83.78342386730304,83.62762063589803,83.62762063589803,2680500
2018-06-22,83.7342300415039,83.77523451720305,83.60302072439035,83.61122287081109,2309500
2018-06-25,83.84902954101562,83.97203670360356,83.81622721389856,83.82442935977886,8110800
2018-06-26,83.8900375366211,83.93923790116057,83.81623073340745,83.86543109794691,3873200
2018-06-27,84.20985412597656,84.24265645513597,84.0376465901931,84.10324499210735,3044200
2018-06-28,84.12783813476562,84.2262451140088,84.06223973834089,84.20164493329902,3705600
2018-06-29,84.06221008300781,84.20161522878682,84.05400794019674,84.11961256988162,2721200
2018-07-02,84.00473022460938,84.16904014815783,83.9800843628793,84.14439428642775,3911500
2018-07-03,84.21831512451172,84.21831512451172,84.02935312285078,84.03757049718911,1463800
2018-07-05,84.22657012939453,84.32515986877875,84.17727839371409,84.19371315095647,1682300
2018-07-06,84.3005142211914,84.3826692035479,84.2265703494542,84.32516008909602,3206500
2018-07-09,84.0868911743164,84.16083503279411,84.07046268800039,84.10332592865467,2258800
2018-07-10,84.02118682861328,84.09513070657171,83.97189508865695,84.00475833796914,4461100
2018-07-11,84.19367218017578,84.2183180360227,84.06221925829848,84.17723743093097,2198700
2018-07-12,84.16080474853516,84.193667977364,84.07043243626083,84.08686091666526,1385900
2018-07-13,84.3005142211914,84.32516008909602,84.19371337093031,84.25122248538219,2891800
2018-07-16,84.16080474853516,84.193667977364,84.01292335281535,84.1197241454941,1782600
2018-07-17,84.1115493774414,84.21013911386794,84.08690351034058,84.21013911386794,1034700
2018-07-18,84.0457992553711,84.16902854703669,84.02114712901704,84.15260006415492,1355300
2018-07-19,84.27584075927734,84.34977833878216,84.08687872050726,84.10331347241143,4201700
2018-07-20,83.9801025390625,84.17727574360008,83.94723929363572,84.17727574360008,3362700
2018-07-23,83.56929016113281,83.88969884934626,83.55285541054602,83.88148147405286,5285700
2018-07-24,83.62679290771484,83.66786724502404,83.49533998507658,83.55284907172573,3293800
2018-07-25,83.56929016113281,83.78289804261539,83.51999844541407,83.72538895160325,2403800
2018-07-26,83.4789047241211,83.69251257205019,83.46246997611587,83.65143197005696,2598200
2018-07-27,83.61038208007812,83.66789118318117,83.53644449095513,83.66789118318117,1435100
2018-07-30,83.50362396240234,83.60221373301643,83.43789744865961,83.4461148298838,3832700
2018-07-31,83.61856842041016,83.65964902224536,83.56105933865275,83.63500316835216,3053600
2018-08-01,83.42100524902344,83.47863384160449,83.29753335166689,83.35515566388695,5366800
2018-08-02,83.51984405517578,83.53631117257625,83.40459935483311,83.4786888224049,3370800
2018-08-03,83.73382568359375,83.75852006548737,83.57741955778522,83.58565311187031,2174800
2018-08-06,83.77501678466797,83.92318941987237,83.76678950741973,83.79148389989308,3867200
2018-08-07,83.60211181640625,83.72559000310002,83.58565098901576,83.72559000310002,2181400
2018-08-08,83.67620849609375,83.72559726290915,83.61858617468843,83.62681344891634,2777900
2018-08-09,83.90670013427734,83.90670013427734,83.79145548823551,83.80791631751484,4318000
2018-08-10,84.2689208984375,84.37593201469595,84.10428116531259,84.12897555519041,4327800
2018-08-13,84.24420928955078,84.3429931165992,84.15366529854327,84.21951490287938,1764700
2018-08-14,84.16191101074219,84.23600046734957,84.12075578406183,84.22776690986781,2487600
2018-08-15,84.3676986694336,84.52410484620341,84.31830988955414,84.34300427949387,4810700
2018-08-16,84.34295654296875,84.3923452948951,84.1947840068296,84.38411802314745,2594400
2018-08-17,84.37591552734375,84.49116017783015,84.29359881704809,84.41707702267279,3043400
2018-08-20,84.63932037353516,84.67224830890379,84.5240757399257,84.54053656742927,2901100
2018-08-21,84.52409362792969,84.56525512594195,84.46647129893023,84.56525512594195,2516700
2018-08-22,84.68047332763672,84.75455646447794,84.59815035733197,84.75455646447794,2396500
2018-08-23,84.67225646972656,84.74633962117508,84.64756208591038,84.71341796299492,871000
2018-08-24,84.69698333740234,84.71345045317017,84.49118835285616,84.52411630402729,1296600
2018-08-27,84.50765228271484,84.60642985213984,84.49118516756782,84.58173545978359,1851900
2018-08-28,84.31832122802734,84.39240440780866,84.28539327689192,84.35948273703774,1506300
2018-08-29,84.29364013671875,84.3512624902077,84.21132338607248,84.34302893103342,1420400
2018-08-30,84.44996643066406,84.52405583788877,84.38411685579325,84.40881123141482,2780900
2018-08-31,84.4665298461914,84.64763051439319,84.45829628480936,84.63939695301114,2132200
2018-09-04,84.2734375,84.39716407769022,84.23219950276669,84.3476759638122,3419500
2018-09-05,84.26521301269531,84.32295125646726,84.17448058776844,84.25696289415744,1332300
2018-09-06,84.43843841552734,84.50442049317954,84.30646167422816,84.31471179380871,1656700
2018-09-07,84.0589828491211,84.16620919101904,84.02598867630749,84.14146513465758,4405000
2018-09-10,84.1084976196289,84.14149180289985,84.042509253087,84.042509253087,3110800
2018-09-11,83.80330657958984,83.96827749680182,83.80330657958984,83.94352713947225,3360500
2018-09-12,83.90227508544922,83.97650726602104,83.90227508544922,83.93526926336868,1398800
2018-09-13,83.89403533935547,84.01776194860055,83.87754139485462,84.01776194860055,1281600
2018-09-14,83.73728942871094,83.81977800546069,83.68780131705698,83.72904560543186,3749900
2018-09-17,83.75383758544922,83.78683177642952,83.62186082152803,83.64661118451211,3808400
2018-09-18,83.40740203857422,83.65484901368451,83.38265167736498,83.64660518627946,4972900
2018-09-19,83.26716613769531,83.3661486928087,83.14344581005024,83.3578985732999,5515900
2018-09-20,83.27542877197266,83.35791110046405,83.14345830498607,83.16820237423366,2973500
2018-09-21,83.30841064453125,83.35789877570944,83.22592832823514,83.22592832823514,1024100
2018-09-24,83.21768951416016,83.31667208296106,83.17644520391022,83.18469532455985,2389800
2018-09-25,83.13518524169922,83.15167918564642,83.04445281749831,83.11868500475549,2878300
2018-09-26,83.40740203857422,83.42389598638236,83.17644271827406,83.21768702729145,2502900
2018-09-27,83.40740203857422,83.43214610678545,83.30016935232821,83.34966378174869,6342800
2018-09-28,83.4486312866211,83.55586396160014,83.4156371014735,83.5476138420639,3931000
2018-10-01,83.23702239990234,83.38579302417112,83.23702239990234,83.33620491798499,6408000
2018-10-02,83.45195007324219,83.50980499021742,83.36103430289353,83.36103430289353,2915000
2018-10-03,82.83204650878906,83.30315248221348,82.72459719359917,83.29488569511172,6612700
2018-10-04,82.61717987060547,82.75768376646445,82.5510581646555,82.63371344994944,6427500
2018-10-05,82.4188461303711,82.57588365334502,82.31966354127468,82.501495135094,5676600
2018-10-08,82.45186614990234,82.53451511368412,82.43533257371895,82.50145426702906,1947800
2018-10-09,82.60888671875,82.60888671875,82.45185559937184,82.47664965476255,3066300
2018-10-10,82.65023803710938,82.67503209960647,82.37749073821585,82.41055159011623,3001900
2018-10-11,82.98906707763672,83.10477685071331,82.72458038979342,82.83202968315719,5821500
2018-10-12,82.88993072509766,83.08828954572209,82.84860308068234,82.88993072509766,2647900
2018-10-15,82.93949127197266,83.0138797460394,82.86510910361703,82.97255211536775,1860000
2018-10-16,82.93125915527344,82.93952594600604,82.81554930787203,82.87340423157274,2703900
2018-10-17,82.69156646728516,82.99736831528364,82.69156646728516,82.9147193376006,3336200
2018-10-18,82.84032440185547,82.98082827286703,82.6088984719571,82.65022610729548,2587700
2018-10-19,82.74113464355469,82.84857765806643,82.67501295506534,82.83205038879973,5531900
2018-10-22,82.75772094726562,82.86517034413667,82.74946045959538,82.83210947630833,1690100
2018-10-23,82.97258758544922,83.30318985501874,82.93125993711035,83.18748000652648,4420100
2018-10-24,83.41889190673828,83.44368597113869,83.1461445869073,83.203999505746,4881200
2018-10-25,83.22049713134766,83.32794013256765,83.14610866457188,83.27008523872449,3559900
2018-10-26,83.5924301147461,83.72467349049947,83.50978115775585,83.5345752142818,4220800
2018-10-29,83.58415222167969,83.67506795400254,83.35273265057074,83.48497600875322,3766900
2018-10-30,83.40237426757812,83.52634460390206,83.36931340932041,83.4271683348429,5746600
2018-10-31,83.19573211669922,83.26184751437542,83.10481635096767,83.15440447565298,3956700
2018-11-01,83.2669677734375,83.3000997239455,83.101314340171,83.12616172323364,4834300
2018-11-02,82.80309295654297,83.09298948383535,82.76996102209951,83.06814211282034,5250900
2018-11-05,82.85279846191406,82.99360446213802,82.85279846191406,82.96047884266159,2446700
2018-11-06,82.76170349121094,82.91079408526896,82.7534252443489,82.91079408526896,2456700
2018-11-07,82.76170349121094,82.96877340966529,82.7534252443489,82.90250951913451,3297600
2018-11-08,82.64573669433594,82.8445220270575,82.62088931765472,82.82795921569395,2188900
2018-11-09,82.96876525878906,83.01018176612013,82.76169536067731,82.76997992599789,2772700
2018-11-12,83.21727752685547,83.25040947916285,83.1013188534165,83.14272905434541,3704900
2018-11-13,83.28356170654297,83.30840909700407,83.11790190467677,83.17588125551111,3265000
2018-11-14,83.45745086669922,83.62310425224446,83.15098515224177,83.18411709320513,4626400
2018-11-15,83.51544189453125,83.70594268269411,83.41604605770335,83.66453249013685,2621300
2018-11-16,83.77220916748047,83.80534111411554,83.63968770021293,83.70594527421036,7226700
2018-11-19,83.89643096923828,83.921278343053,83.70592390454031,83.70592390454031,3447800
2018-11-20,83.87989044189453,84.00413367260369,83.84676481169376,83.92130695855532,3658600
2018-11-21,83.8633041381836,83.8633041381836,83.71421356694485,83.80532482266139,1897000
2018-11-23,83.91297912597656,84.04550685554143,83.91297912597656,84.03722229262614,531200
2018-11-26,83.84674072265625,83.84674072265625,83.76390771313247,83.81360878270102,2345600
2018-11-27,83.92959594726562,83.98757528208122,83.81363727763441,83.82191552598411,2334400
2018-11-28,83.92132568359375,84.0372843729895,83.79708242516269,83.86334633889587,3582500
2018-11-29,84.13665771484375,84.26090094000699,84.03726187085857,84.14493596238782,4313000
2018-11-30,84.30229949951172,84.33543144293365,84.20290998851796,84.26088930968834,3069700
2018-12-03,84.48658752441406,84.48658752441406,84.17118649365293,84.19608574180987,6008500
2018-12-04,84.87663269042969,85.04263178255316,84.61103034355645,84.63592957412902,7748800
2018-12-06,85.09245300292969,85.4659605587968,85.07585562226191,85.20035814088428,9429900
2018-12-07,85.34147644042969,85.3746775413848,84.95967327813968,85.0675721068969,7319100
2018-12-10,85.39126586914062,85.524070258876,85.25016595439315,85.35806477170678,9045700
2018-12-11,85.17546844482422,85.3663668399629,85.07586515227675,85.1920658273512,5290100
2018-12-12,84.94306945800781,85.07587386166657,84.91817021543741,85.03437090240757,3727200
2018-12-13,84.99288177490234,85.07588136828123,84.94307695290456,85.04268026443707,4116000
2018-12-14,85.12566375732422,85.25846814758253,85.09246265975965,85.13396561483083,3530000
2018-12-17,85.37467956542969,85.43277991036294,85.20037853062993,85.20868038918117,7627000
2018-12-18,85.58509063720703,85.6266733650103,85.40210886718793,85.46032976259386,4461400
2018-12-19,85.88450622558594,86.06748797861928,85.48527273300401,85.67657356906643,7710900
2018-12-20,85.77640533447266,86.05919713986286,85.74313533703832,86.04255896834411,9245200
2018-12-21,85.85124969482422,85.85956877915719,85.71816972790513,85.83461152615828,4918800
2018-12-24,86.06751251220703,86.07582525200458,85.88453070701463,85.98433434940839,6373000
2018-12-26,85.65994262695312,86.18393702675691,85.62667263763213,86.05917615320355,5477700
2018-12-27,85.87621307373047,86.1922685226598,85.85958124825125,86.02592488545552,4602100
2018-12-28,86.34195709228516,86.35027617558688,85.99263174082807,86.01758264513197,4543100
2018-12-31,86.66632080078125,87.04892243803782,86.19223464094651,86.24214278897158,7227500
2019-01-02,86.84932708740234,86.85764617202487,86.64971347567756,86.75783619336134,18668600
2019-01-03,87.53968811035156,87.59790902676707,86.86598802817159,86.88261985617432,10616700
2019-01-04,86.83269500732422,86.99071954107193,86.72456594435747,86.95745589388461,6616700
2019-01-07,86.59151458740234,86.97411008447071,86.55824458605676,86.93252099638775,5459200
2019-01-08,86.37525939941406,86.57487305413707,86.37525939941406,86.50002031321732,6879500
2019-01-09,86.42517852783203,86.49171219077127,86.30873034007827,86.3669512611529,3248700
2019-01-10,86.38357543945312,86.61645908601778,86.32535452781197,86.55823817437663,14413000
2019-01-11,86.64139556884766,86.71625464026351,86.55822375829857,86.61644466024316,3825700
2019-01-14,86.59151458740234,86.74122642065552,86.54161275818592,86.67468641796435,3090100
2019-01-15,86.50833129882812,86.74121493179793,86.47506130188914,86.74121493179793,4148000
2019-01-16,86.45841217041016,86.50000124771246,86.34197036868642,86.4085103541292,4820800
2019-01-17,86.30037689208984,86.45840140583866,86.23383691493167,86.41681867931591,5328100
2019-01-18,86.02593994140625,86.267142699489,85.95939993663775,86.17565177933334,6617500
2019-01-22,86.3253402709961,86.42515025115573,86.22553029083645,86.26711936897023,5814400
2019-01-23,86.28376770019531,86.37525861311126,86.15069404679261,86.17564496020539,3507300
2019-01-24,86.55821228027344,86.64970316342604,86.4833595643858,86.54989319664097,6030700
2019-01-25,86.3586196899414,86.45011059533952,86.2754478701985,86.40852151266652,2763300
2019-01-28,86.38357543945312,86.48338543609661,86.32535452781197,86.32535452781197,3116100
2019-01-29,86.63311004638672,86.63311004638672,86.44180911098252,86.45012819833167,2836700
2019-01-30,86.83269500732422,86.85764591551585,86.46673143224098,86.54159050241813,5788300
2019-01-31,87.23191833496094,87.27350741049167,87.00735382566015,87.03230473273779,10206500
2019-02-01,86.76519012451172,87.09024652880842,86.75685355136659,87.07357974146029,9191900
2019-02-04,86.57344818115234,86.65679479219114,86.52343512737802,86.65679479219114,7283500
2019-02-05,86.72351837158203,86.83186838469487,86.67350529257901,86.68184186556985,3331100
2019-02-06,86.79014587402344,86.92350553541912,86.74013918046937,86.91516896684723,3489800
2019-02-07,87.07354736328125,87.14022720576324,86.97352759955827,87.03187087199505,6937400
2019-02-08,87.19023895263672,87.29025872214645,87.17356581158168,87.2069057347516,2602700
2019-02-11,87.0569076538086,87.13192409514275,86.99023414466316,87.0569076538086,2637200
2019-02-12,86.9402084350586,87.00688829346022,86.86519836356274,86.99855172142469,3305300
2019-02-13,86.72351837158203,86.82353181170403,86.68184186556985,86.74018515862168,3772100
2019-02-14,87.13189697265625,87.19857681998774,87.02354698994776,87.19024024933624,10568700
2019-02-15,87.0485610961914,87.07356445229435,86.96520809726022,86.97354466894154,6879000
2019-02-19,87.19857025146484,87.26524373483369,87.14022697917976,87.2069004625486,8557400
2019-02-20,87.18189239501953,87.26523901392649,87.1152125563182,87.19856553416457,4751100
2019-02-21,86.92356872558594,86.96523888086074,86.86522542104659,86.9319053002182,4140200
2019-02-22,87.18189239501953,87.28191215307153,87.0652058567619,87.09854577611257,3351000
2019-02-25,87.0485610961914,87.09856780839729,86.98188124062285,87.04022452451008,2849600
2019-02-26,87.30691528320312,87.34025520246992,87.18189217568751,87.30691528320312,2647700
2019-02-27,86.99856567382812,87.16526534656666,86.93189216367502,87.15692877319415,2530600
2019-02-28,86.77352142333984,86.97355465406956,86.73184491908951,86.96521808143115,4949900
2019-03-01,86.48873901367188,86.72255905246796,86.48873901367188,86.63070026992405,9003000
2019-03-04,86.7559814453125,86.80608392977399,86.56391767413042,86.62237269637535,3506600
2019-03-05,86.80606079101562,86.81441332657263,86.59729199991543,86.65574700657876,2112200
2019-03-06,87.04827880859375,87.0900351370655,86.83950990847741,86.83950990847741,2401600
2019-03-07,87.34049987792969,87.40730741364173,87.20689117762286,87.21524371236619,4822900
2019-03-08,87.46578216552734,87.54094225295484,87.33217343504994,87.42403222461759,5212000
2019-03-11,87.39897155761719,87.45742656547993,87.32381147829764,87.45742656547993,4654100
2019-03-12,87.64117431640625,87.68293064135041,87.43240543392685,87.46580921965803,4942800
2019-03-13,87.60777282714844,87.63282407250152,87.51591401344021,87.5493114264974,1715000
2019-03-14,87.48249053955078,87.60775310924369,87.39063174651723,87.56599679563973,2514700
2019-03-15,87.75807189941406,87.82487946137465,87.65786692759295,87.74972573250882,7846600
2019-03-18,87.64117431640625,87.74973821281277,87.63282814831396,87.67457810213743,4166200
2019-03-19,87.58270263671875,87.67456143723912,87.47414513206716,87.49919637382374,2138000
2019-03-20,88.19229888916016,88.21735012762971,87.69125500641312,87.70795370835327,8061700
2019-03-21,88.1505355834961,88.30920190937239,88.08373440991704,88.29250320875717,4633500
2019-03-22,88.80188751220703,88.94385512834864,88.55136879236211,88.5931187267774,4721900
2019-03-25,89.02737426757812,89.23614308325651,88.72674666331177,88.80190037881903,7828800
2019-03-26,88.95223236083984,89.09420002656638,88.8019185279858,88.84367484810302,7483700
2019-03-27,89.21110534667969,89.41987419395483,89.14429778648294,89.1944002710707,3555900
2019-03-28,89.219482421875,89.27794383563979,89.06917491604035,89.18608500132629,3769600
2019-03-29,89.07747650146484,89.08582903798239,88.88541275939137,88.91046399782542,2748900
2019-04-01,88.4649658203125,88.80804456228928,88.43149363355457,88.78294201826255,9430400
2019-04-02,88.61556243896484,88.63229533553414,88.49841301048465,88.54861808435759,7318600
2019-04-03,88.33946990966797,88.43988649630627,88.29762806919322,88.33946990966797,5207300
2019-04-04,88.43146514892578,88.464937324902,88.32268536512667,88.38126007704386,2293700
2019-04-05,88.47331237792969,88.5318870934306,88.35615656276269,88.36452620331,1749900
2019-04-08,88.3310546875,88.4984155788753,88.3310546875,88.45657375999016,3591500
2019-04-09,88.49006652832031,88.59884634490145,88.46496398481442,88.54864125788964,3210600
2019-04-10,88.69922637939453,88.75780108484456,88.62391877988627,88.63228203483335,2059800
2019-04-11,88.49842071533203,88.59046761488955,88.46494853511425,88.55699543467176,1547500
2019-04-12,88.08842468261719,88.23904635860228,88.08842468261719,88.18884126132993,6032100
2019-04-15,88.20553588867188,88.21389914453735,88.10511936080314,88.10511936080314,2410700
2019-04-16,87.90431213378906,88.07166666642458,87.88757285002579,88.02146158346716,5003600
2019-04-17,87.92105865478516,88.01310557724516,87.86248392087126,87.86248392087126,2348800
2019-04-18,88.13026428222656,88.24741376233308,88.1051617342277,88.13863392628213,4893200
2019-04-22,88.00470733642578,88.08838458851605,87.9628719024632,88.0800213322226,3630000
2019-04-23,88.16374969482422,88.1888522465873,88.09680530067679,88.13027749775051,2462100
2019-04-24,88.49842071533203,88.50678397226228,88.39800417467868,88.41474345687037,3266700
2019-04-25,88.38963317871094,88.52352189752978,88.35616099900622,88.47331682005546,1457600
2019-04-26,88.62397003173828,88.69090803084609,88.5737585521977,88.67417512711108,2156100
2019-04-29,88.4398422241211,88.50678019753623,88.37289786654063,88.46494476217244,2715000
2019-04-30,88.61556243896484,88.64066497590132,88.38126358200446,88.3896268382066,3621900
2019-05-01,88.57533264160156,88.96941172818111,88.49987395539137,88.62563843240835,6870700
2019-05-02,88.32379150390625,88.51664103161878,88.265099281902,88.48310170519171,3126200
2019-05-03,88.44116973876953,88.55855416604645,88.39924398746855,88.42439687946053,2625200
2019-05-06,88.66756439208984,88.81010173101652,88.65079792744004,88.77656240474452,3370100
2019-05-07,88.96942138671875,89.03650004639147,88.84365049907568,88.8855762606144,3965800
2019-05-08,88.80171966552734,89.08679433685862,88.75979390940346,89.05325501135395,4226600
2019-05-09,89.03649139404297,89.23772095653305,88.91910694950938,89.12872294288685,4224100
2019-05-10,88.97776794433594,89.22930320992717,88.91907574266763,89.07837949178435,2855400
2019-05-13,89.42215728759766,89.49761595207983,89.31315290960715,89.35507865452205,5653400
2019-05-14,89.33837890625,89.3970711547757,89.24614731614172,89.35514537855363,2573200
2019-05-15,89.6234130859375,89.69049173869442,89.49764221126138,89.66533884315368,5512300
2019-05-16,89.44731903076172,89.48085835061981,89.33832103895129,89.42216614011095,3898400
2019-05-17,89.4892578125,89.64018157535546,89.39702626870098,89.64018157535546,2128400
2019-05-20,89.33837890625,89.58152793801696,89.32160603697105,89.50606921718763,2439600
2019-05-21,89.23770904541016,89.31316772240731,89.1622439714414,89.27963479727853,2675300
2019-05-22,89.50603485107422,89.54796061119876,89.35511107038786,89.38026396767344,3561900
2019-05-23,90.05105590820312,90.1852068531044,89.72405538359946,89.72405538359946,6184500
2019-05-24,90.02584838867188,90.02584838867188,89.90846398423311,89.99230907355076,2422800
2019-05-28,90.41996002197266,90.41996002197266,90.16003821367501,90.23550330455134,7039000
2019-05-29,90.38643646240234,90.75535633247497,90.36966359736913,90.62958543262067,5251800
2019-05-30,90.71340942382812,90.75532877973733,90.31933037584555,90.4367148075461,3461100
2019-05-31,91.31710815429688,91.35064108159864,90.96494844790827,91.02364066614436,6020600
2019-06-03,91.7564697265625,91.85727844487867,91.37841780435733,91.47083006915149,23830900
2019-06-04,91.42044830322266,91.56326496246996,91.23562372795763,91.37004393160785,5503200
2019-06-05,91.42044830322266,91.68087943590986,91.37004393160785,91.53806277666256,7712300
2019-06-06,91.4036636352539,91.6556919432381,91.34485638910668,91.49607593770084,2392400
2019-06-07,91.764892578125,91.92450855339585,91.68927961341109,91.90770923318604,2805900
2019-06-10,91.31123352050781,91.47084949490839,91.30283065569478,91.45405017479018,6071200
2019-06-11,91.31123352050781,91.37843721048854,91.21882123608796,91.25242628583226,2735800
2019-06-12,91.54641723632812,91.56321654814768,91.36999561945171,91.37839207060914,2062800
2019-06-13,91.77326965332031,91.84888260206671,91.61365371175624,91.63045302841847,1684700
2019-06-14,91.84049224853516,91.89089661489393,91.6976756041803,91.70607846840925,3880700
2019-06-17,91.82369232177734,91.89089600664174,91.71447431604636,91.82369232177734,3038800
2019-06-18,92.0001220703125,92.24375387661844,91.9161126497434,92.20174596157993,4564900
2019-06-19,92.25215148925781,92.32776445537408,91.74808855001217,91.80689578609902,4541500
2019-06-20,92.4033432006836,92.64697493671814,92.38654388521843,92.44535110360566,4575000
2019-06-21,92.02531433105469,92.21853533657489,91.94970137404142,92.18493669957705,4305200
2019-06-24,92.34455871582031,92.36136444492884,92.16813701722687,92.19333920138197,3046300
2019-06-25,92.48735809326172,92.60497894653211,92.3697436494978,92.43695373436475,5251000
2019-06-26,92.1093521118164,92.36978329055837,92.07574705496111,92.36978329055837,6675000
2019-06-27,92.38656616210938,92.43697053016481,92.14293436732864,92.21854091941181,2538400
2019-06-28,92.42852783203125,92.5041407610354,92.25210621036139,92.30251696619912,4341500
2019-07-01,92.31239318847656,92.4638769935235,92.15249183295208,92.42179566184556,8183600
2019-07-02,92.64064025878906,92.69955029184291,92.39658257307681,92.41341125935845,3117100
2019-07-03,92.81734466552734,92.90991846623153,92.74159954644651,92.75001709761334,2607000
2019-07-05,92.22826385498047,92.27876275538546,92.01786996197717,92.27876275538546,3664100
2019-07-08,92.13570404052734,92.42183667664558,92.13570404052734,92.36292663857932,3254100
2019-07-09,92.07677459716797,92.15251330698574,92.01785815080582,92.14409575454668,2061800
2019-07-10,92.12730407714844,92.2535417315979,92.01789511362578,92.16096787971588,4343700
2019-07-11,91.67284393310547,92.0683855509626,91.6307625785922,92.00947550707195,4769800
2019-07-12,91.77381896972656,91.87480392941326,91.6391637958615,91.66441003578318,4141900
2019-07-15,91.96741485595703,91.96741485595703,91.79068468450019,91.84959474165247,1753200
2019-07-16,91.7654037475586,91.7990675418801,91.5886736429048,91.67282991835248,2766100
2019-07-17,92.1946029663086,92.20301409879526,91.9168814971648,91.92529905036328,2624400
2019-07-18,92.42182922363281,92.4807392569485,92.06836902373873,92.09361526362943,2386700
2019-07-19,92.25350189208984,92.34607570399405,92.16092808018566,92.22824923553421,1728100
2019-07-22,92.29558563232422,92.4049945590551,92.26192184107715,92.39657700606541,1629800
2019-07-23,92.14411163330078,92.28718436657479,92.0852015974982,92.1946105359261,2329800
2019-07-24,92.27876281738281,92.36291909049827,92.20301767708047,92.27034526385765,2268500
2019-07-25,92.11886596679688,92.17777600296682,91.92530717111521,92.16935844902471,3172000
2019-07-26,92.1020736694336,92.16098372887909,92.0010822443635,92.15256617161118,3004100
2019-07-29,92.1861801147461,92.28717148518807,92.1693450093167,92.25350769504075,2505600
2019-07-30,92.22826385498047,92.29559144171242,92.11044378855559,92.26192764834644,2514800
2019-07-31,92.46392059326172,92.56490556377086,92.05996144908679,92.2030277711166,6669300
2019-08-01,93.51271057128906,93.51271057128906,92.56005002450219,92.60219938925628,16938700
2019-08-02,93.70661926269531,93.74876862791311,93.44526489722988,93.52957649180868,8503000
2019-08-05,94.51593017578125,94.59180286815337,94.22085898532936,94.27144078024409,7626200
2019-08-06,94.66768646240234,94.67611890597614,94.24615433269109,94.32202702864559,6462400
2019-08-07,94.66768646240234,95.4938858346773,94.5665164357265,95.32527555562073,9665300
2019-08-08,94.67613983154297,94.76887743514214,94.13657910082304,94.41478547954928,5178800
2019-08-09,94.53276824951172,94.92900937643604,94.47375402414436,94.74353425897631,2869000
2019-08-12,95.1313705444336,95.24940546148123,94.85316421959783,94.87845511894017,4739900
2019-08-13,94.79413604736328,95.1735123458901,94.549646669531,95.1482214502642,5888000
2019-08-14,95.42645263671875,95.5107577824793,95.26626835732446,95.34214105888786,8124300
2019-08-15,96.03345489501953,96.25264697598236,95.50232028390424,95.55290208226951,5240200
2019-08-16,95.780517578125,95.83109936832534,95.40956729780532,95.69621245043479,4957800
2019-08-19,95.32527923583984,95.4854635095767,95.27469743658405,95.29998833621194,3691400
2019-08-20,95.74681091308594,95.82269004366827,95.65407332685756,95.70465512586574,3161800
2019-08-21,95.49386596679688,95.74678776483017,95.44328418001761,95.49386596679688,4921700
2019-08-22,95.28311920166016,95.5781968363544,95.26626074668296,95.30841653223065,5860400
2019-08-23,95.92385864257812,96.05875202305921,95.27470193720644,95.37586554049686,8192600
2019-08-26,95.83109283447266,96.05029129717721,95.75522015434521,95.88168105329278,7581600
2019-08-27,96.24419403076172,96.2694849228668,95.94911647068723,95.94911647068723,3266900
2019-08-28,96.2779312133789,96.43811547321191,96.21049096424828,96.40439213261182,2505400
2019-08-29,96.09247589111328,96.19363949495423,95.84798646171359,96.19363949495423,4232400
2019-08-30,96.11775970458984,96.15148304740697,95.89012874859176,95.92385209140889,3651100
2019-09-03,96.32888793945312,96.6413447923342,96.01643108657204,96.16843625245907,11754000
2019-09-04,96.48089599609375,96.52312216008616,96.2275518977554,96.2275518977554,3447000
2019-09-05,95.70398712158203,95.94888470771505,95.49286917934408,95.92354514268753,4597800
2019-09-06,95.76307678222656,95.87285576629212,95.65329135535427,95.71240410720598,3111000
2019-09-09,95.17192077636719,95.37459854389004,95.163480701491,95.3070392880491,4818700
2019-09-10,94.4794692993164,95.11282292564859,94.4794692993164,95.02837706403221,4797200
2019-09-11,94.3865966796875,94.55549488108741,94.36971008095131,94.3950432004594,4737000
2019-09-12,94.17548370361328,94.71595153365627,94.0319250569932,94.66527884917251,8612500
2019-09-13,93.3141098022461,93.91368385227302,93.3141098022461,93.82079146283718,24187700
2019-09-16,93.71949005126953,93.82082255128114,93.52525868823227,93.65193075605579,5388300
2019-09-17,93.96434020996094,94.0572325896339,93.68566951374822,93.77011537450377,8211700
2019-09-18,93.99813079833984,94.41192651704063,93.90523840784023,94.21769521613955,5170400
2019-09-19,94.04034423828125,94.23456907011101,94.00656460604867,94.22612899415742,7131900
2019-09-20,94.58082580566406,94.59771240400836,94.1417033778302,94.19236961567056,9915000
2019-09-23,94.71597290039062,94.9862036549688,94.63152055480231,94.6990798541492,13163900
2019-09-24,95.18885040283203,95.27329628369205,94.7581680347959,94.76661455572423,10459100
2019-09-25,94.56392669677734,95.16350072219367,94.49636742672313,95.0790484132226,8430900
2019-09-26,94.76661682128906,94.943955108177,94.71595058012332,94.79194994187192,4233000
2019-09-27,94.90170288085938,94.99459525935585,94.74125768029774,94.77503731273337,4545500
2019-09-30,94.97775268554688,95.01153233363897,94.7244085462608,94.75818819435288,2797900
2019-10-01,95.24073791503906,95.45217725745721,94.56412943825434,94.59796050735524,8555100
2019-10-02,95.57058715820312,95.72282374983413,95.32531673542998,95.34223549706506,3908600
2019-10-03,96.0696029663086,96.31487344533654,95.68901462624844,95.70593339176398,6128300
2019-10-04,96.25565338134766,96.32331552601917,96.00193001775543,96.06113278118868,4707600
2019-10-07,95.93431091308594,96.14575037058171,95.90893921060567,96.04425710804048,3193100
2019-10-08,96.1372299194336,96.30638524955529,95.97654042158806,96.26409480387085,4304900
2019-10-09,95.89195251464844,96.03573614788651,95.73971595498475,96.03573614788651,3336800
2019-10-10,95.29149627685547,95.6382599502054,95.1984624353527,95.62134118668617,3924400
2019-10-11,94.64027404785156,94.87708513671998,94.48803742606214,94.83479467687138,8685300
2019-10-14,94.90242767333984,94.9700898072615,94.86014367910099,94.93625874030067,1932200
2019-10-15,94.44577026367188,94.92785194281981,94.42039856255143,94.86019622403856,6638500
2019-10-16,94.6318130493164,94.74175920937968,94.51340750690423,94.58952259019,2755500
2019-10-17,94.59793853759766,94.80091845244564,94.48799242801648,94.5556545505042,3188700
2019-10-18,94.68253326416016,94.82631691842728,94.61487757978233,94.6571615759414,2406400
2019-10-21,94.33576202392578,94.54720133101206,94.31039033949392,94.4372552142688,1735300
2019-10-22,94.55569458007812,94.59797858507225,94.3019647396418,94.56414750950621,3334400
2019-10-23,94.58950805664062,94.78403510506787,94.54722405662922,94.74174465243935,3305600
2019-10-24,94.57263946533203,94.78407892098271,94.53880837811352,94.63184225480941,2645400
2019-10-25,94.36963653564453,94.65719102841797,94.23431221954982,94.6402787152154,2381000
2019-10-28,94.01443481445312,94.0651782147375,93.92140094551873,94.03980651459531,5837600
2019-10-29,94.09898376464844,94.17509884442059,94.00594992095951,94.13281483986422,2199500
2019-10-30,94.55569458007812,94.56414750950621,94.1412687438576,94.17509981942364,5276700
2019-10-31,95.15619659423828,95.21539937262028,94.78406115719774,94.81789223807587,5540700
2019-11-01,94.97659301757812,95.22223022085493,94.76483747636703,95.01894671072685,8149400
2019-11-04,94.49378967285156,94.60390668900223,94.44297041140737,94.55308096529184,4145200
2019-11-05,93.9855728149414,94.16344668307069,93.89239986559761,94.12956502310331,6853500
2019-11-06,94.25663757324219,94.34981054032053,94.00253476851975,94.18040867050559,4129800
2019-11-07,93.50281524658203,93.77386219385575,93.15553937457615,93.77386219385575,5890100
2019-11-08,93.37574005126953,93.71455027645419,93.37574005126953,93.41809375276794,3037300
2019-11-11,93.47737884521484,93.61289904892182,93.37573384573427,93.58748941461846,1563000
2019-11-12,93.51973724365234,93.59596615039325,93.32491926709096,93.4689115102243,4446200
2019-11-13,93.77385711669922,93.90091177997604,93.70609376798242,93.86703010561764,2475200
2019-11-14,94.24815368652344,94.35827070409302,94.13804313122016,94.18039682448018,3189600
2019-11-15,94.17196655273438,94.26513954940981,94.08726559092104,94.09573116351396,2104500
2019-11-18,94.33287048339844,94.43450901773559,94.29898881786373,94.32439845144802,1893600
2019-11-19,94.51077270507812,94.54465438076696,94.34983636112335,94.34983636112335,8306500
2019-11-20,94.85802459716797,94.88343423194526,94.6293314219051,94.69709475615605,3838000
2019-11-21,94.62085723876953,94.72250223783549,94.50227463765947,94.62932927092514,3034700
2019-11-22,94.60395812988281,94.70559670803712,94.52772273399735,94.67171502789579,1879700
2019-11-25,94.646240234375,94.68012189119418,94.59542098027887,94.61235857755582,3573100
2019-11-26,94.82412719726562,94.85800885876961,94.73942627463876,94.79025199802781,3579300
2019-11-27,94.5785140991211,94.67168060779979,94.53616039877566,94.62933336972172,2351800
2019-11-29,94.50231170654297,94.55313099487645,94.39220109439721,94.54466542166729,2882300
2019-12-02,94.16299438476562,94.25630117384345,93.99334273573834,94.04424146622087,6826400
2019-12-03,95.00274658203125,95.14694562635019,94.63800363539902,94.64648783552028,6561900
2019-12-04,94.63800048828125,94.88399051122961,94.4853172489184,94.80764565577404,2072200
2019-12-05,94.41748809814453,94.5107949128643,94.27328901050507,94.28177321317517,3062000
2019-12-06,94.12905883789062,94.3156724057033,94.01030592592771,94.05271398217255,2717400
2019-12-09,94.20539855957031,94.34111987319679,94.18843663114123,94.33263567320802,1928500
2019-12-10,94.09513092041016,94.3156748217974,94.07816899178736,94.28174449300333,1707000
2019-12-11,94.48528289794922,94.55314352889432,94.22233104246939,94.23929296443269,2462600
2019-12-12,93.73888397216797,94.40899348919824,93.5692323068474,94.39202508689152,5490400
2019-12-13,94.2902603149414,94.34963679235683,93.7134574750984,93.9933714563136,4162000
2019-12-16,93.84913635253906,94.05271184391178,93.78975989790752,94.05271184391178,3028500
2019-12-17,93.85761260986328,94.00181163440215,93.79823616025624,93.95939711116242,3471400
2019-12-18,93.6031494140625,93.82369331204237,93.50136490080132,93.79824718372707,2249500
2019-12-19,93.67620086669922,93.79512189581683,93.50631553387694,93.5402938965834,1962500
2019-12-20,93.67620086669922,93.69319328840747,93.50631553387694,93.53179768572927,4660500
2019-12-23,93.59126281738281,93.76114815858598,93.51480987734415,93.70168764109384,1809400
2019-12-24,93.75267791748047,93.78665628892665,93.47236121358324,93.47236121358324,857600
2019-12-26,93.8885726928711,93.8885726928711,93.66771654759492,93.78664407252121,1285100
2019-12-27,94.02445983886719,94.05843819637522,93.9649993334054,93.9649993334054,1771100
2019-12-30,93.9649887084961,93.9649887084961,93.64219758902333,93.70165808776173,2035400
2019-12-31,93.62523651123047,93.85458235848475,93.61674030038104,93.81211426565768,2801600
2020-01-02,94.05844116210938,94.24531241323216,93.97349202530627,94.02446280352999,4022300
2020-01-03,94.68705749511719,94.70404343995439,94.32179811435802,94.4152370127414,3839600
2020-01-06,94.58509063720703,94.8569110283484,94.50864419003102,94.84842129913507,2714300
2020-01-07,94.44915771484375,94.6530213319737,94.44915771484375,94.56807869822852,2038800
2020-01-08,94.22831726074219,94.64454077140061,94.10939625769691,94.53411597734676,5081100
2020-01-09,94.29630279541016,94.32178494946506,93.9735115621531,94.015986139385,3680600
2020-01-10,94.50016021728516,94.55962073302493,94.36424676375987,94.36424676375987,2600000
2020-01-13,94.38970947265625,94.40669540932663,94.27078847383841,94.38121326396686,2672600
2020-01-14,94.57657623291016,94.59356864948654,94.42368336797122,94.44066930383953,2376300
2020-01-15,94.81446075439453,94.81446075439453,94.65306513908665,94.75500023518276,2734800
2020-01-16,94.61905670166016,94.72099176535902,94.54261026441738,94.67002099315535,2200500
2020-01-17,94.5426025390625,94.5426025390625,94.36421457198898,94.3981929237788,2627000
2020-01-21,94.91638946533203,94.95036783073161,94.7465041190447,94.75500033057223,2355600
2020-01-22,94.93338012695312,94.9843444337516,94.86542339741486,94.91638770421335,1787600
2020-01-23,95.17119598388672,95.34108128022555,95.1287214194477,95.16269977485719,1891300
2020-01-24,95.510986328125,95.65538949814808,95.27314428792003,95.29013022763058,7932600
2020-01-27,96.15654754638672,96.16504375587381,96.01214438865111,96.14805781760862,3824600
2020-01-28,95.83379364013672,96.08862816088958,95.79981527198893,96.06313952424544,1923600
2020-01-29,96.29248046875,96.334955044075,95.96119951948792,95.96119951948792,2429500
2020-01-30,96.38591003417969,96.69170880097538,96.32644952289773,96.45386675584756,4405500
2020-01-31,96.87004852294922,96.93800521528503,96.57274609486365,96.59822823431286,9764500
2020-02-03,96.78759765625,96.83012280595928,96.38782361036411,96.63449284057917,5722100
2020-02-04,96.22621154785156,96.32828358850634,96.08161435732008,96.31977596276418,2569600
2020-02-05,95.80941772460938,96.00505415768751,95.79240896449734,95.86895811912598,9027500
2020-02-06,95.87747192382812,95.94551994749503,95.7413758764943,95.7839075136403,1697100
2020-02-07,96.3368148803711,96.42187169043663,96.19221116489918,96.26876683655121,6177900
2020-02-10,96.52392578125,96.64300659104995,96.4303613607761,96.54093454432824,1909100
2020-02-11,96.29425811767578,96.43035416982254,96.23471771721582,96.39633015678585,1657100
2020-02-12,96.04757690429688,96.10711729732671,95.97102775157973,96.09010853763938,1473800
2020-02-13,96.13264465332031,96.23471669134227,96.06460311738921,96.09862713006319,1868000
2020-02-14,96.37079620361328,96.43033659322067,96.2942405658805,96.34527333142518,2043600
2020-02-18,96.52392578125,96.66852298037603,96.41334610828044,96.4984029025065,8356600
2020-02-19,96.50691986083984,96.54945150677435,96.37083027480197,96.42186305838892,1681800
2020-02-20,96.78759765625,96.91518608421187,96.64300046628783,96.65150160257947,3452900
2020-02-21,97.17886352539062,97.41702512854657,97.03426633624836,97.0427674724918,5381000
2020-02-24,97.93587493896484,98.06346335964406,97.83380290453815,97.98690771146987,6803600
2020-02-25,98.20804595947266,98.42069113255901,97.88482763257105,97.9103440150349,10014300
2020-02-26,98.15703582763672,98.4887618549877,97.8933513394065,97.9954233822134,19649400
2020-02-27,98.6333236694336,98.95654195492673,98.31010538394044,98.78642843401768,8629700
2020-02-28,99.73912048339844,99.90072644537379,99.31383002345319,99.42440320684868,13437000
2020-03-02,99.67098999023438,100.43742917662686,99.6113784144691,100.10530661205253,19402100
2020-03-03,100.82913970947266,101.58706092267968,99.66244886017154,99.7731606872246,11462300
2020-03-04,100.60773468017578,101.26346843628362,100.53109401882936,100.9739218889029,7627100
2020-03-05,101.50189208984375,101.61259740839505,101.2719571627042,101.34008651127682,5284200
2020-03-06,102.53236389160156,103.30731441638355,102.26836418777874,103.02629211457348,11614800
2020-03-09,103.45207977294922,105.09566340824277,103.42652638720784,104.95940467298519,24791700
2020-03-10,101.55302429199219,103.69053630803886,101.55302429199219,102.94112618442185,15072900
2020-03-11,100.53960418701172,102.69414493852993,100.14787009556966,102.4216339837366,13316100
2020-03-12,100.59069061279297,102.84741860101478,97.42274713861465,102.31943235343357,10671600
2020-03-13,99.93494415283203,101.32305194193127,99.64540418281865,100.31816684494449,8697200
2020-03-16,102.57494354248047,102.77081387830273,101.34012943811297,102.21727405672678,6971700
2020-03-17,100.00308227539062,102.43865134293195,99.99456448223908,102.11504667207082,5680300
2020-03-18,98.6150131225586,100.31820846839086,98.22327247550349,99.29628736258672,13256300
2020-03-19,98.93861389160156,100.1734278684418,98.71719668640337,98.90454920640381,6702900
2020-03-20,101.45933532714844,102.08951571816907,99.98607514975943,100.18193895506197,9641600
2020-03-23,102.66009521484375,103.09440532106868,101.72333263943892,101.72333263943892,12234700
2020-03-24,101.96175384521484,102.16613539054977,101.56150205010364,101.78291268372807,5235500
2020-03-25,102.02140045166016,102.4131345886293,101.68076009428607,101.9873357662053,5527600
2020-03-26,102.26834869384766,102.61750681493194,102.11506736908733,102.3535136482796,3384400
2020-03-27,103.0262451171875,103.37539663472324,102.770763326076,102.88146863706599,5282300
2020-03-30,103.26471710205078,103.97153810585127,103.1965877411241,103.71606274813644,4649400
2020-03-31,103.45207977294922,103.7331020443633,103.3073032424445,103.42652638720784,6356500
2020-04-01,103.87326049804688,104.23988229105728,103.78800097743887,104.12903905987088,9256400
2020-04-02,103.89031982421875,104.20578723627958,103.73685007036282,104.16315421941984,4789400
2020-04-03,103.967041015625,104.26545257037168,103.86472569476155,104.05230053056918,3441100
2020-04-06,103.4981460571289,103.67719306286163,103.404358601047,103.61751072761739,4697500
2020-04-07,103.03768157958984,103.07178668218843,102.54316734923519,102.78190306742526,9340600
2020-04-08,102.90979766845703,103.05474599283123,102.70517354065382,102.82453815727933,3341000
2020-04-09,103.13150024414062,103.25939279142808,102.76487841118866,102.85866584554046,4543600
2020-04-13,102.90979766845703,103.1826320071559,102.8842204655921,103.03769018766545,2103100
2020-04-14,103.04623413085938,103.20823178073285,102.99507971716659,103.02917832303861,2180100
2020-04-15,103.967041015625,104.04377262760956,103.5748420429745,103.60894064504495,3137400
2020-04-16,104.077880859375,104.2313505928359,104.0096706434181,104.11198596735345,1901600
2020-04-17,103.8050537109375,104.27399084710915,103.71126628370317,103.99262856540615,2375000
2020-04-20,104.077880859375,104.08640876259066,103.8391516084101,104.00114924508667,4230700
2020-04-21,104.36776733398438,104.60649657650707,104.27397991658133,104.50418125618992,3287700
2020-04-22,104.04379272460938,104.2313675966488,103.85621785256997,104.12905225602222,3168700
2020-04-23,104.1120376586914,104.1376148761532,103.90741341410958,103.99267297394472,2345900
2020-04-24,104.13756561279297,104.14609351620851,103.91588565817966,103.9244135615952,2373500
2020-04-27,103.58335876464844,103.91587541133771,103.5577815618083,103.89029820849757,2508100
2020-04-28,104.03524017333984,104.09492248167821,103.79651093998638,103.80503884257293,2847600
2020-04-29,103.9841079711914,104.19726004718308,103.77095589519973,104.04379029227367,2600100
2020-04-30,103.73686981201172,104.23991218617074,103.73686981201172,104.06086519007945,5371500
2020-05-01,103.88023376464844,104.05093890338138,103.76074342340299,103.94851582014162,8357700
2020-05-04,103.89728546142578,103.9740978737354,103.7436541250727,103.85460755787565,3580500
2020-05-05,103.82048034667969,103.85462137171417,103.59003656736535,103.65831210569961,3487600
2020-05-06,103.43641662597656,103.51322905698025,103.14622113702444,103.2657114819649,3279500
2020-05-07,104.06797790527344,104.11065580630274,103.49613049718798,103.53027151566474,3252800
2020-05-08,103.72657012939453,104.11065168826586,103.64975772466018,103.80338904586208,3486800
2020-05-11,103.43641662597656,103.76928351713003,103.35106079810302,103.7095383446598,4569400
2020-05-12,103.77779388427734,103.81193490649798,103.36811464109803,103.38518189634127,4267700
2020-05-13,103.99120330810547,104.11923055402674,103.82904154089232,103.90585398140335,2615800
2020-05-14,104.1533432006836,104.30697455157058,104.11067180483047,104.1704169684124,2257600
2020-05-15,104.08507537841797,104.32406257714217,104.00826294834384,104.29845192204878,1828900
2020-05-18,103.44490814208984,103.84605694016338,103.32541784203384,103.83752656996866,3091200
2020-05-19,103.73511505126953,103.75218230528884,103.41931550217582,103.41931550217582,1941700
2020-05-20,103.7607421875,103.8802325273222,103.51322462308684,103.59004356253548,2366700
2020-05-21,103.82901763916016,103.99971625326907,103.78633972976556,103.86315866432888,2063800
2020-05-22,104.02529907226562,104.02529907226562,103.86313737562067,103.88020462883941,1352400
2020-05-26,103.75221252441406,103.81195769848372,103.60711803192139,103.70100423570737,3484800
2020-05-27,103.83757019042969,103.99119505926585,103.68393880985782,103.69246918363602,2542900
2020-05-28,103.7436752319336,103.79488351722512,103.59004386432389,103.64978903440904,3873900
2020-05-29,104.0765380859375,104.11920948478559,103.81194676144574,103.914369839804,2993800
2020-06-01,104.03549194335938,104.03549194335938,103.79627200781913,103.90734306235879,8531700
2020-06-02,103.86466217041016,104.00990196996118,103.79631172888372,103.91592174242655,4711800
2020-06-03,103.24951934814453,103.54000546019998,103.16408455692472,103.52291459100196,4226600
2020-06-04,102.8394546508789,103.09575908661571,102.78818854912488,103.08722016820532,4744100
2020-06-05,102.32682037353516,102.36099559782059,101.96799029592432,102.18158055901517,10611700
2020-06-08,102.43788146972656,102.5318616977615,102.23283666231256,102.24137557885618,3314700
2020-06-09,102.80522155761719,102.97609108526628,102.7368711392557,102.83939676679793,3238600
2020-06-10,103.57415771484375,103.57415771484375,102.99319213780707,103.04445169752184,4944600
2020-06-11,103.9415512084961,104.10387534862117,103.88173968740276,103.95863555862532,6365800
2020-06-12,103.71086883544922,103.94154992801866,103.65960926743662,103.75358948763063,3051000
2020-06-15,103.62543487548828,104.0098946751606,103.62543487548828,103.94155075668438,2658000
2020-06-16,103.41185760498047,103.60835698738398,103.14700777728126,103.24098149174128,5252000
2020-06-17,103.57415771484375,103.60832640915004,103.35202209232096,103.51435272242476,2308300
2020-06-18,103.80484008789062,103.85609965147488,103.73648965760773,103.81338552123994,1694600
2020-06-19,103.83900451660156,103.89880950732281,103.5741547745868,103.5741547745868,2033200
2020-06-22,103.74502563476562,103.9842456006954,103.69376607585359,103.94153147435378,2284900
2020-06-23,103.71086883544922,103.74504405354308,103.58271339716136,103.64251839926152,2010600
2020-06-24,103.90740203857422,103.94157726565649,103.62546130383905,103.62546130383905,2310700
2020-06-25,103.92446899414062,104.08679966603978,103.89883920768433,104.06116987958349,1650900
2020-06-26,104.20636749267578,104.29180225235996,104.0440368864978,104.06112774938725,3413900
2020-06-29,104.30892944335938,104.35165009987675,104.16368964041155,104.17223507536642,28632400
2020-06-30,104.12095642089844,104.39435162503884,104.05260599029937,104.36017640973931,4126700
2020-07-01,103.95848083496094,104.0354461695959,103.77035059934732,103.92427474447258,8416500
2020-07-02,104.08673858642578,104.10383836738689,103.7703371834229,103.84730250810742,3054100
2020-07-06,103.93280792236328,103.94990770224857,103.71902479100845,103.8216430427504,2821900
2020-07-07,104.26629638671875,104.27484953769141,103.95844819312924,104.00975405067996,2920400
2020-07-08,104.10385131835938,104.21502274294012,103.99268641792325,104.08675153527098,2096700
2020-07-09,104.43733978271484,104.53140488856886,104.12094490315486,104.12949153158243,2769400
2020-07-10,104.23213958740234,104.57419402246147,104.19793349148185,104.53998792654099,1939000
2020-07-13,104.34326171875,104.36036802176844,104.05251980886688,104.0781727392515,2051100
2020-07-14,104.33477783203125,104.52290813350609,104.3176715187261,104.4801488743902,1721500
2020-07-15,104.30050659179688,104.40311831095683,104.17223541870405,104.18078857001501,2085400
2020-07-16,104.37750244140625,104.53997975328915,104.37750244140625,104.46302093659422,1907100
2020-07-17,104.35182189941406,104.45444015200798,104.30051603518883,104.42878721989536,2405200
2020-07-20,104.42029571533203,104.51436087137465,104.34333034941201,104.49725455710472,2695900
2020-07-21,104.53138732910156,104.56559340949734,104.42877561205698,104.46298169245276,3228400
2020-07-22,104.56560516357422,104.65967026420064,104.53139907933338,104.65967026420064,2431500
2020-07-23,104.66822814941406,104.71098086354078,104.57416304453399,104.69388108271885,2006500
2020-07-24,104.61691284179688,104.6938781637091,104.5570538243734,104.58271328110654,3395600
2020-07-27,104.45449829101562,104.71958743591826,104.42884534462468,104.70248764637331,1976500
2020-07-28,104.70243835449219,104.72809128880623,104.54851422446387,104.58272031159728,1870300
2020-07-29,104.83927154541016,104.83927154541016,104.59128227045265,104.7110003308949,1874200
2020-07-30,104.98462677001953,104.99317992280743,104.8991148145725,104.96752698858772,28331800
2020-07-31,105.01029968261719,105.08725849513652,104.83071607178243,104.87347531705639,4039200
2020-08-03,104.95894622802734,104.9675063526523,104.80489663208803,104.85624432091382,6595900
2020-08-04,105.31841278076172,105.34408662997014,105.0873416084228,105.12157558385509,3842000
2020-08-05,104.9675064086914,105.07876191102733,104.93327243963529,105.05308806660072,2423700
2020-08-06,105.08732604980469,105.31839718793255,105.03597835899009,105.17290771098307,2286500
2020-08-07,104.86479187011719,105.18145114864689,104.83055790518469,105.1215433423803,2363400
2020-08-10,104.75352478027344,105.02738993994308,104.75352478027344,105.01026969464222,1994900
2020-08-11,104.39408874511719,104.4454364273926,104.14589739835078,104.3769684980513,7166500
2020-08-12,104.08600616455078,104.20582179524389,103.95763040896182,104.11168000977614,5538100
2020-08-13,103.87203216552734,104.16301107091037,103.7693302715598,104.06886930047207,5748400
2020-08-14,103.9233627319336,104.06029203854405,103.91480260981417,103.96615681307063,2722800
2020-08-17,104.09455871582031,104.26572856470933,104.06888487085249,104.14591293521806,3357700
2020-08-18,104.2742919921875,104.34275993819902,104.1459227552443,104.2058305756387,1853600
2020-08-19,104.1373519897461,104.3855433715827,104.11167814498059,104.32563555730917,4493800
2020-08-20,104.4368667602539,104.47966084454691,104.36839883716931,104.45398700575532,2880300
2020-08-21,104.5138931274414,104.53956696582064,104.34272332247915,104.50533300482819,2103700
2020-08-24,104.36843872070312,104.59095629103105,104.35132499812237,104.48825436715747,1974900
2020-08-25,104.12023162841797,104.17157931467376,103.88915398134364,104.03464344537613,3562800
2020-08-26,104.07745361328125,104.1288013074685,103.88060990312574,104.01754579357525,3337400
2020-08-27,103.70943450927734,104.29995904160981,103.70943450927734,104.29995904160981,4672900
2020-08-28,103.88060760498047,104.00898336707117,103.7779122188779,103.9062879809686,2277200
2020-08-31,103.99185943603516,104.1630227490431,103.88059740606434,103.89771765504224,3273300
2020-09-01,104.33272552490234,104.33272552490234,103.8873744563518,103.97301813866603,4622900
2020-09-02,104.47831726074219,104.52114236769393,104.22994601564874,104.247078672107,3013400
2020-09-03,104.6153793334961,104.82092552460406,104.50403664040775,104.55542808883145,5750500
2020-09-04,104.03292846679688,104.4183281527794,103.95584460908543,104.34125082925951,7512800
2020-09-08,104.25566101074219,104.41838206692103,104.22996202210824,104.26422080609191,3442700
2020-09-09,104.20426940917969,104.341304544906,104.09293326204825,104.28135330657446,3964300
2020-09-10,104.33272552490234,104.34985164768754,104.00727691843056,104.06722814946994,3164200
2020-09-11,104.49543762207031,104.49543762207031,104.34983619608249,104.38409497077414,4905000
2020-09-14,104.40126037597656,104.57254776897467,104.3413091350077,104.50403019809735,1797100
2020-09-15,104.349853515625,104.4012449532888,104.28134248906368,104.34129372117623,2897600
2020-09-16,104.28990936279297,104.48689572978823,104.19570587810227,104.48689572978823,4015700
2020-09-17,104.32415771484375,104.52971039051171,104.28989893556576,104.52971039051171,3426800
2020-09-18,104.22994995117188,104.38411119414748,104.22994995117188,104.35841874268391,5606900
2020-09-21,104.41836547851562,104.61535182157887,104.40123935634199,104.49544936378173,5838100
2020-09-22,104.41836547851562,104.51257548595537,104.38410669997447,104.41836547851562,3387900
2020-09-23,104.41836547851562,104.4526242570568,104.28133689854485,104.41836547851562,3172000
2020-09-24,104.4697494506836,104.50400169258408,104.40979822606761,104.46118312311177,2866900
2020-09-25,104.55538177490234,104.58964054727765,104.48686423015172,104.53824912161834,2187400
2020-09-28,104.53829193115234,104.55542459145235,104.48690701864307,104.52116580504772,4167200
2020-09-29,104.6153793334961,104.67533057816073,104.5639878850724,104.59824667262299,2577100
2020-09-30,104.33272552490234,104.5125792180205,104.19569694003837,104.5125792180205,4276400
2020-10-01,104.39188385009766,104.4690177790624,104.06622397047174,104.15192325053793,8733800
2020-10-02,104.28900146484375,104.49468095423543,104.2118675698012,104.47754372113324,7509700
2020-10-05,103.62914276123047,104.00622741642597,103.62914276123047,103.99765552741638,6132200
2020-10-06,103.86907196044922,104.04047699667079,103.5862650929424,103.65482056899745,8516400
2020-10-07,103.56914520263672,103.78339664349382,103.50915506073413,103.67198824808476,7116700
2020-10-08,103.7576904296875,103.77482766852575,103.6462820311507,103.68912839746396,3499000
2020-10-09,103.70625305175781,103.80908954269526,103.50913888007095,103.67197204196731,4358500
2020-10-12,103.81767272949219,103.81767272949219,103.68912056339443,103.74911070244875,3287900
2020-10-13,104.0490493774414,104.06618661192819,103.92906258229944,103.92906258229944,6583300
2020-10-14,104.08333587646484,104.16904167410557,104.04048951607884,104.10905153881768,5200600
2020-10-15,103.971923828125,104.21188436081749,103.94621470511282,104.19474712495408,3839200
2020-10-16,103.91192626953125,104.09189665619014,103.87764526181998,103.97191639841755,2726200
2020-10-19,103.74052429199219,103.80907976668306,103.61197215199246,103.71480863324548,3635800
2020-10-20,103.5177230834961,103.68055626476608,103.48344206962689,103.61199423702769,6129700
2020-10-21,103.38056182861328,103.49197671820649,103.32057171053712,103.38913371360486,6425300
2020-10-22,103.02063751220703,103.32916003666973,103.01206562585152,103.29487902968127,6749000
2020-10-23,103.16632080078125,103.26059192982872,102.99492231438575,103.00349420023547,5049900
2020-10-26,103.44058990478516,103.5520048352627,103.3463187505818,103.38917165283237,4817800
2020-10-27,103.67198181152344,103.70626282454441,103.54342964730343,103.58628254818832,3620100
2020-10-28,103.6634292602539,103.85197159782123,103.5948672214229,103.82626246786857,5586600
2020-10-29,103.226318359375,103.64625579662483,103.15776288293921,103.62911202369068,7504800
2020-10-30,102.8921127319336,103.226344465909,102.8921127319336,103.18349809960475,7246800
2020-11-02,103.06876373291016,103.26599623827481,103.017306370252,103.1973907831148,7674300
2020-11-03,102.83719635009766,102.93152719180945,102.76002013919236,102.91437910357762,9203500
2020-11-04,103.70330810546875,103.8147870204613,103.57467456197041,103.70330810546875,14922300
2020-11-05,103.68618774414062,103.78051205584869,103.56612494021785,103.74621587481424,6250700
2020-11-06,103.3345947265625,103.41177095148201,103.21453845941488,103.360320134869,10402200
2020-11-09,102.57135772705078,102.58850581516079,102.21118899356891,102.55420309636614,11195800
2020-11-10,102.27981567382812,102.47705472483548,102.22836485294638,102.2369421706188,4810500
2020-11-11,102.44273376464844,102.48561380280266,102.27122669718204,102.28837478689859,1699900
2020-11-12,103.02586364746094,103.03444096333158,102.71714570186822,102.75144842277574,6324000
2020-11-13,102.88865661621094,103.01728363803221,102.8715019849182,102.98298091802158,6766000
2020-11-16,102.81144714355469,102.90577796342701,102.80286983013724,102.82002445697212,3911400
2020-11-17,103.07730865478516,103.1201886891494,102.98297781324358,103.00870975940693,4707900
2020-11-18,103.04302978515625,103.14593141679396,102.89724156937653,103.14593141679396,7931200
2020-11-19,103.15449523925781,103.25740340000915,103.12019251900738,103.15449523925781,9323000
2020-11-20,103.3345947265625,103.35174281790822,103.18881305110837,103.20596114245409,16772200
2020-11-23,103.12876892089844,103.21452244947724,103.07731156969128,103.19736781821658,2511900
2020-11-24,102.96588134765625,103.06878955617931,102.9144305146837,103.05163491680317,4349300
2020-11-25,103.00015258789062,103.1888143078706,102.99157527082536,103.04303263064097,2125500
2020-11-27,103.3088150024414,103.3088150024414,103.16303340363366,103.1716041735124,2988100
2020-11-30,103.24028015136719,103.34318834340034,103.20597742068946,103.26600556373126,2390900
2020-12-01,102.69105529785156,102.98281903763768,102.57091921291776,102.94849350666722,13902200
2020-12-02,102.51947021484375,102.61386382145064,102.37359156715235,102.59669777647052,5578500
2020-12-03,102.79403686523438,102.8884304432397,102.63099222196594,102.67390077448687,4484900
2020-12-04,102.39070129394531,102.4936778729862,102.28772471490441,102.46793536495716,4709100
2020-12-07,102.70821380615234,102.76828184421501,102.62239671155557,102.63956274924497,4441600
2020-12-08,102.81118774414062,103.00855790350415,102.80261127189576,102.89700484199238,4735700
2020-12-09,102.66532897949219,102.77688206254696,102.51945036005287,102.62242042227986,3444100
2020-12-10,102.89701843261719,102.93133741998028,102.6653227128957,102.75113327515592,3557600
2020-12-11,103.10297393798828,103.20594400276521,103.01716336836523,103.04290588455946,4336600
2020-12-14,103.04289245605469,103.11154352157727,102.78545423380798,102.83693925948694,2870600
2020-12-15,102.93991088867188,102.99997893137305,102.83693429535887,102.91416837707503,2889200
2020-12-16,102.85409545898438,102.97423153869217,102.66530832032205,102.70821686889998,5058400
2020-12-17,102.7794189453125,103.09711876378714,102.71073258127542,103.02842584883312,3233200
2020-12-18,102.69355010986328,102.90821054343361,102.67638015758094,102.85669413567004,3189500
2020-12-21,102.76224517822266,102.89104275125214,102.67638231317522,102.85669629504984,2850500
2020-12-22,102.9339599609375,102.95113646267022,102.78799245078935,102.89103180843769,3688500
2020-12-23,102.71929168701172,102.74505643763963,102.53897773810927,102.73646818743032,3047100
2020-12-24,102.8652572631836,102.8652572631836,102.78797611949702,102.81373431708755,1529300
2020-12-28,102.87384033203125,102.87384033203125,102.64200999971351,102.702114645197,3677500
2020-12-29,102.85667419433594,102.89102064315826,102.72787664898104,102.72787664898104,2157300
2020-12-30,102.9254150390625,102.9254150390625,102.80520568764334,102.81378739066018,2549100
2020-12-31,102.99404907226562,103.03698376920212,102.90818622930763,102.90818622930763,2626200
2021-01-04,103.01983642578125,103.08852278466993,102.73648308602242,102.76224128947023,5499000
2021-01-05,102.7794189453125,102.94256298059906,102.67638612379841,102.92539302731903,5004400
2021-01-06,102.1783676147461,102.2814069824355,101.98087713107059,102.2814069824355,10039300
2021-01-07,101.81774139404297,101.88643430700971,101.73187852829292,101.81774139404297,7751700
2021-01-08,101.52578735351562,101.68893136409895,101.43133624748485,101.6202384595464,8378700
2021-01-11,101.32831573486328,101.45711330879624,101.3111392311833,101.44852505695624,6061000
2021-01-12,101.31114196777344,101.3540766772164,100.95051399175337,101.12223972769142,6516600
2021-01-13,101.6631851196289,101.79198269308435,101.43993642903392,101.46569463354167,7562900
2021-01-14,101.4312973022461,101.72323875904357,101.345434479981,101.65454588086611,8113000
2021-01-15,101.70608520507812,101.77477809875009,101.50001307497713,101.64598056084388,5978400
2021-01-19,101.76619720458984,101.76619720458984,101.51719691113324,101.56012505959472,4035700
2021-01-20,101.80917358398438,101.80917358398438,101.62885956442983,101.65461777423505,4277700
2021-01-21,101.6631851196289,101.73187803226071,101.57732225429751,101.63742691512117,4254500
2021-01-22,101.81774139404297,101.83491134682629,101.69753207180956,101.74904848107624,4706200
2021-01-25,102.22986602783203,102.22986602783203,101.9293427802842,101.96368923013475,5689200
2021-01-26,102.19551849365234,102.22986494313845,102.10965564539478,102.12683214559554,4257100
2021-01-27,102.31568908691406,102.47023821486958,102.28134265261977,102.36720546289924,5764700
2021-01-28,102.04956817626953,102.18695399734246,101.93794710983516,102.17836574579627,5394200
2021-01-29,101.86922454833984,101.99802208037762,101.72325706912382,101.75760351439487,7952100
2021-02-01,101.99640655517578,102.04795684938725,101.84174911731581,101.87611816519865,3640700
2021-02-02,101.73863220214844,101.78158858868925,101.64411897444425,101.67848146158708,3609800
2021-02-03,101.4894790649414,101.65272385031007,101.47229126318112,101.60117355548057,3844200
2021-02-04,101.4551010131836,101.49805740332086,101.2918496870767,101.36918167768395,2146000
2021-02-05,101.24031829833984,101.54103930634558,101.24031829833984,101.42934480486525,5498000
2021-02-08,101.28326416015625,101.42074035250106,101.16297576946737,101.2231199648118,2861300
2021-02-09,101.360595703125,101.49806533962837,101.31763275440328,101.39496475105724,4458500
2021-02-10,101.61835479736328,101.61835479736328,101.46369735765616,101.47229125853592,6726800
2021-02-11,101.54098510742188,101.65267954928373,101.49802217697041,101.61831051596712,5949900
2021-02-12,101.20591735839844,101.40353114915472,101.17154831756598,101.29183668286744,8802400
2021-02-16,100.47559356689453,100.8536399067292,100.40685548502485,100.75912668296446,8909000
2021-02-17,100.54432678222656,100.67320904909079,100.42403841454647,100.54432678222656,4789700
2021-02-18,100.5357437133789,100.61306914365093,100.30375431211348,100.38108629761018,4469900
2021-02-19,100.13191223144531,100.32952602776098,99.98584872021642,100.23501935684334,5851800
2021-02-22,99.96865844726562,100.24360421963044,99.89133302154941,100.05457777202507,3828000
2021-02-23,100.04600524902344,100.16629363255105,99.8140158270593,99.89993516454683,7344900
2021-02-24,99.90853881835938,99.9600891148394,99.487529434912,99.54767363254734,7133700
2021-02-25,98.57682037353516,99.4274334540855,98.03551577708842,99.33292016122112,35760600
2021-02-26,99.46176147460938,99.50471787303849,98.55959188965512,98.92905100332264,28188400
2021-03-01,99.34996032714844,99.46172893412863,99.08344729670132,99.27258811541498,9616500
2021-03-02,99.53052520751953,99.53912430833219,99.22102972937641,99.26401211505558,6271000
2021-03-03,98.99746704101562,99.07483924575796,98.80832623939223,99.05764760887854,8377300
2021-03-04,98.50745391845703,99.10066068283149,98.36130200253811,98.9888986105156,12327900
2021-03-05,98.3698959350586,98.49885621059558,98.02600405335734,98.11198194317672,8634600
2021-03-08,97.9830093383789,98.16355107773617,97.94861949861686,98.13776033771245,7416400
2021-03-09,98.44728088378906,98.53325221979549,98.25814000905945,98.412891037548,7035000
2021-03-10,98.65360260009766,98.7481730271076,98.39568206112656,98.44727010443584,5683100
2021-03-11,98.61917114257812,98.75673045443361,98.47301929312343,98.64496187375377,7576500
2021-03-12,97.90562438964844,98.00019480323694,97.80246143605433,97.99160226323133,7332600
2021-03-15,98.02601623535156,98.12058667855176,97.94004489404034,97.96583564051441,4465500
2021-03-16,98.00883483886719,98.21516739142744,97.89707273939571,98.13779514391494,5479400
2021-03-17,97.845458984375,98.0517980419373,97.45858473003143,97.63912648600456,8975900
2021-03-18,97.23504638671875,97.34681500724322,96.96853332397517,97.06310374479217,8281400
2021-03-19,97.17487335205078,97.32102526495665,97.00293069677234,97.02872143914492,8748100
2021-03-22,97.49295043945312,97.54453191147924,97.34679856258565,97.42417077062481,4679800
2021-03-23,97.97440338134766,97.99160157962059,97.6391106661242,97.70789034083434,7544000
2021-03-24,98.1033935546875,98.12058519901336,97.75090253367588,97.77669983895387,14634800
2021-03-25,97.97440338134766,98.21512568364237,97.8282514919817,98.15494510806869,10573800
2021-03-26,97.64775848388672,97.91427165736934,97.63915938045996,97.70793908948582,6409700
2021-03-29,97.31243896484375,97.74230218980136,97.22646107249841,97.73370308872836,6298000
2021-03-30,97.2264404296875,97.2866275652274,96.95992738574051,97.04589870064042,5784900
2021-03-31,97.0888900756836,97.31242074738914,96.96852891996316,97.20065213194084,8620000
2021-04-01,97.51904296875,97.5706564520159,97.32118034412935,97.39000269732442,8535300
2021-04-05,97.2437744140625,97.32119465034211,97.0373138873884,97.18355648697998,9944500
2021-04-06,97.71686553955078,97.73407440358197,97.41577605159091,97.4501872163947,8765200
2021-04-07,97.65666961669922,97.89754782452822,97.6222650074123,97.69968522319799,6316800
2021-04-08,97.99214935302734,98.00074722130134,97.81148910714187,97.8286979702063,6334700
2021-04-09,97.7341079711914,97.91476172601439,97.587865392991,97.67389005291707,5887400
2021-04-12,97.67385864257812,97.69966537593083,97.57062514590856,97.65664977817049,5466000
2021-04-13,98.07820129394531,98.07820129394531,97.67387822168153,97.6996849602073,7663800
2021-04-14,97.95775604248047,97.99216721162239,97.82871579901312,97.9147404402382,4876900
2021-04-15,98.58575439453125,98.7319969595776,98.26746252510806,98.26746252510806,9958500
2021-04-16,98.31906127929688,98.47390825534993,98.26744780836562,98.29325454383125,7334900
2021-04-19,98.21586608886719,98.3793175615921,98.10403467047016,98.15564816153619,5738600
2021-04-20,98.50833129882812,98.5771470806124,98.1900328754431,98.1900328754431,6468300
2021-04-21,98.55995178222656,98.61156526304879,98.3620891669738,98.49973386684712,7976500
2021-04-22,98.63734436035156,98.66315109181319,98.31904602472237,98.55131317113518,7681300
2021-04-23,98.50833129882812,98.62876712102569,98.35348430410839,98.62016268708014,5509900
2021-04-26,98.40509033203125,98.54273501170029,98.40509033203125,98.46530823857157,7145300
2021-04-27,98.01795959472656,98.35346024065807,98.01795959472656,98.26743561202971,7720500
2021-04-28,98.14701080322266,98.16421966998008,97.77710549031318,98.0265749889592,8692900
2021-04-29,97.9749755859375,97.98358002055194,97.58786135067496,97.68249044165212,5547800
2021-04-30,98.06095886230469,98.09537002298099,97.87170076021394,98.01794983390266,5160000
2021-05-03,98.22799682617188,98.4345914215145,98.06443921411693,98.09887274126133,8593300
2021-05-04,98.35713958740234,98.6153812387353,98.30548600311573,98.42600008724278,11171000
2021-05-05,98.47763061523438,98.50345411756918,98.25381598246022,98.25381598246022,6810000
2021-05-06,98.52068328857422,98.63259390654768,98.39156575633488,98.40877923812529,6546200
2021-05-07,98.55508422851562,98.95105985399503,98.46900371298051,98.75307532501651,10657600
2021-05-10,98.35713958740234,98.67563828079882,98.31409602841767,98.59816775565643,5906800
2021-05-11,98.19356536865234,98.27964590456577,98.15052181693368,98.21077884882547,6591300
2021-05-12,97.72008514404297,97.9008627565058,97.67704817192683,97.83199572009349,14509800
2021-05-13,98.04723358154297,98.08166711144327,97.78037536669676,97.8406389696655,8242700
2021-05-14,98.26241302490234,98.29684654597445,98.09024541954182,98.19354598275814,7943100
2021-05-17,98.167724609375,98.23659165301032,98.12468106522223,98.19354810885756,6711100
2021-05-18,98.167724609375,98.210761586005,98.064424043922,98.1591145870399,4319600
2021-05-19,97.87505340576172,98.34850617189181,97.78897287578992,98.15051504218556,13156500
2021-05-20,98.27965545654297,98.28826548122831,98.02141382370371,98.04723733023518,8412700
2021-05-21,98.31407165527344,98.40015218437745,98.20216762419058,98.37432868239858,6648700
2021-05-24,98.40876770019531,98.50345825775186,98.32268716628676,98.36572414947916,4826000
2021-05-25,98.77033996582031,98.78756001836103,98.51209828544141,98.51209828544141,5748200
2021-05-26,98.65837097167969,98.83053197864072,98.61532743617872,98.70141450718067,4501600
2021-05-27,98.48625183105469,98.48625183105469,98.30547415911947,98.44320827725598,5998100
2021-05-28,98.47763061523438,98.68422520143632,98.44319708961346,98.44319708961346,5575700
2021-06-01,98.45953369140625,98.47675906410217,98.24418038636998,98.36477771142539,9498100
2021-06-02,98.57154846191406,98.6404631201839,98.51986575424344,98.56293248661444,4269900
2021-06-03,98.32170104980469,98.48537165907905,98.27862776145005,98.48537165907905,3591200
2021-06-04,98.8643798828125,98.87299585410162,98.55427720906957,98.57150257958732,6326000
2021-06-07,98.78688049316406,98.82133781485312,98.71796584978594,98.7438071980372,3068500
2021-06-08,99.07112121582031,99.12280389810611,99.02804793254195,99.0969625569632,4760500
2021-06-09,99.38125610351562,99.53631076245223,99.25204279239146,99.42432282584902,5679300
2021-06-10,99.73443603515625,99.74305200878392,99.12283334883787,99.16590664491389,6494800
2021-06-11,99.5879898071289,99.68274579367535,99.50184979355807,99.66551384772413,3914200
2021-06-14,99.27786254882812,99.49321582984511,99.23478926380051,99.48459985842747,3730900
2021-06-15,99.29509735107422,99.31232929554628,99.17450002801472,99.22618928936964,4212700
2021-06-16,98.61459350585938,99.38986018700055,98.46814825598764,99.33817749414092,13529000
2021-06-17,98.96778106689453,99.28650637816979,98.70074502656757,98.7696596731237,8838100
2021-06-18,99.5276870727539,99.56214439118634,98.89885251246974,99.09698045044082,13435000
2021-06-21,99.20894622802734,99.36400085059509,99.13142220277372,99.28647682534145,6460000
2021-06-22,99.38984680175781,99.41569471676824,99.07112814263101,99.09696948558067,5459700
2021-06-23,99.19172668457031,99.3812386312927,99.14865339774764,99.27786668615481,5429800
2021-06-24,99.17449951171875,99.30371280634161,99.13143279488524,99.1917314561011,3631700
2021-06-25,98.96778106689453,99.27789040433467,98.79550102256664,99.24343308105661,6716800
2021-06-28,99.27786254882812,99.37261851824044,99.14864926580583,99.15726523722347,4968900
2021-06-29,99.32955169677734,99.33816766875564,99.1400397456208,99.1486557175991,3373200
2021-06-30,99.48464965820312,99.63109495736792,99.45880830307517,99.47604025453639,6572800
2021-07-01,99.4130630493164,99.51649738523228,99.27514183283449,99.45615849713283,11966200
2021-07-02,99.77511596679688,99.77511596679688,99.50790177795787,99.53376036701366,5071900
2021-07-06,100.30091094970703,100.36987155893992,99.89577559102086,99.89577559102086,9095300
2021-07-07,100.59397888183594,100.77500211655949,100.39572536029354,100.49054454936002,7456400
2021-07-08,100.85261535644531,101.01639521234216,100.69745722360825,100.78365472486267,7368000
2021-07-09,100.343994140625,100.45605017726196,100.33537242197771,100.43880673996739,5531200
2021-07-12,100.29231262207031,100.47332933119355,100.21473685092343,100.43023387270547,3867700
2021-07-13,99.9819564819336,100.44743065238639,99.8957590229115,100.3439963321377,6926500
2021-07-14,100.41299438476562,100.43885297616683,100.17163876309107,100.25783625991092,6029200
2021-07-15,100.83538818359375,100.88710537403021,100.44748952597499,100.67160831194705,5704500
2021-07-16,100.818115234375,100.83535867710698,100.55952278141369,100.56813792633318,3577900
2021-07-19,101.68009948730469,101.80939899724866,101.43874390951393,101.49046108291301,20557500
2021-07-20,101.55078887939453,102.16279947803652,101.46459140766737,102.11970403039571,8729000
2021-07-21,100.96467590332031,101.20603812450447,100.86985667482426,101.13707748988043,7438300
2021-07-22,101.19738006591797,101.404255319063,100.95602450784114,100.9646396517398,6363500
2021-07-23,101.04222869873047,101.06808728503682,100.8267317109159,100.8353534318334,6804600
2021-07-26,100.9732894897461,101.21464511503234,100.95605262070318,101.19740824598942,6179600
2021-07-27,101.40425872802734,101.464597619575,101.29220266556625,101.38702186320485,8621200
2021-07-28,101.49048614501953,101.49910786819719,101.07673550276253,101.21465019136556,11533500
2021-07-29,101.18013763427734,101.30943713494962,101.09394015931109,101.1197987441564,6203800
2021-07-30,101.46461486816406,101.5249537699691,101.343937064554,101.35255878665389,5656400
2021-08-02,101.90970611572266,102.1080878059357,101.53018416130195,101.62506464990712,19495800
2021-08-03,101.93553161621094,102.09941721295414,101.8837810406894,101.93553161621094,6627300
2021-08-04,101.90970611572266,102.32372408354802,101.59056205580552,102.23747088864248,7545000
2021-08-05,101.53878784179688,101.7457967775689,101.46978266964106,101.69404618879975,5164600
2021-08-06,100.94363403320312,101.13339497433921,100.91775873772015,101.03851450377117,7807600
2021-08-09,100.72801208496094,101.18515991852894,100.72801208496094,101.09027943450201,10842500
2021-08-10,100.5382308959961,100.8142449992798,100.52961018514324,100.80562428842694,7192400
2021-08-11,100.6503677368164,100.90912726161278,100.43473150913837,100.60723785900262,7254300
2021-08-12,100.54684448242188,100.6589729344831,100.42608873998843,100.54684448242188,6932200
2021-08-13,101.124755859375,101.124755859375,100.68486272620271,100.7021107276096,6896500
2021-08-16,101.34902954101562,101.62504365611227,101.34902954101562,101.39215941990706,6928100
2021-08-17,101.29725646972656,101.52151336424443,101.2800018897211,101.33175904904334,7785500
2021-08-18,101.24551391601562,101.34039437765063,101.02987769969882,101.25414120726292,7025800
2021-08-19,101.46979522705078,101.53880040774634,101.37491474876845,101.46116793428978,6242600
2021-08-20,101.3749008178711,101.53015916275245,101.27139964174708,101.469781283115,6510200
2021-08-23,101.40079498291016,101.41804956927217,101.26279119549675,101.3490443852172,3958500
2021-08-24,101.124755859375,101.35764665288497,101.09888056691722,101.27139348446069,3649700
2021-08-25,100.72801208496094,101.12478202693876,100.6762614866541,101.09027943450201,5874700
2021-08-26,100.72801208496094,100.77114197068104,100.56412641606046,100.6762614866541,6850600
2021-08-27,101.05575561523438,101.05575561523438,100.59860132676495,100.7279843676263,6360700
2021-08-30,101.2541275024414,101.262754792521,101.00398873568697,101.03849131531112,6546200
2021-08-31,101.06437683105469,101.34039091528217,101.02125353768172,101.20238716351587,7418400
2021-09-01,101.1075439453125,101.23701539783673,101.02123183869355,101.20248923815083,11908600
2021-09-02,101.2283706665039,101.2283706665039,101.10753241398069,101.21973748126915,2976200
2021-09-03,100.98672485351562,101.02988420761565,100.88314635479131,100.9953580413742,4988900
2021-09-07,100.58963775634766,100.7104759902606,100.50332567286553,100.63279050549379,7098600
2021-09-08,100.86585235595703,100.93490466502105,100.66732861369562,100.72774773782898,6046200
2021-09-09,101.15072631835938,101.26293142398853,100.8227310192704,100.90904973073158,7009500
2021-09-10,100.83131408691406,101.01257143753675,100.73636881965601,100.92625935417212,8147100
2021-09-13,100.95221710205078,101.0385292408022,100.9090643252721,100.92632411894476,4269300
2021-09-14,101.33194732666016,101.43551920686681,101.07300445576199,101.12479698105608,6991000
2021-09-15,101.15933227539062,101.28880373096499,100.986708058086,101.27154394331123,5108900
2021-09-16,100.83998107910156,100.99534551532238,100.71050961805221,100.80545491714227,5682700
2021-09-17,100.5465087890625,100.61556111077932,100.45156349299982,100.58966813643347,7611700
2021-09-20,101.05577850341797,101.16798360627077,100.83136171251942,100.90904723387364,8781600
2021-09-21,100.99530792236328,101.11614615164581,100.93488880772202,101.09025318611235,4867900
2021-09-22,101.09024810791016,101.17656018374905,100.80541233097148,100.99530284893059,10966400
2021-09-23,100.17534637451172,100.65007278650445,100.17534637451172,100.62417981588501,10650100
2021-09-24,99.8732681274414,100.04589893693995,99.81284899041493,100.03726575016701,10528000
2021-09-27,99.60567474365234,99.77829892660668,99.57978177472823,99.60567474365234,6742100
2021-09-28,99.2259292602539,99.4503460468108,99.02741203710934,99.24319563586212,10295500
2021-09-29,99.3294677734375,99.57114425312335,99.14821041367311,99.43303964462277,8364000
2021-09-30,99.4503173828125,99.4848435388848,99.19137450486566,99.23453384625378,7307900
2021-10-01,99.85628509521484,99.8994744297499,99.55397952277116,99.64035160207403,19830100
2021-10-04,99.73535919189453,99.90810334413622,99.55397585511065,99.68353726417543,7691800
2021-10-05,99.4244155883789,99.60579892724678,99.3207651419828,99.57988796308952,6861900
2021-10-06,99.45035552978516,99.55400600638232,99.37262261466404,99.45899471694383,7473500
2021-10-07,99.05300903320312,99.2516707399644,99.0443698486221,99.22575318622134,8160200
2021-10-08,98.83708190917969,99.00119347794777,98.72479886146691,99.00119347794777,9455100
2021-10-11,98.59522247314453,98.74205564934375,98.57794410549377,98.66432276421469,2261300
2021-10-12,99.04434204101562,99.07889217987241,98.70748642436848,98.76794751992655,7938400
2021-10-13,99.23439025878906,99.37259085007594,99.05300692505023,99.10482885189936,11662400
2021-10-14,99.46760559082031,99.51078833478383,99.24303291700186,99.34667677432797,9518200
2021-10-15,98.97526550292969,99.13073787019331,98.9234435770974,99.10482690727717,8689700
2021-10-18,98.83708190917969,98.91481480611144,98.52613714191779,98.68160952554874,8703300
2021-10-19,98.48297882080078,98.74210173837926,98.46570703485466,98.69891238885967,7445200
2021-10-20,98.43975067138672,98.6470449560063,98.41383970953008,98.48293341122562,6230000
2021-10-21,98.18062591552734,98.42247034105546,98.14607577048527,98.37928760207764,7103900
2021-10-22,98.4311294555664,98.50886894509371,98.18064579561704,98.27565706627948,10204600
2021-10-25,98.55203247070312,98.65568290660045,98.44838862457222,98.44838862457222,4835000
2021-10-26,98.6729736328125,98.6729736328125,98.37930722602614,98.56932976677858,5603100
2021-10-27,99.22576904296875,99.38124144143718,98.74208006540832,99.01847470826687,16140300
2021-10-28,98.96664428710938,99.2516780914921,98.86299383376088,99.12211667224835,9940400
2021-10-29,99.00981903076172,99.20848073618005,98.62978057873728,98.69887428561728,11254300
2021-11-01,99.0020523071289,99.07984017232954,98.69953295174749,98.7254622401477,14479000
2021-11-02,99.24406433105469,99.36507206898803,99.10577259959963,99.11441129914692,12191100
2021-11-03,98.93290710449219,99.29593034549063,98.76867947880963,99.26135576142968,17031100
2021-11-04,99.46878051757812,99.54656836810466,99.10575735960201,99.10575735960201,12665400
2021-11-05,100.01333618164062,100.0997693428977,99.58980907538171,99.69352623111921,12955100
2021-11-08,99.5811767578125,99.84912157095481,99.53796346876639,99.84912157095481,7404300
2021-11-09,100.03925323486328,100.24670070982054,99.96146537757433,100.00467865570374,12345400
2021-11-10,99.18354797363281,99.89231031846909,99.00203638958739,99.86638103423778,19425100
2021-11-11,98.86376953125,99.22679940925272,98.86376953125,99.18357952550075,3746100
2021-11-12,99.07117462158203,99.34776461360005,98.98473489110562,99.22675690424376,10613400
2021-11-15,98.68224334716797,99.03662787731079,98.64766876414716,99.01069858865203,8021400
2021-11-16,98.59581756591797,98.88105295136667,98.5785335703277,98.6908960277342,6573700
2021-11-17,98.95021057128906,98.95884927260784,98.57854198729888,98.59582598436491,10006200
2021-11-18,99.01069641113281,99.03662569922132,98.78596492365368,98.80324891757024,10183400
2021-11-19,99.27861785888672,99.49470400143272,99.21811400275087,99.33047642288152,10731600
2021-11-22,98.55260467529297,98.9156345527161,98.49210079479384,98.82055608415628,10876200
2021-11-23,98.1463623046875,98.43159109908763,98.1463623046875,98.37973251727452,11543700
2021-11-24,98.4488525390625,98.46613652973983,98.1031133756815,98.16361723469122,8322900
2021-11-26,99.71943664550781,99.73672063557379,99.33047762755233,99.38234278660188,13878500
2021-11-29,99.49471282958984,99.57250068248416,99.10576037626562,99.13168966056372,13908200
2021-11-30,100.09114074707031,100.39366013922316,99.58981912897238,100.10842474329556,19416800
2021-12-01,100.27969360351562,100.27969360351562,99.61364489102384,99.73474465693143,24991000
2021-12-02,100.0634536743164,100.29700136202753,99.82990598660528,100.25375521216257,11448900
2021-12-03,100.65164947509766,100.89384901823462,99.81259634391417,99.8990952379713,19790900
2021-12-06,100.14994049072266,100.58244153385029,100.03749259530866,100.50459451381957,9863200
2021-12-07,99.76936340332031,100.08076476329923,99.7001682340036,99.87316605646126,7678400
2021-12-08,99.44929504394531,99.64824183636094,99.31954340572851,99.62229282860606,11126500
2021-12-09,99.70012664794922,99.85582726299418,99.56172316815763,99.69147478060196,9198400
2021-12-10,99.76936340332031,100.04617047836282,99.7174653764718,99.85586891399305,5051500
2021-12-13,100.24508666992188,100.33158555470851,100.00288715274253,100.02018428992311,5706900
2021-12-14,100.07210540771484,100.1759014468037,99.84720299061735,100.03750452820422,4749500
2021-12-15,99.92501831054688,100.10667452019302,99.71741969880382,99.82987417138867,8428000
2021-12-16,100.21595001220703,100.35448062994978,100.05144655501337,100.06876618498293,9085400
2021-12-17,100.44104766845703,100.72675547579196,100.38044218138566,100.53628580606957,7933100
2021-12-20,100.35449981689453,100.73544587751397,100.32852036697315,100.60557504992578,13772100
2021-12-21,99.9561996459961,100.03412476302246,99.76572997154872,99.99083229739638,7672800
2021-12-22,100.05144500732422,100.12071031512414,99.86096871362612,100.11205050027331,5538200
2021-12-23,99.84367370605469,99.9908575575611,99.72246269828418,99.98220434665214,7209700
2021-12-27,99.87828826904297,99.93023394710261,99.78305012226475,99.80902296129457,3471800
2021-12-28,99.8609848022461,100.06878075912388,99.80903911577884,100.04280791589025,8314500
2021-12-29,99.35015869140625,99.62721333595516,99.28089337889308,99.54063499806558,11879900
2021-12-30,99.67913818359375,99.68779799722385,99.38477057519438,99.54927400665426,10296000
2021-12-31,99.56659698486328,99.83499178471368,99.56659698486328,99.70512759478804,7584500
2022-01-03,98.64018249511719,99.05576766670826,98.64018249511719,99.02113501861716,27744600
2022-01-04,98.5882339477539,98.60554696854295,98.33715221054959,98.41507071235333,15911800
2022-01-05,98.17266845703125,98.61422653889065,98.10340314899382,98.60556672401013,13715700
2022-01-06,97.93023681640625,98.01681514015407,97.81768565608436,97.94754983895474,10957400
2022-01-07,97.60990142822266,97.83501038129582,97.37613926559153,97.80037772655353,13318200
2022-01-10,97.58395385742188,97.61858652113212,97.29823933594122,97.35884484605785,8430700
2022-01-11,97.81770324707031,97.82635645714936,97.4540636531303,97.54064859795176,8086500
2022-01-12,97.83497619628906,98.20726884780471,97.81766317771908,97.98215997338798,7996500
2022-01-13,98.14667510986328,98.1813077566454,97.81767487368607,97.89559337481937,8431100
2022-01-14,97.47137451171875,97.9129259841492,97.44540167281146,97.89561296004544,10595700
2022-01-18,96.73543548583984,97.14235424861431,96.7008028368905,97.05577592899213,11594100
2022-01-19,96.96919250488281,97.1596687613263,96.83066191637772,96.89127400297521,10349700
2022-01-20,97.17698669433594,97.17698669433594,96.99517024185889,97.12504102377174,8297300
2022-01-21,97.73976135253906,97.87829195608813,97.53197205271819,97.7224483298468,13250000
2022-01-24,97.6531753540039,98.08607354782137,97.63585572716995,98.04278108623873,22377400
2022-01-25,97.52332305908203,97.91292886516176,97.46271756468066,97.73977219701598,13534000
2022-01-26,96.83065795898438,97.62719559933072,96.83065795898438,97.54061728780444,12694700
2022-01-27,97.23761749267578,97.41943399248571,97.0471411770166,97.06446080871513,11609400
2022-01-28,97.46270751953125,97.5406326360178,97.07310175360686,97.09907459060145,6713500
2022-01-31,97.46270751953125,97.53197282185201,97.22028556691139,97.28089105506635,8258600
2022-02-01,97.33100128173828,97.53032865699558,97.1750079568819,97.4956627390444,16338700
2022-02-02,97.53031158447266,97.76429822487435,97.4089841988056,97.4089841988056,5997100
2022-02-03,97.11431884765625,97.20098692578512,96.99299147249111,97.09698919913811,8032600
2022-02-04,96.3690185546875,96.58567552680852,96.27368895800657,96.55967774804937,8616400
2022-02-07,96.39505004882812,96.49904119310406,96.27371602742632,96.39505004882812,10294700
2022-02-08,96.0830307006836,96.18702180957725,96.03102853439108,96.13502625513041,8111500
2022-02-09,96.21304321289062,96.51636831990348,96.17838390931226,96.30837282734942,10113400
2022-02-10,95.32907104492188,95.91837829403705,95.2944051347567,95.85771460420959,16633900
2022-02-11,96.31702423095703,96.3950241800797,95.25973713556763,95.73638512507799,18315600
2022-02-14,95.64974212646484,96.04839024382734,95.51107846207053,95.79706731099823,11090000
2022-02-15,95.36373901367188,95.53706195639286,95.2944071918449,95.37240714436186,8490500
2022-02-16,95.56305694580078,95.62372063516615,95.27707475984761,95.60639098613873,9007700
2022-02-17,96.07439422607422,96.10906014440923,95.77973722615053,95.78840535869625,8749500
2022-02-18,96.38638305664062,96.39505118938216,96.16972602103834,96.23038972653306,8486800
2022-02-22,96.37767028808594,96.38633841681298,96.05701564363547,96.16968148155196,8392500
2022-02-23,95.87503051757812,96.10902372470775,95.7710394138275,96.02236226763378,7941800
2022-02-24,96.10037231445312,96.67234993197248,95.96171528138106,96.64634553966536,19162100
2022-02-25,96.07439422607422,96.09172387931778,95.74507791966339,95.9530668178256,8101900
2022-02-28,97.16632080078125,97.18365044926084,96.69834094967975,96.73300685848497,12291800
2022-03-01,98.11265563964844,98.44226875491171,97.62690860288002,97.67027509241603,28285600
2022-03-02,96.63809204101562,97.6356076353254,96.62074014567635,97.54886801205616,12303800
2022-03-03,97.05442810058594,97.23658326330217,96.70746304968496,96.88094888403941,12247400
2022-03-04,98.01727294921875,98.27749844488021,97.81776585350373,97.91318142739232,20102300
2022-03-07,97.60091400146484,98.08666782144229,97.53152627101889,97.55754749716229,13633200
2022-03-08,96.96768188476562,97.21055541850411,96.84624511789639,97.03707621377876,10819400
2022-03-09,96.36915588378906,96.65540249347063,96.26507102049152,96.56866290145379,7932300
2022-03-10,95.92677307128906,96.13495602852751,95.72727267619368,96.03954049424485,11100100
2022-03-11,95.90077209472656,96.0222088698401,95.71861693205626,95.82270843264268,5567600
2022-03-14,94.68639373779297,95.18948605642298,94.68639373779297,95.12876767566726,8622500
2022-03-15,94.64301300048828,95.24152743241089,94.57361868013069,95.18947838323938,9294400
2022-03-16,94.51289367675781,94.65168230774074,93.89703401683494,94.54759083450355,12847300
2022-03-17,94.33075714111328,94.75578582605037,94.15727793602272,94.57363067536305,7215900
2022-03-18,94.60835266113281,94.73846540799049,94.48691586214811,94.48691586214811,7509200
2022-03-21,93.37661743164062,94.07054093783883,93.30722309567837,93.92308293727513,11003600
2022-03-22,92.86483764648438,93.02097158537521,92.78677398594284,92.98627441919861,7710300
2022-03-23,93.48939514160156,93.48939514160156,92.89088046704313,93.09038756449904,11222700
2022-03-24,92.96893310546875,93.24650382889827,92.90821471652505,92.94291188417975,11112300
2022-03-25,92.01478576660156,92.55257533013497,91.91937020833437,92.54390600142573,9055600
2022-03-28,92.22296142578125,92.5525745949353,92.04948220365978,92.16224303625792,12858500
2022-03-29,92.68268585205078,92.79545330067047,92.24898118581021,92.4484882441164,7539900
2022-03-30,93.0469970703125,93.07302490949375,92.43113723251766,92.49185562165776,6430100
2022-03-31,93.22048950195312,93.35060223582902,93.04700365084908,93.18579233173232,9147200
2022-04-01,92.61349487304688,92.92611479057213,92.22271666350608,92.31823978415372,10237000
2022-04-04,92.55268859863281,92.72636334955538,92.37900722244316,92.70899852456995,7372100
2022-04-05,91.4498062133789,92.3008281406197,91.3542831411805,92.28345669552994,9675600
2022-04-06,91.1285400390625,91.45852473619617,90.87670699706544,90.87670699706544,9054400
2022-04-07,90.9027328491211,91.1545658226913,90.71168668811848,90.9027328491211,5518900
2022-04-08,90.4425048828125,90.67696645123416,90.31224551134854,90.38171805949823,8091800
2022-04-11,90.00829315185547,90.22538985187188,89.89539862767703,90.12118105076843,7356400
2022-04-12,90.4425048828125,90.82459064710213,90.33829606058795,90.47724115688735,12211000
2022-04-13,90.64225006103516,91.10250082454037,90.58146322438628,90.69435779621155,6346100
2022-04-14,89.8259506225586,90.54670677506901,89.72174180068473,90.51197712637787,6158700
2022-04-18,89.56542205810547,89.92146385817824,89.5393715118106,89.90409241047092,4591500
2022-04-19,88.97492980957031,89.38307275312037,88.91414298554798,89.21807710565965,7004900
2022-04-20,89.66963958740234,89.80857805623974,89.23544610622702,89.33964830153838,7479300
2022-04-21,89.17464447021484,89.42647744249415,88.80991697141324,89.41779171923882,9137500
2022-04-22,89.21810150146484,89.4612488640404,88.90548157093376,88.94890358222314,5451600
2022-04-25,89.7912368774414,90.2949030383026,89.7391291407971,89.92149628114944,8617400
2022-04-26,90.39039611816406,90.54670603706745,90.1038334545635,90.39908184289946,9575400
2022-04-27,89.88674926757812,90.42514502156922,89.8433272631031,90.33830763788689,7908900
2022-04-28,89.75645446777344,89.78250501007365,89.40909844481891,89.58277976892872,6943500
2022-04-29,89.27887725830078,89.626233429686,89.05310137837813,89.09651675900884,10012500
2022-05-02,88.6137466430664,88.8745825427742,88.52680355427464,88.81372171728671,11327000
2022-05-03,88.71808624267578,89.20497286805063,88.7006936441508,89.1354157406163,8129100
2022-05-04,89.29190826416016,89.36146538559902,88.51810352981633,88.68330003490058,11934700
2022-05-05,88.39637756347656,88.70937796132095,87.94426956288571,88.58765632141835,11675700
2022-05-06,87.89209747314453,88.34421210225999,87.80515439318596,87.94426862778512,12538400
2022-05-09,88.544189453125,88.58766431415494,87.89210633767092,87.93558119870086,7301200
2022-05-10,88.83981323242188,89.18759225713936,88.78764870038086,88.95283859628846,8054600
2022-05-11,89.38751983642578,89.42229838632447,88.50069003066469,88.62241163864503,7167900
2022-05-12,89.68315887451172,90.04832379894535,89.56143723303384,89.65707661324245,8132400
2022-05-13,89.2136459350586,89.50056403600891,89.16148141973345,89.43970322368591,6016900
2022-05-16,89.58751678466797,89.839656358198,89.43971288639125,89.53535226370718,3315600
2022-05-17,88.90935516357422,89.24843783053561,88.88327290201289,88.98760194825822,4286800
2022-05-18,89.54405212402344,89.63969151222912,88.84850077646605,88.90936160229398,4465500
2022-05-19,89.86573028564453,90.361313088813,89.79617317525886,90.33523083075116,5137600
2022-05-20,90.2830810546875,90.4134990092027,89.78749813419597,89.81358703176518,5908800
2022-05-23,89.73534393310547,90.22223061044166,89.7266476329149,90.04834440663116,5720600
2022-05-24,90.50911712646484,90.83081378754436,90.17003450442508,90.19611676253103,6786600
2022-05-25,90.69171142578125,90.83082566497909,90.48304670031652,90.83082566497909,4274500
2022-05-26,90.64823150634766,90.77864943043718,90.31783854754337,90.74387087512457,3478900
2022-05-27,90.77863311767578,90.9351266384642,90.61343666795915,90.81340503340877,2508200
2022-05-31,89.83097839355469,90.10050398463427,89.68317446511318,90.0918143182552,6773200
2022-06-01,89.3251724243164,89.98677774015135,89.15976943495181,89.8997193405131,5555900
2022-06-02,89.45576477050781,89.59504627273841,89.24683255472554,89.58634574496567,3014300
2022-06-03,89.28165435791016,89.36000559903029,89.08143595367115,89.10755082016978,2687800
2022-06-06,88.6113510131836,89.15108262250061,88.5591212786648,89.06402420947006,4800600
2022-06-07,88.9682388305664,89.16846382276346,88.8289573660305,88.84636505848906,3230000
2022-06-08,88.6374740600586,88.94215860890903,88.62876688962714,88.80287709013099,2917900
2022-06-09,88.55909729003906,88.74190795296003,88.36757945984873,88.52427526258423,4178600
2022-06-10,87.68861389160156,88.19351695835248,87.5754405808396,88.10646516350756,4443400
2022-06-13,86.13030242919922,86.87895930034436,85.6776227834911,86.75708554379717,9200800
2022-06-14,85.44264221191406,86.4437544624617,85.30335402605904,86.32188062065168,7829800
2022-06-15,86.63525390625,86.67007594795105,85.6602633051218,86.1390514348543,10256200
2022-06-16,87.20109558105469,87.24462479115134,85.6863733807658,85.79083950002278,9168800
2022-06-17,87.22718811035156,87.45352798996038,86.66134837376445,87.27942447741407,7029700
2022-06-21,86.77452850341797,87.00956894611323,86.66136186680534,86.7571208061023,10342000
2022-06-22,87.87141418457031,88.02811005327342,87.67118910281756,87.78435575847102,9501900
2022-06-23,88.36758422851562,88.94213110846884,88.27182530825293,88.41110678396586,9247200
2022-06-24,88.05419158935547,88.5852159077266,87.9845475314917,88.25440995368517,5127000
2022-06-27,87.55799102783203,87.94102007039584,87.44481777116427,87.5492838600215,5439400
2022-06-28,87.67117309570312,87.69728796211466,87.34037371845008,87.46224752278668,3763300
2022-06-29,88.37630462646484,88.37630462646484,87.74082071269133,87.81916531509171,3559600
2022-06-30,89.0553207397461,89.26424631254433,88.80286596187047,88.88121056106073,5409500
2022-07-01,90.00999450683594,90.6464493645188,89.78331778641416,89.90537652870361,63222900
2022-07-05,90.34131622314453,90.69005173879587,90.18438258041999,90.45465460056086,6651400
2022-07-06,89.57405090332031,90.68130639985723,89.55661679429589,90.67258601949439,4754700
2022-07-07,89.02478790283203,89.6002066324172,88.95503816236675,89.6002066324172,4058100
2022-07-08,88.4842300415039,88.78937681606466,88.37961209119783,88.78066308800635,3664900
2022-07-11,89.1817398071289,89.32995304727825,88.91146782195038,88.95505642991638,2765700
2022-07-12,89.3909683227539,89.82689424388444,89.32121857896462,89.6525265361129,3669200
2022-07-13,89.77460479736328,89.84435455633053,88.73709875076081,88.85044377200835,6809400
2022-07-14,89.27764129638672,89.48688390258043,88.86786981430141,89.10326691480653,5370400
2022-07-15,89.58279418945312,89.79203680975458,89.31252219440945,89.33867669048426,3834000
2022-07-18,89.32124328613281,89.45202242898715,88.95506700750347,89.29508878790266,3150700
2022-07-19,88.91145324707031,89.28634980297696,88.82426274202562,89.20787967877706,2996100
2022-07-20,88.82426452636719,89.35609468965563,88.75452143331269,89.34738096033743,53057500
2022-07-21,89.83565521240234,89.83565521240234,89.09458214200504,89.18176603528036,5344300
2022-07-22,90.86441040039062,91.0736530038578,90.51566829347705,90.67260190900303,7747100
2022-07-25,90.54182434082031,90.58541959932086,90.28027274492467,90.30642723934398,2994500
2022-07-26,90.57669830322266,91.28289625222759,90.54182342711466,91.15212378145074,4736300
2022-07-27,90.75978088378906,91.20442721244437,90.6900311358231,90.79465575777203,7475300
2022-07-28,91.65780639648438,91.82346041954398,91.32650500206864,91.63165189846517,5768100
2022-07-29,91.69270324707031,92.0501658768558,91.37883589223111,91.47474017574892,5961100
2022-08-01,92.22892761230469,92.29006394639666,91.81843794196111,91.95818194180602,9672400
2022-08-02,90.95379638671875,92.35993877729538,90.89266005075285,92.19399443823328,9269700
2022-08-03,91.32935333251953,91.33808899892996,90.33370058928621,90.81406229144312,7829500
2022-08-04,91.792236328125,91.81843666189049,91.29440999649906,91.42541832868706,9873200
2022-08-05,90.46470642089844,90.63064409792386,90.26382607920124,90.59571475997392,10047200
2022-08-08,90.99746704101562,91.04113204429905,90.7529216998739,90.83152270380053,6681300
2022-08-09,90.72672271728516,90.90140273593367,90.6393860396416,90.7441940508307,3814700
2022-08-10,90.77913665771484,91.45163645418457,90.77040099030665,91.13721906110831,7260300
2022-08-11,90.17649841308594,91.08481454779451,90.08042606572704,90.98874220043561,8309300
2022-08-12,90.53458404541016,90.56951338552909,90.23763134750858,90.52584837869976,4128600
2022-08-15,90.82279968261719,91.11975239774743,90.78786367711,90.98000837571868,3441100
2022-08-16,90.71798706054688,90.75292306171434,90.29876170989814,90.64811505821193,3241800
2022-08-17,90.10660552978516,90.27254984830161,89.92319654459541,90.22887818657831,6366700
2022-08-18,90.28128051757812,90.59569780717932,90.20267286349798,90.35114584376531,3709200
2022-08-19,89.50401306152344,89.68742211874296,89.39920503024257,89.62628576633645,6678000
2022-08-22,89.1109619140625,89.47777992136072,89.06729691130455,89.43411491860277,4125800
2022-08-23,88.8926010131836,89.51269991368183,88.83146468956713,88.96247300113369,7755000
2022-08-24,88.5956802368164,88.77035359297133,88.46467188801951,88.68301691489387,3504600
2022-08-25,89.16338348388672,89.198319492299,88.55201999507734,88.66555702489558,6645300
2022-08-26,89.05854034423828,89.28562096071246,88.75285874323026,88.96246803201302,5535900
2022-08-29,88.55198669433594,88.71793100604894,88.42971404255576,88.71793100604894,4416900
2022-08-30,88.52578735351562,88.84020465114007,88.22883472204373,88.55198768442436,4474200
2022-08-31,88.15898132324219,88.59567133310432,88.0105016557349,88.39479099668901,5797600
2022-09-01,87.4581527709961,87.76437746386979,87.25692226219238,87.571891464007,10324200
2022-09-02,87.94811248779297,88.18434773371025,87.68563703979315,87.8081269172326,5741900
2022-09-06,86.96820831298828,87.4406722102706,86.92445905992186,87.41442532851029,6769400
2022-09-07,87.53690338134766,87.64189089418203,87.26567006439704,87.30941931154332,7169700
2022-09-08,87.21317291259766,87.72063478886702,87.21317291259766,87.52814878923398,5773600
2022-09-09,87.22193145751953,87.57189874980736,87.11693726471425,87.40566628853011,5780600
2022-09-12,87.01194763183594,87.53691194817527,86.85445967197384,87.46691581597022,4034200
2022-09-13,86.52197265625,86.57446640846084,86.31199097220926,86.40823396806071,5100500
2022-09-14,86.56570434570312,86.77568598716282,86.34697152225041,86.39071408182335,3866600
2022-09-15,86.26824951171875,86.43448864231439,86.18075769174135,86.32949445322272,4622600
2022-09-16,86.33824157714844,86.60946820888152,86.13700439298675,86.19824933161027,4718200
2022-09-19,86.09330749511719,86.27704240845907,85.95331517531316,86.01456014642713,3879000
2022-09-20,85.5595474243164,85.7782802871431,85.34081456148971,85.48080012259624,4869100
2022-09-21,85.90080261230469,85.98829445545306,85.13086504731935,85.70831655225841,5414900
2022-09-22,84.60591125488281,85.0608795766661,84.50966821278253,85.00838579922979,6662400
2022-09-23,84.71087646484375,84.84211753867474,84.23841260417112,84.5708908812361,7630600
2022-09-26,83.30223083496094,84.2559096813734,83.17974095379938,84.24715849694817,8015500
2022-09-27,82.73352813720703,83.42472488700285,82.68978556328976,83.32848187910734,8668400
2022-09-28,84.59713745117188,84.69338045994895,83.57346241919736,83.9059406950448,8471700
2022-09-29,84.20343017578125,84.50091044338589,83.89720539677613,83.97595272577719,6056500
2022-09-30,83.98468780517578,84.76337644513703,83.69596543179601,84.57089708795012,8847200
2022-10-03,84.9814224243164,85.60383557264409,84.5869306960112,84.78856069335309,10579900
2022-10-04,85.15675354003906,85.64766947971194,84.99895817539735,85.32331717166866,7361400
2022-10-05,84.3502197265625,84.67457193022685,84.1398282041551,84.64827382595416,8603700
2022-10-06,83.8856201171875,84.32393978474396,83.77165272315732,84.20997239071377,11298400
2022-10-07,83.4736099243164,83.74536601496766,83.34211266850093,83.44731181079896,5085300
2022-10-10,82.98265838623047,83.40344139852998,82.68459762164505,83.35084519404889,3829100
2022-10-11,83.19306945800781,83.65768720879552,82.96514137127588,83.26320220596025,5498500
2022-10-12,83.46485900878906,83.57881975379898,83.02653919043291,83.07913542840217,5847400
2022-10-13,83.11417388916016,83.49112907381443,82.37780005210196,82.38656831822715,6220100
2022-10-14,82.6495590209961,83.57003303798919,82.6057310652802,83.56126477155495,5886200
2022-10-17,82.73722839355469,83.37717813108755,82.69340043425102,83.24568087672017,3215200
2022-10-18,82.94762420654297,83.10541956944073,82.46546985095871,82.95638578520597,4006600
2022-10-19,82.07974243164062,82.4654658976167,82.0183779428015,82.2989022758129,5762600
2022-10-20,81.46610260009766,82.0972840606096,81.40473810744945,81.8868924698483,5738400
2022-10-21,81.65019989013672,81.81676353005616,81.07162131647341,81.17681377265126,7528500
2022-10-24,81.54499053955078,81.90441588844841,81.25570463304038,81.6238915600373,6210800
2022-10-25,82.56192779541016,82.789855991721,82.36906598993409,82.4391987716036,6301500
2022-10-26,82.98265838623047,83.12291716092184,82.75473035310343,82.76349861659207,6692700
2022-10-27,83.57002258300781,83.6927515448226,82.99143745882941,83.24566364779626,7238100
2022-10-28,83.14047241210938,83.44730153396779,82.91255099754204,83.03527997099442,5659800
2022-10-31,82.76353454589844,82.89502511418385,82.41287742460466,82.7810643922604,4586900
2022-11-01,82.74861907958984,83.4514380068081,82.60805127256103,83.4250832186507,6066400
2022-11-02,82.6080093383789,83.34597654538312,82.39716443750851,82.85399617316746,7581400
2022-11-03,82.24785614013672,82.39720440475222,81.86130138217489,81.87008854557634,8403900
2022-11-04,82.0721206665039,82.53773964124301,82.05455304784796,82.2653979849178,5287000
2022-11-07,81.7822265625,82.22149087542174,81.76465893914539,82.17756846571446,4289300
2022-11-08,82.3268814086914,82.47622960238671,81.98425592779574,82.01061070284332,4679200
2022-11-09,82.6080093383789,82.66071888793687,82.17753237749893,82.23902908619607,3658100
2022-11-10,84.46170806884766,84.4968500042669,83.83795379609346,83.83795379609346,9608300
2022-11-11,84.2860336303711,84.39145276968082,84.03125953930409,84.07518194646943,2840200
2022-11-14,84.08394622802734,84.2069396588471,83.92581085945346,84.19815249874875,4130800
2022-11-15,84.70769500732422,84.76919171871583,84.28600518710711,84.49685009721566,6841600
2022-11-16,85.33146667480469,85.41932488267796,84.90098960731456,85.10305410172678,6140100
2022-11-17,84.75162506103516,84.89218610181797,84.56713492477333,84.80433461349885,5986800
2022-11-18,84.45291137695312,84.85703353470204,84.43534376254581,84.75161444298203,3102100
2022-11-21,84.40022277832031,84.87462891671713,84.37386799884933,84.8131321970716,4477700
2022-11-22,84.88341522216797,84.97126672039931,84.67256358324512,84.76042178411615,5532800
2022-11-23,85.3402328491211,85.3753747831002,84.90975588749451,84.997607371123,5236500
2022-11-25,85.31389617919922,85.3226833402184,85.08547691118027,85.10305123321864,1345400
2022-11-28,85.34904479980469,85.52474781809852,85.22605134647091,85.41054152647158,4218400
2022-11-29,84.98882293701172,85.28752603409234,84.962468161342,85.00639725588405,3356600
2022-11-30,85.75316619873047,85.75316619873047,84.69014753320153,84.83949576743872,7127100
2022-12-01,86.68978881835938,86.70739142503496,85.88873253684939,85.91513980485718,17629100
2022-12-02,86.86581420898438,86.87461886752513,85.92391722472388,86.1968011956072,5783700
2022-12-05,85.98554992675781,86.38167231556903,85.94153334311757,86.3464603918544,6295800
2022-12-06,86.51370239257812,86.6281428065069,86.13518266432462,86.2056065012059,5745500
2022-12-07,87.27074432373047,87.3675754231913,86.81300280299585,86.86581732416106,5386200
2022-12-08,86.77779388427734,87.041873215222,86.66335346314622,86.81300580493406,5325800
2022-12-09,86.13520812988281,86.59295648895609,86.13520812988281,86.52253263125424,4343100
2022-12-12,86.011962890625,86.61055220146747,85.8975291679596,86.53133040485024,5192200
2022-12-13,86.78657531738281,87.37636648119846,86.70735354796652,87.2707307393242,7856600
2022-12-14,87.02429962158203,87.13873336487136,86.45211747315659,86.83944201350415,6533200
2022-12-15,87.19364166259766,87.32594167489361,86.92022657182865,87.14953941547962,4344200
2022-12-16,86.97313690185547,87.13189555805191,86.49686093326616,86.58505869136249,4432800
2022-12-19,86.26752471923828,86.48802243642604,86.196970563821,86.47920737265908,3951100
2022-12-20,85.6413345336914,85.82655185735476,85.54431497428803,85.62369767246265,4199800
2022-12-21,85.74717712402344,86.02941401115775,85.63251397268068,85.99413355913369,4406600
2022-12-22,85.7206802368164,85.97645835312308,85.67657800919088,85.76477573538675,2143100
2022-12-23,85.33260345458984,85.50899890964389,85.27968616388469,85.31496660070655,3164900
2022-12-27,84.61821746826172,85.03275430890955,84.5829370212856,84.8651738680373,4780800
2022-12-28,84.41534423828125,84.81224416193999,84.39770738190043,84.74168327830428,3161200
2022-12-29,84.82989501953125,84.9092709799303,84.60057547439399,84.64467771620947,4021800
2022-12-30,84.47709655761719,84.90927026171242,84.33598149730453,84.54765745230216,5043800
2023-01-03,85.13859558105469,85.55313245413116,84.97101512707286,85.47375648901834,6808300
2023-01-04,85.79126739501953,85.92356739975337,85.54431097501384,85.85300650002095,7800100
2023-01-05,85.66776275634766,85.74714542632135,85.17385006870929,85.28850644860943,3177900
2023-01-06,86.77027130126953,86.81437354245723,85.62368705001869,85.70306300928787,6807700
2023-01-09,86.99075317382812,87.1495117924513,86.61149684762032,86.66442087319872,4988000
2023-01-10,86.44393920898438,86.72617605791159,86.28518056089675,86.62915651024373,4026900
2023-01-11,86.99958038330078,87.0172239692775,86.6467826833872,86.69970671226092,7118700
2023-01-12,87.77574157714844,87.77574157714844,86.85847685644146,87.28182876922047,5768000
2023-01-13,87.30826568603516,87.75808286929981,87.1936093067564,87.54640696560995,5573500
2023-01-17,87.03484344482422,87.33471705597755,86.99956300897293,87.01720659142612,3709000
2023-01-18,88.21672058105469,88.25200102203145,87.80219053995384,88.0844273387119,7926400
2023-01-19,88.04916381835938,88.18146381518265,87.8727615795759,88.04034202415586,4234100
2023-01-20,87.46703338623047,87.71398975437663,87.37001385173643,87.59933336318201,8822700
2023-01-23,87.18480682373047,87.44058501482043,87.14952637712594,87.17598502981505,4334900
2023-01-24,87.68755340576172,87.70519699600581,87.00842322064135,87.2994818981464,3540300
2023-01-25,87.78453826904297,87.96094045647257,87.502301498211,87.74925783155705,2924700
2023-01-26,87.46703338623047,87.78455063929162,87.34355520215739,87.61697021988259,2875400
2023-01-27,87.33473205566406,87.33473205566406,87.11423434051447,87.14069971873967,5524100
2023-01-30,87.0613021850586,87.2729780713437,87.01720668698738,87.08776082971235,2584600
2023-01-31,87.50232696533203,87.53760741308615,87.08779011554279,87.4582314524324,4856400
2023-02-01,88.13164520263672,88.18467582740413,87.35383348435735,87.6808646617125,20159100
2023-02-02,88.09629821777344,88.57359411991172,88.06978290267705,88.40565479967759,5823000
2023-02-03,87.15052795410156,87.50408114580819,87.03562603277007,87.33614186246764,5267000
2023-02-06,86.39924621582031,86.65557215447464,86.35504953059917,86.53182952801633,5500400
2023-02-07,86.18710327148438,86.73510431775858,86.14290659328393,86.31084587828606,5678900
2023-02-08,86.50531005859375,86.5141440004397,86.0898855139545,86.27549944472516,6137600
2023-02-09,86.11637115478516,86.74392472644163,86.01914388024326,86.72625010537253,7358300
2023-02-10,85.70098114013672,86.07220902272276,85.63910982637238,86.04569370874768,5290000
2023-02-13,85.90428161621094,85.9484715610029,85.69214560472525,85.70982697741633,17262300
2023-02-14,85.51536560058594,85.84240353492376,85.28555497798457,85.6391082258019,7133600
2023-02-15,85.25901794433594,85.55954048863458,85.14411603404076,85.36508591469997,4964700
2023-02-16,84.97618103027344,85.23250691391443,84.8966351061086,85.05573369790419,27126400
2023-02-17,85.21484375,85.24135906162091,84.764063222044,84.79057853366491,4540500
2023-02-21,84.2867660522461,84.70219057699566,84.26908468246664,84.63147858481132,11382100
2023-02-22,84.43701934814453,84.68450456375274,84.39282941305241,84.53424664620009,30136400
2023-02-23,84.76408386230469,84.85247050371903,84.4193712403608,84.46356118933375,7059800
2023-02-24,84.25141143798828,84.36631336957232,84.06579751306013,84.22489612635096,10757200
2023-02-27,84.50774383544922,84.64032714726784,84.36631983791806,84.55194052054455,3693200
2023-02-28,84.64030456542969,84.66681987202573,84.14532744959673,84.25139541944642,4690000
2023-03-01,83.96363830566406,84.40648448500343,83.91935098481154,84.26477046411254,8328600
2023-03-02,83.61824035644531,83.6890906278369,83.44109778472091,83.51195481341067,12952800
2023-03-03,84.29133605957031,84.29133605957031,83.81306139823862,84.06106092275202,5696900
2023-03-06,84.14078521728516,84.51277443544178,84.07878701425905,84.48620474233022,3766400
2023-03-07,84.14965057373047,84.39764340510752,83.94593831521483,84.29135786710398,5053300
2023-03-08,84.12310028076172,84.63679693968015,84.01681471824442,84.4773719745539,5163500
2023-03-09,84.64561462402344,84.77846982328164,84.21162727992306,84.26476665670789,12498800
2023-03-10,86.20442962646484,86.28413868667629,85.61986948906471,85.74386586536855,11041300
2023-03-13,87.24957275390625,88.05554943993171,86.92186408618731,87.63927287094481,23930600
2023-03-14,86.42588806152344,86.9573022856311,86.24874548195524,86.87758643550079,47886700
2023-03-15,87.67469787597656,88.37439575541207,87.25842132364048,87.91383863286207,25157400
2023-03-16,86.88642120361328,88.35667379921985,86.78014244258884,88.15296157842863,13961000
2023-03-17,87.91383361816406,88.24153549678493,87.47983945665993,87.55955529017383,12293700
2023-03-20,87.5595703125,88.06441482037914,87.35585804283379,88.05555600240281,7982400
2023-03-21,86.7978286743164,87.20524624293273,86.67383231679382,86.95725352788756,9851600
2023-03-22,87.9404067993164,88.01126381918516,86.57643957468105,86.6472965945498,10705200
2023-03-23,88.44524383544922,88.5161008493854,87.6658369540416,87.79868540855095,7118800
2023-03-24,88.4718017578125,89.08293159645004,88.35666419345442,88.95893521720414,9135800
2023-03-27,87.38241577148438,87.80754434107172,87.35583932325049,87.63040856329313,8284400
2023-03-28,87.32926940917969,87.46212462082256,87.11670512492914,87.19641419753681,13324800
2023-03-29,87.17870330810547,87.34698702664468,86.96613902389056,87.00156753080917,13404700
2023-03-30,87.31156921386719,87.39127829622447,87.07242845220019,87.09899814631927,4157500
2023-03-31,87.78983306884766,87.85183126651921,87.31155836225413,87.45326563237624,6330100
2023-04-03,88.20340728759766,88.35427173900835,87.6265650532005,87.68868610793943,7226600
2023-04-04,88.77133178710938,88.86895150916743,87.81288730000333,87.83064003347789,6763200
2023-04-05,89.1440658569336,89.42804868158521,89.0109541974755,89.09969756067576,6257100
2023-04-06,89.17070007324219,89.38368551127397,89.15294733717329,89.17956967059163,4264700
2023-04-10,88.29212188720703,88.53173642782478,88.185632554208,88.46961539334703,6025100
2023-04-11,88.2566146850586,88.37198714560809,88.05250563601368,88.36311077848482,5459000
2023-04-12,88.51398468017578,88.7003477856899,88.11463613560053,88.66485585475057,5857200
2023-04-13,88.22113800048828,88.80684968881914,88.15014059260409,88.65598527507935,39858200
2023-04-14,87.78629302978516,87.94603382869444,87.67092730806196,87.9282878602317,4968500
2023-04-17,87.2271728515625,87.50227927515749,87.20055052291573,87.44903461786396,5681000
2023-04-18,87.36917877197266,87.56441824965155,87.23606710145084,87.25381306729203,5061300
2023-04-19,87.18280792236328,87.24492895332001,86.95207653348663,87.16506195809761,4648100
2023-04-20,87.68865203857422,87.75964943660212,87.57328634479228,87.6620297069849,4608000
2023-04-21,87.4756851196289,87.94603113236198,87.40468770658234,87.87503371931541,5948100
2023-04-24,87.90165710449219,87.91940307125552,87.65316617500689,87.71528721470683,5143700
2023-04-25,88.77133178710938,88.80683048337448,88.38085289887712,88.39860563235169,13076800
2023-04-26,88.42524719238281,88.86009446750295,88.29212874510937,88.75360512623257,5903000
2023-04-27,87.84840393066406,88.10576445311371,87.75078418867677,88.06139615173745,5065800
2023-04-28,88.50511932373047,88.51398892154779,88.18563776448748,88.38087047674898,8525900
2023-05-01,87.46345520019531,88.21959640943331,87.34781230977869,88.16622381184916,17442000
2023-05-02,88.60205841064453,88.62874469213278,87.71247949731085,87.76585884723585,8540700
2023-05-03,89.18030548095703,89.2069917682563,88.68214335283753,88.84226786358307,9534800
2023-05-04,89.16253662109375,89.66959655286676,88.92234640833462,88.94014179510643,12014100
2023-05-05,88.68212890625,88.71771287916893,88.45973416571829,88.64654493333106,11254400
2023-05-08,88.13948822021484,88.32629899423658,88.09500655580291,88.13059052994264,7022400
2023-05-09,88.03274536132812,88.21955615458322,88.01495676590136,88.13059960354981,7317200
2023-05-10,88.69105529785156,88.7622232721664,88.42418557459834,88.4330832681256,9930800
2023-05-11,89.02018737792969,89.3226478253092,88.92233312615548,89.21589588147812,5979600
2023-05-12,88.48645782470703,89.0202040700439,88.45977153048295,88.9490360941452,5107300
2023-05-15,88.29074096679688,88.29074096679688,88.17509810706972,88.23736838337682,4459100
2023-05-16,88.00605773925781,88.06832800273125,87.75697668536407,87.95268516683764,7194000
2023-05-17,87.72138214111328,88.08610598696573,87.61463022218265,88.05941970397029,5542600
2023-05-18,87.17874145507812,87.41003389397817,87.14315748086665,87.40113620368801,9448900
2023-05-19,86.849609375,87.2677126585419,86.6983825494062,86.86740475857,12923500
2023-05-22,86.68949890136719,87.08981365314052,86.64502400913771,86.86741883113912,7034700
2023-05-23,86.83181762695312,86.93856956364802,86.49378000784432,86.5649411786909,8264200
2023-05-24,86.60942077636719,86.97414467418386,86.56493910707132,86.93856748308698,7415400
2023-05-25,86.06678771972656,86.52047501270387,85.99561975475939,86.44930704773671,11647700
2023-05-26,86.22689819335938,86.22689819335938,85.74652468855282,85.93333547593043,7408900
2023-05-30,86.9029541015625,86.9029541015625,86.42258074089008,86.48485098466536,7883000
2023-05-31,87.23213195800781,87.36557019199871,86.84072173510513,86.95636458485697,10817900
2023-06-01,87.47466278076172,87.72433453589922,87.35874569531791,87.4925003650116,18161600
2023-06-02,86.77912902832031,87.34980915354129,86.70779231190676,87.32305958564713,7585400
2023-06-05,86.75240325927734,86.99315623941438,86.33330843918178,86.42247595763826,6243100
2023-06-06,86.80590057373047,86.83265014839708,86.54731001354418,86.78806979163454,3986200
2023-06-07,86.17280578613281,86.77915444716872,86.08363826601929,86.6899869270552,8226600
2023-06-08,86.75240325927734,86.7702340417504,86.28872127843076,86.32438964642246,5841900
2023-06-09,86.4403305053711,86.56516641631586,86.28873821089795,86.4581612913431,6421900
2023-06-12,86.58301544189453,86.60085303467113,86.19958883377798,86.57409664550623,5261700
2023-06-13,85.96770477294922,86.77913789517127,85.83395011676807,86.71671996269265,9173500
2023-06-14,86.08362579345703,86.34221632645132,85.76261732512236,86.22629244435869,7704400
2023-06-15,86.75240325927734,86.81482120250143,86.47598191114861,86.59189900483746,5959100
2023-06-16,86.37789154052734,86.53839578742418,86.12821297631926,86.32438558953154,6538100
2023-06-20,86.63645935058594,86.84154389925519,86.53837306972899,86.53837306972899,5477300
2023-06-21,86.71675109863281,86.78808784794906,86.2709066199766,86.40466132418284,5119600
2023-06-22,86.2262954711914,86.60972188832598,86.16387753365996,86.45813644047033,4102100
2023-06-23,86.58301544189453,86.93969246389454,86.47601709742838,86.91294287777801,4112100
2023-06-26,86.79696655273438,86.87722206569892,86.63646913289381,86.80588534374027,2976600
2023-06-27,86.49382019042969,86.93966462440098,86.37790308669378,86.77916035604946,4752500
2023-06-28,86.84158325195312,86.87725162506837,86.44923795073214,86.61866102226786,5257300
2023-06-29,85.94986724853516,86.11929026668199,85.79828181284822,86.05687233416121,8268700
2023-06-30,86.13713073730469,86.19063668765983,85.87854018689791,85.97662649232963,7450600
2023-07-03,85.76351165771484,86.36238661263175,85.76351165771484,86.09423324061382,4687100
2023-07-05,85.35232543945312,85.80818332279355,85.24506957472953,85.76348883287757,10181200
2023-07-06,84.65515899658203,84.78923568484895,84.34231793690833,84.69985349914556,9285100
2023-07-07,84.54788208007812,84.86966335009777,84.5031944044447,84.53894863660494,6577600
2023-07-10,84.98587799072266,85.11101441077214,84.6730369405989,84.68197038529999,6622700
2023-07-11,85.16464233398438,85.28977875400054,85.03056564984608,85.14676862516353,6327100
2023-07-12,85.99591064453125,86.11210680184699,85.60262085142644,85.72776409239721,8255100
2023-07-13,86.71100616455078,86.76463412618895,86.32665652748453,86.41603873668997,9742600
2023-07-14,86.28195190429688,86.63054725295412,86.24619766091861,86.52329134224397,7491100
2023-07-17,86.42494201660156,86.50538392463251,86.2372374117735,86.3444932891481,3182400
2023-07-18,86.52328491210938,86.8093120184542,86.46965014131563,86.70204929629084,3626500
2023-07-19,86.8182373046875,86.87187207044053,86.5143365162555,86.68416743886367,5059300
2023-07-20,86.12995910644531,86.40704583201253,85.9780087614195,86.37129160622624,9486600
2023-07-21,86.20149230957031,86.39813719814815,86.17467833738665,86.31768846217392,4560100
2023-07-24,85.99591064453125,86.44282838417818,85.96015640702868,86.3534462001335,7451100
2023-07-25,85.83501434326172,85.88864228627868,85.64730972327928,85.65624998692313,4079300
2023-07-26,86.12995910644531,86.1746535935335,85.7813639293055,86.03163669038831,4880100
2023-07-27,85.19145965576172,85.89759052185252,85.07526349530008,85.79926807091432,8522800
2023-07-28,85.46856689453125,85.57582280758051,85.30767620553259,85.38811814031952,5794100
2023-07-31,85.57581329345703,85.72777051909053,85.42386288724755,85.43280315214929,6347000
2023-08-01,85.07579803466797,85.29086027673405,84.9324186488203,85.16540673247006,7714000
2023-08-02,84.90550994873047,84.94135478388894,84.55603135181444,84.82486419715134,8009200
2023-08-03,84.27825164794922,84.45746900665044,84.19759905084088,84.33201548821879,11057900
2023-08-04,85.17436218261719,85.24604503254831,84.59189544293369,84.59189544293369,10189900
2023-08-07,84.96823120117188,85.11161053252496,84.86965962004233,85.06680278230141,4007400
2023-08-08,85.39838409423828,85.61344630930301,85.29981248802017,85.40734017720025,5401400
2023-08-09,85.4521484375,85.59552096947832,85.36253975042548,85.3983845925962,5317200
2023-08-10,84.79798889160156,85.6134436381997,84.78903280891902,85.45214527275745,8462100
2023-08-11,84.34992980957031,84.7352532624333,84.31408497247799,84.4485014023983,5915000
2023-08-14,84.21553039550781,84.46643744877768,84.03630618838329,84.21553039550781,6218400
2023-08-15,84.05422973632812,84.39474546552638,84.00942197659224,84.12591258051958,9602600
2023-08-16,83.73162078857422,84.23343480819716,83.66889403612136,84.03629163285865,7199600
2023-08-17,83.62411499023438,83.75853145926384,83.39112689969703,83.7047676063343,9858300
2023-08-18,83.87503051757812,84.06321085845363,83.7316579497852,83.77645888616148,7510500
2023-08-21,83.35527038574219,83.51656875866104,83.25670561473507,83.48073075286098,10864000
2023-08-22,83.3910903930664,83.4807058909916,83.20291015348823,83.28356273428038,6330500
2023-08-23,84.29619598388672,84.29619598388672,83.87502754398466,83.90190947219865,8550500
2023-08-24,83.9825668334961,84.2782817339522,83.95568490376489,84.0363306929585,5735800
2023-08-25,83.9556655883789,84.17072781345635,83.64202491578925,83.8660500609505,7895700
2023-08-28,84.18863677978516,84.21552553683087,83.97357458034784,84.15279877713232,3301700
2023-08-29,84.7890396118164,84.82488445553555,83.97358479979171,83.99151064000372,7064200
2023-08-30,84.78005981445312,84.94135816072702,84.72629597792967,84.8965504058218,6346700
2023-08-31,84.95032501220703,85.07577852770589,84.79798274049799,84.87863533572087,6167300
2023-09-01,84.4310531616211,84.9700880760274,84.3232434370595,84.96110221876373,7746600
2023-09-05,83.9189682006836,84.19746808551415,83.88303162615695,84.18848222833229,4993400
2023-09-06,83.70335388183594,84.08067765618233,83.65843830157633,84.06271279491871,7344100
2023-09-07,83.99083709716797,84.02677367280775,83.81116107317,83.90099908516899,7137500
2023-09-08,84.00881958007812,84.32325608947853,83.9728829998321,84.19748148571837,4648500
2023-09-11,83.86508178710938,83.94594081443573,83.76625789493414,83.82914520320907,4321700
2023-09-12,83.98185729980469,83.99982216035423,83.79318856592955,83.89201243445429,4998400
2023-09-13,84.08068084716797,84.19747643951811,83.83811751279714,83.85608237474254,6675400
2023-09-14,83.89199829101562,84.21542055998846,83.8380968642534,84.14355427570541,6421000
2023-09-15,83.63148498535156,83.81116787813967,83.5685976864261,83.757266437404,9367700
2023-09-18,83.71235656738281,83.77524387574879,83.5236946422849,83.5236946422849,4622200
2023-09-19,83.40687561035156,83.6763964872118,83.37094589069078,83.5236711889513,7536800
2023-09-20,83.34397888183594,83.76622500914186,83.32601402403988,83.64045044196986,10751800
2023-09-21,82.7240982055664,82.84987278232245,82.67018991967069,82.76901378057907,8702500
2023-09-22,83.04752349853516,83.11938979198673,82.74206604811366,82.80495333875916,8637800
2023-09-25,82.43663787841797,82.6702153905304,82.40070129481548,82.5174900508717,11712000
2023-09-26,82.4096908569336,82.64326837954066,82.31086696113722,82.58936692881639,8281800
2023-09-27,82.04132843017578,82.66122239756749,81.82571581924876,82.62528582004609,10586100
2023-09-28,82.26593017578125,82.28389503815684,81.61908546303427,81.85266979912659,11654600
2023-09-29,82.28388977050781,82.6881711171942,82.15811517932569,82.60731210617647,13488300
2023-10-02,81.61644744873047,81.95872783340477,81.51736501882637,81.86865477134671,21010000
2023-10-03,80.9408950805664,81.59843466648529,80.89585511018419,81.44530976260113,21364700
2023-10-04,81.45431518554688,81.49935515374742,81.00394299207866,81.1930984886792,14054000
2023-10-05,81.60745239257812,81.66150173699903,81.43631560629537,81.64348299814695,11315900
2023-10-06,81.13003540039062,81.39125206101676,80.78775505481156,80.8598093729475,12257100
2023-10-09,82.16590118408203,82.16590118408203,81.61644657761794,81.74255023758012,5816700
2023-10-10,82.00373840332031,82.22892441380654,81.65244877673233,81.75153117111681,11508300
2023-10-11,82.45415496826172,82.50819744089148,82.1478982550438,82.32805128403534,14815800
2023-10-12,81.6614761352539,82.31901558236716,81.56239371903686,82.2739756214928,12855900
2023-10-13,82.18391418457031,82.29200598266237,82.0217799234993,82.25597538329835,9872500
2023-10-16,81.697509765625,81.76056159521609,81.58942484183115,81.70651913331916,7248000
2023-10-17,80.89583587646484,81.10301006997706,80.75172037534882,80.97690642945066,11191600
2023-10-18,80.51753234863281,80.78775838722248,80.38241932933798,80.67065723017126,13794200
2023-10-19,80.1211929321289,80.61660498536133,80.04012925367239,80.29233652726971,27116700
2023-10-20,80.589599609375,80.70669390310849,80.39143474910745,80.40944661270716,12587100
2023-10-23,80.96792602539062,81.06700847440796,80.17527330538739,80.3013769910212,12365000
2023-10-24,81.11204528808594,81.12104778518349,80.71571550746728,80.90487102854387,10906000
2023-10-25,80.40042877197266,80.71568786580423,80.30134636074948,80.68866663949478,15170200
2023-10-26,81.01295471191406,81.0489853130936,80.46350007016169,80.4815119346842,15901300
2023-10-27,81.1390380859375,81.14804057987986,80.80576026248534,80.94988263115636,11628200
2023-10-30,80.86882019042969,81.00393320657497,80.59860103027258,80.74271654126301,11022500
2023-10-31,80.69767761230469,81.08499793174522,80.67966575025018,80.91386118976001,11574700
2023-11-01,81.62712860107422,81.6722872006834,80.89548761802736,80.93161863248652,22448900
2023-11-02,82.13294982910156,82.39489451804319,81.95230164631458,82.25037045878445,14046200
2023-11-03,82.76522827148438,83.31621420703844,82.75620068592798,83.135566017897,23133700
2023-11-06,82.2864990234375,82.48521615335804,82.1961749347335,82.45811961587546,11246700
2023-11-07,82.75618743896484,82.93683559918954,82.54843585254943,82.54843585254943,13189400
2023-11-08,83.09040832519531,83.17170484184146,82.76523604118539,82.77427051887658,11117600
2023-11-09,82.26844024658203,82.95490886116703,82.22327475478379,82.9458812758366,17067900
2023-11-10,82.3587646484375,82.6297438176724,82.26844055578805,82.6116748643706,10674700
2023-11-13,82.3135986328125,82.3407020625928,81.91617124942591,82.04262635658799,8930200
2023-11-14,83.55106353759766,83.61429109381247,83.35234639198343,83.48783598138283,14313600
2023-11-15,82.90071868896484,83.15362891280961,82.82845665607013,83.14460132716283,12969400
2023-11-16,83.52396392822266,83.65041903600469,83.37943986716516,83.38847434380288,10375600
2023-11-17,83.57816314697266,83.66848724612753,83.41557701197908,83.62332864219361,8462000
2023-11-20,83.69557189941406,83.74976496849038,83.37942728637424,83.4065238209124,7481200
2023-11-21,83.80400085449219,83.92142841920065,83.58722157614513,83.79496637460177,9153300
2023-11-22,83.7768783569336,83.99365756813515,83.56912673153724,83.93043001106442,7255100
2023-11-24,83.34333038330078,83.47882000272372,83.33430279561735,83.41559243249813,4125800
2023-11-27,83.97557830810547,83.98461278334739,83.54201308320414,83.59621304337023,9539800
2023-11-28,84.34590911865234,84.37301254438488,83.83105429030158,83.87621977523702,13563300
2023-11-29,84.78852081298828,84.87884490435081,84.53560370937218,84.65303123030127,19075400
2023-11-30,84.3730239868164,84.49947909224254,84.20140339032963,84.47237566283431,18446700
2023-12-01,85.1690902709961,85.21436956277554,84.32681805521082,84.35398701221935,21393200
2023-12-04,84.81588745117188,85.03324603601261,84.63474953905057,84.84305641056386,16402000
2023-12-05,85.41362762451172,85.50420003790357,85.12381386689083,85.17815869686694,25452100
2023-12-06,85.76683807373047,85.84835186398284,85.5042001854968,85.60381740293076,14023400
2023-12-07,85.64005279541016,85.9117562414197,85.54948728330886,85.58571487009051,13730100
2023-12-08,85.08757019042969,85.26870807324886,84.88832888388418,85.16002534355735,13825300
2023-12-11,85.09663391113281,85.13286148986747,84.73436503349043,84.906444305054,10484600
2023-12-12,85.27778625488281,85.33212417734013,85.00608282318562,85.08758970687161,7248000
2023-12-13,86.54570770263672,86.654390445359,85.4679665368851,85.53136307604696,16155200
2023-12-14,87.26513671875,87.44680384779265,86.94721577784698,86.99262909502927,32373200
2023-12-15,87.19247436523438,87.33781362471238,87.05622054201308,87.10164079313928,9407100
2023-12-18,87.00173950195312,87.0380743242219,86.86548565098488,87.02898888611502,8634100
2023-12-19,87.16522216796875,87.32872536451566,87.10163797654258,87.14705822620003,9047100
2023-12-20,87.59213256835938,87.64663131449119,87.183378112059,87.36504521926896,12659100
2023-12-21,87.45587921142578,87.83738429657332,87.33779628416276,87.78288555016823,8939700
2023-12-22,87.3741455078125,87.63756770915946,87.24697712511494,87.61939683725575,4956400
2023-12-26,87.42864227294922,87.51039040418367,87.31963783447969,87.33780870596975,3342500
2023-12-27,88.10989379882812,88.14622860727111,87.73746720990454,87.80105832229685,7362400
2023-12-28,87.7738037109375,88.07356068875548,87.68297015315648,87.9282283823371,4858500
2023-12-29,87.55580139160156,87.78288875010871,87.46496783422995,87.51946658262167,7820500
2024-01-02,87.2287826538086,87.33778706526883,87.12886367584218,87.14703454282984,9444000
2024-01-03,87.4377212524414,87.51038394256553,86.77462309515514,86.84729271543569,11040500
2024-01-04,86.91088104248047,87.04713485446072,86.82004747787921,86.91996647798761,7354800
2024-01-05,86.59294128417969,87.21969759484048,86.52935710976033,86.59294128417969,10001000
2024-01-08,86.88363647460938,87.1652226195044,86.62021427157717,86.64746364944996,7044700
2024-01-09,86.84728240966797,86.97445076499024,86.76552736401474,86.76552736401474,7360800
2024-01-10,86.71105194091797,87.07439316676735,86.69288799819637,87.01080897200552,9212700
2024-01-11,87.1742935180664,87.23787769921847,86.72920425000191,86.83820174331633,10305400
2024-01-12,87.41046905517578,87.63755641360326,87.21970957555924,87.41046905517578,8469600
2024-01-16,86.70193481445312,87.16519488134095,86.58385190452894,87.0561904743806,9847100
2024-01-17,86.42034912109375,86.50210415919514,86.24776054188914,86.44759849040923,9170700
2024-01-18,86.22960662841797,86.44760853843566,86.13877307675692,86.38402435925734,8910100
2024-01-19,86.23869323730469,86.256857175822,85.87535209555557,86.09335400854269,17711100
2024-01-22,86.50214385986328,86.6474762062986,86.42947422156655,86.54755718618014,9831500
2024-01-23,86.28411102294922,86.31136039721615,86.17511352588151,86.29319645775693,6428600
2024-01-24,86.03886413574219,86.62929268570399,85.98436538441409,86.60203637988337,9718000
2024-01-25,86.41127014160156,86.43852644310765,86.2023536744766,86.33860746138511,11588100
2024-01-26,86.25686645507812,86.33862151259068,86.14786202178026,86.33862151259068,9134600
2024-01-29,86.77462768554688,86.85638274522645,86.45670674269694,86.52029093126693,6947500
2024-01-30,86.8927001953125,86.96536287476181,86.4294400967767,86.91994956637542,7265800
2024-01-31,87.61936950683594,87.63754037307174,87.19244424230854,87.28327778302278,15778300
2024-02-01,88.1620864868164,88.42615471524611,87.72500636286135,87.96175838613505,33372900
2024-02-02,87.0147476196289,87.32434745385714,86.85084345966152,87.1786517795963,13809200
2024-02-05,86.16792297363281,86.49573134057339,86.0768666377389,86.41378272241481,12147700
2024-02-06,86.6323013305664,86.71425687886172,86.2407529150818,86.268069115463,9327000
2024-02-07,86.4775161743164,86.82353300285452,86.45019997037295,86.4775161743164,8619800
2024-02-08,86.19525909423828,86.35915635521252,86.11330351659701,86.28631544383092,7808000
2024-02-09,86.04046630859375,86.113314176147,85.95851766796261,85.98583388150632,8492500
2024-02-12,86.12239837646484,86.22256243020713,85.95849419280957,86.11329065871924,7023600
2024-02-13,85.17540740966797,85.56695595383255,85.15719197199299,85.48500037860306,11978400
2024-02-14,85.49411010742188,85.64890659552871,85.26646576121037,85.26646576121037,8979600
2024-02-15,85.73086547851562,85.95850983350523,85.62159368714504,85.86745348094027,6788300
2024-02-16,85.35749053955078,85.4030221708142,85.18448562448323,85.2300103085951,7147400
2024-02-20,85.50320434570312,85.70353245032939,85.49409662808746,85.53052055139706,8286300
2024-02-21,85.23001861572266,85.61245934586513,85.17538621060294,85.56693465731611,6433900
2024-02-22,85.23912048339844,85.40302463466313,85.0843240480795,85.2026965667672,8688500
2024-02-23,85.63068389892578,85.69442402740471,85.26645161598066,85.26645161598066,6426700
2024-02-26,85.50320434570312,85.64889309178848,85.30287624107685,85.63979232132586,6417200
2024-02-27,85.31199645996094,85.5214253657387,85.2573570934134,85.3757365983047,7540600
2024-02-28,85.62157440185547,85.62157440185547,85.35750617588738,85.41214553284297,5293600
2024-02-29,85.79460906982422,85.8947731458196,85.66712878167642,85.68533727405982,11919200
2024-03-01,86.18626403808594,86.24104121332978,85.47413289767027,85.68411671314594,11857200
2024-03-04,85.9945297241211,86.08582733036675,85.88496841728978,85.89410026758262,6641600
2024-03-05,86.5240707397461,86.67928435421022,86.33234365012059,86.43277312071898,7673100
2024-03-06,86.73406219482422,86.90753254819367,86.63363272345894,86.67928501610203,9499200
2024-03-07,86.880126953125,86.93490412112524,86.661004350003,86.90751553712512,8420900
2024-03-08,86.94407653808594,87.09015137609693,86.87103563629856,87.0262423284239,8103600
2024-03-11,86.83448028564453,86.99881876583476,86.75230756276893,86.97143018006321,5568200
2024-03-12,86.47843933105469,86.61538926441733,86.37800984429295,86.58799370529444,6556500
2024-03-13,86.28669738769531,86.4145154460596,86.25017694736813,86.35060641687745,9708400
2024-03-14,85.6476058959961,85.97628291550512,85.62934915738435,85.96715802898038,10055900
2024-03-15,85.50152587890625,85.6567325271136,85.48326217584551,85.58369164599421,6591400
2024-03-18,85.40109252929688,85.5471673193382,85.31891980037992,85.47413340709828,5319700
2024-03-19,85.6476058959961,85.76629907644016,85.51978782902727,85.57457197598693,5470300
2024-03-20,85.84843444824219,86.14059092150829,85.54714612612285,85.73888012424226,10190800
2024-03-21,85.85757446289062,86.07669009729004,85.78453359623735,86.01278108035852,8271200
2024-03-22,86.27757263183594,86.3323498140508,86.19540685851364,86.3323498140508,6119800
2024-03-25,86.04932403564453,86.19540580718554,85.99454685409778,86.19540580718554,4488900
2024-03-26,86.17715454101562,86.1954182478754,85.92151836948484,86.02194786052382,5477600
2024-03-27,86.50580596923828,86.54232640657021,86.26842660936134,86.27755846008462,4838500
2024-03-28,86.42364501953125,86.52406752083182,86.2593065251715,86.31408370143755,7561400
2024-04-01,85.64167022705078,86.06287294715466,85.57757431281607,86.06287294715466,10854000
2024-04-02,85.4585189819336,85.49514620717545,85.1746597327915,85.25707273606788,7214900
2024-04-03,85.55926513671875,85.55926513671875,85.02818070664172,85.11058674617223,12908000
2024-04-04,85.8522720336914,85.87058215742415,85.50431680939492,85.7423903335035,6960500
2024-04-05,85.28455352783203,85.65081884636955,85.27539497373787,85.3852766650781,6334600
2024-04-08,85.09228515625,85.21131844282102,84.98240343992418,85.0739750298281,7115100
2024-04-09,85.43108367919922,85.50433117236477,85.33951208736192,85.33951208736192,5151100
2024-04-10,84.29563903808594,84.76262749262042,84.16744722483018,84.70769014006221,14993700
2024-04-11,84.17660522460938,84.48792620162911,84.06672353428661,84.45130595745135,9371400
2024-04-12,84.52456665039062,84.75348163491529,84.52456665039062,84.61613823294523,11675600
2024-04-15,83.98432159423828,84.00263171721848,83.6455249386983,83.94769436234773,12315300
2024-04-16,83.6546859741211,83.81034647482477,83.48986691869061,83.61805874114428,12027200
2024-04-17,84.18575286865234,84.24984876655172,83.81948760097208,83.9568379495933,10515400
2024-04-18,83.89274597167969,84.10334379493423,83.78286429046258,84.10334379493423,6964500
2024-04-19,84.00264739990234,84.11252911608813,83.9110827960466,84.09421200375809,6125800
2024-04-22,84.01180267333984,84.07589859212749,83.82867347278406,83.84698359846716,4002900
2024-04-23,84.12167358398438,84.33227143898958,83.8195041545279,83.90191018841769,8319800
2024-04-24,83.86527252197266,83.95684408503132,83.72792914924352,83.9293754104855,7567400
2024-04-25,83.54480743408203,83.62722045787856,83.3433611380579,83.40745705170825,5784300
2024-04-26,83.77371978759766,83.90191161088643,83.70962387595327,83.73709255438223,5432600
2024-04-29,84.11254119873047,84.13085132775925,83.8927847207227,83.96603222277031,4846500
2024-04-30,83.71876525878906,83.9202115071891,83.64551080738377,83.79201971019435,7516700
2024-05-01,84.05028533935547,84.36253874314747,83.74722472061396,83.96763435425213,12392500
2024-05-02,84.4451904296875,84.50029809357673,83.9859996018878,84.05028603751191,8661500
2024-05-03,84.9135971069336,85.13400682045774,84.69318739340946,85.0513558053981,8501100
2024-05-06,84.987060546875,85.07889733410912,84.86767342414042,84.9503244306418,4043400
2024-05-07,85.20747375488281,85.42788345468261,85.13400151938353,85.290131771494,7776200
2024-05-08,84.96871185302734,85.0972917977971,84.95953307652206,85.02381954555713,9024000
2024-05-09,85.22584533691406,85.29013179131637,84.92277762043264,84.95032795707677,9625200
2024-05-10,84.95032501220703,85.07889791655455,84.90440311492672,85.04216180006986,3205000
2024-05-13,85.05135345458984,85.19829092397845,85.04216767315984,85.17074058638673,3228700
2024-05-14,85.29930114746094,85.33603726116291,85.1248133657481,85.21665014665442,4688800
2024-05-15,85.94218444824219,86.0064709043887,85.6850386236561,85.79523997322258,11384500
2024-05-16,85.77689361572266,85.96975302507951,85.74934327248592,85.96975302507951,4278400
2024-05-17,85.51055145263672,85.71259662049472,85.49217988826844,85.63912437641929,3883900
2024-05-20,85.38197326660156,85.46462428106834,85.35442292844597,85.39115904821956,4575900
2024-05-21,85.60237884521484,85.67585108121442,85.55646395273867,85.63911496321464,2669700
2024-05-22,85.49217224121094,85.59319481610373,85.38197089165388,85.39115667301637,3616300
2024-05-23,85.1891098022461,85.53809241329039,85.06053689256146,85.52890663211346,6005500
2024-05-24,85.29930114746094,85.30848692756074,85.07889147194632,85.10644180554849,3926400
2024-05-28,84.82174682617188,85.39114608618247,84.8033752657246,85.3727745257352,8761400
2024-05-29,84.40848541259766,84.61970932990171,84.23399060610458,84.61052354884997,10126800
2024-05-30,84.8309326171875,84.84929717093976,84.64725204617812,84.69317394060481,5069500
2024-05-31,85.22584533691406,85.24420989244413,85.05135052923724,85.08808664699542,4807400
2024-06-03,85.7840576171875,85.83011651120158,85.3419231560947,85.3419231560947,7675900
2024-06-04,86.25381469726562,86.33671928469442,86.0143211450925,86.0695932125781,8752000
2024-06-05,86.56698608398438,86.57619223745615,86.11563157033635,86.36433826603596,6466800
2024-06-06,86.5301513671875,86.61304892454093,86.39198174399948,86.41961426311728,5849400
2024-06-07,85.61827087402344,85.81171264167897,85.60906471564122,85.7932862697109,7125100
2024-06-10,85.43402862548828,85.51692619645902,85.35113105451754,85.4616611491452,3938900
2024-06-11,85.88536071777344,85.90378708194727,85.49849140130932,85.58139598489383,3954700
2024-06-12,86.36437225341797,86.8801981547562,86.34594588402685,86.6591309152685,9243200
2024-06-13,86.9354476928711,87.06440414519156,86.65911544972707,86.75122619744174,6529900
2024-06-14,87.13809204101562,87.22099662993585,87.00913559389465,87.0551944796947,5424600
2024-06-17,86.73282623291016,86.7880912883639,86.61307590929219,86.71439986269148,4957200
2024-06-18,87.11046600341797,87.21178993763925,86.8433399066164,86.88018561247866,5232600
2024-06-20,86.889404296875,86.91703682112119,86.6314913671103,86.67754323165384,3573100
2024-06-21,86.90780639648438,87.1380867563201,86.7512174384198,87.0551892000267,6908700
2024-06-24,86.98149871826172,86.98149871826172,86.79727723948416,86.92623368014824,5276000
2024-06-25,87.0551986694336,87.09204437432706,86.88939651121282,86.92624221610629,3790100
2024-06-26,86.5301513671875,86.66831396277655,86.51172500270965,86.60383574230201,4196400
2024-06-27,86.72360229492188,86.80649986782399,86.68675658665417,86.69596977062116,4946600
2024-06-28,86.26302337646484,86.93543808531052,86.26302337646484,86.917018748843,6032400
2024-07-01,85.62088775634766,86.0274206191139,85.53773715208233,85.77795470821611,13662800
2024-07-02,85.94426727294922,86.0459004937342,85.81491718268674,85.98122544860296,8195700
2024-07-03,86.51710510253906,86.5540632767748,86.11057223499692,86.15677171505433,3861000
2024-07-05,86.9975814819336,87.05301523606988,86.71115730443873,86.82203186176447,5111500
2024-07-08,87.02526092529297,87.08993596031655,86.8404700759041,86.96982014595125,5294600
2024-07-09,86.90516662597656,87.00679985603918,86.69266590788337,86.88669106098875,3006900
2024-07-10,86.98832702636719,87.03451946481515,86.85897692022957,86.97908571905676,4076600
2024-07-11,87.54267883300781,87.75518659033288,87.50572065568817,87.60735388105431,9658400
2024-07-12,87.72745513916016,87.72745513916016,87.50571314333035,87.56114688002506,4304500
2024-07-15,87.45028686523438,87.61659513855382,87.3763705106365,87.50572060665701,3754500
2024-07-16,87.83833312988281,87.84757443604714,87.52419921080799,87.60734981913325,4705800
2024-07-17,87.91226959228516,87.96770334384993,87.62584542807724,87.70900310447723,5113500
2024-07-18,87.66278076171875,87.91224667683942,87.6073470246035,87.71822154788501,8640600
2024-07-19,87.3855972290039,87.49646469334087,87.33939775282992,87.4317896561275,5274400
2024-07-22,87.30243682861328,87.55190271360527,87.1638454535122,87.48722767843145,3869800
2024-07-23,87.36713409423828,87.54268368397136,87.35789983618535,87.42257488781564,5095600
2024-07-24,87.173095703125,87.66277916955195,87.1638543974233,87.52419482928083,4733500
2024-07-25,87.36713409423828,87.66279248012708,87.30245904260798,87.34865852908047,4335600
2024-07-26,87.78289031982422,87.81060718640181,87.65354024309514,87.7366908428279,5217500
2024-07-29,87.93073272705078,88.01389039169291,87.8475821114605,88.00464908472115,6165600
2024-07-30,88.11553955078125,88.20793149004594,87.87531486945058,88.03238187110584,4419200
2024-07-31,88.76226806640625,88.7715093727469,88.18942690715946,88.37421778871554,10982900
2024-08-01,89.14131927490234,89.36373039514955,88.9467086608958,88.96523997494887,10492600
2024-08-02,90.52210998535156,90.5869801742748,90.01241059358301,90.06801866288887,18286500
2024-08-05,90.61479187011719,91.35617160969069,90.26264038249643,91.18009233071972,19098200
2024-08-06,89.80854034423828,90.42944175082668,89.74366308323421,90.39237206039029,9507000
2024-08-07,89.48417663574219,89.64172457766826,89.31736657453581,89.54904682230466,8419700
2024-08-08,89.21542358398438,89.28029376828123,89.03008222037049,89.11349078322061,4856100
2024-08-09,89.57685089111328,89.69732206993076,89.50271151784725,89.68805288069255,5174900
2024-08-12,89.82707214355469,89.8734110244327,89.4100504969348,89.46565149773197,4166400
2024-08-13,90.2255630493164,90.2255630493164,90.06802216585001,90.1977625487424,6458700
2024-08-14,90.34603881835938,90.47577920782373,90.1699666156983,90.1884979269128,4275700
2024-08-15,89.78072357177734,89.78072357177734,89.53978121411647,89.6139135170707,5507000
2024-08-16,89.95680236816406,89.97533367623048,89.7158529413822,89.96607155735715,4437000
2024-08-19,90.07727813720703,90.17921801256706,89.91046807482878,89.92900645415976,4437600
2024-08-20,90.438720703125,90.4757904004608,90.22557878134648,90.29971817601806,4886000
2024-08-21,90.62405395507812,90.82793372099003,90.31823430621026,90.53138326247834,5386000
2024-08-22,90.20702362060547,90.42017257306388,90.07728323922052,90.4016412630034,4819500
2024-08-23,90.62405395507812,90.68892414693003,90.29043380546238,90.39237368841835,5475400
2024-08-26,90.5128402709961,90.79085940495365,90.5128402709961,90.78159021506966,3062400
2024-08-27,90.47575378417969,90.54062396068338,90.22554226632803,90.2718811368245,4433700
2024-08-28,90.42945098876953,90.56846057452658,90.39238129454624,90.49432118607999,8147000
2024-08-29,90.27191162109375,90.30897424562399,90.1329020329806,90.22557273494891,6199800
2024-08-30,89.95680236816406,90.40163153527524,89.93827106009765,90.29042247591751,4802600
2024-09-03,90.5498275756836,90.68925082101018,90.39181787361518,90.44758433520148,8232700
2024-09-04,91.07962799072266,91.12610476847333,90.62418535248092,90.65206858258705,9914900
2024-09-05,91.29342651367188,91.36778653396895,91.005290299223,91.32130974844281,33635000
2024-09-06,91.42352294921875,91.8789655139343,91.10749651252668,91.33057650008327,17777600
2024-09-09,91.55364227294922,91.61870549141777,91.25620940404171,91.36774938914164,8532500
2024-09-10,91.94403839111328,91.9905151662406,91.54436223564319,91.56295578223822,7921400
2024-09-11,91.87898254394531,92.15782903439622,91.70238638526317,91.75815284680903,7286200
2024-09-12,91.7302474975586,91.90684361365895,91.56294106190202,91.80460039790442,5929800
2024-09-13,91.90685272216797,92.01839272077966,91.7953198149161,91.98121272124243,5305500
2024-09-16,92.14852142333984,92.18570142378485,91.89756528453607,92.00909819451108,6666900
2024-09-17,91.9812240600586,92.14853053292062,91.91616082568784,92.09276407242018,7807000
2024-09-18,91.58154296875,92.06487590503663,91.53507328461188,91.76744297938345,8584500
2024-09-19,91.50718688964844,91.5257804371895,91.29341073245057,91.33059073617207,16770800
2024-09-20,91.47929382324219,91.60013059518407,91.25622091626005,91.37705059684207,6580600
2024-09-23,91.42352294921875,91.50717262603284,91.07961328692198,91.29339650215717,7491700
2024-09-24,91.52580261230469,91.55368584901129,91.09824310295807,91.17259603705487,6580800
2024-09-25,91.15399169921875,91.3398846350469,91.15399169921875,91.3398846350469,10455100
2024-09-26,91.08892059326172,91.27481351303037,90.94020058435854,91.22834382876837,8026500
2024-09-27,91.45140838623047,91.49788515760183,91.22833548463922,91.30269548228954,6207700
2024-09-30,91.20046997070312,91.41424614126633,91.0517499465191,91.3863629095721,8902400
2024-10-01,91.5323257446289,91.79333948164346,91.42978361764591,91.51367784221877,11665600
2024-10-02,91.27130126953125,91.30858284578349,91.01960440124301,91.12214651616192,7742100
2024-10-03,90.80520629882812,91.09418475280583,90.77723444759032,91.02893132409827,11556100
2024-10-04,89.92894744873047,90.21792592704762,89.8823348048318,90.02216562443688,8878300
2024-10-07,89.60267639160156,89.7425000930515,89.55606374972452,89.59335244080803,10152600
2024-10-08,89.67725372314453,89.67725372314453,89.4255639286252,89.46285262264495,5975200
2024-10-09,89.34164428710938,89.56537640539555,89.29503876320037,89.51876376939684,6769200
2024-10-10,89.33234405517578,89.37894958774807,89.05268241137784,89.27640745916156,5959000
2024-10-11,89.36031341552734,89.444207645748,89.19251784299465,89.23913049006705,5394100
2024-10-14,89.20183563232422,89.20183563232422,88.94082189577024,88.9874274275315,3850900
2024-10-15,89.65860748291016,89.69589617466357,89.5001358770262,89.54674140764992,7736900
2024-10-16,89.79841613769531,89.91959902191925,89.74247955782435,89.8263808715863,5041100
2024-10-17,89.33234405517578,89.44420302302211,89.25776666855086,89.40692144180069,5460200
2024-10-18,89.43486785888672,89.53740996646272,89.41621996000585,89.48147338190971,5174700
2024-10-21,88.74504089355469,89.1179206510079,88.73572405588348,89.08995591381463,6633600
2024-10-22,88.66114807128906,88.9128378220623,88.58657069621184,88.85690834679934,5433900
2024-10-23,88.45606231689453,88.55860442783079,88.3162315190642,88.40013284259832,6914300
2024-10-24,88.65180969238281,88.8009644182608,88.43740866404417,88.53995076006309,5486300
2024-10-25,88.45606231689453,88.85690681089356,88.39080889285235,88.8475828611476,6455300
2024-10-28,88.2509765625,88.4840255174736,88.08318103043543,88.47470867997923,5447300
2024-10-29,88.28826904296875,88.30691694293826,87.83149506297558,87.87810058871938,8475400
2024-10-30,88.15777587890625,88.71709205930112,88.12048718526778,88.4933670095614,6341100
2024-10-31,88.11115264892578,88.27894819409585,87.83149814836916,88.01793448207357,8662900
2024-11-01,87.58939361572266,88.32811148162997,87.56134221250723,88.2439572719837,15659500
2024-11-04,88.05691528320312,88.3093921209274,87.88859976943007,88.19717940036891,8179300
2024-11-05,88.10368347167969,88.21588907225139,87.65483966700216,87.94472078144962,8118500
2024-11-06,87.19664001464844,87.43976401117312,86.97222170546456,87.00027310234637,15261400
2024-11-07,87.89796447753906,88.05692716919015,87.50523060376686,87.5519805597129,15674000
2024-11-08,88.08496856689453,88.34679825380697,87.9821086877113,88.08496856689453,12335300
2024-11-11,87.84184265136719,87.86054120286967,87.69222570283218,87.82313696573593,3980000
2024-11-12,87.29014587402344,87.67353398392612,87.18728599742171,87.49586562722689,8037600
2024-11-13,87.23404693603516,87.69223641215417,87.12183421093005,87.68288356819635,6661800
2024-11-14,87.22469329833984,87.58003002420769,87.12183341812857,87.37431026378516,7510000
2024-11-15,87.2621078491211,87.55198183625605,86.86937396962267,87.05638806439418,16761500
2024-11-18,87.4584732055664,87.51457600615612,87.12184213376756,87.22470202426888,4788200
2024-11-19,87.64550018310547,87.78575719378458,87.60809593554745,87.72965438951293,4951500
2024-11-20,87.51456451416016,87.67353431850633,87.37430753110377,87.40235892771504,5752900
2024-11-21,87.46783447265625,87.73900992516849,87.35562172654156,87.58004721877093,5098200
2024-11-22,87.52394104003906,87.64550663708707,87.4304339813238,87.58939669455287,5373900
2024-11-25,88.46837615966797,88.49642756305076,88.19720070341589,88.32811200862295,7716000
2024-11-26,88.2813491821289,88.30940058142366,88.10368080775541,88.2813491821289,5093100
2024-11-27,88.63667297363281,88.75823140730081,88.4590046109315,88.63667297363281,5587600
2024-11-29,89.0107192993164,89.02006501020718,88.83305091456553,88.95460936331956,5136200
2024-12-02,89.00321197509766,89.1157699892228,88.63740737429349,88.74058376488769,5950600
2024-12-03,88.7499771118164,89.13453785439884,88.6936945192782,89.09701851140103,5364800
2024-12-04,89.08763122558594,89.11576893976536,88.49671060349037,88.5248483176698,5908800
2024-12-05,89.0782470703125,89.13452249707184,88.82499333773202,88.82499333773202,5210300
2024-12-06,89.35962677001953,89.50032248577243,89.17203725306992,89.44404706190382,6880200
2024-12-09,89.05010986328125,89.2564626373478,89.05010986328125,89.24708101414065,4303100
2024-12-10,88.8906478881836,88.95630493625056,88.77809703782967,88.8625101755951,3543400
2024-12-11,88.62802124023438,89.10638383081847,88.59988352715561,89.02197069158217,6452800
2024-12-12,88.29034423828125,88.59987335878724,88.26220652843178,88.52483469513473,4518000
2024-12-13,87.87767028808594,88.17781786991183,87.830769321267,88.14968015225361,5230100
2024-12-16,87.90580749511719,88.04650323867392,87.81201271810696,88.03712161414808,4607600
2024-12-17,87.90580749511719,88.04650323867392,87.85890652857069,87.88704424606547,4881100
2024-12-18,87.2263412475586,88.00741100223111,87.16046772175065,87.89448906066083,11553900
2024-12-19,86.83110809326172,86.9910928379153,86.68995564162192,86.93462467758229,9273800
2024-12-20,87.15104675292969,87.4239533848371,87.1322216447015,87.28279379182635,6070900
2024-12-23,86.76521301269531,87.12281828053062,86.69933949172702,87.08517524288084,5954500
2024-12-24,86.81228637695312,86.82169893321135,86.54879223913721,86.58643528449332,3076100
2024-12-26,86.87814331054688,86.91578634871006,86.51113266305006,86.5393631467536,3703300
2024-12-27,86.65229797363281,86.94402256403464,86.6334728634725,86.82168806669617,3752500
2024-12-30,87.16045379638672,87.20750220463228,87.06634262054622,87.07575517406522,4797700
2024-12-31,87.00048828125,87.34868104145163,86.93461475144713,87.28280751164876,5856000
2025-01-02,87.04753875732422,87.31103286103068,86.86873610994805,87.18869836421722,5034800
2025-01-03,86.90637969970703,87.20751684579997,86.87814921408518,87.14164331945702,2863700
2025-01-06,86.82169342041016,86.88756695068145,86.63347820558052,86.80286830908902,3894600
2025-01-07,86.42646026611328,86.7746530900565,86.34176878929546,86.70877954819454,5524400
2025-01-08,86.5770034790039,86.59582140765966,86.28527891695114,86.30409684560689,6402900
2025-01-10,85.9465103149414,86.22882236077139,85.85240629966475,86.06884481683345,8210900
2025-01-13,85.79595184326172,85.92769892161643,85.71126036989538,85.89946843049432,5094300
2025-01-14,85.82416534423828,85.8994514254448,85.71124340210439,85.83357789930807,4365500
2025-01-15,86.72760772705078,86.79348127124014,86.55821758775271,86.6993700541029,7846600
2025-01-16,86.93462371826172,87.12283895116632,86.52996994211311,86.65231163842034,7550900
2025-01-17,87.00048828125,87.12282996493839,86.91579681993613,87.06636181105287,3912800
2025-01-21,87.29222106933594,87.35809459989501,87.15106145251607,87.28280851363425,4431300
2025-01-22,87.0663833618164,87.26401117981834,86.9628739433708,87.2545986218949,3656400
2025-01-23,86.84049987792969,86.9063733994972,86.69934028037778,86.69934028037778,4860900
2025-01-24,87.01932525634766,87.12284184296188,86.76523647841195,86.81229208311923,4468700
2025-01-27,87.58395385742188,87.65923995071272,87.3957458038718,87.59336641400249,4297100
2025-01-28,87.59335327148438,87.61217120214513,87.31103405384145,87.36749502549966,3906600
2025-01-29,87.48985290527344,87.75334706137424,87.23576412640675,87.68747352234904,4918400
2025-01-30,87.67805480957031,87.8192144346213,87.59336334234578,87.67805480957031,4365600
2025-01-31,87.5368881225586,87.83802528119091,87.33926753530078,87.70627822301904,6277400
2025-02-03,87.59920501708984,88.06179174952622,87.4764799826954,87.78801387040377,8294000
2025-02-04,87.81632995605469,87.81632995605469,87.41982706295563,87.41982706295563,6742300
2025-02-05,88.32612609863281,88.48662154512168,88.146759850645,88.17508045808539,6576300
2025-02-06,88.2222671508789,88.34499937000092,88.09009953228214,88.23170975294867,5268500
2025-02-07,87.92962646484375,88.01459549292619,87.77858081866955,87.93906906854096,4565300
2025-02-10,87.91073608398438,88.1467507250149,87.86353027474017,88.02401850201807,3229100
2025-02-11,87.68415069580078,87.75967710425878,87.62750949075466,87.69359329750672,3379500
2025-02-12,87.07996368408203,87.15549010108381,86.92891805267402,87.09884888963025,7280200
2025-02-13,87.73138427734375,87.79746810501784,87.51424758493059,87.53313279432149,6121900
2025-02-14,88.09955596923828,88.27892942375716,88.06179275762399,88.1467617844052,5157900
2025-02-18,87.62751007080078,87.9201659022693,87.61806746903234,87.82576149236928,4484100
2025-02-19,87.76913452148438,87.80689773208785,87.58031846846704,87.58031846846704,4607000
2025-02-20,87.94851684570312,88.04292128043976,87.90131102703647,87.91075363128914,7545400
2025-02-21,88.46772766113281,88.58101728237843,88.0523395858275,88.0617821882468,6156500
2025-02-24,88.65655517578125,88.71319639244031,88.35444948000966,88.38277729093541,4109500
2025-02-25,89.35515594482422,89.40235455750017,89.13801927820711,89.21354570160403,7697100
2025-02-26,89.60059356689453,89.65723477072066,89.20408353232784,89.3173731425747,7379800
2025-02-27,89.49676513671875,89.52508574451086,89.26075046832297,89.29850647698174,5907900
2025-02-28,89.98767852783203,90.02544174162576,89.59117558689275,89.77054184916724,11831500
2025-03-03,90.31432342529297,90.3711285300863,89.67050575170141,89.67997567697914,9637400
2025-03-04,90.03026580810547,90.68355327892739,89.87878315053574,90.45632568085524,12745500
2025-03-05,89.52848815917969,90.17230584997907,89.50008560602389,90.04922571182503,15590000
2025-03-06,89.48114013671875,89.65156265463246,89.14976502506312,89.48114013671875,9318900
2025-03-07,89.36752319335938,89.96399839751916,89.28231554566614,89.92613314750153,9210200
2025-03-10,89.9924087524414,90.13442149951562,89.8030463839495,89.8882612556298,7698500
2025-03-11,89.6705093383789,90.23858207934369,89.54742919859152,89.99242179976892,10408600
2025-03-12,89.4053955078125,89.62316042392301,89.36752303442651,89.38646288283735,7610300
2025-03-13,89.76517486572266,89.80304733982415,89.18763227668751,89.27284714927484,6902300
2025-03-14,89.45274353027344,89.61369613470796,89.42433375587073,89.53795118317306,4390900
2025-03-17,89.52848815917969,89.80305821208026,89.43381057418145,89.6137030420838,6734000
2025-03-18,89.63262939453125,89.78411929867198,89.38646913545686,89.3959318368885,8993300
2025-03-19,89.9072036743164,89.93560622682513,89.41487590947993,89.55688867202355,5854500
2025-03-20,90.03976440429688,90.40901207753758,89.9356168837995,90.39007944810052,4409100
2025-03-21,89.96400451660156,90.26697710139987,89.945071890305,90.18176944791108,4919600
2025-03-24,89.44326782226562,89.73677046119089,89.41486527313552,89.71783783624939,4823500
2025-03-25,89.59475708007812,89.69890458350365,89.42433454933054,89.44327439910039,6825800
2025-03-26,89.386474609375,89.53795729935615,89.31072965266611,89.44327971518835,8281700
2025-03-27,89.31071472167969,89.38645966572552,89.19709730561092,89.28231217352136,5085100
2025-03-28,90.03026580810547,90.08707812519984,89.70836064612284,89.73676319295248,6224500
2025-03-31,90.29537200927734,90.47525721150406,90.03026472072085,90.40898219522369,13255800
2025-04-01,90.61261749267578,90.85957214404588,90.48913654372346,90.48913654372346,18128800
2025-04-02,90.52713012695312,90.99254605580481,90.24218914139622,90.99254605580481,7635900
2025-04-03,91.45797729492188,91.7999123591512,91.35349673382201,91.5719580651771,18188000
2025-04-04,91.71441650390625,92.62624084217083,91.70492354216351,92.32229939608264,27006500
2025-04-07,90.62210845947266,91.80938056120644,90.4131474101221,91.64790604800494,68670600
2025-04-08,90.16620635986328,90.79308235576711,90.11871257002947,90.14721319185071,19508000
2025-04-09,89.88127136230469,89.92876515913902,88.91246022709375,89.50134997377396,24170800
2025-04-10,89.32086944580078,90.0237326097357,89.27337565577027,89.77677794533994,12093800
2025-04-11,88.81746673583984,89.02642781652914,88.13359674323307,88.77947315330226,55446600
2025-04-14,89.52982330322266,89.62480362908468,89.0929080070299,89.20688149945057,12630900
2025-04-15,89.7957763671875,90.00473744422851,89.510828126398,89.52032833350025,7708100
2025-04-16,90.1852035522461,90.30868451271019,89.71979482655324,89.9097627478306,8708400
2025-04-17,89.92874145507812,90.22318262753933,89.84325409261689,90.13770251161216,6987000
2025-04-21,89.4443588256836,89.99525500180263,89.42536565426468,89.66282015295018,4901300
2025-04-22,89.51083374023438,89.70080166151983,89.50134077907153,89.68180124612367,5233000
2025-04-23,89.6058120727539,90.4416564146381,89.49183856906794,90.27068891257407,8041300
2025-04-24,90.0902099609375,90.11870333330339,89.87175594177623,89.96673626517392,7308900
2025-04-25,90.4321517944336,90.49863875051781,90.21369775867176,90.33717146381825,5341300
2025-04-28,90.79308319091797,90.82158381300137,90.29918110616381,90.32767448171222,4950500
2025-04-29,91.10652923583984,91.11602944366197,90.73610084266596,90.74560105048808,5350200
2025-04-30,91.24900817871094,91.33449556054718,90.99256052627362,91.08754086989723,13923200
2025-05-01,90.85163116455078,91.38527272888474,90.67058082631821,91.36621020682531,13703300
2025-05-02,90.24177551269531,90.51812396423537,90.08931166335574,90.38471536972956,9331600
2025-05-05,90.07974243164062,90.22268222842484,89.88916088274172,90.21315096991387,10089400
2025-05-06,90.30845642089844,90.32751894101833,89.95587977111424,90.04163930098998,6081200
2025-05-07,90.54671478271484,90.66106812781885,90.38471966315178,90.4037821891142,9471100
2025-05-08,89.84153747558594,90.50858762735834,89.82248222335114,90.48952510490139,6409000
2025-05-09,89.90823364257812,90.15599552058377,89.879647131697,90.00352443558907,3698700
2025-05-12,89.33648681640625,89.54613093537093,89.31743156478306,89.31743156478306,9483700
2025-05-13,89.26976776123047,89.49846709398136,89.12682795192839,89.45082533769448,13166800
2025-05-14,88.9362564086914,89.29836433220517,88.87907611639443,89.23166004970997,6994700
2025-05-15,89.5175552368164,89.56519700674062,89.19355775830698,89.30791109252608,9024900
2025-05-16,89.54612731933594,89.8891799964756,89.53659605879828,89.87011747540028,6819200
2025-05-19,89.49847412109375,89.5175366412818,88.99342638942976,89.03154415958457,11704900
2025-05-20,89.38414001464844,89.45084430376981,89.12684684930723,89.26025542754999,8929600
2025-05-21,88.76473999023438,89.15543446843951,88.65038666308484,89.03155715002761,11383500
2025-05-22,89.09825134277344,89.1363691141702,88.67896312763068,88.79331644182093,10981200
2025-05-23,89.35552978515625,89.49846959845827,89.23165249107898,89.4889456090668,9860700
2025-05-27,89.72720336914062,89.82249418344715,89.45085491849555,89.55567699529965,10834400
2025-05-28,89.47943878173828,89.61284737185503,89.37461670804328,89.54614307679665,8591500
2025-05-29,89.8510513305664,89.93681085434261,89.66999375341122,89.71764278010072,9679100
2025-05-30,90.11788177490234,90.16553080864703,89.86059589525767,89.91776891957386,10268600
2025-06-02,89.81195068359375,90.00315906751518,89.65897814115077,89.86931173994371,13341900
2025-06-03,89.72589874267578,90.06051705018422,89.64941247406469,89.93623233429024,8508900
2025-06-04,90.38558959960938,90.46207587630603,89.99360290213868,90.07008917883532,10115900
2025-06-05,90.11788177490234,90.50030580844775,90.0892012488595,90.3855764101446,8762800
2025-06-06,89.40084075927734,89.73545905824075,89.3721602328136,89.65897279158287,7624200
2025-06-09,89.56336975097656,89.67809915243095,89.40084190284848,89.41039721570405,6061200
2025-06-10,89.7163314819336,89.8884219303161,89.6207272981948,89.85018609212591,5579900
2025-06-11,90.0892105102539,90.12744635282061,89.81195323978405,89.88843221904996,6594900
2025-06-12,90.48118591308594,90.49074852037286,90.27085231756689,90.43338017078355,7795400
2025-06-13,90.14655303955078,90.34732399535585,89.90753895490698,90.28040034342084,9195200
2025-06-16,89.88842010498047,90.2326009947563,89.8693021862736,90.04139263116151,7508400
2025-06-17,90.3282241821289,90.36646002450009,89.97448064006952,90.11789057842508,5285000
2025-06-18,90.38558959960938,90.67240219602259,90.23261704621609,90.48119379841378,6732400
2025-06-20,90.44293975830078,90.57678707931989,90.14656458949162,90.20392564303353,6261700
2025-06-23,90.75843048095703,91.05480561822081,90.6341457801341,90.70106943352047,9310300
2025-06-24,91.07393646240234,91.12173490684509,90.63415138521839,90.67238722311994,7694500
2025-06-25,91.11219024658203,91.15042608895384,90.80625244868041,90.90185664287483,6393300
2025-06-26,91.43724060058594,91.44680320768403,91.15998334779748,91.2842753576766,7131900
2025-06-27,91.1982192993164,91.47547653026818,91.14085824950965,91.1982192993164,8402400
2025-06-30,91.5615234375,91.59976657097559,91.26514827072897,91.39899559082762,10542300
2025-07-01,91.39178466796875,91.60278586427489,91.22874094983538,91.51646386702065,10659800
2025-07-02,91.19994354248047,91.24790101090922,91.04649281461667,91.10403592290531,6026200
2025-07-03,90.88345336914062,90.97936099318969,90.76835982991216,90.92181788221679,7398900
2025-07-07,90.59571838378906,90.74917642796999,90.51898936169859,90.7395834708881,8518600
2025-07-08,90.46144104003906,90.47103399656805,90.30799032198453,90.35594047006576,5282800
2025-07-09,90.93141174316406,90.94100470162101,90.59573137000388,90.59573137000388,6900800
2025-07-10,90.88345336914062,90.90263196703737,90.70122376134954,90.8642674539612,4451900
2025-07-11,90.46144104003906,90.60530611884647,90.41348357467598,90.57653456654137,6004300
2025-07-14,90.42308807373047,90.59572472688009,90.31758749029,90.4614525874618,5101600
2025-07-15,90.0682144165039,90.53816682771257,90.02025695285172,90.52857387152582,5628100
2025-07-16,90.31758117675781,90.3847172417739,90.087401427743,90.21208060069222,12786300
2025-07-17,90.288818359375,90.47104797517265,90.21208932985147,90.36554738889855,4747200
2025-07-18,90.5381851196289,90.61491415006174,90.4422774902294,90.54777807775378,4035000
2025-07-21,90.85469055175781,91.01773426005047,90.80673307647955,90.92182662677735,5232300
2025-07-22,91.1136245727539,91.17116767832225,90.93139498207816,90.9505808954556,6098000
2025-07-23,90.78754425048828,90.96017358056504,90.73958678061192,90.90263047053946,5074000
2025-07-24,90.65326690673828,90.74918184872183,90.46145165733664,90.47104461499154,5867400
2025-07-25,90.86426544189453,90.86426544189453,90.58612821621335,90.62449272843999,3614000
2025-07-28,90.66285705566406,90.76835763475138,90.62449254351571,90.7012215678124,5073200
2025-07-29,91.25749969482422,91.25749969482422,90.77795424957267,90.79713284777831,7864000
2025-07-30,90.94100189208984,91.1903675832835,90.87386581953191,90.94100189208984,7425600
2025-07-31,91.0177230834961,91.23830988120893,90.97935857144115,91.08485915027163,10411800
2025-08-01,92.0655746459961,92.11368877308068,91.7384147324281,91.75766331973597,11870100
2025-08-04,92.19068908691406,92.22917893202984,91.92126751229094,92.15219924179829,8449500
2025-08-05,92.12330627441406,92.23877577539398,92.00784411461929,92.0270853608567,8218700
2025-08-06,92.05596923828125,92.1040833752368,91.66146121175485,91.98861385125545,10107500
2025-08-07,91.9886245727539,92.15220091156942,91.92126917787766,92.05597996763015,5725900
2025-08-08,91.77691650390625,91.86352047568666,91.72880971174918,91.86352047568666,5623800
2025-08-11,91.8057861328125,91.93087259740807,91.7576720011757,91.844268628699,4920200
2025-08-12,91.78653717041016,91.78653717041016,91.58447103249179,91.69031624871366,6724600
2025-08-13,92.11372375488281,92.20994470440849,92.02711976147819,92.04636835609605,5925200
2025-08-14,91.81539916992188,91.98859975876658,91.74804379321479,91.95973421749004,5527500
2025-08-15,91.63259887695312,91.83466504511114,91.57486044234594,91.77692661050395,7428500
2025-08-18,91.54598999023438,91.70956630695147,91.45939335474407,91.69994935268797,9669600
2025-08-19,91.77691650390625,91.81540634234354,91.67107128350023,91.68069557840606,6499300
2025-08-20,91.91163635253906,91.99824033287955,91.7576843247591,91.77692557528655,6270700
2025-08-21,91.64219665527344,91.83464582838195,91.51711019864189,91.78653169980849,5351300
2025-08-22,92.15219116210938,92.25803639160067,91.76730742707196,91.79617297308108,10867700
2025-08-25,91.9693603515625,92.0944468133251,91.9212462210154,91.98860159906997,9936400
2025-08-26,92.20992279052734,92.23878833440631,91.98860805214511,92.04634648108916,5871200
2025-08-27,92.38312530517578,92.38312530517578,92.02709979387285,92.08483088282446,5222800
2025-08-28,92.59481811523438,92.59481811523438,92.31577227620531,92.35426211688377,6544700
2025-08-29,92.51782989501953,92.5948095692717,92.40236038364128,92.48896435247143,6818900
2025-09-02,92.24174499511719,92.31896953216537,92.12589714168554,92.15485726373356,8623200
2025-09-03,92.56031036376953,92.69546250527772,92.25139013100237,92.25139013100237,7586100
2025-09-04,92.97543334960938,92.97543334960938,92.67616891104431,92.79201677366959,6395300
2025-09-05,93.42915344238281,93.66084178215127,93.42915344238281,93.55465712390534,9566300
2025-09-08,93.71876525878906,93.72841372214266,93.56430146226101,93.66083765247144,7599600
2025-09-09,93.49671936035156,93.77667944956674,93.40983900433929,93.67048743761482,8223100
2025-09-10,93.74772644042969,93.86357428913698,93.6029184708554,93.68980619869569,8864500
2025-09-11,93.89253234863281,94.08560472700019,93.86357222840162,93.8732206916526,8554300
2025-09-12,93.62223052978516,93.68015077176756,93.487071023094,93.67049494302405,36502700
2025-09-15,93.77667999267578,93.85391188640423,93.73806404581156,93.78633582070152,4990100
2025-09-16,93.83460998535156,93.92149771613856,93.74772961980408,93.78634557068281,5847700
2025-09-17,93.63188171386719,94.1435301735498,93.5160412265365,93.93115349169703,10701700
2025-09-18,93.32295227050781,93.4581044025605,93.16849584754996,93.30364797960263,7589200
2025-09-19,93.28433227539062,93.3519083384845,93.15883597685584,93.27468381297614,5528800
2025-09-22,93.12987518310547,93.31329908098816,93.1202193555226,93.2843315982395,5282700
2025-09-23,93.39053344726562,93.40018927586603,93.14918928893006,93.26503713641725,7077500
2025-09-24,93.13955688476562,93.28435751254224,93.10094092894504,93.27470904751745,5419700
2025-09-25,92.93681335449219,92.9850851364639,92.77270108017215,92.92716489028973,6517500
2025-09-26,92.88854217529297,93.09127038738339,92.80165444711746,92.91750229627169,7295300
2025-09-29,93.1588363647461,93.20710813797349,92.99472412015456,93.00437258260922,6357500
2025-09-30,93.1202163696289,93.40983226592155,93.08160042577401,93.2360642011936,9257800
2025-10-01,93.43396759033203,93.56953292067381,93.28871691132116,93.50175025550291,8347000
2025-10-02,93.53079223632812,93.58889693643806,93.33712960331069,93.39522691566474,9420600
2025-10-03,93.3468246459961,93.57922130730418,93.32745394802903,93.54048729912672,5154300
2025-10-06,93.07569122314453,93.28871718018381,93.06600587444751,93.12410319111673,6319600
2025-10-07,93.3080825805664,93.43396255545578,93.13378325269711,93.1918805660682,5119900
2025-10-08,93.32745361328125,93.5017529555763,93.26935629510179,93.48238964543536,5141900
2025-10-09,93.25967407226562,93.30809343087599,93.1822134413487,93.24031076147561,7130600
2025-10-10,93.84066772460938,93.94717700526132,93.51143237105083,93.58890038221239,10417700
2025-10-13,93.88908386230469,93.91813252084187,93.71478452332505,93.8309865452303,5607600
2025-10-14,94.13114929199219,94.16019794541434,93.90843802391898,93.98589863712628,7650600
2025-10-15,94.02465057373047,94.24736927204466,93.94718255799017,94.13116724843422,7769300
2025-10-16,94.46039581298828,94.4991224303105,93.92781247785676,93.94717578651787,11627200
2025-10-17,94.3054428100586,94.39259615272913,94.18924081574947,94.37322545980024,12491000
2025-10-20,94.43134307861328,94.44102842716138,94.2860997891733,94.36356041428918,10437800
2025-10-21,94.60564422607422,94.67342689169685,94.5378615604516,94.59596626509705,7642000
2025-10-22,94.62500762939453,94.67341959381802,94.4700716126252,94.55722496899692,6523500
2025-10-23,94.31515502929688,94.48945437654548,94.29578433084878,94.43134966895805,6138300
2025-10-24,94.40230560302734,94.450724963747,94.2473769466874,94.43135426435626,7555200
2025-10-27,94.40230560302734,94.40230560302734,94.13117491361453,94.25705490862556,7272300
2025-10-28,94.48944091796875,94.53785288167975,94.34419025132418,94.34419025132418,5539600
2025-10-29,93.87938690185547,94.4410188566294,93.8309749395336,94.4410188566294,11223300
2025-10-30,93.74382019042969,93.88907085074266,93.58889157044987,93.60825487753904,8958800
2025-10-31,93.78255462646484,93.87938593786988,93.72445731717293,93.80192532139915,9739900
2025-11-03,93.73788452148438,93.7961647724588,93.61160817403356,93.66017257950601,8012500
2025-11-04,93.85443878173828,93.90300318014623,93.78644269515307,93.80586697231273,6119000
2025-11-05,93.40760803222656,93.70873250541003,93.37846049941916,93.68930081687175,11749200
2025-11-06,93.88359069824219,93.95158679337023,93.74759850798611,93.75730694227687,7665000
2025-11-07,93.92245483398438,94.08758716350626,93.78646263190527,93.79617106704008,11460300
2025-11-10,93.7961654663086,93.88359325443567,93.74760106047688,93.80588131188243,9097300
2025-11-11,94.08758544921875,94.11672557613059,93.9613090955944,94.03901363035297,4937700
2025-11-12,94.10700225830078,94.17499835270272,94.00986603930065,94.03900616389883,7188200
2025-11-13,93.83502960205078,94.02930947533788,93.83502960205078,93.8836014231274,46965300
2025-11-14,93.67961120605469,94.15558391662793,93.66017951361214,94.10701209654079,11288500
2025-11-17,93.78646087646484,93.85445697623167,93.72817321165108,93.7767450304927,6648500
2025-11-18,93.94186401367188,94.15556812859057,93.80587183345416,94.06814034929747,8769000
2025-11-19,93.8738784790039,94.0875826179521,93.83502250728435,94.03901080054793,13075900
2025-11-20,94.0972900390625,94.17499456452587,93.93215032128468,93.97100628952545,9076400
2025-11-21,94.40814208984375,94.44699806290647,94.22357807055059,94.40814208984375,12551100
2025-11-24,94.5538330078125,94.57326469785642,94.39841654255275,94.50526860473934,6903900
2025-11-25,94.79666900634766,94.90352105923522,94.64125255461336,94.65096839878979,9193400
2025-11-26,94.87439727783203,94.87439727783203,94.5441326291295,94.68984067280019,7747100
2025-11-28,94.70925903320312,94.8549670677656,94.60240696859188,94.83553537728073,7798000
2025-12-01,94.20069885253906,94.34683112594557,94.19095422332056,94.27863358736447,9898100
2025-12-02,94.27863311767578,94.32734883055141,94.11301158665736,94.17147192870296,7317200
2025-12-03,94.4734878540039,94.5319407626532,94.31760352030692,94.43451677057966,6855100
2025-12-04,94.18121337890625,94.33709772076993,94.13250509680475,94.32735309115982,8928900
2025-12-05,93.98635864257812,94.21043307671535,93.93764293099663,94.20069588077826,9118700
2025-12-08,93.79151153564453,93.9376512503575,93.61614536458391,93.92791405355804,14728300
2025-12-09,93.65511322021484,93.92791081365748,93.63563139431328,93.92791081365748,8509200
2025-12-10,93.95714569091797,93.98637214887725,93.60641332945653,93.61615052679292,13356900
2025-12-11,93.96686553955078,94.23966310708039,93.93763908698746,94.1909473974924,8672800
2025-12-12,93.71358489990234,93.79151964591033,93.69409563866887,93.71358489990234,8348700
2025-12-15,93.79151153564453,94.02533805237513,93.77202970907098,93.92791405355804,6117000
2025-12-16,94.05455780029297,94.07403962547698,93.7525411956089,93.76227839171383,7456400
2025-12-17,94.03507995605469,94.083795674389,93.91817412481238,93.93765595236108,5673200
2025-12-18,94.27863311767578,94.33709345972137,94.15198267036303,94.27863311767578,7357600
2025-12-19,94.06653594970703,94.21314987572323,94.02743840562977,94.12518599436994,5806600
2025-12-22,93.96879577636719,94.01766957071558,93.91015318882434,93.98834827694417,4672800
2025-12-23,93.92969512939453,93.95901642219734,93.71466237271552,93.7635361654494,5093900
2025-12-24,94.1740493774414,94.1936018774137,93.99811416315978,94.04698795599671,3967700
2025-12-26,94.26202392578125,94.33044276382853,94.15450754355066,94.31089026318985,3491500
2025-12-29,94.39885711669922,94.4184021593152,94.27178823986738,94.3695358242284,5034600
2025-12-30,94.3011245727539,94.37931220659908,94.22292948181443,94.26202702728418,4108600
2025-12-31,93.98834991455078,94.29134656492681,93.97857366409195,94.16427768024461,6802100
2026-01-02,93.91014862060547,94.11540512411486,93.90037237079254,94.11540512411486,6611800
2026-01-05,94.193603515625,94.20337230868724,93.99811579797117,94.05676584181428,8693200
2026-01-06,94.12517547607422,94.1447205173817,93.92968777753327,94.07630168716568,12834100
2026-01-07,94.3011245727539,94.36954341305237,94.16427943506267,94.34021466112934,7990900
2026-01-08,94.01766967773438,94.13495485295357,94.00789342743475,94.05676722183878,6931700
2026-01-09,94.12517547607422,94.20336309839738,93.90036648702542,93.98833781564215,10277300
2026-01-12,94.00789642333984,94.12518905939105,93.94925383386139,93.97857512860061,6360600
2026-01-13,94.12517547607422,94.19359430629024,94.02742789825713,94.1642655586892,7622500
2026-01-14,94.32066345214844,94.41840358088734,94.19360203049725,94.20337082340546,7331200
2026-01-15,94.12517547607422,94.34020075882944,94.10562297767352,94.3304319667223,6172500
2026-01-16,93.76353454589844,94.08608367534566,93.74398950339875,94.0567623830493,11979300
2026-01-20,93.39212036132812,93.55827932467997,93.37256786146686,93.44098669679373,13607700
2026-01-21,93.63646697998047,93.67555706241369,93.40188174282208,93.49962932018467,11969000
2026-01-22,93.626708984375,93.6951278276119,93.4898712979012,93.53873763901633,10209500
2026-01-23,93.78308868408203,93.8026411855717,93.58760841175165,93.66580350352156,8147500
2026-01-26,93.919921875,93.98834816984741,93.87105553780133,93.92969812527735,6803800
2026-01-27,93.81240844726562,93.97856740853464,93.78307969784137,93.86127478211868,9857200
2026-01-28,93.73422241210938,93.78308875168,93.56806343479934,93.75376745651874,17032400
2026-01-29,93.83195495605469,93.91991883442097,93.61692219947872,93.63647469940042,11049100
2026-01-30,93.77332305908203,93.89060824360564,93.74400176295113,93.82218940026866,8238500
2026-02-02,93.58895874023438,93.84391069487094,93.58895874023438,93.81449373713778,8987100
2026-02-03,93.67720794677734,93.71643305019825,93.52031501451724,93.53992382551594,7313800
2026-02-04,93.65760803222656,93.7556670593816,93.55954900507153,93.59876663079417,7268600
2026-02-05,94.20674133300781,94.23615829200129,93.85372286223809,93.9419812206425,12086800
2026-02-06,94.20674133300781,94.26557525099479,94.05964905661644,94.25577458561293,7759900
2026-02-09,94.22634887695312,94.26557398222447,94.0694559372916,94.14790614783428,8165100
2026-02-10,94.6382064819336,94.67743158626837,94.54014746180849,94.55975627326404,9752300
2026-02-11,94.37344360351562,94.57936980047297,94.29500087235857,94.31460968479182,9106600
2026-02-12,94.95199584960938,94.97160466024185,94.52052720146126,94.53033534748918,13099900
2026-02-13,95.32461547851562,95.37364872330996,95.20694017986288,95.23636461559315,11681500
2026-02-17,95.31482696533203,95.42269414095884,95.2658011918626,95.36386022022577,8623800
2026-02-18,95.11869812011719,95.20694899120724,95.08928116308718,95.14811507714721,7778800
2026-02-19,95.20695495605469,95.25598820845902,95.05987016168955,95.07947897379692,4993000
2026-02-20,95.20695495605469,95.25598820845902,95.01083690928522,95.24618006169337,11200200
2026-02-23,95.5501708984375,95.6384217733372,95.28540331089084,95.28540331089084,9862900
2026-02-24,95.53055572509766,95.58939712381097,95.44230484916349,95.55017201847672,9493300
2026-02-25,95.45210266113281,95.53055286945626,95.38346059920572,95.38346059920572,8762700
2026-02-26,95.70706176757812,95.70706176757812,95.53055254017062,95.53055254017062,8177300
2026-02-27,96.08949279785156,96.14833419191964,95.93259987032428,95.98162563705388,9970300
2026-03-02,95.51222229003906,95.77774925318602,95.3450308655907,95.7679126980789,17709600
2026-03-03,95.40404510498047,95.54172686758812,95.04016758774975,95.06966975072376,13708500
2026-03-04,95.20734405517578,95.38436452224619,95.18767844909806,95.36469891616846,12535500
2026-03-05,94.91231536865234,94.98115624487042,94.79429922238161,94.8533035439706,12599700
2026-03-06,94.85330200195312,95.13850205681803,94.5779385015574,94.62711377081064,12758200
2026-03-09,95.1483383178711,95.19751358697268,94.65661563922576,94.76479522877514,12134400
2026-03-10,94.8434829711914,95.16801427203582,94.8139808077595,95.09917338966355,10571300
2026-03-11,94.41075897216797,94.71562464702583,94.39109336540969,94.66645687858363,12197600
2026-03-12,94.10588836669922,94.39108841985595,94.00753782878182,94.26323572180037,11401400
2026-03-13,94.00753784179688,94.3419131639586,93.9682066303356,94.2533991804392,11839700
2026-03-16,94.430419921875,94.46975863654448,94.28290912073022,94.39108871029815,9092100
2026-03-17,94.59761810302734,94.68612459004645,94.53860627525476,94.57794499273876,7209700
2026-03-18,94.1648941040039,94.52877159173327,94.14522849798006,94.45993071601072,13048700
2026-03-19,94.1550521850586,94.29273392865944,93.89936180585262,93.90919085675819,18464600
2026-03-20,93.30929565429688,93.76167963212438,93.27979349317008,93.7321774709976,20761500
2026-03-23,93.60433197021484,93.85019331626992,93.3191319084198,93.42731150093147,28336300
2026-03-24,93.28962707519531,93.50598625402124,93.05360229060913,93.22078620039548,19785600
2026-03-25,93.78135681152344,93.82069552909734,93.56499761641358,93.71251593154241,15939200
2026-03-26,93.02409362792969,93.55515502628033,93.02409362792969,93.43714638426421,12897300
2026-03-27,93.033935546875,93.21095602319903,92.79791074614067,92.8077473012401,11401900
2026-03-30,93.69283294677734,93.81084908706114,93.55515120132578,93.62399207405157,15430000
2026-03-31,93.86003112792969,94.09605592243736,93.77151714055623,93.95837416705014,18649700
2026-04-01,93.77812957763672,94.02481026122854,93.75839090721503,93.81759939038305,13557600
2026-04-02,93.99520874023438,94.12347998416323,93.748528059381,93.76825920148661,13171300
2026-04-06,93.74853515625,93.9162762251852,93.64986438205855,93.7386658204016,6104900
2026-04-07,93.98534393310547,94.02481374731519,93.50185188320661,93.80773353321035,6737500
2026-04-08,94.19255828857422,94.45897766229992,94.10375684939737,94.44910832635884,12107400
2026-04-09,94.16295623779297,94.38003645628905,93.96561469084968,94.10375527932948,11065900
2026-04-10,94.00506591796875,94.19254563517592,93.99520411145006,94.1629451594267,4404800
2026-04-13,94.21228790283203,94.22214970972739,93.90639874284801,94.00506950847965,4300200
2026-04-14,94.51817321777344,94.52804255315023,94.14322128252384,94.17282176055707,5239800
2026-04-15,94.31095886230469,94.42936077006726,94.23201923839838,94.41949896315164,5592900
2026-04-16,94.14321899414062,94.42936196023794,94.11361098872993,94.39976148292422,6618900
2026-04-17,94.65631103515625,94.77472047192688,94.56750207555405,94.61684122289938,6912900
2026-04-20,94.5675048828125,94.64644450966959,94.4392336352426,94.63658270238533,3868800
2026-04-21,94.15308380126953,94.47870411829,94.14322199391538,94.41950316177618,4872900
2026-04-22,94.25174713134766,94.43922684963826,94.23201599009968,94.40962637371797,4121400
2026-04-23,94.10375213623047,94.36029463306863,93.92614173867477,94.2912243411357,6795600
2026-04-24,94.29122924804688,94.32082972783036,93.94587777041019,94.02481740189789,5490000
2026-04-27,94.07414245605469,94.26162218572136,94.01494150062187,94.15308208202983,4055500
2026-04-28,93.98534393310547,94.00507507616167,93.84720334742008,93.92614297583954,4867700
2026-04-29,93.54131317138672,93.76825517228588,93.442634880808,93.76825517228588,7200300
2026-04-30,93.71893310546875,93.82746568559138,93.61039299724874,93.77813406337152,10382400
2026-05-01,93.79019927978516,94.08719470561753,93.67140715177814,93.74070507741804,5359200
2026-05-04,93.44371795654297,93.65161175193956,93.27542405830404,93.64170988942311,6593900
2026-05-05,93.58231353759766,93.69121136622539,93.52291746849455,93.55261550304611,11281600
2026-05-06,94.04759979248047,94.07729782605495,93.90900393386102,93.97830186317074,9031100
2026-05-07,93.76050567626953,94.22579500735996,93.74070950496916,94.22579500735996,5610100
2026-05-08,94.00800323486328,94.13669723589175,93.96840333772188,94.08720302914607,3215100
2026-05-11,93.69120788574219,93.92879970623648,93.69120788574219,93.90900353490687,4025400
2026-05-12,93.3744125366211,93.4833103568446,93.35461636608387,93.47340849512223,5686700
2026-05-13,93.3744125366211,93.43380860114029,93.16651875789647,93.35461636608387,3459200
2026-05-14,93.31501770019531,93.61200557960728,93.30511583834263,93.59220940880952,5167300
2026-05-15,92.57254791259766,92.8101397555575,92.55274418648771,92.7804417193011,12498700
2026-05-18,92.53294372558594,92.81013545501294,92.40424217056044,92.6814414528956,8422900
2026-05-19,92.17655181884766,92.33494385518827,92.01815222959891,92.19634799104969,10069800
2026-05-20,92.80022430419922,92.86952222962006,92.21614286892463,92.23593903922742,14892500
2026-05-21,92.8596420288086,92.8992343754293,92.37454892425659,92.53294852237362,7762000
2026-05-22,92.93882751464844,93.04772534220561,92.69133382527453,93.01802730794601,6321900
2026-05-26,93.33482360839844,93.40412154278168,93.18632587674624,93.39421967989597,5494400
2026-05-27,93.3744125366211,93.53281211254891,93.3447145043615,93.40411056888068,5958800
2026-05-28,93.59221649169922,93.72091049389297,93.34472279700557,93.40411886680143,5938300
2026-05-29,93.70111083984375,93.79020494122697,93.58231115175823,93.69120897760965,9639700
2026-06-01,93.53919982910156,93.56899766138191,93.18161068515934,93.28094689714584,8054100
2026-06-02,93.60873413085938,93.69813520933242,93.52927576790354,93.69813520933242,15426600
2026-06-03,93.3703384399414,93.46966707156017,93.28094494497115,93.36040330329288,7056500
2026-06-04,93.48954010009766,93.64846439971359,93.45973468927369,93.56899846076111,4417900
2026-06-05,92.99288940429688,93.16174884095442,92.96308399345521,93.08228290195473,9880800
2026-06-08,92.89354705810547,93.2312734874112,92.89354705810547,93.17167782624077,5352200
2026-06-09,93.15180969238281,93.2213404914409,92.98295026299728,93.08227889332473,8007300
2026-06-10,93.06242370605469,93.27101612005639,92.97302262674576,93.19155017806831,5804900
2026-06-11,93.70806121826172,93.74779418822705,93.12201696242366,93.18161262822709,11281600
2026-06-12,93.54914093017578,93.63853443271611,93.39020904349589,93.52927823348553,8861800
2026-06-15,93.64846801757812,93.83719773530912,93.62860532121718,93.75773179328667,3787600
2026-06-16,93.88685607910156,93.98619229346116,93.71799663995293,93.74779447294515,4675000
2026-06-17,93.39020538330078,93.94645938658995,93.38027782448947,93.89679127937673,11508300
2026-06-18,93.7279281616211,93.96631839465238,93.6981303297783,93.79745896201725,6836500
2026-06-22,93.3703384399414,93.49946490321692,93.34054060828466,93.4796022082087,4572200
2026-06-23,93.48954010009766,93.62860170412,93.45973468927369,93.5292730695739,6504600
2026-06-24,94.095458984375,94.14511951480551,93.9265919617009,93.93652709910276,5179800
2026-06-25,94.1550521850586,94.38350729128946,94.14511704791705,94.22458298847093,5630500
2026-06-26,94.39344024658203,94.44310835285245,94.19478297807841,94.19478297807841,5584100
2026-06-29,94.42323303222656,94.43316816860744,94.29410657242975,94.34377467604548,5901500
2026-06-30,93.9365234375,94.26431475437977,93.91666074175991,94.24444448035058,8034000
2026-07-01,93.70830535888672,93.8777219337329,93.67840921077186,93.71827327602267,7890500
2026-07-02,93.79800415039062,93.93752458120333,93.70830810012917,93.76810039810799,7605500
2026-07-06,93.85779571533203,93.86776363268173,93.7083073682593,93.81793164922642,4600500
2026-07-07,93.37943267822266,93.69833759746611,93.36947236436316,93.67840936645409,5813600
2026-07-08,93.1900863647461,93.26980689079771,93.04059802304833,93.21001459543577,5509600
2026-07-09,93.38939666748047,93.52891708857553,93.26980447655926,93.26980447655926,3223100
2026-07-10,93.3096694946289,93.4591578339863,93.26980543058075,93.41929376993814,6507600
2026-07-13,92.97084045410156,93.20004932836795,92.94094430557055,93.18012109711167,5769700
2026-07-14,93.22994995117188,93.46912673468563,93.14025390529618,93.27977432928694,5315900
2026-07-15,93.45915985107422,93.54885589794164,93.31963942554084,93.31963942554084,6735500
2026-07-16,93.39936828613281,93.42926443422488,93.21998379428739,93.25984785950781,4841200
2026-07-17,93.51895141601562,93.77806403424981,93.49902318536355,93.63854360980669,7561300
2026-07-20,93.21998596191406,93.43923452407807,93.1203295981922,93.41929868935779,3784800
2026-07-21,92.99076843261719,93.10039271246164,92.94094405296532,93.08046448125951,2786200
2026-07-22,92.78148651123047,92.9708389198595,92.76155828030303,92.9608710027493,3428200
2026-07-23,92.53234100341797,92.58217298524353,92.44265256008347,92.48251662488533,5002200
2026-07-24,92.71172332763672,92.90107573019905,92.62203488639734,92.67185926376608,5092700
2026-07-27,92.96086883544922,93.0306290470083,92.82134841233103,92.89110862389012,4046300
2026-07-28,93.23991394042969,93.3395779071744,93.0505691308597,93.0505691308597,3320700
2026-07-29,92.85124969482422,93.21001868933928,92.84128938068835,93.09043409336307,5391000
2026-07-30,92.89111328125,93.00073756252387,92.80142483473129,92.92100943008957,3973000
2026-07-31,92.63199615478516,92.66189990546596,92.41275520617573,92.66189990546596,8490100
2026-08-03,92.81999969482422,92.87000274658203,92.69000244140625,92.80000305175781,5758500
2026-08-04,93.25,93.2699966430664,93.0999984741211,93.1500015258789,5461600
2026-08-05,93.30999755859375,93.33000183105469,93.12999725341797,93.20999908447266,5609200
2026-08-06,92.94999694824219,93.19000244140625,92.9000015258789,93.16000366210938,4831900
2026-08-07,93.16999816894531,93.31999969482422,93.05999755859375,93.29000091552734,55016600
2026-08-10,92.76000213623047,92.9800033569336,92.76000213623047,92.95999908447266,8610100
2026-08-11,92.87000274658203,93.05000305175781,92.87000274658203,92.94999694824219,5052200
2026-08-12,92.95999908447266,93.16000366210938,92.93000030517578,93.1500015258789,4810300
2026-08-13,93.30000305175781,93.51000213623047,93.27999877929688,93.30999755859375,7637900
2026-08-14,93.04000091552734,93.33000183105469,93.0,93.29000091552734,4659900
2026-08-17,92.83999633789062,93.04000091552734,92.83000183105469,92.95999908447266,4755400
2026-08-18,92.93000030517578,93.01000213623047,92.72000122070312,92.80000305175781,6312600
2026-08-19,93.37999725341797,93.38999938964844,93.12000274658203,93.3499984741211,7762300
2026-08-20,93.0,93.16999816894531,92.91999816894531,93.0,4956800
2026-08-21,92.81999969482422,92.97000122070312,92.7699966430664,92.94999694824219,4508700
2026-08-24,93.01000213623047,93.13999938964844,92.94000244140625,92.94999694824219,5809600
2026-08-25,93.51000213623047,93.54000091552734,93.26000213623047,93.30999755859375,7753500
2026-08-26,93.31999969482422,93.36000061035156,93.2300033569336,93.33999633789062,5671200
2026-08-27,93.2300033569336,93.37000274658203,93.16000366210938,93.30999755859375,10555700
2026-08-28,92.8499984741211,93.4000015258789,92.81999969482422,93.18000030517578,8008400
2026-08-31,92.73999786376953,92.75,92.62000274658203,92.75,8136100
2026-09-01,92.125,92.37000274658203,92.11000061035156,92.18070220947266,5434850
