Datetime,Close,High,Low,Open,Volume
2026-06-08 13:30:00+00:00,93.79499816894531,93.86000061035156,93.79000091552734,93.80000305175781,401193
2026-06-08 13:45:00+00:00,93.7249984741211,93.79499816894531,93.7249984741211,93.79499816894531,331390
2026-06-08 14:00:00+00:00,93.66500091552734,93.73500061035156,93.66000366210938,93.72000122070312,138917
2026-06-08 14:15:00+00:00,93.65499877929688,93.66500091552734,93.62000274658203,93.66000366210938,275760
2026-06-08 14:30:00+00:00,93.62000274658203,93.64990234375,93.58499908447266,93.6449966430664,655698
2026-06-08 14:45:00+00:00,93.6449966430664,93.6449966430664,93.61009979248047,93.625,162865
2026-06-08 15:00:00+00:00,93.6500015258789,93.68990325927734,93.63500213623047,93.64990234375,319997
2026-06-08 15:15:00+00:00,93.625,93.68499755859375,93.625,93.6449966430664,150873
2026-06-08 15:30:00+00:00,93.59500122070312,93.62660217285156,93.58999633789062,93.62660217285156,280148
2026-06-08 15:45:00+00:00,93.59500122070312,93.60659790039062,93.57499694824219,93.59860229492188,277727
2026-06-08 16:00:00+00:00,93.59500122070312,93.60990142822266,93.58000183105469,93.58999633789062,163880
2026-06-08 16:15:00+00:00,93.59500122070312,93.5999984741211,93.56999969482422,93.59989929199219,53496
2026-06-08 16:30:00+00:00,93.59020233154297,93.6050033569336,93.58499908447266,93.59500122070312,59571
2026-06-08 16:45:00+00:00,93.5999984741211,93.61009979248047,93.58999633789062,93.59500122070312,67022
2026-06-08 17:00:00+00:00,93.6050033569336,93.61499786376953,93.58999633789062,93.58999633789062,41006
2026-06-08 17:15:00+00:00,93.6050033569336,93.61000061035156,93.59500122070312,93.60990142822266,78119
2026-06-08 17:30:00+00:00,93.61499786376953,93.62000274658203,93.58999633789062,93.60240173339844,123477
2026-06-08 17:45:00+00:00,93.63500213623047,93.63999938964844,93.61430358886719,93.62000274658203,53271
2026-06-08 18:00:00+00:00,93.63999938964844,93.66000366210938,93.62999725341797,93.62999725341797,61939
2026-06-08 18:15:00+00:00,93.67500305175781,93.67500305175781,93.63999938964844,93.6500015258789,124370
2026-06-08 18:30:00+00:00,93.67960357666016,93.68000030517578,93.66000366210938,93.677001953125,98251
2026-06-08 18:45:00+00:00,93.62999725341797,93.67500305175781,93.62999725341797,93.66999816894531,77546
2026-06-08 19:00:00+00:00,93.62999725341797,93.6458969116211,93.61499786376953,93.62999725341797,137011
2026-06-08 19:15:00+00:00,93.6050033569336,93.62999725341797,93.60009765625,93.625,79758
2026-06-08 19:30:00+00:00,93.58499908447266,93.60990142822266,93.58000183105469,93.6050033569336,81080
2026-06-08 19:45:00+00:00,93.52999877929688,93.5999984741211,93.5250015258789,93.5822982788086,792623
2026-06-09 13:30:00+00:00,93.75,93.75800323486328,93.69999694824219,93.69999694824219,258204
2026-06-09 13:45:00+00:00,93.68499755859375,93.79000091552734,93.68000030517578,93.75,279072
2026-06-09 14:00:00+00:00,93.70230102539062,93.7249984741211,93.68000030517578,93.69000244140625,210736
2026-06-09 14:15:00+00:00,93.74500274658203,93.74500274658203,93.69000244140625,93.70500183105469,191627
2026-06-09 14:30:00+00:00,93.70999908447266,93.75499725341797,93.69309997558594,93.74500274658203,166122
2026-06-09 14:45:00+00:00,93.65499877929688,93.72000122070312,93.6500015258789,93.70249938964844,367588
2026-06-09 15:00:00+00:00,93.66999816894531,93.67500305175781,93.65010070800781,93.65499877929688,76207
2026-06-09 15:15:00+00:00,93.63490295410156,93.68000030517578,93.62999725341797,93.66500091552734,164086
2026-06-09 15:30:00+00:00,93.68000030517578,93.68000030517578,93.61000061035156,93.63999938964844,488449
2026-06-09 15:45:00+00:00,93.77999877929688,93.78500366210938,93.67500305175781,93.68000030517578,199288
2026-06-09 16:00:00+00:00,93.80500030517578,93.81999969482422,93.77999877929688,93.79499816894531,613414
2026-06-09 16:15:00+00:00,93.80500030517578,93.84500122070312,93.80010223388672,93.80500030517578,212930
2026-06-09 16:30:00+00:00,93.68499755859375,93.83000183105469,93.625,93.80500030517578,1107363
2026-06-09 16:45:00+00:00,93.72000122070312,93.7300033569336,93.66999816894531,93.68000030517578,360249
2026-06-09 17:00:00+00:00,93.72000122070312,93.73999786376953,93.69999694824219,93.7249984741211,101373
2026-06-09 17:15:00+00:00,93.77999877929688,93.80000305175781,93.72350311279297,93.73999786376953,275881
2026-06-09 17:30:00+00:00,93.78500366210938,93.79499816894531,93.7750015258789,93.78500366210938,126823
2026-06-09 17:45:00+00:00,93.78500366210938,93.79000091552734,93.76000213623047,93.78500366210938,109117
2026-06-09 18:00:00+00:00,93.74500274658203,93.79000091552734,93.7249984741211,93.78500366210938,124750
2026-06-09 18:15:00+00:00,93.77169799804688,93.77999877929688,93.73999786376953,93.73999786376953,169550
2026-06-09 18:30:00+00:00,93.79499816894531,93.80000305175781,93.7699966430664,93.77999877929688,176525
2026-06-09 18:45:00+00:00,93.80500030517578,93.81500244140625,93.77999877929688,93.79499816894531,292912
2026-06-09 19:00:00+00:00,93.80500030517578,93.8197021484375,93.80000305175781,93.80999755859375,134869
2026-06-09 19:15:00+00:00,93.80000305175781,93.80500030517578,93.77999877929688,93.80500030517578,132441
2026-06-09 19:30:00+00:00,93.77999877929688,93.80999755859375,93.77999877929688,93.79499816894531,325642
2026-06-09 19:45:00+00:00,93.78500366210938,93.80000305175781,93.77010345458984,93.78500366210938,680130
2026-06-10 13:30:00+00:00,93.8499984741211,93.8499984741211,93.80249786376953,93.81999969482422,298350
2026-06-10 13:45:00+00:00,93.83499908447266,93.87999725341797,93.80139923095703,93.8550033569336,215921
2026-06-10 14:00:00+00:00,93.87670135498047,93.88999938964844,93.81500244140625,93.83999633789062,364169
2026-06-10 14:15:00+00:00,93.83999633789062,93.89990234375,93.82499694824219,93.875,201442
2026-06-10 14:30:00+00:00,93.8499984741211,93.86000061035156,93.81999969482422,93.83999633789062,108922
2026-06-10 14:45:00+00:00,93.83499908447266,93.875,93.83499908447266,93.8499984741211,221850
2026-06-10 15:00:00+00:00,93.84259796142578,93.8499984741211,93.81500244140625,93.83499908447266,144513
2026-06-10 15:15:00+00:00,93.8550033569336,93.86000061035156,93.81999969482422,93.83999633789062,220653
2026-06-10 15:30:00+00:00,93.8218994140625,93.87000274658203,93.8218994140625,93.8550033569336,82816
2026-06-10 15:45:00+00:00,93.80500030517578,93.84500122070312,93.7300033569336,93.82990264892578,401218
2026-06-10 16:00:00+00:00,93.81500244140625,93.82749938964844,93.79000091552734,93.81500244140625,142852
2026-06-10 16:15:00+00:00,93.80500030517578,93.81999969482422,93.79000091552734,93.81500244140625,135875
2026-06-10 16:30:00+00:00,93.77999877929688,93.81500244140625,93.77100372314453,93.80999755859375,127076
2026-06-10 16:45:00+00:00,93.73999786376953,93.78500366210938,93.7249984741211,93.78500366210938,233500
2026-06-10 17:00:00+00:00,93.7300033569336,93.7699966430664,93.72250366210938,93.74500274658203,133621
2026-06-10 17:15:00+00:00,93.66500091552734,93.7300033569336,93.66500091552734,93.7249984741211,162984
2026-06-10 17:30:00+00:00,93.62000274658203,93.66999816894531,93.62000274658203,93.66500091552734,184712
2026-06-10 17:45:00+00:00,93.69499969482422,93.69999694824219,93.59500122070312,93.62000274658203,663965
2026-06-10 18:00:00+00:00,93.74500274658203,93.75,93.70500183105469,93.70500183105469,113807
2026-06-10 18:15:00+00:00,93.73500061035156,93.76000213623047,93.71279907226562,93.74500274658203,143970
2026-06-10 18:30:00+00:00,93.75499725341797,93.76000213623047,93.72000122070312,93.7300033569336,143410
2026-06-10 18:45:00+00:00,93.7300033569336,93.76000213623047,93.7249984741211,93.75499725341797,174042
2026-06-10 19:00:00+00:00,93.72989654541016,93.73999786376953,93.71499633789062,93.73999786376953,125887
2026-06-10 19:15:00+00:00,93.69999694824219,93.7300033569336,93.69999694824219,93.7300033569336,153700
2026-06-10 19:30:00+00:00,93.7249984741211,93.7300033569336,93.69999694824219,93.69999694824219,170402
2026-06-10 19:45:00+00:00,93.71499633789062,93.7300033569336,93.69000244140625,93.7249984741211,492514
2026-06-11 13:30:00+00:00,93.84839630126953,93.8499984741211,93.80000305175781,93.80000305175781,189092
2026-06-11 13:45:00+00:00,93.90799713134766,93.93000030517578,93.84500122070312,93.84609985351562,266758
2026-06-11 14:00:00+00:00,93.88310241699219,93.91000366210938,93.87000274658203,93.90499877929688,74619
2026-06-11 14:15:00+00:00,93.83999633789062,93.8949966430664,93.83499908447266,93.88999938964844,84823
2026-06-11 14:30:00+00:00,93.83470153808594,93.8499984741211,93.82499694824219,93.83999633789062,45315
2026-06-11 14:45:00+00:00,93.85050201416016,93.86000061035156,93.81999969482422,93.83499908447266,39954
2026-06-11 15:00:00+00:00,93.86009979248047,93.88999938964844,93.84149932861328,93.85929870605469,726978
2026-06-11 15:15:00+00:00,93.88500213623047,93.91000366210938,93.86000061035156,93.86000061035156,119514
2026-06-11 15:30:00+00:00,93.84500122070312,93.88999938964844,93.83999633789062,93.87000274658203,78776
2026-06-11 15:45:00+00:00,93.83499908447266,93.8550033569336,93.82499694824219,93.84989929199219,90267
2026-06-11 16:00:00+00:00,93.81500244140625,93.83989715576172,93.80500030517578,93.83499908447266,59328
2026-06-11 16:15:00+00:00,93.79000091552734,93.82990264892578,93.7699966430664,93.81999969482422,262952
2026-06-11 16:30:00+00:00,93.79989624023438,93.81500244140625,93.78500366210938,93.78500366210938,156472
2026-06-11 16:45:00+00:00,93.80010223388672,93.81999969482422,93.79499816894531,93.79499816894531,53762
2026-06-11 17:00:00+00:00,93.80500030517578,93.82969665527344,93.75,93.80999755859375,253053
2026-06-11 17:15:00+00:00,93.98500061035156,94.02999877929688,93.80000305175781,93.80500030517578,950428
2026-06-11 17:30:00+00:00,94.19999694824219,94.21499633789062,93.97000122070312,93.98999786376953,870713
2026-06-11 17:45:00+00:00,94.16500091552734,94.20999908447266,94.16000366210938,94.19999694824219,1164155
2026-06-11 18:00:00+00:00,94.17410278320312,94.18000030517578,94.08999633789062,94.16999816894531,618969
2026-06-11 18:15:00+00:00,94.22000122070312,94.2571029663086,94.18000030517578,94.18000030517578,992719
2026-06-11 18:30:00+00:00,94.25,94.26000213623047,94.19999694824219,94.2249984741211,618859
2026-06-11 18:45:00+00:00,94.25,94.30000305175781,94.24500274658203,94.25,446411
2026-06-11 19:00:00+00:00,94.31500244140625,94.33000183105469,94.24500274658203,94.26000213623047,460528
2026-06-11 19:15:00+00:00,94.31990051269531,94.33999633789062,94.30500030517578,94.31890106201172,373137
2026-06-11 19:30:00+00:00,94.33999633789062,94.375,94.31510162353516,94.31510162353516,396880
2026-06-11 19:45:00+00:00,94.33000183105469,94.36000061035156,94.31999969482422,94.33000183105469,1171495
2026-06-12 13:30:00+00:00,94.06500244140625,94.16999816894531,94.0250015258789,94.1500015258789,665783
2026-06-12 13:45:00+00:00,94.06500244140625,94.09500122070312,94.05000305175781,94.06999969482422,157456
2026-06-12 14:00:00+00:00,94.08999633789062,94.11000061035156,94.05999755859375,94.05999755859375,334387
2026-06-12 14:15:00+00:00,94.05500030517578,94.11000061035156,94.04499816894531,94.08100128173828,121482
2026-06-12 14:30:00+00:00,94.02339935302734,94.08000183105469,94.02339935302734,94.05000305175781,221594
2026-06-12 14:45:00+00:00,94.13999938964844,94.1500015258789,94.01499938964844,94.02999877929688,669893
2026-06-12 15:00:00+00:00,94.19000244140625,94.19000244140625,94.12999725341797,94.13999938964844,229316
2026-06-12 15:15:00+00:00,94.20120239257812,94.22000122070312,94.18000030517578,94.18990325927734,954935
2026-06-12 15:30:00+00:00,94.20999908447266,94.2699966430664,94.18879699707031,94.19999694824219,450383
2026-06-12 15:45:00+00:00,94.19000244140625,94.21880340576172,94.18499755859375,94.20999908447266,75666
2026-06-12 16:00:00+00:00,94.19999694824219,94.2300033569336,94.13999938964844,94.19000244140625,755839
2026-06-12 16:15:00+00:00,94.17500305175781,94.2249984741211,94.17500305175781,94.20500183105469,487582
2026-06-12 16:30:00+00:00,94.16500091552734,94.18000030517578,94.13999938964844,94.17500305175781,411556
2026-06-12 16:45:00+00:00,94.16000366210938,94.18000030517578,94.1500015258789,94.16000366210938,157030
2026-06-12 17:00:00+00:00,94.16500091552734,94.2300033569336,94.1449966430664,94.16000366210938,417701
2026-06-12 17:15:00+00:00,94.19499969482422,94.19999694824219,94.17500305175781,94.18000030517578,73699
2026-06-12 17:30:00+00:00,94.19889831542969,94.19999694824219,94.16999816894531,94.19499969482422,49128
2026-06-12 17:45:00+00:00,94.17030334472656,94.20500183105469,94.16300201416016,94.19499969482422,102436
2026-06-12 18:00:00+00:00,94.18499755859375,94.19000244140625,94.16500091552734,94.17050170898438,83223
2026-06-12 18:15:00+00:00,94.19499969482422,94.19999694824219,94.18000030517578,94.18499755859375,259542
2026-06-12 18:30:00+00:00,94.20500183105469,94.20999908447266,94.19499969482422,94.19999694824219,96505
2026-06-12 18:45:00+00:00,94.13999938964844,94.20999908447266,94.13500213623047,94.20500183105469,172931
2026-06-12 19:00:00+00:00,94.1500015258789,94.16000366210938,94.12000274658203,94.13999938964844,372314
2026-06-12 19:15:00+00:00,94.16000366210938,94.16000366210938,94.13999938964844,94.14990234375,65388
2026-06-12 19:30:00+00:00,94.15499877929688,94.18000030517578,94.1500015258789,94.15499877929688,454370
2026-06-12 19:45:00+00:00,94.18499755859375,94.19000244140625,94.13500213623047,94.1500015258789,807930
2026-06-15 13:30:00+00:00,94.41000366210938,94.43000030517578,94.381103515625,94.38999938964844,1149247
2026-06-15 13:45:00+00:00,94.42500305175781,94.42669677734375,94.3949966430664,94.41000366210938,401758
2026-06-15 14:00:00+00:00,94.44499969482422,94.45500183105469,94.4220962524414,94.42500305175781,474554
2026-06-15 14:15:00+00:00,94.44499969482422,94.47000122070312,94.44249725341797,94.44999694824219,19791
2026-06-15 14:30:00+00:00,94.42500305175781,94.44999694824219,94.41000366210938,94.44999694824219,49488
2026-06-15 14:45:00+00:00,94.375,94.43000030517578,94.36499786376953,94.42500305175781,84527
2026-06-15 15:00:00+00:00,94.33499908447266,94.37000274658203,94.33000183105469,94.37000274658203,106407
2026-06-15 15:15:00+00:00,94.3550033569336,94.36000061035156,94.33000183105469,94.33999633789062,93611
2026-06-15 15:30:00+00:00,94.3499984741211,94.36000061035156,94.33499908447266,94.3550033569336,124155
2026-06-15 15:45:00+00:00,94.36499786376953,94.375,94.3499984741211,94.3499984741211,181346
2026-06-15 16:00:00+00:00,94.36650085449219,94.38999938964844,94.36000061035156,94.36499786376953,81523
2026-06-15 16:15:00+00:00,94.35030364990234,94.36990356445312,94.33000183105469,94.36499786376953,57604
2026-06-15 16:30:00+00:00,94.32450103759766,94.35870361328125,94.31999969482422,94.3550033569336,79631
2026-06-15 16:45:00+00:00,94.29499816894531,94.32499694824219,94.29000091552734,94.32499694824219,58167
2026-06-15 17:00:00+00:00,94.28500366210938,94.29499816894531,94.26000213623047,94.29499816894531,207149
2026-06-15 17:15:00+00:00,94.28500366210938,94.2876968383789,94.26210021972656,94.28500366210938,89453
2026-06-15 17:30:00+00:00,94.28500366210938,94.30500030517578,94.27999877929688,94.28500366210938,65452
2026-06-15 17:45:00+00:00,94.27999877929688,94.29989624023438,94.27999877929688,94.27999877929688,46777
2026-06-15 18:00:00+00:00,94.2750015258789,94.28559875488281,94.2699966430664,94.27999877929688,85362
2026-06-15 18:15:00+00:00,94.28500366210938,94.29499816894531,94.26499938964844,94.2750015258789,44512
2026-06-15 18:30:00+00:00,94.2750015258789,94.27999877929688,94.26499938964844,94.27999877929688,59754
2026-06-15 18:45:00+00:00,94.2750015258789,94.28500366210938,94.26499938964844,94.28500366210938,79962
2026-06-15 19:00:00+00:00,94.31999969482422,94.31999969482422,94.27999877929688,94.27999877929688,95876
2026-06-15 19:15:00+00:00,94.29930114746094,94.31999969482422,94.29499816894531,94.31500244140625,90077
2026-06-15 19:30:00+00:00,94.2750015258789,94.30500030517578,94.27010345458984,94.30000305175781,189686
2026-06-15 19:45:00+00:00,94.2699966430664,94.30000305175781,94.26000213623047,94.2750015258789,538089
2026-06-16 13:30:00+00:00,94.37069702148438,94.40499877929688,94.36000061035156,94.37000274658203,185353
2026-06-16 13:45:00+00:00,94.3949966430664,94.40989685058594,94.3499984741211,94.37000274658203,319964
2026-06-16 14:00:00+00:00,94.39990234375,94.40499877929688,94.37999725341797,94.39959716796875,150002
2026-06-16 14:15:00+00:00,94.41500091552734,94.42659759521484,94.38999938964844,94.38999938964844,57759
2026-06-16 14:30:00+00:00,94.40499877929688,94.42359924316406,94.40149688720703,94.41500091552734,108654
2026-06-16 14:45:00+00:00,94.44000244140625,94.44660186767578,94.4000015258789,94.40119934082031,46237
2026-06-16 15:00:00+00:00,94.43579864501953,94.44499969482422,94.42009735107422,94.44499969482422,57980
2026-06-16 15:15:00+00:00,94.44750213623047,94.44999694824219,94.43000030517578,94.43009948730469,79128
2026-06-16 15:30:00+00:00,94.4749984741211,94.4813003540039,94.44000244140625,94.44499969482422,685969
2026-06-16 15:45:00+00:00,94.57499694824219,94.6050033569336,94.45999908447266,94.4800033569336,168162
2026-06-16 16:00:00+00:00,94.56529998779297,94.56999969482422,94.54499816894531,94.56500244140625,69287
2026-06-16 16:15:00+00:00,94.56500244140625,94.58560180664062,94.56269836425781,94.56269836425781,67898
2026-06-16 16:30:00+00:00,94.55999755859375,94.58000183105469,94.55999755859375,94.56500244140625,39177
2026-06-16 16:45:00+00:00,94.56999969482422,94.58699798583984,94.55500030517578,94.55500030517578,142159
2026-06-16 17:00:00+00:00,94.58000183105469,94.61000061035156,94.57499694824219,94.57499694824219,94363
2026-06-16 17:15:00+00:00,94.57499694824219,94.5999984741211,94.56999969482422,94.58989715576172,68732
2026-06-16 17:30:00+00:00,94.58499908447266,94.59500122070312,94.57499694824219,94.57499694824219,152832
2026-06-16 17:45:00+00:00,94.6050033569336,94.6155014038086,94.58999633789062,94.58999633789062,79146
2026-06-16 18:00:00+00:00,94.57499694824219,94.61000061035156,94.56999969482422,94.5999984741211,96954
2026-06-16 18:15:00+00:00,94.57499694824219,94.58000183105469,94.55999755859375,94.57499694824219,98603
2026-06-16 18:30:00+00:00,94.57499694824219,94.58499908447266,94.55999755859375,94.57360076904297,122032
2026-06-16 18:45:00+00:00,94.56919860839844,94.5999984741211,94.5636978149414,94.58000183105469,151077
2026-06-16 19:00:00+00:00,94.58499908447266,94.59500122070312,94.56999969482422,94.56999969482422,259971
2026-06-16 19:15:00+00:00,94.58499908447266,94.58999633789062,94.56999969482422,94.58499908447266,285602
2026-06-16 19:30:00+00:00,94.56999969482422,94.58999633789062,94.56500244140625,94.58499908447266,228090
2026-06-16 19:45:00+00:00,94.5199966430664,94.56999969482422,94.5199966430664,94.56999969482422,372529
2026-06-17 13:30:00+00:00,94.5,94.53199768066406,94.4749984741211,94.52999877929688,148437
2026-06-17 13:45:00+00:00,94.55149841308594,94.56999969482422,94.48999786376953,94.49500274658203,617115
2026-06-17 14:00:00+00:00,94.50499725341797,94.55989837646484,94.49500274658203,94.55000305175781,92831
2026-06-17 14:15:00+00:00,94.54000091552734,94.54499816894531,94.49500274658203,94.49500274658203,278333
2026-06-17 14:30:00+00:00,94.50499725341797,94.53500366210938,94.49500274658203,94.53500366210938,68841
2026-06-17 14:45:00+00:00,94.45500183105469,94.51499938964844,94.4000015258789,94.50499725341797,533786
2026-06-17 15:00:00+00:00,94.48999786376953,94.49500274658203,94.44999694824219,94.45999908447266,94709
2026-06-17 15:15:00+00:00,94.54000091552734,94.56500244140625,94.4800033569336,94.4800033569336,82205
2026-06-17 15:30:00+00:00,94.51499938964844,94.54499816894531,94.50499725341797,94.54000091552734,85408
2026-06-17 15:45:00+00:00,94.50980377197266,94.5199966430664,94.49009704589844,94.51499938964844,964692
2026-06-17 16:00:00+00:00,94.52110290527344,94.52999877929688,94.5,94.51000213623047,346414
2026-06-17 16:15:00+00:00,94.5510025024414,94.56999969482422,94.52999877929688,94.52999877929688,67481
2026-06-17 16:30:00+00:00,94.55500030517578,94.55999755859375,94.53500366210938,94.55500030517578,38212
2026-06-17 16:45:00+00:00,94.55500030517578,94.55999755859375,94.55000305175781,94.55500030517578,32954
2026-06-17 17:00:00+00:00,94.5250015258789,94.55500030517578,94.48500061035156,94.55500030517578,328481
2026-06-17 17:15:00+00:00,94.52999877929688,94.54000091552734,94.51010131835938,94.52999877929688,66267
2026-06-17 17:30:00+00:00,94.5385971069336,94.54000091552734,94.5250015258789,94.53500366210938,59918
2026-06-17 17:45:00+00:00,94.56500244140625,94.56999969482422,94.54000091552734,94.54000091552734,217754
2026-06-17 18:00:00+00:00,94.30999755859375,94.56999969482422,94.20500183105469,94.56999969482422,1204911
2026-06-17 18:15:00+00:00,94.34049987792969,94.38999938964844,94.30000305175781,94.30000305175781,353185
2026-06-17 18:30:00+00:00,94.45999908447266,94.51000213623047,94.25,94.35990142822266,978368
2026-06-17 18:45:00+00:00,94.2750015258789,94.4800033569336,94.2605972290039,94.44999694824219,739307
2026-06-17 19:00:00+00:00,94.24430084228516,94.30500030517578,94.16999816894531,94.2750015258789,1038258
2026-06-17 19:15:00+00:00,94.0999984741211,94.27999877929688,94.09500122070312,94.25,829277
2026-06-17 19:30:00+00:00,94.08000183105469,94.11990356445312,94.05999755859375,94.0999984741211,709879
2026-06-17 19:45:00+00:00,94.0250015258789,94.08699798583984,94.01000213623047,94.08000183105469,966989
2026-06-18 13:30:00+00:00,94.50499725341797,94.5250015258789,94.44000244140625,94.44000244140625,952500
2026-06-18 13:45:00+00:00,94.5,94.53500366210938,94.48999786376953,94.50499725341797,386104
2026-06-18 14:00:00+00:00,94.50499725341797,94.50499725341797,94.47000122070312,94.49500274658203,193951
2026-06-18 14:15:00+00:00,94.53150177001953,94.53990173339844,94.50499725341797,94.50499725341797,217489
2026-06-18 14:30:00+00:00,94.53500366210938,94.55000305175781,94.52999877929688,94.53089904785156,331250
2026-06-18 14:45:00+00:00,94.53500366210938,94.54499816894531,94.52030181884766,94.53500366210938,154334
2026-06-18 15:00:00+00:00,94.57499694824219,94.5999984741211,94.5199966430664,94.53500366210938,221069
2026-06-18 15:15:00+00:00,94.48999786376953,94.58999633789062,94.48500061035156,94.5770034790039,187859
2026-06-18 15:30:00+00:00,94.48500061035156,94.49530029296875,94.47000122070312,94.48999786376953,232644
2026-06-18 15:45:00+00:00,94.43000030517578,94.48999786376953,94.43000030517578,94.4802017211914,125789
2026-06-18 16:00:00+00:00,94.44999694824219,94.45500183105469,94.41059875488281,94.43000030517578,317923
2026-06-18 16:15:00+00:00,94.47000122070312,94.47000122070312,94.43000030517578,94.44059753417969,100037
2026-06-18 16:30:00+00:00,94.45999908447266,94.4800033569336,94.43499755859375,94.46499633789062,136536
2026-06-18 16:45:00+00:00,94.44999694824219,94.45690155029297,94.43000030517578,94.45690155029297,46750
2026-06-18 17:00:00+00:00,94.44499969482422,94.47000122070312,94.43000030517578,94.44999694824219,65976
2026-06-18 17:15:00+00:00,94.50499725341797,94.51000213623047,94.44499969482422,94.44499969482422,81972
2026-06-18 17:30:00+00:00,94.48989868164062,94.49500274658203,94.4749984741211,94.48500061035156,107570
2026-06-18 17:45:00+00:00,94.48999786376953,94.48999786376953,94.47000122070312,94.48500061035156,66557
2026-06-18 18:00:00+00:00,94.47000122070312,94.48989868164062,94.46499633789062,94.48500061035156,93023
2026-06-18 18:15:00+00:00,94.46499633789062,94.48989868164062,94.45500183105469,94.47049713134766,91963
2026-06-18 18:30:00+00:00,94.42500305175781,94.45999908447266,94.41999816894531,94.45999908447266,103784
2026-06-18 18:45:00+00:00,94.4000015258789,94.43000030517578,94.4000015258789,94.42500305175781,152676
2026-06-18 19:00:00+00:00,94.36009979248047,94.3949966430664,94.3550033569336,94.3949966430664,271916
2026-06-18 19:15:00+00:00,94.36000061035156,94.375,94.3499984741211,94.36499786376953,138742
2026-06-18 19:30:00+00:00,94.34500122070312,94.36000061035156,94.33000183105469,94.3550033569336,790289
2026-06-18 19:45:00+00:00,94.36000061035156,94.36499786376953,94.3322982788086,94.34500122070312,890605
2026-06-22 13:30:00+00:00,94.05999755859375,94.125,94.03500366210938,94.0999984741211,351075
2026-06-22 13:45:00+00:00,94.0250015258789,94.11000061035156,94.02249908447266,94.06500244140625,216556
2026-06-22 14:00:00+00:00,94.1050033569336,94.11990356445312,94.0199966430664,94.0199966430664,192130
2026-06-22 14:15:00+00:00,94.08499908447266,94.12999725341797,94.07499694824219,94.11000061035156,174524
2026-06-22 14:30:00+00:00,94.08000183105469,94.08499908447266,94.05999755859375,94.08000183105469,94706
2026-06-22 14:45:00+00:00,94.07499694824219,94.11750030517578,94.07499694824219,94.08000183105469,103625
2026-06-22 15:00:00+00:00,94.11750030517578,94.12000274658203,94.06999969482422,94.06999969482422,98431
2026-06-22 15:15:00+00:00,94.08999633789062,94.12999725341797,94.08000183105469,94.11000061035156,169469
2026-06-22 15:30:00+00:00,94.0823974609375,94.08999633789062,94.05999755859375,94.08650207519531,104535
2026-06-22 15:45:00+00:00,94.01499938964844,94.08000183105469,93.99500274658203,94.08000183105469,124145
2026-06-22 16:00:00+00:00,94.01000213623047,94.02010345458984,93.9800033569336,94.0199966430664,350945
2026-06-22 16:15:00+00:00,93.99500274658203,94.0199966430664,93.9927978515625,94.01010131835938,97490
2026-06-22 16:30:00+00:00,94.00499725341797,94.01000213623047,93.98500061035156,93.98999786376953,56267
2026-06-22 16:45:00+00:00,94.02870178222656,94.04499816894531,94.0000991821289,94.01000213623047,208469
2026-06-22 17:00:00+00:00,94.0,94.02989959716797,94.0,94.02989959716797,73441
2026-06-22 17:15:00+00:00,94.01499938964844,94.0199966430664,94.0,94.0000991821289,45893
2026-06-22 17:30:00+00:00,93.98500061035156,94.01499938964844,93.97000122070312,94.01499938964844,161356
2026-06-22 17:45:00+00:00,94.00499725341797,94.00499725341797,93.9749984741211,93.98500061035156,61628
2026-06-22 18:00:00+00:00,94.0250015258789,94.03500366210938,94.0,94.0,90774
2026-06-22 18:15:00+00:00,94.00499725341797,94.02989959716797,93.98999786376953,94.0250015258789,60182
2026-06-22 18:30:00+00:00,94.0199966430664,94.0199966430664,94.0000991821289,94.01000213623047,89270
2026-06-22 18:45:00+00:00,94.0199966430664,94.02999877929688,94.0,94.01499938964844,215917
2026-06-22 19:00:00+00:00,94.0,94.02999877929688,93.99500274658203,94.0199966430664,191779
2026-06-22 19:15:00+00:00,94.01000213623047,94.0199966430664,94.0,94.00499725341797,129345
2026-06-22 19:30:00+00:00,94.00499725341797,94.0199966430664,94.0000991821289,94.01000213623047,146885
2026-06-22 19:45:00+00:00,94.01000213623047,94.02999877929688,94.0,94.00830078125,494358
2026-06-23 13:30:00+00:00,94.20500183105469,94.23989868164062,94.15149688720703,94.15149688720703,735732
2026-06-23 13:45:00+00:00,94.21499633789062,94.2300033569336,94.18499755859375,94.19499969482422,272710
2026-06-23 14:00:00+00:00,94.2300033569336,94.24500274658203,94.19999694824219,94.20999908447266,64093
2026-06-23 14:15:00+00:00,94.2249984741211,94.23529815673828,94.21499633789062,94.23500061035156,110774
2026-06-23 14:30:00+00:00,94.19000244140625,94.2300033569336,94.18499755859375,94.2249984741211,91928
2026-06-23 14:45:00+00:00,94.17250061035156,94.20999908447266,94.16000366210938,94.18820190429688,139105
2026-06-23 15:00:00+00:00,94.18000030517578,94.18000030517578,94.16500091552734,94.16999816894531,69529
2026-06-23 15:15:00+00:00,94.19419860839844,94.20989990234375,94.17500305175781,94.17500305175781,248457
2026-06-23 15:30:00+00:00,94.2249984741211,94.22989654541016,94.19999694824219,94.19999694824219,82849
2026-06-23 15:45:00+00:00,94.23899841308594,94.24500274658203,94.21499633789062,94.22100067138672,162420
2026-06-23 16:00:00+00:00,94.24500274658203,94.24500274658203,94.23370361328125,94.23999786376953,29493
2026-06-23 16:15:00+00:00,94.23500061035156,94.25,94.222900390625,94.24009704589844,96207
2026-06-23 16:30:00+00:00,94.24500274658203,94.25499725341797,94.23500061035156,94.23500061035156,53150
2026-06-23 16:45:00+00:00,94.22779846191406,94.25,94.2249984741211,94.24500274658203,105283
2026-06-23 17:00:00+00:00,94.19010162353516,94.2300033569336,94.19000244140625,94.2249984741211,90543
2026-06-23 17:15:00+00:00,94.17420196533203,94.20500183105469,94.17420196533203,94.19999694824219,106991
2026-06-23 17:30:00+00:00,94.16000366210938,94.19000244140625,94.16000366210938,94.17379760742188,47662
2026-06-23 17:45:00+00:00,94.16000366210938,94.17980194091797,94.15010070800781,94.16000366210938,79793
2026-06-23 18:00:00+00:00,94.1405029296875,94.16000366210938,94.12000274658203,94.15969848632812,61638
2026-06-23 18:15:00+00:00,94.13500213623047,94.1500015258789,94.12999725341797,94.1449966430664,50211
2026-06-23 18:30:00+00:00,94.13500213623047,94.13999938964844,94.12020111083984,94.13500213623047,70750
2026-06-23 18:45:00+00:00,94.13500213623047,94.16500091552734,94.12999725341797,94.13500213623047,98364
2026-06-23 19:00:00+00:00,94.12000274658203,94.1500015258789,94.11000061035156,94.13999938964844,130427
2026-06-23 19:15:00+00:00,94.0999984741211,94.12999725341797,94.08999633789062,94.125,128425
2026-06-23 19:30:00+00:00,94.12999725341797,94.13999938964844,94.09500122070312,94.09500122070312,199981
2026-06-23 19:45:00+00:00,94.125,94.13999938964844,94.12000274658203,94.125,2944191
2026-06-24 13:30:00+00:00,94.60769653320312,94.61000061035156,94.55500030517578,94.55999755859375,322499
2026-06-24 13:45:00+00:00,94.61990356445312,94.62000274658203,94.56009674072266,94.59500122070312,163645
2026-06-24 14:00:00+00:00,94.65499877929688,94.66999816894531,94.62000274658203,94.62000274658203,177958
2026-06-24 14:15:00+00:00,94.65499877929688,94.66000366210938,94.63500213623047,94.65499877929688,124885
2026-06-24 14:30:00+00:00,94.69000244140625,94.69000244140625,94.6449966430664,94.65499877929688,182726
2026-06-24 14:45:00+00:00,94.70989990234375,94.70999908447266,94.68009948730469,94.69000244140625,109426
2026-06-24 15:00:00+00:00,94.68499755859375,94.72000122070312,94.66500091552734,94.69999694824219,119185
2026-06-24 15:15:00+00:00,94.71499633789062,94.71990203857422,94.67240142822266,94.68000030517578,291725
2026-06-24 15:30:00+00:00,94.7249984741211,94.7249984741211,94.69049835205078,94.70999908447266,228247
2026-06-24 15:45:00+00:00,94.7249984741211,94.7300033569336,94.70500183105469,94.7300033569336,156676
2026-06-24 16:00:00+00:00,94.7301025390625,94.75,94.7249984741211,94.7300033569336,114205
2026-06-24 16:15:00+00:00,94.7249984741211,94.75,94.72010040283203,94.73500061035156,260667
2026-06-24 16:30:00+00:00,94.69499969482422,94.72640228271484,94.69000244140625,94.7249984741211,112431
2026-06-24 16:45:00+00:00,94.69979858398438,94.69999694824219,94.68000030517578,94.69499969482422,75578
2026-06-24 17:00:00+00:00,94.70230102539062,94.71499633789062,94.68000030517578,94.69000244140625,431043
2026-06-24 17:15:00+00:00,94.73500061035156,94.73500061035156,94.69999694824219,94.70500183105469,62108
2026-06-24 17:30:00+00:00,94.73500061035156,94.76499938964844,94.7300033569336,94.73500061035156,186248
2026-06-24 17:45:00+00:00,94.72000122070312,94.74500274658203,94.72000122070312,94.73500061035156,204348
2026-06-24 18:00:00+00:00,94.76499938964844,94.7699966430664,94.72229766845703,94.7249984741211,108936
2026-06-24 18:15:00+00:00,94.74009704589844,94.7699966430664,94.74009704589844,94.76499938964844,143555
2026-06-24 18:30:00+00:00,94.75499725341797,94.7583999633789,94.73999786376953,94.7499008178711,142994
2026-06-24 18:45:00+00:00,94.75,94.77989959716797,94.75,94.75499725341797,185224
2026-06-24 19:00:00+00:00,94.74500274658203,94.77999877929688,94.73999786376953,94.76000213623047,138149
2026-06-24 19:15:00+00:00,94.71309661865234,94.74500274658203,94.70999908447266,94.74500274658203,135417
2026-06-24 19:30:00+00:00,94.73190307617188,94.73999786376953,94.70999908447266,94.70999908447266,111079
2026-06-24 19:45:00+00:00,94.73500061035156,94.75,94.71009826660156,94.73500061035156,453185
2026-06-25 13:30:00+00:00,94.93000030517578,94.94499969482422,94.86000061035156,94.86000061035156,147036
2026-06-25 13:45:00+00:00,94.98030090332031,94.9999008178711,94.91999816894531,94.91999816894531,458582
2026-06-25 14:00:00+00:00,94.95500183105469,95.01000213623047,94.94999694824219,94.9800033569336,248943
2026-06-25 14:15:00+00:00,94.94499969482422,94.9749984741211,94.93000030517578,94.95010375976562,225816
2026-06-25 14:30:00+00:00,94.95999908447266,94.9800033569336,94.93499755859375,94.94270324707031,96542
2026-06-25 14:45:00+00:00,94.9198989868164,94.9697036743164,94.9198989868164,94.96499633789062,66594
2026-06-25 15:00:00+00:00,94.8949966430664,94.91999816894531,94.86009979248047,94.91500091552734,129318
2026-06-25 15:15:00+00:00,94.86499786376953,94.87999725341797,94.86000061035156,94.86499786376953,61948
2026-06-25 15:30:00+00:00,94.88990020751953,94.9000015258789,94.86499786376953,94.86499786376953,74267
2026-06-25 15:45:00+00:00,94.91500091552734,94.93000030517578,94.88500213623047,94.88500213623047,41071
2026-06-25 16:00:00+00:00,94.8949966430664,94.91500091552734,94.87460327148438,94.91000366210938,79039
2026-06-25 16:15:00+00:00,94.93499755859375,94.94499969482422,94.89019775390625,94.89019775390625,134072
2026-06-25 16:30:00+00:00,94.91560363769531,94.93820190429688,94.91000366210938,94.93499755859375,41979
2026-06-25 16:45:00+00:00,94.875,94.9188003540039,94.87239837646484,94.91000366210938,46946
2026-06-25 17:00:00+00:00,94.88999938964844,94.90499877929688,94.875,94.875,76915
2026-06-25 17:15:00+00:00,94.88099670410156,94.8949966430664,94.87010192871094,94.88999938964844,69788
2026-06-25 17:30:00+00:00,94.88999938964844,94.88999938964844,94.87000274658203,94.88500213623047,418485
2026-06-25 17:45:00+00:00,94.86499786376953,94.89550018310547,94.86499786376953,94.88500213623047,245630
2026-06-25 18:00:00+00:00,94.82499694824219,94.8550033569336,94.78500366210938,94.8499984741211,191321
2026-06-25 18:15:00+00:00,94.82499694824219,94.83580017089844,94.81999969482422,94.82499694824219,67683
2026-06-25 18:30:00+00:00,94.80349731445312,94.83000183105469,94.80010223388672,94.82499694824219,122339
2026-06-25 18:45:00+00:00,94.83499908447266,94.8499984741211,94.80000305175781,94.80000305175781,174235
2026-06-25 19:00:00+00:00,94.81500244140625,94.83789825439453,94.80999755859375,94.83000183105469,130453
2026-06-25 19:15:00+00:00,94.83650207519531,94.83999633789062,94.79000091552734,94.80999755859375,155777
2026-06-25 19:30:00+00:00,94.80000305175781,94.84500122070312,94.79000091552734,94.83650207519531,259538
2026-06-25 19:45:00+00:00,94.79499816894531,94.80999755859375,94.77999877929688,94.79499816894531,1028855
2026-06-26 13:30:00+00:00,94.88500213623047,94.8949966430664,94.8311996459961,94.83499908447266,279599
2026-06-26 13:45:00+00:00,94.92500305175781,94.94999694824219,94.875,94.87999725341797,112584
2026-06-26 14:00:00+00:00,94.94000244140625,94.9749984741211,94.92970275878906,94.92970275878906,103977
2026-06-26 14:15:00+00:00,94.95780181884766,94.96990203857422,94.94000244140625,94.94000244140625,94064
2026-06-26 14:30:00+00:00,94.98989868164062,94.98989868164062,94.95079803466797,94.95500183105469,115774
2026-06-26 14:45:00+00:00,94.99500274658203,95.05000305175781,94.98500061035156,94.99500274658203,1107896
2026-06-26 15:00:00+00:00,95.02970123291016,95.03810119628906,94.99009704589844,94.99009704589844,51629
2026-06-26 15:15:00+00:00,95.0250015258789,95.04000091552734,95.01499938964844,95.02999877929688,50225
2026-06-26 15:30:00+00:00,95.03209686279297,95.08000183105469,95.03009796142578,95.03500366210938,331387
2026-06-26 15:45:00+00:00,95.01000213623047,95.04000091552734,94.95999908447266,95.04000091552734,655323
2026-06-26 16:00:00+00:00,94.99500274658203,95.01000213623047,94.9749984741211,95.01000213623047,99623
2026-06-26 16:15:00+00:00,94.9801025390625,95.0,94.95999908447266,94.99500274658203,164075
2026-06-26 16:30:00+00:00,95.01499938964844,95.02559661865234,94.98410034179688,94.98979949951172,71034
2026-06-26 16:45:00+00:00,95.02999877929688,95.02999877929688,95.01000213623047,95.01499938964844,82709
2026-06-26 17:00:00+00:00,95.01499938964844,95.0374984741211,95.00499725341797,95.0250015258789,61298
2026-06-26 17:15:00+00:00,95.00749969482422,95.02999877929688,95.0,95.01499938964844,168826
2026-06-26 17:30:00+00:00,95.01000213623047,95.01000213623047,94.98500061035156,95.00569915771484,178568
2026-06-26 17:45:00+00:00,95.00749969482422,95.01750183105469,95.0,95.00499725341797,85026
2026-06-26 18:00:00+00:00,95.00499725341797,95.0199966430664,94.99019622802734,95.0,107116
2026-06-26 18:15:00+00:00,95.01000213623047,95.01000213623047,95.0,95.00499725341797,54741
2026-06-26 18:30:00+00:00,95.0250015258789,95.02999877929688,95.01000213623047,95.01000213623047,110365
2026-06-26 18:45:00+00:00,95.01499938964844,95.02989959716797,95.0,95.0250015258789,142845
2026-06-26 19:00:00+00:00,95.0199966430664,95.02999877929688,95.0000991821289,95.0199966430664,258447
2026-06-26 19:15:00+00:00,95.01499938964844,95.0199966430664,95.0,95.0199966430664,85038
2026-06-26 19:30:00+00:00,95.0,95.0199966430664,94.98999786376953,95.01499938964844,190182
2026-06-26 19:45:00+00:00,95.02999877929688,95.04000091552734,94.98999786376953,95.0,623276
2026-06-29 13:30:00+00:00,95.00499725341797,95.0199966430664,94.9749984741211,94.9800033569336,232970
2026-06-29 13:45:00+00:00,95.01000213623047,95.04000091552734,94.97000122070312,95.00499725341797,239921
2026-06-29 14:00:00+00:00,94.98999786376953,95.05000305175781,94.98500061035156,95.0199966430664,236620
2026-06-29 14:15:00+00:00,94.99500274658203,95.03500366210938,94.9749984741211,94.9800033569336,512156
2026-06-29 14:30:00+00:00,94.98500061035156,95.0,94.9749984741211,94.99500274658203,287698
2026-06-29 14:45:00+00:00,94.97000122070312,95.00389862060547,94.97000122070312,94.98999786376953,254969
2026-06-29 15:00:00+00:00,95.00499725341797,95.00499725341797,94.9749984741211,94.9800033569336,115842
2026-06-29 15:15:00+00:00,94.96499633789062,95.0,94.94999694824219,95.0,238706
2026-06-29 15:30:00+00:00,94.95500183105469,94.97000122070312,94.93000030517578,94.96499633789062,117751
2026-06-29 15:45:00+00:00,94.98999786376953,94.98999786376953,94.95330047607422,94.95330047607422,149018
2026-06-29 16:00:00+00:00,94.96499633789062,94.99500274658203,94.96499633789062,94.99500274658203,65028
2026-06-29 16:15:00+00:00,94.95500183105469,94.9800033569336,94.94000244140625,94.96499633789062,245888
2026-06-29 16:30:00+00:00,94.95999908447266,94.96499633789062,94.94000244140625,94.95159912109375,107653
2026-06-29 16:45:00+00:00,94.96499633789062,94.9800033569336,94.95999908447266,94.95999908447266,87897
2026-06-29 17:00:00+00:00,94.9800033569336,94.98999786376953,94.96499633789062,94.96499633789062,199214
2026-06-29 17:15:00+00:00,94.95999908447266,94.99500274658203,94.95999908447266,94.98500061035156,77674
2026-06-29 17:30:00+00:00,95.01499938964844,95.01499938964844,94.94999694824219,94.95500183105469,129812
2026-06-29 17:45:00+00:00,94.99500274658203,95.0199966430664,94.98999786376953,95.01210021972656,117800
2026-06-29 18:00:00+00:00,94.98989868164062,94.99500274658203,94.9801025390625,94.98999786376953,51930
2026-06-29 18:15:00+00:00,94.95500183105469,95.0,94.94499969482422,94.98999786376953,90154
2026-06-29 18:30:00+00:00,94.96009826660156,94.9800033569336,94.95999908447266,94.95999908447266,108928
2026-06-29 18:45:00+00:00,94.9800033569336,95.0,94.95999908447266,94.96499633789062,150915
2026-06-29 19:00:00+00:00,94.99500274658203,95.01000213623047,94.98999786376953,94.99500274658203,391333
2026-06-29 19:15:00+00:00,95.01499938964844,95.01499938964844,94.99500274658203,94.99500274658203,366489
2026-06-29 19:30:00+00:00,95.05000305175781,95.05000305175781,95.01499938964844,95.01499938964844,266468
2026-06-29 19:45:00+00:00,95.04000091552734,95.06999969482422,95.02999877929688,95.05000305175781,581153
2026-06-30 13:30:00+00:00,94.87950134277344,94.90010070800781,94.86979675292969,94.88999938964844,249393
2026-06-30 13:45:00+00:00,94.83999633789062,94.87960052490234,94.83999633789062,94.87940216064453,823743
2026-06-30 14:00:00+00:00,94.83000183105469,94.83999633789062,94.78900146484375,94.83499908447266,487129
2026-06-30 14:15:00+00:00,94.83000183105469,94.85990142822266,94.82499694824219,94.83499908447266,257689
2026-06-30 14:30:00+00:00,94.83499908447266,94.84989929199219,94.81300354003906,94.83000183105469,140036
2026-06-30 14:45:00+00:00,94.82499694824219,94.85990142822266,94.82080078125,94.83509826660156,263968
2026-06-30 15:00:00+00:00,94.79000091552734,94.83499908447266,94.78199768066406,94.82499694824219,606191
2026-06-30 15:15:00+00:00,94.79000091552734,94.79499816894531,94.76000213623047,94.78500366210938,466437
2026-06-30 15:30:00+00:00,94.82499694824219,94.83000183105469,94.78500366210938,94.79499816894531,251230
2026-06-30 15:45:00+00:00,94.83999633789062,94.84989929199219,94.83000183105469,94.83000183105469,187386
2026-06-30 16:00:00+00:00,94.79499816894531,94.84500122070312,94.79000091552734,94.83499908447266,53704
2026-06-30 16:15:00+00:00,94.80500030517578,94.82499694824219,94.79010009765625,94.80000305175781,174449
2026-06-30 16:30:00+00:00,94.82499694824219,94.82980346679688,94.80999755859375,94.80999755859375,170514
2026-06-30 16:45:00+00:00,94.79989624023438,94.82990264892578,94.79000091552734,94.82990264892578,54710
2026-06-30 17:00:00+00:00,94.7750015258789,94.79989624023438,94.7750015258789,94.79000091552734,106749
2026-06-30 17:15:00+00:00,94.7750015258789,94.77999877929688,94.76499938964844,94.7750015258789,68612
2026-06-30 17:30:00+00:00,94.77999877929688,94.79499816894531,94.76499938964844,94.7750015258789,216206
2026-06-30 17:45:00+00:00,94.7699966430664,94.78990173339844,94.7699966430664,94.77999877929688,173156
2026-06-30 18:00:00+00:00,94.75499725341797,94.77999877929688,94.74349975585938,94.7699966430664,160748
2026-06-30 18:15:00+00:00,94.74500274658203,94.76000213623047,94.73999786376953,94.75499725341797,86091
2026-06-30 18:30:00+00:00,94.72989654541016,94.74759674072266,94.72000122070312,94.73999786376953,253405
2026-06-30 18:45:00+00:00,94.70500183105469,94.73999786376953,94.69999694824219,94.7249984741211,381901
2026-06-30 19:00:00+00:00,94.66999816894531,94.7249984741211,94.66500091552734,94.69999694824219,235954
2026-06-30 19:15:00+00:00,94.6449966430664,94.66999816894531,94.62999725341797,94.66999816894531,255716
2026-06-30 19:30:00+00:00,94.64990234375,94.66000366210938,94.62000274658203,94.6449966430664,569951
2026-06-30 19:45:00+00:00,94.56999969482422,94.6500015258789,94.54499816894531,94.6449966430664,1011009
2026-07-01 13:30:00+00:00,94.05999755859375,94.06610107421875,93.99500274658203,94.04000091552734,906856
2026-07-01 13:45:00+00:00,94.0999984741211,94.125,94.06500244140625,94.06500244140625,337323
2026-07-01 14:00:00+00:00,94.18000030517578,94.19999694824219,94.0999984741211,94.11000061035156,717629
2026-07-01 14:15:00+00:00,94.15859985351562,94.19499969482422,94.13999938964844,94.18009948730469,495013
2026-07-01 14:30:00+00:00,94.13849639892578,94.19000244140625,94.13500213623047,94.15499877929688,160344
2026-07-01 14:45:00+00:00,94.1449966430664,94.15499877929688,94.12010192871094,94.13500213623047,167539
2026-07-01 15:00:00+00:00,94.1500015258789,94.16999816894531,94.12000274658203,94.13999938964844,222413
2026-07-01 15:15:00+00:00,94.1449966430664,94.16000366210938,94.12000274658203,94.1498031616211,358176
2026-07-01 15:30:00+00:00,94.1500015258789,94.16500091552734,94.12000274658203,94.1449966430664,200321
2026-07-01 15:45:00+00:00,94.15499877929688,94.17990112304688,94.1449966430664,94.15499877929688,126765
2026-07-01 16:00:00+00:00,94.16010284423828,94.18000030517578,94.13999938964844,94.15499877929688,143186
2026-07-01 16:15:00+00:00,94.1500015258789,94.16500091552734,94.12999725341797,94.16500091552734,368438
2026-07-01 16:30:00+00:00,94.12000274658203,94.16000366210938,94.11000061035156,94.1449966430664,113722
2026-07-01 16:45:00+00:00,94.08999633789062,94.13999938964844,94.08999633789062,94.11499786376953,138982
2026-07-01 17:00:00+00:00,94.12989807128906,94.12999725341797,94.08149719238281,94.08999633789062,123238
2026-07-01 17:15:00+00:00,94.09500122070312,94.12999725341797,94.08000183105469,94.125,119020
2026-07-01 17:30:00+00:00,94.12999725341797,94.12999725341797,94.08999633789062,94.0916976928711,121318
2026-07-01 17:45:00+00:00,94.125,94.1500015258789,94.12000274658203,94.13500213623047,182325
2026-07-01 18:00:00+00:00,94.11000061035156,94.13999938964844,94.11000061035156,94.12000274658203,146221
2026-07-01 18:15:00+00:00,94.08499908447266,94.11519622802734,94.08000183105469,94.11000061035156,211913
2026-07-01 18:30:00+00:00,94.05500030517578,94.08000183105469,94.04000091552734,94.08000183105469,223548
2026-07-01 18:45:00+00:00,94.06500244140625,94.06999969482422,94.04000091552734,94.05500030517578,367025
2026-07-01 19:00:00+00:00,94.06999969482422,94.06999969482422,94.05500030517578,94.06500244140625,269827
2026-07-01 19:15:00+00:00,94.03500366210938,94.05999755859375,94.0199966430664,94.05999755859375,217618
2026-07-01 19:30:00+00:00,94.04000091552734,94.05999755859375,94.0199966430664,94.04000091552734,269711
2026-07-01 19:45:00+00:00,94.03500366210938,94.05999755859375,94.02999877929688,94.04499816894531,659814
2026-07-02 13:30:00+00:00,94.13500213623047,94.16500091552734,94.08000183105469,94.08200073242188,630446
2026-07-02 13:45:00+00:00,94.08999633789062,94.1449966430664,94.08999633789062,94.13500213623047,320713
2026-07-02 14:00:00+00:00,94.09200286865234,94.10880279541016,94.06999969482422,94.08999633789062,405310
2026-07-02 14:15:00+00:00,94.12000274658203,94.12000274658203,94.04989624023438,94.09500122070312,336576
2026-07-02 14:30:00+00:00,94.13999938964844,94.14990234375,94.09020233154297,94.11499786376953,433892
2026-07-02 14:45:00+00:00,94.1801986694336,94.21499633789062,94.12999725341797,94.13999938964844,428816
2026-07-02 15:00:00+00:00,94.2249984741211,94.22899627685547,94.16999816894531,94.18000030517578,218074
2026-07-02 15:15:00+00:00,94.2384033203125,94.2490005493164,94.22000122070312,94.2249984741211,256922
2026-07-02 15:30:00+00:00,94.25499725341797,94.26000213623047,94.23500061035156,94.23500061035156,187989
2026-07-02 15:45:00+00:00,94.20999908447266,94.25990295410156,94.19999694824219,94.25499725341797,138338
2026-07-02 16:00:00+00:00,94.17500305175781,94.22000122070312,94.16000366210938,94.19999694824219,119131
2026-07-02 16:15:00+00:00,94.11499786376953,94.17500305175781,94.11000061035156,94.17500305175781,124936
2026-07-02 16:30:00+00:00,94.11499786376953,94.12999725341797,94.0999984741211,94.10990142822266,114590
2026-07-02 16:45:00+00:00,94.09500122070312,94.12000274658203,94.08000183105469,94.11499786376953,125161
2026-07-02 17:00:00+00:00,94.08999633789062,94.11000061035156,94.08499908447266,94.08999633789062,64000
2026-07-02 17:15:00+00:00,94.05500030517578,94.08999633789062,94.05000305175781,94.08499908447266,113093
2026-07-02 17:30:00+00:00,94.05000305175781,94.06999969482422,94.04000091552734,94.05500030517578,91148
2026-07-02 17:45:00+00:00,94.04499816894531,94.05999755859375,94.02999877929688,94.05500030517578,253530
2026-07-02 18:00:00+00:00,94.05500030517578,94.06999969482422,94.04010009765625,94.04989624023438,722678
2026-07-02 18:15:00+00:00,94.03009796142578,94.05999755859375,94.02999877929688,94.05999755859375,192272
2026-07-02 18:30:00+00:00,94.05000305175781,94.05000305175781,94.02999877929688,94.03050231933594,133475
2026-07-02 18:45:00+00:00,94.05999755859375,94.05999755859375,94.0427017211914,94.05000305175781,86237
2026-07-02 19:00:00+00:00,94.1050033569336,94.11000061035156,94.05500030517578,94.05999755859375,1076399
2026-07-02 19:15:00+00:00,94.125,94.12999725341797,94.11000061035156,94.11000061035156,269317
2026-07-02 19:30:00+00:00,94.13500213623047,94.1500015258789,94.12000274658203,94.125,159367
2026-07-02 19:45:00+00:00,94.13999938964844,94.16000366210938,94.12999725341797,94.13500213623047,291902
2026-07-06 13:30:00+00:00,94.12989807128906,94.16999816894531,94.11499786376953,94.12000274658203,812470
2026-07-06 13:45:00+00:00,94.09500122070312,94.13500213623047,94.09500122070312,94.125,109210
2026-07-06 14:00:00+00:00,94.0999984741211,94.12000274658203,94.08499908447266,94.08999633789062,192450
2026-07-06 14:15:00+00:00,94.06999969482422,94.0999984741211,94.06500244140625,94.0999984741211,276959
2026-07-06 14:30:00+00:00,94.04499816894531,94.08000183105469,94.0344009399414,94.07009887695312,159762
2026-07-06 14:45:00+00:00,94.06999969482422,94.06999969482422,94.02999877929688,94.04499816894531,99984
2026-07-06 15:00:00+00:00,94.08499908447266,94.08999633789062,94.05000305175781,94.05819702148438,48633
2026-07-06 15:15:00+00:00,94.06500244140625,94.08830261230469,94.06169891357422,94.08499908447266,57875
2026-07-06 15:30:00+00:00,94.0801010131836,94.08499908447266,94.05500030517578,94.06500244140625,40683
2026-07-06 15:45:00+00:00,94.06999969482422,94.08999633789062,94.06999969482422,94.08000183105469,51753
2026-07-06 16:00:00+00:00,94.06500244140625,94.06999969482422,94.0447998046875,94.060302734375,116696
2026-07-06 16:15:00+00:00,94.08999633789062,94.09500122070312,94.06009674072266,94.06430053710938,122710
2026-07-06 16:30:00+00:00,94.0801010131836,94.09500122070312,94.0739974975586,94.09400177001953,73951
2026-07-06 16:45:00+00:00,94.09159851074219,94.1050033569336,94.07360076904297,94.08499908447266,80610
2026-07-06 17:00:00+00:00,94.1050033569336,94.1050033569336,94.08499908447266,94.09010314941406,110986
2026-07-06 17:15:00+00:00,94.1050033569336,94.11810302734375,94.0999984741211,94.0999984741211,73244
2026-07-06 17:30:00+00:00,94.09500122070312,94.10970306396484,94.08999633789062,94.10250091552734,86402
2026-07-06 17:45:00+00:00,94.0999984741211,94.1072998046875,94.08000183105469,94.08999633789062,119441
2026-07-06 18:00:00+00:00,94.11499786376953,94.12000274658203,94.0999984741211,94.0999984741211,104075
2026-07-06 18:15:00+00:00,94.1050033569336,94.11969757080078,94.0999984741211,94.11499786376953,89051
2026-07-06 18:30:00+00:00,94.11499786376953,94.12000274658203,94.10179901123047,94.1050033569336,65275
2026-07-06 18:45:00+00:00,94.125,94.12999725341797,94.11000061035156,94.11499786376953,95859
2026-07-06 19:00:00+00:00,94.125,94.13990020751953,94.11000061035156,94.125,151681
2026-07-06 19:15:00+00:00,94.15499877929688,94.16000366210938,94.12010192871094,94.125,97661
2026-07-06 19:30:00+00:00,94.16999816894531,94.16999816894531,94.1500015258789,94.15499877929688,144694
2026-07-06 19:45:00+00:00,94.18499755859375,94.19000244140625,94.16950225830078,94.16999816894531,238445
2026-07-07 13:30:00+00:00,94.01499938964844,94.0199966430664,93.97000122070312,93.97000122070312,455553
2026-07-07 13:45:00+00:00,93.94000244140625,94.0199966430664,93.94000244140625,94.01000213623047,112816
2026-07-07 14:00:00+00:00,93.8949966430664,93.94819641113281,93.85220336914062,93.93499755859375,297199
2026-07-07 14:15:00+00:00,93.91500091552734,93.92990112304688,93.9000015258789,93.9000015258789,66429
2026-07-07 14:30:00+00:00,93.93000030517578,93.94000244140625,93.9135971069336,93.91999816894531,101940
2026-07-07 14:45:00+00:00,93.91999816894531,93.95999908447266,93.91999816894531,93.93000030517578,75969
2026-07-07 15:00:00+00:00,93.90499877929688,93.939697265625,93.9000015258789,93.91999816894531,321122
2026-07-07 15:15:00+00:00,93.92500305175781,93.93000030517578,93.9010009765625,93.91000366210938,151425
2026-07-07 15:30:00+00:00,93.9000015258789,93.94000244140625,93.9000015258789,93.92500305175781,96002
2026-07-07 15:45:00+00:00,93.8949966430664,93.90499877929688,93.87000274658203,93.90499877929688,191002
2026-07-07 16:00:00+00:00,93.8949966430664,93.90989685058594,93.88999938964844,93.8949966430664,57905
2026-07-07 16:15:00+00:00,93.8550033569336,93.9000015258789,93.84500122070312,93.8949966430664,84524
2026-07-07 16:30:00+00:00,93.86000061035156,93.87000274658203,93.8499984741211,93.86000061035156,98162
2026-07-07 16:45:00+00:00,93.8550033569336,93.86000061035156,93.83999633789062,93.8499984741211,133879
2026-07-07 17:00:00+00:00,93.86499786376953,93.87999725341797,93.84500122070312,93.8550033569336,166888
2026-07-07 17:15:00+00:00,93.86000061035156,93.86990356445312,93.83999633789062,93.86990356445312,66290
2026-07-07 17:30:00+00:00,93.875,93.87999725341797,93.8550033569336,93.8550033569336,69364
2026-07-07 17:45:00+00:00,93.87000274658203,93.87999725341797,93.86000061035156,93.875,92568
2026-07-07 18:00:00+00:00,93.84500122070312,93.87000274658203,93.83999633789062,93.87000274658203,319334
2026-07-07 18:15:00+00:00,93.8550033569336,93.86000061035156,93.83999633789062,93.84500122070312,133804
2026-07-07 18:30:00+00:00,93.8550033569336,93.86499786376953,93.83999633789062,93.8499984741211,256839
2026-07-07 18:45:00+00:00,93.80500030517578,93.86650085449219,93.78009796142578,93.85250091552734,230110
2026-07-07 19:00:00+00:00,93.73500061035156,93.80500030517578,93.7302017211914,93.80500030517578,284524
2026-07-07 19:15:00+00:00,93.7301025390625,93.73999786376953,93.68499755859375,93.7300033569336,296944
2026-07-07 19:30:00+00:00,93.75,93.77999877929688,93.7300033569336,93.73500061035156,547303
2026-07-07 19:45:00+00:00,93.69999694824219,93.75990295410156,93.69999694824219,93.75640106201172,561940
2026-07-08 13:30:00+00:00,93.52989959716797,93.55000305175781,93.51499938964844,93.52999877929688,385969
2026-07-08 13:45:00+00:00,93.45999908447266,93.54000091552734,93.45500183105469,93.52989959716797,130069
2026-07-08 14:00:00+00:00,93.45169830322266,93.4800033569336,93.45010375976562,93.47000122070312,180951
2026-07-08 14:15:00+00:00,93.43499755859375,93.46499633789062,93.42009735107422,93.45500183105469,95906
2026-07-08 14:30:00+00:00,93.4384994506836,93.44999694824219,93.38999938964844,93.43000030517578,192980
2026-07-08 14:45:00+00:00,93.40010070800781,93.44000244140625,93.40010070800781,93.4364013671875,83477
2026-07-08 15:00:00+00:00,93.37000274658203,93.4000015258789,93.36499786376953,93.4000015258789,102273
2026-07-08 15:15:00+00:00,93.375,93.40499877929688,93.36170196533203,93.36990356445312,91035
2026-07-08 15:30:00+00:00,93.38999938964844,93.3949966430664,93.3552017211914,93.375,109564
2026-07-08 15:45:00+00:00,93.38009643554688,93.4000015258789,93.375,93.38999938964844,74911
2026-07-08 16:00:00+00:00,93.41500091552734,93.41500091552734,93.375,93.37999725341797,144995
2026-07-08 16:15:00+00:00,93.41999816894531,93.41999816894531,93.3949966430664,93.4000015258789,131933
2026-07-08 16:30:00+00:00,93.44979858398438,93.47000122070312,93.41000366210938,93.41500091552734,353528
2026-07-08 16:45:00+00:00,93.43499755859375,93.47000122070312,93.43499755859375,93.44999694824219,139837
2026-07-08 17:00:00+00:00,93.48500061035156,93.48999786376953,93.43000030517578,93.44000244140625,116269
2026-07-08 17:15:00+00:00,93.49500274658203,93.5,93.4800033569336,93.4800033569336,53029
2026-07-08 17:30:00+00:00,93.49500274658203,93.5199966430664,93.49009704589844,93.5,79891
2026-07-08 17:45:00+00:00,93.4999008178711,93.50499725341797,93.4800033569336,93.49500274658203,223113
2026-07-08 18:00:00+00:00,93.54499816894531,93.55000305175781,93.4800033569336,93.49500274658203,117610
2026-07-08 18:15:00+00:00,93.54560089111328,93.55000305175781,93.52369689941406,93.54499816894531,82322
2026-07-08 18:30:00+00:00,93.54499816894531,93.55000305175781,93.52999877929688,93.54190063476562,72383
2026-07-08 18:45:00+00:00,93.55999755859375,93.56999969482422,93.54499816894531,93.55000305175781,174716
2026-07-08 19:00:00+00:00,93.58499908447266,93.58999633789062,93.55010223388672,93.55010223388672,526443
2026-07-08 19:15:00+00:00,93.57499694824219,93.58999633789062,93.57160186767578,93.58499908447266,151003
2026-07-08 19:30:00+00:00,93.53009796142578,93.58000183105469,93.52999877929688,93.57499694824219,205745
2026-07-08 19:45:00+00:00,93.52999877929688,93.54000091552734,93.4800033569336,93.53500366210938,578453
2026-07-09 13:30:00+00:00,93.62999725341797,93.62999725341797,93.58999633789062,93.5999984741211,99769
2026-07-09 13:45:00+00:00,93.625,93.63980102539062,93.59500122070312,93.63639831542969,206368
2026-07-09 14:00:00+00:00,93.63500213623047,93.66999816894531,93.625,93.625,87678
2026-07-09 14:15:00+00:00,93.625,93.64649963378906,93.61920166015625,93.63500213623047,67770
2026-07-09 14:30:00+00:00,93.6449966430664,93.66500091552734,93.625,93.625,40690
2026-07-09 14:45:00+00:00,93.66999816894531,93.68000030517578,93.63189697265625,93.64029693603516,235345
2026-07-09 15:00:00+00:00,93.68499755859375,93.69819641113281,93.66999816894531,93.67769622802734,54067
2026-07-09 15:15:00+00:00,93.69999694824219,93.70999908447266,93.68190002441406,93.68499755859375,92545
2026-07-09 15:30:00+00:00,93.7249984741211,93.7249984741211,93.69000244140625,93.70500183105469,76166
2026-07-09 15:45:00+00:00,93.7249984741211,93.73829650878906,93.72000122070312,93.7249984741211,98961
2026-07-09 16:00:00+00:00,93.7249984741211,93.7300033569336,93.70999908447266,93.7300033569336,81062
2026-07-09 16:15:00+00:00,93.7499008178711,93.75,93.72000122070312,93.7249984741211,54254
2026-07-09 16:30:00+00:00,93.74500274658203,93.75,93.73500061035156,93.74500274658203,37418
2026-07-09 16:45:00+00:00,93.74859619140625,93.7699966430664,93.73999786376953,93.74500274658203,144663
2026-07-09 17:00:00+00:00,93.7750015258789,93.79499816894531,93.75,93.7500991821289,141790
2026-07-09 17:15:00+00:00,93.82499694824219,93.83499908447266,93.7781982421875,93.7781982421875,123748
2026-07-09 17:30:00+00:00,93.81500244140625,93.83000183105469,93.80000305175781,93.82499694824219,92287
2026-07-09 17:45:00+00:00,93.83499908447266,93.84660339355469,93.81169891357422,93.81849670410156,98584
2026-07-09 18:00:00+00:00,93.80000305175781,93.83999633789062,93.79499816894531,93.83999633789062,73180
2026-07-09 18:15:00+00:00,93.76499938964844,93.80999755859375,93.7615966796875,93.80000305175781,40406
2026-07-09 18:30:00+00:00,93.7750015258789,93.77999877929688,93.75499725341797,93.7699966430664,82379
2026-07-09 18:45:00+00:00,93.77999877929688,93.80000305175781,93.7699966430664,93.7750015258789,117172
2026-07-09 19:00:00+00:00,93.78500366210938,93.80000305175781,93.76000213623047,93.77999877929688,144086
2026-07-09 19:15:00+00:00,93.7699966430664,93.79000091552734,93.76000213623047,93.78500366210938,83277
2026-07-09 19:30:00+00:00,93.7300033569336,93.7699966430664,93.71499633789062,93.76950073242188,203871
2026-07-09 19:45:00+00:00,93.70999908447266,93.73999786376953,93.70500183105469,93.72989654541016,344252
2026-07-10 13:30:00+00:00,93.7614974975586,93.7699966430664,93.71189880371094,93.73999786376953,229253
2026-07-10 13:45:00+00:00,93.71499633789062,93.77799987792969,93.70999908447266,93.76499938964844,59871
2026-07-10 14:00:00+00:00,93.73500061035156,93.73500061035156,93.69000244140625,93.71499633789062,66757
2026-07-10 14:15:00+00:00,93.7249984741211,93.73999786376953,93.70999908447266,93.7300033569336,80332
2026-07-10 14:30:00+00:00,93.69000244140625,93.74500274658203,93.58999633789062,93.7300033569336,734307
2026-07-10 14:45:00+00:00,93.6449966430664,93.69499969482422,93.64140319824219,93.68499755859375,80511
2026-07-10 15:00:00+00:00,93.69999694824219,93.72000122070312,93.65499877929688,93.65899658203125,122818
2026-07-10 15:15:00+00:00,93.76000213623047,93.7699966430664,93.70500183105469,93.70500183105469,608974
2026-07-10 15:30:00+00:00,93.75499725341797,93.7750015258789,93.75,93.76499938964844,68507
2026-07-10 15:45:00+00:00,93.75499725341797,93.7699966430664,93.7500991821289,93.75499725341797,80256
2026-07-10 16:00:00+00:00,93.70500183105469,93.75,93.69999694824219,93.75,121122
2026-07-10 16:15:00+00:00,93.71499633789062,93.72000122070312,93.69989776611328,93.70020294189453,76832
2026-07-10 16:30:00+00:00,93.6500015258789,93.71600341796875,93.6500015258789,93.71499633789062,136225
2026-07-10 16:45:00+00:00,93.6449966430664,93.6698989868164,93.6449966430664,93.65640258789062,54074
2026-07-10 17:00:00+00:00,93.63009643554688,93.6500015258789,93.62999725341797,93.6449966430664,592700
2026-07-10 17:15:00+00:00,93.62989807128906,93.6498031616211,93.62000274658203,93.62999725341797,228165
2026-07-10 17:30:00+00:00,93.62000274658203,93.63999938964844,93.6050033569336,93.62999725341797,61787
2026-07-10 17:45:00+00:00,93.61499786376953,93.62000274658203,93.61000061035156,93.62000274658203,46416
2026-07-10 18:00:00+00:00,93.61499786376953,93.625,93.5999984741211,93.61499786376953,198505
2026-07-10 18:15:00+00:00,93.5999984741211,93.62000274658203,93.59159851074219,93.61499786376953,425334
2026-07-10 18:30:00+00:00,93.59500122070312,93.61000061035156,93.58499908447266,93.6050033569336,60981
2026-07-10 18:45:00+00:00,93.60990142822266,93.62000274658203,93.5999984741211,93.5999984741211,85211
2026-07-10 19:00:00+00:00,93.62000274658203,93.62000274658203,93.60459899902344,93.60459899902344,255078
2026-07-10 19:15:00+00:00,93.63030242919922,93.63999938964844,93.61170196533203,93.62000274658203,242795
2026-07-10 19:30:00+00:00,93.6500015258789,93.66000366210938,93.6322021484375,93.6322021484375,142629
2026-07-10 19:45:00+00:00,93.6449966430664,93.6500015258789,93.62999725341797,93.6500015258789,1280247
2026-07-13 13:30:00+00:00,93.50029754638672,93.51210021972656,93.46499633789062,93.5,169649
2026-07-13 13:45:00+00:00,93.48500061035156,93.5199966430664,93.47000122070312,93.51000213623047,123820
2026-07-13 14:00:00+00:00,93.48500061035156,93.50499725341797,93.4800033569336,93.48999786376953,98314
2026-07-13 14:15:00+00:00,93.44499969482422,93.48999786376953,93.36000061035156,93.48500061035156,478181
2026-07-13 14:30:00+00:00,93.42500305175781,93.44989776611328,93.40360260009766,93.44029998779297,44995
2026-07-13 14:45:00+00:00,93.41999816894531,93.44000244140625,93.4000015258789,93.41999816894531,71065
2026-07-13 15:00:00+00:00,93.38999938964844,93.43000030517578,93.38999938964844,93.43000030517578,46387
2026-07-13 15:15:00+00:00,93.42009735107422,93.4280014038086,93.37999725341797,93.3949966430664,656286
2026-07-13 15:30:00+00:00,93.41000366210938,93.42500305175781,93.40299987792969,93.41840362548828,353440
2026-07-13 15:45:00+00:00,93.42500305175781,93.43000030517578,93.38999938964844,93.41000366210938,219840
2026-07-13 16:00:00+00:00,93.4000015258789,93.42500305175781,93.4000015258789,93.42500305175781,66006
2026-07-13 16:15:00+00:00,93.31500244140625,93.40499877929688,93.30000305175781,93.4000015258789,274155
2026-07-13 16:30:00+00:00,93.33999633789062,93.33999633789062,93.27999877929688,93.31099700927734,139628
2026-07-13 16:45:00+00:00,93.29199981689453,93.3499984741211,93.2699966430664,93.3499984741211,199023
2026-07-13 17:00:00+00:00,93.29499816894531,93.31500244140625,93.28389739990234,93.29499816894531,108332
2026-07-13 17:15:00+00:00,93.3218994140625,93.33000183105469,93.27999877929688,93.29499816894531,110055
2026-07-13 17:30:00+00:00,93.30500030517578,93.33000183105469,93.29000091552734,93.32160186767578,110931
2026-07-13 17:45:00+00:00,93.28179931640625,93.30999755859375,93.27999877929688,93.30500030517578,99552
2026-07-13 18:00:00+00:00,93.28500366210938,93.29000091552734,93.2699966430664,93.28500366210938,108856
2026-07-13 18:15:00+00:00,93.28500366210938,93.2863998413086,93.26100158691406,93.28500366210938,99417
2026-07-13 18:30:00+00:00,93.31500244140625,93.31500244140625,93.2699966430664,93.27999877929688,83234
2026-07-13 18:45:00+00:00,93.31999969482422,93.31999969482422,93.30000305175781,93.31500244140625,138694
2026-07-13 19:00:00+00:00,93.31500244140625,93.3550033569336,93.30000305175781,93.31999969482422,179091
2026-07-13 19:15:00+00:00,93.30999755859375,93.31999969482422,93.30000305175781,93.30999755859375,115925
2026-07-13 19:30:00+00:00,93.28500366210938,93.30999755859375,93.28099822998047,93.30500030517578,120236
2026-07-13 19:45:00+00:00,93.28500366210938,93.30000305175781,93.27999877929688,93.28500366210938,326890
2026-07-14 13:30:00+00:00,93.63500213623047,93.6449966430664,93.52999877929688,93.5999984741211,294474
2026-07-14 13:45:00+00:00,93.625,93.65570068359375,93.59159851074219,93.63999938964844,95870
2026-07-14 14:00:00+00:00,93.66000366210938,93.6709976196289,93.61499786376953,93.62989807128906,162430
2026-07-14 14:15:00+00:00,93.62999725341797,93.66000366210938,93.56999969482422,93.66000366210938,187180
2026-07-14 14:30:00+00:00,93.62000274658203,93.78500366210938,93.61499786376953,93.62169647216797,638105
2026-07-14 14:45:00+00:00,93.62969970703125,93.64810180664062,93.61499786376953,93.62999725341797,62888
2026-07-14 15:00:00+00:00,93.70500183105469,93.72000122070312,93.58999633789062,93.61000061035156,255817
2026-07-14 15:15:00+00:00,93.71499633789062,93.73500061035156,93.69499969482422,93.70999908447266,80725
2026-07-14 15:30:00+00:00,93.55989837646484,93.71499633789062,93.51499938964844,93.70999908447266,337258
2026-07-14 15:45:00+00:00,93.50990295410156,93.5781021118164,93.48999786376953,93.55999755859375,188977
2026-07-14 16:00:00+00:00,93.5197982788086,93.5250015258789,93.45999908447266,93.5199966430664,124954
2026-07-14 16:15:00+00:00,93.5166015625,93.52999877929688,93.5000991821289,93.51830291748047,80481
2026-07-14 16:30:00+00:00,93.53520202636719,93.54499816894531,93.5115966796875,93.51959991455078,134650
2026-07-14 16:45:00+00:00,93.54499816894531,93.55000305175781,93.51000213623047,93.52999877929688,110050
2026-07-14 17:00:00+00:00,93.5250015258789,93.5470962524414,93.5199966430664,93.54499816894531,194188
2026-07-14 17:15:00+00:00,93.55500030517578,93.5551986694336,93.5,93.5199966430664,76416
2026-07-14 17:30:00+00:00,93.53500366210938,93.56500244140625,93.52999877929688,93.55020141601562,153645
2026-07-14 17:45:00+00:00,93.52999877929688,93.55999755859375,93.52999877929688,93.53399658203125,105371
2026-07-14 18:00:00+00:00,93.556396484375,93.556396484375,93.5199966430664,93.5250015258789,44799
2026-07-14 18:15:00+00:00,93.53980255126953,93.56500244140625,93.52999877929688,93.56500244140625,78364
2026-07-14 18:30:00+00:00,93.4800033569336,93.52999877929688,93.45999908447266,93.52999877929688,221978
2026-07-14 18:45:00+00:00,93.5199966430664,93.5250015258789,93.48500061035156,93.48999786376953,175965
2026-07-14 19:00:00+00:00,93.57499694824219,93.58000183105469,93.51190185546875,93.51190185546875,146184
2026-07-14 19:15:00+00:00,93.58999633789062,93.58999633789062,93.56999969482422,93.56999969482422,165649
2026-07-14 19:30:00+00:00,93.57659912109375,93.59839630126953,93.54000091552734,93.58499908447266,264007
2026-07-14 19:45:00+00:00,93.52999877929688,93.58999633789062,93.52999877929688,93.57499694824219,452090
2026-07-15 13:30:00+00:00,93.68499755859375,93.69999694824219,93.63999938964844,93.63999938964844,269666
2026-07-15 13:45:00+00:00,93.72000122070312,93.76499938964844,93.68499755859375,93.69000244140625,192278
2026-07-15 14:00:00+00:00,93.71499633789062,93.74500274658203,93.70999908447266,93.72010040283203,78209
2026-07-15 14:15:00+00:00,93.7300033569336,93.73999786376953,93.69499969482422,93.71189880371094,364036
2026-07-15 14:30:00+00:00,93.7249984741211,93.76000213623047,93.7219009399414,93.7300033569336,348440
2026-07-15 14:45:00+00:00,93.7699966430664,93.78500366210938,93.7239990234375,93.7249984741211,80066
2026-07-15 15:00:00+00:00,93.71499633789062,93.77999877929688,93.71499633789062,93.7699966430664,79616
2026-07-15 15:15:00+00:00,93.77999877929688,93.77999877929688,93.70999908447266,93.71499633789062,71562
2026-07-15 15:30:00+00:00,93.79499816894531,93.80500030517578,93.77149963378906,93.7750015258789,289186
2026-07-15 15:45:00+00:00,93.77999877929688,93.79000091552734,93.7699966430664,93.78160095214844,100062
2026-07-15 16:00:00+00:00,93.76000213623047,93.78500366210938,93.76000213623047,93.7750015258789,115664
2026-07-15 16:15:00+00:00,93.78399658203125,93.80809783935547,93.76499938964844,93.7699966430664,157507
2026-07-15 16:30:00+00:00,93.76349639892578,93.79499816894531,93.76349639892578,93.77999877929688,165007
2026-07-15 16:45:00+00:00,93.7699966430664,93.84500122070312,93.76000213623047,93.76499938964844,581138
2026-07-15 17:00:00+00:00,93.79000091552734,93.80999755859375,93.76499938964844,93.76499938964844,579068
2026-07-15 17:15:00+00:00,93.81500244140625,93.81500244140625,93.78500366210938,93.79000091552734,184585
2026-07-15 17:30:00+00:00,93.83000183105469,93.83799743652344,93.80500030517578,93.81500244140625,195226
2026-07-15 17:45:00+00:00,93.8550033569336,93.87000274658203,93.81999969482422,93.82499694824219,255215
2026-07-15 18:00:00+00:00,93.83499908447266,93.8499984741211,93.83000183105469,93.8499984741211,155087
2026-07-15 18:15:00+00:00,93.83499908447266,93.83999633789062,93.82389831542969,93.83499908447266,180234
2026-07-15 18:30:00+00:00,93.83000183105469,93.8499984741211,93.83000183105469,93.8301010131836,232027
2026-07-15 18:45:00+00:00,93.8364028930664,93.83999633789062,93.82499694824219,93.83499908447266,203716
2026-07-15 19:00:00+00:00,93.8550033569336,93.86000061035156,93.82160186767578,93.83000183105469,341354
2026-07-15 19:15:00+00:00,93.83999633789062,93.8550033569336,93.83999633789062,93.8550033569336,309954
2026-07-15 19:30:00+00:00,93.80000305175781,93.85639953613281,93.78500366210938,93.84500122070312,317630
2026-07-15 19:45:00+00:00,93.7750015258789,93.80000305175781,93.7699966430664,93.79499816894531,501833
2026-07-16 13:30:00+00:00,93.56500244140625,93.5999984741211,93.55000305175781,93.58000183105469,633553
2026-07-16 13:45:00+00:00,93.58000183105469,93.59500122070312,93.55999755859375,93.55999755859375,697455
2026-07-16 14:00:00+00:00,93.61499786376953,93.62999725341797,93.58000183105469,93.58499908447266,275939
2026-07-16 14:15:00+00:00,93.59500122070312,93.62999725341797,93.58999633789062,93.61209869384766,136413
2026-07-16 14:30:00+00:00,93.55999755859375,93.5999984741211,93.54290008544922,93.59989929199219,212446
2026-07-16 14:45:00+00:00,93.57499694824219,93.58999633789062,93.55500030517578,93.56500244140625,60552
2026-07-16 15:00:00+00:00,93.5999984741211,93.5999984741211,93.55000305175781,93.56500244140625,86490
2026-07-16 15:15:00+00:00,93.6449966430664,93.6500015258789,93.61000061035156,93.61000061035156,46023
2026-07-16 15:30:00+00:00,93.65969848632812,93.66500091552734,93.63999938964844,93.63999938964844,55610
2026-07-16 15:45:00+00:00,93.65160369873047,93.68499755859375,93.65160369873047,93.65499877929688,60156
2026-07-16 16:00:00+00:00,93.6449966430664,93.66500091552734,93.63960266113281,93.65499877929688,42303
2026-07-16 16:15:00+00:00,93.5999984741211,93.77999877929688,93.58000183105469,93.63999938964844,76658
2026-07-16 16:30:00+00:00,93.61000061035156,93.6281967163086,93.60160064697266,93.60359954833984,53780
2026-07-16 16:45:00+00:00,93.64990234375,93.65229797363281,93.6050033569336,93.6050033569336,58657
2026-07-16 17:00:00+00:00,93.64800262451172,93.66000366210938,93.63410186767578,93.65499877929688,100392
2026-07-16 17:15:00+00:00,93.6541976928711,93.66000366210938,93.64009857177734,93.6449966430664,101149
2026-07-16 17:30:00+00:00,93.68499755859375,93.68499755859375,93.66000366210938,93.66500091552734,114749
2026-07-16 17:45:00+00:00,93.70500183105469,93.72630310058594,93.681396484375,93.68499755859375,133379
2026-07-16 18:00:00+00:00,93.74500274658203,93.75,93.69999694824219,93.70500183105469,129933
2026-07-16 18:15:00+00:00,93.71499633789062,93.75,93.70999908447266,93.74500274658203,100099
2026-07-16 18:30:00+00:00,93.70819854736328,93.72000122070312,93.69999694824219,93.71499633789062,213596
2026-07-16 18:45:00+00:00,93.69499969482422,93.70999908447266,93.68499755859375,93.70500183105469,134767
2026-07-16 19:00:00+00:00,93.70500183105469,93.70999908447266,93.69499969482422,93.69499969482422,166044
2026-07-16 19:15:00+00:00,93.72000122070312,93.72000122070312,93.69999694824219,93.70999908447266,211144
2026-07-16 19:30:00+00:00,93.70999908447266,93.72000122070312,93.69180297851562,93.72000122070312,243358
2026-07-16 19:45:00+00:00,93.71499633789062,93.7300033569336,93.70500183105469,93.70999908447266,489433
2026-07-17 13:30:00+00:00,94.07499694824219,94.09500122070312,93.95999908447266,93.95999908447266,2091190
2026-07-17 13:45:00+00:00,94.02999877929688,94.08999633789062,94.0199966430664,94.08000183105469,196928
2026-07-17 14:00:00+00:00,94.0199966430664,94.05000305175781,94.0,94.03500366210938,138745
2026-07-17 14:15:00+00:00,93.97000122070312,94.03800201416016,93.97000122070312,94.0250015258789,150812
2026-07-17 14:30:00+00:00,93.9844970703125,94.0,93.97029876708984,93.97029876708984,69565
2026-07-17 14:45:00+00:00,93.99500274658203,94.0,93.96009826660156,93.98780059814453,42050
2026-07-17 15:00:00+00:00,93.98500061035156,94.01799774169922,93.9800033569336,94.00499725341797,94552
2026-07-17 15:15:00+00:00,93.94499969482422,93.98999786376953,93.94000244140625,93.98999786376953,53117
2026-07-17 15:30:00+00:00,93.92500305175781,93.9583969116211,93.91500091552734,93.95169830322266,133415
2026-07-17 15:45:00+00:00,93.91500091552734,93.93000030517578,93.90180206298828,93.92500305175781,589957
2026-07-17 16:00:00+00:00,93.8550033569336,93.91500091552734,93.81999969482422,93.91500091552734,541142
2026-07-17 16:15:00+00:00,93.87999725341797,93.87999725341797,93.83000183105469,93.8499984741211,129376
2026-07-17 16:30:00+00:00,93.86499786376953,93.87789916992188,93.8499984741211,93.875,72789
2026-07-17 16:45:00+00:00,93.8550033569336,93.86499786376953,93.8499984741211,93.86009979248047,62458
2026-07-17 17:00:00+00:00,93.84500122070312,93.86000061035156,93.83999633789062,93.8550033569336,63170
2026-07-17 17:15:00+00:00,93.84500122070312,93.84500122070312,93.81999969482422,93.83999633789062,92855
2026-07-17 17:30:00+00:00,93.85009765625,93.86509704589844,93.83999633789062,93.84500122070312,296969
2026-07-17 17:45:00+00:00,93.86499786376953,93.87000274658203,93.84010314941406,93.8550033569336,88739
2026-07-17 18:00:00+00:00,93.87000274658203,93.88500213623047,93.85009765625,93.86499786376953,65106
2026-07-17 18:15:00+00:00,93.90499877929688,93.91500091552734,93.87100219726562,93.87100219726562,54092
2026-07-17 18:30:00+00:00,93.90499877929688,93.9197998046875,93.9000015258789,93.90899658203125,56832
2026-07-17 18:45:00+00:00,93.87000274658203,93.91000366210938,93.87000274658203,93.90499877929688,51768
2026-07-17 19:00:00+00:00,93.83999633789062,93.87999725341797,93.83999633789062,93.87000274658203,101660
2026-07-17 19:15:00+00:00,93.84500122070312,93.8499984741211,93.83000183105469,93.83999633789062,123617
2026-07-17 19:30:00+00:00,93.84500122070312,93.86000061035156,93.83999633789062,93.8550033569336,106830
2026-07-17 19:45:00+00:00,93.83000183105469,93.8499984741211,93.81999969482422,93.84500122070312,1030915
2026-07-20 13:30:00+00:00,93.69499969482422,93.756103515625,93.69499969482422,93.73999786376953,207459
2026-07-20 13:45:00+00:00,93.66999816894531,93.72000122070312,93.66999816894531,93.69499969482422,163512
2026-07-20 14:00:00+00:00,93.62000274658203,93.66999816894531,93.61499786376953,93.6500015258789,137381
2026-07-20 14:15:00+00:00,93.63829803466797,93.64969635009766,93.61000061035156,93.61499786376953,149795
2026-07-20 14:30:00+00:00,93.65499877929688,93.66819763183594,93.62169647216797,93.63990020751953,104200
2026-07-20 14:45:00+00:00,93.63500213623047,93.66819763183594,93.62000274658203,93.65499877929688,97116
2026-07-20 15:00:00+00:00,93.5999984741211,93.6449966430664,93.59500122070312,93.62999725341797,183298
2026-07-20 15:15:00+00:00,93.58989715576172,93.60810089111328,93.58180236816406,93.6050033569336,142762
2026-07-20 15:30:00+00:00,93.54989624023438,93.5958023071289,93.54010009765625,93.58499908447266,61002
2026-07-20 15:45:00+00:00,93.5541000366211,93.55999755859375,93.52999877929688,93.54499816894531,58233
2026-07-20 16:00:00+00:00,93.53500366210938,93.55999755859375,93.53500366210938,93.55989837646484,107332
2026-07-20 16:15:00+00:00,93.51000213623047,93.53500366210938,93.48999786376953,93.53500366210938,78423
2026-07-20 16:30:00+00:00,93.48500061035156,93.5199966430664,93.44499969482422,93.51000213623047,323977
2026-07-20 16:45:00+00:00,93.4749984741211,93.49500274658203,93.47000122070312,93.4800033569336,77775
2026-07-20 17:00:00+00:00,93.46499633789062,93.48500061035156,93.45999908447266,93.47979736328125,84262
2026-07-20 17:15:00+00:00,93.49500274658203,93.5,93.45999908447266,93.46499633789062,92376
2026-07-20 17:30:00+00:00,93.48989868164062,93.5,93.4800033569336,93.49500274658203,72059
2026-07-20 17:45:00+00:00,93.51000213623047,93.51000213623047,93.48500061035156,93.48500061035156,115317
2026-07-20 18:00:00+00:00,93.51000213623047,93.51599884033203,93.5000991821289,93.50499725341797,121718
2026-07-20 18:15:00+00:00,93.5250015258789,93.52989959716797,93.51000213623047,93.51499938964844,87756
2026-07-20 18:30:00+00:00,93.51010131835938,93.52999877929688,93.5000991821289,93.52010345458984,64959
2026-07-20 18:45:00+00:00,93.51000213623047,93.5199966430664,93.5000991821289,93.51010131835938,59810
2026-07-20 19:00:00+00:00,93.5250015258789,93.54000091552734,93.51010131835938,93.5199966430664,59193
2026-07-20 19:15:00+00:00,93.56500244140625,93.57499694824219,93.5199966430664,93.5199966430664,327769
2026-07-20 19:30:00+00:00,93.54499816894531,93.56999969482422,93.54000091552734,93.56430053710938,108206
2026-07-20 19:45:00+00:00,93.54499816894531,93.55000305175781,93.52999877929688,93.54830169677734,394537
2026-07-21 13:30:00+00:00,93.2699966430664,93.41000366210938,93.25499725341797,93.4000015258789,276418
2026-07-21 13:45:00+00:00,93.30999755859375,93.30999755859375,93.26499938964844,93.26499938964844,129372
2026-07-21 14:00:00+00:00,93.3550033569336,93.3550033569336,93.30010223388672,93.30500030517578,65629
2026-07-21 14:15:00+00:00,93.33499908447266,93.37000274658203,93.33000183105469,93.3550033569336,77892
2026-07-21 14:30:00+00:00,93.34500122070312,93.34960174560547,93.3134994506836,93.33480072021484,77771
2026-07-21 14:45:00+00:00,93.34500122070312,93.38500213623047,93.33999633789062,93.34989929199219,78124
2026-07-21 15:00:00+00:00,93.36969757080078,93.36969757080078,93.33999633789062,93.3499984741211,73205
2026-07-21 15:15:00+00:00,93.38500213623047,93.41500091552734,93.37000274658203,93.37000274658203,123673
2026-07-21 15:30:00+00:00,93.33499908447266,93.38999938964844,93.33000183105469,93.37999725341797,91508
2026-07-21 15:45:00+00:00,93.33499908447266,93.34500122070312,93.32499694824219,93.33499908447266,68618
2026-07-21 16:00:00+00:00,93.33999633789062,93.3499984741211,93.32489776611328,93.33489990234375,53208
2026-07-21 16:15:00+00:00,93.3219985961914,93.33999633789062,93.31009674072266,93.33489990234375,57602
2026-07-21 16:30:00+00:00,93.30500030517578,93.32499694824219,93.29499816894531,93.32499694824219,30854
2026-07-21 16:45:00+00:00,93.32009887695312,93.3499984741211,93.30490112304688,93.30490112304688,78026
2026-07-21 17:00:00+00:00,93.33000183105469,93.33270263671875,93.31999969482422,93.33000183105469,21158
2026-07-21 17:15:00+00:00,93.3333969116211,93.33999633789062,93.31390380859375,93.31999969482422,88157
2026-07-21 17:30:00+00:00,93.30500030517578,93.33999633789062,93.30010223388672,93.33999633789062,48456
2026-07-21 17:45:00+00:00,93.30500030517578,93.30999755859375,93.29000091552734,93.30570220947266,57187
2026-07-21 18:00:00+00:00,93.30500030517578,93.3102035522461,93.28500366210938,93.30500030517578,49677
2026-07-21 18:15:00+00:00,93.30999755859375,93.30999755859375,93.29199981689453,93.30220031738281,43137
2026-07-21 18:30:00+00:00,93.30999755859375,93.31809997558594,93.28009796142578,93.30500030517578,54682
2026-07-21 18:45:00+00:00,93.33000183105469,93.33000183105469,93.30999755859375,93.31500244140625,104496
2026-07-21 19:00:00+00:00,93.3062973022461,93.32929992675781,93.29499816894531,93.32499694824219,112923
2026-07-21 19:15:00+00:00,93.3218994140625,93.3499984741211,93.30000305175781,93.30500030517578,130993
2026-07-21 19:30:00+00:00,93.32499694824219,93.33000183105469,93.30999755859375,93.32499694824219,108594
2026-07-21 19:45:00+00:00,93.31500244140625,93.33000183105469,93.30500030517578,93.32499694824219,445445
2026-07-22 13:30:00+00:00,93.2301025390625,93.28600311279297,93.2300033569336,93.27999877929688,263094
2026-07-22 13:45:00+00:00,93.23999786376953,93.26000213623047,93.22000122070312,93.2300033569336,248284
2026-07-22 14:00:00+00:00,93.17500305175781,93.25,93.17500305175781,93.24829864501953,136460
2026-07-22 14:15:00+00:00,93.11499786376953,93.17720031738281,93.11000061035156,93.16999816894531,152867
2026-07-22 14:30:00+00:00,93.13500213623047,93.13849639892578,93.10859680175781,93.11499786376953,105325
2026-07-22 14:45:00+00:00,93.1500015258789,93.16000366210938,93.13009643554688,93.13999938964844,90418
2026-07-22 15:00:00+00:00,93.16000366210938,93.16000366210938,93.13179779052734,93.15499877929688,116671
2026-07-22 15:15:00+00:00,93.15499877929688,93.16500091552734,93.1449966430664,93.15499877929688,73088
2026-07-22 15:30:00+00:00,93.20500183105469,93.20989990234375,93.15010070800781,93.15499877929688,68126
2026-07-22 15:45:00+00:00,93.20549774169922,93.2396011352539,93.19999694824219,93.20989990234375,69636
2026-07-22 16:00:00+00:00,93.18499755859375,93.22000122070312,93.18000030517578,93.20500183105469,186281
2026-07-22 16:15:00+00:00,93.15499877929688,93.18009948730469,93.13999938964844,93.18009948730469,55561
2026-07-22 16:30:00+00:00,93.1801986694336,93.19000244140625,93.15440368652344,93.15499877929688,51945
2026-07-22 16:45:00+00:00,93.18499755859375,93.19999694824219,93.16999816894531,93.18000030517578,49303
2026-07-22 17:00:00+00:00,93.16000366210938,93.20989990234375,93.1500015258789,93.18499755859375,96026
2026-07-22 17:15:00+00:00,93.15989685058594,93.16629791259766,93.13999938964844,93.15840148925781,71882
2026-07-22 17:30:00+00:00,93.15499877929688,93.16000366210938,93.12999725341797,93.15029907226562,60356
2026-07-22 17:45:00+00:00,93.1449966430664,93.16000366210938,93.13999938964844,93.15029907226562,138150
2026-07-22 18:00:00+00:00,93.1449966430664,93.1500015258789,93.12999725341797,93.13999938964844,50401
2026-07-22 18:15:00+00:00,93.1520004272461,93.15499877929688,93.13999938964844,93.1449966430664,47389
2026-07-22 18:30:00+00:00,93.1500015258789,93.16000366210938,93.13999938964844,93.15499877929688,78454
2026-07-22 18:45:00+00:00,93.13999938964844,93.16000366210938,93.13999938964844,93.1500015258789,139186
2026-07-22 19:00:00+00:00,93.1050033569336,93.13970184326172,93.1050033569336,93.13009643554688,89739
2026-07-22 19:15:00+00:00,93.09500122070312,93.1050033569336,93.08000183105469,93.0999984741211,171870
2026-07-22 19:30:00+00:00,93.08499908447266,93.0999984741211,93.08000183105469,93.08999633789062,174130
2026-07-22 19:45:00+00:00,93.09500122070312,93.11000061035156,93.08499908447266,93.08499908447266,449360
2026-07-23 13:30:00+00:00,92.80999755859375,92.84809875488281,92.80000305175781,92.80999755859375,263523
2026-07-23 13:45:00+00:00,92.80500030517578,92.84989929199219,92.80000305175781,92.80999755859375,264607
2026-07-23 14:00:00+00:00,92.81500244140625,92.81999969482422,92.76190185546875,92.80500030517578,252037
2026-07-23 14:15:00+00:00,92.80999755859375,92.83999633789062,92.80010223388672,92.81500244140625,220268
2026-07-23 14:30:00+00:00,92.81749725341797,92.83999633789062,92.79000091552734,92.80500030517578,536148
2026-07-23 14:45:00+00:00,92.79000091552734,92.81999969482422,92.76499938964844,92.81999969482422,110419
2026-07-23 15:00:00+00:00,92.80999755859375,92.81500244140625,92.78170013427734,92.79979705810547,254367
2026-07-23 15:15:00+00:00,92.81999969482422,92.83000183105469,92.77999877929688,92.80500030517578,352578
2026-07-23 15:30:00+00:00,92.84329986572266,92.8572006225586,92.78500366210938,92.80999755859375,201387
2026-07-23 15:45:00+00:00,92.86499786376953,92.86650085449219,92.83499908447266,92.8499984741211,97342
2026-07-23 16:00:00+00:00,92.87000274658203,92.8759994506836,92.84010314941406,92.87000274658203,157216
2026-07-23 16:15:00+00:00,92.87999725341797,92.87999725341797,92.83499908447266,92.86499786376953,204162
2026-07-23 16:30:00+00:00,92.9000015258789,92.9000015258789,92.87999725341797,92.88500213623047,121210
2026-07-23 16:45:00+00:00,92.8949966430664,92.9000015258789,92.875,92.8949966430664,66238
2026-07-23 17:00:00+00:00,92.8550033569336,92.9000015258789,92.84500122070312,92.8949966430664,87081
2026-07-23 17:15:00+00:00,92.87000274658203,92.87000274658203,92.8499984741211,92.8499984741211,69266
2026-07-23 17:30:00+00:00,92.84359741210938,92.87000274658203,92.83000183105469,92.86499786376953,60313
2026-07-23 17:45:00+00:00,92.81169891357422,92.8499984741211,92.80999755859375,92.84010314941406,69604
2026-07-23 18:00:00+00:00,92.83499908447266,92.83820343017578,92.81500244140625,92.81500244140625,54668
2026-07-23 18:15:00+00:00,92.86499786376953,92.86499786376953,92.8323974609375,92.83499908447266,71738
2026-07-23 18:30:00+00:00,92.83499908447266,92.8865966796875,92.8301010131836,92.86499786376953,73619
2026-07-23 18:45:00+00:00,92.83499908447266,92.83999633789062,92.81999969482422,92.83999633789062,120638
2026-07-23 19:00:00+00:00,92.84500122070312,92.8550033569336,92.83499908447266,92.83999633789062,151302
2026-07-23 19:15:00+00:00,92.84500122070312,92.84989929199219,92.81999969482422,92.84500122070312,104536
2026-07-23 19:30:00+00:00,92.8550033569336,92.87999725341797,92.84950256347656,92.84950256347656,137473
2026-07-23 19:45:00+00:00,92.8550033569336,92.87000274658203,92.83999633789062,92.8550033569336,593395
2026-07-24 13:30:00+00:00,92.9800033569336,92.99500274658203,92.97000122070312,92.97000122070312,126122
2026-07-24 13:45:00+00:00,93.08999633789062,93.08999633789062,92.94000244140625,92.98500061035156,450683
2026-07-24 14:00:00+00:00,93.08999633789062,93.11000061035156,93.08000183105469,93.08999633789062,159612
2026-07-24 14:15:00+00:00,93.11499786376953,93.12200164794922,93.09500122070312,93.0999984741211,120531
2026-07-24 14:30:00+00:00,93.09500122070312,93.12000274658203,93.08999633789062,93.11000061035156,84383
2026-07-24 14:45:00+00:00,93.05999755859375,93.11000061035156,93.05180358886719,93.09500122070312,178812
2026-07-24 15:00:00+00:00,93.16999816894531,93.16999816894531,93.05500030517578,93.05999755859375,216088
2026-07-24 15:15:00+00:00,93.19000244140625,93.20999908447266,93.15499877929688,93.16000366210938,315637
2026-07-24 15:30:00+00:00,93.18499755859375,93.21749877929688,93.17500305175781,93.19000244140625,99732
2026-07-24 15:45:00+00:00,93.17500305175781,93.19000244140625,93.16500091552734,93.18499755859375,84483
2026-07-24 16:00:00+00:00,93.1875,93.19000244140625,93.16290283203125,93.17500305175781,110259
2026-07-24 16:15:00+00:00,93.18000030517578,93.19999694824219,93.16000366210938,93.19000244140625,58232
2026-07-24 16:30:00+00:00,93.13500213623047,93.18000030517578,93.12999725341797,93.18000030517578,141233
2026-07-24 16:45:00+00:00,93.12000274658203,93.1449966430664,93.12000274658203,93.13500213623047,69473
2026-07-24 17:00:00+00:00,93.1050033569336,93.12999725341797,93.0999984741211,93.125,145315
2026-07-24 17:15:00+00:00,93.06500244140625,93.10749816894531,93.05999755859375,93.1050033569336,84420
2026-07-24 17:30:00+00:00,93.0374984741211,93.06999969482422,93.02999877929688,93.06500244140625,73567
2026-07-24 17:45:00+00:00,93.04499816894531,93.05000305175781,93.0199966430664,93.0374984741211,154175
2026-07-24 18:00:00+00:00,93.04499816894531,93.05999755859375,93.03160095214844,93.05000305175781,84163
2026-07-24 18:15:00+00:00,93.04499816894531,93.05999755859375,93.04000091552734,93.05000305175781,200368
2026-07-24 18:30:00+00:00,93.0250015258789,93.05000305175781,93.0199966430664,93.04750061035156,88550
2026-07-24 18:45:00+00:00,93.04000091552734,93.04000091552734,93.01000213623047,93.0250015258789,465680
2026-07-24 19:00:00+00:00,93.05999755859375,93.05999755859375,93.04000091552734,93.04000091552734,115352
2026-07-24 19:15:00+00:00,93.04499816894531,93.05999755859375,93.04000091552734,93.05999755859375,128282
2026-07-24 19:30:00+00:00,93.05500030517578,93.05999755859375,93.0199966430664,93.04660034179688,486789
2026-07-24 19:45:00+00:00,93.0250015258789,93.05999755859375,93.0199966430664,93.05500030517578,613734
2026-07-27 13:30:00+00:00,93.23999786376953,93.25,93.18499755859375,93.20500183105469,239466
2026-07-27 13:45:00+00:00,93.1500015258789,93.24929809570312,93.1500015258789,93.2405014038086,118077
2026-07-27 14:00:00+00:00,93.2300033569336,93.23819732666016,93.13500213623047,93.13500213623047,70610
2026-07-27 14:15:00+00:00,93.18000030517578,93.23999786376953,93.18000030517578,93.23500061035156,53001
2026-07-27 14:30:00+00:00,93.20999908447266,93.22989654541016,93.18000030517578,93.18000030517578,140919
2026-07-27 14:45:00+00:00,93.18000030517578,93.21499633789062,93.15499877929688,93.20999908447266,104045
2026-07-27 15:00:00+00:00,93.20960235595703,93.20999908447266,93.16999816894531,93.18000030517578,50662
2026-07-27 15:15:00+00:00,93.2780990600586,93.29000091552734,93.20999908447266,93.20999908447266,72826
2026-07-27 15:30:00+00:00,93.2750015258789,93.29000091552734,93.26010131835938,93.2750015258789,189236
2026-07-27 15:45:00+00:00,93.260498046875,93.28500366210938,93.260498046875,93.27999877929688,76109
2026-07-27 16:00:00+00:00,93.24500274658203,93.28500366210938,93.24199676513672,93.26499938964844,48499
2026-07-27 16:15:00+00:00,93.31999969482422,93.32499694824219,93.25,93.25,125032
2026-07-27 16:30:00+00:00,93.32499694824219,93.3499984741211,93.30999755859375,93.31500244140625,103021
2026-07-27 16:45:00+00:00,93.2750015258789,93.33000183105469,93.26499938964844,93.31999969482422,68524
2026-07-27 17:00:00+00:00,93.25499725341797,93.28500366210938,93.23999786376953,93.2760009765625,138952
2026-07-27 17:15:00+00:00,93.25499725341797,93.26499938964844,93.23999786376953,93.25499725341797,137388
2026-07-27 17:30:00+00:00,93.23999786376953,93.27510070800781,93.2300033569336,93.25199890136719,46880
2026-07-27 17:45:00+00:00,93.25,93.26000213623047,93.22000122070312,93.23030090332031,384136
2026-07-27 18:00:00+00:00,93.27629852294922,93.27629852294922,93.25,93.25499725341797,49613
2026-07-27 18:15:00+00:00,93.26499938964844,93.27649688720703,93.2500991821289,93.2750015258789,58458
2026-07-27 18:30:00+00:00,93.2750015258789,93.30000305175781,93.25,93.26499938964844,419807
2026-07-27 18:45:00+00:00,93.29499816894531,93.30000305175781,93.2699966430664,93.27999877929688,50649
2026-07-27 19:00:00+00:00,93.2750015258789,93.29499816894531,93.2699966430664,93.29499816894531,72462
2026-07-27 19:15:00+00:00,93.26499938964844,93.27790069580078,93.25,93.27040100097656,167543
2026-07-27 19:30:00+00:00,93.29000091552734,93.29000091552734,93.26000213623047,93.26499938964844,331082
2026-07-27 19:45:00+00:00,93.26000213623047,93.30999755859375,93.26000213623047,93.29000091552734,299674
2026-07-28 13:30:00+00:00,93.40499877929688,93.40499877929688,93.37000274658203,93.37999725341797,158773
2026-07-28 13:45:00+00:00,93.45010375976562,93.4749984741211,93.3949966430664,93.40499877929688,148419
2026-07-28 14:00:00+00:00,93.4749984741211,93.4749984741211,93.44000244140625,93.4614028930664,84662
2026-07-28 14:15:00+00:00,93.44940185546875,93.49009704589844,93.44020080566406,93.4800033569336,176870
2026-07-28 14:30:00+00:00,93.46499633789062,93.4749984741211,93.44499969482422,93.44999694824219,98906
2026-07-28 14:45:00+00:00,93.45159912109375,93.4656982421875,93.44010162353516,93.46499633789062,52250
2026-07-28 15:00:00+00:00,93.56999969482422,93.56999969482422,93.45960235595703,93.45999908447266,190222
2026-07-28 15:15:00+00:00,93.61209869384766,93.63500213623047,93.56009674072266,93.56999969482422,139164
2026-07-28 15:30:00+00:00,93.61499786376953,93.625,93.59030151367188,93.61000061035156,104187
2026-07-28 15:45:00+00:00,93.6449966430664,93.64810180664062,93.61000061035156,93.61499786376953,69776
2026-07-28 16:00:00+00:00,93.64009857177734,93.6500015258789,93.62000274658203,93.6449966430664,54313
2026-07-28 16:15:00+00:00,93.64219665527344,93.66000366210938,93.63500213623047,93.64219665527344,45338
2026-07-28 16:30:00+00:00,93.60990142822266,93.63990020751953,93.6050033569336,93.625,105035
2026-07-28 16:45:00+00:00,93.58499908447266,93.6050033569336,93.56999969482422,93.6050033569336,174250
2026-07-28 17:00:00+00:00,93.56500244140625,93.60759735107422,93.55000305175781,93.58049774169922,72323
2026-07-28 17:15:00+00:00,93.55500030517578,93.5999984741211,93.55010223388672,93.56500244140625,122506
2026-07-28 17:30:00+00:00,93.55999755859375,93.56999969482422,93.55000305175781,93.55500030517578,26830
2026-07-28 17:45:00+00:00,93.55500030517578,93.56829833984375,93.54000091552734,93.55999755859375,57109
2026-07-28 18:00:00+00:00,93.55000305175781,93.55999755859375,93.54499816894531,93.5530014038086,94630
2026-07-28 18:15:00+00:00,93.54499816894531,93.55999755859375,93.54000091552734,93.55000305175781,77000
2026-07-28 18:30:00+00:00,93.54499816894531,93.55000305175781,93.54000091552734,93.54499816894531,47576
2026-07-28 18:45:00+00:00,93.53500366210938,93.54499816894531,93.52999877929688,93.54000091552734,38073
2026-07-28 19:00:00+00:00,93.55500030517578,93.55999755859375,93.53500366210938,93.53500366210938,42864
2026-07-28 19:15:00+00:00,93.54000091552734,93.56999969482422,93.54000091552734,93.55500030517578,81266
2026-07-28 19:30:00+00:00,93.54499816894531,93.55000305175781,93.52999877929688,93.54499816894531,102626
2026-07-28 19:45:00+00:00,93.55999755859375,93.55999755859375,93.54000091552734,93.54830169677734,482801
2026-07-29 13:30:00+00:00,93.3949966430664,93.41999816894531,93.38009643554688,93.4000015258789,154035
2026-07-29 13:45:00+00:00,93.40499877929688,93.41500091552734,93.38999938964844,93.3905029296875,104812
2026-07-29 14:00:00+00:00,93.38909912109375,93.41999816894531,93.37010192871094,93.40249633789062,128565
2026-07-29 14:15:00+00:00,93.38500213623047,93.3949966430664,93.37000274658203,93.38500213623047,84452
2026-07-29 14:30:00+00:00,93.32499694824219,93.37999725341797,93.31500244140625,93.37999725341797,80672
2026-07-29 14:45:00+00:00,93.28009796142578,93.32499694824219,93.28009796142578,93.32499694824219,73072
2026-07-29 15:00:00+00:00,93.33000183105469,93.34500122070312,93.28500366210938,93.29000091552734,119158
2026-07-29 15:15:00+00:00,93.30500030517578,93.33000183105469,93.30000305175781,93.33000183105469,59195
2026-07-29 15:30:00+00:00,93.26499938964844,93.31990051269531,93.25499725341797,93.30500030517578,59995
2026-07-29 15:45:00+00:00,93.25910186767578,93.27999877929688,93.25,93.26499938964844,55721
2026-07-29 16:00:00+00:00,93.23999786376953,93.26000213623047,93.22000122070312,93.26000213623047,72256
2026-07-29 16:15:00+00:00,93.2300033569336,93.23500061035156,93.19999694824219,93.2300033569336,118365
2026-07-29 16:30:00+00:00,93.23500061035156,93.24909973144531,93.2300033569336,93.2300033569336,126905
2026-07-29 16:45:00+00:00,93.23500061035156,93.23909759521484,93.22000122070312,93.2300033569336,254231
2026-07-29 17:00:00+00:00,93.24500274658203,93.24929809570312,93.2249984741211,93.23500061035156,130690
2026-07-29 17:15:00+00:00,93.25499725341797,93.25910186767578,93.23999786376953,93.24500274658203,131825
2026-07-29 17:30:00+00:00,93.30000305175781,93.3062973022461,93.25499725341797,93.25499725341797,130417
2026-07-29 17:45:00+00:00,93.31999969482422,93.33000183105469,93.29000091552734,93.30000305175781,90332
2026-07-29 18:00:00+00:00,93.36499786376953,93.47000122070312,93.29000091552734,93.31999969482422,908051
2026-07-29 18:15:00+00:00,93.34500122070312,93.38009643554688,93.2750015258789,93.37000274658203,85882
2026-07-29 18:30:00+00:00,93.43990325927734,93.45500183105469,93.25,93.3550033569336,201547
2026-07-29 18:45:00+00:00,93.46980285644531,93.52999877929688,93.43499755859375,93.43499755859375,249374
2026-07-29 19:00:00+00:00,93.33499908447266,93.51000213623047,93.30500030517578,93.47000122070312,228775
2026-07-29 19:15:00+00:00,93.22000122070312,93.41000366210938,93.22000122070312,93.33499908447266,446571
2026-07-29 19:30:00+00:00,93.21499633789062,93.26000213623047,93.16500091552734,93.2249984741211,397219
2026-07-29 19:45:00+00:00,93.16000366210938,93.25,93.16000366210938,93.21499633789062,663459
2026-07-30 13:30:00+00:00,93.28679656982422,93.31500244140625,93.23999786376953,93.23999786376953,392763
2026-07-30 13:45:00+00:00,93.2249984741211,93.27999877929688,93.19999694824219,93.2708969116211,423022
2026-07-30 14:00:00+00:00,93.27989959716797,93.27989959716797,93.19999694824219,93.22000122070312,292810
2026-07-30 14:15:00+00:00,93.27999877929688,93.29910278320312,93.24009704589844,93.2750015258789,106122
2026-07-30 14:30:00+00:00,93.26390075683594,93.28500366210938,93.23999786376953,93.2699966430664,105541
2026-07-30 14:45:00+00:00,93.19000244140625,93.2699966430664,93.1708984375,93.2699966430664,115733
2026-07-30 15:00:00+00:00,93.12999725341797,93.19000244140625,93.125,93.19000244140625,124973
2026-07-30 15:15:00+00:00,93.19999694824219,93.20899963378906,93.11499786376953,93.125,145515
2026-07-30 15:30:00+00:00,93.2301025390625,93.23500061035156,93.19000244140625,93.19499969482422,60532
2026-07-30 15:45:00+00:00,93.26000213623047,93.26000213623047,93.22010040283203,93.23500061035156,83462
2026-07-30 16:00:00+00:00,93.25499725341797,93.26969909667969,93.23090362548828,93.26969909667969,70185
2026-07-30 16:15:00+00:00,93.27989959716797,93.28500366210938,93.2500991821289,93.25499725341797,58847
2026-07-30 16:30:00+00:00,93.25499725341797,93.27999877929688,93.25,93.27999877929688,47125
2026-07-30 16:45:00+00:00,93.2750015258789,93.27770233154297,93.26000213623047,93.26000213623047,29360
2026-07-30 17:00:00+00:00,93.24500274658203,93.2699966430664,93.23999786376953,93.2699966430664,74730
2026-07-30 17:15:00+00:00,93.2249984741211,93.2499008178711,93.22000122070312,93.23999786376953,45883
2026-07-30 17:30:00+00:00,93.19999694824219,93.24909973144531,93.18499755859375,93.22010040283203,118258
2026-07-30 17:45:00+00:00,93.19499969482422,93.20909881591797,93.18499755859375,93.19000244140625,86940
2026-07-30 18:00:00+00:00,93.21499633789062,93.21499633789062,93.17500305175781,93.19000244140625,294986
2026-07-30 18:15:00+00:00,93.21440124511719,93.21990203857422,93.19999694824219,93.21009826660156,74779
2026-07-30 18:30:00+00:00,93.21099853515625,93.2300033569336,93.20999908447266,93.21499633789062,74127
2026-07-30 18:45:00+00:00,93.23500061035156,93.23909759521484,93.20999908447266,93.20999908447266,107118
2026-07-30 19:00:00+00:00,93.20500183105469,93.26000213623047,93.19090270996094,93.23999786376953,134431
2026-07-30 19:15:00+00:00,93.18990325927734,93.20500183105469,93.18000030517578,93.19999694824219,100526
2026-07-30 19:30:00+00:00,93.21499633789062,93.22000122070312,93.18000030517578,93.18499755859375,99834
2026-07-30 19:45:00+00:00,93.21199798583984,93.22989654541016,93.20500183105469,93.20999908447266,394125
2026-07-31 13:30:00+00:00,92.81999969482422,92.9800033569336,92.79499816894531,92.97000122070312,914541
2026-07-31 13:45:00+00:00,92.80000305175781,92.84500122070312,92.7750015258789,92.82099914550781,141691
2026-07-31 14:00:00+00:00,92.83499908447266,92.8550033569336,92.79499816894531,92.79499816894531,327729
2026-07-31 14:15:00+00:00,92.875,92.88999938964844,92.83080291748047,92.83999633789062,93514
2026-07-31 14:30:00+00:00,92.86000061035156,92.88500213623047,92.84500122070312,92.88500213623047,144030
2026-07-31 14:45:00+00:00,92.82499694824219,92.87989807128906,92.81500244140625,92.86499786376953,127032
2026-07-31 15:00:00+00:00,92.84089660644531,92.84500122070312,92.80000305175781,92.8207015991211,215385
2026-07-31 15:15:00+00:00,92.80000305175781,92.86499786376953,92.78079986572266,92.84500122070312,111081
2026-07-31 15:30:00+00:00,92.80000305175781,92.80999755859375,92.78500366210938,92.80000305175781,74046
2026-07-31 15:45:00+00:00,92.80000305175781,92.80989837646484,92.78109741210938,92.79989624023438,566234
2026-07-31 16:00:00+00:00,92.81500244140625,92.81990051269531,92.77999877929688,92.79000091552734,517608
2026-07-31 16:15:00+00:00,92.7750015258789,92.81590270996094,92.76000213623047,92.81590270996094,132817
2026-07-31 16:30:00+00:00,92.77999877929688,92.78980255126953,92.7699966430664,92.77069854736328,1006155
2026-07-31 16:45:00+00:00,92.79399871826172,92.80000305175781,92.7750015258789,92.7750015258789,230473
2026-07-31 17:00:00+00:00,92.78500366210938,92.79499816894531,92.7750015258789,92.79499816894531,79669
2026-07-31 17:15:00+00:00,92.78910064697266,92.80000305175781,92.77999877929688,92.78500366210938,329036
2026-07-31 17:30:00+00:00,92.74009704589844,92.79000091552734,92.73999786376953,92.78500366210938,180964
2026-07-31 17:45:00+00:00,92.75499725341797,92.75499725341797,92.7300033569336,92.74500274658203,137804
2026-07-31 18:00:00+00:00,92.74500274658203,92.7699966430664,92.73999786376953,92.76000213623047,158291
2026-07-31 18:15:00+00:00,92.76499938964844,92.7699966430664,92.7300033569336,92.74500274658203,108996
2026-07-31 18:30:00+00:00,92.76499938964844,92.7699966430664,92.75090026855469,92.76499938964844,94964
2026-07-31 18:45:00+00:00,92.74500274658203,92.7699966430664,92.7300033569336,92.76499938964844,206155
2026-07-31 19:00:00+00:00,92.7509994506836,92.76000213623047,92.7311019897461,92.74500274658203,96289
2026-07-31 19:15:00+00:00,92.79499816894531,92.80000305175781,92.75,92.75499725341797,428733
2026-07-31 19:30:00+00:00,92.875,92.875,92.78109741210938,92.79049682617188,552725
2026-07-31 19:45:00+00:00,92.95500183105469,92.95999908447266,92.8499984741211,92.87000274658203,1012981
2026-08-03 13:30:00+00:00,92.7750015258789,92.80999755859375,92.76499938964844,92.77999877929688,282763
2026-08-03 13:45:00+00:00,92.76000213623047,92.80000305175781,92.75499725341797,92.779296875,472354
2026-08-03 14:00:00+00:00,92.82499694824219,92.82990264892578,92.69000244140625,92.76000213623047,251372
2026-08-03 14:15:00+00:00,92.83499908447266,92.83999633789062,92.81099700927734,92.82099914550781,81964
2026-08-03 14:30:00+00:00,92.81500244140625,92.83999633789062,92.80999755859375,92.83989715576172,72819
2026-08-03 14:45:00+00:00,92.81500244140625,92.82499694824219,92.80500030517578,92.81500244140625,219200
2026-08-03 15:00:00+00:00,92.79499816894531,92.8291015625,92.7699966430664,92.81500244140625,554266
2026-08-03 15:15:00+00:00,92.78500366210938,92.82499694824219,92.77999877929688,92.80000305175781,292338
2026-08-03 15:30:00+00:00,92.83499908447266,92.87000274658203,92.78079986572266,92.78079986572266,207660
2026-08-03 15:45:00+00:00,92.79499816894531,92.84989929199219,92.78009796142578,92.8301010131836,102859
2026-08-03 16:00:00+00:00,92.78500366210938,92.80999755859375,92.77999877929688,92.79000091552734,76498
2026-08-03 16:15:00+00:00,92.80500030517578,92.80500030517578,92.7750015258789,92.78500366210938,123506
2026-08-03 16:30:00+00:00,92.78500366210938,92.80999755859375,92.76499938964844,92.80439758300781,129344
2026-08-03 16:45:00+00:00,92.79000091552734,92.80999755859375,92.7750015258789,92.78500366210938,226830
2026-08-03 17:00:00+00:00,92.78500366210938,92.80000305175781,92.78009796142578,92.79000091552734,100425
2026-08-03 17:15:00+00:00,92.80899810791016,92.80989837646484,92.78009796142578,92.78500366210938,75320
2026-08-03 17:30:00+00:00,92.81500244140625,92.81999969482422,92.79000091552734,92.80500030517578,89032
2026-08-03 17:45:00+00:00,92.79499816894531,92.81990051269531,92.78500366210938,92.81500244140625,98323
2026-08-03 18:00:00+00:00,92.81999969482422,92.82990264892578,92.79000091552734,92.79499816894531,121051
2026-08-03 18:15:00+00:00,92.80500030517578,92.84500122070312,92.80500030517578,92.81999969482422,87817
2026-08-03 18:30:00+00:00,92.81500244140625,92.81990051269531,92.79499816894531,92.80229949951172,154570
2026-08-03 18:45:00+00:00,92.82499694824219,92.83989715576172,92.81009674072266,92.81500244140625,215606
2026-08-03 19:00:00+00:00,92.8208999633789,92.83000183105469,92.80999755859375,92.82969665527344,154682
2026-08-03 19:15:00+00:00,92.81009674072266,92.83999633789062,92.80999755859375,92.8290023803711,188400
2026-08-03 19:30:00+00:00,92.81439971923828,92.81999969482422,92.80000305175781,92.81500244140625,225506
2026-08-03 19:45:00+00:00,92.81500244140625,92.81999969482422,92.79000091552734,92.80999755859375,349121
2026-08-04 13:30:00+00:00,93.16500091552734,93.18499755859375,93.13999938964844,93.1500015258789,339027
2026-08-04 13:45:00+00:00,93.16500091552734,93.18000030517578,93.15499877929688,93.16500091552734,207890
2026-08-04 14:00:00+00:00,93.13999938964844,93.16000366210938,93.13999938964844,93.16000366210938,147774
2026-08-04 14:15:00+00:00,93.1449966430664,93.15499877929688,93.13099670410156,93.1449966430664,187061
2026-08-04 14:30:00+00:00,93.13999938964844,93.17500305175781,93.11499786376953,93.13990020751953,317750
2026-08-04 14:45:00+00:00,93.12999725341797,93.13999938964844,93.12100219726562,93.13269805908203,50317
2026-08-04 15:00:00+00:00,93.12000274658203,93.13619995117188,93.10070037841797,93.12999725341797,116007
2026-08-04 15:15:00+00:00,93.13500213623047,93.13999938964844,93.12220001220703,93.125,259442
2026-08-04 15:30:00+00:00,93.20500183105469,93.22000122070312,93.13500213623047,93.13909912109375,483868
2026-08-04 15:45:00+00:00,93.22000122070312,93.23899841308594,93.20999908447266,93.20999908447266,164055
2026-08-04 16:00:00+00:00,93.21499633789062,93.2300033569336,93.19999694824219,93.2300033569336,107500
2026-08-04 16:15:00+00:00,93.24500274658203,93.26619720458984,93.21499633789062,93.21499633789062,89377
2026-08-04 16:30:00+00:00,93.20500183105469,93.23999786376953,93.19000244140625,93.23999786376953,182900
2026-08-04 16:45:00+00:00,93.21499633789062,93.22000122070312,93.19999694824219,93.20500183105469,77293
2026-08-04 17:00:00+00:00,93.2249984741211,93.2300033569336,93.21099853515625,93.22000122070312,179521
2026-08-04 17:15:00+00:00,93.19000244140625,93.2300033569336,93.18000030517578,93.2300033569336,117939
2026-08-04 17:30:00+00:00,93.2291030883789,93.2300033569336,93.19000244140625,93.19039916992188,132997
2026-08-04 17:45:00+00:00,93.19999694824219,93.2300033569336,93.19999694824219,93.2300033569336,112670
2026-08-04 18:00:00+00:00,93.20500183105469,93.20500183105469,93.19000244140625,93.19999694824219,59295
2026-08-04 18:15:00+00:00,93.19999694824219,93.20999908447266,93.19000244140625,93.20999908447266,94152
2026-08-04 18:30:00+00:00,93.20089721679688,93.20999908447266,93.19010162353516,93.19499969482422,153801
2026-08-04 18:45:00+00:00,93.22899627685547,93.23999786376953,93.20120239257812,93.20500183105469,122843
2026-08-04 19:00:00+00:00,93.25,93.26000213623047,93.220703125,93.2249984741211,151089
2026-08-04 19:15:00+00:00,93.23500061035156,93.26000213623047,93.2300033569336,93.25499725341797,312679
2026-08-04 19:30:00+00:00,93.2249984741211,93.23999786376953,93.22000122070312,93.23500061035156,231389
2026-08-04 19:45:00+00:00,93.24500274658203,93.25,93.20069885253906,93.22000122070312,548281
2026-08-05 13:30:00+00:00,93.19499969482422,93.2300033569336,93.16000366210938,93.19999694824219,247540
2026-08-05 13:45:00+00:00,93.15499877929688,93.19000244140625,93.13999938964844,93.19000244140625,222576
2026-08-05 14:00:00+00:00,93.2699966430664,93.32499694824219,93.1449966430664,93.1500015258789,304898
2026-08-05 14:15:00+00:00,93.24099731445312,93.2699966430664,93.23999786376953,93.25,207166
2026-08-05 14:30:00+00:00,93.24500274658203,93.24500274658203,93.21499633789062,93.24500274658203,80500
2026-08-05 14:45:00+00:00,93.21499633789062,93.24500274658203,93.18070220947266,93.24500274658203,75789
2026-08-05 15:00:00+00:00,93.22000122070312,93.28500366210938,93.21109771728516,93.21199798583984,107607
2026-08-05 15:15:00+00:00,93.2249984741211,93.2300033569336,93.17109680175781,93.21499633789062,125970
2026-08-05 15:30:00+00:00,93.21499633789062,93.24500274658203,93.20999908447266,93.22049713134766,140800
2026-08-05 15:45:00+00:00,93.16500091552734,93.21019744873047,93.16000366210938,93.21019744873047,127029
2026-08-05 16:00:00+00:00,93.16500091552734,93.17500305175781,93.13999938964844,93.16500091552734,131632
2026-08-05 16:15:00+00:00,93.16500091552734,93.16500091552734,93.13099670410156,93.16500091552734,40251
2026-08-05 16:30:00+00:00,93.18499755859375,93.19000244140625,93.16010284423828,93.16999816894531,80355
2026-08-05 16:45:00+00:00,93.18499755859375,93.1989974975586,93.1708984375,93.18499755859375,176500
2026-08-05 17:00:00+00:00,93.2300033569336,93.23500061035156,93.19000244140625,93.19000244140625,119318
2026-08-05 17:15:00+00:00,93.30000305175781,93.30500030517578,93.23090362548828,93.23500061035156,145646
2026-08-05 17:30:00+00:00,93.30500030517578,93.31999969482422,93.28500366210938,93.29000091552734,139124
2026-08-05 17:45:00+00:00,93.28929901123047,93.30899810791016,93.27999877929688,93.30899810791016,99111
2026-08-05 18:00:00+00:00,93.29000091552734,93.30999755859375,93.2699966430664,93.28500366210938,844676
2026-08-05 18:15:00+00:00,93.29499816894531,93.30660247802734,93.27999877929688,93.29499816894531,110701
2026-08-05 18:30:00+00:00,93.29000091552734,93.31909942626953,93.29000091552734,93.29499816894531,176270
2026-08-05 18:45:00+00:00,93.30500030517578,93.32980346679688,93.29000091552734,93.29499816894531,221733
2026-08-05 19:00:00+00:00,93.28500366210938,93.30000305175781,93.27050018310547,93.30000305175781,157300
2026-08-05 19:15:00+00:00,93.26499938964844,93.2876968383789,93.2500991821289,93.27999877929688,165576
2026-08-05 19:30:00+00:00,93.27999877929688,93.29000091552734,93.26000213623047,93.26000213623047,353041
2026-08-05 19:45:00+00:00,93.30999755859375,93.30999755859375,93.26110076904297,93.28500366210938,504137
2026-08-06 13:30:00+00:00,93.16500091552734,93.18499755859375,93.1500015258789,93.1500015258789,1333576
2026-08-06 13:45:00+00:00,93.16000366210938,93.18499755859375,93.13999938964844,93.16500091552734,55840
2026-08-06 14:00:00+00:00,93.13009643554688,93.1792984008789,93.11019897460938,93.16999816894531,217896
2026-08-06 14:15:00+00:00,93.13500213623047,93.14910125732422,93.12999725341797,93.13500213623047,62320
2026-08-06 14:30:00+00:00,93.1449966430664,93.15989685058594,93.12999725341797,93.13999938964844,74262
2026-08-06 14:45:00+00:00,93.10009765625,93.14990234375,93.0999984741211,93.1449966430664,181597
2026-08-06 15:00:00+00:00,93.09500122070312,93.11499786376953,93.0802001953125,93.1050033569336,63561
2026-08-06 15:15:00+00:00,93.05010223388672,93.09500122070312,93.03089904785156,93.09500122070312,48590
2026-08-06 15:30:00+00:00,93.0250015258789,93.05960083007812,93.02020263671875,93.05500030517578,53690
2026-08-06 15:45:00+00:00,92.97370147705078,93.04000091552734,92.94999694824219,93.0250015258789,110496
2026-08-06 16:00:00+00:00,92.93499755859375,92.97949981689453,92.93000030517578,92.9749984741211,57600
2026-08-06 16:15:00+00:00,92.94000244140625,92.94000244140625,92.91000366210938,92.93499755859375,131977
2026-08-06 16:30:00+00:00,92.93910217285156,92.95500183105469,92.93000030517578,92.94000244140625,69083
2026-08-06 16:45:00+00:00,92.94499969482422,92.94629669189453,92.93000030517578,92.93009948730469,30006
2026-08-06 17:00:00+00:00,92.96099853515625,92.97509765625,92.94499969482422,92.94499969482422,67512
2026-08-06 17:15:00+00:00,92.96499633789062,92.97899627685547,92.95999908447266,92.96499633789062,51783
2026-08-06 17:30:00+00:00,92.94499969482422,92.96649932861328,92.94000244140625,92.96499633789062,45129
2026-08-06 17:45:00+00:00,92.94090270996094,92.94930267333984,92.93000030517578,92.94930267333984,49382
2026-08-06 18:00:00+00:00,92.93499755859375,92.95999908447266,92.93499755859375,92.94499969482422,50639
2026-08-06 18:15:00+00:00,92.93000030517578,92.94000244140625,92.93000030517578,92.93499755859375,48669
2026-08-06 18:30:00+00:00,92.93000030517578,92.94000244140625,92.93000030517578,92.93000030517578,77923
2026-08-06 18:45:00+00:00,92.94499969482422,92.94999694824219,92.93000030517578,92.93499755859375,84186
2026-08-06 19:00:00+00:00,92.97000122070312,92.9800033569336,92.94999694824219,92.94999694824219,112696
2026-08-06 19:15:00+00:00,92.91500091552734,92.9800033569336,92.91500091552734,92.97000122070312,224874
2026-08-06 19:30:00+00:00,92.93499755859375,92.94000244140625,92.90499877929688,92.91500091552734,112667
2026-08-06 19:45:00+00:00,92.9749984741211,92.9800033569336,92.93009948730469,92.93499755859375,756338
2026-08-07 13:30:00+00:00,93.30999755859375,93.31999969482422,93.26499938964844,93.29000091552734,528543
2026-08-07 13:45:00+00:00,93.2249984741211,93.31500244140625,93.2249984741211,93.30999755859375,656128
2026-08-07 14:00:00+00:00,93.18000030517578,93.23500061035156,93.15499877929688,93.2300033569336,688492
2026-08-07 14:15:00+00:00,93.18499755859375,93.2249984741211,93.16999816894531,93.18000030517578,724968
2026-08-07 14:30:00+00:00,93.16500091552734,93.19989776611328,93.16500091552734,93.17559814453125,417812
2026-08-07 14:45:00+00:00,93.12000274658203,93.16999816894531,93.12000274658203,93.16929626464844,517346
2026-08-07 15:00:00+00:00,93.12000274658203,93.12999725341797,93.09500122070312,93.12999725341797,746268
2026-08-07 15:15:00+00:00,93.125,93.12999725341797,93.11000061035156,93.12000274658203,570876
2026-08-07 15:30:00+00:00,93.125,93.16000366210938,93.11000061035156,93.125,764317
2026-08-07 15:45:00+00:00,93.09500122070312,93.12999725341797,93.08999633789062,93.12999725341797,271696
2026-08-07 16:00:00+00:00,93.1050033569336,93.11000061035156,93.08000183105469,93.08999633789062,426792
2026-08-07 16:15:00+00:00,93.09500122070312,93.13500213623047,93.08999633789062,93.11000061035156,153388
2026-08-07 16:30:00+00:00,93.11499786376953,93.12000274658203,93.06999969482422,93.09500122070312,133360
2026-08-07 16:45:00+00:00,93.11499786376953,93.13500213623047,93.11000061035156,93.12000274658203,130485
2026-08-07 17:00:00+00:00,93.08999633789062,93.11499786376953,93.07499694824219,93.11499786376953,138110
2026-08-07 17:15:00+00:00,93.11499786376953,93.12000274658203,93.0801010131836,93.08999633789062,408387
2026-08-07 17:30:00+00:00,93.12000274658203,93.13999938964844,93.11000061035156,93.11499786376953,147875
2026-08-07 17:45:00+00:00,93.11990356445312,93.12999725341797,93.11000061035156,93.12969970703125,132295
2026-08-07 18:00:00+00:00,93.09500122070312,93.12000274658203,93.08999633789062,93.11499786376953,149559
2026-08-07 18:15:00+00:00,93.08499908447266,93.0999984741211,93.08000183105469,93.08999633789062,424534
2026-08-07 18:30:00+00:00,93.06999969482422,93.08989715576172,93.05999755859375,93.08000183105469,264644
2026-08-07 18:45:00+00:00,93.06999969482422,93.08000183105469,93.05999755859375,93.06999969482422,1743745
2026-08-07 19:00:00+00:00,93.09500122070312,93.0999984741211,93.05999755859375,93.07499694824219,920342
2026-08-07 19:15:00+00:00,93.18499755859375,93.19000244140625,93.08999633789062,93.08999633789062,1056105
2026-08-07 19:30:00+00:00,93.18499755859375,93.19999694824219,93.16999816894531,93.18499755859375,293537
2026-08-07 19:45:00+00:00,93.16999816894531,93.19930267333984,93.1500015258789,93.18499755859375,487738
2026-08-10 13:30:00+00:00,92.91010284423828,92.9749984741211,92.91010284423828,92.94999694824219,558769
2026-08-10 13:45:00+00:00,92.875,92.91500091552734,92.84500122070312,92.91500091552734,594271
2026-08-10 14:00:00+00:00,92.88480377197266,92.8949966430664,92.87000274658203,92.875,185130
2026-08-10 14:15:00+00:00,92.8949966430664,92.89910125732422,92.87010192871094,92.88500213623047,154736
2026-08-10 14:30:00+00:00,92.8949966430664,92.91000366210938,92.88999938964844,92.9000015258789,662884
2026-08-10 14:45:00+00:00,92.9000015258789,92.9000015258789,92.88999938964844,92.8949966430664,230172
2026-08-10 15:00:00+00:00,92.86499786376953,92.8949966430664,92.84359741210938,92.8949966430664,295490
2026-08-10 15:15:00+00:00,92.86499786376953,92.87000274658203,92.8499984741211,92.86499786376953,273210
2026-08-10 15:30:00+00:00,92.83499908447266,92.86930084228516,92.8218002319336,92.86910247802734,329219
2026-08-10 15:45:00+00:00,92.86000061035156,92.86000061035156,92.81999969482422,92.83499908447266,261936
2026-08-10 16:00:00+00:00,92.86499786376953,92.87000274658203,92.8499984741211,92.8499984741211,233816
2026-08-10 16:15:00+00:00,92.86499786376953,92.87000274658203,92.8499984741211,92.86090087890625,91705
2026-08-10 16:30:00+00:00,92.80500030517578,92.86979675292969,92.80010223388672,92.86979675292969,409889
2026-08-10 16:45:00+00:00,92.802001953125,92.8093032836914,92.79000091552734,92.80500030517578,404112
2026-08-10 17:00:00+00:00,92.80500030517578,92.80989837646484,92.79010009765625,92.80500030517578,129889
2026-08-10 17:15:00+00:00,92.79989624023438,92.80899810791016,92.79010009765625,92.80500030517578,138002
2026-08-10 17:30:00+00:00,92.80500030517578,92.80999755859375,92.7947998046875,92.79499816894531,353457
2026-08-10 17:45:00+00:00,92.80000305175781,92.80500030517578,92.79000091552734,92.80069732666016,163993
2026-08-10 18:00:00+00:00,92.80449676513672,92.81999969482422,92.79399871826172,92.80000305175781,193737
2026-08-10 18:15:00+00:00,92.81990051269531,92.81999969482422,92.80000305175781,92.80000305175781,103821
2026-08-10 18:30:00+00:00,92.82499694824219,92.82990264892578,92.80999755859375,92.81500244140625,219353
2026-08-10 18:45:00+00:00,92.81089782714844,92.8290023803711,92.80000305175781,92.82499694824219,371901
2026-08-10 19:00:00+00:00,92.79499816894531,92.81999969482422,92.79000091552734,92.81500244140625,178776
2026-08-10 19:15:00+00:00,92.78990173339844,92.80000305175781,92.78109741210938,92.79109954833984,171830
2026-08-10 19:30:00+00:00,92.79000091552734,92.80000305175781,92.7699966430664,92.77999877929688,432378
2026-08-10 19:45:00+00:00,92.77999877929688,92.79000091552734,92.7699966430664,92.78500366210938,728367
2026-08-11 13:30:00+00:00,93.00499725341797,93.00499725341797,92.93099975585938,92.94999694824219,182273
2026-08-11 13:45:00+00:00,92.96499633789062,93.04499816894531,92.96099853515625,93.01499938964844,134889
2026-08-11 14:00:00+00:00,92.94989776611328,92.97000122070312,92.93499755859375,92.95999908447266,107821
2026-08-11 14:15:00+00:00,92.92500305175781,92.9490966796875,92.91500091552734,92.94499969482422,73628
2026-08-11 14:30:00+00:00,92.9291000366211,92.94989776611328,92.92500305175781,92.92500305175781,107703
2026-08-11 14:45:00+00:00,92.92500305175781,92.94999694824219,92.91500091552734,92.92500305175781,113012
2026-08-11 15:00:00+00:00,92.92500305175781,92.95989990234375,92.92500305175781,92.93000030517578,102724
2026-08-11 15:15:00+00:00,92.91999816894531,92.93000030517578,92.91000366210938,92.92500305175781,54982
2026-08-11 15:30:00+00:00,92.90499877929688,92.92990112304688,92.875,92.91000366210938,88853
2026-08-11 15:45:00+00:00,92.91500091552734,92.91909790039062,92.8949966430664,92.90499877929688,687505
2026-08-11 16:00:00+00:00,92.92500305175781,92.94999694824219,92.91500091552734,92.91500091552734,54746
2026-08-11 16:15:00+00:00,92.92009735107422,92.92990112304688,92.91000366210938,92.92990112304688,68966
2026-08-11 16:30:00+00:00,92.93499755859375,92.93990325927734,92.91069793701172,92.92500305175781,60378
2026-08-11 16:45:00+00:00,92.92500305175781,92.94000244140625,92.91500091552734,92.93499755859375,89992
2026-08-11 17:00:00+00:00,92.93900299072266,92.94989776611328,92.9208984375,92.9291000366211,69072
2026-08-11 17:15:00+00:00,92.90499877929688,92.93990325927734,92.9021987915039,92.93000030517578,126301
2026-08-11 17:30:00+00:00,92.91500091552734,92.91999816894531,92.89009857177734,92.90010070800781,149140
2026-08-11 17:45:00+00:00,92.90560150146484,92.93000030517578,92.90029907226562,92.91500091552734,86819
2026-08-11 18:00:00+00:00,92.91500091552734,92.9198989868164,92.9000015258789,92.90499877929688,63618
2026-08-11 18:15:00+00:00,92.91999816894531,92.91999816894531,92.90229797363281,92.91500091552734,46708
2026-08-11 18:30:00+00:00,92.93930053710938,92.94000244140625,92.91000366210938,92.91500091552734,93173
2026-08-11 18:45:00+00:00,92.93499755859375,92.95500183105469,92.91999816894531,92.93499755859375,748624
2026-08-11 19:00:00+00:00,92.93499755859375,92.94999694824219,92.93000030517578,92.93499755859375,297245
2026-08-11 19:15:00+00:00,92.8949966430664,92.93499755859375,92.88500213623047,92.93499755859375,172669
2026-08-11 19:30:00+00:00,92.87999725341797,92.8949966430664,92.87000274658203,92.8949966430664,796223
2026-08-11 19:45:00+00:00,92.88500213623047,92.89839935302734,92.87999725341797,92.87999725341797,270856
2026-08-12 13:30:00+00:00,93.08499908447266,93.16000366210938,93.08499908447266,93.1449966430664,451162
2026-08-12 13:45:00+00:00,93.09500122070312,93.11000061035156,93.06500244140625,93.08999633789062,140344
2026-08-12 14:00:00+00:00,93.06500244140625,93.11009979248047,93.04010009765625,93.0999984741211,173505
2026-08-12 14:15:00+00:00,93.08499908447266,93.0999984741211,93.05999755859375,93.06500244140625,128187
2026-08-12 14:30:00+00:00,93.08000183105469,93.125,93.05500030517578,93.08999633789062,421674
2026-08-12 14:45:00+00:00,93.01499938964844,93.08499908447266,93.01000213623047,93.07499694824219,93590
2026-08-12 15:00:00+00:00,93.0425033569336,93.05000305175781,92.99440002441406,93.01000213623047,71452
2026-08-12 15:15:00+00:00,93.06639862060547,93.07499694824219,93.04499816894531,93.04499816894531,61773
2026-08-12 15:30:00+00:00,93.05500030517578,93.07230377197266,93.05000305175781,93.06500244140625,69923
2026-08-12 15:45:00+00:00,93.06999969482422,93.06999969482422,93.04000091552734,93.05999755859375,67135
2026-08-12 16:00:00+00:00,93.05500030517578,93.06999969482422,93.04000091552734,93.06500244140625,72351
2026-08-12 16:15:00+00:00,93.05999755859375,93.06929779052734,93.04499816894531,93.05500030517578,51895
2026-08-12 16:30:00+00:00,93.04499816894531,93.06900024414062,93.04000091552734,93.06500244140625,44089
2026-08-12 16:45:00+00:00,93.0250015258789,93.04499816894531,93.00070190429688,93.04019927978516,69563
2026-08-12 17:00:00+00:00,93.07499694824219,93.07990264892578,93.02999877929688,93.02999877929688,83966
2026-08-12 17:15:00+00:00,93.0822982788086,93.08999633789062,93.05999755859375,93.0791015625,90601
2026-08-12 17:30:00+00:00,93.03929901123047,93.08999633789062,93.03500366210938,93.08999633789062,93798
2026-08-12 17:45:00+00:00,92.9800033569336,93.03990173339844,92.9800033569336,93.03990173339844,60805
2026-08-12 18:00:00+00:00,92.99500274658203,92.9999008178711,92.96029663085938,92.97000122070312,77234
2026-08-12 18:15:00+00:00,92.94499969482422,93.0,92.94499969482422,92.98999786376953,77122
2026-08-12 18:30:00+00:00,92.94080352783203,92.95999908447266,92.94000244140625,92.94999694824219,79866
2026-08-12 18:45:00+00:00,92.96990203857422,92.97000122070312,92.94999694824219,92.94999694824219,113146
2026-08-12 19:00:00+00:00,92.9749984741211,92.9800033569336,92.96019744873047,92.96499633789062,151710
2026-08-12 19:15:00+00:00,92.9749984741211,92.98999786376953,92.97000122070312,92.9800033569336,565202
2026-08-12 19:30:00+00:00,92.95500183105469,92.98999786376953,92.93000030517578,92.9749984741211,473057
2026-08-12 19:45:00+00:00,92.94499969482422,92.96929931640625,92.94499969482422,92.95500183105469,668577
2026-08-13 13:30:00+00:00,93.33000183105469,93.33499908447266,93.2750015258789,93.31999969482422,870346
2026-08-13 13:45:00+00:00,93.4000015258789,93.4000015258789,93.33000183105469,93.33499908447266,202939
2026-08-13 14:00:00+00:00,93.5,93.50990295410156,93.41000366210938,93.41000366210938,355803
2026-08-13 14:15:00+00:00,93.45999908447266,93.51000213623047,93.45999908447266,93.50499725341797,461631
2026-08-13 14:30:00+00:00,93.45500183105469,93.47000122070312,93.43250274658203,93.44999694824219,176394
2026-08-13 14:45:00+00:00,93.41500091552734,93.46990203857422,93.41500091552734,93.45500183105469,113861
2026-08-13 15:00:00+00:00,93.35910034179688,93.41899871826172,93.3499984741211,93.41000366210938,88301
2026-08-13 15:15:00+00:00,93.30500030517578,93.37539672851562,93.29499816894531,93.3499984741211,278700
2026-08-13 15:30:00+00:00,93.33000183105469,93.3499984741211,93.30010223388672,93.30020141601562,101853
2026-08-13 15:45:00+00:00,93.31500244140625,93.33989715576172,93.30500030517578,93.33940124511719,163150
2026-08-13 16:00:00+00:00,93.29000091552734,93.3198013305664,93.28500366210938,93.31500244140625,40211
2026-08-13 16:15:00+00:00,93.31929779052734,93.33080291748047,93.29029846191406,93.29499816894531,36337
2026-08-13 16:30:00+00:00,93.31500244140625,93.33999633789062,93.30500030517578,93.31500244140625,41047
2026-08-13 16:45:00+00:00,93.2958984375,93.31990051269531,93.29499816894531,93.3104019165039,147420
2026-08-13 17:00:00+00:00,93.27999877929688,93.30999755859375,93.27999877929688,93.30000305175781,40533
2026-08-13 17:15:00+00:00,93.27999877929688,93.29989624023438,93.27999877929688,93.28160095214844,1528739
2026-08-13 17:30:00+00:00,93.28500366210938,93.30000305175781,93.27999877929688,93.27999877929688,63382
2026-08-13 17:45:00+00:00,93.28500366210938,93.30000305175781,93.27999877929688,93.28009796142578,147279
2026-08-13 18:00:00+00:00,93.33499908447266,93.34980010986328,93.28500366210938,93.28500366210938,55355
2026-08-13 18:15:00+00:00,93.31109619140625,93.33910369873047,93.30000305175781,93.33499908447266,45385
2026-08-13 18:30:00+00:00,93.34500122070312,93.36000061035156,93.31999969482422,93.31999969482422,122083
2026-08-13 18:45:00+00:00,93.32499694824219,93.3499984741211,93.32099914550781,93.34500122070312,361626
2026-08-13 19:00:00+00:00,93.30999755859375,93.33499908447266,93.30000305175781,93.33000183105469,48285
2026-08-13 19:15:00+00:00,93.30999755859375,93.31999969482422,93.30000305175781,93.31500244140625,80741
2026-08-13 19:30:00+00:00,93.29499816894531,93.31999969482422,93.29070281982422,93.31500244140625,149593
2026-08-13 19:45:00+00:00,93.29499816894531,93.30999755859375,93.27999877929688,93.29000091552734,637973
2026-08-14 13:30:00+00:00,93.31999969482422,93.31999969482422,93.25,93.27999877929688,232378
2026-08-14 13:45:00+00:00,93.25990295410156,93.32969665527344,93.25,93.31999969482422,149250
2026-08-14 14:00:00+00:00,93.26000213623047,93.28690338134766,93.21499633789062,93.26000213623047,260469
2026-08-14 14:15:00+00:00,93.23909759521484,93.26000213623047,93.20999908447266,93.26000213623047,378165
2026-08-14 14:30:00+00:00,93.16999816894531,93.2300033569336,93.15070343017578,93.2300033569336,220167
2026-08-14 14:45:00+00:00,93.18499755859375,93.1990966796875,93.16000366210938,93.16500091552734,219502
2026-08-14 15:00:00+00:00,93.14929962158203,93.21499633789062,93.12000274658203,93.18910217285156,134872
2026-08-14 15:15:00+00:00,93.11000061035156,93.1500015258789,93.08999633789062,93.12999725341797,171025
2026-08-14 15:30:00+00:00,93.09500122070312,93.11000061035156,93.07009887695312,93.1050033569336,197076
2026-08-14 15:45:00+00:00,93.07499694824219,93.09619903564453,93.07009887695312,93.09500122070312,100087
2026-08-14 16:00:00+00:00,93.08000183105469,93.08000183105469,93.05500030517578,93.07499694824219,119754
2026-08-14 16:15:00+00:00,93.07109832763672,93.08999633789062,93.06999969482422,93.07499694824219,97298
2026-08-14 16:30:00+00:00,93.06500244140625,93.09500122070312,93.06009674072266,93.0791015625,120656
2026-08-14 16:45:00+00:00,93.05500030517578,93.0697021484375,93.03500366210938,93.06500244140625,129412
2026-08-14 17:00:00+00:00,93.0250015258789,93.05500030517578,93.0250015258789,93.05500030517578,75026
2026-08-14 17:15:00+00:00,93.02999877929688,93.02999877929688,93.01100158691406,93.02249908447266,92979
2026-08-14 17:30:00+00:00,93.0250015258789,93.03900146484375,93.01000213623047,93.0250015258789,90004
2026-08-14 17:45:00+00:00,93.01499938964844,93.02999877929688,93.01000213623047,93.02999877929688,371043
2026-08-14 18:00:00+00:00,93.0,93.03990173339844,93.0,93.01499938964844,83439
2026-08-14 18:15:00+00:00,93.00910186767578,93.0199966430664,93.0,93.01000213623047,139906
2026-08-14 18:30:00+00:00,93.01499938964844,93.0199966430664,93.0000991821289,93.00090026855469,139919
2026-08-14 18:45:00+00:00,93.01499938964844,93.0199966430664,93.0,93.01499938964844,87157
2026-08-14 19:00:00+00:00,93.0250015258789,93.04000091552734,93.01000213623047,93.01000213623047,55124
2026-08-14 19:15:00+00:00,93.05500030517578,93.05500030517578,93.0199966430664,93.0250015258789,108105
2026-08-14 19:30:00+00:00,93.04000091552734,93.05000305175781,93.02999877929688,93.05000305175781,80106
2026-08-14 19:45:00+00:00,93.04000091552734,93.05000305175781,93.02999877929688,93.03990173339844,577396
2026-08-17 13:30:00+00:00,92.95500183105469,92.96769714355469,92.93229675292969,92.94999694824219,313266
2026-08-17 13:45:00+00:00,92.9791030883789,92.98999786376953,92.94000244140625,92.94999694824219,156830
2026-08-17 14:00:00+00:00,93.0,93.01000213623047,92.96009826660156,92.97000122070312,122100
2026-08-17 14:15:00+00:00,92.99500274658203,93.01000213623047,92.98500061035156,93.00499725341797,236719
2026-08-17 14:30:00+00:00,93.02999877929688,93.04000091552734,93.01000213623047,93.01000213623047,118095
2026-08-17 14:45:00+00:00,93.01499938964844,93.02999877929688,93.00499725341797,93.0250015258789,61418
2026-08-17 15:00:00+00:00,92.99500274658203,93.01000213623047,92.95999908447266,93.01000213623047,53072
2026-08-17 15:15:00+00:00,92.9749984741211,92.9999008178711,92.95500183105469,92.99500274658203,287359
2026-08-17 15:30:00+00:00,92.96499633789062,92.97989654541016,92.9636001586914,92.9749984741211,50505
2026-08-17 15:45:00+00:00,92.96990203857422,92.97000122070312,92.94999694824219,92.95500183105469,70117
2026-08-17 16:00:00+00:00,92.96499633789062,92.9749984741211,92.95500183105469,92.96499633789062,178288
2026-08-17 16:15:00+00:00,92.9800033569336,93.0,92.96499633789062,92.96499633789062,108692
2026-08-17 16:30:00+00:00,92.97000122070312,92.98989868164062,92.97000122070312,92.98989868164062,27111
2026-08-17 16:45:00+00:00,92.95500183105469,92.9800033569336,92.94000244140625,92.9749984741211,54584
2026-08-17 17:00:00+00:00,92.94010162353516,92.94999694824219,92.92500305175781,92.94499969482422,135084
2026-08-17 17:15:00+00:00,92.90499877929688,92.94499969482422,92.89099884033203,92.94000244140625,65023
2026-08-17 17:30:00+00:00,92.89910125732422,92.90499877929688,92.86000061035156,92.90499877929688,171276
2026-08-17 17:45:00+00:00,92.8550033569336,92.89990234375,92.85099792480469,92.89019775390625,62785
2026-08-17 18:00:00+00:00,92.86499786376953,92.87000274658203,92.8499984741211,92.86000061035156,58084
2026-08-17 18:15:00+00:00,92.86499786376953,92.86990356445312,92.83000183105469,92.86990356445312,427290
2026-08-17 18:30:00+00:00,92.87000274658203,92.87999725341797,92.86000061035156,92.86000061035156,78491
2026-08-17 18:45:00+00:00,92.86000061035156,92.87000274658203,92.84500122070312,92.86499786376953,59103
2026-08-17 19:00:00+00:00,92.86499786376953,92.86910247802734,92.84110260009766,92.85990142822266,85672
2026-08-17 19:15:00+00:00,92.87000274658203,92.87000274658203,92.8499984741211,92.86969757080078,148875
2026-08-17 19:30:00+00:00,92.87069702148438,92.87999725341797,92.86000061035156,92.86499786376953,612059
2026-08-17 19:45:00+00:00,92.8550033569336,92.87999725341797,92.84100341796875,92.875,505803
2026-08-18 13:30:00+00:00,92.84500122070312,92.86000061035156,92.71499633789062,92.7750015258789,842544
2026-08-18 13:45:00+00:00,92.88500213623047,92.9000015258789,92.83999633789062,92.8499984741211,512582
2026-08-18 14:00:00+00:00,92.93499755859375,92.93499755859375,92.88500213623047,92.8949966430664,453114
2026-08-18 14:15:00+00:00,92.95130157470703,92.96499633789062,92.92500305175781,92.93499755859375,107401
2026-08-18 14:30:00+00:00,92.95500183105469,92.96929931640625,92.94000244140625,92.95880126953125,141463
2026-08-18 14:45:00+00:00,92.90499877929688,92.98999786376953,92.90499877929688,92.95880126953125,93608
2026-08-18 15:00:00+00:00,92.94000244140625,92.96499633789062,92.9010009765625,92.9010009765625,119195
2026-08-18 15:15:00+00:00,92.92500305175781,92.94999694824219,92.91100311279297,92.94000244140625,107999
2026-08-18 15:30:00+00:00,92.91500091552734,92.92500305175781,92.88999938964844,92.92500305175781,293969
2026-08-18 15:45:00+00:00,92.92500305175781,92.94499969482422,92.91500091552734,92.91500091552734,81361
2026-08-18 16:00:00+00:00,92.95500183105469,92.95999908447266,92.9208984375,92.92500305175781,170448
2026-08-18 16:15:00+00:00,92.94999694824219,92.98989868164062,92.94999694824219,92.95999908447266,96070
2026-08-18 16:30:00+00:00,92.95500183105469,92.95819854736328,92.93000030517578,92.94499969482422,724119
2026-08-18 16:45:00+00:00,92.95500183105469,92.96929931640625,92.94999694824219,92.95500183105469,130151
2026-08-18 17:00:00+00:00,92.94499969482422,92.95500183105469,92.93000030517578,92.95500183105469,342628
2026-08-18 17:15:00+00:00,92.94999694824219,92.96990203857422,92.93099975585938,92.94499969482422,128744
2026-08-18 17:30:00+00:00,92.956298828125,92.95999908447266,92.94080352783203,92.94999694824219,192808
2026-08-18 17:45:00+00:00,92.9749984741211,92.9749984741211,92.95999908447266,92.95999908447266,52796
2026-08-18 18:00:00+00:00,92.99500274658203,92.99649810791016,92.97000122070312,92.9749984741211,114220
2026-08-18 18:15:00+00:00,92.99500274658203,93.00530242919922,92.98999786376953,92.99089813232422,117479
2026-08-18 18:30:00+00:00,92.97429656982422,92.99929809570312,92.97429656982422,92.98999786376953,105978
2026-08-18 18:45:00+00:00,92.98619842529297,92.98999786376953,92.97000122070312,92.9749984741211,58404
2026-08-18 19:00:00+00:00,92.98500061035156,92.98899841308594,92.97000122070312,92.98500061035156,84735
2026-08-18 19:15:00+00:00,92.95999908447266,92.98860168457031,92.95999908447266,92.98500061035156,123646
2026-08-18 19:30:00+00:00,92.96499633789062,92.9800033569336,92.95999908447266,92.96990203857422,162211
2026-08-18 19:45:00+00:00,92.94999694824219,92.9749984741211,92.94000244140625,92.96499633789062,517011
2026-08-19 13:30:00+00:00,93.29499816894531,93.3499984741211,93.27999877929688,93.34500122070312,327145
2026-08-19 13:45:00+00:00,93.31999969482422,93.32499694824219,93.2750015258789,93.29499816894531,330740
2026-08-19 14:00:00+00:00,93.32499694824219,93.3499984741211,93.30010223388672,93.32499694824219,234369
2026-08-19 14:15:00+00:00,93.30030059814453,93.3489990234375,93.28500366210938,93.33000183105469,343471
2026-08-19 14:30:00+00:00,93.33499908447266,93.34600067138672,93.31500244140625,93.31999969482422,83380
2026-08-19 14:45:00+00:00,93.29989624023438,93.33000183105469,93.2750015258789,93.33000183105469,259082
2026-08-19 15:00:00+00:00,93.2699966430664,93.3187026977539,93.25499725341797,93.30000305175781,412310
2026-08-19 15:15:00+00:00,93.2300033569336,93.27989959716797,93.19499969482422,93.2699966430664,248461
2026-08-19 15:30:00+00:00,93.29010009765625,93.29010009765625,93.2301025390625,93.23500061035156,142651
2026-08-19 15:45:00+00:00,93.28500366210938,93.30899810791016,93.2699966430664,93.29620361328125,307198
2026-08-19 16:00:00+00:00,93.25499725341797,93.28900146484375,93.25129699707031,93.2802963256836,45887
2026-08-19 16:15:00+00:00,93.21499633789062,93.26000213623047,93.21499633789062,93.25990295410156,637560
2026-08-19 16:30:00+00:00,93.2300033569336,93.24240112304688,93.20999908447266,93.21499633789062,96951
2026-08-19 16:45:00+00:00,93.20999908447266,93.23899841308594,93.20999908447266,93.23500061035156,264181
2026-08-19 17:00:00+00:00,93.1449966430664,93.25499725341797,93.12999725341797,93.21499633789062,586388
2026-08-19 17:15:00+00:00,93.15499877929688,93.15499877929688,93.11499786376953,93.13999938964844,113150
2026-08-19 17:30:00+00:00,93.16500091552734,93.16999816894531,93.13999938964844,93.15499877929688,66986
2026-08-19 17:45:00+00:00,93.16500091552734,93.17900085449219,93.1500015258789,93.16500091552734,52140
2026-08-19 18:00:00+00:00,93.26000213623047,93.28500366210938,93.16000366210938,93.16500091552734,109976
2026-08-19 18:15:00+00:00,93.24500274658203,93.26000213623047,93.22000122070312,93.26000213623047,110636
2026-08-19 18:30:00+00:00,93.26499938964844,93.28820037841797,93.24009704589844,93.24500274658203,74159
2026-08-19 18:45:00+00:00,93.28500366210938,93.28500366210938,93.25039672851562,93.25900268554688,116450
2026-08-19 19:00:00+00:00,93.29499816894531,93.30000305175781,93.2699966430664,93.29900360107422,122311
2026-08-19 19:15:00+00:00,93.31500244140625,93.31999969482422,93.27999877929688,93.29499816894531,354158
2026-08-19 19:30:00+00:00,93.33499908447266,93.33999633789062,93.30999755859375,93.31500244140625,237117
2026-08-19 19:45:00+00:00,93.38500213623047,93.38500213623047,93.31999969482422,93.33499908447266,687382
2026-08-20 13:30:00+00:00,93.0,93.03500366210938,92.95999908447266,92.99500274658203,423767
2026-08-20 13:45:00+00:00,92.99500274658203,93.01969909667969,92.98999786376953,93.00499725341797,165708
2026-08-20 14:00:00+00:00,93.04000091552734,93.04000091552734,92.9749984741211,93.00920104980469,145840
2026-08-20 14:15:00+00:00,93.05999755859375,93.07499694824219,93.02999877929688,93.0363998413086,113772
2026-08-20 14:30:00+00:00,93.05590057373047,93.07990264892578,93.05000305175781,93.05999755859375,93607
2026-08-20 14:45:00+00:00,93.05999755859375,93.07499694824219,93.05120086669922,93.05120086669922,194707
2026-08-20 15:00:00+00:00,93.06999969482422,93.16000366210938,93.03199768066406,93.05500030517578,550112
2026-08-20 15:15:00+00:00,93.00499725341797,93.07990264892578,92.97000122070312,93.07499694824219,222612
2026-08-20 15:30:00+00:00,92.9207992553711,93.00499725341797,92.9207992553711,93.00499725341797,195708
2026-08-20 15:45:00+00:00,92.96499633789062,92.9749984741211,92.93000030517578,92.93920135498047,401178
2026-08-20 16:00:00+00:00,92.98500061035156,93.01000213623047,92.96499633789062,92.96499633789062,130602
2026-08-20 16:15:00+00:00,93.00499725341797,93.01000213623047,92.9801025390625,92.98500061035156,71285
2026-08-20 16:30:00+00:00,92.9800033569336,93.00509643554688,92.95999908447266,93.00499725341797,54072
2026-08-20 16:45:00+00:00,92.99500274658203,92.9999008178711,92.9801025390625,92.98989868164062,44298
2026-08-20 17:00:00+00:00,93.01499938964844,93.03900146484375,92.99220275878906,92.9990005493164,125850
2026-08-20 17:15:00+00:00,92.99500274658203,93.02999877929688,92.98999786376953,93.01499938964844,84812
2026-08-20 17:30:00+00:00,92.96019744873047,92.99530029296875,92.94999694824219,92.99530029296875,122343
2026-08-20 17:45:00+00:00,93.01499938964844,93.01899719238281,92.95999908447266,92.96900177001953,76791
2026-08-20 18:00:00+00:00,93.00499725341797,93.0250015258789,93.0,93.01010131835938,88991
2026-08-20 18:15:00+00:00,92.9990005493164,93.01000213623047,92.99019622802734,93.00499725341797,70836
2026-08-20 18:30:00+00:00,93.00499725341797,93.0198974609375,92.98999786376953,92.99500274658203,116625
2026-08-20 18:45:00+00:00,93.01499938964844,93.0199966430664,93.0,93.00499725341797,124788
2026-08-20 19:00:00+00:00,93.05010223388672,93.06770324707031,93.01000213623047,93.01110076904297,112016
2026-08-20 19:15:00+00:00,93.04029846191406,93.05999755859375,93.04000091552734,93.05500030517578,78197
2026-08-20 19:30:00+00:00,93.01499938964844,93.05999755859375,93.01080322265625,93.04499816894531,119868
2026-08-20 19:45:00+00:00,93.01000213623047,93.0199966430664,92.98999786376953,93.01499938964844,605523
2026-08-21 13:30:00+00:00,92.91999816894531,92.94999694824219,92.9000015258789,92.94499969482422,174825
2026-08-21 13:45:00+00:00,92.95500183105469,92.96990203857422,92.90010070800781,92.91000366210938,73152
2026-08-21 14:00:00+00:00,92.91500091552734,92.95500183105469,92.91000366210938,92.95500183105469,128509
2026-08-21 14:15:00+00:00,92.87629699707031,92.91899871826172,92.87010192871094,92.91500091552734,100139
2026-08-21 14:30:00+00:00,92.83499908447266,92.87999725341797,92.78500366210938,92.87899780273438,207105
2026-08-21 14:45:00+00:00,92.83999633789062,92.86499786376953,92.81999969482422,92.8302993774414,232894
2026-08-21 15:00:00+00:00,92.80500030517578,92.87000274658203,92.80500030517578,92.83499908447266,212603
2026-08-21 15:15:00+00:00,92.80500030517578,92.81999969482422,92.80000305175781,92.80999755859375,85745
2026-08-21 15:30:00+00:00,92.8499984741211,92.8550033569336,92.80000305175781,92.80500030517578,137516
2026-08-21 15:45:00+00:00,92.82499694824219,92.86920166015625,92.81999969482422,92.84500122070312,57384
2026-08-21 16:00:00+00:00,92.81500244140625,92.8290023803711,92.79499816894531,92.82499694824219,61236
2026-08-21 16:15:00+00:00,92.81999969482422,92.8550033569336,92.79499816894531,92.81500244140625,298615
2026-08-21 16:30:00+00:00,92.82499694824219,92.83000183105469,92.81500244140625,92.81500244140625,38516
2026-08-21 16:45:00+00:00,92.82499694824219,92.83000183105469,92.80999755859375,92.8219985961914,142782
2026-08-21 17:00:00+00:00,92.83000183105469,92.83000183105469,92.80999755859375,92.83000183105469,44535
2026-08-21 17:15:00+00:00,92.82499694824219,92.83999633789062,92.81500244140625,92.83000183105469,41743
2026-08-21 17:30:00+00:00,92.77999877929688,92.82499694824219,92.7750015258789,92.82009887695312,152550
2026-08-21 17:45:00+00:00,92.7750015258789,92.78500366210938,92.76499938964844,92.78500366210938,35444
2026-08-21 18:00:00+00:00,92.78500366210938,92.79000091552734,92.7750015258789,92.77999877929688,38539
2026-08-21 18:15:00+00:00,92.80500030517578,92.80999755859375,92.77999877929688,92.78500366210938,83590
2026-08-21 18:30:00+00:00,92.79499816894531,92.80500030517578,92.79000091552734,92.80500030517578,46364
2026-08-21 18:45:00+00:00,92.80500030517578,92.80999755859375,92.79000091552734,92.80000305175781,84862
2026-08-21 19:00:00+00:00,92.80500030517578,92.81999969482422,92.80000305175781,92.80500030517578,254812
2026-08-21 19:15:00+00:00,92.79499816894531,92.80999755859375,92.79000091552734,92.80999755859375,145391
2026-08-21 19:30:00+00:00,92.78500366210938,92.80599975585938,92.77999877929688,92.79499816894531,590236
2026-08-21 19:45:00+00:00,92.81500244140625,92.81999969482422,92.78009796142578,92.78500366210938,453115
2026-08-24 13:30:00+00:00,92.98970031738281,92.9999008178711,92.94000244140625,92.94000244140625,226910
2026-08-24 13:45:00+00:00,93.03990173339844,93.06999969482422,92.9811019897461,92.9811019897461,152314
2026-08-24 14:00:00+00:00,93.03500366210938,93.07499694824219,93.02020263671875,93.04000091552734,91310
2026-08-24 14:15:00+00:00,93.03109741210938,93.03109741210938,93.01000213623047,93.0250015258789,48380
2026-08-24 14:30:00+00:00,93.03500366210938,93.05000305175781,93.02999877929688,93.04000091552734,52710
2026-08-24 14:45:00+00:00,93.0199966430664,93.05000305175781,93.01000213623047,93.0250015258789,160594
2026-08-24 15:00:00+00:00,93.03990173339844,93.03990173339844,93.01000213623047,93.0199966430664,153050
2026-08-24 15:15:00+00:00,93.0999984741211,93.1050033569336,93.02999877929688,93.03199768066406,166338
2026-08-24 15:30:00+00:00,93.04900360107422,93.1050033569336,93.04010009765625,93.1050033569336,225865
2026-08-24 15:45:00+00:00,93.0250015258789,93.05500030517578,93.0199966430664,93.04010009765625,92489
2026-08-24 16:00:00+00:00,93.08499908447266,93.13999938964844,93.02010345458984,93.0250015258789,416383
2026-08-24 16:15:00+00:00,93.07499694824219,93.0999984741211,93.06999969482422,93.08999633789062,279831
2026-08-24 16:30:00+00:00,93.05999755859375,93.08989715576172,93.05999755859375,93.07499694824219,90738
2026-08-24 16:45:00+00:00,93.06659698486328,93.0697021484375,93.04000091552734,93.06500244140625,89950
2026-08-24 17:00:00+00:00,93.07499694824219,93.09989929199219,93.05500030517578,93.06500244140625,84782
2026-08-24 17:15:00+00:00,93.0250015258789,93.08989715576172,93.01499938964844,93.08499908447266,290082
2026-08-24 17:30:00+00:00,93.01499938964844,93.02999877929688,93.0009994506836,93.0250015258789,122062
2026-08-24 17:45:00+00:00,93.04000091552734,93.05000305175781,93.0199966430664,93.0199966430664,109096
2026-08-24 18:00:00+00:00,93.05999755859375,93.05999755859375,93.03079986572266,93.04000091552734,116800
2026-08-24 18:15:00+00:00,93.03500366210938,93.05999755859375,93.02999877929688,93.05999755859375,113123
2026-08-24 18:30:00+00:00,93.03500366210938,93.05000305175781,93.02010345458984,93.03500366210938,126316
2026-08-24 18:45:00+00:00,93.01000213623047,93.05000305175781,93.00499725341797,93.03500366210938,177130
2026-08-24 19:00:00+00:00,93.01000213623047,93.04000091552734,93.01000213623047,93.01000213623047,149083
2026-08-24 19:15:00+00:00,92.99500274658203,93.0199966430664,92.9906005859375,93.0199966430664,324807
2026-08-24 19:30:00+00:00,92.98999786376953,93.01000213623047,92.98999786376953,92.99500274658203,326680
2026-08-24 19:45:00+00:00,93.00499725341797,93.0199966430664,92.98500061035156,93.0,1089328
2026-08-25 13:30:00+00:00,93.2750015258789,93.31500244140625,93.2699966430664,93.30000305175781,930726
2026-08-25 13:45:00+00:00,93.2699966430664,93.29000091552734,93.26000213623047,93.2750015258789,504798
2026-08-25 14:00:00+00:00,93.28500366210938,93.30950164794922,93.26000213623047,93.27999877929688,251569
2026-08-25 14:15:00+00:00,93.31999969482422,93.3290023803711,93.28500366210938,93.28500366210938,75205
2026-08-25 14:30:00+00:00,93.37000274658203,93.37000274658203,93.26000213623047,93.30999755859375,322824
2026-08-25 14:45:00+00:00,93.37999725341797,93.3949966430664,93.3499984741211,93.37000274658203,639330
2026-08-25 15:00:00+00:00,93.35089874267578,93.37999725341797,93.3499984741211,93.375,92371
2026-08-25 15:15:00+00:00,93.375,93.39769744873047,93.36000061035156,93.36000061035156,171294
2026-08-25 15:30:00+00:00,93.42500305175781,93.45500183105469,93.375,93.375,336967
2026-08-25 15:45:00+00:00,93.375,93.41999816894531,93.36019897460938,93.41999816894531,127604
2026-08-25 16:00:00+00:00,93.39009857177734,93.39900207519531,93.36100006103516,93.375,46966
2026-08-25 16:15:00+00:00,93.38990020751953,93.4000015258789,93.38040161132812,93.4000015258789,57422
2026-08-25 16:30:00+00:00,93.38500213623047,93.4000015258789,93.37999725341797,93.38999938964844,66612
2026-08-25 16:45:00+00:00,93.4000015258789,93.4000015258789,93.38009643554688,93.38500213623047,51056
2026-08-25 17:00:00+00:00,93.40499877929688,93.42500305175781,93.4000015258789,93.4000015258789,90447
2026-08-25 17:15:00+00:00,93.4000015258789,93.41000366210938,93.37999725341797,93.40499877929688,27949
2026-08-25 17:30:00+00:00,93.41000366210938,93.41500091552734,93.39099884033203,93.39240264892578,39487
2026-08-25 17:45:00+00:00,93.41500091552734,93.41999816894531,93.40080261230469,93.41010284423828,50347
2026-08-25 18:00:00+00:00,93.41500091552734,93.41899871826172,93.01000213623047,93.41500091552734,56718
2026-08-25 18:15:00+00:00,93.40499877929688,93.41999816894531,93.4000015258789,93.41500091552734,40780
2026-08-25 18:30:00+00:00,93.40499877929688,93.41999816894531,93.4000015258789,93.41000366210938,57672
2026-08-25 18:45:00+00:00,93.43499755859375,93.43560028076172,93.40049743652344,93.41000366210938,263735
2026-08-25 19:00:00+00:00,93.439697265625,93.44000244140625,93.41000366210938,93.44000244140625,202198
2026-08-25 19:15:00+00:00,93.44010162353516,93.45999908447266,93.43499755859375,93.44000244140625,208944
2026-08-25 19:30:00+00:00,93.44499969482422,93.44999694824219,93.44000244140625,93.44499969482422,1191302
2026-08-25 19:45:00+00:00,93.51499938964844,93.53500366210938,93.44010162353516,93.44999694824219,822806
2026-08-26 13:30:00+00:00,93.30989837646484,93.34500122070312,93.29000091552734,93.33000183105469,205729
2026-08-26 13:45:00+00:00,93.2750015258789,93.30000305175781,93.23999786376953,93.29109954833984,254864
2026-08-26 14:00:00+00:00,93.26499938964844,93.28500366210938,93.25,93.2750015258789,72532
2026-08-26 14:15:00+00:00,93.26190185546875,93.2750015258789,93.23999786376953,93.2699966430664,70061
2026-08-26 14:30:00+00:00,93.31500244140625,93.31999969482422,93.26000213623047,93.26499938964844,82060
2026-08-26 14:45:00+00:00,93.33499908447266,93.33899688720703,93.29000091552734,93.30999755859375,75587
2026-08-26 15:00:00+00:00,93.33999633789062,93.35990142822266,93.31999969482422,93.33000183105469,64667
2026-08-26 15:15:00+00:00,93.31999969482422,93.33999633789062,93.31999969482422,93.33499908447266,97079
2026-08-26 15:30:00+00:00,93.32499694824219,93.33000183105469,93.30000305175781,93.32499694824219,70291
2026-08-26 15:45:00+00:00,93.27010345458984,93.32499694824219,93.26110076904297,93.32499694824219,95839
2026-08-26 16:00:00+00:00,93.26080322265625,93.28369903564453,93.24009704589844,93.27999877929688,46595
2026-08-26 16:15:00+00:00,93.23500061035156,93.26499938964844,93.2311019897461,93.26499938964844,120539
2026-08-26 16:30:00+00:00,93.23500061035156,93.25499725341797,93.23500061035156,93.23500061035156,54027
2026-08-26 16:45:00+00:00,93.2300033569336,93.25499725341797,93.2300033569336,93.23999786376953,51636
2026-08-26 17:00:00+00:00,93.25499725341797,93.26000213623047,93.23030090332031,93.23500061035156,51035
2026-08-26 17:15:00+00:00,93.26499938964844,93.2699966430664,93.25050354003906,93.25900268554688,38305
2026-08-26 17:30:00+00:00,93.24500274658203,93.26499938964844,93.23999786376953,93.26499938964844,61100
2026-08-26 17:45:00+00:00,93.24099731445312,93.24500274658203,93.2300033569336,93.24500274658203,43134
2026-08-26 18:00:00+00:00,93.25,93.26499938964844,93.24099731445312,93.24500274658203,84586
2026-08-26 18:15:00+00:00,93.25499725341797,93.26499938964844,93.23999786376953,93.24500274658203,60373
2026-08-26 18:30:00+00:00,93.26499938964844,93.26899719238281,93.23999786376953,93.25499725341797,101769
2026-08-26 18:45:00+00:00,93.26110076904297,93.2699966430664,93.25,93.26499938964844,490583
2026-08-26 19:00:00+00:00,93.2699966430664,93.27999877929688,93.2699966430664,93.2699966430664,84057
2026-08-26 19:15:00+00:00,93.2750015258789,93.27999877929688,93.26000213623047,93.27010345458984,121248
2026-08-26 19:30:00+00:00,93.28500366210938,93.29000091552734,93.2699966430664,93.2699966430664,2074111
2026-08-26 19:45:00+00:00,93.33000183105469,93.33000183105469,93.2699966430664,93.28500366210938,510029
2026-08-27 13:30:00+00:00,93.30680084228516,93.31990051269531,93.29000091552734,93.30000305175781,151017
2026-08-27 13:45:00+00:00,93.30989837646484,93.3290023803711,93.28009796142578,93.30960083007812,324636
2026-08-27 14:00:00+00:00,93.27999877929688,93.31990051269531,93.27999877929688,93.30500030517578,60116
2026-08-27 14:15:00+00:00,93.26110076904297,93.28919982910156,93.25250244140625,93.28500366210938,88822
2026-08-27 14:30:00+00:00,93.30000305175781,93.30989837646484,93.2699966430664,93.2699966430664,105570
2026-08-27 14:45:00+00:00,93.36499786376953,93.37000274658203,93.30000305175781,93.30000305175781,232585
2026-08-27 15:00:00+00:00,93.31500244140625,93.36000061035156,93.31500244140625,93.3550033569336,155971
2026-08-27 15:15:00+00:00,93.31500244140625,93.33000183105469,93.30500030517578,93.31109619140625,93807
2026-08-27 15:30:00+00:00,93.32499694824219,93.33000183105469,93.310302734375,93.31990051269531,70154
2026-08-27 15:45:00+00:00,93.31500244140625,93.33000183105469,93.30999755859375,93.32499694824219,97275
2026-08-27 16:00:00+00:00,93.30500030517578,93.31900024414062,93.27999877929688,93.31109619140625,63641
2026-08-27 16:15:00+00:00,93.30500030517578,93.30999755859375,93.28109741210938,93.30989837646484,40662
2026-08-27 16:30:00+00:00,93.29920196533203,93.30989837646484,93.29000091552734,93.30500030517578,66694
2026-08-27 16:45:00+00:00,93.2698974609375,93.29010009765625,93.25,93.29010009765625,131646
2026-08-27 17:00:00+00:00,93.25499725341797,93.2750015258789,93.24500274658203,93.26010131835938,59986
2026-08-27 17:15:00+00:00,93.29000091552734,93.29000091552734,93.26000213623047,93.26000213623047,49988
2026-08-27 17:30:00+00:00,93.26110076904297,93.30000305175781,93.26080322265625,93.28500366210938,159444
2026-08-27 17:45:00+00:00,93.19000244140625,93.2699966430664,93.19000244140625,93.26499938964844,225390
2026-08-27 18:00:00+00:00,93.19499969482422,93.19550323486328,93.16000366210938,93.18499755859375,104784
2026-08-27 18:15:00+00:00,93.19999694824219,93.2249984741211,93.19000244140625,93.1989974975586,1095199
2026-08-27 18:30:00+00:00,93.21499633789062,93.21499633789062,93.19999694824219,93.20999908447266,70297
2026-08-27 18:45:00+00:00,93.21499633789062,93.22000122070312,93.20110321044922,93.21499633789062,53311
2026-08-27 19:00:00+00:00,93.22000122070312,93.22000122070312,93.20999908447266,93.21499633789062,645846
2026-08-27 19:15:00+00:00,93.20500183105469,93.2300033569336,93.19999694824219,93.21499633789062,91838
2026-08-27 19:30:00+00:00,93.20500183105469,93.20500183105469,93.19000244140625,93.20500183105469,4910649
2026-08-27 19:45:00+00:00,93.2300033569336,93.23999786376953,93.20500183105469,93.20500183105469,1009164
2026-08-28 13:30:00+00:00,93.18499755859375,93.19989776611328,93.18000030517578,93.18000030517578,370103
2026-08-28 13:45:00+00:00,93.2699966430664,93.33499908447266,93.18190002441406,93.18499755859375,290291
2026-08-28 14:00:00+00:00,93.06999969482422,93.38999938964844,93.05999755859375,93.26000213623047,432810
2026-08-28 14:15:00+00:00,93.05999755859375,93.12000274658203,93.0199966430664,93.07499694824219,376462
2026-08-28 14:30:00+00:00,93.21499633789062,93.23500061035156,93.06999969482422,93.08499908447266,233958
2026-08-28 14:45:00+00:00,93.20999908447266,93.2300033569336,93.1500015258789,93.21089935302734,153943
2026-08-28 15:00:00+00:00,93.03500366210938,93.22000122070312,93.02999877929688,93.20999908447266,231951
2026-08-28 15:15:00+00:00,93.00499725341797,93.06999969482422,92.99500274658203,93.02999877929688,282010
2026-08-28 15:30:00+00:00,92.94999694824219,93.0250015258789,92.93119812011719,93.0,204038
2026-08-28 15:45:00+00:00,92.9749984741211,92.98999786376953,92.94499969482422,92.94999694824219,427621
2026-08-28 16:00:00+00:00,92.94499969482422,92.98500061035156,92.92420196533203,92.97899627685547,334404
2026-08-28 16:15:00+00:00,92.8550033569336,92.94499969482422,92.84500122070312,92.94499969482422,396527
2026-08-28 16:30:00+00:00,92.85389709472656,92.8949966430664,92.8501968383789,92.86000061035156,176275
2026-08-28 16:45:00+00:00,92.8550033569336,92.88500213623047,92.8499984741211,92.85870361328125,160646
2026-08-28 17:00:00+00:00,92.875,92.87899780273438,92.84010314941406,92.8499984741211,128712
2026-08-28 17:15:00+00:00,92.84500122070312,92.88500213623047,92.84500122070312,92.88500213623047,42025
2026-08-28 17:30:00+00:00,92.84500122070312,92.86499786376953,92.83000183105469,92.83999633789062,125017
2026-08-28 17:45:00+00:00,92.83999633789062,92.8499984741211,92.83499908447266,92.84500122070312,47564
2026-08-28 18:00:00+00:00,92.8499984741211,92.86990356445312,92.83999633789062,92.84500122070312,88381
2026-08-28 18:15:00+00:00,92.84500122070312,92.86499786376953,92.83999633789062,92.84500122070312,441393
2026-08-28 18:30:00+00:00,92.8550033569336,92.85900115966797,92.83000183105469,92.84919738769531,102531
2026-08-28 18:45:00+00:00,92.87999725341797,92.88500213623047,92.83999633789062,92.8550033569336,222684
2026-08-28 19:00:00+00:00,92.8550033569336,92.88999938964844,92.83999633789062,92.87999725341797,140705
2026-08-28 19:15:00+00:00,92.83499908447266,92.8499984741211,92.83000183105469,92.8499984741211,251973
2026-08-28 19:30:00+00:00,92.84500122070312,92.8499984741211,92.81999969482422,92.83920288085938,579671
2026-08-28 19:45:00+00:00,92.86000061035156,92.86000061035156,92.83000183105469,92.84500122070312,1133948
2026-08-31 13:30:00+00:00,92.6803970336914,92.75,92.6803970336914,92.73100280761719,200870
2026-08-31 13:45:00+00:00,92.66000366210938,92.69999694824219,92.66000366210938,92.68499755859375,854677
2026-08-31 14:00:00+00:00,92.65010070800781,92.6698989868164,92.62999725341797,92.66000366210938,694406
2026-08-31 14:15:00+00:00,92.66500091552734,92.68000030517578,92.6449966430664,92.65499877929688,82977
2026-08-31 14:30:00+00:00,92.67109680175781,92.68499755859375,92.66000366210938,92.66500091552734,474136
2026-08-31 14:45:00+00:00,92.69499969482422,92.71499633789062,92.65010070800781,92.67919921875,313673
2026-08-31 15:00:00+00:00,92.6803970336914,92.7249984741211,92.66999816894531,92.69999694824219,132016
2026-08-31 15:15:00+00:00,92.67500305175781,92.69000244140625,92.66999816894531,92.68499755859375,478577
2026-08-31 15:30:00+00:00,92.66500091552734,92.68990325927734,92.66000366210938,92.67500305175781,522612
2026-08-31 15:45:00+00:00,92.65499877929688,92.6698989868164,92.6500015258789,92.66500091552734,107931
2026-08-31 16:00:00+00:00,92.65499877929688,92.66500091552734,92.62020111083984,92.65499877929688,330885
2026-08-31 16:15:00+00:00,92.66500091552734,92.66500091552734,92.6500015258789,92.65499877929688,72941
2026-08-31 16:30:00+00:00,92.66500091552734,92.68000030517578,92.66000366210938,92.66919708251953,116052
2026-08-31 16:45:00+00:00,92.69499969482422,92.69499969482422,92.66000366210938,92.66500091552734,86697
2026-08-31 17:00:00+00:00,92.69499969482422,92.69509887695312,92.6707992553711,92.69499969482422,446734
2026-08-31 17:15:00+00:00,92.69120025634766,92.70500183105469,92.69000244140625,92.69499969482422,130815
2026-08-31 17:30:00+00:00,92.68499755859375,92.69999694824219,92.68000030517578,92.69499969482422,82618
2026-08-31 17:45:00+00:00,92.68080139160156,92.69000244140625,92.67279815673828,92.68499755859375,183723
2026-08-31 18:00:00+00:00,92.67500305175781,92.69000244140625,92.66000366210938,92.68499755859375,290263
2026-08-31 18:15:00+00:00,92.66500091552734,92.68990325927734,92.6500015258789,92.67500305175781,80155
2026-08-31 18:30:00+00:00,92.65499877929688,92.66919708251953,92.6449966430664,92.66500091552734,129009
2026-08-31 18:45:00+00:00,92.67500305175781,92.69999694824219,92.65010070800781,92.65499877929688,152342
2026-08-31 19:00:00+00:00,92.68499755859375,92.69000244140625,92.67109680175781,92.67500305175781,53272
2026-08-31 19:15:00+00:00,92.71499633789062,92.71990203857422,92.66999816894531,92.68000030517578,208764
2026-08-31 19:30:00+00:00,92.71499633789062,92.7300033569336,92.70999908447266,92.71089935302734,182608
2026-08-31 19:45:00+00:00,92.74500274658203,92.75,92.66000366210938,92.71499633789062,1234576
2026-09-01 13:30:00+00:00,92.23500061035156,92.2699966430664,92.18000030517578,92.18070220947266,478377
2026-09-01 13:45:00+00:00,92.29499816894531,92.30500030517578,92.22000122070312,92.2300033569336,271239
2026-09-01 14:00:00+00:00,92.33999633789062,92.33999633789062,92.26499938964844,92.29499816894531,932299
2026-09-01 14:15:00+00:00,92.34500122070312,92.35900115966797,92.31500244140625,92.33979797363281,193290
2026-09-01 14:30:00+00:00,92.29499816894531,92.37000274658203,92.29000091552734,92.34989929199219,329680
2026-09-01 14:45:00+00:00,92.24500274658203,92.29989624023438,92.23999786376953,92.29000091552734,210139
2026-09-01 15:00:00+00:00,92.2699966430664,92.2791976928711,92.23999786376953,92.24500274658203,112181
2026-09-01 15:15:00+00:00,92.2699966430664,92.28900146484375,92.23999786376953,92.2699966430664,114154
2026-09-01 15:30:00+00:00,92.27749633789062,92.28800201416016,92.26000213623047,92.2699966430664,124278
2026-09-01 15:45:00+00:00,92.2699966430664,92.27989959716797,92.25,92.2750015258789,97529
2026-09-01 16:00:00+00:00,92.22989654541016,92.27899932861328,92.2249984741211,92.26499938964844,88681
2026-09-01 16:15:00+00:00,92.15499877929688,92.2249984741211,92.1449966430664,92.22010040283203,317046
2026-09-01 16:30:00+00:00,92.17500305175781,92.19989776611328,92.13999938964844,92.15440368652344,660027
2026-09-01 16:45:00+00:00,92.1449966430664,92.19000244140625,92.1449966430664,92.18000030517578,545081
2026-09-01 17:00:00+00:00,92.16100311279297,92.16510009765625,92.14009857177734,92.14009857177734,345733
2026-09-01 17:15:00+00:00,92.1500015258789,92.16500091552734,92.125,92.16500091552734,158480
2026-09-01 17:30:00+00:00,92.125,92.15499877929688,92.12100219726562,92.1500015258789,179025
2026-09-01 17:45:00+00:00,92.12899780273438,92.12989807128906,92.11000061035156,92.125,48948
2026-09-01 18:00:00+00:00,92.12110137939453,92.12999725341797,92.12000274658203,92.12329864501953,215904
2026-09-01 18:15:00+00:00,92.125,92.12989807128906,92.12000274658203,92.12000274658203,9302
