Datetime,Close,High,Low,Open,Volume
2026-06-08 13:30:00+00:00,93.84030151367188,93.8550033569336,93.80000305175781,93.80000305175781,221614
2026-06-08 13:35:00+00:00,93.84500122070312,93.86000061035156,93.83000183105469,93.84500122070312,146025
2026-06-08 13:40:00+00:00,93.79499816894531,93.84500122070312,93.79000091552734,93.84100341796875,33554
2026-06-08 13:45:00+00:00,93.76000213623047,93.79499816894531,93.76000213623047,93.79499816894531,171993
2026-06-08 13:50:00+00:00,93.73500061035156,93.7699966430664,93.7300033569336,93.75900268554688,127795
2026-06-08 13:55:00+00:00,93.7249984741211,93.73560333251953,93.7249984741211,93.7249984741211,31602
2026-06-08 14:00:00+00:00,93.69000244140625,93.73500061035156,93.69000244140625,93.72000122070312,34176
2026-06-08 14:05:00+00:00,93.6781005859375,93.70500183105469,93.67500305175781,93.69000244140625,44816
2026-06-08 14:10:00+00:00,93.66500091552734,93.68499755859375,93.66000366210938,93.67320251464844,59925
2026-06-08 14:15:00+00:00,93.65899658203125,93.66500091552734,93.6449966430664,93.66000366210938,86273
2026-06-08 14:20:00+00:00,93.63500213623047,93.65499877929688,93.62999725341797,93.65499877929688,18556
2026-06-08 14:25:00+00:00,93.65499877929688,93.65499877929688,93.62000274658203,93.62999725341797,170931
2026-06-08 14:30:00+00:00,93.63970184326172,93.64990234375,93.62999725341797,93.6449966430664,265614
2026-06-08 14:35:00+00:00,93.5999984741211,93.6449966430664,93.58499908447266,93.63500213623047,344382
2026-06-08 14:40:00+00:00,93.62000274658203,93.625,93.5999984741211,93.61000061035156,45702
2026-06-08 14:45:00+00:00,93.61509704589844,93.63999938964844,93.61509704589844,93.625,76763
2026-06-08 14:50:00+00:00,93.625,93.6259994506836,93.61009979248047,93.61499786376953,45891
2026-06-08 14:55:00+00:00,93.6449966430664,93.6449966430664,93.6218032836914,93.62999725341797,40211
2026-06-08 15:00:00+00:00,93.6500015258789,93.68990325927734,93.64009857177734,93.64990234375,65874
2026-06-08 15:05:00+00:00,93.6449966430664,93.65660095214844,93.6449966430664,93.652099609375,36762
2026-06-08 15:10:00+00:00,93.6500015258789,93.66000366210938,93.63500213623047,93.6449966430664,217361
2026-06-08 15:15:00+00:00,93.67500305175781,93.68499755859375,93.63999938964844,93.6449966430664,94292
2026-06-08 15:20:00+00:00,93.68499755859375,93.68499755859375,93.66010284423828,93.67389678955078,56581
2026-06-08 15:25:00+00:00,93.625,93.68000030517578,93.625,93.68000030517578,0
2026-06-08 15:30:00+00:00,93.5999984741211,93.62660217285156,93.58999633789062,93.62660217285156,103823
2026-06-08 15:35:00+00:00,93.6050033569336,93.6050033569336,93.58999633789062,93.6050033569336,87223
2026-06-08 15:40:00+00:00,93.59500122070312,93.61000061035156,93.59500122070312,93.6050033569336,89102
2026-06-08 15:45:00+00:00,93.5801010131836,93.59860229492188,93.57499694824219,93.59860229492188,55904
2026-06-08 15:50:00+00:00,93.59500122070312,93.59660339355469,93.58000183105469,93.58499908447266,28662
2026-06-08 15:55:00+00:00,93.59500122070312,93.60659790039062,93.58300018310547,93.59500122070312,193161
2026-06-08 16:00:00+00:00,93.58999633789062,93.597900390625,93.58000183105469,93.58999633789062,13322
2026-06-08 16:05:00+00:00,93.59020233154297,93.60990142822266,93.59020233154297,93.59500122070312,41135
2026-06-08 16:10:00+00:00,93.59500122070312,93.59870147705078,93.58000183105469,93.59500122070312,109423
2026-06-08 16:15:00+00:00,93.58000183105469,93.59989929199219,93.56999969482422,93.59989929199219,30815
2026-06-08 16:20:00+00:00,93.58999633789062,93.5999984741211,93.58000183105469,93.58000183105469,18580
2026-06-08 16:25:00+00:00,93.59500122070312,93.5999984741211,93.59459686279297,93.59500122070312,4101
2026-06-08 16:30:00+00:00,93.5999984741211,93.6050033569336,93.59500122070312,93.59500122070312,11476
2026-06-08 16:35:00+00:00,93.59500122070312,93.59989929199219,93.58499908447266,93.58999633789062,18625
2026-06-08 16:40:00+00:00,93.59020233154297,93.5989990234375,93.58499908447266,93.59500122070312,29470
2026-06-08 16:45:00+00:00,93.5999984741211,93.61000061035156,93.58999633789062,93.59500122070312,34473
2026-06-08 16:50:00+00:00,93.60030364990234,93.6050033569336,93.58999633789062,93.5999984741211,23456
2026-06-08 16:55:00+00:00,93.5999984741211,93.61009979248047,93.5999984741211,93.6050033569336,9093
2026-06-08 17:00:00+00:00,93.59500122070312,93.59500122070312,93.58999633789062,93.58999633789062,5336
2026-06-08 17:05:00+00:00,93.5999984741211,93.60749816894531,93.5999984741211,93.6050033569336,14723
2026-06-08 17:10:00+00:00,93.6050033569336,93.61499786376953,93.5999984741211,93.5999984741211,20947
2026-06-08 17:15:00+00:00,93.5999984741211,93.61000061035156,93.5999984741211,93.60990142822266,48126
2026-06-08 17:20:00+00:00,93.6050033569336,93.6083984375,93.59500122070312,93.5999984741211,11736
2026-06-08 17:25:00+00:00,93.6050033569336,93.61000061035156,93.5999984741211,93.6050033569336,18257
2026-06-08 17:30:00+00:00,93.6001968383789,93.62000274658203,93.58999633789062,93.60240173339844,93992
2026-06-08 17:35:00+00:00,93.6050033569336,93.60990142822266,93.59030151367188,93.6001968383789,12906
2026-06-08 17:40:00+00:00,93.61499786376953,93.62000274658203,93.6050033569336,93.6050033569336,16579
2026-06-08 17:45:00+00:00,93.63839721679688,93.63999938964844,93.61430358886719,93.62000274658203,32350
2026-06-08 17:50:00+00:00,93.63500213623047,93.63990020751953,93.625,93.635498046875,14330
2026-06-08 17:55:00+00:00,93.63500213623047,93.63500213623047,93.62999725341797,93.62999725341797,6591
2026-06-08 18:00:00+00:00,93.6449966430664,93.6500015258789,93.62999725341797,93.62999725341797,19788
2026-06-08 18:05:00+00:00,93.6500015258789,93.66000366210938,93.63999938964844,93.6500015258789,20891
2026-06-08 18:10:00+00:00,93.63999938964844,93.6500015258789,93.63500213623047,93.6500015258789,21260
2026-06-08 18:15:00+00:00,93.6449966430664,93.6500015258789,93.6449966430664,93.6500015258789,14547
2026-06-08 18:20:00+00:00,93.65499877929688,93.66999816894531,93.63999938964844,93.6449966430664,78089
2026-06-08 18:25:00+00:00,93.67500305175781,93.67500305175781,93.65499877929688,93.65499877929688,31734
2026-06-08 18:30:00+00:00,93.67009735107422,93.68000030517578,93.66500091552734,93.677001953125,25081
2026-06-08 18:35:00+00:00,93.66999816894531,93.67900085449219,93.66000366210938,93.67630004882812,52979
2026-06-08 18:40:00+00:00,93.67960357666016,93.67960357666016,93.66500091552734,93.67500305175781,20191
2026-06-08 18:45:00+00:00,93.66500091552734,93.67500305175781,93.66010284423828,93.66999816894531,15715
2026-06-08 18:50:00+00:00,93.66999816894531,93.66999816894531,93.6500015258789,93.66500091552734,34678
2026-06-08 18:55:00+00:00,93.62999725341797,93.66999816894531,93.62999725341797,93.66999816894531,27153
2026-06-08 19:00:00+00:00,93.62999725341797,93.63999938964844,93.61499786376953,93.62999725341797,49063
2026-06-08 19:05:00+00:00,93.63500213623047,93.63990020751953,93.625,93.63990020751953,40885
2026-06-08 19:10:00+00:00,93.62999725341797,93.6458969116211,93.62229919433594,93.63500213623047,47063
2026-06-08 19:15:00+00:00,93.62999725341797,93.62999725341797,93.62229919433594,93.625,7588
2026-06-08 19:20:00+00:00,93.61000061035156,93.62770080566406,93.61000061035156,93.625,38506
2026-06-08 19:25:00+00:00,93.6050033569336,93.61990356445312,93.60009765625,93.61499786376953,33664
2026-06-08 19:30:00+00:00,93.59500122070312,93.60990142822266,93.59500122070312,93.6050033569336,21813
2026-06-08 19:35:00+00:00,93.58499908447266,93.6050033569336,93.5801010131836,93.59010314941406,26973
2026-06-08 19:40:00+00:00,93.58499908447266,93.58999633789062,93.58000183105469,93.58499908447266,32294
2026-06-08 19:45:00+00:00,93.58999633789062,93.5999984741211,93.58000183105469,93.5822982788086,50030
2026-06-08 19:50:00+00:00,93.56999969482422,93.5999984741211,93.55999755859375,93.58999633789062,298703
2026-06-08 19:55:00+00:00,93.52999877929688,93.57990264892578,93.5250015258789,93.57990264892578,443890
2026-06-09 13:30:00+00:00,93.73999786376953,93.74500274658203,93.69999694824219,93.69999694824219,124392
2026-06-09 13:35:00+00:00,93.74500274658203,93.75,93.7300033569336,93.73500061035156,82140
2026-06-09 13:40:00+00:00,93.75,93.75800323486328,93.73999786376953,93.74500274658203,51672
2026-06-09 13:45:00+00:00,93.77999877929688,93.79000091552734,93.74009704589844,93.75,136064
2026-06-09 13:50:00+00:00,93.72000122070312,93.77999877929688,93.71499633789062,93.77999877929688,64632
2026-06-09 13:55:00+00:00,93.68499755859375,93.7249984741211,93.68000030517578,93.7249984741211,78376
2026-06-09 14:00:00+00:00,93.70999908447266,93.72000122070312,93.68000030517578,93.69000244140625,40356
2026-06-09 14:05:00+00:00,93.72000122070312,93.72000122070312,93.69010162353516,93.70500183105469,21244
2026-06-09 14:10:00+00:00,93.70230102539062,93.7249984741211,93.69499969482422,93.7249984741211,149136
2026-06-09 14:15:00+00:00,93.69499969482422,93.71499633789062,93.69000244140625,93.70500183105469,42971
2026-06-09 14:20:00+00:00,93.73999786376953,93.74500274658203,93.70040130615234,93.70500183105469,93875
2026-06-09 14:25:00+00:00,93.74500274658203,93.74500274658203,93.73500061035156,93.73999786376953,54781
2026-06-09 14:30:00+00:00,93.73999786376953,93.75499725341797,93.73999786376953,93.74500274658203,18610
2026-06-09 14:35:00+00:00,93.70500183105469,93.73999786376953,93.69309997558594,93.73500061035156,80375
2026-06-09 14:40:00+00:00,93.70999908447266,93.71659851074219,93.69999694824219,93.70500183105469,67137
2026-06-09 14:45:00+00:00,93.68350219726562,93.72000122070312,93.68000030517578,93.70249938964844,283717
2026-06-09 14:50:00+00:00,93.68000030517578,93.69999694824219,93.67500305175781,93.68499755859375,54130
2026-06-09 14:55:00+00:00,93.65499877929688,93.68000030517578,93.6500015258789,93.68000030517578,29741
2026-06-09 15:00:00+00:00,93.66000366210938,93.67500305175781,93.65010070800781,93.65499877929688,28812
2026-06-09 15:05:00+00:00,93.66500091552734,93.66500091552734,93.65350341796875,93.66500091552734,23991
2026-06-09 15:10:00+00:00,93.66999816894531,93.66999816894531,93.66000366210938,93.66500091552734,23404
2026-06-09 15:15:00+00:00,93.66500091552734,93.68000030517578,93.66000366210938,93.66500091552734,38825
2026-06-09 15:20:00+00:00,93.67500305175781,93.67500305175781,93.65249633789062,93.66500091552734,16110
2026-06-09 15:25:00+00:00,93.63490295410156,93.68000030517578,93.62999725341797,93.68000030517578,109151
2026-06-09 15:30:00+00:00,93.63999938964844,93.64250183105469,93.61000061035156,93.63999938964844,224787
2026-06-09 15:35:00+00:00,93.65499877929688,93.66500091552734,93.62999725341797,93.63999938964844,210036
2026-06-09 15:40:00+00:00,93.68000030517578,93.68000030517578,93.65499877929688,93.65499877929688,53626
2026-06-09 15:45:00+00:00,93.67510223388672,93.68499755859375,93.67500305175781,93.68000030517578,36632
2026-06-09 15:50:00+00:00,93.71499633789062,93.7249984741211,93.69000244140625,93.69000244140625,103910
2026-06-09 15:55:00+00:00,93.77999877929688,93.78500366210938,93.72000122070312,93.72000122070312,58746
2026-06-09 16:00:00+00:00,93.79000091552734,93.80000305175781,93.77999877929688,93.79499816894531,182731
2026-06-09 16:05:00+00:00,93.81999969482422,93.81999969482422,93.79000091552734,93.79499816894531,101856
2026-06-09 16:10:00+00:00,93.80500030517578,93.81999969482422,93.79000091552734,93.80999755859375,328827
2026-06-09 16:15:00+00:00,93.83000183105469,93.84500122070312,93.80500030517578,93.80500030517578,166776
2026-06-09 16:20:00+00:00,93.82499694824219,93.83989715576172,93.81999969482422,93.82499694824219,30861
2026-06-09 16:25:00+00:00,93.80500030517578,93.83000183105469,93.80010223388672,93.82499694824219,15293
2026-06-09 16:30:00+00:00,93.81500244140625,93.81999969482422,93.80500030517578,93.80500030517578,38111
2026-06-09 16:35:00+00:00,93.68000030517578,93.83000183105469,93.63500213623047,93.81500244140625,820670
2026-06-09 16:40:00+00:00,93.68499755859375,93.68499755859375,93.625,93.66999816894531,248582
2026-06-09 16:45:00+00:00,93.69499969482422,93.7300033569336,93.66999816894531,93.68000030517578,224407
2026-06-09 16:50:00+00:00,93.70999908447266,93.7249984741211,93.70240020751953,93.71499633789062,65900
2026-06-09 16:55:00+00:00,93.72000122070312,93.7300033569336,93.70500183105469,93.70999908447266,69942
2026-06-09 17:00:00+00:00,93.7249984741211,93.7300033569336,93.70999908447266,93.7249984741211,30692
2026-06-09 17:05:00+00:00,93.7249984741211,93.73999786376953,93.72209930419922,93.72989654541016,33109
2026-06-09 17:10:00+00:00,93.72000122070312,93.73999786376953,93.69999694824219,93.72000122070312,37572
2026-06-09 17:15:00+00:00,93.72350311279297,93.75499725341797,93.72350311279297,93.73999786376953,52782
2026-06-09 17:20:00+00:00,93.79019927978516,93.79499816894531,93.74500274658203,93.75499725341797,75802
2026-06-09 17:25:00+00:00,93.77999877929688,93.80000305175781,93.77999877929688,93.79199981689453,147297
2026-06-09 17:30:00+00:00,93.77999877929688,93.79499816894531,93.77999877929688,93.78500366210938,67470
2026-06-09 17:35:00+00:00,93.78500366210938,93.79499816894531,93.7750015258789,93.78500366210938,24836
2026-06-09 17:40:00+00:00,93.78500366210938,93.79499816894531,93.7750015258789,93.77999877929688,34517
2026-06-09 17:45:00+00:00,93.78730010986328,93.79000091552734,93.7750015258789,93.78500366210938,17192
2026-06-09 17:50:00+00:00,93.77420043945312,93.78500366210938,93.7699966430664,93.78500366210938,30924
2026-06-09 17:55:00+00:00,93.78500366210938,93.78500366210938,93.76000213623047,93.7699966430664,61001
2026-06-09 18:00:00+00:00,93.7406005859375,93.79000091552734,93.73500061035156,93.78500366210938,49922
2026-06-09 18:05:00+00:00,93.74500274658203,93.74970245361328,93.73500061035156,93.74500274658203,25701
2026-06-09 18:10:00+00:00,93.74500274658203,93.75,93.7249984741211,93.74500274658203,49127
2026-06-09 18:15:00+00:00,93.75,93.75499725341797,93.73999786376953,93.73999786376953,95515
2026-06-09 18:20:00+00:00,93.77230072021484,93.77999877929688,93.75330352783203,93.76010131835938,26861
2026-06-09 18:25:00+00:00,93.77169799804688,93.77989959716797,93.7699966430664,93.7750015258789,47174
2026-06-09 18:30:00+00:00,93.78589630126953,93.79000091552734,93.7750015258789,93.77999877929688,44689
2026-06-09 18:35:00+00:00,93.78990173339844,93.79000091552734,93.7699966430664,93.77999877929688,23947
2026-06-09 18:40:00+00:00,93.79499816894531,93.80000305175781,93.7750015258789,93.78500366210938,107889
2026-06-09 18:45:00+00:00,93.77999877929688,93.80000305175781,93.77999877929688,93.79499816894531,51992
2026-06-09 18:50:00+00:00,93.80000305175781,93.80000305175781,93.78500366210938,93.78500366210938,109186
2026-06-09 18:55:00+00:00,93.80500030517578,93.81500244140625,93.80000305175781,93.80000305175781,131734
2026-06-09 19:00:00+00:00,93.80000305175781,93.81890106201172,93.80000305175781,93.80999755859375,40292
2026-06-09 19:05:00+00:00,93.80999755859375,93.81659698486328,93.80000305175781,93.80000305175781,59035
2026-06-09 19:10:00+00:00,93.80500030517578,93.8197021484375,93.80000305175781,93.80500030517578,35542
2026-06-09 19:15:00+00:00,93.79010009765625,93.80500030517578,93.79000091552734,93.80500030517578,36283
2026-06-09 19:20:00+00:00,93.79000091552734,93.79989624023438,93.77999877929688,93.79499816894531,44292
2026-06-09 19:25:00+00:00,93.80000305175781,93.80000305175781,93.78500366210938,93.78500366210938,51866
2026-06-09 19:30:00+00:00,93.80000305175781,93.80989837646484,93.79499816894531,93.79499816894531,93398
2026-06-09 19:35:00+00:00,93.80000305175781,93.80999755859375,93.79010009765625,93.80500030517578,92335
2026-06-09 19:40:00+00:00,93.77999877929688,93.80999755859375,93.77999877929688,93.80500030517578,139909
2026-06-09 19:45:00+00:00,93.78009796142578,93.79000091552734,93.77999877929688,93.78500366210938,87556
2026-06-09 19:50:00+00:00,93.78500366210938,93.80000305175781,93.77999877929688,93.78130340576172,306514
2026-06-09 19:55:00+00:00,93.78500366210938,93.80000305175781,93.77010345458984,93.77010345458984,286060
2026-06-10 13:30:00+00:00,93.80500030517578,93.8375015258789,93.80249786376953,93.81999969482422,109581
2026-06-10 13:35:00+00:00,93.82499694824219,93.8499984741211,93.80999755859375,93.80999755859375,125013
2026-06-10 13:40:00+00:00,93.8499984741211,93.8499984741211,93.81500244140625,93.83000183105469,63756
2026-06-10 13:45:00+00:00,93.8550033569336,93.87999725341797,93.84989929199219,93.8550033569336,115938
2026-06-10 13:50:00+00:00,93.81999969482422,93.86039733886719,93.81999969482422,93.86039733886719,43916
2026-06-10 13:55:00+00:00,93.83499908447266,93.83499908447266,93.80139923095703,93.80999755859375,56067
2026-06-10 14:00:00+00:00,93.8469009399414,93.8550033569336,93.83290100097656,93.83999633789062,254263
2026-06-10 14:05:00+00:00,93.83000183105469,93.8499984741211,93.81500244140625,93.84500122070312,58544
2026-06-10 14:10:00+00:00,93.87670135498047,93.88999938964844,93.8499984741211,93.8499984741211,51362
2026-06-10 14:15:00+00:00,93.87000274658203,93.89990234375,93.8499984741211,93.875,66946
2026-06-10 14:20:00+00:00,93.87000274658203,93.87000274658203,93.8499984741211,93.86900329589844,71829
2026-06-10 14:25:00+00:00,93.83999633789062,93.86990356445312,93.82499694824219,93.86499786376953,62667
2026-06-10 14:30:00+00:00,93.83000183105469,93.83999633789062,93.81999969482422,93.83999633789062,35525
2026-06-10 14:35:00+00:00,93.84459686279297,93.8499984741211,93.83499908447266,93.84249877929688,38987
2026-06-10 14:40:00+00:00,93.8499984741211,93.86000061035156,93.84500122070312,93.8499984741211,34410
2026-06-10 14:45:00+00:00,93.86499786376953,93.86990356445312,93.8499984741211,93.8499984741211,24454
2026-06-10 14:50:00+00:00,93.86100006103516,93.875,93.83499908447266,93.86499786376953,158603
2026-06-10 14:55:00+00:00,93.83499908447266,93.86000061035156,93.83499908447266,93.86000061035156,38793
2026-06-10 15:00:00+00:00,93.82499694824219,93.83499908447266,93.81500244140625,93.83499908447266,64626
2026-06-10 15:05:00+00:00,93.83000183105469,93.83499908447266,93.81999969482422,93.83000183105469,29244
2026-06-10 15:10:00+00:00,93.84259796142578,93.8499984741211,93.83000183105469,93.83000183105469,50643
2026-06-10 15:15:00+00:00,93.83989715576172,93.83999633789062,93.82499694824219,93.83999633789062,96457
2026-06-10 15:20:00+00:00,93.82499694824219,93.83999633789062,93.81999969482422,93.83499908447266,50049
2026-06-10 15:25:00+00:00,93.8550033569336,93.86000061035156,93.81999969482422,93.81999969482422,74147
2026-06-10 15:30:00+00:00,93.86990356445312,93.87000274658203,93.83999633789062,93.8550033569336,42099
2026-06-10 15:35:00+00:00,93.8499984741211,93.86830139160156,93.8499984741211,93.86830139160156,23122
2026-06-10 15:40:00+00:00,93.8218994140625,93.8499984741211,93.8218994140625,93.8499984741211,17595
2026-06-10 15:45:00+00:00,93.77999877929688,93.84500122070312,93.7300033569336,93.82990264892578,270201
2026-06-10 15:50:00+00:00,93.79000091552734,93.80400085449219,93.73500061035156,93.77999877929688,114015
2026-06-10 15:55:00+00:00,93.80500030517578,93.80599975585938,93.78500366210938,93.78500366210938,17002
2026-06-10 16:00:00+00:00,93.80999755859375,93.82749938964844,93.79000091552734,93.81500244140625,66361
2026-06-10 16:05:00+00:00,93.80500030517578,93.81999969482422,93.79499816894531,93.80500030517578,57981
2026-06-10 16:10:00+00:00,93.81500244140625,93.81559753417969,93.79000091552734,93.80000305175781,18510
2026-06-10 16:15:00+00:00,93.80500030517578,93.81770324707031,93.79499816894531,93.81500244140625,35226
2026-06-10 16:20:00+00:00,93.79499816894531,93.81999969482422,93.79499816894531,93.80999755859375,62393
2026-06-10 16:25:00+00:00,93.80500030517578,93.81500244140625,93.79000091552734,93.7926025390625,38256
2026-06-10 16:30:00+00:00,93.81500244140625,93.81500244140625,93.80000305175781,93.80999755859375,35678
2026-06-10 16:35:00+00:00,93.77999877929688,93.81500244140625,93.77999877929688,93.81500244140625,44523
2026-06-10 16:40:00+00:00,93.77999877929688,93.79000091552734,93.77100372314453,93.78500366210938,46875
2026-06-10 16:45:00+00:00,93.7499008178711,93.78500366210938,93.73999786376953,93.78500366210938,56863
2026-06-10 16:50:00+00:00,93.74009704589844,93.75499725341797,93.73999786376953,93.74500274658203,27436
2026-06-10 16:55:00+00:00,93.73999786376953,93.75,93.7249984741211,93.73999786376953,149201
2026-06-10 17:00:00+00:00,93.76499938964844,93.76499938964844,93.74500274658203,93.74500274658203,50438
2026-06-10 17:05:00+00:00,93.73919677734375,93.7699966430664,93.73500061035156,93.76499938964844,50818
2026-06-10 17:10:00+00:00,93.7300033569336,93.73999786376953,93.72250366210938,93.73500061035156,32365
2026-06-10 17:15:00+00:00,93.68460083007812,93.7300033569336,93.68460083007812,93.7249984741211,52375
2026-06-10 17:20:00+00:00,93.68990325927734,93.70500183105469,93.66999816894531,93.68499755859375,74317
2026-06-10 17:25:00+00:00,93.66500091552734,93.68499755859375,93.66500091552734,93.68499755859375,36292
2026-06-10 17:30:00+00:00,93.6500015258789,93.66999816894531,93.6500015258789,93.66500091552734,88458
2026-06-10 17:35:00+00:00,93.63500213623047,93.64990234375,93.62999725341797,93.64990234375,52680
2026-06-10 17:40:00+00:00,93.62000274658203,93.63500213623047,93.62000274658203,93.62999725341797,43574
2026-06-10 17:45:00+00:00,93.66010284423828,93.66500091552734,93.61940002441406,93.62000274658203,96583
2026-06-10 17:50:00+00:00,93.67500305175781,93.67500305175781,93.59500122070312,93.66000366210938,524112
2026-06-10 17:55:00+00:00,93.69499969482422,93.69999694824219,93.67500305175781,93.68000030517578,43270
2026-06-10 18:00:00+00:00,93.73999786376953,93.73999786376953,93.70500183105469,93.70500183105469,41077
2026-06-10 18:05:00+00:00,93.75,93.75,93.73999786376953,93.73999786376953,34368
2026-06-10 18:10:00+00:00,93.74500274658203,93.75,93.74189758300781,93.74749755859375,38362
2026-06-10 18:15:00+00:00,93.73500061035156,93.76000213623047,93.73500061035156,93.74500274658203,78534
2026-06-10 18:20:00+00:00,93.7249984741211,93.73500061035156,93.72010040283203,93.73500061035156,45090
2026-06-10 18:25:00+00:00,93.73500061035156,93.73999786376953,93.71279907226562,93.71499633789062,20346
2026-06-10 18:30:00+00:00,93.73999786376953,93.75,93.72250366210938,93.7300033569336,63145
2026-06-10 18:35:00+00:00,93.73999786376953,93.73999786376953,93.72000122070312,93.73999786376953,64070
2026-06-10 18:40:00+00:00,93.75499725341797,93.76000213623047,93.74009704589844,93.74500274658203,16195
2026-06-10 18:45:00+00:00,93.75499725341797,93.76000213623047,93.74500274658203,93.75499725341797,53438
2026-06-10 18:50:00+00:00,93.74500274658203,93.75499725341797,93.73999786376953,93.75499725341797,25362
2026-06-10 18:55:00+00:00,93.7300033569336,93.73999786376953,93.7249984741211,93.73999786376953,95242
2026-06-10 19:00:00+00:00,93.7300033569336,93.73999786376953,93.7300033569336,93.73999786376953,55119
2026-06-10 19:05:00+00:00,93.72010040283203,93.73500061035156,93.71499633789062,93.7301025390625,34210
2026-06-10 19:10:00+00:00,93.72989654541016,93.7300033569336,93.72000122070312,93.7249984741211,36558
2026-06-10 19:15:00+00:00,93.71990203857422,93.7300033569336,93.70999908447266,93.7300033569336,55347
2026-06-10 19:20:00+00:00,93.7249984741211,93.7300033569336,93.71499633789062,93.72000122070312,26770
2026-06-10 19:25:00+00:00,93.69999694824219,93.7300033569336,93.69999694824219,93.72000122070312,71583
2026-06-10 19:30:00+00:00,93.71009826660156,93.71499633789062,93.69999694824219,93.69999694824219,21992
2026-06-10 19:35:00+00:00,93.7249984741211,93.7249984741211,93.69999694824219,93.71499633789062,69390
2026-06-10 19:40:00+00:00,93.7249984741211,93.7300033569336,93.70999908447266,93.7249984741211,79020
2026-06-10 19:45:00+00:00,93.72969818115234,93.7300033569336,93.72000122070312,93.7249984741211,26330
2026-06-10 19:50:00+00:00,93.7249984741211,93.7249984741211,93.70999908447266,93.72000122070312,66188
2026-06-10 19:55:00+00:00,93.71499633789062,93.72010040283203,93.69000244140625,93.72000122070312,399996
2026-06-11 13:30:00+00:00,93.83499908447266,93.8499984741211,93.80000305175781,93.80000305175781,137807
2026-06-11 13:35:00+00:00,93.81999969482422,93.83000183105469,93.80000305175781,93.83000183105469,41095
2026-06-11 13:40:00+00:00,93.84839630126953,93.84839630126953,93.8240966796875,93.82499694824219,10190
2026-06-11 13:45:00+00:00,93.875,93.91999816894531,93.84500122070312,93.84609985351562,155279
2026-06-11 13:50:00+00:00,93.91000366210938,93.93000030517578,93.875,93.875,85937
2026-06-11 13:55:00+00:00,93.90799713134766,93.92500305175781,93.90499877929688,93.91500091552734,25542
2026-06-11 14:00:00+00:00,93.89129638671875,93.91000366210938,93.88500213623047,93.90499877929688,29359
2026-06-11 14:05:00+00:00,93.90550231933594,93.9094009399414,93.89099884033203,93.89520263671875,12770
2026-06-11 14:10:00+00:00,93.88310241699219,93.90499877929688,93.87000274658203,93.90499877929688,32490
2026-06-11 14:15:00+00:00,93.87000274658203,93.8949966430664,93.86499786376953,93.88999938964844,35904
2026-06-11 14:20:00+00:00,93.8550033569336,93.86499786376953,93.85009765625,93.86499786376953,31270
2026-06-11 14:25:00+00:00,93.83999633789062,93.8593978881836,93.83499908447266,93.8550033569336,17649
2026-06-11 14:30:00+00:00,93.8386001586914,93.84500122070312,93.83219909667969,93.83999633789062,11766
2026-06-11 14:35:00+00:00,93.83989715576172,93.83999633789062,93.82499694824219,93.83499908447266,14384
2026-06-11 14:40:00+00:00,93.83470153808594,93.8499984741211,93.8333969116211,93.83499908447266,19165
2026-06-11 14:45:00+00:00,93.83000183105469,93.83499908447266,93.81999969482422,93.83499908447266,15757
2026-06-11 14:50:00+00:00,93.83499908447266,93.83989715576172,93.8313980102539,93.83989715576172,6694
2026-06-11 14:55:00+00:00,93.85050201416016,93.86000061035156,93.83999633789062,93.83999633789062,17503
2026-06-11 15:00:00+00:00,93.86499786376953,93.86499786376953,93.84149932861328,93.85929870605469,19756
2026-06-11 15:05:00+00:00,93.87699890136719,93.88980102539062,93.84500122070312,93.87000274658203,687158
2026-06-11 15:10:00+00:00,93.86009979248047,93.88999938964844,93.86009979248047,93.875,20064
2026-06-11 15:15:00+00:00,93.86009979248047,93.87550354003906,93.86000061035156,93.86000061035156,13131
2026-06-11 15:20:00+00:00,93.87989807128906,93.87989807128906,93.86499786376953,93.875,6344
2026-06-11 15:25:00+00:00,93.88500213623047,93.91000366210938,93.87999725341797,93.87999725341797,100039
2026-06-11 15:30:00+00:00,93.875,93.88999938964844,93.87000274658203,93.87000274658203,19659
2026-06-11 15:35:00+00:00,93.86499786376953,93.87000274658203,93.8499984741211,93.87000274658203,32937
2026-06-11 15:40:00+00:00,93.84500122070312,93.86849975585938,93.83999633789062,93.86499786376953,26180
2026-06-11 15:45:00+00:00,93.847900390625,93.84989929199219,93.83499908447266,93.84989929199219,30836
2026-06-11 15:50:00+00:00,93.83699798583984,93.84500122070312,93.83000183105469,93.84500122070312,14294
2026-06-11 15:55:00+00:00,93.83499908447266,93.8550033569336,93.82499694824219,93.83180236816406,45137
2026-06-11 16:00:00+00:00,93.80500030517578,93.83989715576172,93.80500030517578,93.83499908447266,34299
2026-06-11 16:05:00+00:00,93.82499694824219,93.83000183105469,93.80500030517578,93.80870056152344,13038
2026-06-11 16:10:00+00:00,93.81500244140625,93.82499694824219,93.81500244140625,93.81999969482422,11991
2026-06-11 16:15:00+00:00,93.82499694824219,93.82990264892578,93.80999755859375,93.81999969482422,37007
2026-06-11 16:20:00+00:00,93.81500244140625,93.82499694824219,93.7699966430664,93.82499694824219,212490
2026-06-11 16:25:00+00:00,93.79000091552734,93.81500244140625,93.79000091552734,93.80999755859375,13455
2026-06-11 16:30:00+00:00,93.81500244140625,93.81500244140625,93.78500366210938,93.78500366210938,125233
2026-06-11 16:35:00+00:00,93.80000305175781,93.80989837646484,93.80000305175781,93.80500030517578,16317
2026-06-11 16:40:00+00:00,93.79989624023438,93.80500030517578,93.79000091552734,93.79879760742188,14922
2026-06-11 16:45:00+00:00,93.79499816894531,93.79989624023438,93.79499816894531,93.79499816894531,7379
2026-06-11 16:50:00+00:00,93.80999755859375,93.81999969482422,93.80999755859375,93.80999755859375,26045
2026-06-11 16:55:00+00:00,93.80010223388672,93.81500244140625,93.80010223388672,93.81500244140625,20338
2026-06-11 17:00:00+00:00,93.77269744873047,93.81999969482422,93.75,93.80999755859375,133223
2026-06-11 17:05:00+00:00,93.77999877929688,93.77999877929688,93.76229858398438,93.77999877929688,7612
2026-06-11 17:10:00+00:00,93.80500030517578,93.82969665527344,93.80000305175781,93.80000305175781,112218
2026-06-11 17:15:00+00:00,93.81500244140625,93.81500244140625,93.80000305175781,93.80500030517578,9816
2026-06-11 17:20:00+00:00,93.82499694824219,93.82499694824219,93.81500244140625,93.81500244140625,30843
2026-06-11 17:25:00+00:00,93.98500061035156,94.02999877929688,93.80999755859375,93.81999969482422,909769
2026-06-11 17:30:00+00:00,94.06999969482422,94.07499694824219,93.97000122070312,93.98999786376953,242976
2026-06-11 17:35:00+00:00,94.12000274658203,94.125,94.05999755859375,94.06999969482422,216834
2026-06-11 17:40:00+00:00,94.19999694824219,94.21499633789062,94.12999725341797,94.12999725341797,410903
2026-06-11 17:45:00+00:00,94.19000244140625,94.20500183105469,94.16000366210938,94.19999694824219,372812
2026-06-11 17:50:00+00:00,94.16999816894531,94.20999908447266,94.16000366210938,94.19000244140625,724494
2026-06-11 17:55:00+00:00,94.16500091552734,94.19499969482422,94.16310119628906,94.19000244140625,66849
2026-06-11 18:00:00+00:00,94.1050033569336,94.18000030517578,94.09010314941406,94.16999816894531,484554
2026-06-11 18:05:00+00:00,94.12000274658203,94.13999938964844,94.08999633789062,94.10600280761719,73132
2026-06-11 18:10:00+00:00,94.17410278320312,94.17559814453125,94.12000274658203,94.12000274658203,61283
2026-06-11 18:15:00+00:00,94.25499725341797,94.25499725341797,94.18000030517578,94.18000030517578,234855
2026-06-11 18:20:00+00:00,94.22000122070312,94.2571029663086,94.19499969482422,94.25499725341797,466167
2026-06-11 18:25:00+00:00,94.22000122070312,94.23500061035156,94.21499633789062,94.2249984741211,291697
2026-06-11 18:30:00+00:00,94.2249984741211,94.23999786376953,94.19999694824219,94.2249984741211,477295
2026-06-11 18:35:00+00:00,94.24500274658203,94.25,94.2249984741211,94.22989654541016,114892
2026-06-11 18:40:00+00:00,94.25,94.26000213623047,94.24009704589844,94.2499008178711,26672
2026-06-11 18:45:00+00:00,94.29000091552734,94.29000091552734,94.24500274658203,94.25,196354
2026-06-11 18:50:00+00:00,94.28500366210938,94.29499816894531,94.27999877929688,94.29000091552734,51029
2026-06-11 18:55:00+00:00,94.25,94.30000305175781,94.25,94.29000091552734,199028
2026-06-11 19:00:00+00:00,94.28500366210938,94.28500366210938,94.26000213623047,94.26000213623047,50272
2026-06-11 19:05:00+00:00,94.27010345458984,94.28510284423828,94.24500274658203,94.28500366210938,48663
2026-06-11 19:10:00+00:00,94.31500244140625,94.33000183105469,94.2750015258789,94.2750015258789,361593
2026-06-11 19:15:00+00:00,94.33000183105469,94.33000183105469,94.30500030517578,94.31890106201172,144082
2026-06-11 19:20:00+00:00,94.33000183105469,94.33000183105469,94.31999969482422,94.33000183105469,54810
2026-06-11 19:25:00+00:00,94.31990051269531,94.33999633789062,94.3147964477539,94.32499694824219,174245
2026-06-11 19:30:00+00:00,94.35600280761719,94.375,94.31510162353516,94.31510162353516,174663
2026-06-11 19:35:00+00:00,94.3499984741211,94.36000061035156,94.34870147705078,94.3550033569336,111209
2026-06-11 19:40:00+00:00,94.33999633789062,94.37000274658203,94.3301010131836,94.3550033569336,111008
2026-06-11 19:45:00+00:00,94.33000183105469,94.33999633789062,94.31999969482422,94.33000183105469,87962
2026-06-11 19:50:00+00:00,94.34010314941406,94.3499984741211,94.32499694824219,94.32499694824219,574425
2026-06-11 19:55:00+00:00,94.33000183105469,94.36000061035156,94.33000183105469,94.34380340576172,509108
2026-06-12 13:30:00+00:00,94.13999938964844,94.16999816894531,94.13999938964844,94.1500015258789,71773
2026-06-12 13:35:00+00:00,94.13809967041016,94.1449966430664,94.12000274658203,94.1449966430664,168802
2026-06-12 13:40:00+00:00,94.06500244140625,94.12999725341797,94.0250015258789,94.12999725341797,425208
2026-06-12 13:45:00+00:00,94.08499908447266,94.09500122070312,94.05500030517578,94.06999969482422,101102
2026-06-12 13:50:00+00:00,94.07499694824219,94.09500122070312,94.07170104980469,94.08499908447266,29162
2026-06-12 13:55:00+00:00,94.06500244140625,94.08000183105469,94.05000305175781,94.06999969482422,27192
2026-06-12 14:00:00+00:00,94.08499908447266,94.11000061035156,94.05999755859375,94.05999755859375,265105
2026-06-12 14:05:00+00:00,94.08499908447266,94.09500122070312,94.08000183105469,94.08499908447266,41241
2026-06-12 14:10:00+00:00,94.08999633789062,94.09500122070312,94.06999969482422,94.09500122070312,28041
2026-06-12 14:15:00+00:00,94.08769989013672,94.11000061035156,94.08070373535156,94.08100128173828,46807
2026-06-12 14:20:00+00:00,94.08000183105469,94.08000183105469,94.06009674072266,94.08000183105469,26951
2026-06-12 14:25:00+00:00,94.05500030517578,94.08499908447266,94.04499816894531,94.08499908447266,47724
2026-06-12 14:30:00+00:00,94.05000305175781,94.05999755859375,94.04199981689453,94.05000305175781,88513
2026-06-12 14:35:00+00:00,94.07499694824219,94.08000183105469,94.04499816894531,94.05000305175781,94216
2026-06-12 14:40:00+00:00,94.02339935302734,94.06999969482422,94.02339935302734,94.06999969482422,38865
2026-06-12 14:45:00+00:00,94.02989959716797,94.04000091552734,94.02010345458984,94.02999877929688,83709
2026-06-12 14:50:00+00:00,94.11000061035156,94.1449966430664,94.01499938964844,94.0261001586914,368711
2026-06-12 14:55:00+00:00,94.13999938964844,94.1500015258789,94.11000061035156,94.12000274658203,217473
2026-06-12 15:00:00+00:00,94.15499877929688,94.19000244140625,94.12999725341797,94.13999938964844,147927
2026-06-12 15:05:00+00:00,94.16500091552734,94.17510223388672,94.1500015258789,94.16000366210938,65532
2026-06-12 15:10:00+00:00,94.19000244140625,94.19000244140625,94.16500091552734,94.16999816894531,15857
2026-06-12 15:15:00+00:00,94.19000244140625,94.19999694824219,94.18000030517578,94.18990325927734,8299
2026-06-12 15:20:00+00:00,94.21499633789062,94.21820068359375,94.18000030517578,94.18499755859375,861270
2026-06-12 15:25:00+00:00,94.20120239257812,94.22000122070312,94.19000244140625,94.21499633789062,85366
2026-06-12 15:30:00+00:00,94.19499969482422,94.20500183105469,94.18879699707031,94.19999694824219,32655
2026-06-12 15:35:00+00:00,94.2300033569336,94.2699966430664,94.19000244140625,94.19999694824219,400970
2026-06-12 15:40:00+00:00,94.20999908447266,94.22969818115234,94.20999908447266,94.22000122070312,16758
2026-06-12 15:45:00+00:00,94.19499969482422,94.21880340576172,94.18499755859375,94.20999908447266,19086
2026-06-12 15:50:00+00:00,94.20500183105469,94.20999908447266,94.19000244140625,94.19000244140625,34246
2026-06-12 15:55:00+00:00,94.19000244140625,94.20500183105469,94.19000244140625,94.19999694824219,22334
2026-06-12 16:00:00+00:00,94.18000030517578,94.19000244140625,94.16500091552734,94.19000244140625,45646
2026-06-12 16:05:00+00:00,94.1500015258789,94.17960357666016,94.1500015258789,94.17500305175781,79988
2026-06-12 16:10:00+00:00,94.19999694824219,94.2300033569336,94.13999938964844,94.14119720458984,630205
2026-06-12 16:15:00+00:00,94.19000244140625,94.2249984741211,94.19000244140625,94.20500183105469,55974
2026-06-12 16:20:00+00:00,94.1863021850586,94.20909881591797,94.18000030517578,94.19499969482422,400834
2026-06-12 16:25:00+00:00,94.17500305175781,94.18920135498047,94.17500305175781,94.18879699707031,30774
2026-06-12 16:30:00+00:00,94.17500305175781,94.17500305175781,94.16500091552734,94.17500305175781,35668
2026-06-12 16:35:00+00:00,94.16000366210938,94.17500305175781,94.1500015258789,94.17500305175781,181835
2026-06-12 16:40:00+00:00,94.16500091552734,94.18000030517578,94.13999938964844,94.16000366210938,194053
2026-06-12 16:45:00+00:00,94.1698989868164,94.17070007324219,94.16000366210938,94.16000366210938,128964
2026-06-12 16:50:00+00:00,94.16999816894531,94.18000030517578,94.15499877929688,94.16500091552734,19121
2026-06-12 16:55:00+00:00,94.16000366210938,94.16000366210938,94.1500015258789,94.16000366210938,8945
2026-06-12 17:00:00+00:00,94.15989685058594,94.16000366210938,94.1449966430664,94.16000366210938,88870
2026-06-12 17:05:00+00:00,94.18000030517578,94.2300033569336,94.15499877929688,94.15499877929688,303530
2026-06-12 17:10:00+00:00,94.16500091552734,94.18000030517578,94.16000366210938,94.18000030517578,25301
2026-06-12 17:15:00+00:00,94.19000244140625,94.19499969482422,94.18000030517578,94.18000030517578,15861
2026-06-12 17:20:00+00:00,94.18070220947266,94.19999694824219,94.18000030517578,94.19000244140625,26834
2026-06-12 17:25:00+00:00,94.19499969482422,94.19499969482422,94.17500305175781,94.18499755859375,31004
2026-06-12 17:30:00+00:00,94.18000030517578,94.19499969482422,94.18000030517578,94.19499969482422,8724
2026-06-12 17:35:00+00:00,94.1895980834961,94.1895980834961,94.16999816894531,94.18499755859375,13563
2026-06-12 17:40:00+00:00,94.19889831542969,94.19999694824219,94.18499755859375,94.18499755859375,26841
2026-06-12 17:45:00+00:00,94.18939971923828,94.19499969482422,94.18000030517578,94.19499969482422,27441
2026-06-12 17:50:00+00:00,94.18499755859375,94.20500183105469,94.18499755859375,94.18990325927734,48619
2026-06-12 17:55:00+00:00,94.17030334472656,94.18000030517578,94.16300201416016,94.18000030517578,26376
2026-06-12 18:00:00+00:00,94.16999816894531,94.17610168457031,94.16500091552734,94.17050170898438,27160
2026-06-12 18:05:00+00:00,94.19000244140625,94.19000244140625,94.16500091552734,94.16500091552734,37479
2026-06-12 18:10:00+00:00,94.18499755859375,94.19000244140625,94.18000030517578,94.18779754638672,18584
2026-06-12 18:15:00+00:00,94.19000244140625,94.19499969482422,94.18000030517578,94.18499755859375,117723
2026-06-12 18:20:00+00:00,94.19499969482422,94.19999694824219,94.18409729003906,94.18550109863281,120466
2026-06-12 18:25:00+00:00,94.19499969482422,94.19999694824219,94.19000244140625,94.19499969482422,21353
2026-06-12 18:30:00+00:00,94.19499969482422,94.20999908447266,94.19499969482422,94.19999694824219,55041
2026-06-12 18:35:00+00:00,94.19999694824219,94.20999908447266,94.19499969482422,94.19499969482422,31095
2026-06-12 18:40:00+00:00,94.20500183105469,94.20500183105469,94.19999694824219,94.20249938964844,10369
2026-06-12 18:45:00+00:00,94.20500183105469,94.20999908447266,94.19010162353516,94.20500183105469,43322
2026-06-12 18:50:00+00:00,94.19010162353516,94.20999908447266,94.19000244140625,94.20999908447266,16564
2026-06-12 18:55:00+00:00,94.13999938964844,94.20989990234375,94.13500213623047,94.19499969482422,113045
2026-06-12 19:00:00+00:00,94.1541976928711,94.15499877929688,94.12000274658203,94.13999938964844,31960
2026-06-12 19:05:00+00:00,94.1500015258789,94.16000366210938,94.12999725341797,94.1500015258789,278124
2026-06-12 19:10:00+00:00,94.1500015258789,94.1500015258789,94.12999725341797,94.1449966430664,62230
2026-06-12 19:15:00+00:00,94.15499877929688,94.16000366210938,94.1417007446289,94.14990234375,24042
2026-06-12 19:20:00+00:00,94.13999938964844,94.16000366210938,94.13999938964844,94.15989685058594,22700
2026-06-12 19:25:00+00:00,94.16000366210938,94.16000366210938,94.13999938964844,94.14900207519531,18646
2026-06-12 19:30:00+00:00,94.15499877929688,94.16000366210938,94.1500015258789,94.15499877929688,24693
2026-06-12 19:35:00+00:00,94.16000366210938,94.18000030517578,94.1500015258789,94.15499877929688,372659
2026-06-12 19:40:00+00:00,94.15499877929688,94.16000366210938,94.1500015258789,94.15499877929688,57018
2026-06-12 19:45:00+00:00,94.13500213623047,94.1500015258789,94.13500213623047,94.1500015258789,74118
2026-06-12 19:50:00+00:00,94.1449966430664,94.16000366210938,94.13999938964844,94.13999938964844,185163
2026-06-12 19:55:00+00:00,94.18499755859375,94.19000244140625,94.1449966430664,94.1500015258789,548649
2026-06-15 13:30:00+00:00,94.41000366210938,94.43000030517578,94.381103515625,94.38999938964844,154688
2026-06-15 13:35:00+00:00,94.41500091552734,94.42500305175781,94.4010009765625,94.41000366210938,656185
2026-06-15 13:40:00+00:00,94.41000366210938,94.41999816894531,94.40499877929688,94.41500091552734,338374
2026-06-15 13:45:00+00:00,94.4000015258789,94.41999816894531,94.3949966430664,94.41000366210938,315678
2026-06-15 13:50:00+00:00,94.41500091552734,94.41999816894531,94.3949966430664,94.40499877929688,49315
2026-06-15 13:55:00+00:00,94.42500305175781,94.42669677734375,94.41000366210938,94.41500091552734,36765
2026-06-15 14:00:00+00:00,94.43499755859375,94.43990325927734,94.4220962524414,94.42500305175781,28471
2026-06-15 14:05:00+00:00,94.44499969482422,94.44999694824219,94.44000244140625,94.44000244140625,98533
2026-06-15 14:10:00+00:00,94.44499969482422,94.45500183105469,94.43099975585938,94.44999694824219,347550
2026-06-15 14:15:00+00:00,94.45500183105469,94.47000122070312,94.44999694824219,94.44999694824219,0
2026-06-15 14:20:00+00:00,94.45500183105469,94.47000122070312,94.45010375976562,94.45999908447266,0
2026-06-15 14:25:00+00:00,94.44499969482422,94.45999908447266,94.44249725341797,94.45500183105469,19791
2026-06-15 14:30:00+00:00,94.43659973144531,94.44999694824219,94.43659973144531,94.44999694824219,19610
2026-06-15 14:35:00+00:00,94.42849731445312,94.44999694824219,94.41000366210938,94.43499755859375,27172
2026-06-15 14:40:00+00:00,94.42500305175781,94.43000030517578,94.41999816894531,94.42500305175781,2706
2026-06-15 14:45:00+00:00,94.41179656982422,94.43000030517578,94.41000366210938,94.42500305175781,30358
2026-06-15 14:50:00+00:00,94.375,94.41230010986328,94.375,94.41230010986328,31315
2026-06-15 14:55:00+00:00,94.375,94.38999938964844,94.36499786376953,94.375,22854
2026-06-15 15:00:00+00:00,94.34500122070312,94.37000274658203,94.34010314941406,94.37000274658203,16982
2026-06-15 15:05:00+00:00,94.33999633789062,94.3550033569336,94.33499908447266,94.3499984741211,55646
2026-06-15 15:10:00+00:00,94.33499908447266,94.3550033569336,94.33000183105469,94.34500122070312,33779
2026-06-15 15:15:00+00:00,94.34500122070312,94.36000061035156,94.33499908447266,94.33999633789062,20840
2026-06-15 15:20:00+00:00,94.33650207519531,94.3499984741211,94.33000183105469,94.34500122070312,48047
2026-06-15 15:25:00+00:00,94.3550033569336,94.3550033569336,94.33000183105469,94.33499908447266,24724
2026-06-15 15:30:00+00:00,94.34500122070312,94.3550033569336,94.33499908447266,94.3550033569336,80949
2026-06-15 15:35:00+00:00,94.36000061035156,94.36000061035156,94.33999633789062,94.34500122070312,23317
2026-06-15 15:40:00+00:00,94.3499984741211,94.36000061035156,94.33999633789062,94.36000061035156,19889
2026-06-15 15:45:00+00:00,94.36499786376953,94.36499786376953,94.3499984741211,94.3499984741211,33734
2026-06-15 15:50:00+00:00,94.36499786376953,94.37000274658203,94.36000061035156,94.36219787597656,111538
2026-06-15 15:55:00+00:00,94.36499786376953,94.375,94.36009979248047,94.36499786376953,36074
2026-06-15 16:00:00+00:00,94.375,94.38999938964844,94.36499786376953,94.36499786376953,53365
2026-06-15 16:05:00+00:00,94.36499786376953,94.375,94.36000061035156,94.375,12356
2026-06-15 16:10:00+00:00,94.36650085449219,94.37000274658203,94.36009979248047,94.36499786376953,15802
2026-06-15 16:15:00+00:00,94.33989715576172,94.36990356445312,94.3313980102539,94.36499786376953,20623
2026-06-15 16:20:00+00:00,94.3499984741211,94.36000061035156,94.33000183105469,94.33499908447266,29784
2026-06-15 16:25:00+00:00,94.35030364990234,94.36000061035156,94.35009765625,94.3550033569336,7197
2026-06-15 16:30:00+00:00,94.32499694824219,94.35870361328125,94.32499694824219,94.3550033569336,32708
2026-06-15 16:35:00+00:00,94.33000183105469,94.33499908447266,94.31999969482422,94.32859802246094,31272
2026-06-15 16:40:00+00:00,94.32450103759766,94.33000183105469,94.31999969482422,94.33000183105469,15651
2026-06-15 16:45:00+00:00,94.31500244140625,94.32499694824219,94.30999755859375,94.32499694824219,13496
2026-06-15 16:50:00+00:00,94.30000305175781,94.31500244140625,94.30000305175781,94.31500244140625,26443
2026-06-15 16:55:00+00:00,94.29499816894531,94.30000305175781,94.29000091552734,94.30000305175781,18228
2026-06-15 17:00:00+00:00,94.2645034790039,94.29499816894531,94.26229858398438,94.29499816894531,46322
2026-06-15 17:05:00+00:00,94.2750015258789,94.2750015258789,94.26000213623047,94.26499938964844,63038
2026-06-15 17:10:00+00:00,94.28500366210938,94.2853012084961,94.2699966430664,94.27010345458984,97789
2026-06-15 17:15:00+00:00,94.28500366210938,94.2876968383789,94.27999877929688,94.28500366210938,25574
2026-06-15 17:20:00+00:00,94.2750015258789,94.28500366210938,94.26210021972656,94.28500366210938,48371
2026-06-15 17:25:00+00:00,94.28500366210938,94.28500366210938,94.27999877929688,94.27999877929688,15508
2026-06-15 17:30:00+00:00,94.29139709472656,94.30500030517578,94.27999877929688,94.28500366210938,24524
2026-06-15 17:35:00+00:00,94.29000091552734,94.29879760742188,94.28500366210938,94.29499816894531,22801
2026-06-15 17:40:00+00:00,94.28500366210938,94.2979965209961,94.27999877929688,94.2979965209961,18127
2026-06-15 17:45:00+00:00,94.28500366210938,94.2876968383789,94.27999877929688,94.27999877929688,15701
2026-06-15 17:50:00+00:00,94.29499816894531,94.29989624023438,94.27999877929688,94.28500366210938,14152
2026-06-15 17:55:00+00:00,94.27999877929688,94.29499816894531,94.27999877929688,94.29499816894531,16924
2026-06-15 18:00:00+00:00,94.28500366210938,94.28500366210938,94.27010345458984,94.27999877929688,28943
2026-06-15 18:05:00+00:00,94.27010345458984,94.28559875488281,94.27010345458984,94.285400390625,17227
2026-06-15 18:10:00+00:00,94.2750015258789,94.27999877929688,94.2699966430664,94.2750015258789,39192
2026-06-15 18:15:00+00:00,94.2699966430664,94.2750015258789,94.26499938964844,94.2750015258789,15771
2026-06-15 18:20:00+00:00,94.28009796142578,94.28849792480469,94.26499938964844,94.2698974609375,15684
2026-06-15 18:25:00+00:00,94.28500366210938,94.29499816894531,94.27999877929688,94.28500366210938,13057
2026-06-15 18:30:00+00:00,94.27989959716797,94.27999877929688,94.2699966430664,94.27999877929688,23799
2026-06-15 18:35:00+00:00,94.2750015258789,94.27529907226562,94.26499938964844,94.2699966430664,13157
2026-06-15 18:40:00+00:00,94.2750015258789,94.27989959716797,94.2699966430664,94.2699966430664,22798
2026-06-15 18:45:00+00:00,94.28500366210938,94.28500366210938,94.2750015258789,94.28500366210938,21430
2026-06-15 18:50:00+00:00,94.2750015258789,94.27999877929688,94.2699966430664,94.27999877929688,23143
2026-06-15 18:55:00+00:00,94.2750015258789,94.27999877929688,94.26499938964844,94.2699966430664,35389
2026-06-15 19:00:00+00:00,94.29499816894531,94.30000305175781,94.27999877929688,94.27999877929688,46675
2026-06-15 19:05:00+00:00,94.30500030517578,94.30999755859375,94.29309844970703,94.29499816894531,28797
2026-06-15 19:10:00+00:00,94.31999969482422,94.31999969482422,94.30180358886719,94.3021011352539,20404
2026-06-15 19:15:00+00:00,94.31500244140625,94.31990051269531,94.30999755859375,94.31500244140625,19899
2026-06-15 19:20:00+00:00,94.30999755859375,94.31999969482422,94.30999755859375,94.31500244140625,20296
2026-06-15 19:25:00+00:00,94.29930114746094,94.3156967163086,94.29499816894531,94.30999755859375,49882
2026-06-15 19:30:00+00:00,94.27999877929688,94.30500030517578,94.27999877929688,94.30000305175781,32981
2026-06-15 19:35:00+00:00,94.2750015258789,94.29000091552734,94.2750015258789,94.27999877929688,76653
2026-06-15 19:40:00+00:00,94.2750015258789,94.29000091552734,94.27010345458984,94.27999877929688,80052
2026-06-15 19:45:00+00:00,94.29499816894531,94.30000305175781,94.2750015258789,94.2750015258789,112944
2026-06-15 19:50:00+00:00,94.29010009765625,94.30000305175781,94.27999877929688,94.29499816894531,131218
2026-06-15 19:55:00+00:00,94.2699966430664,94.29499816894531,94.26000213623047,94.29000091552734,293927
2026-06-16 13:30:00+00:00,94.3949966430664,94.4000015258789,94.36000061035156,94.37000274658203,110028
2026-06-16 13:35:00+00:00,94.38999938964844,94.40499877929688,94.38999938964844,94.4000015258789,35608
2026-06-16 13:40:00+00:00,94.37069702148438,94.38999938964844,94.37000274658203,94.38999938964844,39717
2026-06-16 13:45:00+00:00,94.36990356445312,94.37000274658203,94.3499984741211,94.37000274658203,40707
2026-06-16 13:50:00+00:00,94.38500213623047,94.40989685058594,94.37000274658203,94.37000274658203,152756
2026-06-16 13:55:00+00:00,94.3949966430664,94.4000015258789,94.38990020751953,94.38999938964844,126501
2026-06-16 14:00:00+00:00,94.39129638671875,94.40499877929688,94.38999938964844,94.39959716796875,28712
2026-06-16 14:05:00+00:00,94.38500213623047,94.4000015258789,94.38009643554688,94.38999938964844,86267
2026-06-16 14:10:00+00:00,94.39990234375,94.39990234375,94.37999725341797,94.38870239257812,35023
2026-06-16 14:15:00+00:00,94.4000015258789,94.4000015258789,94.38999938964844,94.38999938964844,25859
2026-06-16 14:20:00+00:00,94.40899658203125,94.41999816894531,94.4000015258789,94.4093017578125,19702
2026-06-16 14:25:00+00:00,94.41500091552734,94.42659759521484,94.41000366210938,94.41000366210938,12198
2026-06-16 14:30:00+00:00,94.40499877929688,94.41999816894531,94.40149688720703,94.41500091552734,22171
2026-06-16 14:35:00+00:00,94.41300201416016,94.42359924316406,94.40499877929688,94.40989685058594,76169
2026-06-16 14:40:00+00:00,94.40499877929688,94.41999816894531,94.40499877929688,94.41500091552734,10314
2026-06-16 14:45:00+00:00,94.41200256347656,94.41200256347656,94.4000015258789,94.40119934082031,14310
2026-06-16 14:50:00+00:00,94.40499877929688,94.4198989868164,94.4000015258789,94.4198989868164,10153
2026-06-16 14:55:00+00:00,94.44000244140625,94.44660186767578,94.4010009765625,94.4010009765625,21774
2026-06-16 15:00:00+00:00,94.43789672851562,94.44499969482422,94.42500305175781,94.44499969482422,42702
2026-06-16 15:05:00+00:00,94.42849731445312,94.43499755859375,94.42500305175781,94.42990112304688,8208
2026-06-16 15:10:00+00:00,94.43579864501953,94.44000244140625,94.42009735107422,94.42009735107422,7070
2026-06-16 15:15:00+00:00,94.44499969482422,94.44499969482422,94.43000030517578,94.43009948730469,37196
2026-06-16 15:20:00+00:00,94.44300079345703,94.44999694824219,94.43499755859375,94.44439697265625,27533
2026-06-16 15:25:00+00:00,94.44750213623047,94.44999694824219,94.44499969482422,94.44499969482422,14399
2026-06-16 15:30:00+00:00,94.4625015258789,94.47000122070312,94.44000244140625,94.44499969482422,68195
2026-06-16 15:35:00+00:00,94.47000122070312,94.47820281982422,94.45999908447266,94.46499633789062,8330
2026-06-16 15:40:00+00:00,94.4749984741211,94.4813003540039,94.46499633789062,94.4749984741211,609444
2026-06-16 15:45:00+00:00,94.48500061035156,94.48500061035156,94.45999908447266,94.4800033569336,21596
2026-06-16 15:50:00+00:00,94.55999755859375,94.56500244140625,94.48500061035156,94.48500061035156,34677
2026-06-16 15:55:00+00:00,94.57499694824219,94.6050033569336,94.55999755859375,94.56500244140625,111889
2026-06-16 16:00:00+00:00,94.54499816894531,94.56999969482422,94.54499816894531,94.56500244140625,24618
2026-06-16 16:05:00+00:00,94.55000305175781,94.55999755859375,94.54499816894531,94.54499816894531,16016
2026-06-16 16:10:00+00:00,94.56529998779297,94.56999969482422,94.55000305175781,94.55500030517578,28653
2026-06-16 16:15:00+00:00,94.58000183105469,94.58000183105469,94.56269836425781,94.56269836425781,30760
2026-06-16 16:20:00+00:00,94.57499694824219,94.5801010131836,94.56500244140625,94.56999969482422,27385
2026-06-16 16:25:00+00:00,94.56500244140625,94.58560180664062,94.56500244140625,94.57499694824219,9753
2026-06-16 16:30:00+00:00,94.57990264892578,94.58000183105469,94.56500244140625,94.56500244140625,13985
2026-06-16 16:35:00+00:00,94.57499694824219,94.57589721679688,94.56500244140625,94.57009887695312,17101
2026-06-16 16:40:00+00:00,94.55999755859375,94.56999969482422,94.55999755859375,94.56999969482422,8091
2026-06-16 16:45:00+00:00,94.57499694824219,94.58000183105469,94.55500030517578,94.55500030517578,12549
2026-06-16 16:50:00+00:00,94.56510162353516,94.58000183105469,94.56220245361328,94.57610321044922,104120
2026-06-16 16:55:00+00:00,94.56999969482422,94.58699798583984,94.56999969482422,94.57499694824219,25490
2026-06-16 17:00:00+00:00,94.58499908447266,94.61000061035156,94.57499694824219,94.57499694824219,64173
2026-06-16 17:05:00+00:00,94.58499908447266,94.58999633789062,94.58000183105469,94.58499908447266,15815
2026-06-16 17:10:00+00:00,94.58000183105469,94.589599609375,94.58000183105469,94.58499908447266,14375
2026-06-16 17:15:00+00:00,94.58499908447266,94.5999984741211,94.58000183105469,94.58989715576172,30761
2026-06-16 17:20:00+00:00,94.57499694824219,94.58000183105469,94.56999969482422,94.58000183105469,14096
2026-06-16 17:25:00+00:00,94.57499694824219,94.58999633789062,94.57099914550781,94.58999633789062,23875
2026-06-16 17:30:00+00:00,94.58499908447266,94.58999633789062,94.57499694824219,94.57499694824219,19650
2026-06-16 17:35:00+00:00,94.58219909667969,94.59500122070312,94.58000183105469,94.58820343017578,27694
2026-06-16 17:40:00+00:00,94.58499908447266,94.58999633789062,94.58000183105469,94.58499908447266,105488
2026-06-16 17:45:00+00:00,94.59519958496094,94.5999984741211,94.58999633789062,94.58999633789062,23453
2026-06-16 17:50:00+00:00,94.60009765625,94.61000061035156,94.59230041503906,94.5979995727539,20415
2026-06-16 17:55:00+00:00,94.6050033569336,94.6155014038086,94.60009765625,94.61000061035156,35278
2026-06-16 18:00:00+00:00,94.59500122070312,94.61000061035156,94.59500122070312,94.5999984741211,27524
2026-06-16 18:05:00+00:00,94.58499908447266,94.59500122070312,94.58000183105469,94.59500122070312,25273
2026-06-16 18:10:00+00:00,94.57499694824219,94.58999633789062,94.56999969482422,94.58499908447266,44157
2026-06-16 18:15:00+00:00,94.57009887695312,94.57649993896484,94.56999969482422,94.57499694824219,12476
2026-06-16 18:20:00+00:00,94.56500244140625,94.58000183105469,94.55999755859375,94.56999969482422,43851
2026-06-16 18:25:00+00:00,94.57499694824219,94.57499694824219,94.56230163574219,94.56500244140625,42276
2026-06-16 18:30:00+00:00,94.56500244140625,94.58499908447266,94.55999755859375,94.57360076904297,68119
2026-06-16 18:35:00+00:00,94.57499694824219,94.57499694824219,94.56500244140625,94.56999969482422,32071
2026-06-16 18:40:00+00:00,94.57499694824219,94.58000183105469,94.56999969482422,94.56999969482422,21842
2026-06-16 18:45:00+00:00,94.57499694824219,94.58000183105469,94.57009887695312,94.58000183105469,26142
2026-06-16 18:50:00+00:00,94.57499694824219,94.58000183105469,94.57009887695312,94.57499694824219,37474
2026-06-16 18:55:00+00:00,94.56919860839844,94.5999984741211,94.5636978149414,94.57499694824219,87461
2026-06-16 19:00:00+00:00,94.58499908447266,94.58999633789062,94.56999969482422,94.56999969482422,88876
2026-06-16 19:05:00+00:00,94.58499908447266,94.58999633789062,94.57499694824219,94.58499908447266,110870
2026-06-16 19:10:00+00:00,94.58499908447266,94.59500122070312,94.58499908447266,94.58989715576172,60225
2026-06-16 19:15:00+00:00,94.57499694824219,94.58999633789062,94.56999969482422,94.58499908447266,177065
2026-06-16 19:20:00+00:00,94.58499908447266,94.58499908447266,94.57009887695312,94.57499694824219,56156
2026-06-16 19:25:00+00:00,94.58499908447266,94.58999633789062,94.58000183105469,94.58499908447266,52381
2026-06-16 19:30:00+00:00,94.58499908447266,94.58999633789062,94.58000183105469,94.58499908447266,67520
2026-06-16 19:35:00+00:00,94.57499694824219,94.58999633789062,94.57360076904297,94.58499908447266,78771
2026-06-16 19:40:00+00:00,94.56999969482422,94.58000183105469,94.56500244140625,94.57499694824219,81799
2026-06-16 19:45:00+00:00,94.55999755859375,94.56999969482422,94.55999755859375,94.56999969482422,48458
2026-06-16 19:50:00+00:00,94.55989837646484,94.56999969482422,94.55229949951172,94.56500244140625,103994
2026-06-16 19:55:00+00:00,94.5199966430664,94.55500030517578,94.5199966430664,94.55500030517578,220077
2026-06-17 13:30:00+00:00,94.51000213623047,94.53199768066406,94.51000213623047,94.52999877929688,77560
2026-06-17 13:35:00+00:00,94.48500061035156,94.5199966430664,94.48500061035156,94.5,31962
2026-06-17 13:40:00+00:00,94.5,94.5,94.4749984741211,94.48500061035156,38915
2026-06-17 13:45:00+00:00,94.51499938964844,94.52989959716797,94.48999786376953,94.49500274658203,146629
2026-06-17 13:50:00+00:00,94.54499816894531,94.54499816894531,94.5250015258789,94.5250015258789,67316
2026-06-17 13:55:00+00:00,94.55149841308594,94.56999969482422,94.54499816894531,94.54499816894531,403170
2026-06-17 14:00:00+00:00,94.52349853515625,94.55989837646484,94.52059936523438,94.55000305175781,34123
2026-06-17 14:05:00+00:00,94.52999877929688,94.54499816894531,94.5250015258789,94.5250015258789,29170
2026-06-17 14:10:00+00:00,94.50499725341797,94.52030181884766,94.49500274658203,94.52030181884766,29538
2026-06-17 14:15:00+00:00,94.52010345458984,94.52989959716797,94.49500274658203,94.49500274658203,100161
2026-06-17 14:20:00+00:00,94.5250015258789,94.52999877929688,94.5199966430664,94.5199966430664,65941
2026-06-17 14:25:00+00:00,94.54000091552734,94.54499816894531,94.52999877929688,94.54000091552734,112231
2026-06-17 14:30:00+00:00,94.5250015258789,94.53500366210938,94.51499938964844,94.53500366210938,25938
2026-06-17 14:35:00+00:00,94.51119995117188,94.5250015258789,94.51000213623047,94.5250015258789,27270
2026-06-17 14:40:00+00:00,94.50499725341797,94.51000213623047,94.49500274658203,94.51000213623047,15633
2026-06-17 14:45:00+00:00,94.48989868164062,94.51000213623047,94.4000015258789,94.50499725341797,228970
2026-06-17 14:50:00+00:00,94.5,94.51499938964844,94.46499633789062,94.47000122070312,86005
2026-06-17 14:55:00+00:00,94.45500183105469,94.5,94.45500183105469,94.4800033569336,218811
2026-06-17 15:00:00+00:00,94.4749984741211,94.4800033569336,94.44999694824219,94.45999908447266,31468
2026-06-17 15:05:00+00:00,94.48970031738281,94.49500274658203,94.4749984741211,94.4749984741211,32339
2026-06-17 15:10:00+00:00,94.48999786376953,94.48999786376953,94.47509765625,94.48500061035156,30902
2026-06-17 15:15:00+00:00,94.5250015258789,94.5250015258789,94.4800033569336,94.4800033569336,14291
2026-06-17 15:20:00+00:00,94.55500030517578,94.55500030517578,94.5199966430664,94.5199966430664,47083
2026-06-17 15:25:00+00:00,94.54000091552734,94.56500244140625,94.53500366210938,94.55500030517578,20831
2026-06-17 15:30:00+00:00,94.54000091552734,94.54499816894531,94.53040313720703,94.54000091552734,47374
2026-06-17 15:35:00+00:00,94.51499938964844,94.53610229492188,94.50499725341797,94.52999877929688,19721
2026-06-17 15:40:00+00:00,94.51499938964844,94.5250015258789,94.50499725341797,94.51000213623047,18313
2026-06-17 15:45:00+00:00,94.51499938964844,94.5199966430664,94.51100158691406,94.51499938964844,12264
2026-06-17 15:50:00+00:00,94.4999008178711,94.5199966430664,94.49009704589844,94.5199966430664,210049
2026-06-17 15:55:00+00:00,94.50980377197266,94.51499938964844,94.49500274658203,94.49500274658203,742379
2026-06-17 16:00:00+00:00,94.50499725341797,94.5199966430664,94.5,94.51000213623047,313718
2026-06-17 16:05:00+00:00,94.52369689941406,94.52999877929688,94.50499725341797,94.51000213623047,19107
2026-06-17 16:10:00+00:00,94.52110290527344,94.52999877929688,94.52110290527344,94.5250015258789,13589
2026-06-17 16:15:00+00:00,94.54499816894531,94.55000305175781,94.52999877929688,94.52999877929688,23201
2026-06-17 16:20:00+00:00,94.56009674072266,94.56999969482422,94.54000091552734,94.54499816894531,17065
2026-06-17 16:25:00+00:00,94.5510025024414,94.5696029663086,94.5510025024414,94.56500244140625,27215
2026-06-17 16:30:00+00:00,94.54219818115234,94.55999755859375,94.54219818115234,94.55500030517578,21015
2026-06-17 16:35:00+00:00,94.55999755859375,94.55999755859375,94.53500366210938,94.54219818115234,13388
2026-06-17 16:40:00+00:00,94.55500030517578,94.55999755859375,94.55000305175781,94.55500030517578,3809
2026-06-17 16:45:00+00:00,94.55999755859375,94.55999755859375,94.55180358886719,94.55500030517578,10401
2026-06-17 16:50:00+00:00,94.55500030517578,94.55999755859375,94.55000305175781,94.55999755859375,15606
2026-06-17 16:55:00+00:00,94.55500030517578,94.55999755859375,94.55500030517578,94.55500030517578,6947
2026-06-17 17:00:00+00:00,94.53849792480469,94.55500030517578,94.53160095214844,94.55500030517578,25748
2026-06-17 17:05:00+00:00,94.5250015258789,94.53500366210938,94.48500061035156,94.52999877929688,289033
2026-06-17 17:10:00+00:00,94.5250015258789,94.53500366210938,94.5199966430664,94.52999877929688,13700
2026-06-17 17:15:00+00:00,94.5199966430664,94.52999877929688,94.51499938964844,94.52999877929688,28636
2026-06-17 17:20:00+00:00,94.52999877929688,94.53500366210938,94.51010131835938,94.51010131835938,21071
2026-06-17 17:25:00+00:00,94.52999877929688,94.54000091552734,94.5250015258789,94.5250015258789,16560
2026-06-17 17:30:00+00:00,94.53500366210938,94.54000091552734,94.52999877929688,94.53500366210938,20496
2026-06-17 17:35:00+00:00,94.52999877929688,94.54000091552734,94.52999877929688,94.52999877929688,22853
2026-06-17 17:40:00+00:00,94.5385971069336,94.5385971069336,94.5250015258789,94.53500366210938,16569
2026-06-17 17:45:00+00:00,94.54499816894531,94.55000305175781,94.54000091552734,94.54000091552734,16671
2026-06-17 17:50:00+00:00,94.56500244140625,94.56500244140625,94.54000091552734,94.54499816894531,132675
2026-06-17 17:55:00+00:00,94.56500244140625,94.56999969482422,94.55999755859375,94.56500244140625,68408
2026-06-17 18:00:00+00:00,94.25,94.56999969482422,94.20500183105469,94.56999969482422,805970
2026-06-17 18:05:00+00:00,94.29499816894531,94.30500030517578,94.23500061035156,94.25499725341797,94415
2026-06-17 18:10:00+00:00,94.30999755859375,94.31500244140625,94.27059936523438,94.29989624023438,304526
2026-06-17 18:15:00+00:00,94.34649658203125,94.375,94.30000305175781,94.30000305175781,150833
2026-06-17 18:20:00+00:00,94.37000274658203,94.38999938964844,94.33080291748047,94.34500122070312,56460
2026-06-17 18:25:00+00:00,94.34049987792969,94.37000274658203,94.30999755859375,94.37000274658203,145892
2026-06-17 18:30:00+00:00,94.26000213623047,94.51000213623047,94.25,94.35990142822266,506474
2026-06-17 18:35:00+00:00,94.375,94.41500091552734,94.2699966430664,94.2699966430664,188142
2026-06-17 18:40:00+00:00,94.45999908447266,94.48999786376953,94.33499908447266,94.37999725341797,283752
2026-06-17 18:45:00+00:00,94.44499969482422,94.46759796142578,94.41500091552734,94.44999694824219,88882
2026-06-17 18:50:00+00:00,94.41500091552734,94.4800033569336,94.41010284423828,94.44000244140625,189954
2026-06-17 18:55:00+00:00,94.2750015258789,94.41500091552734,94.2605972290039,94.41500091552734,460471
2026-06-17 19:00:00+00:00,94.25499725341797,94.30500030517578,94.2300033569336,94.2750015258789,263503
2026-06-17 19:05:00+00:00,94.20999908447266,94.29499816894531,94.20999908447266,94.25499725341797,295539
2026-06-17 19:10:00+00:00,94.24430084228516,94.24500274658203,94.16999816894531,94.20500183105469,479216
2026-06-17 19:15:00+00:00,94.22000122070312,94.27999877929688,94.20970153808594,94.25,308210
2026-06-17 19:20:00+00:00,94.12999725341797,94.2249984741211,94.12030029296875,94.22000122070312,234855
2026-06-17 19:25:00+00:00,94.0999984741211,94.1449966430664,94.09500122070312,94.125,286212
2026-06-17 19:30:00+00:00,94.06999969482422,94.11990356445312,94.06999969482422,94.0999984741211,364846
2026-06-17 19:35:00+00:00,94.07499694824219,94.09500122070312,94.05999755859375,94.06999969482422,142620
2026-06-17 19:40:00+00:00,94.08000183105469,94.08999633789062,94.05999755859375,94.07499694824219,202413
2026-06-17 19:45:00+00:00,94.0250015258789,94.08699798583984,94.0250015258789,94.08000183105469,177842
2026-06-17 19:50:00+00:00,94.03500366210938,94.04499816894531,94.01000213623047,94.0250015258789,294907
2026-06-17 19:55:00+00:00,94.0250015258789,94.05999755859375,94.0250015258789,94.03500366210938,494240
2026-06-18 13:30:00+00:00,94.4749984741211,94.5,94.44000244140625,94.44000244140625,564945
2026-06-18 13:35:00+00:00,94.50499725341797,94.5198974609375,94.4749984741211,94.4749984741211,125360
2026-06-18 13:40:00+00:00,94.50499725341797,94.5250015258789,94.49500274658203,94.50499725341797,262195
2026-06-18 13:45:00+00:00,94.53500366210938,94.53500366210938,94.48999786376953,94.50499725341797,130050
2026-06-18 13:50:00+00:00,94.5,94.53500366210938,94.49500274658203,94.53500366210938,106979
2026-06-18 13:55:00+00:00,94.5,94.51000213623047,94.49500274658203,94.506103515625,149075
2026-06-18 14:00:00+00:00,94.48500061035156,94.49500274658203,94.4749984741211,94.49500274658203,76781
2026-06-18 14:05:00+00:00,94.48500061035156,94.49500274658203,94.47000122070312,94.48049926757812,60166
2026-06-18 14:10:00+00:00,94.50499725341797,94.50499725341797,94.47239685058594,94.48500061035156,57004
2026-06-18 14:15:00+00:00,94.5250015258789,94.53620147705078,94.50499725341797,94.50499725341797,98707
2026-06-18 14:20:00+00:00,94.5250015258789,94.53990173339844,94.5199966430664,94.53990173339844,63253
2026-06-18 14:25:00+00:00,94.53150177001953,94.53500366210938,94.51110076904297,94.52010345458984,55529
2026-06-18 14:30:00+00:00,94.53079986572266,94.53990173339844,94.52999877929688,94.53089904785156,68007
2026-06-18 14:35:00+00:00,94.53990173339844,94.54499816894531,94.52999877929688,94.53500366210938,111177
2026-06-18 14:40:00+00:00,94.53500366210938,94.55000305175781,94.53009796142578,94.53009796142578,152066
2026-06-18 14:45:00+00:00,94.5250015258789,94.54499816894531,94.52030181884766,94.53500366210938,58748
2026-06-18 14:50:00+00:00,94.52989959716797,94.53990173339844,94.52059936523438,94.52999877929688,46087
2026-06-18 14:55:00+00:00,94.53500366210938,94.54000091552734,94.5250015258789,94.5250015258789,49499
2026-06-18 15:00:00+00:00,94.53500366210938,94.53500366210938,94.5199966430664,94.53500366210938,57553
2026-06-18 15:05:00+00:00,94.56500244140625,94.56510162353516,94.53500366210938,94.53500366210938,69108
2026-06-18 15:10:00+00:00,94.57499694824219,94.5999984741211,94.56500244140625,94.56500244140625,94408
2026-06-18 15:15:00+00:00,94.58000183105469,94.58999633789062,94.56999969482422,94.5770034790039,53804
2026-06-18 15:20:00+00:00,94.55999755859375,94.58000183105469,94.55500030517578,94.58000183105469,60425
2026-06-18 15:25:00+00:00,94.48999786376953,94.55500030517578,94.48500061035156,94.55500030517578,73630
2026-06-18 15:30:00+00:00,94.49500274658203,94.49500274658203,94.48500061035156,94.48999786376953,34940
2026-06-18 15:35:00+00:00,94.4749984741211,94.49530029296875,94.4749984741211,94.48999786376953,45994
2026-06-18 15:40:00+00:00,94.48500061035156,94.49500274658203,94.47000122070312,94.4749984741211,151710
2026-06-18 15:45:00+00:00,94.4717025756836,94.48500061035156,94.4717025756836,94.4802017211914,33928
2026-06-18 15:50:00+00:00,94.4800033569336,94.48999786376953,94.47450256347656,94.47450256347656,42177
2026-06-18 15:55:00+00:00,94.43000030517578,94.48989868164062,94.43000030517578,94.48059844970703,49684
2026-06-18 16:00:00+00:00,94.41059875488281,94.44819641113281,94.41059875488281,94.43000030517578,137167
2026-06-18 16:05:00+00:00,94.43000030517578,94.44499969482422,94.41649627685547,94.41649627685547,142888
2026-06-18 16:10:00+00:00,94.44999694824219,94.45500183105469,94.4302978515625,94.4302978515625,37868
2026-06-18 16:15:00+00:00,94.43150329589844,94.44999694824219,94.43150329589844,94.44059753417969,41045
2026-06-18 16:20:00+00:00,94.44000244140625,94.44000244140625,94.43000030517578,94.43009948730469,25280
2026-06-18 16:25:00+00:00,94.47000122070312,94.47000122070312,94.44499969482422,94.44499969482422,33712
2026-06-18 16:30:00+00:00,94.44730377197266,94.4800033569336,94.44000244140625,94.46499633789062,61272
2026-06-18 16:35:00+00:00,94.44499969482422,94.45500183105469,94.43499755859375,94.44000244140625,21104
2026-06-18 16:40:00+00:00,94.45999908447266,94.4655990600586,94.44000244140625,94.44499969482422,54160
2026-06-18 16:45:00+00:00,94.44499969482422,94.45690155029297,94.44000244140625,94.45690155029297,15028
2026-06-18 16:50:00+00:00,94.43499755859375,94.44010162353516,94.43000030517578,94.44010162353516,15978
2026-06-18 16:55:00+00:00,94.44999694824219,94.44999694824219,94.43499755859375,94.43499755859375,15744
2026-06-18 17:00:00+00:00,94.46499633789062,94.46499633789062,94.43000030517578,94.44999694824219,45860
2026-06-18 17:05:00+00:00,94.45500183105469,94.47000122070312,94.45500183105469,94.46990203857422,13216
2026-06-18 17:10:00+00:00,94.44499969482422,94.44999694824219,94.44100189208984,94.44999694824219,6900
2026-06-18 17:15:00+00:00,94.45999908447266,94.45999908447266,94.44499969482422,94.44499969482422,20055
2026-06-18 17:20:00+00:00,94.48999786376953,94.48999786376953,94.47000122070312,94.47000122070312,21180
2026-06-18 17:25:00+00:00,94.50499725341797,94.51000213623047,94.49440002441406,94.49500274658203,40737
2026-06-18 17:30:00+00:00,94.48500061035156,94.49500274658203,94.4800033569336,94.48500061035156,57580
2026-06-18 17:35:00+00:00,94.4749984741211,94.48500061035156,94.4749984741211,94.48500061035156,13623
2026-06-18 17:40:00+00:00,94.48989868164062,94.48999786376953,94.4800033569336,94.4800033569336,36367
2026-06-18 17:45:00+00:00,94.48079681396484,94.48999786376953,94.47000122070312,94.48500061035156,27984
2026-06-18 17:50:00+00:00,94.48999786376953,94.48999786376953,94.4800033569336,94.48500061035156,18324
2026-06-18 17:55:00+00:00,94.48999786376953,94.48999786376953,94.4833984375,94.48500061035156,20249
2026-06-18 18:00:00+00:00,94.4749984741211,94.48500061035156,94.47000122070312,94.48500061035156,38238
2026-06-18 18:05:00+00:00,94.47000122070312,94.48500061035156,94.46499633789062,94.47769927978516,36988
2026-06-18 18:10:00+00:00,94.47000122070312,94.48989868164062,94.47000122070312,94.4749984741211,17797
2026-06-18 18:15:00+00:00,94.4801025390625,94.48500061035156,94.46009826660156,94.47049713134766,24241
2026-06-18 18:20:00+00:00,94.48500061035156,94.48989868164062,94.4749984741211,94.4800033569336,21979
2026-06-18 18:25:00+00:00,94.46499633789062,94.48500061035156,94.45500183105469,94.48500061035156,45743
2026-06-18 18:30:00+00:00,94.44499969482422,94.45999908447266,94.43499755859375,94.45999908447266,33792
2026-06-18 18:35:00+00:00,94.43499755859375,94.44999694824219,94.43000030517578,94.44989776611328,36702
2026-06-18 18:40:00+00:00,94.42500305175781,94.4365005493164,94.41999816894531,94.43000030517578,33290
2026-06-18 18:45:00+00:00,94.41999816894531,94.43000030517578,94.41999816894531,94.42500305175781,19071
2026-06-18 18:50:00+00:00,94.41500091552734,94.42500305175781,94.41400146484375,94.41999816894531,49774
2026-06-18 18:55:00+00:00,94.4000015258789,94.43000030517578,94.4000015258789,94.41999816894531,83831
2026-06-18 19:00:00+00:00,94.36499786376953,94.3949966430664,94.3550033569336,94.3949966430664,69146
2026-06-18 19:05:00+00:00,94.37000274658203,94.37000274658203,94.36000061035156,94.36499786376953,37687
2026-06-18 19:10:00+00:00,94.36009979248047,94.37750244140625,94.36000061035156,94.36499786376953,165083
2026-06-18 19:15:00+00:00,94.36499786376953,94.375,94.3550033569336,94.36499786376953,69117
2026-06-18 19:20:00+00:00,94.3550033569336,94.37000274658203,94.3499984741211,94.36499786376953,41023
2026-06-18 19:25:00+00:00,94.36000061035156,94.36000061035156,94.3499984741211,94.3499984741211,28602
2026-06-18 19:30:00+00:00,94.34500122070312,94.36000061035156,94.33999633789062,94.3550033569336,87899
2026-06-18 19:35:00+00:00,94.33999633789062,94.3550033569336,94.33419799804688,94.34500122070312,89257
2026-06-18 19:40:00+00:00,94.34500122070312,94.3499984741211,94.33000183105469,94.33999633789062,613133
2026-06-18 19:45:00+00:00,94.33999633789062,94.3499984741211,94.33999633789062,94.34500122070312,152097
2026-06-18 19:50:00+00:00,94.34500122070312,94.3499984741211,94.3322982788086,94.33999633789062,276428
2026-06-18 19:55:00+00:00,94.36000061035156,94.36499786376953,94.33999633789062,94.3499984741211,462080
2026-06-22 13:30:00+00:00,94.11499786376953,94.125,94.09500122070312,94.0999984741211,217989
2026-06-22 13:35:00+00:00,94.09500122070312,94.12059783935547,94.08499908447266,94.11319732666016,39105
2026-06-22 13:40:00+00:00,94.05999755859375,94.1050033569336,94.03500366210938,94.09500122070312,93981
2026-06-22 13:45:00+00:00,94.11000061035156,94.11000061035156,94.06500244140625,94.06500244140625,78980
2026-06-22 13:50:00+00:00,94.05999755859375,94.0999984741211,94.05999755859375,94.0999984741211,43891
2026-06-22 13:55:00+00:00,94.0250015258789,94.05999755859375,94.02249908447266,94.05999755859375,93685
2026-06-22 14:00:00+00:00,94.04139709472656,94.04499816894531,94.0199966430664,94.0199966430664,47916
2026-06-22 14:05:00+00:00,94.08499908447266,94.11000061035156,94.04000091552734,94.04000091552734,58803
2026-06-22 14:10:00+00:00,94.1050033569336,94.11990356445312,94.0510025024414,94.08000183105469,85411
2026-06-22 14:15:00+00:00,94.125,94.12999725341797,94.11000061035156,94.11000061035156,71937
2026-06-22 14:20:00+00:00,94.1050033569336,94.125,94.0999984741211,94.125,73408
2026-06-22 14:25:00+00:00,94.08499908447266,94.1050033569336,94.07499694824219,94.1050033569336,29179
2026-06-22 14:30:00+00:00,94.06500244140625,94.08000183105469,94.05999755859375,94.08000183105469,29591
2026-06-22 14:35:00+00:00,94.06999969482422,94.08000183105469,94.05999755859375,94.06749725341797,27712
2026-06-22 14:40:00+00:00,94.08000183105469,94.08499908447266,94.06500244140625,94.06999969482422,37403
2026-06-22 14:45:00+00:00,94.08999633789062,94.10690307617188,94.07990264892578,94.08000183105469,29209
2026-06-22 14:50:00+00:00,94.0999984741211,94.11750030517578,94.08499908447266,94.08999633789062,53498
2026-06-22 14:55:00+00:00,94.07499694824219,94.0999984741211,94.07499694824219,94.0999984741211,20918
2026-06-22 15:00:00+00:00,94.08499908447266,94.1050033569336,94.06999969482422,94.06999969482422,38210
2026-06-22 15:05:00+00:00,94.11000061035156,94.11000061035156,94.08499908447266,94.08499908447266,37796
2026-06-22 15:10:00+00:00,94.11750030517578,94.12000274658203,94.11000061035156,94.12000274658203,22425
2026-06-22 15:15:00+00:00,94.12999725341797,94.12999725341797,94.11000061035156,94.11000061035156,16023
2026-06-22 15:20:00+00:00,94.1050033569336,94.12750244140625,94.10009765625,94.12750244140625,31680
2026-06-22 15:25:00+00:00,94.08999633789062,94.11000061035156,94.08000183105469,94.1050033569336,121766
2026-06-22 15:30:00+00:00,94.06999969482422,94.08650207519531,94.0604019165039,94.08650207519531,37889
2026-06-22 15:35:00+00:00,94.07450103759766,94.08999633789062,94.05999755859375,94.06999969482422,23604
2026-06-22 15:40:00+00:00,94.0823974609375,94.08999633789062,94.07499694824219,94.07499694824219,43042
2026-06-22 15:45:00+00:00,94.0,94.08000183105469,94.0,94.08000183105469,78659
2026-06-22 15:50:00+00:00,94.0250015258789,94.04000091552734,93.99500274658203,93.99500274658203,33042
2026-06-22 15:55:00+00:00,94.01499938964844,94.04000091552734,94.01339721679688,94.0199966430664,12444
2026-06-22 16:00:00+00:00,93.9988021850586,94.02010345458984,93.9800033569336,94.0199966430664,300877
2026-06-22 16:05:00+00:00,94.01000213623047,94.01499938964844,94.0,94.0,20389
2026-06-22 16:10:00+00:00,94.01000213623047,94.01000213623047,93.9906005859375,94.0,29679
2026-06-22 16:15:00+00:00,94.01499938964844,94.0199966430664,94.00499725341797,94.01010131835938,36216
2026-06-22 16:20:00+00:00,94.00499725341797,94.01799774169922,94.0,94.01499938964844,24421
2026-06-22 16:25:00+00:00,93.99500274658203,94.00499725341797,93.9927978515625,94.0,36853
2026-06-22 16:30:00+00:00,93.99500274658203,94.0,93.98500061035156,93.98999786376953,14012
2026-06-22 16:35:00+00:00,94.00499725341797,94.01000213623047,93.99500274658203,93.99500274658203,14375
2026-06-22 16:40:00+00:00,94.00499725341797,94.00990295410156,93.98999786376953,94.0,27880
2026-06-22 16:45:00+00:00,94.01499938964844,94.01499938964844,94.0000991821289,94.01000213623047,19273
2026-06-22 16:50:00+00:00,94.0105972290039,94.01499938964844,94.01000213623047,94.01499938964844,4286
2026-06-22 16:55:00+00:00,94.02870178222656,94.04499816894531,94.00499725341797,94.01010131835938,184910
2026-06-22 17:00:00+00:00,94.0199966430664,94.02989959716797,94.01010131835938,94.02989959716797,14666
2026-06-22 17:05:00+00:00,94.01499938964844,94.0198974609375,94.01000213623047,94.01499938964844,5213
2026-06-22 17:10:00+00:00,94.0,94.0103988647461,94.0,94.0103988647461,53562
2026-06-22 17:15:00+00:00,94.00990295410156,94.01000213623047,94.0,94.0000991821289,8119
2026-06-22 17:20:00+00:00,94.00499725341797,94.0199966430664,94.0000991821289,94.00379943847656,27516
2026-06-22 17:25:00+00:00,94.01499938964844,94.0198974609375,94.0,94.00569915771484,10258
2026-06-22 17:30:00+00:00,93.98500061035156,94.01499938964844,93.98429870605469,94.01499938964844,112663
2026-06-22 17:35:00+00:00,93.9749984741211,93.98999786376953,93.97000122070312,93.98999786376953,15892
2026-06-22 17:40:00+00:00,93.98500061035156,93.98699951171875,93.97000122070312,93.97229766845703,32801
2026-06-22 17:45:00+00:00,93.9749984741211,93.98989868164062,93.9749984741211,93.98500061035156,25580
2026-06-22 17:50:00+00:00,93.98999786376953,93.98999786376953,93.9749984741211,93.9749984741211,13622
2026-06-22 17:55:00+00:00,94.00499725341797,94.00499725341797,93.98370361328125,93.98999786376953,22426
2026-06-22 18:00:00+00:00,94.01580047607422,94.0199966430664,94.0,94.0,50513
2026-06-22 18:05:00+00:00,94.0250015258789,94.02999877929688,94.0154037475586,94.0154037475586,19496
2026-06-22 18:10:00+00:00,94.0250015258789,94.03500366210938,94.02439880371094,94.02999877929688,20765
2026-06-22 18:15:00+00:00,94.01329803466797,94.02989959716797,94.01329803466797,94.0250015258789,19562
2026-06-22 18:20:00+00:00,94.00499725341797,94.01499938964844,93.99500274658203,94.01499938964844,27803
2026-06-22 18:25:00+00:00,94.00499725341797,94.00990295410156,93.98999786376953,94.0,12817
2026-06-22 18:30:00+00:00,94.00499725341797,94.0198974609375,94.0000991821289,94.01000213623047,47960
2026-06-22 18:35:00+00:00,94.01499938964844,94.0199966430664,94.00499725341797,94.00499725341797,20917
2026-06-22 18:40:00+00:00,94.0199966430664,94.0199966430664,94.01000213623047,94.01499938964844,20393
2026-06-22 18:45:00+00:00,94.0250015258789,94.02999877929688,94.01010131835938,94.01499938964844,52841
2026-06-22 18:50:00+00:00,94.0199966430664,94.0250015258789,94.01499938964844,94.0250015258789,19845
2026-06-22 18:55:00+00:00,94.0199966430664,94.0199966430664,94.0,94.01000213623047,143231
2026-06-22 19:00:00+00:00,94.00499725341797,94.02999877929688,94.0,94.0199966430664,95801
2026-06-22 19:05:00+00:00,94.00499725341797,94.01000213623047,93.99500274658203,94.00499725341797,66670
2026-06-22 19:10:00+00:00,94.0,94.01000213623047,94.0,94.00499725341797,29308
2026-06-22 19:15:00+00:00,94.00499725341797,94.0199966430664,94.0,94.00499725341797,49091
2026-06-22 19:20:00+00:00,94.01499938964844,94.01499938964844,94.0,94.0,39868
2026-06-22 19:25:00+00:00,94.01000213623047,94.0199966430664,94.01000213623047,94.01499938964844,40386
2026-06-22 19:30:00+00:00,94.00189971923828,94.0199966430664,94.0000991821289,94.01000213623047,31336
2026-06-22 19:35:00+00:00,94.0199966430664,94.0199966430664,94.00450134277344,94.01000213623047,66843
2026-06-22 19:40:00+00:00,94.00499725341797,94.0199966430664,94.00499725341797,94.01499938964844,48706
2026-06-22 19:45:00+00:00,94.00990295410156,94.01000213623047,94.0,94.00830078125,63964
2026-06-22 19:50:00+00:00,94.0199966430664,94.0199966430664,94.0,94.0,167876
2026-06-22 19:55:00+00:00,94.01000213623047,94.02999877929688,94.0,94.01499938964844,262518
2026-06-23 13:30:00+00:00,94.18499755859375,94.19000244140625,94.15149688720703,94.15149688720703,512954
2026-06-23 13:35:00+00:00,94.22000122070312,94.23989868164062,94.18499755859375,94.18499755859375,207293
2026-06-23 13:40:00+00:00,94.20500183105469,94.22000122070312,94.19499969482422,94.22000122070312,15485
2026-06-23 13:45:00+00:00,94.2249984741211,94.2249984741211,94.18499755859375,94.19499969482422,47994
2026-06-23 13:50:00+00:00,94.22010040283203,94.2300033569336,94.19999694824219,94.22850036621094,27770
2026-06-23 13:55:00+00:00,94.21499633789062,94.2300033569336,94.20999908447266,94.21189880371094,196946
2026-06-23 14:00:00+00:00,94.23970031738281,94.24500274658203,94.19999694824219,94.20999908447266,29202
2026-06-23 14:05:00+00:00,94.23359680175781,94.23999786376953,94.2249984741211,94.23500061035156,16289
2026-06-23 14:10:00+00:00,94.2300033569336,94.23999786376953,94.2300033569336,94.23999786376953,18602
2026-06-23 14:15:00+00:00,94.2249984741211,94.23529815673828,94.22000122070312,94.23500061035156,20999
2026-06-23 14:20:00+00:00,94.2249984741211,94.2300033569336,94.21499633789062,94.2300033569336,68379
2026-06-23 14:25:00+00:00,94.2249984741211,94.2300033569336,94.22100067138672,94.2249984741211,21396
2026-06-23 14:30:00+00:00,94.20989990234375,94.2300033569336,94.19999694824219,94.2249984741211,22919
2026-06-23 14:35:00+00:00,94.18949890136719,94.20500183105469,94.18499755859375,94.20500183105469,40359
2026-06-23 14:40:00+00:00,94.19000244140625,94.20500183105469,94.18499755859375,94.18499755859375,28650
2026-06-23 14:45:00+00:00,94.19499969482422,94.19499969482422,94.1843032836914,94.18820190429688,8418
2026-06-23 14:50:00+00:00,94.20500183105469,94.20999908447266,94.1906967163086,94.19499969482422,18831
2026-06-23 14:55:00+00:00,94.17250061035156,94.19999694824219,94.16000366210938,94.19999694824219,111856
2026-06-23 15:00:00+00:00,94.17500305175781,94.18000030517578,94.16500091552734,94.16999816894531,32822
2026-06-23 15:05:00+00:00,94.17160034179688,94.17900085449219,94.16500091552734,94.16999816894531,20410
2026-06-23 15:10:00+00:00,94.18000030517578,94.18000030517578,94.16500091552734,94.17340087890625,16297
2026-06-23 15:15:00+00:00,94.18499755859375,94.19499969482422,94.17500305175781,94.17500305175781,19212
2026-06-23 15:20:00+00:00,94.17500305175781,94.18499755859375,94.17500305175781,94.18499755859375,10981
2026-06-23 15:25:00+00:00,94.19419860839844,94.20989990234375,94.1897964477539,94.1897964477539,218264
2026-06-23 15:30:00+00:00,94.21499633789062,94.21990203857422,94.19999694824219,94.19999694824219,22037
2026-06-23 15:35:00+00:00,94.20500183105469,94.22750091552734,94.19999694824219,94.22000122070312,48190
2026-06-23 15:40:00+00:00,94.2249984741211,94.22989654541016,94.20459747314453,94.20459747314453,12622
2026-06-23 15:45:00+00:00,94.23500061035156,94.24500274658203,94.21499633789062,94.22100067138672,122382
2026-06-23 15:50:00+00:00,94.23500061035156,94.24500274658203,94.2300033569336,94.23999786376953,20671
2026-06-23 15:55:00+00:00,94.23899841308594,94.23999786376953,94.2300033569336,94.23500061035156,19367
2026-06-23 16:00:00+00:00,94.23999786376953,94.23999786376953,94.23370361328125,94.23999786376953,14757
2026-06-23 16:05:00+00:00,94.23500061035156,94.24500274658203,94.23429870605469,94.24500274658203,6561
2026-06-23 16:10:00+00:00,94.24500274658203,94.24500274658203,94.23500061035156,94.23999786376953,8175
2026-06-23 16:15:00+00:00,94.23989868164062,94.25,94.23259735107422,94.24009704589844,19585
2026-06-23 16:20:00+00:00,94.23280334472656,94.23989868164062,94.222900390625,94.2300033569336,66477
2026-06-23 16:25:00+00:00,94.23500061035156,94.24500274658203,94.2301025390625,94.23999786376953,10145
2026-06-23 16:30:00+00:00,94.24500274658203,94.24539947509766,94.23500061035156,94.23500061035156,19696
2026-06-23 16:35:00+00:00,94.24500274658203,94.25,94.23999786376953,94.24500274658203,4916
2026-06-23 16:40:00+00:00,94.24500274658203,94.25499725341797,94.23999786376953,94.24500274658203,28538
2026-06-23 16:45:00+00:00,94.24620056152344,94.24620056152344,94.23500061035156,94.24500274658203,13651
2026-06-23 16:50:00+00:00,94.24500274658203,94.2499008178711,94.23999786376953,94.24500274658203,21227
2026-06-23 16:55:00+00:00,94.22779846191406,94.25,94.2249984741211,94.24500274658203,70405
2026-06-23 17:00:00+00:00,94.22889709472656,94.22989654541016,94.22000122070312,94.2249984741211,15186
2026-06-23 17:05:00+00:00,94.20500183105469,94.2300033569336,94.20500183105469,94.22889709472656,36463
2026-06-23 17:10:00+00:00,94.19010162353516,94.20989990234375,94.19000244140625,94.20989990234375,38894
2026-06-23 17:15:00+00:00,94.20500183105469,94.20500183105469,94.19499969482422,94.19999694824219,23060
2026-06-23 17:20:00+00:00,94.19499969482422,94.20500183105469,94.19000244140625,94.20500183105469,31398
2026-06-23 17:25:00+00:00,94.17420196533203,94.19000244140625,94.17420196533203,94.19000244140625,52533
2026-06-23 17:30:00+00:00,94.18920135498047,94.19000244140625,94.17379760742188,94.17379760742188,10832
2026-06-23 17:35:00+00:00,94.18499755859375,94.19000244140625,94.18000030517578,94.19000244140625,10654
2026-06-23 17:40:00+00:00,94.16000366210938,94.18990325927734,94.16000366210938,94.18499755859375,26176
2026-06-23 17:45:00+00:00,94.17500305175781,94.17980194091797,94.16000366210938,94.16000366210938,37695
2026-06-23 17:50:00+00:00,94.15499877929688,94.17559814453125,94.15010070800781,94.17559814453125,23470
2026-06-23 17:55:00+00:00,94.16000366210938,94.16999816894531,94.15989685058594,94.16000366210938,18628
2026-06-23 18:00:00+00:00,94.13999938964844,94.16000366210938,94.13999938964844,94.15969848632812,29135
2026-06-23 18:05:00+00:00,94.12200164794922,94.14949798583984,94.12000274658203,94.14689636230469,18413
2026-06-23 18:10:00+00:00,94.1405029296875,94.1449966430664,94.12010192871094,94.12010192871094,14090
2026-06-23 18:15:00+00:00,94.14659881591797,94.1500015258789,94.14250183105469,94.1449966430664,12734
2026-06-23 18:20:00+00:00,94.12999725341797,94.1500015258789,94.12999725341797,94.13999938964844,23507
2026-06-23 18:25:00+00:00,94.13500213623047,94.13500213623047,94.12999725341797,94.12999725341797,13970
2026-06-23 18:30:00+00:00,94.125,94.13500213623047,94.12020111083984,94.13500213623047,26987
2026-06-23 18:35:00+00:00,94.12999725341797,94.13990020751953,94.12999725341797,94.12999725341797,20187
2026-06-23 18:40:00+00:00,94.13500213623047,94.13999938964844,94.12020111083984,94.13500213623047,23576
2026-06-23 18:45:00+00:00,94.14510345458984,94.1500015258789,94.13500213623047,94.13500213623047,18864
2026-06-23 18:50:00+00:00,94.15499877929688,94.16500091552734,94.14009857177734,94.1449966430664,25821
2026-06-23 18:55:00+00:00,94.13500213623047,94.16000366210938,94.12999725341797,94.15840148925781,53679
2026-06-23 19:00:00+00:00,94.1449966430664,94.1500015258789,94.13169860839844,94.13999938964844,58389
2026-06-23 19:05:00+00:00,94.13880157470703,94.1500015258789,94.13500213623047,94.1449966430664,30250
2026-06-23 19:10:00+00:00,94.12000274658203,94.13999938964844,94.11000061035156,94.13349914550781,41788
2026-06-23 19:15:00+00:00,94.11000061035156,94.12999725341797,94.11000061035156,94.125,31031
2026-06-23 19:20:00+00:00,94.11000061035156,94.12000274658203,94.11000061035156,94.11499786376953,22653
2026-06-23 19:25:00+00:00,94.0999984741211,94.11009979248047,94.08999633789062,94.11009979248047,74741
2026-06-23 19:30:00+00:00,94.11499786376953,94.12000274658203,94.09500122070312,94.09500122070312,135199
2026-06-23 19:35:00+00:00,94.125,94.13999938964844,94.11009979248047,94.11100006103516,43924
2026-06-23 19:40:00+00:00,94.12999725341797,94.12999725341797,94.12229919433594,94.12999725341797,20858
2026-06-23 19:45:00+00:00,94.13500213623047,94.13680267333984,94.125,94.125,20801
2026-06-23 19:50:00+00:00,94.12999725341797,94.13680267333984,94.12000274658203,94.13500213623047,61545
2026-06-23 19:55:00+00:00,94.125,94.13999938964844,94.12000274658203,94.13359832763672,2861845
2026-06-24 13:30:00+00:00,94.56500244140625,94.58999633789062,94.55500030517578,94.55999755859375,139740
2026-06-24 13:35:00+00:00,94.58499908447266,94.58999633789062,94.56009674072266,94.56500244140625,136734
2026-06-24 13:40:00+00:00,94.60769653320312,94.61000061035156,94.58499908447266,94.58499908447266,46025
2026-06-24 13:45:00+00:00,94.58869934082031,94.59500122070312,94.56009674072266,94.59500122070312,115397
2026-06-24 13:50:00+00:00,94.60060119628906,94.61730194091797,94.58499908447266,94.58940124511719,21801
2026-06-24 13:55:00+00:00,94.61990356445312,94.62000274658203,94.60089874267578,94.6050033569336,26447
2026-06-24 14:00:00+00:00,94.65499877929688,94.65989685058594,94.62000274658203,94.62000274658203,66142
2026-06-24 14:05:00+00:00,94.66999816894531,94.66999816894531,94.65139770507812,94.65499877929688,70999
2026-06-24 14:10:00+00:00,94.65499877929688,94.66999816894531,94.6500015258789,94.66500091552734,40817
2026-06-24 14:15:00+00:00,94.6449966430664,94.66000366210938,94.6449966430664,94.65499877929688,33962
2026-06-24 14:20:00+00:00,94.65499877929688,94.66000366210938,94.63500213623047,94.6449966430664,61840
2026-06-24 14:25:00+00:00,94.65499877929688,94.66000366210938,94.6500015258789,94.65499877929688,29083
2026-06-24 14:30:00+00:00,94.66500091552734,94.66999816894531,94.6449966430664,94.65499877929688,83149
2026-06-24 14:35:00+00:00,94.67890167236328,94.67890167236328,94.66000366210938,94.66500091552734,56302
2026-06-24 14:40:00+00:00,94.69000244140625,94.69000244140625,94.6720962524414,94.67990112304688,43275
2026-06-24 14:45:00+00:00,94.69000244140625,94.69999694824219,94.68009948730469,94.69000244140625,40107
2026-06-24 14:50:00+00:00,94.69499969482422,94.70989990234375,94.69000244140625,94.69000244140625,33987
2026-06-24 14:55:00+00:00,94.70989990234375,94.70999908447266,94.69499969482422,94.69999694824219,35332
2026-06-24 15:00:00+00:00,94.71320343017578,94.72000122070312,94.69499969482422,94.69999694824219,65806
2026-06-24 15:05:00+00:00,94.69499969482422,94.72000122070312,94.69000244140625,94.71040344238281,18769
2026-06-24 15:10:00+00:00,94.68499755859375,94.69999694824219,94.66500091552734,94.69499969482422,34610
2026-06-24 15:15:00+00:00,94.69860076904297,94.69860076904297,94.67240142822266,94.68000030517578,45465
2026-06-24 15:20:00+00:00,94.69000244140625,94.69999694824219,94.68499755859375,94.69999694824219,31832
2026-06-24 15:25:00+00:00,94.71499633789062,94.71990203857422,94.67500305175781,94.68499755859375,214428
2026-06-24 15:30:00+00:00,94.69499969482422,94.70999908447266,94.69499969482422,94.70999908447266,67682
2026-06-24 15:35:00+00:00,94.70110321044922,94.70999908447266,94.69049835205078,94.69499969482422,65558
2026-06-24 15:40:00+00:00,94.7249984741211,94.7249984741211,94.70500183105469,94.7052993774414,95007
2026-06-24 15:45:00+00:00,94.71810150146484,94.7300033569336,94.70500183105469,94.7300033569336,57734
2026-06-24 15:50:00+00:00,94.70500183105469,94.7249984741211,94.70500183105469,94.72000122070312,68830
2026-06-24 15:55:00+00:00,94.7249984741211,94.7249984741211,94.70989990234375,94.70999908447266,30112
2026-06-24 16:00:00+00:00,94.73500061035156,94.73999786376953,94.7249984741211,94.7300033569336,30303
2026-06-24 16:05:00+00:00,94.7499008178711,94.75,94.7333984375,94.73999786376953,50671
2026-06-24 16:10:00+00:00,94.7301025390625,94.75,94.7301025390625,94.74800109863281,33231
2026-06-24 16:15:00+00:00,94.74500274658203,94.75,94.7300033569336,94.73500061035156,171788
2026-06-24 16:20:00+00:00,94.73500061035156,94.75,94.7301025390625,94.7499008178711,29383
2026-06-24 16:25:00+00:00,94.7249984741211,94.73500061035156,94.72010040283203,94.73179626464844,59496
2026-06-24 16:30:00+00:00,94.70999908447266,94.72640228271484,94.70999908447266,94.7249984741211,37916
2026-06-24 16:35:00+00:00,94.7052001953125,94.72000122070312,94.70500183105469,94.7051010131836,42310
2026-06-24 16:40:00+00:00,94.69499969482422,94.70989990234375,94.69000244140625,94.70500183105469,32205
2026-06-24 16:45:00+00:00,94.68499755859375,94.69529724121094,94.68000030517578,94.69499969482422,15487
2026-06-24 16:50:00+00:00,94.68499755859375,94.69999694824219,94.68000030517578,94.69000244140625,32997
2026-06-24 16:55:00+00:00,94.69979858398438,94.69999694824219,94.68240356445312,94.68240356445312,27094
2026-06-24 17:00:00+00:00,94.69999694824219,94.71499633789062,94.68000030517578,94.69000244140625,156588
2026-06-24 17:05:00+00:00,94.69499969482422,94.70989990234375,94.69010162353516,94.69999694824219,21359
2026-06-24 17:10:00+00:00,94.70230102539062,94.70999908447266,94.69000244140625,94.69499969482422,253096
2026-06-24 17:15:00+00:00,94.70999908447266,94.71499633789062,94.69999694824219,94.70500183105469,26641
2026-06-24 17:20:00+00:00,94.70999908447266,94.70999908447266,94.70020294189453,94.70020294189453,6750
2026-06-24 17:25:00+00:00,94.73500061035156,94.73500061035156,94.70500183105469,94.7051010131836,28717
2026-06-24 17:30:00+00:00,94.75499725341797,94.76000213623047,94.73500061035156,94.73500061035156,123590
2026-06-24 17:35:00+00:00,94.75499725341797,94.76499938964844,94.75,94.75499725341797,40197
2026-06-24 17:40:00+00:00,94.73500061035156,94.75800323486328,94.7300033569336,94.75499725341797,22461
2026-06-24 17:45:00+00:00,94.7300033569336,94.7354965209961,94.72380065917969,94.73500061035156,38751
2026-06-24 17:50:00+00:00,94.73500061035156,94.74500274658203,94.73500061035156,94.73500061035156,48987
2026-06-24 17:55:00+00:00,94.72000122070312,94.73999786376953,94.72000122070312,94.73500061035156,116610
2026-06-24 18:00:00+00:00,94.75499725341797,94.76000213623047,94.72229766845703,94.7249984741211,25039
2026-06-24 18:05:00+00:00,94.76000213623047,94.7699966430664,94.75,94.75759887695312,64906
2026-06-24 18:10:00+00:00,94.76499938964844,94.76499938964844,94.75,94.76000213623047,18991
2026-06-24 18:15:00+00:00,94.76000213623047,94.7699966430664,94.76000213623047,94.76499938964844,12789
2026-06-24 18:20:00+00:00,94.75499725341797,94.76000213623047,94.75029754638672,94.75499725341797,21028
2026-06-24 18:25:00+00:00,94.74009704589844,94.75499725341797,94.74009704589844,94.75499725341797,109738
2026-06-24 18:30:00+00:00,94.75,94.75,94.73999786376953,94.7499008178711,32348
2026-06-24 18:35:00+00:00,94.74500274658203,94.75499725341797,94.73999786376953,94.74500274658203,92487
2026-06-24 18:40:00+00:00,94.75499725341797,94.7583999633789,94.74500274658203,94.74500274658203,18159
2026-06-24 18:45:00+00:00,94.75990295410156,94.76000213623047,94.75,94.75499725341797,14292
2026-06-24 18:50:00+00:00,94.76000213623047,94.77989959716797,94.752197265625,94.75499725341797,101262
2026-06-24 18:55:00+00:00,94.75,94.7699966430664,94.75,94.76000213623047,69670
2026-06-24 19:00:00+00:00,94.75499725341797,94.77999877929688,94.75,94.76000213623047,36071
2026-06-24 19:05:00+00:00,94.73999786376953,94.75990295410156,94.73999786376953,94.75499725341797,67664
2026-06-24 19:10:00+00:00,94.74500274658203,94.75,94.73999786376953,94.74500274658203,34414
2026-06-24 19:15:00+00:00,94.73500061035156,94.74500274658203,94.7300033569336,94.74500274658203,34850
2026-06-24 19:20:00+00:00,94.71499633789062,94.73500061035156,94.70999908447266,94.73500061035156,49413
2026-06-24 19:25:00+00:00,94.71309661865234,94.7249984741211,94.70999908447266,94.71330261230469,51154
2026-06-24 19:30:00+00:00,94.7249984741211,94.7300033569336,94.70999908447266,94.70999908447266,38497
2026-06-24 19:35:00+00:00,94.7249984741211,94.7300033569336,94.72000122070312,94.7249984741211,35669
2026-06-24 19:40:00+00:00,94.73190307617188,94.73999786376953,94.72000122070312,94.7249984741211,36913
2026-06-24 19:45:00+00:00,94.7249984741211,94.73999786376953,94.72000122070312,94.73500061035156,36097
2026-06-24 19:50:00+00:00,94.73500061035156,94.75,94.72000122070312,94.72010040283203,214883
2026-06-24 19:55:00+00:00,94.73500061035156,94.73500061035156,94.71009826660156,94.7300033569336,202205
2026-06-25 13:30:00+00:00,94.875,94.88999938964844,94.86000061035156,94.86000061035156,99310
2026-06-25 13:35:00+00:00,94.88999938964844,94.8949966430664,94.87000274658203,94.875,17585
2026-06-25 13:40:00+00:00,94.93000030517578,94.94499969482422,94.9000015258789,94.9000015258789,30141
2026-06-25 13:45:00+00:00,94.97000122070312,94.9999008178711,94.91999816894531,94.91999816894531,230992
2026-06-25 13:50:00+00:00,94.96009826660156,94.98989868164062,94.95500183105469,94.95500183105469,169770
2026-06-25 13:55:00+00:00,94.98030090332031,94.98999786376953,94.96499633789062,94.97000122070312,57820
2026-06-25 14:00:00+00:00,94.9800033569336,95.01000213623047,94.97250366210938,94.9800033569336,45192
2026-06-25 14:05:00+00:00,94.9800033569336,94.99500274658203,94.9749984741211,94.98500061035156,120883
2026-06-25 14:10:00+00:00,94.95500183105469,94.99369812011719,94.94999694824219,94.98999786376953,82868
2026-06-25 14:15:00+00:00,94.95500183105469,94.9749984741211,94.95010375976562,94.95010375976562,47206
2026-06-25 14:20:00+00:00,94.95010375976562,94.95999908447266,94.94000244140625,94.95500183105469,178610
2026-06-25 14:25:00+00:00,94.94499969482422,94.94999694824219,94.93000030517578,94.94999694824219,0
2026-06-25 14:30:00+00:00,94.95999908447266,94.95999908447266,94.93499755859375,94.94270324707031,37710
2026-06-25 14:35:00+00:00,94.96499633789062,94.96990203857422,94.95330047607422,94.95999908447266,26837
2026-06-25 14:40:00+00:00,94.95999908447266,94.9800033569336,94.95999908447266,94.96499633789062,31995
2026-06-25 14:45:00+00:00,94.95999908447266,94.9697036743164,94.95999908447266,94.96499633789062,31578
2026-06-25 14:50:00+00:00,94.94499969482422,94.96499633789062,94.94000244140625,94.95989990234375,21999
2026-06-25 14:55:00+00:00,94.9198989868164,94.94999694824219,94.9198989868164,94.94499969482422,13017
2026-06-25 15:00:00+00:00,94.91500091552734,94.91999816894531,94.90499877929688,94.91500091552734,65312
2026-06-25 15:05:00+00:00,94.87409973144531,94.91000366210938,94.86009979248047,94.91000366210938,46830
2026-06-25 15:10:00+00:00,94.8949966430664,94.8949966430664,94.87999725341797,94.87999725341797,17176
2026-06-25 15:15:00+00:00,94.86990356445312,94.87999725341797,94.86499786376953,94.86499786376953,28953
2026-06-25 15:20:00+00:00,94.87000274658203,94.87000274658203,94.86000061035156,94.87000274658203,20999
2026-06-25 15:25:00+00:00,94.86499786376953,94.87989807128906,94.86000061035156,94.87000274658203,11996
2026-06-25 15:30:00+00:00,94.89830017089844,94.89830017089844,94.86499786376953,94.86499786376953,46088
2026-06-25 15:35:00+00:00,94.8949966430664,94.9000015258789,94.88500213623047,94.89009857177734,10559
2026-06-25 15:40:00+00:00,94.88990020751953,94.89600372314453,94.87000274658203,94.88999938964844,17620
2026-06-25 15:45:00+00:00,94.91500091552734,94.9198989868164,94.88500213623047,94.88500213623047,22521
2026-06-25 15:50:00+00:00,94.9186019897461,94.93000030517578,94.91480255126953,94.91510009765625,9632
2026-06-25 15:55:00+00:00,94.91500091552734,94.9198989868164,94.91000366210938,94.91000366210938,8918
2026-06-25 16:00:00+00:00,94.9000015258789,94.91500091552734,94.9000015258789,94.91000366210938,7799
2026-06-25 16:05:00+00:00,94.88500213623047,94.90850067138672,94.87999725341797,94.9000015258789,44196
2026-06-25 16:10:00+00:00,94.8949966430664,94.8949966430664,94.87460327148438,94.88500213623047,27044
2026-06-25 16:15:00+00:00,94.9397964477539,94.94499969482422,94.89019775390625,94.89019775390625,118892
2026-06-25 16:20:00+00:00,94.93990325927734,94.94000244140625,94.91010284423828,94.93000030517578,11631
2026-06-25 16:25:00+00:00,94.93499755859375,94.93499755859375,94.93499755859375,94.93499755859375,3549
2026-06-25 16:30:00+00:00,94.91999816894531,94.93820190429688,94.91000366210938,94.93499755859375,17219
2026-06-25 16:35:00+00:00,94.93000030517578,94.93000030517578,94.91999816894531,94.92500305175781,7308
2026-06-25 16:40:00+00:00,94.91560363769531,94.93000030517578,94.91000366210938,94.92500305175781,17452
2026-06-25 16:45:00+00:00,94.91000366210938,94.9188003540039,94.88999938964844,94.91000366210938,22442
2026-06-25 16:50:00+00:00,94.88999938964844,94.90899658203125,94.88999938964844,94.90899658203125,14013
2026-06-25 16:55:00+00:00,94.875,94.88999938964844,94.87239837646484,94.88500213623047,10491
2026-06-25 17:00:00+00:00,94.90499877929688,94.90499877929688,94.875,94.875,33064
2026-06-25 17:05:00+00:00,94.88500213623047,94.9000015258789,94.88500213623047,94.9000015258789,20211
2026-06-25 17:10:00+00:00,94.88999938964844,94.8998031616211,94.87999725341797,94.87999725341797,23640
2026-06-25 17:15:00+00:00,94.87999725341797,94.8949966430664,94.87999725341797,94.88999938964844,23434
2026-06-25 17:20:00+00:00,94.88500213623047,94.88980102539062,94.87999725341797,94.87999725341797,27574
2026-06-25 17:25:00+00:00,94.88099670410156,94.88500213623047,94.87010192871094,94.87999725341797,18780
2026-06-25 17:30:00+00:00,94.875,94.88749694824219,94.875,94.88500213623047,32679
2026-06-25 17:35:00+00:00,94.87999725341797,94.87999725341797,94.87000274658203,94.87999725341797,366964
2026-06-25 17:40:00+00:00,94.88999938964844,94.88999938964844,94.875,94.875,18842
2026-06-25 17:45:00+00:00,94.8949966430664,94.8949966430664,94.875,94.88500213623047,42701
2026-06-25 17:50:00+00:00,94.89550018310547,94.89550018310547,94.88999938964844,94.8949966430664,22465
2026-06-25 17:55:00+00:00,94.86499786376953,94.8949966430664,94.86499786376953,94.88999938964844,180464
2026-06-25 18:00:00+00:00,94.79499816894531,94.8550033569336,94.79000091552734,94.8499984741211,130853
2026-06-25 18:05:00+00:00,94.80000305175781,94.80500030517578,94.78500366210938,94.79499816894531,27910
2026-06-25 18:10:00+00:00,94.82499694824219,94.83000183105469,94.80000305175781,94.80000305175781,32558
2026-06-25 18:15:00+00:00,94.83000183105469,94.83000183105469,94.81999969482422,94.82499694824219,16046
2026-06-25 18:20:00+00:00,94.82499694824219,94.83580017089844,94.81999969482422,94.83499908447266,39955
2026-06-25 18:25:00+00:00,94.82499694824219,94.82980346679688,94.81999969482422,94.82499694824219,11682
2026-06-25 18:30:00+00:00,94.81500244140625,94.83000183105469,94.80999755859375,94.82499694824219,33258
2026-06-25 18:35:00+00:00,94.81999969482422,94.83000183105469,94.80999755859375,94.80999755859375,69088
2026-06-25 18:40:00+00:00,94.80349731445312,94.81990051269531,94.80010223388672,94.80999755859375,19993
2026-06-25 18:45:00+00:00,94.81500244140625,94.81999969482422,94.80000305175781,94.80000305175781,15767
2026-06-25 18:50:00+00:00,94.81999969482422,94.82499694824219,94.80999755859375,94.80999755859375,77493
2026-06-25 18:55:00+00:00,94.83499908447266,94.8499984741211,94.81999969482422,94.81999969482422,80975
2026-06-25 19:00:00+00:00,94.82499694824219,94.83789825439453,94.80999755859375,94.83000183105469,83283
2026-06-25 19:05:00+00:00,94.82240295410156,94.83000183105469,94.81999969482422,94.82499694824219,17978
2026-06-25 19:10:00+00:00,94.81500244140625,94.83000183105469,94.80999755859375,94.82499694824219,29192
2026-06-25 19:15:00+00:00,94.80500030517578,94.81500244140625,94.79000091552734,94.80999755859375,48242
2026-06-25 19:20:00+00:00,94.82499694824219,94.83000183105469,94.80500030517578,94.80500030517578,26575
2026-06-25 19:25:00+00:00,94.83650207519531,94.83999633789062,94.81999969482422,94.83000183105469,80960
2026-06-25 19:30:00+00:00,94.83499908447266,94.83999633789062,94.83000183105469,94.83650207519531,104024
2026-06-25 19:35:00+00:00,94.83499908447266,94.83999633789062,94.83000183105469,94.83499908447266,51554
2026-06-25 19:40:00+00:00,94.80000305175781,94.84500122070312,94.79000091552734,94.83499908447266,103960
2026-06-25 19:45:00+00:00,94.80500030517578,94.80999755859375,94.79000091552734,94.79499816894531,30477
2026-06-25 19:50:00+00:00,94.79000091552734,94.8053970336914,94.79000091552734,94.80000305175781,139866
2026-06-25 19:55:00+00:00,94.79499816894531,94.79850006103516,94.77999877929688,94.79000091552734,858512
2026-06-26 13:30:00+00:00,94.87039947509766,94.87039947509766,94.8311996459961,94.83499908447266,110258
2026-06-26 13:35:00+00:00,94.88500213623047,94.88500213623047,94.86000061035156,94.87000274658203,105352
2026-06-26 13:40:00+00:00,94.88500213623047,94.8949966430664,94.87999725341797,94.87999725341797,63989
2026-06-26 13:45:00+00:00,94.91500091552734,94.91500091552734,94.875,94.87999725341797,50830
2026-06-26 13:50:00+00:00,94.91999816894531,94.94999694824219,94.91899871826172,94.91899871826172,45867
2026-06-26 13:55:00+00:00,94.92500305175781,94.92859649658203,94.91000366210938,94.92500305175781,15887
2026-06-26 14:00:00+00:00,94.95500183105469,94.95500183105469,94.92970275878906,94.92970275878906,46395
2026-06-26 14:05:00+00:00,94.94499969482422,94.9749984741211,94.94439697265625,94.95500183105469,47074
2026-06-26 14:10:00+00:00,94.94000244140625,94.94499969482422,94.93499755859375,94.94499969482422,10508
2026-06-26 14:15:00+00:00,94.94499969482422,94.94989776611328,94.94000244140625,94.94000244140625,11857
2026-06-26 14:20:00+00:00,94.95500183105469,94.95500183105469,94.94000244140625,94.94000244140625,15355
2026-06-26 14:25:00+00:00,94.95780181884766,94.96990203857422,94.94999694824219,94.95719909667969,66852
2026-06-26 14:30:00+00:00,94.95500183105469,94.95999908447266,94.95079803466797,94.95500183105469,31107
2026-06-26 14:35:00+00:00,94.96369934082031,94.96499633789062,94.95500183105469,94.95500183105469,55440
2026-06-26 14:40:00+00:00,94.98989868164062,94.98989868164062,94.96499633789062,94.97000122070312,29227
2026-06-26 14:45:00+00:00,95.04859924316406,95.05000305175781,94.98500061035156,94.99500274658203,1052132
2026-06-26 14:50:00+00:00,94.99970245361328,95.04000091552734,94.99970245361328,95.04000091552734,31777
2026-06-26 14:55:00+00:00,94.99500274658203,95.0,94.98500061035156,94.99500274658203,23987
2026-06-26 15:00:00+00:00,95.01000213623047,95.01499938964844,94.99009704589844,94.99009704589844,10473
2026-06-26 15:05:00+00:00,95.03810119628906,95.03810119628906,95.00499725341797,95.00509643554688,21146
2026-06-26 15:10:00+00:00,95.02970123291016,95.03500366210938,95.0199966430664,95.03500366210938,20010
2026-06-26 15:15:00+00:00,95.01499938964844,95.03500366210938,95.01499938964844,95.02999877929688,17437
2026-06-26 15:20:00+00:00,95.03500366210938,95.03990173339844,95.01499938964844,95.01499938964844,17177
2026-06-26 15:25:00+00:00,95.0250015258789,95.04000091552734,95.0199966430664,95.03500366210938,15611
2026-06-26 15:30:00+00:00,95.04499816894531,95.05000305175781,95.03500366210938,95.03500366210938,29114
2026-06-26 15:35:00+00:00,95.05500030517578,95.08000183105469,95.04000091552734,95.04000091552734,281953
2026-06-26 15:40:00+00:00,95.03209686279297,95.05500030517578,95.03009796142578,95.05500030517578,20320
2026-06-26 15:45:00+00:00,95.02999877929688,95.04000091552734,95.02999877929688,95.04000091552734,32946
2026-06-26 15:50:00+00:00,94.98500061035156,95.0250015258789,94.95999908447266,95.0250015258789,562579
2026-06-26 15:55:00+00:00,95.01000213623047,95.01000213623047,94.9749984741211,94.9800033569336,59798
2026-06-26 16:00:00+00:00,95.0020980834961,95.01000213623047,94.99500274658203,95.01000213623047,27299
2026-06-26 16:05:00+00:00,94.98500061035156,95.01000213623047,94.98500061035156,95.00499725341797,41140
2026-06-26 16:10:00+00:00,94.99500274658203,94.9999008178711,94.9749984741211,94.9801025390625,31184
2026-06-26 16:15:00+00:00,94.99009704589844,95.0,94.98999786376953,94.99500274658203,60554
2026-06-26 16:20:00+00:00,94.96820068359375,94.98999786376953,94.95999908447266,94.98999786376953,89441
2026-06-26 16:25:00+00:00,94.9801025390625,94.98500061035156,94.95999908447266,94.96499633789062,14080
2026-06-26 16:30:00+00:00,95.0199966430664,95.0199966430664,94.98410034179688,94.98979949951172,44687
2026-06-26 16:35:00+00:00,95.02239990234375,95.02559661865234,95.01499938964844,95.01499938964844,9720
2026-06-26 16:40:00+00:00,95.01499938964844,95.0250015258789,95.01010131835938,95.0250015258789,16627
2026-06-26 16:45:00+00:00,95.01499938964844,95.0197982788086,95.01000213623047,95.01499938964844,33457
2026-06-26 16:50:00+00:00,95.01499938964844,95.0250015258789,95.01170349121094,95.01499938964844,32325
2026-06-26 16:55:00+00:00,95.02999877929688,95.02999877929688,95.01499938964844,95.01499938964844,16927
2026-06-26 17:00:00+00:00,95.03500366210938,95.03559875488281,95.0250015258789,95.0250015258789,12259
2026-06-26 17:05:00+00:00,95.03500366210938,95.0374984741211,95.0250015258789,95.03500366210938,19228
2026-06-26 17:10:00+00:00,95.01499938964844,95.0374984741211,95.00499725341797,95.03500366210938,29811
2026-06-26 17:15:00+00:00,95.01499938964844,95.02999877929688,95.01000213623047,95.01499938964844,20237
2026-06-26 17:20:00+00:00,95.01000213623047,95.0199966430664,95.0,95.0199966430664,135493
2026-06-26 17:25:00+00:00,95.00749969482422,95.01000213623047,95.0,95.01000213623047,13096
2026-06-26 17:30:00+00:00,94.99009704589844,95.00749969482422,94.98999786376953,95.00569915771484,67000
2026-06-26 17:35:00+00:00,94.99500274658203,95.0,94.98500061035156,94.99500274658203,97919
2026-06-26 17:40:00+00:00,95.01000213623047,95.01000213623047,94.99369812011719,94.99500274658203,13649
2026-06-26 17:45:00+00:00,95.00849914550781,95.01000213623047,95.00499725341797,95.00499725341797,8481
2026-06-26 17:50:00+00:00,95.00499725341797,95.01750183105469,95.0,95.01000213623047,48435
2026-06-26 17:55:00+00:00,95.00749969482422,95.01000213623047,95.0,95.00499725341797,28110
2026-06-26 18:00:00+00:00,95.01000213623047,95.01000213623047,94.99019622802734,95.0,51953
2026-06-26 18:05:00+00:00,95.01499938964844,95.0199966430664,95.01000213623047,95.01000213623047,16978
2026-06-26 18:10:00+00:00,95.00499725341797,95.01750183105469,95.00140380859375,95.01499938964844,38185
2026-06-26 18:15:00+00:00,95.01000213623047,95.01000213623047,95.00499725341797,95.00499725341797,16087
2026-06-26 18:20:00+00:00,95.00499725341797,95.01000213623047,95.0000991821289,95.00969696044922,20368
2026-06-26 18:25:00+00:00,95.01000213623047,95.01000213623047,95.0,95.01000213623047,18286
2026-06-26 18:30:00+00:00,95.0250015258789,95.02999877929688,95.01000213623047,95.01000213623047,43092
2026-06-26 18:35:00+00:00,95.01499938964844,95.02749633789062,95.01499938964844,95.0250015258789,28484
2026-06-26 18:40:00+00:00,95.0250015258789,95.02999877929688,95.01100158691406,95.0199966430664,38789
2026-06-26 18:45:00+00:00,95.01499938964844,95.02749633789062,95.01000213623047,95.0250015258789,31820
2026-06-26 18:50:00+00:00,95.00499725341797,95.01499938964844,95.0,95.01010131835938,76347
2026-06-26 18:55:00+00:00,95.01499938964844,95.02989959716797,95.00499725341797,95.00499725341797,34678
2026-06-26 19:00:00+00:00,95.01499938964844,95.0199966430664,95.0000991821289,95.0199966430664,211627
2026-06-26 19:05:00+00:00,95.0250015258789,95.0250015258789,95.01110076904297,95.0199966430664,27880
2026-06-26 19:10:00+00:00,95.0199966430664,95.02999877929688,95.01499938964844,95.0250015258789,18940
2026-06-26 19:15:00+00:00,95.01750183105469,95.0199966430664,95.01000213623047,95.0199966430664,20622
2026-06-26 19:20:00+00:00,95.01000213623047,95.0199966430664,95.0,95.01499938964844,37159
2026-06-26 19:25:00+00:00,95.01499938964844,95.01750183105469,95.01000213623047,95.01499938964844,27257
2026-06-26 19:30:00+00:00,95.01499938964844,95.0199966430664,95.0000991821289,95.01499938964844,91050
2026-06-26 19:35:00+00:00,95.0,95.0199966430664,95.0,95.01750183105469,34608
2026-06-26 19:40:00+00:00,95.0,95.01000213623047,94.98999786376953,95.00499725341797,64524
2026-06-26 19:45:00+00:00,95.00499725341797,95.01000213623047,94.98999786376953,95.0,99412
2026-06-26 19:50:00+00:00,95.0199966430664,95.0199966430664,95.0,95.00499725341797,98512
2026-06-26 19:55:00+00:00,95.02999877929688,95.04000091552734,95.01000213623047,95.0199966430664,425352
2026-06-29 13:30:00+00:00,94.98500061035156,94.98999786376953,94.9749984741211,94.9800033569336,93447
2026-06-29 13:35:00+00:00,95.0,95.00499725341797,94.98999786376953,94.98999786376953,77565
2026-06-29 13:40:00+00:00,95.00499725341797,95.0199966430664,95.0,95.0,61958
2026-06-29 13:45:00+00:00,94.9749984741211,95.01000213623047,94.97000122070312,95.00499725341797,74019
2026-06-29 13:50:00+00:00,95.0199966430664,95.02999877929688,94.9749984741211,94.9761962890625,98901
2026-06-29 13:55:00+00:00,95.01000213623047,95.04000091552734,95.01000213623047,95.0250015258789,67001
2026-06-29 14:00:00+00:00,95.03500366210938,95.05000305175781,95.0199966430664,95.0199966430664,110378
2026-06-29 14:05:00+00:00,95.02010345458984,95.05000305175781,95.02010345458984,95.03009796142578,41932
2026-06-29 14:10:00+00:00,94.98999786376953,95.035400390625,94.98500061035156,95.0250015258789,84310
2026-06-29 14:15:00+00:00,95.01499938964844,95.01499938964844,94.9749984741211,94.9800033569336,284665
2026-06-29 14:20:00+00:00,95.01499938964844,95.02999877929688,95.00990295410156,95.0250015258789,108146
2026-06-29 14:25:00+00:00,94.99500274658203,95.03500366210938,94.99500274658203,95.0199966430664,119345
2026-06-29 14:30:00+00:00,94.98999786376953,94.99710083007812,94.9800033569336,94.99500274658203,102453
2026-06-29 14:35:00+00:00,94.99500274658203,95.0,94.9801025390625,95.0,104724
2026-06-29 14:40:00+00:00,94.98500061035156,94.99710083007812,94.9749984741211,94.98999786376953,80521
2026-06-29 14:45:00+00:00,94.98999786376953,95.00389862060547,94.98210144042969,94.98999786376953,64716
2026-06-29 14:50:00+00:00,94.98500061035156,95.0,94.97000122070312,94.98999786376953,140061
2026-06-29 14:55:00+00:00,94.97000122070312,94.99739837646484,94.97000122070312,94.98909759521484,50192
2026-06-29 15:00:00+00:00,94.98500061035156,94.99500274658203,94.9749984741211,94.9800033569336,47060
2026-06-29 15:05:00+00:00,94.98999786376953,94.98999786376953,94.98500061035156,94.98500061035156,16913
2026-06-29 15:10:00+00:00,95.00499725341797,95.00499725341797,94.98999786376953,94.98999786376953,51869
2026-06-29 15:15:00+00:00,94.9800033569336,95.0,94.9800033569336,95.0,156564
2026-06-29 15:20:00+00:00,94.95999908447266,94.97859954833984,94.94999694824219,94.9749984741211,41297
2026-06-29 15:25:00+00:00,94.96499633789062,94.9749984741211,94.95500183105469,94.96289825439453,40845
2026-06-29 15:30:00+00:00,94.94010162353516,94.97000122070312,94.94000244140625,94.96499633789062,72498
2026-06-29 15:35:00+00:00,94.94499969482422,94.95500183105469,94.93000030517578,94.94000244140625,28305
2026-06-29 15:40:00+00:00,94.95500183105469,94.95999908447266,94.94499969482422,94.94999694824219,16948
2026-06-29 15:45:00+00:00,94.95999908447266,94.97000122070312,94.95330047607422,94.95330047607422,51137
2026-06-29 15:50:00+00:00,94.9749984741211,94.98999786376953,94.97100067138672,94.9749984741211,71219
2026-06-29 15:55:00+00:00,94.98999786376953,94.98999786376953,94.97440338134766,94.97440338134766,26662
2026-06-29 16:00:00+00:00,94.97000122070312,94.99500274658203,94.97000122070312,94.99500274658203,35774
2026-06-29 16:05:00+00:00,94.9749984741211,94.97820281982422,94.96499633789062,94.97740173339844,11093
2026-06-29 16:10:00+00:00,94.96499633789062,94.98500061035156,94.96499633789062,94.97270202636719,18161
2026-06-29 16:15:00+00:00,94.97000122070312,94.9800033569336,94.95999908447266,94.96499633789062,16501
2026-06-29 16:20:00+00:00,94.94999694824219,94.96769714355469,94.94999694824219,94.96769714355469,5349
2026-06-29 16:25:00+00:00,94.95500183105469,94.95989990234375,94.94000244140625,94.95500183105469,224038
2026-06-29 16:30:00+00:00,94.94000244140625,94.95999908447266,94.94000244140625,94.95159912109375,41098
2026-06-29 16:35:00+00:00,94.96499633789062,94.96499633789062,94.94499969482422,94.94499969482422,36760
2026-06-29 16:40:00+00:00,94.95999908447266,94.95999908447266,94.94000244140625,94.95999908447266,29795
2026-06-29 16:45:00+00:00,94.96499633789062,94.96990203857422,94.95999908447266,94.95999908447266,29146
2026-06-29 16:50:00+00:00,94.96499633789062,94.9800033569336,94.96499633789062,94.97000122070312,52154
2026-06-29 16:55:00+00:00,94.96499633789062,94.96980285644531,94.96499633789062,94.96499633789062,6597
2026-06-29 17:00:00+00:00,94.98500061035156,94.98999786376953,94.96499633789062,94.96499633789062,146020
2026-06-29 17:05:00+00:00,94.97930145263672,94.98500061035156,94.97579956054688,94.9800033569336,27048
2026-06-29 17:10:00+00:00,94.9800033569336,94.98999786376953,94.97509765625,94.9800033569336,26146
2026-06-29 17:15:00+00:00,94.98500061035156,94.99500274658203,94.9800033569336,94.98500061035156,28085
2026-06-29 17:20:00+00:00,94.97869873046875,94.98999786376953,94.97010040283203,94.98999786376953,10738
2026-06-29 17:25:00+00:00,94.95999908447266,94.9749984741211,94.95999908447266,94.9749984741211,38851
2026-06-29 17:30:00+00:00,95.00499725341797,95.01000213623047,94.94999694824219,94.95500183105469,97703
2026-06-29 17:35:00+00:00,95.01000213623047,95.01499938964844,95.0,95.0,20692
2026-06-29 17:40:00+00:00,95.01499938964844,95.01499938964844,95.01000213623047,95.01499938964844,11417
2026-06-29 17:45:00+00:00,95.01229858398438,95.0199966430664,95.01000213623047,95.01210021972656,27385
2026-06-29 17:50:00+00:00,95.00409698486328,95.0165023803711,95.0,95.01119995117188,17306
2026-06-29 17:55:00+00:00,94.99500274658203,95.01000213623047,94.98999786376953,95.0,73109
2026-06-29 18:00:00+00:00,94.98500061035156,94.99500274658203,94.98370361328125,94.98999786376953,16213
2026-06-29 18:05:00+00:00,94.98500061035156,94.98999786376953,94.9801025390625,94.98999786376953,23147
2026-06-29 18:10:00+00:00,94.98989868164062,94.98999786376953,94.9813003540039,94.98500061035156,12570
2026-06-29 18:15:00+00:00,94.98999786376953,95.0,94.98500061035156,94.98999786376953,31947
2026-06-29 18:20:00+00:00,94.97489929199219,94.98999786376953,94.96499633789062,94.98989868164062,33713
2026-06-29 18:25:00+00:00,94.95500183105469,94.97689819335938,94.94499969482422,94.9749984741211,24494
2026-06-29 18:30:00+00:00,94.97010040283203,94.9800033569336,94.95999908447266,94.95999908447266,79545
2026-06-29 18:35:00+00:00,94.96499633789062,94.97989654541016,94.96289825439453,94.97000122070312,17404
2026-06-29 18:40:00+00:00,94.96009826660156,94.97000122070312,94.95999908447266,94.97000122070312,11979
2026-06-29 18:45:00+00:00,94.9749984741211,94.9749984741211,94.95999908447266,94.96499633789062,24131
2026-06-29 18:50:00+00:00,94.9749984741211,94.97550201416016,94.97000122070312,94.9749984741211,15233
2026-06-29 18:55:00+00:00,94.9800033569336,95.0,94.97239685058594,94.9749984741211,111551
2026-06-29 19:00:00+00:00,95.00499725341797,95.01000213623047,94.99500274658203,94.99500274658203,28635
2026-06-29 19:05:00+00:00,94.99500274658203,95.00969696044922,94.99500274658203,95.00499725341797,31384
2026-06-29 19:10:00+00:00,94.99500274658203,95.0,94.98999786376953,94.99500274658203,331314
2026-06-29 19:15:00+00:00,95.0000991821289,95.00499725341797,94.99500274658203,94.99500274658203,209597
2026-06-29 19:20:00+00:00,95.0,95.00569915771484,95.0,95.00499725341797,68609
2026-06-29 19:25:00+00:00,95.01499938964844,95.01499938964844,95.0,95.0,88283
2026-06-29 19:30:00+00:00,95.0250015258789,95.02999877929688,95.01499938964844,95.01499938964844,61768
2026-06-29 19:35:00+00:00,95.04000091552734,95.04000091552734,95.0199966430664,95.0250015258789,87956
2026-06-29 19:40:00+00:00,95.05000305175781,95.05000305175781,95.03500366210938,95.03500366210938,116744
2026-06-29 19:45:00+00:00,95.03299713134766,95.05000305175781,95.02999877929688,95.05000305175781,115972
2026-06-29 19:50:00+00:00,95.04389953613281,95.05000305175781,95.02999877929688,95.02999877929688,118904
2026-06-29 19:55:00+00:00,95.04000091552734,95.06999969482422,95.04000091552734,95.05000305175781,346277
2026-06-30 13:30:00+00:00,94.88999938964844,94.90010070800781,94.87999725341797,94.88999938964844,74377
2026-06-30 13:35:00+00:00,94.88500213623047,94.9000015258789,94.875,94.87999725341797,138834
2026-06-30 13:40:00+00:00,94.87950134277344,94.88770294189453,94.86979675292969,94.87999725341797,36182
2026-06-30 13:45:00+00:00,94.8550033569336,94.87960052490234,94.8499984741211,94.87940216064453,56976
2026-06-30 13:50:00+00:00,94.8550033569336,94.86499786376953,94.8499984741211,94.8563003540039,711817
2026-06-30 13:55:00+00:00,94.83999633789062,94.87000274658203,94.83999633789062,94.8582992553711,54950
2026-06-30 14:00:00+00:00,94.79499816894531,94.83499908447266,94.79000091552734,94.83499908447266,253932
2026-06-30 14:05:00+00:00,94.79499816894531,94.80999755859375,94.78900146484375,94.78900146484375,59484
2026-06-30 14:10:00+00:00,94.83000183105469,94.83999633789062,94.80000305175781,94.80000305175781,173713
2026-06-30 14:15:00+00:00,94.84819793701172,94.8550033569336,94.83000183105469,94.83499908447266,123940
2026-06-30 14:20:00+00:00,94.83499908447266,94.85990142822266,94.83499908447266,94.84500122070312,55323
2026-06-30 14:25:00+00:00,94.83000183105469,94.83999633789062,94.82499694824219,94.83999633789062,78426
2026-06-30 14:30:00+00:00,94.83670043945312,94.83999633789062,94.82499694824219,94.83000183105469,32572
2026-06-30 14:35:00+00:00,94.83000183105469,94.83999633789062,94.81300354003906,94.83000183105469,87189
2026-06-30 14:40:00+00:00,94.83499908447266,94.84989929199219,94.83499908447266,94.83499908447266,20275
2026-06-30 14:45:00+00:00,94.8499984741211,94.85559844970703,94.83499908447266,94.83509826660156,83507
2026-06-30 14:50:00+00:00,94.8499984741211,94.85990142822266,94.83999633789062,94.8550033569336,51480
2026-06-30 14:55:00+00:00,94.82499694824219,94.85990142822266,94.82080078125,94.85990142822266,128981
2026-06-30 15:00:00+00:00,94.81999969482422,94.82499694824219,94.81500244140625,94.82499694824219,40488
2026-06-30 15:05:00+00:00,94.82499694824219,94.82990264892578,94.81009674072266,94.81999969482422,440449
2026-06-30 15:10:00+00:00,94.79000091552734,94.83499908447266,94.78199768066406,94.82499694824219,125254
2026-06-30 15:15:00+00:00,94.78500366210938,94.79499816894531,94.76000213623047,94.78500366210938,178970
2026-06-30 15:20:00+00:00,94.78500366210938,94.79499816894531,94.77999877929688,94.77999877929688,106576
2026-06-30 15:25:00+00:00,94.79000091552734,94.79000091552734,94.78240203857422,94.78510284423828,180891
2026-06-30 15:30:00+00:00,94.80500030517578,94.80729675292969,94.78500366210938,94.79499816894531,37744
2026-06-30 15:35:00+00:00,94.82009887695312,94.83000183105469,94.80000305175781,94.80500030517578,72228
2026-06-30 15:40:00+00:00,94.82499694824219,94.82939910888672,94.80999755859375,94.81999969482422,141258
2026-06-30 15:45:00+00:00,94.8386001586914,94.83999633789062,94.83000183105469,94.83000183105469,35862
2026-06-30 15:50:00+00:00,94.83000183105469,94.84989929199219,94.83000183105469,94.83499908447266,110067
2026-06-30 15:55:00+00:00,94.83999633789062,94.84500122070312,94.83000183105469,94.8301010131836,41457
2026-06-30 16:00:00+00:00,94.81500244140625,94.84500122070312,94.81500244140625,94.83499908447266,18610
2026-06-30 16:05:00+00:00,94.80500030517578,94.81999969482422,94.80500030517578,94.81500244140625,13466
2026-06-30 16:10:00+00:00,94.79499816894531,94.80500030517578,94.79000091552734,94.80000305175781,21628
2026-06-30 16:15:00+00:00,94.82499694824219,94.82499694824219,94.80000305175781,94.80000305175781,55427
2026-06-30 16:20:00+00:00,94.79989624023438,94.82499694824219,94.79989624023438,94.82499694824219,49606
2026-06-30 16:25:00+00:00,94.80500030517578,94.80509948730469,94.79010009765625,94.79499816894531,69416
2026-06-30 16:30:00+00:00,94.81999969482422,94.81999969482422,94.80999755859375,94.80999755859375,15602
2026-06-30 16:35:00+00:00,94.81500244140625,94.82929992675781,94.81500244140625,94.82499694824219,20539
2026-06-30 16:40:00+00:00,94.82499694824219,94.82980346679688,94.80999755859375,94.81510162353516,134373
2026-06-30 16:45:00+00:00,94.80999755859375,94.82990264892578,94.80999755859375,94.82990264892578,20878
2026-06-30 16:50:00+00:00,94.80500030517578,94.81819915771484,94.80000305175781,94.81819915771484,12547
2026-06-30 16:55:00+00:00,94.79989624023438,94.80500030517578,94.79000091552734,94.80500030517578,21285
2026-06-30 17:00:00+00:00,94.79499816894531,94.79989624023438,94.78500366210938,94.79000091552734,11018
2026-06-30 17:05:00+00:00,94.7750015258789,94.79029846191406,94.7750015258789,94.79029846191406,35008
2026-06-30 17:10:00+00:00,94.7750015258789,94.78990173339844,94.7750015258789,94.7750015258789,60723
2026-06-30 17:15:00+00:00,94.77989959716797,94.77989959716797,94.7699966430664,94.7750015258789,9921
2026-06-30 17:20:00+00:00,94.77999877929688,94.77999877929688,94.76499938964844,94.77989959716797,48060
2026-06-30 17:25:00+00:00,94.7750015258789,94.7760009765625,94.7699966430664,94.7750015258789,10631
2026-06-30 17:30:00+00:00,94.7750015258789,94.79499816894531,94.7750015258789,94.7750015258789,86672
2026-06-30 17:35:00+00:00,94.78500366210938,94.78500366210938,94.76499938964844,94.77439880371094,83347
2026-06-30 17:40:00+00:00,94.77999877929688,94.78900146484375,94.7750015258789,94.77999877929688,46187
2026-06-30 17:45:00+00:00,94.7750015258789,94.77999877929688,94.7699966430664,94.77999877929688,52019
2026-06-30 17:50:00+00:00,94.77999877929688,94.78990173339844,94.7750015258789,94.7750015258789,83725
2026-06-30 17:55:00+00:00,94.7699966430664,94.78500366210938,94.7699966430664,94.78500366210938,37412
2026-06-30 18:00:00+00:00,94.7699966430664,94.77999877929688,94.76020050048828,94.7699966430664,35585
2026-06-30 18:05:00+00:00,94.75499725341797,94.7771987915039,94.75,94.7750015258789,71643
2026-06-30 18:10:00+00:00,94.75499725341797,94.76000213623047,94.74349975585938,94.76000213623047,53520
2026-06-30 18:15:00+00:00,94.75389862060547,94.76000213623047,94.75,94.75499725341797,23767
2026-06-30 18:20:00+00:00,94.75499725341797,94.76000213623047,94.75029754638672,94.75689697265625,22957
2026-06-30 18:25:00+00:00,94.74500274658203,94.76000213623047,94.73999786376953,94.75969696044922,39367
2026-06-30 18:30:00+00:00,94.74500274658203,94.74639892578125,94.72489929199219,94.73999786376953,112394
2026-06-30 18:35:00+00:00,94.72989654541016,94.74759674072266,94.7249984741211,94.74500274658203,94184
2026-06-30 18:40:00+00:00,94.72989654541016,94.73999786376953,94.72000122070312,94.7249984741211,46827
2026-06-30 18:45:00+00:00,94.73500061035156,94.73500061035156,94.7249984741211,94.7249984741211,26129
2026-06-30 18:50:00+00:00,94.7300033569336,94.73690032958984,94.7300033569336,94.73500061035156,46525
2026-06-30 18:55:00+00:00,94.70500183105469,94.73999786376953,94.69999694824219,94.7300033569336,309247
2026-06-30 19:00:00+00:00,94.71499633789062,94.7249984741211,94.69999694824219,94.69999694824219,114136
2026-06-30 19:05:00+00:00,94.6968002319336,94.71499633789062,94.69000244140625,94.71499633789062,50730
2026-06-30 19:10:00+00:00,94.66999816894531,94.69499969482422,94.66500091552734,94.69499969482422,71088
2026-06-30 19:15:00+00:00,94.65499877929688,94.66999816894531,94.6500015258789,94.66999816894531,56139
2026-06-30 19:20:00+00:00,94.6449966430664,94.65899658203125,94.63999938964844,94.65499877929688,52459
2026-06-30 19:25:00+00:00,94.6449966430664,94.6500015258789,94.62999725341797,94.6449966430664,147118
2026-06-30 19:30:00+00:00,94.62999725341797,94.6500015258789,94.62000274658203,94.6449966430664,229629
2026-06-30 19:35:00+00:00,94.65010070800781,94.66000366210938,94.62999725341797,94.62999725341797,149242
2026-06-30 19:40:00+00:00,94.64990234375,94.66000366210938,94.6449966430664,94.65499877929688,191080
2026-06-30 19:45:00+00:00,94.61499786376953,94.6500015258789,94.61499786376953,94.6449966430664,124724
2026-06-30 19:50:00+00:00,94.59500122070312,94.61640167236328,94.58999633789062,94.61599731445312,246310
2026-06-30 19:55:00+00:00,94.56999969482422,94.59500122070312,94.54499816894531,94.59500122070312,639975
2026-07-01 13:30:00+00:00,94.0199966430664,94.06500244140625,94.01020050048828,94.04000091552734,616523
2026-07-01 13:35:00+00:00,94.04000091552734,94.06610107421875,93.99500274658203,94.01499938964844,147277
2026-07-01 13:40:00+00:00,94.05999755859375,94.06500244140625,94.04000091552734,94.04000091552734,143056
2026-07-01 13:45:00+00:00,94.09500122070312,94.11000061035156,94.06500244140625,94.06500244140625,124815
2026-07-01 13:50:00+00:00,94.11499786376953,94.125,94.08499908447266,94.0999984741211,124734
2026-07-01 13:55:00+00:00,94.0999984741211,94.11250305175781,94.08999633789062,94.11000061035156,87774
2026-07-01 14:00:00+00:00,94.125,94.1500015258789,94.0999984741211,94.11000061035156,398948
2026-07-01 14:05:00+00:00,94.17230224609375,94.18810272216797,94.125,94.125,74621
2026-07-01 14:10:00+00:00,94.18000030517578,94.19999694824219,94.16999816894531,94.17500305175781,244060
2026-07-01 14:15:00+00:00,94.16500091552734,94.19499969482422,94.16000366210938,94.18009948730469,201048
2026-07-01 14:20:00+00:00,94.15499877929688,94.18499755859375,94.1449966430664,94.16500091552734,195048
2026-07-01 14:25:00+00:00,94.15859985351562,94.15859985351562,94.13999938964844,94.15499877929688,98917
2026-07-01 14:30:00+00:00,94.19000244140625,94.19000244140625,94.15499877929688,94.15499877929688,68496
2026-07-01 14:35:00+00:00,94.16010284423828,94.18499755859375,94.13999938964844,94.18499755859375,65587
2026-07-01 14:40:00+00:00,94.13849639892578,94.16500091552734,94.13500213623047,94.16010284423828,26261
2026-07-01 14:45:00+00:00,94.13999938964844,94.13999938964844,94.12010192871094,94.13500213623047,72787
2026-07-01 14:50:00+00:00,94.13500213623047,94.15499877929688,94.125,94.13999938964844,63401
2026-07-01 14:55:00+00:00,94.1449966430664,94.1449966430664,94.13500213623047,94.13500213623047,31351
2026-07-01 15:00:00+00:00,94.15029907226562,94.16999816894531,94.13999938964844,94.13999938964844,57036
2026-07-01 15:05:00+00:00,94.15010070800781,94.16000366210938,94.14340209960938,94.15399932861328,48767
2026-07-01 15:10:00+00:00,94.1500015258789,94.1500015258789,94.12000274658203,94.1449966430664,116610
2026-07-01 15:15:00+00:00,94.13999938964844,94.1498031616211,94.12999725341797,94.1498031616211,49497
2026-07-01 15:20:00+00:00,94.13999938964844,94.158203125,94.12000274658203,94.13500213623047,258645
2026-07-01 15:25:00+00:00,94.1449966430664,94.16000366210938,94.13500213623047,94.13990020751953,50034
2026-07-01 15:30:00+00:00,94.13999938964844,94.16500091552734,94.13999938964844,94.1449966430664,98649
2026-07-01 15:35:00+00:00,94.1500015258789,94.1500015258789,94.13500213623047,94.13999938964844,50753
2026-07-01 15:40:00+00:00,94.1500015258789,94.15989685058594,94.12000274658203,94.1500015258789,50919
2026-07-01 15:45:00+00:00,94.16000366210938,94.16000366210938,94.1500015258789,94.15499877929688,34930
2026-07-01 15:50:00+00:00,94.16500091552734,94.17990112304688,94.16000366210938,94.16000366210938,34651
2026-07-01 15:55:00+00:00,94.15499877929688,94.1698989868164,94.1449966430664,94.16500091552734,57184
2026-07-01 16:00:00+00:00,94.16500091552734,94.16500091552734,94.13999938964844,94.15499877929688,51581
2026-07-01 16:05:00+00:00,94.16500091552734,94.18000030517578,94.1614990234375,94.1614990234375,37284
2026-07-01 16:10:00+00:00,94.16010284423828,94.16999816894531,94.16000366210938,94.16000366210938,54321
2026-07-01 16:15:00+00:00,94.15599822998047,94.16500091552734,94.13999938964844,94.16500091552734,188651
2026-07-01 16:20:00+00:00,94.13500213623047,94.1500015258789,94.12999725341797,94.1500015258789,158310
2026-07-01 16:25:00+00:00,94.1500015258789,94.1500015258789,94.13130187988281,94.13500213623047,21477
2026-07-01 16:30:00+00:00,94.1500015258789,94.16000366210938,94.1449966430664,94.1449966430664,22586
2026-07-01 16:35:00+00:00,94.12999725341797,94.15989685058594,94.12999725341797,94.15499877929688,17995
2026-07-01 16:40:00+00:00,94.12000274658203,94.12999725341797,94.11000061035156,94.12000274658203,73141
2026-07-01 16:45:00+00:00,94.125,94.13999938964844,94.11499786376953,94.11499786376953,64175
2026-07-01 16:50:00+00:00,94.125,94.125,94.11229705810547,94.125,24841
2026-07-01 16:55:00+00:00,94.08999633789062,94.12999725341797,94.08999633789062,94.125,49966
2026-07-01 17:00:00+00:00,94.11000061035156,94.11000061035156,94.08149719238281,94.08999633789062,59022
2026-07-01 17:05:00+00:00,94.10330200195312,94.10769653320312,94.0999984741211,94.1050033569336,12960
2026-07-01 17:10:00+00:00,94.12989807128906,94.12999725341797,94.11000061035156,94.11000061035156,51256
2026-07-01 17:15:00+00:00,94.11000061035156,94.12999725341797,94.11000061035156,94.125,52729
2026-07-01 17:20:00+00:00,94.09500122070312,94.11499786376953,94.08999633789062,94.11000061035156,19640
2026-07-01 17:25:00+00:00,94.09500122070312,94.0999984741211,94.08000183105469,94.08999633789062,46651
2026-07-01 17:30:00+00:00,94.1050033569336,94.11000061035156,94.08999633789062,94.0916976928711,47198
2026-07-01 17:35:00+00:00,94.1050033569336,94.11000061035156,94.10189819335938,94.1050033569336,16757
2026-07-01 17:40:00+00:00,94.12999725341797,94.12999725341797,94.11000061035156,94.11000061035156,57363
2026-07-01 17:45:00+00:00,94.1449966430664,94.1500015258789,94.13179779052734,94.13500213623047,72138
2026-07-01 17:50:00+00:00,94.1449966430664,94.1500015258789,94.13179779052734,94.1449966430664,59091
2026-07-01 17:55:00+00:00,94.125,94.14990234375,94.12000274658203,94.1449966430664,51096
2026-07-01 18:00:00+00:00,94.12159729003906,94.13999938964844,94.12000274658203,94.12000274658203,69844
2026-07-01 18:05:00+00:00,94.125,94.12899780273438,94.12000274658203,94.12429809570312,39268
2026-07-01 18:10:00+00:00,94.11000061035156,94.12000274658203,94.11000061035156,94.12000274658203,37109
2026-07-01 18:15:00+00:00,94.09500122070312,94.11519622802734,94.08999633789062,94.11000061035156,99095
2026-07-01 18:20:00+00:00,94.09010314941406,94.10579681396484,94.08999633789062,94.08999633789062,41138
2026-07-01 18:25:00+00:00,94.08499908447266,94.0999984741211,94.08000183105469,94.09500122070312,71680
2026-07-01 18:30:00+00:00,94.06500244140625,94.08000183105469,94.06500244140625,94.08000183105469,29378
2026-07-01 18:35:00+00:00,94.06500244140625,94.06990051269531,94.06500244140625,94.06500244140625,27056
2026-07-01 18:40:00+00:00,94.05500030517578,94.06009674072266,94.04000091552734,94.06009674072266,167114
2026-07-01 18:45:00+00:00,94.05500030517578,94.05999755859375,94.05000305175781,94.05500030517578,75769
2026-07-01 18:50:00+00:00,94.05000305175781,94.05999755859375,94.05000305175781,94.05500030517578,81203
2026-07-01 18:55:00+00:00,94.06500244140625,94.06999969482422,94.04000091552734,94.05000305175781,210053
2026-07-01 19:00:00+00:00,94.05819702148438,94.06999969482422,94.05500030517578,94.06500244140625,100640
2026-07-01 19:05:00+00:00,94.06500244140625,94.06990051269531,94.05500030517578,94.06839752197266,97500
2026-07-01 19:10:00+00:00,94.06999969482422,94.06999969482422,94.05999755859375,94.06500244140625,71687
2026-07-01 19:15:00+00:00,94.03500366210938,94.05999755859375,94.03500366210938,94.05999755859375,81455
2026-07-01 19:20:00+00:00,94.03500366210938,94.04000091552734,94.0199966430664,94.03990173339844,71899
2026-07-01 19:25:00+00:00,94.03500366210938,94.04000091552734,94.03009796142578,94.03500366210938,64264
2026-07-01 19:30:00+00:00,94.04499816894531,94.05000305175781,94.0199966430664,94.04000091552734,148618
2026-07-01 19:35:00+00:00,94.05000305175781,94.05000305175781,94.04000091552734,94.04000091552734,47582
2026-07-01 19:40:00+00:00,94.04000091552734,94.05999755859375,94.04000091552734,94.05000305175781,73511
2026-07-01 19:45:00+00:00,94.05819702148438,94.05819702148438,94.04000091552734,94.04499816894531,95634
2026-07-01 19:50:00+00:00,94.04000091552734,94.05500030517578,94.02999877929688,94.05500030517578,159580
2026-07-01 19:55:00+00:00,94.03500366210938,94.05999755859375,94.02999877929688,94.03500366210938,404600
2026-07-02 13:30:00+00:00,94.13999938964844,94.16000366210938,94.08000183105469,94.08200073242188,136993
2026-07-02 13:35:00+00:00,94.13999938964844,94.16500091552734,94.12999725341797,94.15499877929688,73069
2026-07-02 13:40:00+00:00,94.13500213623047,94.16000366210938,94.12000274658203,94.13500213623047,420384
2026-07-02 13:45:00+00:00,94.08999633789062,94.1449966430664,94.08999633789062,94.13500213623047,71233
2026-07-02 13:50:00+00:00,94.09500122070312,94.12000274658203,94.08999633789062,94.09500122070312,98716
2026-07-02 13:55:00+00:00,94.08999633789062,94.125,94.08999633789062,94.09500122070312,150764
2026-07-02 14:00:00+00:00,94.08499908447266,94.0999984741211,94.06999969482422,94.08999633789062,117857
2026-07-02 14:05:00+00:00,94.1050033569336,94.10880279541016,94.08000183105469,94.08000183105469,96232
2026-07-02 14:10:00+00:00,94.09200286865234,94.10810089111328,94.07170104980469,94.1050033569336,191221
2026-07-02 14:15:00+00:00,94.07499694824219,94.1063003540039,94.06999969482422,94.09500122070312,62103
2026-07-02 14:20:00+00:00,94.1050033569336,94.1050033569336,94.04989624023438,94.07499694824219,184678
2026-07-02 14:25:00+00:00,94.12000274658203,94.12000274658203,94.09500122070312,94.0999984741211,89795
2026-07-02 14:30:00+00:00,94.11000061035156,94.125,94.11000061035156,94.11499786376953,137325
2026-07-02 14:35:00+00:00,94.13600158691406,94.13999938964844,94.09020233154297,94.0999984741211,146849
2026-07-02 14:40:00+00:00,94.13999938964844,94.14990234375,94.12010192871094,94.13500213623047,149718
2026-07-02 14:45:00+00:00,94.15499877929688,94.16000366210938,94.12999725341797,94.13999938964844,218486
2026-07-02 14:50:00+00:00,94.19000244140625,94.19999694824219,94.15019989013672,94.15499877929688,74385
2026-07-02 14:55:00+00:00,94.1801986694336,94.21499633789062,94.18000030517578,94.19000244140625,135945
2026-07-02 15:00:00+00:00,94.20999908447266,94.20999908447266,94.16999816894531,94.18000030517578,64995
2026-07-02 15:05:00+00:00,94.21009826660156,94.22660064697266,94.20500183105469,94.20500183105469,57336
2026-07-02 15:10:00+00:00,94.2249984741211,94.22899627685547,94.21499633789062,94.22000122070312,95743
2026-07-02 15:15:00+00:00,94.2249984741211,94.2300033569336,94.22000122070312,94.2249984741211,33741
2026-07-02 15:20:00+00:00,94.23500061035156,94.2490005493164,94.22000122070312,94.2249984741211,175121
2026-07-02 15:25:00+00:00,94.2384033203125,94.24759674072266,94.2219009399414,94.24500274658203,48060
2026-07-02 15:30:00+00:00,94.25,94.25669860839844,94.23500061035156,94.23500061035156,88083
2026-07-02 15:35:00+00:00,94.25499725341797,94.26000213623047,94.23999786376953,94.25499725341797,45617
2026-07-02 15:40:00+00:00,94.25499725341797,94.26000213623047,94.23829650878906,94.25,54289
2026-07-02 15:45:00+00:00,94.23500061035156,94.25990295410156,94.23149871826172,94.25499725341797,71382
2026-07-02 15:50:00+00:00,94.20999908447266,94.23500061035156,94.20500183105469,94.23500061035156,22951
2026-07-02 15:55:00+00:00,94.20999908447266,94.22000122070312,94.19999694824219,94.21150207519531,44005
2026-07-02 16:00:00+00:00,94.18499755859375,94.22000122070312,94.18499755859375,94.19999694824219,27091
2026-07-02 16:05:00+00:00,94.16999816894531,94.18659973144531,94.16500091552734,94.18659973144531,24050
2026-07-02 16:10:00+00:00,94.17500305175781,94.18000030517578,94.16000366210938,94.17500305175781,67990
2026-07-02 16:15:00+00:00,94.1500015258789,94.17500305175781,94.14129638671875,94.17500305175781,59806
2026-07-02 16:20:00+00:00,94.12999725341797,94.15650177001953,94.12999725341797,94.15499877929688,34728
2026-07-02 16:25:00+00:00,94.11499786376953,94.13500213623047,94.11000061035156,94.12999725341797,30402
2026-07-02 16:30:00+00:00,94.11499786376953,94.12000274658203,94.1050033569336,94.10990142822266,22290
2026-07-02 16:35:00+00:00,94.10169982910156,94.12999725341797,94.0999984741211,94.11499786376953,69857
2026-07-02 16:40:00+00:00,94.11499786376953,94.11990356445312,94.10179901123047,94.1050033569336,22443
2026-07-02 16:45:00+00:00,94.09500122070312,94.11499786376953,94.08999633789062,94.11499786376953,35571
2026-07-02 16:50:00+00:00,94.08999633789062,94.11000061035156,94.08000183105469,94.0999984741211,48931
2026-07-02 16:55:00+00:00,94.09500122070312,94.12000274658203,94.08499908447266,94.08499908447266,40659
2026-07-02 17:00:00+00:00,94.09500122070312,94.11000061035156,94.08999633789062,94.08999633789062,41621
2026-07-02 17:05:00+00:00,94.08499908447266,94.0999984741211,94.08499908447266,94.09500122070312,8003
2026-07-02 17:10:00+00:00,94.08999633789062,94.08999633789062,94.08499908447266,94.08999633789062,14376
2026-07-02 17:15:00+00:00,94.08499908447266,94.08999633789062,94.07499694824219,94.08499908447266,38560
2026-07-02 17:20:00+00:00,94.07499694824219,94.0864028930664,94.07499694824219,94.0824966430664,48640
2026-07-02 17:25:00+00:00,94.05500030517578,94.06999969482422,94.05000305175781,94.06999969482422,25893
2026-07-02 17:30:00+00:00,94.06999969482422,94.06999969482422,94.05000305175781,94.05500030517578,32145
2026-07-02 17:35:00+00:00,94.04010009765625,94.06999969482422,94.04000091552734,94.06500244140625,33091
2026-07-02 17:40:00+00:00,94.05000305175781,94.05000305175781,94.04499816894531,94.04499816894531,25912
2026-07-02 17:45:00+00:00,94.04499816894531,94.05999755859375,94.04000091552734,94.05500030517578,22506
2026-07-02 17:50:00+00:00,94.04000091552734,94.04499816894531,94.02999877929688,94.04499816894531,86843
2026-07-02 17:55:00+00:00,94.04499816894531,94.04989624023438,94.03500366210938,94.04000091552734,144181
2026-07-02 18:00:00+00:00,94.05500030517578,94.05999755859375,94.04010009765625,94.04989624023438,176101
2026-07-02 18:05:00+00:00,94.05500030517578,94.06999969482422,94.04499816894531,94.05500030517578,341335
2026-07-02 18:10:00+00:00,94.05500030517578,94.05950164794922,94.04180145263672,94.05000305175781,205242
2026-07-02 18:15:00+00:00,94.03500366210938,94.05999755859375,94.03500366210938,94.05999755859375,96100
2026-07-02 18:20:00+00:00,94.04989624023438,94.04989624023438,94.02999877929688,94.02999877929688,72891
2026-07-02 18:25:00+00:00,94.03009796142578,94.05000305175781,94.03009796142578,94.04499816894531,23281
2026-07-02 18:30:00+00:00,94.03260040283203,94.03820037841797,94.02999877929688,94.03050231933594,11055
2026-07-02 18:35:00+00:00,94.04499816894531,94.05000305175781,94.03500366210938,94.03500366210938,26860
2026-07-02 18:40:00+00:00,94.05000305175781,94.05000305175781,94.04499816894531,94.04499816894531,95560
2026-07-02 18:45:00+00:00,94.05500030517578,94.05999755859375,94.0427017211914,94.05000305175781,20216
2026-07-02 18:50:00+00:00,94.05500030517578,94.05999755859375,94.05000305175781,94.05500030517578,19062
2026-07-02 18:55:00+00:00,94.05999755859375,94.05999755859375,94.05000305175781,94.05010223388672,46959
2026-07-02 19:00:00+00:00,94.07499694824219,94.08000183105469,94.05500030517578,94.05999755859375,389265
2026-07-02 19:05:00+00:00,94.11000061035156,94.11000061035156,94.07230377197266,94.07230377197266,652359
2026-07-02 19:10:00+00:00,94.1050033569336,94.11000061035156,94.0999984741211,94.1050033569336,34775
2026-07-02 19:15:00+00:00,94.11499786376953,94.12000274658203,94.11000061035156,94.11000061035156,154660
2026-07-02 19:20:00+00:00,94.125,94.12789916992188,94.11009979248047,94.11499786376953,47541
2026-07-02 19:25:00+00:00,94.125,94.12999725341797,94.12000274658203,94.12010192871094,67116
2026-07-02 19:30:00+00:00,94.12999725341797,94.13999938964844,94.12000274658203,94.125,30756
2026-07-02 19:35:00+00:00,94.1449966430664,94.1500015258789,94.12999725341797,94.12999725341797,57747
2026-07-02 19:40:00+00:00,94.13500213623047,94.1500015258789,94.13500213623047,94.1449966430664,70864
2026-07-02 19:45:00+00:00,94.1449966430664,94.1449966430664,94.12999725341797,94.13500213623047,54232
2026-07-02 19:50:00+00:00,94.15010070800781,94.16000366210938,94.13999938964844,94.1449966430664,32115
2026-07-02 19:55:00+00:00,94.13999938964844,94.16000366210938,94.12999725341797,94.1500015258789,205555
2026-07-06 13:30:00+00:00,94.16010284423828,94.16500091552734,94.11499786376953,94.12000274658203,361072
2026-07-06 13:35:00+00:00,94.13999938964844,94.16999816894531,94.13999938964844,94.16999816894531,125806
2026-07-06 13:40:00+00:00,94.12989807128906,94.1500015258789,94.125,94.1449966430664,325592
2026-07-06 13:45:00+00:00,94.13020324707031,94.13500213623047,94.12000274658203,94.125,60625
2026-07-06 13:50:00+00:00,94.125,94.13500213623047,94.125,94.12999725341797,18927
2026-07-06 13:55:00+00:00,94.09500122070312,94.12999725341797,94.09500122070312,94.12000274658203,29658
2026-07-06 14:00:00+00:00,94.12000274658203,94.12000274658203,94.08499908447266,94.08999633789062,78819
2026-07-06 14:05:00+00:00,94.09500122070312,94.11990356445312,94.09500122070312,94.1144027709961,91581
2026-07-06 14:10:00+00:00,94.0999984741211,94.11499786376953,94.09010314941406,94.1050033569336,22050
2026-07-06 14:15:00+00:00,94.08999633789062,94.0999984741211,94.07499694824219,94.0999984741211,130062
2026-07-06 14:20:00+00:00,94.08000183105469,94.08999633789062,94.06500244140625,94.08499908447266,49952
2026-07-06 14:25:00+00:00,94.06999969482422,94.08499908447266,94.06500244140625,94.07009887695312,96945
2026-07-06 14:30:00+00:00,94.08000183105469,94.08000183105469,94.05999755859375,94.07009887695312,42214
2026-07-06 14:35:00+00:00,94.0344009399414,94.08000183105469,94.0344009399414,94.07499694824219,91267
2026-07-06 14:40:00+00:00,94.04499816894531,94.04989624023438,94.03500366210938,94.04000091552734,26281
2026-07-06 14:45:00+00:00,94.03820037841797,94.05000305175781,94.03009796142578,94.04499816894531,15350
2026-07-06 14:50:00+00:00,94.05500030517578,94.05500030517578,94.02999877929688,94.03500366210938,37699
2026-07-06 14:55:00+00:00,94.06999969482422,94.06999969482422,94.043701171875,94.05000305175781,46935
2026-07-06 15:00:00+00:00,94.06990051269531,94.06999969482422,94.05000305175781,94.05819702148438,15797
2026-07-06 15:05:00+00:00,94.06999969482422,94.07839965820312,94.06169891357422,94.06999969482422,22763
2026-07-06 15:10:00+00:00,94.08499908447266,94.08999633789062,94.06500244140625,94.07499694824219,10073
2026-07-06 15:15:00+00:00,94.06500244140625,94.08499908447266,94.06500244140625,94.08499908447266,14781
2026-07-06 15:20:00+00:00,94.07009887695312,94.08830261230469,94.06169891357422,94.06990051269531,26370
2026-07-06 15:25:00+00:00,94.06500244140625,94.07849884033203,94.06379699707031,94.07499694824219,16724
2026-07-06 15:30:00+00:00,94.05999755859375,94.06849670410156,94.05500030517578,94.06500244140625,14002
2026-07-06 15:35:00+00:00,94.07499694824219,94.08000183105469,94.05999755859375,94.06500244140625,12925
2026-07-06 15:40:00+00:00,94.0801010131836,94.08499908447266,94.07150268554688,94.07499694824219,13756
2026-07-06 15:45:00+00:00,94.08999633789062,94.08999633789062,94.08000183105469,94.08000183105469,16496
2026-07-06 15:50:00+00:00,94.07019805908203,94.0863037109375,94.06999969482422,94.08000183105469,14307
2026-07-06 15:55:00+00:00,94.06999969482422,94.07980346679688,94.06999969482422,94.07499694824219,20950
2026-07-06 16:00:00+00:00,94.05500030517578,94.060302734375,94.0447998046875,94.060302734375,11269
2026-07-06 16:05:00+00:00,94.05500030517578,94.05870056152344,94.04499816894531,94.05500030517578,9995
2026-07-06 16:10:00+00:00,94.06500244140625,94.06999969482422,94.05000305175781,94.05500030517578,95432
2026-07-06 16:15:00+00:00,94.08000183105469,94.08000183105469,94.06009674072266,94.06430053710938,35016
2026-07-06 16:20:00+00:00,94.08499908447266,94.09500122070312,94.08499908447266,94.09159851074219,32012
2026-07-06 16:25:00+00:00,94.08999633789062,94.09500122070312,94.08000183105469,94.08499908447266,55682
2026-07-06 16:30:00+00:00,94.09500122070312,94.09500122070312,94.0739974975586,94.09400177001953,41630
2026-07-06 16:35:00+00:00,94.08670043945312,94.09500122070312,94.0801010131836,94.09500122070312,25152
2026-07-06 16:40:00+00:00,94.0801010131836,94.0884017944336,94.08000183105469,94.08000183105469,7169
2026-07-06 16:45:00+00:00,94.08499908447266,94.08809661865234,94.07360076904297,94.08499908447266,25848
2026-07-06 16:50:00+00:00,94.09500122070312,94.1050033569336,94.08499908447266,94.08999633789062,35929
2026-07-06 16:55:00+00:00,94.09159851074219,94.09970092773438,94.08999633789062,94.09500122070312,18833
2026-07-06 17:00:00+00:00,94.09500122070312,94.0999984741211,94.08499908447266,94.09010314941406,30311
2026-07-06 17:05:00+00:00,94.1050033569336,94.1050033569336,94.08999633789062,94.09500122070312,28300
2026-07-06 17:10:00+00:00,94.1050033569336,94.1050033569336,94.09500122070312,94.1050033569336,52375
2026-07-06 17:15:00+00:00,94.10659790039062,94.11000061035156,94.0999984741211,94.0999984741211,31912
2026-07-06 17:20:00+00:00,94.11499786376953,94.11499786376953,94.0999984741211,94.0999984741211,20140
2026-07-06 17:25:00+00:00,94.1050033569336,94.11810302734375,94.0999984741211,94.11000061035156,21192
2026-07-06 17:30:00+00:00,94.0999984741211,94.10970306396484,94.0999984741211,94.10250091552734,29765
2026-07-06 17:35:00+00:00,94.09529876708984,94.1050033569336,94.08999633789062,94.0999984741211,28762
2026-07-06 17:40:00+00:00,94.09500122070312,94.0999984741211,94.08999633789062,94.08999633789062,27875
2026-07-06 17:45:00+00:00,94.0999984741211,94.1050033569336,94.08000183105469,94.08999633789062,62607
2026-07-06 17:50:00+00:00,94.0999984741211,94.1072998046875,94.0999984741211,94.1050033569336,31388
2026-07-06 17:55:00+00:00,94.0999984741211,94.10590362548828,94.08999633789062,94.1050033569336,25446
2026-07-06 18:00:00+00:00,94.1050033569336,94.11000061035156,94.0999984741211,94.0999984741211,20882
2026-07-06 18:05:00+00:00,94.0999984741211,94.11000061035156,94.0999984741211,94.1050033569336,21444
2026-07-06 18:10:00+00:00,94.11499786376953,94.12000274658203,94.0999984741211,94.0999984741211,61749
2026-07-06 18:15:00+00:00,94.11499786376953,94.11969757080078,94.11000061035156,94.11499786376953,10084
2026-07-06 18:20:00+00:00,94.1050033569336,94.11000061035156,94.0999984741211,94.11000061035156,16883
2026-07-06 18:25:00+00:00,94.1050033569336,94.11000061035156,94.0999984741211,94.10009765625,62084
2026-07-06 18:30:00+00:00,94.11499786376953,94.12000274658203,94.10179901123047,94.1050033569336,43166
2026-07-06 18:35:00+00:00,94.11499786376953,94.11859893798828,94.11000061035156,94.11499786376953,12184
2026-07-06 18:40:00+00:00,94.11499786376953,94.12000274658203,94.11499786376953,94.11499786376953,9925
2026-07-06 18:45:00+00:00,94.125,94.12999725341797,94.11000061035156,94.11499786376953,35892
2026-07-06 18:50:00+00:00,94.11499786376953,94.12750244140625,94.11009979248047,94.125,27934
2026-07-06 18:55:00+00:00,94.125,94.125,94.11000061035156,94.11000061035156,32033
2026-07-06 19:00:00+00:00,94.11499786376953,94.12999725341797,94.11000061035156,94.125,47876
2026-07-06 19:05:00+00:00,94.125,94.12999725341797,94.11170196533203,94.11499786376953,29693
2026-07-06 19:10:00+00:00,94.125,94.13990020751953,94.12010192871094,94.125,74112
2026-07-06 19:15:00+00:00,94.125,94.12999725341797,94.12010192871094,94.125,8595
2026-07-06 19:20:00+00:00,94.1449966430664,94.1449966430664,94.125,94.125,29479
2026-07-06 19:25:00+00:00,94.15499877929688,94.16000366210938,94.14199829101562,94.1449966430664,59587
2026-07-06 19:30:00+00:00,94.16500091552734,94.16999816894531,94.1500015258789,94.15499877929688,48701
2026-07-06 19:35:00+00:00,94.16500091552734,94.16999816894531,94.16010284423828,94.16500091552734,24937
2026-07-06 19:40:00+00:00,94.16999816894531,94.16999816894531,94.16000366210938,94.16500091552734,71056
2026-07-06 19:45:00+00:00,94.18000030517578,94.18000030517578,94.16950225830078,94.16999816894531,75476
2026-07-06 19:50:00+00:00,94.18499755859375,94.19000244140625,94.17009735107422,94.17500305175781,38153
2026-07-06 19:55:00+00:00,94.18499755859375,94.19000244140625,94.18000030517578,94.18499755859375,124816
2026-07-07 13:30:00+00:00,93.99500274658203,94.01000213623047,93.97000122070312,93.97000122070312,330750
2026-07-07 13:35:00+00:00,94.01499938964844,94.0199966430664,93.99500274658203,93.99500274658203,59217
2026-07-07 13:40:00+00:00,94.01499938964844,94.0199966430664,94.00499725341797,94.01000213623047,65586
2026-07-07 13:45:00+00:00,94.00499725341797,94.0199966430664,94.0,94.01000213623047,31437
2026-07-07 13:50:00+00:00,93.96199798583984,94.0083999633789,93.96199798583984,94.00499725341797,54770
2026-07-07 13:55:00+00:00,93.94000244140625,93.96839904785156,93.94000244140625,93.96499633789062,26609
2026-07-07 14:00:00+00:00,93.86990356445312,93.94819641113281,93.86000061035156,93.93499755859375,168722
2026-07-07 14:05:00+00:00,93.87010192871094,93.87999725341797,93.8550033569336,93.87000274658203,60780
2026-07-07 14:10:00+00:00,93.8949966430664,93.89969635009766,93.85220336914062,93.864501953125,67697
2026-07-07 14:15:00+00:00,93.92500305175781,93.92500305175781,93.9000015258789,93.9000015258789,19029
2026-07-07 14:20:00+00:00,93.91000366210938,93.92829895019531,93.90499877929688,93.92829895019531,32149
2026-07-07 14:25:00+00:00,93.91500091552734,93.92990112304688,93.91439819335938,93.91500091552734,15251
2026-07-07 14:30:00+00:00,93.93000030517578,93.9385986328125,93.91999816894531,93.91999816894531,31922
2026-07-07 14:35:00+00:00,93.92500305175781,93.94000244140625,93.9135971069336,93.93499755859375,39053
2026-07-07 14:40:00+00:00,93.93000030517578,93.93499755859375,93.91999816894531,93.92500305175781,30965
2026-07-07 14:45:00+00:00,93.94989776611328,93.94989776611328,93.92500305175781,93.93000030517578,14428
2026-07-07 14:50:00+00:00,93.95999908447266,93.95999908447266,93.94499969482422,93.94999694824219,18693
2026-07-07 14:55:00+00:00,93.91999816894531,93.95999908447266,93.91999816894531,93.95999908447266,42848
2026-07-07 15:00:00+00:00,93.92500305175781,93.93000030517578,93.9000015258789,93.91999816894531,233386
2026-07-07 15:05:00+00:00,93.93499755859375,93.939697265625,93.91999816894531,93.92500305175781,35341
2026-07-07 15:10:00+00:00,93.90499877929688,93.93000030517578,93.90499877929688,93.93000030517578,52395
2026-07-07 15:15:00+00:00,93.91999816894531,93.91999816894531,93.9010009765625,93.91000366210938,117039
2026-07-07 15:20:00+00:00,93.91500091552734,93.92970275878906,93.91400146484375,93.91999816894531,18186
2026-07-07 15:25:00+00:00,93.92500305175781,93.93000030517578,93.91230010986328,93.91500091552734,16200
2026-07-07 15:30:00+00:00,93.91000366210938,93.94000244140625,93.90149688720703,93.92500305175781,46554
2026-07-07 15:35:00+00:00,93.91999816894531,93.91999816894531,93.90989685058594,93.91500091552734,16063
2026-07-07 15:40:00+00:00,93.9000015258789,93.91999816894531,93.9000015258789,93.91000366210938,33385
2026-07-07 15:45:00+00:00,93.89009857177734,93.90499877929688,93.88500213623047,93.90499877929688,13758
2026-07-07 15:50:00+00:00,93.87999725341797,93.88999938964844,93.87319946289062,93.88999938964844,44331
2026-07-07 15:55:00+00:00,93.8949966430664,93.8949966430664,93.87000274658203,93.87999725341797,132913
2026-07-07 16:00:00+00:00,93.8949966430664,93.9000015258789,93.88999938964844,93.8949966430664,28675
2026-07-07 16:05:00+00:00,93.90499877929688,93.90989685058594,93.8949966430664,93.8949966430664,22120
2026-07-07 16:10:00+00:00,93.8949966430664,93.90499877929688,93.8949966430664,93.90499877929688,7110
2026-07-07 16:15:00+00:00,93.87999725341797,93.9000015258789,93.87999725341797,93.8949966430664,9826
2026-07-07 16:20:00+00:00,93.8550033569336,93.875,93.8550033569336,93.875,44480
2026-07-07 16:25:00+00:00,93.8550033569336,93.86000061035156,93.84500122070312,93.8583984375,30218
2026-07-07 16:30:00+00:00,93.8550033569336,93.86630249023438,93.85369873046875,93.86000061035156,15262
2026-07-07 16:35:00+00:00,93.86389923095703,93.86499786376953,93.8499984741211,93.8550033569336,20822
2026-07-07 16:40:00+00:00,93.86000061035156,93.87000274658203,93.85030364990234,93.86499786376953,62078
2026-07-07 16:45:00+00:00,93.86000061035156,93.86000061035156,93.8499984741211,93.8499984741211,27326
2026-07-07 16:50:00+00:00,93.8499984741211,93.86000061035156,93.84390258789062,93.86000061035156,96119
2026-07-07 16:55:00+00:00,93.8550033569336,93.8550033569336,93.83999633789062,93.84500122070312,10434
2026-07-07 17:00:00+00:00,93.87999725341797,93.87999725341797,93.84500122070312,93.8550033569336,115493
2026-07-07 17:05:00+00:00,93.86499786376953,93.87229919433594,93.86000061035156,93.87229919433594,22929
2026-07-07 17:10:00+00:00,93.86499786376953,93.8677978515625,93.85399627685547,93.8677978515625,28466
2026-07-07 17:15:00+00:00,93.84500122070312,93.86990356445312,93.84500122070312,93.86990356445312,19159
2026-07-07 17:20:00+00:00,93.84989929199219,93.8499984741211,93.83999633789062,93.8499984741211,26475
2026-07-07 17:25:00+00:00,93.86000061035156,93.86000061035156,93.84500122070312,93.84500122070312,20656
2026-07-07 17:30:00+00:00,93.86499786376953,93.87000274658203,93.8550033569336,93.8550033569336,39638
2026-07-07 17:35:00+00:00,93.86499786376953,93.87000274658203,93.86170196533203,93.86499786376953,11608
2026-07-07 17:40:00+00:00,93.875,93.87999725341797,93.86499786376953,93.87000274658203,18118
2026-07-07 17:45:00+00:00,93.87840270996094,93.87999725341797,93.87000274658203,93.875,17770
2026-07-07 17:50:00+00:00,93.86990356445312,93.87999725341797,93.86000061035156,93.875,28226
2026-07-07 17:55:00+00:00,93.87000274658203,93.87000274658203,93.86000061035156,93.86499786376953,46572
2026-07-07 18:00:00+00:00,93.86000061035156,93.87000274658203,93.86000061035156,93.87000274658203,21954
2026-07-07 18:05:00+00:00,93.86499786376953,93.87000274658203,93.86000061035156,93.86499786376953,90796
2026-07-07 18:10:00+00:00,93.84500122070312,93.87000274658203,93.83999633789062,93.86499786376953,206584
2026-07-07 18:15:00+00:00,93.84850311279297,93.8499984741211,93.83999633789062,93.84500122070312,43042
2026-07-07 18:20:00+00:00,93.8550033569336,93.85990142822266,93.83999633789062,93.83999633789062,45832
2026-07-07 18:25:00+00:00,93.8550033569336,93.86000061035156,93.8499984741211,93.8499984741211,44930
2026-07-07 18:30:00+00:00,93.84249877929688,93.8550033569336,93.83999633789062,93.8499984741211,136899
2026-07-07 18:35:00+00:00,93.8550033569336,93.86499786376953,93.84249877929688,93.84500122070312,59143
2026-07-07 18:40:00+00:00,93.8550033569336,93.86000061035156,93.83999633789062,93.8499984741211,60797
2026-07-07 18:45:00+00:00,93.82250213623047,93.86650085449219,93.80999755859375,93.85250091552734,97173
2026-07-07 18:50:00+00:00,93.79000091552734,93.83499908447266,93.79000091552734,93.82250213623047,66312
2026-07-07 18:55:00+00:00,93.80500030517578,93.80999755859375,93.78009796142578,93.79000091552734,66625
2026-07-07 19:00:00+00:00,93.77999877929688,93.80500030517578,93.77999877929688,93.80500030517578,79777
2026-07-07 19:05:00+00:00,93.75569915771484,93.77999877929688,93.75,93.77999877929688,124342
2026-07-07 19:10:00+00:00,93.73500061035156,93.75990295410156,93.7302017211914,93.75,80405
2026-07-07 19:15:00+00:00,93.7249984741211,93.7300033569336,93.68499755859375,93.7300033569336,95961
2026-07-07 19:20:00+00:00,93.7300033569336,93.73999786376953,93.72000122070312,93.7249984741211,158361
2026-07-07 19:25:00+00:00,93.7301025390625,93.73999786376953,93.71499633789062,93.73500061035156,42622
2026-07-07 19:30:00+00:00,93.75,93.75,93.7300033569336,93.73500061035156,138176
2026-07-07 19:35:00+00:00,93.76499938964844,93.77999877929688,93.7500991821289,93.75499725341797,350485
2026-07-07 19:40:00+00:00,93.75,93.7699966430664,93.75,93.76499938964844,58642
2026-07-07 19:45:00+00:00,93.7300033569336,93.75990295410156,93.72000122070312,93.75640106201172,79707
2026-07-07 19:50:00+00:00,93.73989868164062,93.73999786376953,93.72000122070312,93.72979736328125,90774
2026-07-07 19:55:00+00:00,93.69999694824219,93.73999786376953,93.69999694824219,93.7300033569336,391459
2026-07-08 13:30:00+00:00,93.54000091552734,93.55000305175781,93.5199966430664,93.52999877929688,198093
2026-07-08 13:35:00+00:00,93.52989959716797,93.54499816894531,93.51499938964844,93.54499816894531,61575
2026-07-08 13:40:00+00:00,93.52989959716797,93.54499816894531,93.5199966430664,93.52999877929688,126301
2026-07-08 13:45:00+00:00,93.5250015258789,93.54000091552734,93.5199966430664,93.52989959716797,53105
2026-07-08 13:50:00+00:00,93.4749984741211,93.53500366210938,93.47010040283203,93.5250015258789,29845
2026-07-08 13:55:00+00:00,93.45999908447266,93.4749984741211,93.45500183105469,93.4749984741211,47119
2026-07-08 14:00:00+00:00,93.47830200195312,93.4800033569336,93.45999908447266,93.47000122070312,87235
2026-07-08 14:05:00+00:00,93.46499633789062,93.47899627685547,93.45999908447266,93.4749984741211,50708
2026-07-08 14:10:00+00:00,93.45169830322266,93.4800033569336,93.45010375976562,93.46980285644531,43008
2026-07-08 14:15:00+00:00,93.44999694824219,93.4583969116211,93.44000244140625,93.45500183105469,32618
2026-07-08 14:20:00+00:00,93.44499969482422,93.4563980102539,93.44229888916016,93.44999694824219,23778
2026-07-08 14:25:00+00:00,93.43499755859375,93.46499633789062,93.42009735107422,93.44999694824219,39510
2026-07-08 14:30:00+00:00,93.40989685058594,93.43990325927734,93.38999938964844,93.43000030517578,73509
2026-07-08 14:35:00+00:00,93.43000030517578,93.43000030517578,93.40499877929688,93.40989685058594,103208
2026-07-08 14:40:00+00:00,93.4384994506836,93.44999694824219,93.43009948730469,93.44000244140625,16263
2026-07-08 14:45:00+00:00,93.4219970703125,93.44000244140625,93.41999816894531,93.4364013671875,42062
2026-07-08 14:50:00+00:00,93.40979766845703,93.43000030517578,93.40499877929688,93.42990112304688,21476
2026-07-08 14:55:00+00:00,93.40010070800781,93.41179656982422,93.40010070800781,93.40499877929688,19939
2026-07-08 15:00:00+00:00,93.375,93.4000015258789,93.37010192871094,93.4000015258789,23014
2026-07-08 15:05:00+00:00,93.38639831542969,93.39559936523438,93.375,93.375,22233
2026-07-08 15:10:00+00:00,93.37000274658203,93.38500213623047,93.36499786376953,93.37999725341797,57026
2026-07-08 15:15:00+00:00,93.3949966430664,93.3949966430664,93.36170196533203,93.36990356445312,22405
2026-07-08 15:20:00+00:00,93.3949966430664,93.40499877929688,93.38999938964844,93.3949966430664,41274
2026-07-08 15:25:00+00:00,93.375,93.38999938964844,93.37000274658203,93.38999938964844,27356
2026-07-08 15:30:00+00:00,93.36499786376953,93.375,93.3552017211914,93.375,41047
2026-07-08 15:35:00+00:00,93.36990356445312,93.37999725341797,93.36000061035156,93.37000274658203,37240
2026-07-08 15:40:00+00:00,93.38999938964844,93.3949966430664,93.36000061035156,93.36990356445312,31277
2026-07-08 15:45:00+00:00,93.38179779052734,93.3949966430664,93.375,93.38999938964844,29130
2026-07-08 15:50:00+00:00,93.38860321044922,93.4000015258789,93.375,93.38500213623047,33209
2026-07-08 15:55:00+00:00,93.38009643554688,93.38999938964844,93.37999725341797,93.38999938964844,12572
2026-07-08 16:00:00+00:00,93.375,93.3865966796875,93.375,93.37999725341797,42500
2026-07-08 16:05:00+00:00,93.4000015258789,93.41000366210938,93.37999725341797,93.37999725341797,54442
2026-07-08 16:10:00+00:00,93.41500091552734,93.41500091552734,93.4000015258789,93.40499877929688,48053
2026-07-08 16:15:00+00:00,93.40499877929688,93.41000366210938,93.3949966430664,93.4000015258789,15404
2026-07-08 16:20:00+00:00,93.40499877929688,93.41500091552734,93.4000015258789,93.40499877929688,14399
2026-07-08 16:25:00+00:00,93.41999816894531,93.41999816894531,93.4000015258789,93.40499877929688,102130
2026-07-08 16:30:00+00:00,93.42500305175781,93.43000030517578,93.41000366210938,93.41500091552734,68033
2026-07-08 16:35:00+00:00,93.44999694824219,93.45500183105469,93.4197998046875,93.42009735107422,158122
2026-07-08 16:40:00+00:00,93.44979858398438,93.47000122070312,93.43499755859375,93.44000244140625,127373
2026-07-08 16:45:00+00:00,93.45999908447266,93.45999908447266,93.44000244140625,93.44999694824219,74732
2026-07-08 16:50:00+00:00,93.44499969482422,93.45500183105469,93.44000244140625,93.45500183105469,29035
2026-07-08 16:55:00+00:00,93.43499755859375,93.47000122070312,93.43499755859375,93.44999694824219,36070
2026-07-08 17:00:00+00:00,93.45500183105469,93.48999786376953,93.43000030517578,93.44000244140625,84241
2026-07-08 17:05:00+00:00,93.47000122070312,93.48999786376953,93.45999908447266,93.45999908447266,15138
2026-07-08 17:10:00+00:00,93.48500061035156,93.48600006103516,93.4749984741211,93.47989654541016,16890
2026-07-08 17:15:00+00:00,93.48819732666016,93.48999786376953,93.4800033569336,93.4800033569336,11709
2026-07-08 17:20:00+00:00,93.48819732666016,93.49500274658203,93.4800033569336,93.4800033569336,26044
2026-07-08 17:25:00+00:00,93.49500274658203,93.5,93.48500061035156,93.48500061035156,15276
2026-07-08 17:30:00+00:00,93.50499725341797,93.5199966430664,93.49500274658203,93.5,38894
2026-07-08 17:35:00+00:00,93.49500274658203,93.51000213623047,93.49140167236328,93.50039672851562,32012
2026-07-08 17:40:00+00:00,93.49500274658203,93.5,93.49009704589844,93.49500274658203,8985
2026-07-08 17:45:00+00:00,93.48500061035156,93.5,93.48500061035156,93.49500274658203,36274
2026-07-08 17:50:00+00:00,93.49500274658203,93.50499725341797,93.4800033569336,93.48500061035156,178977
2026-07-08 17:55:00+00:00,93.4999008178711,93.4999008178711,93.48999786376953,93.49500274658203,7862
2026-07-08 18:00:00+00:00,93.51499938964844,93.52999877929688,93.4800033569336,93.49500274658203,95659
2026-07-08 18:05:00+00:00,93.5250015258789,93.52970123291016,93.51000213623047,93.51010131835938,6993
2026-07-08 18:10:00+00:00,93.54499816894531,93.55000305175781,93.5199966430664,93.5199966430664,14958
2026-07-08 18:15:00+00:00,93.5250015258789,93.55000305175781,93.5250015258789,93.54499816894531,30669
2026-07-08 18:20:00+00:00,93.54499816894531,93.54499816894531,93.52369689941406,93.52619934082031,21789
2026-07-08 18:25:00+00:00,93.54560089111328,93.55000305175781,93.52999877929688,93.54499816894531,29864
2026-07-08 18:30:00+00:00,93.53140258789062,93.55000305175781,93.53040313720703,93.54190063476562,25448
2026-07-08 18:35:00+00:00,93.53500366210938,93.54000091552734,93.52999877929688,93.53500366210938,16885
2026-07-08 18:40:00+00:00,93.54499816894531,93.54540252685547,93.52999877929688,93.54499816894531,30050
2026-07-08 18:45:00+00:00,93.55999755859375,93.55999755859375,93.54499816894531,93.55000305175781,31998
2026-07-08 18:50:00+00:00,93.55500030517578,93.56999969482422,93.55000305175781,93.55500030517578,95040
2026-07-08 18:55:00+00:00,93.55999755859375,93.55999755859375,93.55000305175781,93.55000305175781,47678
2026-07-08 19:00:00+00:00,93.56159973144531,93.57589721679688,93.55010223388672,93.55010223388672,52777
2026-07-08 19:05:00+00:00,93.57499694824219,93.58000183105469,93.56159973144531,93.56159973144531,97489
2026-07-08 19:10:00+00:00,93.58499908447266,93.58999633789062,93.58000183105469,93.58000183105469,376177
2026-07-08 19:15:00+00:00,93.58999633789062,93.58999633789062,93.58000183105469,93.58499908447266,58567
2026-07-08 19:20:00+00:00,93.57499694824219,93.58999633789062,93.57250213623047,93.5801010131836,43086
2026-07-08 19:25:00+00:00,93.57499694824219,93.58000183105469,93.57160186767578,93.57499694824219,49350
2026-07-08 19:30:00+00:00,93.55500030517578,93.58000183105469,93.55000305175781,93.57499694824219,61867
2026-07-08 19:35:00+00:00,93.55000305175781,93.55999755859375,93.55000305175781,93.55999755859375,74607
2026-07-08 19:40:00+00:00,93.53009796142578,93.55999755859375,93.52999877929688,93.55000305175781,69271
2026-07-08 19:45:00+00:00,93.48989868164062,93.54000091552734,93.4800033569336,93.53500366210938,69159
2026-07-08 19:50:00+00:00,93.51000213623047,93.5199966430664,93.48500061035156,93.48989868164062,183592
2026-07-08 19:55:00+00:00,93.52999877929688,93.53500366210938,93.51000213623047,93.51499938964844,325702
2026-07-09 13:30:00+00:00,93.6050033569336,93.61499786376953,93.58999633789062,93.5999984741211,75630
2026-07-09 13:35:00+00:00,93.59500122070312,93.6083984375,93.59500122070312,93.6050033569336,19782
2026-07-09 13:40:00+00:00,93.62999725341797,93.62999725341797,93.61000061035156,93.61000061035156,4357
2026-07-09 13:45:00+00:00,93.62000274658203,93.63980102539062,93.6050033569336,93.63639831542969,52707
2026-07-09 13:50:00+00:00,93.61000061035156,93.62000274658203,93.61000061035156,93.62000274658203,11833
2026-07-09 13:55:00+00:00,93.625,93.625,93.59500122070312,93.60649871826172,141828
2026-07-09 14:00:00+00:00,93.66500091552734,93.66999816894531,93.625,93.625,20954
2026-07-09 14:05:00+00:00,93.63500213623047,93.66000366210938,93.63500213623047,93.6520004272461,59449
2026-07-09 14:10:00+00:00,93.63500213623047,93.63999938964844,93.6343994140625,93.63899993896484,7275
2026-07-09 14:15:00+00:00,93.63999938964844,93.6449966430664,93.62999725341797,93.63500213623047,22484
2026-07-09 14:20:00+00:00,93.62979888916016,93.64649963378906,93.625,93.64649963378906,11889
2026-07-09 14:25:00+00:00,93.625,93.62850189208984,93.61920166015625,93.625,33397
2026-07-09 14:30:00+00:00,93.652099609375,93.652099609375,93.625,93.625,9426
2026-07-09 14:35:00+00:00,93.65499877929688,93.66500091552734,93.6500015258789,93.66000366210938,20882
2026-07-09 14:40:00+00:00,93.6449966430664,93.65499877929688,93.64009857177734,93.65499877929688,10382
2026-07-09 14:45:00+00:00,93.63500213623047,93.6500015258789,93.63500213623047,93.64029693603516,13859
2026-07-09 14:50:00+00:00,93.66500091552734,93.66500091552734,93.63189697265625,93.63870239257812,204619
2026-07-09 14:55:00+00:00,93.66999816894531,93.68000030517578,93.66000366210938,93.66010284423828,16867
2026-07-09 15:00:00+00:00,93.67500305175781,93.69000244140625,93.66999816894531,93.67769622802734,23199
2026-07-09 15:05:00+00:00,93.69000244140625,93.69010162353516,93.67009735107422,93.67169952392578,17971
2026-07-09 15:10:00+00:00,93.68499755859375,93.69819641113281,93.68499755859375,93.69499969482422,12897
2026-07-09 15:15:00+00:00,93.68499755859375,93.69609832763672,93.68190002441406,93.68499755859375,45104
2026-07-09 15:20:00+00:00,93.70999908447266,93.70999908447266,93.69000244140625,93.69000244140625,20933
2026-07-09 15:25:00+00:00,93.69999694824219,93.70999908447266,93.69999694824219,93.70500183105469,26508
2026-07-09 15:30:00+00:00,93.69499969482422,93.7083969116211,93.69000244140625,93.70500183105469,36286
2026-07-09 15:35:00+00:00,93.69499969482422,93.69999694824219,93.69000244140625,93.69609832763672,21641
2026-07-09 15:40:00+00:00,93.7249984741211,93.7249984741211,93.69010162353516,93.69180297851562,18239
2026-07-09 15:45:00+00:00,93.7249984741211,93.73829650878906,93.72000122070312,93.7249984741211,30578
2026-07-09 15:50:00+00:00,93.7300033569336,93.73670196533203,93.7249984741211,93.7249984741211,37638
2026-07-09 15:55:00+00:00,93.7249984741211,93.7300033569336,93.7217025756836,93.7249984741211,30745
2026-07-09 16:00:00+00:00,93.71499633789062,93.7300033569336,93.71499633789062,93.7300033569336,26385
2026-07-09 16:05:00+00:00,93.72010040283203,93.7300033569336,93.71009826660156,93.71499633789062,20752
2026-07-09 16:10:00+00:00,93.7249984741211,93.7300033569336,93.70999908447266,93.7249984741211,33925
2026-07-09 16:15:00+00:00,93.7249984741211,93.73500061035156,93.72000122070312,93.7249984741211,25064
2026-07-09 16:20:00+00:00,93.7249984741211,93.7300033569336,93.72000122070312,93.7249984741211,9806
2026-07-09 16:25:00+00:00,93.7499008178711,93.75,93.72000122070312,93.7249984741211,19384
2026-07-09 16:30:00+00:00,93.74500274658203,93.75,93.74150085449219,93.74500274658203,12226
2026-07-09 16:35:00+00:00,93.73999786376953,93.75,93.73999786376953,93.74500274658203,16458
2026-07-09 16:40:00+00:00,93.74500274658203,93.75,93.73500061035156,93.73999786376953,8734
2026-07-09 16:45:00+00:00,93.73999786376953,93.75,93.73999786376953,93.74500274658203,10325
2026-07-09 16:50:00+00:00,93.76499938964844,93.7699966430664,93.73999786376953,93.74500274658203,40263
2026-07-09 16:55:00+00:00,93.74859619140625,93.7699966430664,93.74019622802734,93.76499938964844,94075
2026-07-09 17:00:00+00:00,93.77999877929688,93.77999877929688,93.75,93.7500991821289,70705
2026-07-09 17:05:00+00:00,93.77999877929688,93.79499816894531,93.77999877929688,93.77999877929688,32614
2026-07-09 17:10:00+00:00,93.7750015258789,93.79000091552734,93.77179718017578,93.79000091552734,38471
2026-07-09 17:15:00+00:00,93.80500030517578,93.80500030517578,93.7781982421875,93.7781982421875,35823
2026-07-09 17:20:00+00:00,93.80999755859375,93.81500244140625,93.80000305175781,93.80500030517578,9113
2026-07-09 17:25:00+00:00,93.82499694824219,93.83499908447266,93.81500244140625,93.81500244140625,78812
2026-07-09 17:30:00+00:00,93.81999969482422,93.83000183105469,93.81999969482422,93.82499694824219,17949
2026-07-09 17:35:00+00:00,93.81500244140625,93.82839965820312,93.80999755859375,93.82499694824219,52954
2026-07-09 17:40:00+00:00,93.81500244140625,93.81500244140625,93.80000305175781,93.80999755859375,21384
2026-07-09 17:45:00+00:00,93.83000183105469,93.83499908447266,93.81169891357422,93.81849670410156,34445
2026-07-09 17:50:00+00:00,93.83830261230469,93.84660339355469,93.8301010131836,93.83499908447266,49262
2026-07-09 17:55:00+00:00,93.83499908447266,93.83999633789062,93.83000183105469,93.8385009765625,14877
2026-07-09 18:00:00+00:00,93.80500030517578,93.83999633789062,93.80500030517578,93.83999633789062,18306
2026-07-09 18:05:00+00:00,93.80500030517578,93.80999755859375,93.79499816894531,93.80500030517578,35266
2026-07-09 18:10:00+00:00,93.80000305175781,93.80999755859375,93.80000305175781,93.80999755859375,19608
2026-07-09 18:15:00+00:00,93.79499816894531,93.80999755859375,93.79180145263672,93.80000305175781,13163
2026-07-09 18:20:00+00:00,93.7750015258789,93.79499816894531,93.7750015258789,93.79499816894531,9771
2026-07-09 18:25:00+00:00,93.76499938964844,93.77999877929688,93.7615966796875,93.7750015258789,17472
2026-07-09 18:30:00+00:00,93.77999877929688,93.77999877929688,93.75499725341797,93.7699966430664,43224
2026-07-09 18:35:00+00:00,93.76499938964844,93.77899932861328,93.76029968261719,93.7750015258789,28019
2026-07-09 18:40:00+00:00,93.7750015258789,93.77870178222656,93.76000213623047,93.76000213623047,11136
2026-07-09 18:45:00+00:00,93.7750015258789,93.77999877929688,93.7699966430664,93.7750015258789,17163
2026-07-09 18:50:00+00:00,93.78500366210938,93.79000091552734,93.77010345458984,93.77999877929688,45591
2026-07-09 18:55:00+00:00,93.77999877929688,93.80000305175781,93.77999877929688,93.78500366210938,54418
2026-07-09 19:00:00+00:00,93.79000091552734,93.80000305175781,93.7750015258789,93.77999877929688,72222
2026-07-09 19:05:00+00:00,93.78009796142578,93.80000305175781,93.77999877929688,93.79000091552734,32645
2026-07-09 19:10:00+00:00,93.78500366210938,93.79000091552734,93.76000213623047,93.78500366210938,39219
2026-07-09 19:15:00+00:00,93.78500366210938,93.79000091552734,93.77999877929688,93.78500366210938,29216
2026-07-09 19:20:00+00:00,93.76499938964844,93.79000091552734,93.76499938964844,93.78500366210938,30220
2026-07-09 19:25:00+00:00,93.7699966430664,93.7699966430664,93.76000213623047,93.76499938964844,23841
2026-07-09 19:30:00+00:00,93.74500274658203,93.7699966430664,93.73999786376953,93.76950073242188,68565
2026-07-09 19:35:00+00:00,93.7300033569336,93.74659729003906,93.7300033569336,93.74500274658203,76534
2026-07-09 19:40:00+00:00,93.7300033569336,93.73999786376953,93.71499633789062,93.73500061035156,58772
2026-07-09 19:45:00+00:00,93.7249984741211,93.7300033569336,93.72000122070312,93.72989654541016,16193
2026-07-09 19:50:00+00:00,93.72129821777344,93.73999786376953,93.72000122070312,93.7300033569336,127563
2026-07-09 19:55:00+00:00,93.70999908447266,93.7300033569336,93.70500183105469,93.7300033569336,200496
2026-07-10 13:30:00+00:00,93.7249984741211,93.73999786376953,93.72000122070312,93.73999786376953,108607
2026-07-10 13:35:00+00:00,93.74500274658203,93.74500274658203,93.71189880371094,93.7249984741211,84536
2026-07-10 13:40:00+00:00,93.7614974975586,93.7699966430664,93.74009704589844,93.74130249023438,36110
2026-07-10 13:45:00+00:00,93.76499938964844,93.77799987792969,93.76499938964844,93.76499938964844,34037
2026-07-10 13:50:00+00:00,93.74500274658203,93.7699966430664,93.74500274658203,93.7699966430664,9543
2026-07-10 13:55:00+00:00,93.71499633789062,93.7300033569336,93.70999908447266,93.7300033569336,16291
2026-07-10 14:00:00+00:00,93.70500183105469,93.7300033569336,93.69010162353516,93.71499633789062,18058
2026-07-10 14:05:00+00:00,93.71499633789062,93.71499633789062,93.69000244140625,93.69999694824219,17446
2026-07-10 14:10:00+00:00,93.73500061035156,93.73500061035156,93.71499633789062,93.72000122070312,31253
2026-07-10 14:15:00+00:00,93.73999786376953,93.73999786376953,93.72000122070312,93.7300033569336,40393
2026-07-10 14:20:00+00:00,93.71499633789062,93.73999786376953,93.70999908447266,93.73999786376953,25982
2026-07-10 14:25:00+00:00,93.7249984741211,93.7300033569336,93.70999908447266,93.72000122070312,13957
2026-07-10 14:30:00+00:00,93.6500015258789,93.74500274658203,93.58999633789062,93.7300033569336,675860
2026-07-10 14:35:00+00:00,93.68000030517578,93.69499969482422,93.66000366210938,93.66000366210938,38074
2026-07-10 14:40:00+00:00,93.69000244140625,93.69000244140625,93.67559814453125,93.67559814453125,20373
2026-07-10 14:45:00+00:00,93.68499755859375,93.69499969482422,93.68379974365234,93.68499755859375,13688
2026-07-10 14:50:00+00:00,93.68499755859375,93.69000244140625,93.68000030517578,93.68900299072266,12211
2026-07-10 14:55:00+00:00,93.6449966430664,93.68499755859375,93.64140319824219,93.68499755859375,54612
2026-07-10 15:00:00+00:00,93.69999694824219,93.69999694824219,93.65499877929688,93.65899658203125,85163
2026-07-10 15:05:00+00:00,93.70999908447266,93.72000122070312,93.70169830322266,93.70169830322266,19519
2026-07-10 15:10:00+00:00,93.69999694824219,93.71499633789062,93.69999694824219,93.70500183105469,18136
2026-07-10 15:15:00+00:00,93.7300033569336,93.73500061035156,93.70500183105469,93.70500183105469,24012
2026-07-10 15:20:00+00:00,93.75499725341797,93.7676010131836,93.7218017578125,93.72840118408203,478941
2026-07-10 15:25:00+00:00,93.76000213623047,93.7699966430664,93.75,93.75499725341797,106021
2026-07-10 15:30:00+00:00,93.75849914550781,93.76499938964844,93.75,93.76499938964844,19224
2026-07-10 15:35:00+00:00,93.76499938964844,93.7699966430664,93.75019836425781,93.75830078125,16226
2026-07-10 15:40:00+00:00,93.75499725341797,93.7750015258789,93.75499725341797,93.7698974609375,33057
2026-07-10 15:45:00+00:00,93.7500991821289,93.76499938964844,93.7500991821289,93.75499725341797,13999
2026-07-10 15:50:00+00:00,93.76020050048828,93.7698974609375,93.75499725341797,93.75499725341797,46278
2026-07-10 15:55:00+00:00,93.75499725341797,93.7699966430664,93.7509994506836,93.76499938964844,19979
2026-07-10 16:00:00+00:00,93.70500183105469,93.75,93.69999694824219,93.75,36053
2026-07-10 16:05:00+00:00,93.71659851074219,93.7249984741211,93.70500183105469,93.70500183105469,67082
2026-07-10 16:10:00+00:00,93.70500183105469,93.7249984741211,93.69999694824219,93.71499633789062,17987
2026-07-10 16:15:00+00:00,93.70999908447266,93.72000122070312,93.70020294189453,93.70020294189453,16702
2026-07-10 16:20:00+00:00,93.70500183105469,93.70999908447266,93.69989776611328,93.69999694824219,14543
2026-07-10 16:25:00+00:00,93.71499633789062,93.72000122070312,93.70159912109375,93.70960235595703,45587
2026-07-10 16:30:00+00:00,93.70500183105469,93.71600341796875,93.69999694824219,93.71499633789062,98166
2026-07-10 16:35:00+00:00,93.67169952392578,93.70500183105469,93.67169952392578,93.70500183105469,8207
2026-07-10 16:40:00+00:00,93.6500015258789,93.67990112304688,93.6500015258789,93.67500305175781,29852
2026-07-10 16:45:00+00:00,93.65499877929688,93.66000366210938,93.6500015258789,93.65640258789062,4106
2026-07-10 16:50:00+00:00,93.6449966430664,93.66000366210938,93.6449966430664,93.65499877929688,9933
2026-07-10 16:55:00+00:00,93.6449966430664,93.6698989868164,93.6449966430664,93.6449966430664,40035
2026-07-10 17:00:00+00:00,93.63999938964844,93.6500015258789,93.63999938964844,93.6449966430664,13964
2026-07-10 17:05:00+00:00,93.6449966430664,93.6500015258789,93.63999938964844,93.6500015258789,561982
2026-07-10 17:10:00+00:00,93.63009643554688,93.6449966430664,93.62999725341797,93.63999938964844,16754
2026-07-10 17:15:00+00:00,93.63999938964844,93.6498031616211,93.62999725341797,93.62999725341797,112528
2026-07-10 17:20:00+00:00,93.62999725341797,93.63999938964844,93.62999725341797,93.63990020751953,63384
2026-07-10 17:25:00+00:00,93.62989807128906,93.62999725341797,93.62000274658203,93.62999725341797,52253
2026-07-10 17:30:00+00:00,93.63500213623047,93.63999938964844,93.62999725341797,93.62999725341797,24834
2026-07-10 17:35:00+00:00,93.62000274658203,93.63500213623047,93.61170196533203,93.62999725341797,24864
2026-07-10 17:40:00+00:00,93.62000274658203,93.62000274658203,93.6050033569336,93.61499786376953,12089
2026-07-10 17:45:00+00:00,93.61499786376953,93.62000274658203,93.61000061035156,93.62000274658203,6771
2026-07-10 17:50:00+00:00,93.61499786376953,93.61990356445312,93.61499786376953,93.61499786376953,18225
2026-07-10 17:55:00+00:00,93.61499786376953,93.62000274658203,93.61009979248047,93.62000274658203,21420
2026-07-10 18:00:00+00:00,93.6050033569336,93.61599731445312,93.60009765625,93.61499786376953,19977
2026-07-10 18:05:00+00:00,93.61000061035156,93.61000061035156,93.5999984741211,93.6050033569336,13483
2026-07-10 18:10:00+00:00,93.61499786376953,93.625,93.6050033569336,93.6050033569336,165045
2026-07-10 18:15:00+00:00,93.61000061035156,93.62000274658203,93.59159851074219,93.61499786376953,25480
2026-07-10 18:20:00+00:00,93.61499786376953,93.61499786376953,93.60179901123047,93.6050033569336,40618
2026-07-10 18:25:00+00:00,93.5999984741211,93.62000274658203,93.5999984741211,93.61499786376953,359236
2026-07-10 18:30:00+00:00,93.60980224609375,93.61000061035156,93.5999984741211,93.6050033569336,16795
2026-07-10 18:35:00+00:00,93.58499908447266,93.61000061035156,93.58499908447266,93.61000061035156,20477
2026-07-10 18:40:00+00:00,93.59500122070312,93.5999984741211,93.58999633789062,93.58999633789062,23709
2026-07-10 18:45:00+00:00,93.6050033569336,93.61000061035156,93.5999984741211,93.5999984741211,23052
2026-07-10 18:50:00+00:00,93.61499786376953,93.61499786376953,93.5999984741211,93.6050033569336,37933
2026-07-10 18:55:00+00:00,93.60990142822266,93.62000274658203,93.6050033569336,93.61499786376953,24226
2026-07-10 19:00:00+00:00,93.61990356445312,93.62000274658203,93.60459899902344,93.60459899902344,185083
2026-07-10 19:05:00+00:00,93.61499786376953,93.62000274658203,93.61000061035156,93.61499786376953,50373
2026-07-10 19:10:00+00:00,93.62000274658203,93.62000274658203,93.61009979248047,93.61499786376953,19622
2026-07-10 19:15:00+00:00,93.63030242919922,93.63999938964844,93.61170196533203,93.62000274658203,198433
2026-07-10 19:20:00+00:00,93.63500213623047,93.63999938964844,93.62999725341797,93.63500213623047,17118
2026-07-10 19:25:00+00:00,93.63030242919922,93.63999938964844,93.62999725341797,93.63999938964844,27244
2026-07-10 19:30:00+00:00,93.65499877929688,93.66000366210938,93.6322021484375,93.6322021484375,61134
2026-07-10 19:35:00+00:00,93.6500015258789,93.66000366210938,93.6500015258789,93.6500015258789,46471
2026-07-10 19:40:00+00:00,93.6500015258789,93.66000366210938,93.6500015258789,93.65499877929688,35024
2026-07-10 19:45:00+00:00,93.6500015258789,93.6500015258789,93.63999938964844,93.6500015258789,350811
2026-07-10 19:50:00+00:00,93.6488037109375,93.6500015258789,93.63999938964844,93.64849853515625,158327
2026-07-10 19:55:00+00:00,93.6449966430664,93.6500015258789,93.62999725341797,93.63999938964844,771109
2026-07-13 13:30:00+00:00,93.51210021972656,93.51210021972656,93.49120330810547,93.5,111873
2026-07-13 13:35:00+00:00,93.4749984741211,93.51000213623047,93.4749984741211,93.50969696044922,41265
2026-07-13 13:40:00+00:00,93.50029754638672,93.50990295410156,93.46499633789062,93.47000122070312,16511
2026-07-13 13:45:00+00:00,93.48999786376953,93.5199966430664,93.48999786376953,93.51000213623047,90398
2026-07-13 13:50:00+00:00,93.47769927978516,93.4884033203125,93.47000122070312,93.4800033569336,15525
2026-07-13 13:55:00+00:00,93.48500061035156,93.49500274658203,93.47000122070312,93.4800033569336,17897
2026-07-13 14:00:00+00:00,93.5,93.50499725341797,93.4801025390625,93.48999786376953,32293
2026-07-13 14:05:00+00:00,93.4884033203125,93.5,93.4800033569336,93.49500274658203,38652
2026-07-13 14:10:00+00:00,93.48500061035156,93.5,93.4801025390625,93.4801025390625,27369
2026-07-13 14:15:00+00:00,93.37999725341797,93.48999786376953,93.36000061035156,93.48500061035156,408860
2026-07-13 14:20:00+00:00,93.41500091552734,93.41500091552734,93.37000274658203,93.37999725341797,21967
2026-07-13 14:25:00+00:00,93.44499969482422,93.44719696044922,93.42030334472656,93.42030334472656,47354
2026-07-13 14:30:00+00:00,93.44000244140625,93.44989776611328,93.43499755859375,93.44029998779297,14028
2026-07-13 14:35:00+00:00,93.40360260009766,93.43990325927734,93.40360260009766,93.43990325927734,19402
2026-07-13 14:40:00+00:00,93.42500305175781,93.43000030517578,93.40499877929688,93.40499877929688,11565
2026-07-13 14:45:00+00:00,93.43000030517578,93.43000030517578,93.40010070800781,93.41999816894531,19803
2026-07-13 14:50:00+00:00,93.4000015258789,93.44000244140625,93.4000015258789,93.43000030517578,20428
2026-07-13 14:55:00+00:00,93.41999816894531,93.41999816894531,93.40470123291016,93.40499877929688,30834
2026-07-13 15:00:00+00:00,93.41999816894531,93.43000030517578,93.41999816894531,93.43000030517578,8120
2026-07-13 15:05:00+00:00,93.39830017089844,93.41999816894531,93.3949966430664,93.4198989868164,11645
2026-07-13 15:10:00+00:00,93.38999938964844,93.4000015258789,93.38999938964844,93.39340209960938,26622
2026-07-13 15:15:00+00:00,93.41500091552734,93.42500305175781,93.37999725341797,93.3949966430664,20517
2026-07-13 15:20:00+00:00,93.41000366210938,93.4280014038086,93.41000366210938,93.4280014038086,110663
2026-07-13 15:25:00+00:00,93.42009735107422,93.42500305175781,93.40499877929688,93.41500091552734,525106
2026-07-13 15:30:00+00:00,93.40499877929688,93.42500305175781,93.40499877929688,93.41840362548828,199986
2026-07-13 15:35:00+00:00,93.41500091552734,93.42500305175781,93.40299987792969,93.40299987792969,102203
2026-07-13 15:40:00+00:00,93.41000366210938,93.41500091552734,93.40499877929688,93.41500091552734,51251
2026-07-13 15:45:00+00:00,93.41500091552734,93.41999816894531,93.40360260009766,93.41000366210938,72993
2026-07-13 15:50:00+00:00,93.41500091552734,93.41999816894531,93.38999938964844,93.41500091552734,116780
2026-07-13 15:55:00+00:00,93.42500305175781,93.43000030517578,93.41000366210938,93.41500091552734,30067
2026-07-13 16:00:00+00:00,93.41230010986328,93.42500305175781,93.40029907226562,93.42500305175781,16629
2026-07-13 16:05:00+00:00,93.4000015258789,93.4197998046875,93.4000015258789,93.41500091552734,42572
2026-07-13 16:10:00+00:00,93.4000015258789,93.40989685058594,93.4000015258789,93.4000015258789,6805
2026-07-13 16:15:00+00:00,93.375,93.40499877929688,93.375,93.4000015258789,172485
2026-07-13 16:20:00+00:00,93.36000061035156,93.37999725341797,93.3550033569336,93.375,20692
2026-07-13 16:25:00+00:00,93.31500244140625,93.36000061035156,93.30000305175781,93.3550033569336,80978
2026-07-13 16:30:00+00:00,93.29499816894531,93.31999969482422,93.28199768066406,93.31099700927734,60141
2026-07-13 16:35:00+00:00,93.30999755859375,93.30999755859375,93.27999877929688,93.30500030517578,64630
2026-07-13 16:40:00+00:00,93.33999633789062,93.33999633789062,93.30999755859375,93.30999755859375,14857
2026-07-13 16:45:00+00:00,93.32499694824219,93.3499984741211,93.32160186767578,93.3499984741211,16340
2026-07-13 16:50:00+00:00,93.2699966430664,93.32499694824219,93.2699966430664,93.32499694824219,145634
2026-07-13 16:55:00+00:00,93.29199981689453,93.29499816894531,93.2699966430664,93.2699966430664,37049
2026-07-13 17:00:00+00:00,93.28500366210938,93.29499816894531,93.28389739990234,93.29499816894531,18261
2026-07-13 17:05:00+00:00,93.30809783935547,93.31500244140625,93.28500366210938,93.28500366210938,29921
2026-07-13 17:10:00+00:00,93.29499816894531,93.30030059814453,93.29000091552734,93.30030059814453,60150
2026-07-13 17:15:00+00:00,93.30999755859375,93.30999755859375,93.27999877929688,93.29499816894531,29632
2026-07-13 17:20:00+00:00,93.31500244140625,93.31999969482422,93.30999755859375,93.31500244140625,58903
2026-07-13 17:25:00+00:00,93.3218994140625,93.33000183105469,93.31500244140625,93.31500244140625,21520
2026-07-13 17:30:00+00:00,93.31500244140625,93.33000183105469,93.30999755859375,93.32160186767578,24716
2026-07-13 17:35:00+00:00,93.30500030517578,93.31999969482422,93.30010223388672,93.31500244140625,40453
2026-07-13 17:40:00+00:00,93.30500030517578,93.30999755859375,93.29000091552734,93.3010025024414,45762
2026-07-13 17:45:00+00:00,93.29499816894531,93.30999755859375,93.29000091552734,93.30500030517578,46269
2026-07-13 17:50:00+00:00,93.29499816894531,93.29989624023438,93.28500366210938,93.29499816894531,38517
2026-07-13 17:55:00+00:00,93.28179931640625,93.29499816894531,93.27999877929688,93.29039764404297,14766
2026-07-13 18:00:00+00:00,93.2750015258789,93.28500366210938,93.27179718017578,93.28500366210938,28130
2026-07-13 18:05:00+00:00,93.28500366210938,93.29000091552734,93.2699966430664,93.2780990600586,47829
2026-07-13 18:10:00+00:00,93.28500366210938,93.28500366210938,93.2739028930664,93.28500366210938,32897
2026-07-13 18:15:00+00:00,93.26499938964844,93.28500366210938,93.26100158691406,93.28500366210938,45135
2026-07-13 18:20:00+00:00,93.2750015258789,93.2759017944336,93.26499938964844,93.26499938964844,19613
2026-07-13 18:25:00+00:00,93.28500366210938,93.2863998413086,93.2699966430664,93.2750015258789,34669
2026-07-13 18:30:00+00:00,93.28500366210938,93.29000091552734,93.2699966430664,93.27999877929688,40062
2026-07-13 18:35:00+00:00,93.30000305175781,93.306396484375,93.28500366210938,93.28500366210938,20165
2026-07-13 18:40:00+00:00,93.31500244140625,93.31500244140625,93.30000305175781,93.30899810791016,23007
2026-07-13 18:45:00+00:00,93.31009674072266,93.31600189208984,93.30000305175781,93.31500244140625,31495
2026-07-13 18:50:00+00:00,93.31500244140625,93.31999969482422,93.30999755859375,93.31500244140625,22211
2026-07-13 18:55:00+00:00,93.31999969482422,93.31999969482422,93.30000305175781,93.30999755859375,84988
2026-07-13 19:00:00+00:00,93.3550033569336,93.3550033569336,93.30999755859375,93.31999969482422,48036
2026-07-13 19:05:00+00:00,93.32990264892578,93.3550033569336,93.32099914550781,93.3550033569336,52862
2026-07-13 19:10:00+00:00,93.31500244140625,93.32499694824219,93.30000305175781,93.32499694824219,78193
2026-07-13 19:15:00+00:00,93.31500244140625,93.3198013305664,93.30169677734375,93.30999755859375,47590
2026-07-13 19:20:00+00:00,93.31500244140625,93.31999969482422,93.30999755859375,93.31500244140625,38534
2026-07-13 19:25:00+00:00,93.30999755859375,93.31999969482422,93.30000305175781,93.31500244140625,29801
2026-07-13 19:30:00+00:00,93.30500030517578,93.30999755859375,93.30000305175781,93.30500030517578,30902
2026-07-13 19:35:00+00:00,93.29029846191406,93.30999755859375,93.29000091552734,93.30999755859375,45975
2026-07-13 19:40:00+00:00,93.28500366210938,93.30000305175781,93.28099822998047,93.29000091552734,43359
2026-07-13 19:45:00+00:00,93.29010009765625,93.29989624023438,93.27999877929688,93.28500366210938,44835
2026-07-13 19:50:00+00:00,93.29000091552734,93.30000305175781,93.27999877929688,93.29669952392578,89913
2026-07-13 19:55:00+00:00,93.28500366210938,93.30000305175781,93.27999877929688,93.29650115966797,192142
2026-07-14 13:30:00+00:00,93.54000091552734,93.61000061035156,93.52999877929688,93.5999984741211,161780
2026-07-14 13:35:00+00:00,93.5999984741211,93.60810089111328,93.53500366210938,93.53500366210938,50992
2026-07-14 13:40:00+00:00,93.63500213623047,93.6449966430664,93.59030151367188,93.5999984741211,81702
2026-07-14 13:45:00+00:00,93.62000274658203,93.65570068359375,93.6104965209961,93.63999938964844,43737
2026-07-14 13:50:00+00:00,93.62000274658203,93.62999725341797,93.59159851074219,93.62989807128906,29497
2026-07-14 13:55:00+00:00,93.625,93.63819885253906,93.61000061035156,93.61499786376953,22636
2026-07-14 14:00:00+00:00,93.6449966430664,93.6449966430664,93.61499786376953,93.62989807128906,13098
2026-07-14 14:05:00+00:00,93.66500091552734,93.6709976196289,93.6449966430664,93.6449966430664,100721
2026-07-14 14:10:00+00:00,93.66000366210938,93.66999816894531,93.65499877929688,93.66500091552734,48611
2026-07-14 14:15:00+00:00,93.59500122070312,93.66000366210938,93.56999969482422,93.66000366210938,118843
2026-07-14 14:20:00+00:00,93.63999938964844,93.6500015258789,93.5999984741211,93.5999984741211,36555
2026-07-14 14:25:00+00:00,93.62999725341797,93.63999938964844,93.6050033569336,93.62999725341797,31782
2026-07-14 14:30:00+00:00,93.66500091552734,93.78500366210938,93.61499786376953,93.62169647216797,568335
2026-07-14 14:35:00+00:00,93.63500213623047,93.68499755859375,93.63500213623047,93.68000030517578,44859
2026-07-14 14:40:00+00:00,93.62000274658203,93.65499877929688,93.62000274658203,93.6449966430664,24911
2026-07-14 14:45:00+00:00,93.61499786376953,93.62999725341797,93.61499786376953,93.62999725341797,31463
2026-07-14 14:50:00+00:00,93.63500213623047,93.63999938964844,93.625,93.625,18684
2026-07-14 14:55:00+00:00,93.62969970703125,93.64810180664062,93.625,93.64810180664062,12741
2026-07-14 15:00:00+00:00,93.6781997680664,93.69999694824219,93.58999633789062,93.61000061035156,182339
2026-07-14 15:05:00+00:00,93.70999908447266,93.72000122070312,93.6500015258789,93.6500015258789,60347
2026-07-14 15:10:00+00:00,93.70500183105469,93.71499633789062,93.68499755859375,93.71499633789062,13131
2026-07-14 15:15:00+00:00,93.70500183105469,93.71549987792969,93.69499969482422,93.70999908447266,35513
2026-07-14 15:20:00+00:00,93.71440124511719,93.73500061035156,93.70500183105469,93.70999908447266,18881
2026-07-14 15:25:00+00:00,93.71499633789062,93.7249984741211,93.69999694824219,93.7249984741211,26331
2026-07-14 15:30:00+00:00,93.6449966430664,93.71499633789062,93.6449966430664,93.70999908447266,59500
2026-07-14 15:35:00+00:00,93.59989929199219,93.6449966430664,93.59989929199219,93.6449966430664,163917
2026-07-14 15:40:00+00:00,93.55989837646484,93.59500122070312,93.51499938964844,93.59500122070312,113841
2026-07-14 15:45:00+00:00,93.54000091552734,93.5781021118164,93.54000091552734,93.55999755859375,55893
2026-07-14 15:50:00+00:00,93.5199966430664,93.54499816894531,93.48999786376953,93.54499816894531,64993
2026-07-14 15:55:00+00:00,93.50990295410156,93.51499938964844,93.5,93.51000213623047,68091
2026-07-14 16:00:00+00:00,93.48500061035156,93.5250015258789,93.48500061035156,93.5199966430664,75467
2026-07-14 16:05:00+00:00,93.49500274658203,93.5,93.45999908447266,93.48500061035156,25920
2026-07-14 16:10:00+00:00,93.5197982788086,93.5197982788086,93.4916000366211,93.51000213623047,23567
2026-07-14 16:15:00+00:00,93.5250015258789,93.52999877929688,93.51190185546875,93.51830291748047,41051
2026-07-14 16:20:00+00:00,93.50499725341797,93.5250015258789,93.5000991821289,93.5250015258789,20651
2026-07-14 16:25:00+00:00,93.5166015625,93.5199966430664,93.5000991821289,93.50499725341797,18779
2026-07-14 16:30:00+00:00,93.53500366210938,93.53980255126953,93.5115966796875,93.51959991455078,54525
2026-07-14 16:35:00+00:00,93.53500366210938,93.54499816894531,93.52999877929688,93.53500366210938,46620
2026-07-14 16:40:00+00:00,93.53520202636719,93.54499816894531,93.52999877929688,93.54000091552734,33505
2026-07-14 16:45:00+00:00,93.51499938964844,93.52999877929688,93.51000213623047,93.52999877929688,89177
2026-07-14 16:50:00+00:00,93.53500366210938,93.53500366210938,93.51499938964844,93.51499938964844,4265
2026-07-14 16:55:00+00:00,93.54499816894531,93.55000305175781,93.52999877929688,93.53500366210938,16608
2026-07-14 17:00:00+00:00,93.53500366210938,93.5470962524414,93.53500366210938,93.54499816894531,22829
2026-07-14 17:05:00+00:00,93.54000091552734,93.54000091552734,93.52999877929688,93.53500366210938,18403
2026-07-14 17:10:00+00:00,93.5250015258789,93.54000091552734,93.5199966430664,93.53500366210938,152956
2026-07-14 17:15:00+00:00,93.50990295410156,93.5199966430664,93.5,93.5199966430664,39115
2026-07-14 17:20:00+00:00,93.52999877929688,93.52999877929688,93.50499725341797,93.50499725341797,11135
2026-07-14 17:25:00+00:00,93.55500030517578,93.5551986694336,93.52999877929688,93.52999877929688,26166
2026-07-14 17:30:00+00:00,93.54000091552734,93.56500244140625,93.54000091552734,93.55020141601562,93851
2026-07-14 17:35:00+00:00,93.53500366210938,93.55000305175781,93.5343017578125,93.54989624023438,53796
2026-07-14 17:40:00+00:00,93.53500366210938,93.54000091552734,93.52999877929688,93.53500366210938,5998
2026-07-14 17:45:00+00:00,93.55500030517578,93.55999755859375,93.52999877929688,93.53399658203125,29366
2026-07-14 17:50:00+00:00,93.54499816894531,93.55999755859375,93.54499816894531,93.55500030517578,32274
2026-07-14 17:55:00+00:00,93.52999877929688,93.54499816894531,93.52999877929688,93.54000091552734,43731
2026-07-14 18:00:00+00:00,93.52999877929688,93.53500366210938,93.5199966430664,93.5250015258789,22239
2026-07-14 18:05:00+00:00,93.54000091552734,93.54000091552734,93.53170013427734,93.53500366210938,12331
2026-07-14 18:10:00+00:00,93.556396484375,93.556396484375,93.53500366210938,93.53500366210938,10229
2026-07-14 18:15:00+00:00,93.56500244140625,93.56500244140625,93.55999755859375,93.56500244140625,17627
2026-07-14 18:20:00+00:00,93.53510284423828,93.56500244140625,93.53510284423828,93.55999755859375,31655
2026-07-14 18:25:00+00:00,93.53980255126953,93.54989624023438,93.52999877929688,93.52999877929688,29082
2026-07-14 18:30:00+00:00,93.52179718017578,93.52999877929688,93.51000213623047,93.52999877929688,35155
2026-07-14 18:35:00+00:00,93.50499725341797,93.52989959716797,93.5,93.5250015258789,92179
2026-07-14 18:40:00+00:00,93.4800033569336,93.50019836425781,93.45999908447266,93.50019836425781,94644
2026-07-14 18:45:00+00:00,93.48999786376953,93.4999008178711,93.48529815673828,93.48999786376953,8577
2026-07-14 18:50:00+00:00,93.5,93.5,93.48500061035156,93.48989868164062,15986
2026-07-14 18:55:00+00:00,93.5199966430664,93.5250015258789,93.49500274658203,93.49500274658203,151402
2026-07-14 19:00:00+00:00,93.55500030517578,93.55999755859375,93.51190185546875,93.51190185546875,43301
2026-07-14 19:05:00+00:00,93.55000305175781,93.56999969482422,93.55000305175781,93.55500030517578,27912
2026-07-14 19:10:00+00:00,93.57499694824219,93.58000183105469,93.55999755859375,93.55999755859375,74971
2026-07-14 19:15:00+00:00,93.58499908447266,93.58999633789062,93.56999969482422,93.56999969482422,98900
2026-07-14 19:20:00+00:00,93.58999633789062,93.58999633789062,93.57499694824219,93.58499908447266,29694
2026-07-14 19:25:00+00:00,93.58999633789062,93.58999633789062,93.58390045166016,93.58499908447266,37055
2026-07-14 19:30:00+00:00,93.55500030517578,93.59839630126953,93.54000091552734,93.58499908447266,208294
2026-07-14 19:35:00+00:00,93.55400085449219,93.55999755859375,93.55010223388672,93.55999755859375,23367
2026-07-14 19:40:00+00:00,93.57659912109375,93.58000183105469,93.55999755859375,93.55999755859375,32346
2026-07-14 19:45:00+00:00,93.56990051269531,93.58999633789062,93.56990051269531,93.57499694824219,25281
2026-07-14 19:50:00+00:00,93.55500030517578,93.56999969482422,93.55010223388672,93.55999755859375,96811
2026-07-14 19:55:00+00:00,93.52999877929688,93.55999755859375,93.52999877929688,93.55989837646484,329998
2026-07-15 13:30:00+00:00,93.66999816894531,93.66999816894531,93.63999938964844,93.63999938964844,185286
2026-07-15 13:35:00+00:00,93.69000244140625,93.69999694824219,93.68000030517578,93.68000030517578,57591
2026-07-15 13:40:00+00:00,93.68499755859375,93.69499969482422,93.68099975585938,93.68099975585938,26789
2026-07-15 13:45:00+00:00,93.7051010131836,93.70999908447266,93.68499755859375,93.69000244140625,65582
2026-07-15 13:50:00+00:00,93.71499633789062,93.71499633789062,93.69159698486328,93.70500183105469,27355
2026-07-15 13:55:00+00:00,93.72000122070312,93.76499938964844,93.71189880371094,93.71499633789062,99341
2026-07-15 14:00:00+00:00,93.7300033569336,93.74500274658203,93.72010040283203,93.72010040283203,25548
2026-07-15 14:05:00+00:00,93.7300033569336,93.7300033569336,93.70999908447266,93.72370147705078,21398
2026-07-15 14:10:00+00:00,93.71499633789062,93.73970031738281,93.71499633789062,93.73970031738281,31263
2026-07-15 14:15:00+00:00,93.7301025390625,93.73989868164062,93.71189880371094,93.71189880371094,28929
2026-07-15 14:20:00+00:00,93.70500183105469,93.73999786376953,93.70030212402344,93.73529815673828,62693
2026-07-15 14:25:00+00:00,93.7300033569336,93.73500061035156,93.69499969482422,93.70500183105469,272414
2026-07-15 14:30:00+00:00,93.75499725341797,93.76000213623047,93.7300033569336,93.7300033569336,153190
2026-07-15 14:35:00+00:00,93.7499008178711,93.76000213623047,93.7417984008789,93.75650024414062,22056
2026-07-15 14:40:00+00:00,93.7249984741211,93.75499725341797,93.7219009399414,93.74819946289062,173194
2026-07-15 14:45:00+00:00,93.75499725341797,93.75499725341797,93.7239990234375,93.7249984741211,6184
2026-07-15 14:50:00+00:00,93.7750015258789,93.77999877929688,93.76100158691406,93.76100158691406,28986
2026-07-15 14:55:00+00:00,93.7699966430664,93.78500366210938,93.76499938964844,93.7699966430664,44896
2026-07-15 15:00:00+00:00,93.76519775390625,93.77999877929688,93.75499725341797,93.7699966430664,42177
2026-07-15 15:05:00+00:00,93.75,93.76000213623047,93.74009704589844,93.76000213623047,20946
2026-07-15 15:10:00+00:00,93.71499633789062,93.74500274658203,93.71499633789062,93.74500274658203,16493
2026-07-15 15:15:00+00:00,93.73500061035156,93.73519897460938,93.70999908447266,93.71499633789062,9487
2026-07-15 15:20:00+00:00,93.75499725341797,93.75499725341797,93.72000122070312,93.73500061035156,38272
2026-07-15 15:25:00+00:00,93.77999877929688,93.77999877929688,93.75499725341797,93.75499725341797,23803
2026-07-15 15:30:00+00:00,93.79499816894531,93.79499816894531,93.77149963378906,93.7750015258789,40579
2026-07-15 15:35:00+00:00,93.78009796142578,93.80500030517578,93.7750015258789,93.79499816894531,233836
2026-07-15 15:40:00+00:00,93.79499816894531,93.79640197753906,93.78009796142578,93.78500366210938,14771
2026-07-15 15:45:00+00:00,93.77999877929688,93.79000091552734,93.77999877929688,93.78160095214844,11541
2026-07-15 15:50:00+00:00,93.79000091552734,93.79000091552734,93.7699966430664,93.7750015258789,10378
2026-07-15 15:55:00+00:00,93.77999877929688,93.7865982055664,93.7750015258789,93.78500366210938,78143
2026-07-15 16:00:00+00:00,93.76499938964844,93.78500366210938,93.7615966796875,93.7750015258789,16585
2026-07-15 16:05:00+00:00,93.77999877929688,93.78500366210938,93.76170349121094,93.76799774169922,15586
2026-07-15 16:10:00+00:00,93.76000213623047,93.77999877929688,93.76000213623047,93.77999877929688,83493
2026-07-15 16:15:00+00:00,93.7750015258789,93.78500366210938,93.76499938964844,93.7699966430664,78797
2026-07-15 16:20:00+00:00,93.79499816894531,93.80000305175781,93.7699966430664,93.7750015258789,43366
2026-07-15 16:25:00+00:00,93.78399658203125,93.80809783935547,93.7802963256836,93.79499816894531,35344
2026-07-15 16:30:00+00:00,93.79000091552734,93.79499816894531,93.7699966430664,93.77999877929688,63837
2026-07-15 16:35:00+00:00,93.7750015258789,93.79000091552734,93.7699966430664,93.79000091552734,52747
2026-07-15 16:40:00+00:00,93.76349639892578,93.77999877929688,93.76349639892578,93.7750015258789,48423
2026-07-15 16:45:00+00:00,93.79499816894531,93.84500122070312,93.76499938964844,93.76499938964844,490002
2026-07-15 16:50:00+00:00,93.77999877929688,93.79499816894531,93.77999877929688,93.79499816894531,37714
2026-07-15 16:55:00+00:00,93.7699966430664,93.7750015258789,93.76000213623047,93.7750015258789,53422
2026-07-15 17:00:00+00:00,93.80500030517578,93.80999755859375,93.76499938964844,93.76499938964844,108279
2026-07-15 17:05:00+00:00,93.80999755859375,93.80999755859375,93.79499816894531,93.80999755859375,41621
2026-07-15 17:10:00+00:00,93.79000091552734,93.80999755859375,93.79000091552734,93.80999755859375,429168
2026-07-15 17:15:00+00:00,93.80000305175781,93.80000305175781,93.78500366210938,93.79000091552734,43977
2026-07-15 17:20:00+00:00,93.80999755859375,93.80999755859375,93.79000091552734,93.80000305175781,37089
2026-07-15 17:25:00+00:00,93.81500244140625,93.81500244140625,93.80010223388672,93.80999755859375,103519
2026-07-15 17:30:00+00:00,93.80509948730469,93.83000183105469,93.80500030517578,93.81500244140625,50005
2026-07-15 17:35:00+00:00,93.82499694824219,93.83000183105469,93.80500030517578,93.80500030517578,70823
2026-07-15 17:40:00+00:00,93.83000183105469,93.83799743652344,93.82499694824219,93.82499694824219,74398
2026-07-15 17:45:00+00:00,93.87000274658203,93.87000274658203,93.81999969482422,93.82499694824219,64062
2026-07-15 17:50:00+00:00,93.8550033569336,93.87000274658203,93.8550033569336,93.86509704589844,137509
2026-07-15 17:55:00+00:00,93.8550033569336,93.86000061035156,93.85369873046875,93.8550033569336,53644
2026-07-15 18:00:00+00:00,93.84500122070312,93.8499984741211,93.83499908447266,93.8499984741211,51877
2026-07-15 18:05:00+00:00,93.84500122070312,93.8499984741211,93.83439636230469,93.84500122070312,63410
2026-07-15 18:10:00+00:00,93.83499908447266,93.84500122070312,93.83000183105469,93.84500122070312,39800
2026-07-15 18:15:00+00:00,93.83999633789062,93.83999633789062,93.82389831542969,93.83499908447266,48084
2026-07-15 18:20:00+00:00,93.83499908447266,93.83999633789062,93.83000183105469,93.83999633789062,64102
2026-07-15 18:25:00+00:00,93.83499908447266,93.83999633789062,93.83000183105469,93.83499908447266,68048
2026-07-15 18:30:00+00:00,93.84500122070312,93.8499984741211,93.8301010131836,93.8301010131836,45288
2026-07-15 18:35:00+00:00,93.8499984741211,93.8499984741211,93.84010314941406,93.84500122070312,63575
2026-07-15 18:40:00+00:00,93.83000183105469,93.84500122070312,93.83000183105469,93.84500122070312,123164
2026-07-15 18:45:00+00:00,93.83999633789062,93.83999633789062,93.82499694824219,93.83499908447266,75597
2026-07-15 18:50:00+00:00,93.83499908447266,93.83999633789062,93.83000183105469,93.83999633789062,55904
2026-07-15 18:55:00+00:00,93.8364028930664,93.83999633789062,93.83000183105469,93.83499908447266,72215
2026-07-15 19:00:00+00:00,93.8550033569336,93.86000061035156,93.82160186767578,93.83000183105469,89864
2026-07-15 19:05:00+00:00,93.8550033569336,93.86000061035156,93.8499984741211,93.8550033569336,128366
2026-07-15 19:10:00+00:00,93.8550033569336,93.86000061035156,93.8499984741211,93.8550033569336,123124
2026-07-15 19:15:00+00:00,93.8416976928711,93.8550033569336,93.83999633789062,93.8550033569336,168677
2026-07-15 19:20:00+00:00,93.84500122070312,93.8499984741211,93.83999633789062,93.84500122070312,66064
2026-07-15 19:25:00+00:00,93.83999633789062,93.8499984741211,93.83999633789062,93.84500122070312,75213
2026-07-15 19:30:00+00:00,93.80500030517578,93.85639953613281,93.80010223388672,93.84500122070312,115628
2026-07-15 19:35:00+00:00,93.79499816894531,93.80500030517578,93.78500366210938,93.80500030517578,108921
2026-07-15 19:40:00+00:00,93.80000305175781,93.80000305175781,93.79010009765625,93.79630279541016,93081
2026-07-15 19:45:00+00:00,93.78500366210938,93.80000305175781,93.78170013427734,93.79499816894531,74677
2026-07-15 19:50:00+00:00,93.79000091552734,93.80000305175781,93.77999877929688,93.78710174560547,167476
2026-07-15 19:55:00+00:00,93.7750015258789,93.80000305175781,93.7699966430664,93.79000091552734,259680
2026-07-16 13:30:00+00:00,93.55500030517578,93.5999984741211,93.55180358886719,93.58000183105469,205953
2026-07-16 13:35:00+00:00,93.55500030517578,93.56809997558594,93.55000305175781,93.55000305175781,390442
2026-07-16 13:40:00+00:00,93.56500244140625,93.56999969482422,93.55999755859375,93.55999755859375,37158
2026-07-16 13:45:00+00:00,93.58999633789062,93.58999633789062,93.55999755859375,93.55999755859375,30033
2026-07-16 13:50:00+00:00,93.58999633789062,93.59500122070312,93.57969665527344,93.59500122070312,12524
2026-07-16 13:55:00+00:00,93.58000183105469,93.59500122070312,93.57499694824219,93.59500122070312,654898
2026-07-16 14:00:00+00:00,93.62200164794922,93.62999725341797,93.58000183105469,93.58499908447266,103494
2026-07-16 14:05:00+00:00,93.61969757080078,93.62999725341797,93.61000061035156,93.6281967163086,114712
2026-07-16 14:10:00+00:00,93.61499786376953,93.62000274658203,93.5999984741211,93.61170196533203,57733
2026-07-16 14:15:00+00:00,93.625,93.62999725341797,93.61209869384766,93.61209869384766,34112
2026-07-16 14:20:00+00:00,93.59500122070312,93.62999725341797,93.59500122070312,93.625,34194
2026-07-16 14:25:00+00:00,93.59500122070312,93.61000061035156,93.58999633789062,93.5999984741211,68107
2026-07-16 14:30:00+00:00,93.58799743652344,93.5999984741211,93.58000183105469,93.59989929199219,18675
2026-07-16 14:35:00+00:00,93.55500030517578,93.58670043945312,93.55500030517578,93.58589935302734,137907
2026-07-16 14:40:00+00:00,93.55999755859375,93.55999755859375,93.54290008544922,93.55359649658203,55864
2026-07-16 14:45:00+00:00,93.56500244140625,93.56990051269531,93.55500030517578,93.56500244140625,22720
2026-07-16 14:50:00+00:00,93.58209991455078,93.58820343017578,93.56639862060547,93.56639862060547,9017
2026-07-16 14:55:00+00:00,93.57499694824219,93.58999633789062,93.56999969482422,93.58999633789062,28815
2026-07-16 15:00:00+00:00,93.56500244140625,93.56500244140625,93.55500030517578,93.56500244140625,38132
2026-07-16 15:05:00+00:00,93.57499694824219,93.57499694824219,93.55000305175781,93.56500244140625,17060
2026-07-16 15:10:00+00:00,93.5999984741211,93.5999984741211,93.57150268554688,93.57559967041016,31298
2026-07-16 15:15:00+00:00,93.61499786376953,93.625,93.61000061035156,93.61000061035156,18838
2026-07-16 15:20:00+00:00,93.63500213623047,93.63819885253906,93.6134033203125,93.62000274658203,9620
2026-07-16 15:25:00+00:00,93.6449966430664,93.6500015258789,93.63999938964844,93.63999938964844,17565
2026-07-16 15:30:00+00:00,93.65499877929688,93.65969848632812,93.63999938964844,93.63999938964844,33755
2026-07-16 15:35:00+00:00,93.65850067138672,93.66500091552734,93.6500015258789,93.66000366210938,12941
2026-07-16 15:40:00+00:00,93.65969848632812,93.66000366210938,93.6500015258789,93.6500015258789,8914
2026-07-16 15:45:00+00:00,93.68009948730469,93.68009948730469,93.65270233154297,93.65499877929688,22830
2026-07-16 15:50:00+00:00,93.67009735107422,93.68499755859375,93.66999816894531,93.68000030517578,30745
2026-07-16 15:55:00+00:00,93.65160369873047,93.67500305175781,93.65160369873047,93.67500305175781,6581
2026-07-16 16:00:00+00:00,93.65950012207031,93.66500091552734,93.6532974243164,93.65499877929688,7533
2026-07-16 16:05:00+00:00,93.6449966430664,93.64969635009766,93.63960266113281,93.63960266113281,21185
2026-07-16 16:10:00+00:00,93.6449966430664,93.64990234375,93.63999938964844,93.6449966430664,13585
2026-07-16 16:15:00+00:00,93.62989807128906,93.63999938964844,93.62220001220703,93.63999938964844,13504
2026-07-16 16:20:00+00:00,93.61000061035156,93.625,93.6050033569336,93.625,28180
2026-07-16 16:25:00+00:00,93.5999984741211,93.77999877929688,93.58000183105469,93.58999633789062,34974
2026-07-16 16:30:00+00:00,93.62000274658203,93.62000274658203,93.60160064697266,93.60359954833984,23292
2026-07-16 16:35:00+00:00,93.61499786376953,93.6281967163086,93.61009979248047,93.625,24721
2026-07-16 16:40:00+00:00,93.61000061035156,93.61830139160156,93.6050033569336,93.61499786376953,5767
2026-07-16 16:45:00+00:00,93.6083984375,93.61000061035156,93.6050033569336,93.6050033569336,10392
2026-07-16 16:50:00+00:00,93.63500213623047,93.63999938964844,93.62000274658203,93.62000274658203,27887
2026-07-16 16:55:00+00:00,93.64990234375,93.65229797363281,93.63009643554688,93.6323013305664,20378
2026-07-16 17:00:00+00:00,93.6449966430664,93.66000366210938,93.64440155029297,93.65499877929688,8453
2026-07-16 17:05:00+00:00,93.6449966430664,93.64820098876953,93.63999938964844,93.6449966430664,10280
2026-07-16 17:10:00+00:00,93.64800262451172,93.64800262451172,93.63410186767578,93.63999938964844,81659
2026-07-16 17:15:00+00:00,93.6500015258789,93.66000366210938,93.64009857177734,93.6449966430664,77133
2026-07-16 17:20:00+00:00,93.65499877929688,93.65499877929688,93.6500015258789,93.6500015258789,9136
2026-07-16 17:25:00+00:00,93.6541976928711,93.66000366210938,93.65160369873047,93.66000366210938,14880
2026-07-16 17:30:00+00:00,93.66500091552734,93.66999816894531,93.66000366210938,93.66500091552734,35714
2026-07-16 17:35:00+00:00,93.66999816894531,93.68000030517578,93.66010284423828,93.66500091552734,42422
2026-07-16 17:40:00+00:00,93.68499755859375,93.68499755859375,93.66500091552734,93.66500091552734,36613
2026-07-16 17:45:00+00:00,93.69999694824219,93.69999694824219,93.681396484375,93.68499755859375,28566
2026-07-16 17:50:00+00:00,93.7249984741211,93.72630310058594,93.69499969482422,93.69499969482422,48325
2026-07-16 17:55:00+00:00,93.70500183105469,93.7249984741211,93.69999694824219,93.72000122070312,56488
2026-07-16 18:00:00+00:00,93.72000122070312,93.72000122070312,93.69999694824219,93.70500183105469,38415
2026-07-16 18:05:00+00:00,93.7300033569336,93.7300033569336,93.71499633789062,93.72000122070312,23870
2026-07-16 18:10:00+00:00,93.74500274658203,93.75,93.7249984741211,93.7249984741211,67648
2026-07-16 18:15:00+00:00,93.7249984741211,93.75,93.7249984741211,93.74500274658203,49555
2026-07-16 18:20:00+00:00,93.71440124511719,93.72650146484375,93.71440124511719,93.72000122070312,25869
2026-07-16 18:25:00+00:00,93.71499633789062,93.71499633789062,93.70999908447266,93.71499633789062,24675
2026-07-16 18:30:00+00:00,93.70500183105469,93.72000122070312,93.69999694824219,93.71499633789062,99752
2026-07-16 18:35:00+00:00,93.70500183105469,93.70999908447266,93.69999694824219,93.70500183105469,64486
2026-07-16 18:40:00+00:00,93.70819854736328,93.72000122070312,93.70500183105469,93.70500183105469,49358
2026-07-16 18:45:00+00:00,93.69000244140625,93.70999908447266,93.69000244140625,93.70500183105469,34102
2026-07-16 18:50:00+00:00,93.68990325927734,93.69999694824219,93.68499755859375,93.69309997558594,40720
2026-07-16 18:55:00+00:00,93.69499969482422,93.69650268554688,93.68499755859375,93.68499755859375,59945
2026-07-16 19:00:00+00:00,93.70809936523438,93.70999908447266,93.69499969482422,93.69499969482422,61592
2026-07-16 19:05:00+00:00,93.70500183105469,93.70999908447266,93.69999694824219,93.70999908447266,61983
2026-07-16 19:10:00+00:00,93.70500183105469,93.70999908447266,93.69499969482422,93.70500183105469,42469
2026-07-16 19:15:00+00:00,93.70500183105469,93.70999908447266,93.69999694824219,93.70999908447266,45151
2026-07-16 19:20:00+00:00,93.70500183105469,93.70999908447266,93.69999694824219,93.70500183105469,133486
2026-07-16 19:25:00+00:00,93.72000122070312,93.72000122070312,93.69999694824219,93.70500183105469,32507
2026-07-16 19:30:00+00:00,93.70989990234375,93.72000122070312,93.70500183105469,93.72000122070312,61104
2026-07-16 19:35:00+00:00,93.70999908447266,93.70999908447266,93.69180297851562,93.69999694824219,95024
2026-07-16 19:40:00+00:00,93.70999908447266,93.70999908447266,93.69999694824219,93.70999908447266,87230
2026-07-16 19:45:00+00:00,93.72669982910156,93.7300033569336,93.70500183105469,93.70999908447266,65692
2026-07-16 19:50:00+00:00,93.72979736328125,93.72989654541016,93.71499633789062,93.72989654541016,207267
2026-07-16 19:55:00+00:00,93.71499633789062,93.7300033569336,93.70999908447266,93.72969818115234,216474
2026-07-17 13:30:00+00:00,94.01000213623047,94.01000213623047,93.95999908447266,93.95999908447266,443307
2026-07-17 13:35:00+00:00,94.08499908447266,94.09500122070312,94.02999877929688,94.02999877929688,805763
2026-07-17 13:40:00+00:00,94.07499694824219,94.08499908447266,94.05999755859375,94.08499908447266,842120
2026-07-17 13:45:00+00:00,94.05500030517578,94.08999633789062,94.0425033569336,94.08000183105469,113452
2026-07-17 13:50:00+00:00,94.02999877929688,94.05500030517578,94.0199966430664,94.05180358886719,54876
2026-07-17 13:55:00+00:00,94.02999877929688,94.04989624023438,94.0250015258789,94.04499816894531,28600
2026-07-17 14:00:00+00:00,94.01950073242188,94.05000305175781,94.01499938964844,94.03500366210938,58677
2026-07-17 14:05:00+00:00,94.0197982788086,94.0199966430664,94.0,94.01499938964844,16900
2026-07-17 14:10:00+00:00,94.0199966430664,94.02799987792969,94.00499725341797,94.01000213623047,63168
2026-07-17 14:15:00+00:00,94.0250015258789,94.03800201416016,94.0,94.0250015258789,111794
2026-07-17 14:20:00+00:00,94.00499725341797,94.02999877929688,94.00499725341797,94.02999877929688,19794
2026-07-17 14:25:00+00:00,93.97000122070312,94.00980377197266,93.97000122070312,93.99189758300781,19224
2026-07-17 14:30:00+00:00,93.989501953125,93.98999786376953,93.97029876708984,93.97029876708984,23520
2026-07-17 14:35:00+00:00,93.99500274658203,94.0,93.98999786376953,93.98999786376953,31274
2026-07-17 14:40:00+00:00,93.9844970703125,93.98999786376953,93.9801025390625,93.98999786376953,14771
2026-07-17 14:45:00+00:00,93.98999786376953,94.0,93.98030090332031,93.98780059814453,14295
2026-07-17 14:50:00+00:00,93.97000122070312,93.98989868164062,93.96499633789062,93.98989868164062,6667
2026-07-17 14:55:00+00:00,93.99500274658203,94.0,93.96009826660156,93.96499633789062,21088
2026-07-17 15:00:00+00:00,94.00499725341797,94.0082015991211,93.98500061035156,94.00499725341797,36017
2026-07-17 15:05:00+00:00,94.00499725341797,94.00769805908203,93.99500274658203,94.00499725341797,33441
2026-07-17 15:10:00+00:00,93.98500061035156,94.01799774169922,93.9800033569336,94.00499725341797,25094
2026-07-17 15:15:00+00:00,93.9749984741211,93.98999786376953,93.9749984741211,93.98999786376953,16042
2026-07-17 15:20:00+00:00,93.96499633789062,93.98500061035156,93.95999908447266,93.9800033569336,22778
2026-07-17 15:25:00+00:00,93.94499969482422,93.96839904785156,93.94000244140625,93.96839904785156,14297
2026-07-17 15:30:00+00:00,93.94499969482422,93.9583969116211,93.91999816894531,93.95169830322266,89207
2026-07-17 15:35:00+00:00,93.91510009765625,93.94000244140625,93.91500091552734,93.94000244140625,30784
2026-07-17 15:40:00+00:00,93.92500305175781,93.92500305175781,93.91629791259766,93.9197998046875,13424
2026-07-17 15:45:00+00:00,93.91999816894531,93.93000030517578,93.91179656982422,93.92500305175781,23850
2026-07-17 15:50:00+00:00,93.91500091552734,93.92990112304688,93.91000366210938,93.91500091552734,20896
2026-07-17 15:55:00+00:00,93.91500091552734,93.91999816894531,93.90180206298828,93.90989685058594,545211
2026-07-17 16:00:00+00:00,93.84159851074219,93.91500091552734,93.81999969482422,93.91500091552734,448303
2026-07-17 16:05:00+00:00,93.8550033569336,93.86000061035156,93.84010314941406,93.84500122070312,69335
2026-07-17 16:10:00+00:00,93.8550033569336,93.87000274658203,93.8499984741211,93.86499786376953,23504
2026-07-17 16:15:00+00:00,93.83180236816406,93.8499984741211,93.83180236816406,93.8499984741211,6156
2026-07-17 16:20:00+00:00,93.86000061035156,93.86000061035156,93.83000183105469,93.83499908447266,61495
2026-07-17 16:25:00+00:00,93.87999725341797,93.87999725341797,93.86000061035156,93.86499786376953,61725
2026-07-17 16:30:00+00:00,93.87000274658203,93.87789916992188,93.86219787597656,93.875,9805
2026-07-17 16:35:00+00:00,93.85040283203125,93.86499786376953,93.8499984741211,93.86499786376953,18217
2026-07-17 16:40:00+00:00,93.86499786376953,93.86990356445312,93.8499984741211,93.8501968383789,44767
2026-07-17 16:45:00+00:00,93.86499786376953,93.86499786376953,93.8499984741211,93.86009979248047,19782
2026-07-17 16:50:00+00:00,93.8550033569336,93.86499786376953,93.8550033569336,93.86499786376953,18515
2026-07-17 16:55:00+00:00,93.8550033569336,93.8550033569336,93.8499984741211,93.8550033569336,24161
2026-07-17 17:00:00+00:00,93.8550033569336,93.86000061035156,93.8499984741211,93.8550033569336,9173
2026-07-17 17:05:00+00:00,93.8499984741211,93.86000061035156,93.8499984741211,93.8499984741211,22273
2026-07-17 17:10:00+00:00,93.84500122070312,93.8550033569336,93.83999633789062,93.8499984741211,31724
2026-07-17 17:15:00+00:00,93.83000183105469,93.83999633789062,93.83000183105469,93.83999633789062,14107
2026-07-17 17:20:00+00:00,93.83499908447266,93.8396987915039,93.81999969482422,93.83000183105469,44750
2026-07-17 17:25:00+00:00,93.84500122070312,93.84500122070312,93.83000183105469,93.8396987915039,33998
2026-07-17 17:30:00+00:00,93.84500122070312,93.8499984741211,93.83999633789062,93.84500122070312,10489
2026-07-17 17:35:00+00:00,93.8499984741211,93.86509704589844,93.84500122070312,93.8479995727539,263840
2026-07-17 17:40:00+00:00,93.85009765625,93.85780334472656,93.84159851074219,93.84500122070312,22640
2026-07-17 17:45:00+00:00,93.84500122070312,93.8550033569336,93.84159851074219,93.8550033569336,25144
2026-07-17 17:50:00+00:00,93.8499984741211,93.8499984741211,93.84010314941406,93.84500122070312,7638
2026-07-17 17:55:00+00:00,93.86499786376953,93.87000274658203,93.8499984741211,93.8499984741211,55957
2026-07-17 18:00:00+00:00,93.8582992553711,93.86499786376953,93.85009765625,93.86499786376953,19389
2026-07-17 18:05:00+00:00,93.875,93.87809753417969,93.85179901123047,93.8550033569336,23742
2026-07-17 18:10:00+00:00,93.87000274658203,93.88500213623047,93.86499786376953,93.875,21975
2026-07-17 18:15:00+00:00,93.88500213623047,93.88999938964844,93.87100219726562,93.87100219726562,13807
2026-07-17 18:20:00+00:00,93.90809631347656,93.91500091552734,93.87999725341797,93.88500213623047,25742
2026-07-17 18:25:00+00:00,93.90499877929688,93.91500091552734,93.90010070800781,93.91000366210938,14543
2026-07-17 18:30:00+00:00,93.90640258789062,93.91000366210938,93.90010070800781,93.90899658203125,9518
2026-07-17 18:35:00+00:00,93.91819763183594,93.9197998046875,93.9000015258789,93.90499877929688,24501
2026-07-17 18:40:00+00:00,93.90499877929688,93.91500091552734,93.9000015258789,93.91500091552734,22813
2026-07-17 18:45:00+00:00,93.88999938964844,93.91000366210938,93.88500213623047,93.90499877929688,24885
2026-07-17 18:50:00+00:00,93.87999725341797,93.88999938964844,93.87000274658203,93.88500213623047,12982
2026-07-17 18:55:00+00:00,93.87000274658203,93.87999725341797,93.87000274658203,93.87000274658203,13901
2026-07-17 19:00:00+00:00,93.86000061035156,93.87999725341797,93.86000061035156,93.87000274658203,43568
2026-07-17 19:05:00+00:00,93.86000061035156,93.87000274658203,93.86000061035156,93.86499786376953,35462
2026-07-17 19:10:00+00:00,93.83999633789062,93.8550033569336,93.83999633789062,93.85009765625,22630
2026-07-17 19:15:00+00:00,93.83000183105469,93.84819793701172,93.83000183105469,93.83999633789062,29986
2026-07-17 19:20:00+00:00,93.84010314941406,93.84500122070312,93.83000183105469,93.83000183105469,66972
2026-07-17 19:25:00+00:00,93.84500122070312,93.8499984741211,93.83999633789062,93.8499984741211,26659
2026-07-17 19:30:00+00:00,93.8499984741211,93.86000061035156,93.8499984741211,93.8550033569336,25844
2026-07-17 19:35:00+00:00,93.83999633789062,93.86000061035156,93.83999633789062,93.8550033569336,59053
2026-07-17 19:40:00+00:00,93.84500122070312,93.8499984741211,93.83999633789062,93.84500122070312,21933
2026-07-17 19:45:00+00:00,93.83000183105469,93.84500122070312,93.81999969482422,93.84500122070312,38266
2026-07-17 19:50:00+00:00,93.84639739990234,93.8499984741211,93.83000183105469,93.83000183105469,299967
2026-07-17 19:55:00+00:00,93.83000183105469,93.84989929199219,93.82389831542969,93.84500122070312,692682
2026-07-20 13:30:00+00:00,93.73999786376953,93.756103515625,93.7249984741211,93.73999786376953,118248
2026-07-20 13:35:00+00:00,93.73500061035156,93.75499725341797,93.73500061035156,93.73999786376953,33211
2026-07-20 13:40:00+00:00,93.69499969482422,93.7385025024414,93.69499969482422,93.73500061035156,56000
2026-07-20 13:45:00+00:00,93.70010375976562,93.70999908447266,93.69000244140625,93.69499969482422,53784
2026-07-20 13:50:00+00:00,93.69190216064453,93.72000122070312,93.69190216064453,93.70999908447266,48895
2026-07-20 13:55:00+00:00,93.66999816894531,93.69999694824219,93.66999816894531,93.69619750976562,60833
2026-07-20 14:00:00+00:00,93.65499877929688,93.66999816894531,93.6449966430664,93.6500015258789,40298
2026-07-20 14:05:00+00:00,93.62989807128906,93.65249633789062,93.61499786376953,93.6500015258789,62439
2026-07-20 14:10:00+00:00,93.62000274658203,93.62999725341797,93.61499786376953,93.62000274658203,34644
2026-07-20 14:15:00+00:00,93.64009857177734,93.64969635009766,93.61000061035156,93.61499786376953,84753
2026-07-20 14:20:00+00:00,93.63500213623047,93.64849853515625,93.63500213623047,93.64510345458984,28715
2026-07-20 14:25:00+00:00,93.63829803466797,93.6449966430664,93.62000274658203,93.62999725341797,36327
2026-07-20 14:30:00+00:00,93.63500213623047,93.63990020751953,93.62169647216797,93.63990020751953,23285
2026-07-20 14:35:00+00:00,93.65499877929688,93.65499877929688,93.63500213623047,93.63500213623047,45958
2026-07-20 14:40:00+00:00,93.65499877929688,93.66819763183594,93.6500015258789,93.65499877929688,34957
2026-07-20 14:45:00+00:00,93.66500091552734,93.66539764404297,93.6500015258789,93.65499877929688,13902
2026-07-20 14:50:00+00:00,93.63710021972656,93.66819763183594,93.62999725341797,93.66819763183594,40710
2026-07-20 14:55:00+00:00,93.63500213623047,93.63500213623047,93.62000274658203,93.62000274658203,42504
2026-07-20 15:00:00+00:00,93.61499786376953,93.62999725341797,93.61000061035156,93.62999725341797,49412
2026-07-20 15:05:00+00:00,93.63999938964844,93.6449966430664,93.60009765625,93.61499786376953,85688
2026-07-20 15:10:00+00:00,93.5999984741211,93.63500213623047,93.59500122070312,93.63500213623047,48198
2026-07-20 15:15:00+00:00,93.5999984741211,93.60810089111328,93.59410095214844,93.6050033569336,58205
2026-07-20 15:20:00+00:00,93.59500122070312,93.59829711914062,93.58979797363281,93.59500122070312,61425
2026-07-20 15:25:00+00:00,93.58989715576172,93.5999984741211,93.58180236816406,93.59500122070312,23132
2026-07-20 15:30:00+00:00,93.56500244140625,93.5958023071289,93.5604019165039,93.58499908447266,33847
2026-07-20 15:35:00+00:00,93.5479965209961,93.56839752197266,93.54499816894531,93.56510162353516,11292
2026-07-20 15:40:00+00:00,93.54989624023438,93.55000305175781,93.54010009765625,93.54989624023438,15863
2026-07-20 15:45:00+00:00,93.54499816894531,93.54499816894531,93.52999877929688,93.54499816894531,30597
2026-07-20 15:50:00+00:00,93.55500030517578,93.55999755859375,93.54019927978516,93.54019927978516,19169
2026-07-20 15:55:00+00:00,93.5541000366211,93.55999755859375,93.55000305175781,93.55590057373047,8467
2026-07-20 16:00:00+00:00,93.55000305175781,93.55989837646484,93.55000305175781,93.55989837646484,23673
2026-07-20 16:05:00+00:00,93.55999755859375,93.55999755859375,93.55000305175781,93.55500030517578,49362
2026-07-20 16:10:00+00:00,93.53500366210938,93.55809783935547,93.53500366210938,93.55809783935547,34297
2026-07-20 16:15:00+00:00,93.51010131835938,93.53500366210938,93.51010131835938,93.53500366210938,14531
2026-07-20 16:20:00+00:00,93.51499938964844,93.5176010131836,93.51000213623047,93.51499938964844,8787
2026-07-20 16:25:00+00:00,93.51000213623047,93.51499938964844,93.48999786376953,93.51190185546875,55105
2026-07-20 16:30:00+00:00,93.50499725341797,93.51640319824219,93.5,93.51000213623047,32157
2026-07-20 16:35:00+00:00,93.5199966430664,93.5199966430664,93.50499725341797,93.50499725341797,33016
2026-07-20 16:40:00+00:00,93.48500061035156,93.51499938964844,93.44499969482422,93.51499938964844,258804
2026-07-20 16:45:00+00:00,93.49500274658203,93.49500274658203,93.4717025756836,93.4800033569336,31511
2026-07-20 16:50:00+00:00,93.4719009399414,93.49500274658203,93.47000122070312,93.49500274658203,25726
2026-07-20 16:55:00+00:00,93.4749984741211,93.4800033569336,93.47000122070312,93.47010040283203,20538
2026-07-20 17:00:00+00:00,93.4800033569336,93.48500061035156,93.46499633789062,93.47979736328125,29887
2026-07-20 17:05:00+00:00,93.47000122070312,93.48500061035156,93.45999908447266,93.48500061035156,23727
2026-07-20 17:10:00+00:00,93.46499633789062,93.47989654541016,93.45999908447266,93.47229766845703,30648
2026-07-20 17:15:00+00:00,93.47010040283203,93.4749984741211,93.45999908447266,93.46499633789062,50168
2026-07-20 17:20:00+00:00,93.48500061035156,93.49500274658203,93.4749984741211,93.4749984741211,32529
2026-07-20 17:25:00+00:00,93.49500274658203,93.5,93.48500061035156,93.48500061035156,9679
2026-07-20 17:30:00+00:00,93.49500274658203,93.5,93.48999786376953,93.49500274658203,22861
2026-07-20 17:35:00+00:00,93.48500061035156,93.49839782714844,93.4800033569336,93.49500274658203,33837
2026-07-20 17:40:00+00:00,93.48989868164062,93.48999786376953,93.48149871826172,93.48159790039062,15361
2026-07-20 17:45:00+00:00,93.49500274658203,93.4999008178711,93.48500061035156,93.48500061035156,25672
2026-07-20 17:50:00+00:00,93.51000213623047,93.51000213623047,93.49009704589844,93.49500274658203,55565
2026-07-20 17:55:00+00:00,93.51000213623047,93.51000213623047,93.5,93.50499725341797,34080
2026-07-20 18:00:00+00:00,93.50499725341797,93.51499938964844,93.5000991821289,93.50499725341797,55957
2026-07-20 18:05:00+00:00,93.5115966796875,93.51499938964844,93.50170135498047,93.5083999633789,13616
2026-07-20 18:10:00+00:00,93.51000213623047,93.51599884033203,93.51000213623047,93.51499938964844,52145
2026-07-20 18:15:00+00:00,93.52030181884766,93.52989959716797,93.51000213623047,93.51499938964844,31386
2026-07-20 18:20:00+00:00,93.5250015258789,93.5250015258789,93.51499938964844,93.5250015258789,28313
2026-07-20 18:25:00+00:00,93.5250015258789,93.5250015258789,93.51000213623047,93.5199966430664,28057
2026-07-20 18:30:00+00:00,93.51000213623047,93.52989959716797,93.51000213623047,93.52010345458984,20329
2026-07-20 18:35:00+00:00,93.51000213623047,93.51499938964844,93.5000991821289,93.51499938964844,27030
2026-07-20 18:40:00+00:00,93.51010131835938,93.52999877929688,93.51010131835938,93.5199966430664,17600
2026-07-20 18:45:00+00:00,93.51599884033203,93.5199966430664,93.51000213623047,93.51010131835938,14476
2026-07-20 18:50:00+00:00,93.51499938964844,93.5198974609375,93.51000213623047,93.51000213623047,10978
2026-07-20 18:55:00+00:00,93.51000213623047,93.51499938964844,93.5000991821289,93.51499938964844,34356
2026-07-20 19:00:00+00:00,93.5250015258789,93.52989959716797,93.51010131835938,93.5199966430664,20197
2026-07-20 19:05:00+00:00,93.53500366210938,93.54000091552734,93.5250015258789,93.5250015258789,11755
2026-07-20 19:10:00+00:00,93.5250015258789,93.53500366210938,93.52010345458984,93.53500366210938,27241
2026-07-20 19:15:00+00:00,93.5280990600586,93.52999877929688,93.5199966430664,93.5199966430664,63690
2026-07-20 19:20:00+00:00,93.53500366210938,93.54000091552734,93.52179718017578,93.5250015258789,47420
2026-07-20 19:25:00+00:00,93.56500244140625,93.57499694824219,93.52999877929688,93.53500366210938,216659
2026-07-20 19:30:00+00:00,93.55500030517578,93.56999969482422,93.55000305175781,93.56430053710938,35713
2026-07-20 19:35:00+00:00,93.54000091552734,93.55999755859375,93.54000091552734,93.55500030517578,42567
2026-07-20 19:40:00+00:00,93.54499816894531,93.55000305175781,93.54000091552734,93.54499816894531,29926
2026-07-20 19:45:00+00:00,93.54989624023438,93.55000305175781,93.54000091552734,93.54830169677734,33838
2026-07-20 19:50:00+00:00,93.54499816894531,93.55000305175781,93.54000091552734,93.54499816894531,110447
2026-07-20 19:55:00+00:00,93.54499816894531,93.55000305175781,93.52999877929688,93.54019927978516,250252
2026-07-21 13:30:00+00:00,93.38500213623047,93.41000366210938,93.37999725341797,93.4000015258789,138423
2026-07-21 13:35:00+00:00,93.30999755859375,93.37000274658203,93.30999755859375,93.37000274658203,95132
2026-07-21 13:40:00+00:00,93.2699966430664,93.30500030517578,93.25499725341797,93.30500030517578,42863
2026-07-21 13:45:00+00:00,93.28500366210938,93.28980255126953,93.26499938964844,93.26499938964844,56439
2026-07-21 13:50:00+00:00,93.30500030517578,93.30500030517578,93.26499938964844,93.28500366210938,53728
2026-07-21 13:55:00+00:00,93.30999755859375,93.30999755859375,93.30049896240234,93.30500030517578,19205
2026-07-21 14:00:00+00:00,93.3218994140625,93.3218994140625,93.30010223388672,93.30500030517578,15738
2026-07-21 14:05:00+00:00,93.31999969482422,93.33989715576172,93.31999969482422,93.32499694824219,22709
2026-07-21 14:10:00+00:00,93.3550033569336,93.3550033569336,93.3102035522461,93.32939910888672,27182
2026-07-21 14:15:00+00:00,93.35990142822266,93.36000061035156,93.34500122070312,93.3550033569336,18764
2026-07-21 14:20:00+00:00,93.35009765625,93.37000274658203,93.35009765625,93.3550033569336,36343
2026-07-21 14:25:00+00:00,93.33499908447266,93.35800170898438,93.33000183105469,93.35800170898438,22785
2026-07-21 14:30:00+00:00,93.3301010131836,93.34960174560547,93.33000183105469,93.33480072021484,21835
2026-07-21 14:35:00+00:00,93.32499694824219,93.3279037475586,93.3134994506836,93.31999969482422,35025
2026-07-21 14:40:00+00:00,93.34500122070312,93.34500122070312,93.3218994140625,93.32499694824219,20911
2026-07-21 14:45:00+00:00,93.36499786376953,93.38500213623047,93.34989929199219,93.34989929199219,44446
2026-07-21 14:50:00+00:00,93.3499984741211,93.36799621582031,93.34190368652344,93.36499786376953,14568
2026-07-21 14:55:00+00:00,93.34500122070312,93.36000061035156,93.33999633789062,93.35199737548828,19110
2026-07-21 15:00:00+00:00,93.3550033569336,93.36000061035156,93.33999633789062,93.3499984741211,43359
2026-07-21 15:05:00+00:00,93.34500122070312,93.36000061035156,93.34010314941406,93.36000061035156,6143
2026-07-21 15:10:00+00:00,93.36969757080078,93.36969757080078,93.34500122070312,93.34619903564453,23703
2026-07-21 15:15:00+00:00,93.39219665527344,93.39219665527344,93.37000274658203,93.37000274658203,14535
2026-07-21 15:20:00+00:00,93.38999938964844,93.41500091552734,93.3749008178711,93.3905029296875,56951
2026-07-21 15:25:00+00:00,93.38500213623047,93.38999938964844,93.37999725341797,93.38500213623047,52187
2026-07-21 15:30:00+00:00,93.37000274658203,93.38999938964844,93.3550033569336,93.37999725341797,30285
2026-07-21 15:35:00+00:00,93.36499786376953,93.38500213623047,93.36499786376953,93.37999725341797,38172
2026-07-21 15:40:00+00:00,93.33499908447266,93.35220336914062,93.33000183105469,93.35220336914062,23051
2026-07-21 15:45:00+00:00,93.33499908447266,93.33999633789062,93.33219909667969,93.33499908447266,14171
2026-07-21 15:50:00+00:00,93.32499694824219,93.34500122070312,93.32499694824219,93.33499908447266,38075
2026-07-21 15:55:00+00:00,93.33499908447266,93.33999633789062,93.33000183105469,93.33000183105469,16372
2026-07-21 16:00:00+00:00,93.33809661865234,93.33999633789062,93.32489776611328,93.33489990234375,14014
2026-07-21 16:05:00+00:00,93.34500122070312,93.3499984741211,93.33499908447266,93.33499908447266,9942
2026-07-21 16:10:00+00:00,93.33999633789062,93.34500122070312,93.3301010131836,93.33999633789062,29252
2026-07-21 16:15:00+00:00,93.32499694824219,93.33999633789062,93.32499694824219,93.33489990234375,13015
2026-07-21 16:20:00+00:00,93.31500244140625,93.32990264892578,93.31500244140625,93.32990264892578,14161
2026-07-21 16:25:00+00:00,93.3219985961914,93.32499694824219,93.31009674072266,93.31230163574219,30426
2026-07-21 16:30:00+00:00,93.31500244140625,93.32499694824219,93.30999755859375,93.32499694824219,14703
2026-07-21 16:35:00+00:00,93.30020141601562,93.31500244140625,93.29499816894531,93.31500244140625,8321
2026-07-21 16:40:00+00:00,93.30500030517578,93.32499694824219,93.30500030517578,93.30999755859375,7830
2026-07-21 16:45:00+00:00,93.33999633789062,93.33999633789062,93.30490112304688,93.30490112304688,34444
2026-07-21 16:50:00+00:00,93.33999633789062,93.3499984741211,93.33499908447266,93.33499908447266,28907
2026-07-21 16:55:00+00:00,93.32009887695312,93.3499984741211,93.32009887695312,93.34010314941406,14675
2026-07-21 17:00:00+00:00,93.32499694824219,93.33270263671875,93.32499694824219,93.33000183105469,11489
2026-07-21 17:05:00+00:00,93.32499694824219,93.32499694824219,93.31999969482422,93.31999969482422,4505
2026-07-21 17:10:00+00:00,93.33000183105469,93.33000183105469,93.32009887695312,93.32499694824219,5164
2026-07-21 17:15:00+00:00,93.33000183105469,93.33000183105469,93.31390380859375,93.31999969482422,21799
2026-07-21 17:20:00+00:00,93.33209991455078,93.33989715576172,93.33000183105469,93.33000183105469,21464
2026-07-21 17:25:00+00:00,93.3333969116211,93.33999633789062,93.33000183105469,93.33000183105469,44894
2026-07-21 17:30:00+00:00,93.33000183105469,93.33999633789062,93.33000183105469,93.33999633789062,13342
2026-07-21 17:35:00+00:00,93.32499694824219,93.32630157470703,93.31999969482422,93.32499694824219,14910
2026-07-21 17:40:00+00:00,93.30500030517578,93.32640075683594,93.30010223388672,93.32640075683594,20204
2026-07-21 17:45:00+00:00,93.29499816894531,93.30570220947266,93.29000091552734,93.30570220947266,14902
2026-07-21 17:50:00+00:00,93.29499816894531,93.30000305175781,93.29149627685547,93.30000305175781,9628
2026-07-21 17:55:00+00:00,93.30500030517578,93.30999755859375,93.29190063476562,93.29989624023438,32657
2026-07-21 18:00:00+00:00,93.29499816894531,93.30500030517578,93.29499816894531,93.30500030517578,16449
2026-07-21 18:05:00+00:00,93.30999755859375,93.3102035522461,93.28500366210938,93.29499816894531,23408
2026-07-21 18:10:00+00:00,93.30500030517578,93.30999755859375,93.30010223388672,93.30999755859375,9820
2026-07-21 18:15:00+00:00,93.29499816894531,93.30500030517578,93.29219818115234,93.30220031738281,10008
2026-07-21 18:20:00+00:00,93.29499816894531,93.30000305175781,93.29199981689453,93.30000305175781,9919
2026-07-21 18:25:00+00:00,93.30999755859375,93.30999755859375,93.30000305175781,93.30000305175781,23210
2026-07-21 18:30:00+00:00,93.29499816894531,93.30500030517578,93.29000091552734,93.30500030517578,13421
2026-07-21 18:35:00+00:00,93.30010223388672,93.306396484375,93.28009796142578,93.29499816894531,26694
2026-07-21 18:40:00+00:00,93.30999755859375,93.31809997558594,93.30000305175781,93.30989837646484,14567
2026-07-21 18:45:00+00:00,93.31500244140625,93.33000183105469,93.31009674072266,93.31500244140625,48870
2026-07-21 18:50:00+00:00,93.31500244140625,93.31999969482422,93.30999755859375,93.31500244140625,24720
2026-07-21 18:55:00+00:00,93.33000183105469,93.33000183105469,93.31009674072266,93.31999969482422,30906
2026-07-21 19:00:00+00:00,93.31500244140625,93.32929992675781,93.30999755859375,93.32499694824219,68924
2026-07-21 19:05:00+00:00,93.30500030517578,93.31999969482422,93.30010223388672,93.31620025634766,25389
2026-07-21 19:10:00+00:00,93.3062973022461,93.30999755859375,93.29499816894531,93.30000305175781,18610
2026-07-21 19:15:00+00:00,93.31500244140625,93.31639862060547,93.30000305175781,93.30500030517578,19486
2026-07-21 19:20:00+00:00,93.32499694824219,93.33000183105469,93.31199645996094,93.31500244140625,42262
2026-07-21 19:25:00+00:00,93.3218994140625,93.3499984741211,93.32009887695312,93.32499694824219,69245
2026-07-21 19:30:00+00:00,93.33000183105469,93.33000183105469,93.31999969482422,93.32499694824219,32404
2026-07-21 19:35:00+00:00,93.31999969482422,93.33000183105469,93.30999755859375,93.32499694824219,42697
2026-07-21 19:40:00+00:00,93.32499694824219,93.33000183105469,93.30999755859375,93.31999969482422,33493
2026-07-21 19:45:00+00:00,93.33000183105469,93.33000183105469,93.31999969482422,93.32499694824219,23699
2026-07-21 19:50:00+00:00,93.32499694824219,93.33000183105469,93.31500244140625,93.31999969482422,83080
2026-07-21 19:55:00+00:00,93.31500244140625,93.33000183105469,93.30500030517578,93.32499694824219,338666
2026-07-22 13:30:00+00:00,93.27210235595703,93.28600311279297,93.26499938964844,93.27999877929688,171253
2026-07-22 13:35:00+00:00,93.25499725341797,93.2750015258789,93.25,93.2750015258789,66932
2026-07-22 13:40:00+00:00,93.2301025390625,93.26000213623047,93.2300033569336,93.25499725341797,24909
2026-07-22 13:45:00+00:00,93.25,93.25499725341797,93.22000122070312,93.2300033569336,82169
2026-07-22 13:50:00+00:00,93.25,93.25019836425781,93.23999786376953,93.25019836425781,36146
2026-07-22 13:55:00+00:00,93.23999786376953,93.26000213623047,93.23999786376953,93.25,129969
2026-07-22 14:00:00+00:00,93.23500061035156,93.25,93.23210144042969,93.24829864501953,18659
2026-07-22 14:05:00+00:00,93.21499633789062,93.2300033569336,93.20500183105469,93.2300033569336,79712
2026-07-22 14:10:00+00:00,93.17500305175781,93.2155990600586,93.17500305175781,93.21499633789062,38089
2026-07-22 14:15:00+00:00,93.16500091552734,93.17720031738281,93.15499877929688,93.16999816894531,42735
2026-07-22 14:20:00+00:00,93.15809631347656,93.17500305175781,93.1500015258789,93.16999816894531,26054
2026-07-22 14:25:00+00:00,93.11499786376953,93.16000366210938,93.11000061035156,93.15989685058594,84078
2026-07-22 14:30:00+00:00,93.11990356445312,93.11990356445312,93.10859680175781,93.11499786376953,30683
2026-07-22 14:35:00+00:00,93.12010192871094,93.12999725341797,93.11000061035156,93.11499786376953,32601
2026-07-22 14:40:00+00:00,93.13500213623047,93.13849639892578,93.12010192871094,93.12999725341797,42041
2026-07-22 14:45:00+00:00,93.14009857177734,93.15499877929688,93.13999938964844,93.13999938964844,35877
2026-07-22 14:50:00+00:00,93.13999938964844,93.1500015258789,93.13009643554688,93.13500213623047,19410
2026-07-22 14:55:00+00:00,93.1500015258789,93.16000366210938,93.1343002319336,93.13500213623047,35131
2026-07-22 15:00:00+00:00,93.15499877929688,93.16000366210938,93.1500015258789,93.15499877929688,27928
2026-07-22 15:05:00+00:00,93.13500213623047,93.1500015258789,93.13179779052734,93.13999938964844,11717
2026-07-22 15:10:00+00:00,93.16000366210938,93.16000366210938,93.13500213623047,93.13500213623047,77026
2026-07-22 15:15:00+00:00,93.15499877929688,93.15499877929688,93.1449966430664,93.15499877929688,24386
2026-07-22 15:20:00+00:00,93.16000366210938,93.16000366210938,93.1500015258789,93.15499877929688,24716
2026-07-22 15:25:00+00:00,93.15499877929688,93.16500091552734,93.15170288085938,93.16500091552734,23986
2026-07-22 15:30:00+00:00,93.1698989868164,93.16999816894531,93.15010070800781,93.15499877929688,27263
2026-07-22 15:35:00+00:00,93.19499969482422,93.19499969482422,93.16210174560547,93.16500091552734,23106
2026-07-22 15:40:00+00:00,93.20500183105469,93.20989990234375,93.18190002441406,93.19499969482422,17757
2026-07-22 15:45:00+00:00,93.23500061035156,93.23500061035156,93.20500183105469,93.20989990234375,12966
2026-07-22 15:50:00+00:00,93.21499633789062,93.2396011352539,93.21499633789062,93.23500061035156,34408
2026-07-22 15:55:00+00:00,93.20549774169922,93.21849822998047,93.19999694824219,93.20999908447266,22262
2026-07-22 16:00:00+00:00,93.20500183105469,93.22000122070312,93.19999694824219,93.20500183105469,29389
2026-07-22 16:05:00+00:00,93.20500183105469,93.20580291748047,93.19999694824219,93.20010375976562,12280
2026-07-22 16:10:00+00:00,93.18499755859375,93.20649719238281,93.18000030517578,93.20010375976562,144612
2026-07-22 16:15:00+00:00,93.17500305175781,93.18009948730469,93.16999816894531,93.18009948730469,15183
2026-07-22 16:20:00+00:00,93.16500091552734,93.1697006225586,93.16000366210938,93.16000366210938,11943
2026-07-22 16:25:00+00:00,93.15499877929688,93.16500091552734,93.13999938964844,93.16500091552734,28435
2026-07-22 16:30:00+00:00,93.16500091552734,93.1677017211914,93.15440368652344,93.15499877929688,11275
2026-07-22 16:35:00+00:00,93.17160034179688,93.17459869384766,93.16000366210938,93.16500091552734,8643
2026-07-22 16:40:00+00:00,93.1801986694336,93.19000244140625,93.17009735107422,93.17240142822266,32027
2026-07-22 16:45:00+00:00,93.18560028076172,93.18560028076172,93.16999816894531,93.18000030517578,16466
2026-07-22 16:50:00+00:00,93.19239807128906,93.19999694824219,93.19000244140625,93.1978988647461,7718
2026-07-22 16:55:00+00:00,93.18499755859375,93.19499969482422,93.18009948730469,93.19499969482422,25119
2026-07-22 17:00:00+00:00,93.18499755859375,93.20989990234375,93.18000030517578,93.18499755859375,79652
2026-07-22 17:05:00+00:00,93.15499877929688,93.18000030517578,93.15080261230469,93.18000030517578,6281
2026-07-22 17:10:00+00:00,93.16000366210938,93.16999816894531,93.1500015258789,93.15499877929688,10093
2026-07-22 17:15:00+00:00,93.15499877929688,93.16629791259766,93.1500015258789,93.15840148925781,18173
2026-07-22 17:20:00+00:00,93.1449966430664,93.15499877929688,93.13999938964844,93.1500015258789,37132
2026-07-22 17:25:00+00:00,93.15989685058594,93.16500091552734,93.1449966430664,93.1449966430664,16577
2026-07-22 17:30:00+00:00,93.15499877929688,93.16000366210938,93.1500015258789,93.15029907226562,6754
2026-07-22 17:35:00+00:00,93.13500213623047,93.15010070800781,93.13009643554688,93.15010070800781,33047
2026-07-22 17:40:00+00:00,93.15499877929688,93.15499877929688,93.12999725341797,93.13500213623047,20555
2026-07-22 17:45:00+00:00,93.15499877929688,93.16000366210938,93.1500015258789,93.15029907226562,99114
2026-07-22 17:50:00+00:00,93.15499877929688,93.16000366210938,93.1500015258789,93.15499877929688,15985
2026-07-22 17:55:00+00:00,93.1449966430664,93.1500015258789,93.13999938964844,93.1500015258789,23051
2026-07-22 18:00:00+00:00,93.13999938964844,93.1500015258789,93.12999725341797,93.13999938964844,31488
2026-07-22 18:05:00+00:00,93.13999938964844,93.14990234375,93.1343994140625,93.1449966430664,12659
2026-07-22 18:10:00+00:00,93.1449966430664,93.1449966430664,93.13500213623047,93.13500213623047,6254
2026-07-22 18:15:00+00:00,93.1404037475586,93.1500015258789,93.13999938964844,93.1449966430664,28486
2026-07-22 18:20:00+00:00,93.14990234375,93.1500015258789,93.13999938964844,93.1449966430664,8732
2026-07-22 18:25:00+00:00,93.1520004272461,93.15499877929688,93.1449966430664,93.1449966430664,10171
2026-07-22 18:30:00+00:00,93.15989685058594,93.15989685058594,93.13999938964844,93.15499877929688,21257
2026-07-22 18:35:00+00:00,93.15989685058594,93.16000366210938,93.15190124511719,93.15190124511719,36687
2026-07-22 18:40:00+00:00,93.1500015258789,93.15769958496094,93.1500015258789,93.1520004272461,20510
2026-07-22 18:45:00+00:00,93.15499877929688,93.15989685058594,93.1500015258789,93.1500015258789,21862
2026-07-22 18:50:00+00:00,93.16000366210938,93.16000366210938,93.1500015258789,93.15499877929688,28844
2026-07-22 18:55:00+00:00,93.13999938964844,93.15499877929688,93.13999938964844,93.15499877929688,88480
2026-07-22 19:00:00+00:00,93.13369750976562,93.13809967041016,93.125,93.13009643554688,36693
2026-07-22 19:05:00+00:00,93.125,93.13970184326172,93.12000274658203,93.12999725341797,18214
2026-07-22 19:10:00+00:00,93.1050033569336,93.12999725341797,93.1050033569336,93.125,34832
2026-07-22 19:15:00+00:00,93.09500122070312,93.10009765625,93.08999633789062,93.0999984741211,46533
2026-07-22 19:20:00+00:00,93.08499908447266,93.0999984741211,93.08499908447266,93.09010314941406,47446
2026-07-22 19:25:00+00:00,93.09500122070312,93.1050033569336,93.08000183105469,93.08499908447266,77891
2026-07-22 19:30:00+00:00,93.08999633789062,93.0999984741211,93.08000183105469,93.08999633789062,40767
2026-07-22 19:35:00+00:00,93.09500122070312,93.0999984741211,93.08999633789062,93.08999633789062,25071
2026-07-22 19:40:00+00:00,93.08499908447266,93.0999984741211,93.08000183105469,93.09500122070312,108292
2026-07-22 19:45:00+00:00,93.0999984741211,93.0999984741211,93.08499908447266,93.08499908447266,65384
2026-07-22 19:50:00+00:00,93.09500122070312,93.10749816894531,93.08999633789062,93.0999984741211,132065
2026-07-22 19:55:00+00:00,93.09500122070312,93.11000061035156,93.08999633789062,93.09500122070312,251911
2026-07-23 13:30:00+00:00,92.84500122070312,92.84500122070312,92.80000305175781,92.80999755859375,165877
2026-07-23 13:35:00+00:00,92.82499694824219,92.84809875488281,92.81999969482422,92.84500122070312,43550
2026-07-23 13:40:00+00:00,92.80999755859375,92.83000183105469,92.80999755859375,92.82949829101562,54096
2026-07-23 13:45:00+00:00,92.8240966796875,92.82980346679688,92.80999755859375,92.80999755859375,34656
2026-07-23 13:50:00+00:00,92.82499694824219,92.84989929199219,92.80999755859375,92.82499694824219,168983
2026-07-23 13:55:00+00:00,92.80500030517578,92.84750366210938,92.80000305175781,92.82890319824219,60968
2026-07-23 14:00:00+00:00,92.79000091552734,92.81999969482422,92.78500366210938,92.80500030517578,58319
2026-07-23 14:05:00+00:00,92.7750015258789,92.80999755859375,92.76190185546875,92.79000091552734,47421
2026-07-23 14:10:00+00:00,92.81500244140625,92.81999969482422,92.77999877929688,92.77999877929688,146297
2026-07-23 14:15:00+00:00,92.81749725341797,92.83999633789062,92.80180358886719,92.81500244140625,130906
2026-07-23 14:20:00+00:00,92.81500244140625,92.81999969482422,92.80010223388672,92.80999755859375,33884
2026-07-23 14:25:00+00:00,92.80999755859375,92.82749938964844,92.80979919433594,92.80999755859375,55478
2026-07-23 14:30:00+00:00,92.80500030517578,92.81999969482422,92.79010009765625,92.80500030517578,461345
2026-07-23 14:35:00+00:00,92.82990264892578,92.83000183105469,92.79000091552734,92.80829620361328,44613
2026-07-23 14:40:00+00:00,92.81749725341797,92.83999633789062,92.80999755859375,92.8218994140625,30190
2026-07-23 14:45:00+00:00,92.79000091552734,92.81999969482422,92.78500366210938,92.81999969482422,19464
2026-07-23 14:50:00+00:00,92.79000091552734,92.79000091552734,92.76499938964844,92.79000091552734,66094
2026-07-23 14:55:00+00:00,92.79000091552734,92.79499816894531,92.7750015258789,92.78500366210938,24861
2026-07-23 15:00:00+00:00,92.80030059814453,92.80500030517578,92.78170013427734,92.79979705810547,22728
2026-07-23 15:05:00+00:00,92.79180145263672,92.81500244140625,92.79000091552734,92.80400085449219,183813
2026-07-23 15:10:00+00:00,92.80999755859375,92.80999755859375,92.80000305175781,92.80000305175781,47826
2026-07-23 15:15:00+00:00,92.80989837646484,92.80999755859375,92.80500030517578,92.80500030517578,24144
2026-07-23 15:20:00+00:00,92.79499816894531,92.83000183105469,92.77999877929688,92.80470275878906,256520
2026-07-23 15:25:00+00:00,92.81999969482422,92.82990264892578,92.79000091552734,92.79499816894531,71914
2026-07-23 15:30:00+00:00,92.79419708251953,92.80999755859375,92.78500366210938,92.80999755859375,63538
2026-07-23 15:35:00+00:00,92.82499694824219,92.83000183105469,92.80000305175781,92.80000305175781,23778
2026-07-23 15:40:00+00:00,92.84329986572266,92.8572006225586,92.81999969482422,92.81999969482422,114071
2026-07-23 15:45:00+00:00,92.84500122070312,92.85870361328125,92.83999633789062,92.8499984741211,26878
2026-07-23 15:50:00+00:00,92.8499984741211,92.8499984741211,92.83499908447266,92.84500122070312,27873
2026-07-23 15:55:00+00:00,92.86499786376953,92.86650085449219,92.8499984741211,92.85980224609375,42591
2026-07-23 16:00:00+00:00,92.86499786376953,92.8759994506836,92.86170196533203,92.87000274658203,20197
2026-07-23 16:05:00+00:00,92.8550033569336,92.8550033569336,92.84010314941406,92.8499984741211,69860
2026-07-23 16:10:00+00:00,92.87000274658203,92.87000274658203,92.8499984741211,92.8499984741211,67159
2026-07-23 16:15:00+00:00,92.83499908447266,92.87000274658203,92.83499908447266,92.86499786376953,109669
2026-07-23 16:20:00+00:00,92.86499786376953,92.87000274658203,92.83499908447266,92.83499908447266,29019
2026-07-23 16:25:00+00:00,92.87999725341797,92.87999725341797,92.86499786376953,92.86499786376953,65474
2026-07-23 16:30:00+00:00,92.88500213623047,92.9000015258789,92.88009643554688,92.88500213623047,30273
2026-07-23 16:35:00+00:00,92.88999938964844,92.89640045166016,92.87999725341797,92.88500213623047,79690
2026-07-23 16:40:00+00:00,92.9000015258789,92.9000015258789,92.88500213623047,92.88639831542969,11247
2026-07-23 16:45:00+00:00,92.88500213623047,92.9000015258789,92.87999725341797,92.8949966430664,17717
2026-07-23 16:50:00+00:00,92.88500213623047,92.88999938964844,92.87999725341797,92.88590240478516,29425
2026-07-23 16:55:00+00:00,92.8949966430664,92.8949966430664,92.875,92.88009643554688,19096
2026-07-23 17:00:00+00:00,92.8550033569336,92.9000015258789,92.84500122070312,92.8949966430664,52300
2026-07-23 17:05:00+00:00,92.8499984741211,92.85990142822266,92.84500122070312,92.8550033569336,30670
2026-07-23 17:10:00+00:00,92.8550033569336,92.85820007324219,92.8499984741211,92.8550033569336,4111
2026-07-23 17:15:00+00:00,92.86000061035156,92.86000061035156,92.8499984741211,92.8499984741211,37663
2026-07-23 17:20:00+00:00,92.87000274658203,92.87000274658203,92.85970306396484,92.86000061035156,12952
2026-07-23 17:25:00+00:00,92.87000274658203,92.87000274658203,92.86000061035156,92.87000274658203,18651
2026-07-23 17:30:00+00:00,92.83499908447266,92.87000274658203,92.83499908447266,92.86499786376953,25163
2026-07-23 17:35:00+00:00,92.8499984741211,92.8499984741211,92.83000183105469,92.83999633789062,22246
2026-07-23 17:40:00+00:00,92.84359741210938,92.8550033569336,92.84359741210938,92.8550033569336,12904
2026-07-23 17:45:00+00:00,92.84500122070312,92.84660339355469,92.83499908447266,92.84010314941406,22764
2026-07-23 17:50:00+00:00,92.83499908447266,92.8499984741211,92.8323974609375,92.84500122070312,18102
2026-07-23 17:55:00+00:00,92.81169891357422,92.83499908447266,92.80999755859375,92.83190155029297,28738
2026-07-23 18:00:00+00:00,92.81999969482422,92.82839965820312,92.81500244140625,92.81500244140625,11633
2026-07-23 18:05:00+00:00,92.82499694824219,92.83000183105469,92.81999969482422,92.81999969482422,13940
2026-07-23 18:10:00+00:00,92.83499908447266,92.83820343017578,92.81999969482422,92.82599639892578,29095
2026-07-23 18:15:00+00:00,92.86000061035156,92.86000061035156,92.8323974609375,92.83499908447266,25346
2026-07-23 18:20:00+00:00,92.84500122070312,92.86000061035156,92.84010314941406,92.8550033569336,20198
2026-07-23 18:25:00+00:00,92.86499786376953,92.86499786376953,92.84500122070312,92.84500122070312,26194
2026-07-23 18:30:00+00:00,92.8550033569336,92.8865966796875,92.8550033569336,92.86499786376953,41469
2026-07-23 18:35:00+00:00,92.8550033569336,92.86000061035156,92.8501968383789,92.85800170898438,14141
2026-07-23 18:40:00+00:00,92.83499908447266,92.8550033569336,92.8301010131836,92.8550033569336,18009
2026-07-23 18:45:00+00:00,92.83499908447266,92.83999633789062,92.83499908447266,92.83999633789062,18181
2026-07-23 18:50:00+00:00,92.82499694824219,92.83499908447266,92.81999969482422,92.83499908447266,35861
2026-07-23 18:55:00+00:00,92.83499908447266,92.83999633789062,92.81999969482422,92.82499694824219,66596
2026-07-23 19:00:00+00:00,92.845703125,92.8550033569336,92.83999633789062,92.83999633789062,105279
2026-07-23 19:05:00+00:00,92.83560180664062,92.84989929199219,92.83499908447266,92.84500122070312,19085
2026-07-23 19:10:00+00:00,92.84500122070312,92.8499984741211,92.83499908447266,92.83499908447266,26938
2026-07-23 19:15:00+00:00,92.83499908447266,92.84839630126953,92.83499908447266,92.84500122070312,35394
2026-07-23 19:20:00+00:00,92.83000183105469,92.83789825439453,92.81999969482422,92.83789825439453,34956
2026-07-23 19:25:00+00:00,92.84500122070312,92.84989929199219,92.82499694824219,92.82499694824219,34186
2026-07-23 19:30:00+00:00,92.86000061035156,92.87999725341797,92.84950256347656,92.84950256347656,56814
2026-07-23 19:35:00+00:00,92.8499984741211,92.86000061035156,92.8499984741211,92.8499984741211,44356
2026-07-23 19:40:00+00:00,92.8550033569336,92.86000061035156,92.8499984741211,92.8550033569336,36303
2026-07-23 19:45:00+00:00,92.84500122070312,92.8550033569336,92.83999633789062,92.8550033569336,41829
2026-07-23 19:50:00+00:00,92.8499984741211,92.8499984741211,92.83999633789062,92.83999633789062,99330
2026-07-23 19:55:00+00:00,92.8550033569336,92.87000274658203,92.84500122070312,92.84500122070312,452236
2026-07-24 13:30:00+00:00,92.98500061035156,92.98500061035156,92.97000122070312,92.97000122070312,85210
2026-07-24 13:35:00+00:00,92.98500061035156,92.99500274658203,92.97000122070312,92.98500061035156,32617
2026-07-24 13:40:00+00:00,92.9800033569336,92.99500274658203,92.9800033569336,92.98999786376953,8295
2026-07-24 13:45:00+00:00,93.02189636230469,93.03500366210938,92.94000244140625,92.98500061035156,399529
2026-07-24 13:50:00+00:00,93.02999877929688,93.02999877929688,93.0,93.0250015258789,15357
2026-07-24 13:55:00+00:00,93.08999633789062,93.08999633789062,93.04000091552734,93.04000091552734,35797
2026-07-24 14:00:00+00:00,93.1050033569336,93.11000061035156,93.08999633789062,93.08999633789062,42016
2026-07-24 14:05:00+00:00,93.08499908447266,93.10679626464844,93.0801010131836,93.0999984741211,27060
2026-07-24 14:10:00+00:00,93.08999633789062,93.09649658203125,93.08000183105469,93.08499908447266,90536
2026-07-24 14:15:00+00:00,93.10900115966797,93.11000061035156,93.09500122070312,93.0999984741211,37470
2026-07-24 14:20:00+00:00,93.1050033569336,93.10990142822266,93.09500122070312,93.1050033569336,57415
2026-07-24 14:25:00+00:00,93.11499786376953,93.12200164794922,93.10009765625,93.1050033569336,25646
2026-07-24 14:30:00+00:00,93.10980224609375,93.11029815673828,93.10009765625,93.11000061035156,17437
2026-07-24 14:35:00+00:00,93.09500122070312,93.12000274658203,93.09500122070312,93.11000061035156,30546
2026-07-24 14:40:00+00:00,93.09500122070312,93.11849975585938,93.08999633789062,93.09750366210938,36400
2026-07-24 14:45:00+00:00,93.11000061035156,93.11000061035156,93.09010314941406,93.09500122070312,26313
2026-07-24 14:50:00+00:00,93.08000183105469,93.1050033569336,93.07499694824219,93.1050033569336,134558
2026-07-24 14:55:00+00:00,93.05999755859375,93.0875015258789,93.05180358886719,93.08000183105469,17941
2026-07-24 15:00:00+00:00,93.06999969482422,93.07749938964844,93.05500030517578,93.05999755859375,26583
2026-07-24 15:05:00+00:00,93.08000183105469,93.08999633789062,93.06999969482422,93.06999969482422,66006
2026-07-24 15:10:00+00:00,93.16999816894531,93.16999816894531,93.08000183105469,93.08499908447266,123499
2026-07-24 15:15:00+00:00,93.16000366210938,93.20999908447266,93.15499877929688,93.16000366210938,265358
2026-07-24 15:20:00+00:00,93.18000030517578,93.19750213623047,93.16000366210938,93.16000366210938,16103
2026-07-24 15:25:00+00:00,93.19000244140625,93.19999694824219,93.17500305175781,93.18000030517578,34176
2026-07-24 15:30:00+00:00,93.19499969482422,93.19999694824219,93.19000244140625,93.19000244140625,11755
2026-07-24 15:35:00+00:00,93.20999908447266,93.20999908447266,93.18499755859375,93.19499969482422,47348
2026-07-24 15:40:00+00:00,93.18499755859375,93.21749877929688,93.17500305175781,93.20999908447266,40629
2026-07-24 15:45:00+00:00,93.17500305175781,93.19000244140625,93.17009735107422,93.18499755859375,30608
2026-07-24 15:50:00+00:00,93.18499755859375,93.18499755859375,93.17009735107422,93.18000030517578,27640
2026-07-24 15:55:00+00:00,93.17500305175781,93.1875,93.16500091552734,93.1875,26235
2026-07-24 16:00:00+00:00,93.18000030517578,93.18000030517578,93.16290283203125,93.17500305175781,33230
2026-07-24 16:05:00+00:00,93.18000030517578,93.19000244140625,93.17009735107422,93.18000030517578,41271
2026-07-24 16:10:00+00:00,93.1875,93.19000244140625,93.18000030517578,93.18000030517578,35758
2026-07-24 16:15:00+00:00,93.18499755859375,93.19999694824219,93.18499755859375,93.19000244140625,18656
2026-07-24 16:20:00+00:00,93.17500305175781,93.1875,93.16999816894531,93.18499755859375,13449
2026-07-24 16:25:00+00:00,93.18000030517578,93.19000244140625,93.16000366210938,93.17500305175781,26127
2026-07-24 16:30:00+00:00,93.16000366210938,93.18000030517578,93.15499877929688,93.18000030517578,67495
2026-07-24 16:35:00+00:00,93.13500213623047,93.16000366210938,93.12999725341797,93.16000366210938,26019
2026-07-24 16:40:00+00:00,93.13500213623047,93.13999938964844,93.12999725341797,93.13500213623047,47719
2026-07-24 16:45:00+00:00,93.13500213623047,93.1449966430664,93.125,93.13500213623047,24929
2026-07-24 16:50:00+00:00,93.12999725341797,93.13749694824219,93.12000274658203,93.13030242919922,29314
2026-07-24 16:55:00+00:00,93.12000274658203,93.13999938964844,93.12000274658203,93.12999725341797,15230
2026-07-24 17:00:00+00:00,93.125,93.12999725341797,93.11499786376953,93.125,13288
2026-07-24 17:05:00+00:00,93.1050033569336,93.12750244140625,93.0999984741211,93.125,60315
2026-07-24 17:10:00+00:00,93.1050033569336,93.11000061035156,93.0999984741211,93.10749816894531,71712
2026-07-24 17:15:00+00:00,93.08000183105469,93.10749816894531,93.06999969482422,93.1050033569336,37734
2026-07-24 17:20:00+00:00,93.0697021484375,93.08000183105469,93.05999755859375,93.06999969482422,20411
2026-07-24 17:25:00+00:00,93.06500244140625,93.08000183105469,93.05999755859375,93.06999969482422,26275
2026-07-24 17:30:00+00:00,93.03500366210938,93.06999969482422,93.03500366210938,93.06500244140625,34988
2026-07-24 17:35:00+00:00,93.03500366210938,93.04000091552734,93.02999877929688,93.03500366210938,15229
2026-07-24 17:40:00+00:00,93.0374984741211,93.04000091552734,93.02999877929688,93.04000091552734,23350
2026-07-24 17:45:00+00:00,93.05000305175781,93.05000305175781,93.02999877929688,93.0374984741211,71859
2026-07-24 17:50:00+00:00,93.02749633789062,93.05000305175781,93.0199966430664,93.05000305175781,46732
2026-07-24 17:55:00+00:00,93.04499816894531,93.05000305175781,93.0250015258789,93.0250015258789,35584
2026-07-24 18:00:00+00:00,93.05000305175781,93.05000305175781,93.03160095214844,93.05000305175781,22992
2026-07-24 18:05:00+00:00,93.05000305175781,93.05999755859375,93.04190063476562,93.05010223388672,29460
2026-07-24 18:10:00+00:00,93.04499816894531,93.05999755859375,93.0416030883789,93.04820251464844,31711
2026-07-24 18:15:00+00:00,93.05750274658203,93.05999755859375,93.04190063476562,93.05000305175781,31010
2026-07-24 18:20:00+00:00,93.05500030517578,93.05999755859375,93.04499816894531,93.05500030517578,150151
2026-07-24 18:25:00+00:00,93.04499816894531,93.05999755859375,93.04000091552734,93.05509948730469,19207
2026-07-24 18:30:00+00:00,93.0199966430664,93.05000305175781,93.0199966430664,93.04750061035156,31268
2026-07-24 18:35:00+00:00,93.0250015258789,93.02999877929688,93.0199966430664,93.0250015258789,30854
2026-07-24 18:40:00+00:00,93.0250015258789,93.02999877929688,93.0199966430664,93.0250015258789,26428
2026-07-24 18:45:00+00:00,93.0199966430664,93.02999877929688,93.01000213623047,93.0250015258789,42113
2026-07-24 18:50:00+00:00,93.0250015258789,93.04000091552734,93.0199966430664,93.0199966430664,333541
2026-07-24 18:55:00+00:00,93.04000091552734,93.04000091552734,93.0199966430664,93.0250015258789,90026
2026-07-24 19:00:00+00:00,93.05999755859375,93.05999755859375,93.04000091552734,93.04000091552734,49902
2026-07-24 19:05:00+00:00,93.05999755859375,93.05999755859375,93.05000305175781,93.05500030517578,26418
2026-07-24 19:10:00+00:00,93.05999755859375,93.05999755859375,93.05000305175781,93.05500030517578,39032
2026-07-24 19:15:00+00:00,93.05500030517578,93.05999755859375,93.05000305175781,93.05999755859375,33279
2026-07-24 19:20:00+00:00,93.05500030517578,93.05999755859375,93.05000305175781,93.05500030517578,40322
2026-07-24 19:25:00+00:00,93.04499816894531,93.05999755859375,93.04000091552734,93.05500030517578,54681
2026-07-24 19:30:00+00:00,93.03500366210938,93.05000305175781,93.0199966430664,93.04660034179688,96782
2026-07-24 19:35:00+00:00,93.05999755859375,93.05999755859375,93.03500366210938,93.03500366210938,47639
2026-07-24 19:40:00+00:00,93.05500030517578,93.05999755859375,93.05000305175781,93.05500030517578,342368
2026-07-24 19:45:00+00:00,93.04750061035156,93.05999755859375,93.04000091552734,93.05500030517578,126168
2026-07-24 19:50:00+00:00,93.05000305175781,93.05750274658203,93.04190063476562,93.05000305175781,100740
2026-07-24 19:55:00+00:00,93.0250015258789,93.05000305175781,93.0199966430664,93.05000305175781,386826
2026-07-27 13:30:00+00:00,93.19000244140625,93.22000122070312,93.18499755859375,93.20500183105469,166731
2026-07-27 13:35:00+00:00,93.23999786376953,93.24430084228516,93.20500183105469,93.20500183105469,48696
2026-07-27 13:40:00+00:00,93.23999786376953,93.25,93.23999786376953,93.24500274658203,24039
2026-07-27 13:45:00+00:00,93.23500061035156,93.24929809570312,93.23159790039062,93.2405014038086,56279
2026-07-27 13:50:00+00:00,93.19999694824219,93.23999786376953,93.19180297851562,93.23989868164062,40583
2026-07-27 13:55:00+00:00,93.1500015258789,93.20989990234375,93.1500015258789,93.20989990234375,21215
2026-07-27 14:00:00+00:00,93.19999694824219,93.20500183105469,93.13500213623047,93.13500213623047,27091
2026-07-27 14:05:00+00:00,93.21499633789062,93.21499633789062,93.19999694824219,93.19999694824219,6496
2026-07-27 14:10:00+00:00,93.2300033569336,93.23819732666016,93.21499633789062,93.21499633789062,37023
2026-07-27 14:15:00+00:00,93.2249984741211,93.23999786376953,93.22000122070312,93.23500061035156,16142
2026-07-27 14:20:00+00:00,93.2249984741211,93.2249984741211,93.20999908447266,93.2249984741211,13595
2026-07-27 14:25:00+00:00,93.18000030517578,93.22000122070312,93.18000030517578,93.22000122070312,23264
2026-07-27 14:30:00+00:00,93.19499969482422,93.19499969482422,93.18000030517578,93.18000030517578,95799
2026-07-27 14:35:00+00:00,93.22000122070312,93.22000122070312,93.18499755859375,93.19499969482422,24535
2026-07-27 14:40:00+00:00,93.20999908447266,93.22989654541016,93.20500183105469,93.22989654541016,20585
2026-07-27 14:45:00+00:00,93.19999694824219,93.21499633789062,93.19999694824219,93.20999908447266,16306
2026-07-27 14:50:00+00:00,93.17990112304688,93.19989776611328,93.16999816894531,93.19989776611328,28941
2026-07-27 14:55:00+00:00,93.18000030517578,93.181396484375,93.15499877929688,93.16999816894531,58798
2026-07-27 15:00:00+00:00,93.19499969482422,93.19499969482422,93.16999816894531,93.18000030517578,8464
2026-07-27 15:05:00+00:00,93.19000244140625,93.19499969482422,93.18000030517578,93.19499969482422,13621
2026-07-27 15:10:00+00:00,93.20960235595703,93.20999908447266,93.18499755859375,93.18499755859375,28577
2026-07-27 15:15:00+00:00,93.25499725341797,93.25499725341797,93.20999908447266,93.20999908447266,26375
2026-07-27 15:20:00+00:00,93.28500366210938,93.29000091552734,93.26000213623047,93.26499938964844,24511
2026-07-27 15:25:00+00:00,93.2780990600586,93.29000091552734,93.2748031616211,93.28500366210938,21940
2026-07-27 15:30:00+00:00,93.26499938964844,93.29000091552734,93.26010131835938,93.2750015258789,129642
2026-07-27 15:35:00+00:00,93.26499938964844,93.2750015258789,93.26020050048828,93.26499938964844,38822
2026-07-27 15:40:00+00:00,93.2750015258789,93.2750015258789,93.26499938964844,93.2698974609375,20772
2026-07-27 15:45:00+00:00,93.2750015258789,93.28500366210938,93.2699966430664,93.27999877929688,31996
2026-07-27 15:50:00+00:00,93.2750015258789,93.27999877929688,93.2699966430664,93.2750015258789,15802
2026-07-27 15:55:00+00:00,93.260498046875,93.27940368652344,93.260498046875,93.2750015258789,28311
2026-07-27 16:00:00+00:00,93.2750015258789,93.28500366210938,93.26499938964844,93.26499938964844,13721
2026-07-27 16:05:00+00:00,93.26499938964844,93.27999877929688,93.26499938964844,93.27999877929688,13935
2026-07-27 16:10:00+00:00,93.24500274658203,93.26499938964844,93.24199676513672,93.26499938964844,20843
2026-07-27 16:15:00+00:00,93.2665023803711,93.26969909667969,93.25,93.25,29849
2026-07-27 16:20:00+00:00,93.28009796142578,93.29499816894531,93.26499938964844,93.26499938964844,34400
2026-07-27 16:25:00+00:00,93.31999969482422,93.32499694824219,93.28500366210938,93.29000091552734,60783
2026-07-27 16:30:00+00:00,93.33499908447266,93.33499908447266,93.30999755859375,93.31500244140625,19180
2026-07-27 16:35:00+00:00,93.33999633789062,93.3499984741211,93.33499908447266,93.33999633789062,12158
2026-07-27 16:40:00+00:00,93.32499694824219,93.33999633789062,93.31999969482422,93.33499908447266,71683
2026-07-27 16:45:00+00:00,93.29499816894531,93.33000183105469,93.29499816894531,93.31999969482422,28527
2026-07-27 16:50:00+00:00,93.29000091552734,93.29499816894531,93.28140258789062,93.29000091552734,22355
2026-07-27 16:55:00+00:00,93.2750015258789,93.29000091552734,93.26499938964844,93.29000091552734,17642
2026-07-27 17:00:00+00:00,93.25749969482422,93.28500366210938,93.23999786376953,93.2760009765625,98950
2026-07-27 17:05:00+00:00,93.25019836425781,93.26000213623047,93.24230194091797,93.26000213623047,24145
2026-07-27 17:10:00+00:00,93.25499725341797,93.25499725341797,93.25,93.25,15857
2026-07-27 17:15:00+00:00,93.25499725341797,93.26499938964844,93.25,93.25499725341797,76226
2026-07-27 17:20:00+00:00,93.24639892578125,93.25499725341797,93.23999786376953,93.25,17965
2026-07-27 17:25:00+00:00,93.25499725341797,93.26000213623047,93.24019622802734,93.24500274658203,43197
2026-07-27 17:30:00+00:00,93.27169799804688,93.27510070800781,93.2500991821289,93.25199890136719,9920
2026-07-27 17:35:00+00:00,93.24009704589844,93.2750015258789,93.23999786376953,93.2699966430664,18867
2026-07-27 17:40:00+00:00,93.23999786376953,93.23999786376953,93.2300033569336,93.2301025390625,18093
2026-07-27 17:45:00+00:00,93.23500061035156,93.23500061035156,93.22000122070312,93.23030090332031,270784
2026-07-27 17:50:00+00:00,93.24500274658203,93.24500274658203,93.2301025390625,93.23500061035156,8105
2026-07-27 17:55:00+00:00,93.25,93.26000213623047,93.23999786376953,93.24500274658203,105247
2026-07-27 18:00:00+00:00,93.26000213623047,93.26000213623047,93.25,93.25499725341797,8578
2026-07-27 18:05:00+00:00,93.26439666748047,93.2698974609375,93.25499725341797,93.25990295410156,18951
2026-07-27 18:10:00+00:00,93.27629852294922,93.27629852294922,93.26010131835938,93.26499938964844,22084
2026-07-27 18:15:00+00:00,93.26809692382812,93.27649688720703,93.26010131835938,93.2750015258789,25586
2026-07-27 18:20:00+00:00,93.25499725341797,93.26499938964844,93.25499725341797,93.26499938964844,15761
2026-07-27 18:25:00+00:00,93.26499938964844,93.26499938964844,93.2500991821289,93.25980377197266,17111
2026-07-27 18:30:00+00:00,93.26000213623047,93.2699966430664,93.26000213623047,93.26499938964844,14301
2026-07-27 18:35:00+00:00,93.25499725341797,93.2698974609375,93.25,93.25499725341797,19589
2026-07-27 18:40:00+00:00,93.2750015258789,93.30000305175781,93.25,93.25,385917
2026-07-27 18:45:00+00:00,93.27179718017578,93.28990173339844,93.2699966430664,93.27999877929688,17528
2026-07-27 18:50:00+00:00,93.27999877929688,93.27999877929688,93.2699966430664,93.27010345458984,11881
2026-07-27 18:55:00+00:00,93.29499816894531,93.30000305175781,93.27999877929688,93.27999877929688,21240
2026-07-27 19:00:00+00:00,93.28500366210938,93.29499816894531,93.28009796142578,93.29499816894531,29742
2026-07-27 19:05:00+00:00,93.2750015258789,93.28600311279297,93.2699966430664,93.28500366210938,20483
2026-07-27 19:10:00+00:00,93.2750015258789,93.27999877929688,93.2699966430664,93.2750015258789,22237
2026-07-27 19:15:00+00:00,93.25499725341797,93.27790069580078,93.25,93.27040100097656,29442
2026-07-27 19:20:00+00:00,93.26499938964844,93.26499938964844,93.25,93.25499725341797,95851
2026-07-27 19:25:00+00:00,93.26499938964844,93.2699966430664,93.26000213623047,93.26499938964844,42250
2026-07-27 19:30:00+00:00,93.2750015258789,93.27999877929688,93.26499938964844,93.26499938964844,40339
2026-07-27 19:35:00+00:00,93.2750015258789,93.27999877929688,93.26000213623047,93.27999877929688,256326
2026-07-27 19:40:00+00:00,93.29000091552734,93.29000091552734,93.27220153808594,93.27999877929688,34417
2026-07-27 19:45:00+00:00,93.29499816894531,93.30000305175781,93.29000091552734,93.29000091552734,22807
2026-07-27 19:50:00+00:00,93.30500030517578,93.30999755859375,93.29000091552734,93.30000305175781,68400
2026-07-27 19:55:00+00:00,93.26000213623047,93.30999755859375,93.26000213623047,93.30500030517578,208467
2026-07-28 13:30:00+00:00,93.38999938964844,93.3949966430664,93.37000274658203,93.37999725341797,103943
2026-07-28 13:35:00+00:00,93.375,93.39990234375,93.37010192871094,93.3949966430664,24895
2026-07-28 13:40:00+00:00,93.40499877929688,93.40499877929688,93.375,93.375,29935
2026-07-28 13:45:00+00:00,93.40499877929688,93.40799713134766,93.3949966430664,93.40499877929688,38992
2026-07-28 13:50:00+00:00,93.45500183105469,93.4749984741211,93.41000366210938,93.41000366210938,46807
2026-07-28 13:55:00+00:00,93.45010375976562,93.46499633789062,93.44999694824219,93.45999908447266,62620
2026-07-28 14:00:00+00:00,93.44499969482422,93.46499633789062,93.44000244140625,93.4614028930664,48208
2026-07-28 14:05:00+00:00,93.47000122070312,93.4749984741211,93.44999694824219,93.44999694824219,28499
2026-07-28 14:10:00+00:00,93.4749984741211,93.4749984741211,93.45210266113281,93.46440124511719,7955
2026-07-28 14:15:00+00:00,93.48989868164062,93.49009704589844,93.47350311279297,93.4800033569336,90009
2026-07-28 14:20:00+00:00,93.45999908447266,93.48799896240234,93.45999908447266,93.48500061035156,45425
2026-07-28 14:25:00+00:00,93.44940185546875,93.47000122070312,93.44020080566406,93.46499633789062,41436
2026-07-28 14:30:00+00:00,93.4749984741211,93.4749984741211,93.44499969482422,93.44999694824219,47791
2026-07-28 14:35:00+00:00,93.46649932861328,93.47000122070312,93.45999908447266,93.47000122070312,30496
2026-07-28 14:40:00+00:00,93.46499633789062,93.46589660644531,93.45179748535156,93.45999908447266,20619
2026-07-28 14:45:00+00:00,93.45999908447266,93.4656982421875,93.44999694824219,93.46499633789062,19001
2026-07-28 14:50:00+00:00,93.45500183105469,93.45500183105469,93.44010162353516,93.45020294189453,21780
2026-07-28 14:55:00+00:00,93.45159912109375,93.45999908447266,93.44999694824219,93.45999908447266,11469
2026-07-28 15:00:00+00:00,93.4749984741211,93.4749984741211,93.45960235595703,93.45999908447266,20173
2026-07-28 15:05:00+00:00,93.48999786376953,93.48999786376953,93.46009826660156,93.46790313720703,28205
2026-07-28 15:10:00+00:00,93.56999969482422,93.56999969482422,93.49500274658203,93.5,141844
2026-07-28 15:15:00+00:00,93.61499786376953,93.62000274658203,93.56009674072266,93.56999969482422,59754
2026-07-28 15:20:00+00:00,93.58499908447266,93.63500213623047,93.58000183105469,93.62999725341797,28477
2026-07-28 15:25:00+00:00,93.61209869384766,93.61710357666016,93.58499908447266,93.5885009765625,50933
2026-07-28 15:30:00+00:00,93.61499786376953,93.62000274658203,93.5999984741211,93.61000061035156,24866
2026-07-28 15:35:00+00:00,93.61499786376953,93.625,93.59030151367188,93.6050033569336,37242
2026-07-28 15:40:00+00:00,93.61499786376953,93.625,93.6050033569336,93.61499786376953,42079
2026-07-28 15:45:00+00:00,93.61000061035156,93.62000274658203,93.61000061035156,93.61499786376953,33593
2026-07-28 15:50:00+00:00,93.62999725341797,93.62999725341797,93.61499786376953,93.61499786376953,9814
2026-07-28 15:55:00+00:00,93.6449966430664,93.64810180664062,93.62789916992188,93.63500213623047,26369
2026-07-28 16:00:00+00:00,93.62999725341797,93.6500015258789,93.62999725341797,93.6449966430664,14828
2026-07-28 16:05:00+00:00,93.625,93.62640380859375,93.62000274658203,93.62000274658203,26062
2026-07-28 16:10:00+00:00,93.64009857177734,93.64990234375,93.62010192871094,93.625,13423
2026-07-28 16:15:00+00:00,93.6500015258789,93.66000366210938,93.63999938964844,93.64219665527344,21974
2026-07-28 16:20:00+00:00,93.64990234375,93.6500015258789,93.63999938964844,93.6449966430664,11182
2026-07-28 16:25:00+00:00,93.64219665527344,93.64990234375,93.63500213623047,93.63999938964844,12182
2026-07-28 16:30:00+00:00,93.62200164794922,93.63990020751953,93.62000274658203,93.625,18573
2026-07-28 16:35:00+00:00,93.62000274658203,93.62999725341797,93.61499786376953,93.62799835205078,62369
2026-07-28 16:40:00+00:00,93.60990142822266,93.62000274658203,93.6050033569336,93.62000274658203,24093
2026-07-28 16:45:00+00:00,93.58000183105469,93.6050033569336,93.57499694824219,93.6050033569336,19492
2026-07-28 16:50:00+00:00,93.59989929199219,93.59989929199219,93.58000183105469,93.58000183105469,18403
2026-07-28 16:55:00+00:00,93.58499908447266,93.58999633789062,93.56999969482422,93.58999633789062,136355
2026-07-28 17:00:00+00:00,93.6050033569336,93.6050033569336,93.58000183105469,93.58049774169922,14971
2026-07-28 17:05:00+00:00,93.58219909667969,93.60759735107422,93.58000183105469,93.60759735107422,46103
2026-07-28 17:10:00+00:00,93.56500244140625,93.58000183105469,93.55000305175781,93.58000183105469,11249
2026-07-28 17:15:00+00:00,93.56500244140625,93.57820129394531,93.5647964477539,93.56500244140625,19790
2026-07-28 17:20:00+00:00,93.55999755859375,93.5999984741211,93.55999755859375,93.56210327148438,48225
2026-07-28 17:25:00+00:00,93.55500030517578,93.55999755859375,93.55010223388672,93.55500030517578,54491
2026-07-28 17:30:00+00:00,93.56500244140625,93.56500244140625,93.55000305175781,93.55500030517578,5926
2026-07-28 17:35:00+00:00,93.56590270996094,93.56999969482422,93.55999755859375,93.56500244140625,11363
2026-07-28 17:40:00+00:00,93.55999755859375,93.56999969482422,93.55999755859375,93.568603515625,9541
2026-07-28 17:45:00+00:00,93.56500244140625,93.56829833984375,93.55500030517578,93.55999755859375,19300
2026-07-28 17:50:00+00:00,93.55000305175781,93.56500244140625,93.55000305175781,93.56500244140625,18800
2026-07-28 17:55:00+00:00,93.55500030517578,93.55500030517578,93.54000091552734,93.54499816894531,19009
2026-07-28 18:00:00+00:00,93.55500030517578,93.55999755859375,93.54499816894531,93.5530014038086,53050
2026-07-28 18:05:00+00:00,93.55999755859375,93.55999755859375,93.55000305175781,93.55000305175781,10993
2026-07-28 18:10:00+00:00,93.55000305175781,93.55999755859375,93.55000305175781,93.55010223388672,30587
2026-07-28 18:15:00+00:00,93.54499816894531,93.55999755859375,93.54010009765625,93.55000305175781,20151
2026-07-28 18:20:00+00:00,93.54499816894531,93.55000305175781,93.54000091552734,93.54499816894531,15656
2026-07-28 18:25:00+00:00,93.54499816894531,93.55000305175781,93.54000091552734,93.54499816894531,41193
2026-07-28 18:30:00+00:00,93.54010009765625,93.54810333251953,93.54000091552734,93.54499816894531,16309
2026-07-28 18:35:00+00:00,93.54000091552734,93.55000305175781,93.54000091552734,93.54499816894531,19829
2026-07-28 18:40:00+00:00,93.54499816894531,93.55000305175781,93.54000091552734,93.55000305175781,11438
2026-07-28 18:45:00+00:00,93.53199768066406,93.54000091552734,93.52999877929688,93.54000091552734,14317
2026-07-28 18:50:00+00:00,93.53199768066406,93.54499816894531,93.53009796142578,93.53500366210938,11482
2026-07-28 18:55:00+00:00,93.53500366210938,93.53500366210938,93.53170013427734,93.53170013427734,12274
2026-07-28 19:00:00+00:00,93.54499816894531,93.55000305175781,93.53500366210938,93.53500366210938,15185
2026-07-28 19:05:00+00:00,93.55010223388672,93.55979919433594,93.54000091552734,93.54499816894531,14177
2026-07-28 19:10:00+00:00,93.55500030517578,93.55999755859375,93.5519027709961,93.55999755859375,13502
2026-07-28 19:15:00+00:00,93.56500244140625,93.56999969482422,93.55000305175781,93.55500030517578,28368
2026-07-28 19:20:00+00:00,93.55000305175781,93.56999969482422,93.55000305175781,93.56210327148438,33733
2026-07-28 19:25:00+00:00,93.54000091552734,93.55999755859375,93.54000091552734,93.55999755859375,19165
2026-07-28 19:30:00+00:00,93.54499816894531,93.54499816894531,93.52999877929688,93.54499816894531,22029
2026-07-28 19:35:00+00:00,93.53500366210938,93.54989624023438,93.53469848632812,93.54499816894531,20528
2026-07-28 19:40:00+00:00,93.54499816894531,93.55000305175781,93.52999877929688,93.53500366210938,60069
2026-07-28 19:45:00+00:00,93.55010223388672,93.55999755859375,93.54000091552734,93.54830169677734,75430
2026-07-28 19:50:00+00:00,93.55500030517578,93.55999755859375,93.55000305175781,93.55500030517578,121292
2026-07-28 19:55:00+00:00,93.55999755859375,93.55999755859375,93.55000305175781,93.55999755859375,286079
2026-07-29 13:30:00+00:00,93.38999938964844,93.40499877929688,93.38089752197266,93.4000015258789,88606
2026-07-29 13:35:00+00:00,93.41500091552734,93.41999816894531,93.38009643554688,93.38999938964844,23076
2026-07-29 13:40:00+00:00,93.3949966430664,93.41600036621094,93.3949966430664,93.41500091552734,42353
2026-07-29 13:45:00+00:00,93.40499877929688,93.41000366210938,93.38999938964844,93.3905029296875,60731
2026-07-29 13:50:00+00:00,93.41500091552734,93.41500091552734,93.39089965820312,93.4000015258789,20610
2026-07-29 13:55:00+00:00,93.40499877929688,93.41010284423828,93.3949966430664,93.41000366210938,23471
2026-07-29 14:00:00+00:00,93.40499877929688,93.41500091552734,93.3949966430664,93.40249633789062,86652
2026-07-29 14:05:00+00:00,93.3949966430664,93.41999816894531,93.3949966430664,93.4000015258789,21185
2026-07-29 14:10:00+00:00,93.38909912109375,93.3949966430664,93.37010192871094,93.38999938964844,20728
2026-07-29 14:15:00+00:00,93.38909912109375,93.38909912109375,93.37000274658203,93.38500213623047,37363
2026-07-29 14:20:00+00:00,93.38500213623047,93.38829803466797,93.37010192871094,93.38829803466797,21022
2026-07-29 14:25:00+00:00,93.38500213623047,93.3949966430664,93.37000274658203,93.38500213623047,26067
2026-07-29 14:30:00+00:00,93.37999725341797,93.37999725341797,93.36499786376953,93.37999725341797,35544
2026-07-29 14:35:00+00:00,93.36499786376953,93.37999725341797,93.36000061035156,93.37999725341797,15530
2026-07-29 14:40:00+00:00,93.32499694824219,93.36599731445312,93.31500244140625,93.36100006103516,29598
2026-07-29 14:45:00+00:00,93.30500030517578,93.32499694824219,93.30249786376953,93.32499694824219,23241
2026-07-29 14:50:00+00:00,93.29499816894531,93.31999969482422,93.29010009765625,93.30999755859375,20819
2026-07-29 14:55:00+00:00,93.28009796142578,93.30500030517578,93.28009796142578,93.29499816894531,29012
2026-07-29 15:00:00+00:00,93.29499816894531,93.29989624023438,93.28500366210938,93.29000091552734,18652
2026-07-29 15:05:00+00:00,93.33499908447266,93.33899688720703,93.29989624023438,93.30000305175781,47386
2026-07-29 15:10:00+00:00,93.33000183105469,93.34500122070312,93.31999969482422,93.33999633789062,53120
2026-07-29 15:15:00+00:00,93.30999755859375,93.33000183105469,93.30999755859375,93.33000183105469,18199
2026-07-29 15:20:00+00:00,93.31999969482422,93.31999969482422,93.30999755859375,93.31999969482422,20213
2026-07-29 15:25:00+00:00,93.30500030517578,93.31500244140625,93.30000305175781,93.31500244140625,20783
2026-07-29 15:30:00+00:00,93.30290222167969,93.31990051269531,93.30000305175781,93.30500030517578,12393
2026-07-29 15:35:00+00:00,93.28980255126953,93.30989837646484,93.28009796142578,93.30989837646484,18879
2026-07-29 15:40:00+00:00,93.26499938964844,93.28500366210938,93.25499725341797,93.28500366210938,28723
2026-07-29 15:45:00+00:00,93.2750015258789,93.27899932861328,93.26499938964844,93.26499938964844,9288
2026-07-29 15:50:00+00:00,93.2750015258789,93.27999877929688,93.27069854736328,93.2750015258789,21306
2026-07-29 15:55:00+00:00,93.25910186767578,93.2750015258789,93.25,93.2750015258789,25127
2026-07-29 16:00:00+00:00,93.25499725341797,93.26000213623047,93.25,93.26000213623047,24705
2026-07-29 16:05:00+00:00,93.24600219726562,93.25499725341797,93.23999786376953,93.25499725341797,17985
2026-07-29 16:10:00+00:00,93.23999786376953,93.24500274658203,93.22000122070312,93.24500274658203,29566
2026-07-29 16:15:00+00:00,93.19999694824219,93.2300033569336,93.19999694824219,93.2300033569336,20105
2026-07-29 16:20:00+00:00,93.2249984741211,93.23500061035156,93.20999908447266,93.20999908447266,45805
2026-07-29 16:25:00+00:00,93.2300033569336,93.2300033569336,93.22000122070312,93.2208023071289,52455
2026-07-29 16:30:00+00:00,93.23500061035156,93.24909973144531,93.2300033569336,93.2300033569336,61534
2026-07-29 16:35:00+00:00,93.23500061035156,93.23639678955078,93.2300033569336,93.23500061035156,31275
2026-07-29 16:40:00+00:00,93.23500061035156,93.23970031738281,93.2300033569336,93.23500061035156,34096
2026-07-29 16:45:00+00:00,93.23500061035156,93.23500061035156,93.22000122070312,93.2300033569336,34552
2026-07-29 16:50:00+00:00,93.23500061035156,93.23909759521484,93.2300033569336,93.23500061035156,129352
2026-07-29 16:55:00+00:00,93.23500061035156,93.23500061035156,93.22000122070312,93.23500061035156,90327
2026-07-29 17:00:00+00:00,93.23500061035156,93.24929809570312,93.2249984741211,93.23500061035156,40202
2026-07-29 17:05:00+00:00,93.24500274658203,93.24909973144531,93.2300033569336,93.23500061035156,45949
2026-07-29 17:10:00+00:00,93.24500274658203,93.2490005493164,93.23500061035156,93.24500274658203,44539
2026-07-29 17:15:00+00:00,93.24500274658203,93.25,93.23999786376953,93.24500274658203,42686
2026-07-29 17:20:00+00:00,93.24500274658203,93.25,93.23999786376953,93.24500274658203,32078
2026-07-29 17:25:00+00:00,93.25499725341797,93.25910186767578,93.23999786376953,93.24500274658203,57061
2026-07-29 17:30:00+00:00,93.26499938964844,93.2699966430664,93.25499725341797,93.25499725341797,36615
2026-07-29 17:35:00+00:00,93.26499938964844,93.2699966430664,93.25499725341797,93.2699966430664,37238
2026-07-29 17:40:00+00:00,93.30000305175781,93.3062973022461,93.26499938964844,93.26499938964844,56564
2026-07-29 17:45:00+00:00,93.30500030517578,93.30999755859375,93.29000091552734,93.30000305175781,41721
2026-07-29 17:50:00+00:00,93.32499694824219,93.33000183105469,93.30079650878906,93.30509948730469,23627
2026-07-29 17:55:00+00:00,93.31999969482422,93.3280029296875,93.31500244140625,93.32499694824219,24984
2026-07-29 18:00:00+00:00,93.4000015258789,93.47000122070312,93.29000091552734,93.31999969482422,631929
2026-07-29 18:05:00+00:00,93.3499984741211,93.41500091552734,93.31079864501953,93.40499877929688,166178
2026-07-29 18:10:00+00:00,93.36499786376953,93.36499786376953,93.31999969482422,93.3499984741211,109944
2026-07-29 18:15:00+00:00,93.32499694824219,93.38009643554688,93.31999969482422,93.37000274658203,47788
2026-07-29 18:20:00+00:00,93.2750015258789,93.30000305175781,93.2750015258789,93.30000305175781,18317
2026-07-29 18:25:00+00:00,93.34500122070312,93.3499984741211,93.29499816894531,93.29499816894531,19777
2026-07-29 18:30:00+00:00,93.29000091552734,93.375,93.25,93.3550033569336,88078
2026-07-29 18:35:00+00:00,93.40499877929688,93.40499877929688,93.2699966430664,93.30000305175781,43107
2026-07-29 18:40:00+00:00,93.43990325927734,93.45500183105469,93.3949966430664,93.39769744873047,70362
2026-07-29 18:45:00+00:00,93.5199966430664,93.52999877929688,93.43499755859375,93.43499755859375,134023
2026-07-29 18:50:00+00:00,93.5,93.5199966430664,93.47000122070312,93.5199966430664,60255
2026-07-29 18:55:00+00:00,93.46980285644531,93.5,93.45500183105469,93.5,55096
2026-07-29 19:00:00+00:00,93.41000366210938,93.51000213623047,93.4000015258789,93.47000122070312,106016
2026-07-29 19:05:00+00:00,93.30500030517578,93.43990325927734,93.30500030517578,93.41500091552734,58621
2026-07-29 19:10:00+00:00,93.33499908447266,93.36499786376953,93.30999755859375,93.30999755859375,64138
2026-07-29 19:15:00+00:00,93.3949966430664,93.41000366210938,93.33200073242188,93.33499908447266,77897
2026-07-29 19:20:00+00:00,93.25,93.3949966430664,93.23500061035156,93.38999938964844,157695
2026-07-29 19:25:00+00:00,93.22000122070312,93.2750015258789,93.22000122070312,93.25,210979
2026-07-29 19:30:00+00:00,93.19000244140625,93.24500274658203,93.16500091552734,93.2249984741211,132123
2026-07-29 19:35:00+00:00,93.23500061035156,93.26000213623047,93.19000244140625,93.19000244140625,136041
2026-07-29 19:40:00+00:00,93.21499633789062,93.26000213623047,93.20500183105469,93.23500061035156,129055
2026-07-29 19:45:00+00:00,93.2300033569336,93.25,93.19000244140625,93.21499633789062,141476
2026-07-29 19:50:00+00:00,93.16010284423828,93.23500061035156,93.16000366210938,93.22000122070312,212594
2026-07-29 19:55:00+00:00,93.16000366210938,93.18000030517578,93.16000366210938,93.16500091552734,309389
2026-07-30 13:30:00+00:00,93.23999786376953,93.27909851074219,93.23999786376953,93.23999786376953,173403
2026-07-30 13:35:00+00:00,93.29499816894531,93.31500244140625,93.24500274658203,93.24909973144531,78727
2026-07-30 13:40:00+00:00,93.28679656982422,93.29499816894531,93.2699966430664,93.2750015258789,140633
2026-07-30 13:45:00+00:00,93.25910186767578,93.27999877929688,93.25499725341797,93.2708969116211,318167
2026-07-30 13:50:00+00:00,93.2249984741211,93.26499938964844,93.22000122070312,93.25,55474
2026-07-30 13:55:00+00:00,93.2249984741211,93.22810363769531,93.19999694824219,93.22000122070312,49381
2026-07-30 14:00:00+00:00,93.23999786376953,93.23999786376953,93.20500183105469,93.22000122070312,92636
2026-07-30 14:05:00+00:00,93.23909759521484,93.25360107421875,93.19999694824219,93.24500274658203,111402
2026-07-30 14:10:00+00:00,93.27989959716797,93.27989959716797,93.23500061035156,93.23999786376953,88772
2026-07-30 14:15:00+00:00,93.2750015258789,93.29000091552734,93.2699966430664,93.2750015258789,56484
2026-07-30 14:20:00+00:00,93.29499816894531,93.29910278320312,93.24009704589844,93.2750015258789,23931
2026-07-30 14:25:00+00:00,93.27999877929688,93.29499816894531,93.2750015258789,93.29010009765625,25707
2026-07-30 14:30:00+00:00,93.25090026855469,93.2699966430664,93.23999786376953,93.2699966430664,44915
2026-07-30 14:35:00+00:00,93.2750015258789,93.2750015258789,93.25499725341797,93.25900268554688,30277
2026-07-30 14:40:00+00:00,93.26390075683594,93.28500366210938,93.26390075683594,93.27999877929688,30349
2026-07-30 14:45:00+00:00,93.21959686279297,93.2699966430664,93.21499633789062,93.2699966430664,29270
2026-07-30 14:50:00+00:00,93.17500305175781,93.20899963378906,93.17500305175781,93.20500183105469,28307
2026-07-30 14:55:00+00:00,93.19000244140625,93.19999694824219,93.1708984375,93.17500305175781,58156
2026-07-30 15:00:00+00:00,93.18499755859375,93.19000244140625,93.17500305175781,93.19000244140625,19295
2026-07-30 15:05:00+00:00,93.1500015258789,93.18499755859375,93.13999938964844,93.18499755859375,58714
2026-07-30 15:10:00+00:00,93.12999725341797,93.15989685058594,93.125,93.1500015258789,46964
2026-07-30 15:15:00+00:00,93.125,93.13500213623047,93.11499786376953,93.125,43198
2026-07-30 15:20:00+00:00,93.18499755859375,93.18499755859375,93.12110137939453,93.12110137939453,56850
2026-07-30 15:25:00+00:00,93.19999694824219,93.20899963378906,93.18499755859375,93.18499755859375,45467
2026-07-30 15:30:00+00:00,93.19499969482422,93.21499633789062,93.19080352783203,93.19499969482422,34003
2026-07-30 15:35:00+00:00,93.20999908447266,93.20999908447266,93.19000244140625,93.19010162353516,11246
2026-07-30 15:40:00+00:00,93.2301025390625,93.23500061035156,93.21009826660156,93.21499633789062,15283
2026-07-30 15:45:00+00:00,93.23500061035156,93.24909973144531,93.22010040283203,93.23500061035156,33228
2026-07-30 15:50:00+00:00,93.24500274658203,93.26000213623047,93.23500061035156,93.23999786376953,32587
2026-07-30 15:55:00+00:00,93.26000213623047,93.26000213623047,93.23999786376953,93.24970245361328,17647
2026-07-30 16:00:00+00:00,93.25499725341797,93.26969909667969,93.25499725341797,93.26969909667969,32234
2026-07-30 16:05:00+00:00,93.24500274658203,93.25990295410156,93.23090362548828,93.25990295410156,30159
2026-07-30 16:10:00+00:00,93.25499725341797,93.25499725341797,93.24500274658203,93.24500274658203,7792
2026-07-30 16:15:00+00:00,93.26029968261719,93.2750015258789,93.2500991821289,93.25499725341797,14369
2026-07-30 16:20:00+00:00,93.28500366210938,93.28500366210938,93.26499938964844,93.2699966430664,11389
2026-07-30 16:25:00+00:00,93.27989959716797,93.28009796142578,93.2699966430664,93.28009796142578,33089
2026-07-30 16:30:00+00:00,93.26000213623047,93.27999877929688,93.26000213623047,93.27999877929688,9451
2026-07-30 16:35:00+00:00,93.25499725341797,93.26000213623047,93.25,93.25910186767578,16440
2026-07-30 16:40:00+00:00,93.25499725341797,93.26930236816406,93.25,93.26000213623047,21234
2026-07-30 16:45:00+00:00,93.2699966430664,93.27770233154297,93.26000213623047,93.26000213623047,8910
2026-07-30 16:50:00+00:00,93.26499938964844,93.2750015258789,93.26100158691406,93.26100158691406,10201
2026-07-30 16:55:00+00:00,93.2750015258789,93.2750015258789,93.26210021972656,93.26210021972656,10249
2026-07-30 17:00:00+00:00,93.24500274658203,93.2699966430664,93.24500274658203,93.2699966430664,16684
2026-07-30 17:05:00+00:00,93.25,93.25,93.23999786376953,93.24500274658203,23092
2026-07-30 17:10:00+00:00,93.24500274658203,93.2499008178711,93.23999786376953,93.24009704589844,34954
2026-07-30 17:15:00+00:00,93.23500061035156,93.2499008178711,93.2260971069336,93.23999786376953,15614
2026-07-30 17:20:00+00:00,93.2300033569336,93.23999786376953,93.2300033569336,93.23500061035156,11737
2026-07-30 17:25:00+00:00,93.2249984741211,93.23500061035156,93.22000122070312,93.23500061035156,18532
2026-07-30 17:30:00+00:00,93.22000122070312,93.2249984741211,93.20999908447266,93.22010040283203,25090
2026-07-30 17:35:00+00:00,93.18499755859375,93.24909973144531,93.18499755859375,93.22779846191406,57349
2026-07-30 17:40:00+00:00,93.19999694824219,93.20989990234375,93.19000244140625,93.19000244140625,35819
2026-07-30 17:45:00+00:00,93.19499969482422,93.20909881591797,93.18499755859375,93.19000244140625,17917
2026-07-30 17:50:00+00:00,93.19090270996094,93.1990966796875,93.18499755859375,93.19499969482422,15315
2026-07-30 17:55:00+00:00,93.19499969482422,93.20909881591797,93.19000244140625,93.19499969482422,53708
2026-07-30 18:00:00+00:00,93.17500305175781,93.19499969482422,93.17500305175781,93.19000244140625,11528
2026-07-30 18:05:00+00:00,93.18499755859375,93.19999694824219,93.1791000366211,93.17990112304688,119011
2026-07-30 18:10:00+00:00,93.21499633789062,93.21499633789062,93.19080352783203,93.1946029663086,164447
2026-07-30 18:15:00+00:00,93.20500183105469,93.21009826660156,93.19999694824219,93.21009826660156,43400
2026-07-30 18:20:00+00:00,93.20500183105469,93.21499633789062,93.20010375976562,93.20500183105469,21958
2026-07-30 18:25:00+00:00,93.21440124511719,93.21990203857422,93.19999694824219,93.19999694824219,9421
2026-07-30 18:30:00+00:00,93.22979736328125,93.22989654541016,93.21009826660156,93.21499633789062,24467
2026-07-30 18:35:00+00:00,93.2197036743164,93.2300033569336,93.20999908447266,93.2291030883789,38742
2026-07-30 18:40:00+00:00,93.21099853515625,93.22000122070312,93.20999908447266,93.21499633789062,10918
2026-07-30 18:45:00+00:00,93.22000122070312,93.22000122070312,93.20999908447266,93.20999908447266,9689
2026-07-30 18:50:00+00:00,93.2249984741211,93.22899627685547,93.21910095214844,93.21910095214844,26131
2026-07-30 18:55:00+00:00,93.23500061035156,93.23909759521484,93.22090148925781,93.2300033569336,71298
2026-07-30 19:00:00+00:00,93.24500274658203,93.26000213623047,93.23999786376953,93.23999786376953,63488
2026-07-30 19:05:00+00:00,93.22000122070312,93.24759674072266,93.22000122070312,93.24500274658203,18774
2026-07-30 19:10:00+00:00,93.20500183105469,93.2249984741211,93.19090270996094,93.22429656982422,52169
2026-07-30 19:15:00+00:00,93.19000244140625,93.20500183105469,93.18000030517578,93.19999694824219,52860
2026-07-30 19:20:00+00:00,93.19000244140625,93.19000244140625,93.18070220947266,93.19000244140625,19435
2026-07-30 19:25:00+00:00,93.18990325927734,93.19999694824219,93.18990325927734,93.19010162353516,28231
2026-07-30 19:30:00+00:00,93.19999694824219,93.19999694824219,93.18000030517578,93.18499755859375,39745
2026-07-30 19:35:00+00:00,93.19499969482422,93.20500183105469,93.19000244140625,93.19999694824219,23823
2026-07-30 19:40:00+00:00,93.21499633789062,93.22000122070312,93.19000244140625,93.19499969482422,36266
2026-07-30 19:45:00+00:00,93.21499633789062,93.22000122070312,93.20999908447266,93.20999908447266,46854
2026-07-30 19:50:00+00:00,93.21499633789062,93.22989654541016,93.20999908447266,93.21499633789062,76448
2026-07-30 19:55:00+00:00,93.21199798583984,93.22000122070312,93.20500183105469,93.20999908447266,270823
2026-07-31 13:30:00+00:00,92.95500183105469,92.9800033569336,92.95010375976562,92.97000122070312,597546
2026-07-31 13:35:00+00:00,92.9000015258789,92.95999908447266,92.9000015258789,92.95500183105469,140658
2026-07-31 13:40:00+00:00,92.81999969482422,92.88999938964844,92.79499816894531,92.88999938964844,176337
2026-07-31 13:45:00+00:00,92.81500244140625,92.84500122070312,92.80999755859375,92.82099914550781,63222
2026-07-31 13:50:00+00:00,92.77999877929688,92.81990051269531,92.7750015258789,92.81990051269531,48792
2026-07-31 13:55:00+00:00,92.80000305175781,92.82499694824219,92.78500366210938,92.78500366210938,29677
2026-07-31 14:00:00+00:00,92.80500030517578,92.8550033569336,92.79499816894531,92.79499816894531,188079
2026-07-31 14:05:00+00:00,92.83499908447266,92.84500122070312,92.79499816894531,92.80500030517578,80329
2026-07-31 14:10:00+00:00,92.83499908447266,92.83999633789062,92.80999755859375,92.83999633789062,59321
2026-07-31 14:15:00+00:00,92.8490982055664,92.8499984741211,92.83080291748047,92.83999633789062,38948
2026-07-31 14:20:00+00:00,92.87000274658203,92.87000274658203,92.84500122070312,92.84500122070312,37484
2026-07-31 14:25:00+00:00,92.875,92.88999938964844,92.87000274658203,92.87000274658203,17082
2026-07-31 14:30:00+00:00,92.86499786376953,92.88500213623047,92.86000061035156,92.88500213623047,57870
2026-07-31 14:35:00+00:00,92.8550033569336,92.86930084228516,92.84500122070312,92.86499786376953,43544
2026-07-31 14:40:00+00:00,92.86000061035156,92.86000061035156,92.8499984741211,92.8550033569336,42616
2026-07-31 14:45:00+00:00,92.83499908447266,92.87989807128906,92.83499908447266,92.86499786376953,22223
2026-07-31 14:50:00+00:00,92.84500122070312,92.8489990234375,92.81999969482422,92.83499908447266,60646
2026-07-31 14:55:00+00:00,92.82499694824219,92.84989929199219,92.81500244140625,92.84500122070312,44163
2026-07-31 15:00:00+00:00,92.81500244140625,92.82929992675781,92.80000305175781,92.8207015991211,136158
2026-07-31 15:05:00+00:00,92.80999755859375,92.82990264892578,92.80999755859375,92.81500244140625,42244
2026-07-31 15:10:00+00:00,92.84089660644531,92.84500122070312,92.80500030517578,92.80500030517578,36983
2026-07-31 15:15:00+00:00,92.81500244140625,92.86499786376953,92.80500030517578,92.84500122070312,55662
2026-07-31 15:20:00+00:00,92.78079986572266,92.81500244140625,92.78079986572266,92.81500244140625,37934
2026-07-31 15:25:00+00:00,92.80000305175781,92.8093032836914,92.79000091552734,92.79000091552734,17485
2026-07-31 15:30:00+00:00,92.79499816894531,92.80000305175781,92.78500366210938,92.80000305175781,25093
2026-07-31 15:35:00+00:00,92.80500030517578,92.80999755859375,92.79000091552734,92.79499816894531,21158
2026-07-31 15:40:00+00:00,92.80000305175781,92.80999755859375,92.79499816894531,92.80030059814453,27795
2026-07-31 15:45:00+00:00,92.78109741210938,92.80590057373047,92.78109741210938,92.79989624023438,512977
2026-07-31 15:50:00+00:00,92.80000305175781,92.80989837646484,92.79000091552734,92.79000091552734,17900
2026-07-31 15:55:00+00:00,92.80000305175781,92.80770111083984,92.79010009765625,92.79010009765625,35357
2026-07-31 16:00:00+00:00,92.80950164794922,92.80950164794922,92.77999877929688,92.79000091552734,26157
2026-07-31 16:05:00+00:00,92.80989837646484,92.80999755859375,92.80000305175781,92.80500030517578,465236
2026-07-31 16:10:00+00:00,92.81500244140625,92.81990051269531,92.80000305175781,92.80500030517578,26215
2026-07-31 16:15:00+00:00,92.78500366210938,92.81590270996094,92.78500366210938,92.81590270996094,21235
2026-07-31 16:20:00+00:00,92.7699966430664,92.78500366210938,92.7698974609375,92.78500366210938,33619
2026-07-31 16:25:00+00:00,92.7750015258789,92.7750015258789,92.76000213623047,92.7698974609375,77963
2026-07-31 16:30:00+00:00,92.78900146484375,92.78900146484375,92.77040100097656,92.77069854736328,965021
2026-07-31 16:35:00+00:00,92.7750015258789,92.78980255126953,92.7699966430664,92.78019714355469,26525
2026-07-31 16:40:00+00:00,92.77999877929688,92.77999877929688,92.77010345458984,92.7750015258789,14609
2026-07-31 16:45:00+00:00,92.78009796142578,92.79000091552734,92.7750015258789,92.7750015258789,37415
2026-07-31 16:50:00+00:00,92.79499816894531,92.79930114746094,92.78500366210938,92.78990173339844,67654
2026-07-31 16:55:00+00:00,92.79399871826172,92.80000305175781,92.7750015258789,92.79010009765625,125404
2026-07-31 17:00:00+00:00,92.79000091552734,92.79499816894531,92.78209686279297,92.79499816894531,9835
2026-07-31 17:05:00+00:00,92.78500366210938,92.79499816894531,92.78500366210938,92.79000091552734,38849
2026-07-31 17:10:00+00:00,92.78500366210938,92.79000091552734,92.7750015258789,92.78500366210938,30985
2026-07-31 17:15:00+00:00,92.79010009765625,92.80000305175781,92.77999877929688,92.78500366210938,80705
2026-07-31 17:20:00+00:00,92.80000305175781,92.80000305175781,92.77999877929688,92.79989624023438,54853
2026-07-31 17:25:00+00:00,92.78910064697266,92.80000305175781,92.77999877929688,92.79499816894531,193478
2026-07-31 17:30:00+00:00,92.7699966430664,92.79000091552734,92.7699966430664,92.78500366210938,41455
2026-07-31 17:35:00+00:00,92.75499725341797,92.76000213623047,92.74250030517578,92.76000213623047,69677
2026-07-31 17:40:00+00:00,92.74009704589844,92.76000213623047,92.73999786376953,92.75499725341797,69832
2026-07-31 17:45:00+00:00,92.73500061035156,92.75,92.7300033569336,92.74500274658203,56718
2026-07-31 17:50:00+00:00,92.73500061035156,92.73999786376953,92.7301025390625,92.73500061035156,43507
2026-07-31 17:55:00+00:00,92.75499725341797,92.75499725341797,92.73500061035156,92.73999786376953,37579
2026-07-31 18:00:00+00:00,92.76000213623047,92.76000213623047,92.75,92.76000213623047,35770
2026-07-31 18:05:00+00:00,92.75499725341797,92.7699966430664,92.75090026855469,92.75499725341797,97453
2026-07-31 18:10:00+00:00,92.74500274658203,92.75640106201172,92.73999786376953,92.75499725341797,25068
2026-07-31 18:15:00+00:00,92.73999786376953,92.74500274658203,92.7300033569336,92.74500274658203,18428
2026-07-31 18:20:00+00:00,92.75090026855469,92.76000213623047,92.73999786376953,92.73999786376953,18548
2026-07-31 18:25:00+00:00,92.76499938964844,92.7699966430664,92.75360107421875,92.75360107421875,72020
2026-07-31 18:30:00+00:00,92.75499725341797,92.7699966430664,92.75090026855469,92.76499938964844,33701
2026-07-31 18:35:00+00:00,92.75499725341797,92.75990295410156,92.75090026855469,92.75499725341797,12318
2026-07-31 18:40:00+00:00,92.76499938964844,92.7699966430664,92.75499725341797,92.75499725341797,48945
2026-07-31 18:45:00+00:00,92.76499938964844,92.7699966430664,92.76000213623047,92.76499938964844,82214
2026-07-31 18:50:00+00:00,92.75,92.7699966430664,92.75,92.76499938964844,38467
2026-07-31 18:55:00+00:00,92.74500274658203,92.75,92.7300033569336,92.75,85474
2026-07-31 19:00:00+00:00,92.73500061035156,92.74929809570312,92.7311019897461,92.74500274658203,26301
2026-07-31 19:05:00+00:00,92.75499725341797,92.75499725341797,92.73500061035156,92.73989868164062,24113
2026-07-31 19:10:00+00:00,92.7509994506836,92.76000213623047,92.75,92.75499725341797,45875
2026-07-31 19:15:00+00:00,92.76499938964844,92.7699966430664,92.75,92.75499725341797,177924
2026-07-31 19:20:00+00:00,92.78009796142578,92.79000091552734,92.76499938964844,92.76499938964844,160903
2026-07-31 19:25:00+00:00,92.79499816894531,92.80000305175781,92.77999877929688,92.78500366210938,89906
2026-07-31 19:30:00+00:00,92.80500030517578,92.80999755859375,92.78109741210938,92.79049682617188,90520
2026-07-31 19:35:00+00:00,92.83499908447266,92.83999633789062,92.80000305175781,92.80500030517578,91234
2026-07-31 19:40:00+00:00,92.875,92.875,92.82499694824219,92.83499908447266,370971
2026-07-31 19:45:00+00:00,92.86000061035156,92.88929748535156,92.8499984741211,92.87000274658203,182099
2026-07-31 19:50:00+00:00,92.875,92.88999938964844,92.8499984741211,92.86000061035156,173049
2026-07-31 19:55:00+00:00,92.95500183105469,92.95999908447266,92.8499984741211,92.875,657833
2026-08-03 13:30:00+00:00,92.80989837646484,92.80989837646484,92.77999877929688,92.77999877929688,204933
2026-08-03 13:35:00+00:00,92.77999877929688,92.80999755859375,92.76499938964844,92.80999755859375,46432
2026-08-03 13:40:00+00:00,92.7750015258789,92.79499816894531,92.7750015258789,92.7750015258789,31398
2026-08-03 13:45:00+00:00,92.78500366210938,92.78500366210938,92.76499938964844,92.779296875,302078
2026-08-03 13:50:00+00:00,92.7750015258789,92.80000305175781,92.7699966430664,92.78130340576172,103579
2026-08-03 13:55:00+00:00,92.76000213623047,92.77999877929688,92.75499725341797,92.77999877929688,66697
2026-08-03 14:00:00+00:00,92.76499938964844,92.79499816894531,92.69000244140625,92.76000213623047,203887
2026-08-03 14:05:00+00:00,92.7750015258789,92.77999877929688,92.76439666748047,92.76499938964844,23295
2026-08-03 14:10:00+00:00,92.82499694824219,92.82990264892578,92.77999877929688,92.77999877929688,24190
2026-08-03 14:15:00+00:00,92.81500244140625,92.83499908447266,92.81500244140625,92.82099914550781,28368
2026-08-03 14:20:00+00:00,92.83509826660156,92.83999633789062,92.81099700927734,92.81500244140625,44758
2026-08-03 14:25:00+00:00,92.83499908447266,92.83499908447266,92.82949829101562,92.82949829101562,8838
2026-08-03 14:30:00+00:00,92.82499694824219,92.83999633789062,92.82499694824219,92.83989715576172,22339
2026-08-03 14:35:00+00:00,92.81109619140625,92.83499908447266,92.81079864501953,92.83000183105469,24260
2026-08-03 14:40:00+00:00,92.81500244140625,92.82499694824219,92.80999755859375,92.81990051269531,26220
2026-08-03 14:45:00+00:00,92.81500244140625,92.81999969482422,92.80500030517578,92.81500244140625,88182
2026-08-03 14:50:00+00:00,92.81500244140625,92.82499694824219,92.80999755859375,92.81500244140625,80959
2026-08-03 14:55:00+00:00,92.81500244140625,92.81999969482422,92.80500030517578,92.81999969482422,50059
2026-08-03 15:00:00+00:00,92.79499816894531,92.8291015625,92.79000091552734,92.81500244140625,384235
2026-08-03 15:05:00+00:00,92.78500366210938,92.80989837646484,92.77999877929688,92.79499816894531,101240
2026-08-03 15:10:00+00:00,92.79499816894531,92.79499816894531,92.7699966430664,92.78500366210938,68791
2026-08-03 15:15:00+00:00,92.80359649658203,92.81929779052734,92.80000305175781,92.80000305175781,56554
2026-08-03 15:20:00+00:00,92.81999969482422,92.81999969482422,92.80500030517578,92.80999755859375,33242
2026-08-03 15:25:00+00:00,92.78500366210938,92.82499694824219,92.77999877929688,92.81999969482422,202542
2026-08-03 15:30:00+00:00,92.79499816894531,92.80989837646484,92.78079986572266,92.78079986572266,28937
2026-08-03 15:35:00+00:00,92.85910034179688,92.86910247802734,92.79499816894531,92.79989624023438,133075
2026-08-03 15:40:00+00:00,92.83499908447266,92.87000274658203,92.83499908447266,92.85990142822266,45648
2026-08-03 15:45:00+00:00,92.84989929199219,92.84989929199219,92.82499694824219,92.8301010131836,25121
2026-08-03 15:50:00+00:00,92.79499816894531,92.84500122070312,92.79499816894531,92.84500122070312,25833
2026-08-03 15:55:00+00:00,92.79499816894531,92.79930114746094,92.78009796142578,92.79499816894531,51905
2026-08-03 16:00:00+00:00,92.80500030517578,92.80999755859375,92.78079986572266,92.79000091552734,35953
2026-08-03 16:05:00+00:00,92.79000091552734,92.80999755859375,92.79000091552734,92.8093032836914,20687
2026-08-03 16:10:00+00:00,92.78500366210938,92.80000305175781,92.77999877929688,92.79989624023438,19858
2026-08-03 16:15:00+00:00,92.78500366210938,92.79000091552734,92.7750015258789,92.78500366210938,55004
2026-08-03 16:20:00+00:00,92.78500366210938,92.80000305175781,92.78500366210938,92.79000091552734,30975
2026-08-03 16:25:00+00:00,92.80500030517578,92.80500030517578,92.77999877929688,92.79000091552734,37527
2026-08-03 16:30:00+00:00,92.7750015258789,92.80999755859375,92.76499938964844,92.80439758300781,31807
2026-08-03 16:35:00+00:00,92.7750015258789,92.77999877929688,92.77010345458984,92.77999877929688,14878
2026-08-03 16:40:00+00:00,92.78500366210938,92.79989624023438,92.77999877929688,92.77999877929688,82659
2026-08-03 16:45:00+00:00,92.7750015258789,92.79000091552734,92.7750015258789,92.78500366210938,47302
2026-08-03 16:50:00+00:00,92.78079986572266,92.80999755859375,92.77989959716797,92.77989959716797,155885
2026-08-03 16:55:00+00:00,92.79000091552734,92.79499816894531,92.78500366210938,92.78500366210938,23643
2026-08-03 17:00:00+00:00,92.79499816894531,92.79499816894531,92.78009796142578,92.79000091552734,14597
2026-08-03 17:05:00+00:00,92.79499816894531,92.79989624023438,92.79000091552734,92.79499816894531,14804
2026-08-03 17:10:00+00:00,92.78500366210938,92.80000305175781,92.78500366210938,92.79499816894531,71024
2026-08-03 17:15:00+00:00,92.78929901123047,92.80000305175781,92.78109741210938,92.78500366210938,35551
2026-08-03 17:20:00+00:00,92.79029846191406,92.79910278320312,92.78009796142578,92.78500366210938,26328
2026-08-03 17:25:00+00:00,92.80899810791016,92.80989837646484,92.79070281982422,92.79070281982422,13441
2026-08-03 17:30:00+00:00,92.79010009765625,92.80989837646484,92.79000091552734,92.80500030517578,31250
2026-08-03 17:35:00+00:00,92.80069732666016,92.80999755859375,92.79109954833984,92.80000305175781,26109
2026-08-03 17:40:00+00:00,92.81500244140625,92.81999969482422,92.80010223388672,92.80989837646484,31673
2026-08-03 17:45:00+00:00,92.80989837646484,92.81990051269531,92.80500030517578,92.81500244140625,32464
2026-08-03 17:50:00+00:00,92.80500030517578,92.80989837646484,92.80000305175781,92.80500030517578,7117
2026-08-03 17:55:00+00:00,92.79499816894531,92.80999755859375,92.78500366210938,92.80500030517578,58742
2026-08-03 18:00:00+00:00,92.81500244140625,92.81909942626953,92.79000091552734,92.79499816894531,57259
2026-08-03 18:05:00+00:00,92.81880187988281,92.82990264892578,92.81079864501953,92.81999969482422,48310
2026-08-03 18:10:00+00:00,92.81999969482422,92.82499694824219,92.80999755859375,92.81999969482422,15482
2026-08-03 18:15:00+00:00,92.8301010131836,92.83979797363281,92.81999969482422,92.81999969482422,26007
2026-08-03 18:20:00+00:00,92.83499908447266,92.84500122070312,92.83499908447266,92.83499908447266,38729
2026-08-03 18:25:00+00:00,92.80500030517578,92.83000183105469,92.80500030517578,92.83000183105469,23081
2026-08-03 18:30:00+00:00,92.80500030517578,92.81639862060547,92.80229949951172,92.80229949951172,37695
2026-08-03 18:35:00+00:00,92.79499816894531,92.80989837646484,92.79499816894531,92.80500030517578,50115
2026-08-03 18:40:00+00:00,92.81500244140625,92.81990051269531,92.79499816894531,92.79499816894531,66760
2026-08-03 18:45:00+00:00,92.82499694824219,92.82499694824219,92.81009674072266,92.81500244140625,63621
2026-08-03 18:50:00+00:00,92.81079864501953,92.83000183105469,92.81079864501953,92.82499694824219,66536
2026-08-03 18:55:00+00:00,92.82499694824219,92.83989715576172,92.81999969482422,92.81999969482422,85449
2026-08-03 19:00:00+00:00,92.81500244140625,92.83000183105469,92.80999755859375,92.82969665527344,63671
2026-08-03 19:05:00+00:00,92.81079864501953,92.81990051269531,92.80999755859375,92.81009674072266,52748
2026-08-03 19:10:00+00:00,92.8208999633789,92.83000183105469,92.81009674072266,92.81500244140625,38263
2026-08-03 19:15:00+00:00,92.82499694824219,92.83999633789062,92.81999969482422,92.8290023803711,62840
2026-08-03 19:20:00+00:00,92.81449890136719,92.83000183105469,92.80999755859375,92.82499694824219,49683
2026-08-03 19:25:00+00:00,92.81009674072266,92.81999969482422,92.80999755859375,92.80999755859375,75877
2026-08-03 19:30:00+00:00,92.81500244140625,92.81500244140625,92.80000305175781,92.81500244140625,75251
2026-08-03 19:35:00+00:00,92.81500244140625,92.81999969482422,92.80999755859375,92.81500244140625,59650
2026-08-03 19:40:00+00:00,92.81439971923828,92.81999969482422,92.80999755859375,92.81999969482422,90605
2026-08-03 19:45:00+00:00,92.80500030517578,92.81990051269531,92.80000305175781,92.80999755859375,30257
2026-08-03 19:50:00+00:00,92.80010223388672,92.8093032836914,92.80000305175781,92.80500030517578,86411
2026-08-03 19:55:00+00:00,92.81500244140625,92.81999969482422,92.79000091552734,92.80000305175781,232453
2026-08-04 13:30:00+00:00,93.1500015258789,93.16010284423828,93.13999938964844,93.1500015258789,135145
2026-08-04 13:35:00+00:00,93.16500091552734,93.17539978027344,93.1500015258789,93.16000366210938,144060
2026-08-04 13:40:00+00:00,93.16500091552734,93.18499755859375,93.16000366210938,93.16999816894531,59822
2026-08-04 13:45:00+00:00,93.17500305175781,93.18000030517578,93.15499877929688,93.16500091552734,167041
2026-08-04 13:50:00+00:00,93.16200256347656,93.18000030517578,93.16200256347656,93.17500305175781,21126
2026-08-04 13:55:00+00:00,93.16500091552734,93.18000030517578,93.16010284423828,93.16010284423828,19723
2026-08-04 14:00:00+00:00,93.1449966430664,93.16000366210938,93.13999938964844,93.16000366210938,75911
2026-08-04 14:05:00+00:00,93.15989685058594,93.16000366210938,93.1449966430664,93.14900207519531,48826
2026-08-04 14:10:00+00:00,93.13999938964844,93.16000366210938,93.13999938964844,93.15499877929688,23037
2026-08-04 14:15:00+00:00,93.14009857177734,93.14910125732422,93.13500213623047,93.1449966430664,61667
2026-08-04 14:20:00+00:00,93.13999938964844,93.1500015258789,93.13099670410156,93.1500015258789,95097
2026-08-04 14:25:00+00:00,93.1449966430664,93.15499877929688,93.1449966430664,93.1449966430664,30297
2026-08-04 14:30:00+00:00,93.12000274658203,93.13990020751953,93.11499786376953,93.13990020751953,31875
2026-08-04 14:35:00+00:00,93.1448974609375,93.17500305175781,93.12000274658203,93.125,255459
2026-08-04 14:40:00+00:00,93.13999938964844,93.1500015258789,93.13500213623047,93.14990234375,30416
2026-08-04 14:45:00+00:00,93.125,93.13999938964844,93.125,93.13269805908203,8813
2026-08-04 14:50:00+00:00,93.13500213623047,93.135498046875,93.125,93.125,33614
2026-08-04 14:55:00+00:00,93.12999725341797,93.13980102539062,93.12100219726562,93.13980102539062,7890
2026-08-04 15:00:00+00:00,93.11990356445312,93.12999725341797,93.11499786376953,93.12999725341797,19861
2026-08-04 15:05:00+00:00,93.11499786376953,93.12000274658203,93.10070037841797,93.12000274658203,27631
2026-08-04 15:10:00+00:00,93.12000274658203,93.13619995117188,93.11090087890625,93.11499786376953,68515
2026-08-04 15:15:00+00:00,93.13500213623047,93.13999938964844,93.12220001220703,93.125,44978
2026-08-04 15:20:00+00:00,93.13999938964844,93.13999938964844,93.12999725341797,93.13999938964844,185712
2026-08-04 15:25:00+00:00,93.13500213623047,93.13999938964844,93.12999725341797,93.13999938964844,28752
2026-08-04 15:30:00+00:00,93.1449966430664,93.1500015258789,93.13500213623047,93.13909912109375,53849
2026-08-04 15:35:00+00:00,93.19999694824219,93.22000122070312,93.1449966430664,93.1500015258789,373418
2026-08-04 15:40:00+00:00,93.20500183105469,93.20500183105469,93.18499755859375,93.20500183105469,56601
2026-08-04 15:45:00+00:00,93.2249984741211,93.2300033569336,93.20999908447266,93.20999908447266,38116
2026-08-04 15:50:00+00:00,93.22000122070312,93.23899841308594,93.21499633789062,93.2300033569336,66917
2026-08-04 15:55:00+00:00,93.22000122070312,93.2300033569336,93.22000122070312,93.2249984741211,59022
2026-08-04 16:00:00+00:00,93.21900177001953,93.2300033569336,93.19999694824219,93.2300033569336,50514
2026-08-04 16:05:00+00:00,93.21980285644531,93.21980285644531,93.20999908447266,93.21499633789062,29562
2026-08-04 16:10:00+00:00,93.21499633789062,93.22000122070312,93.20999908447266,93.21499633789062,27424
2026-08-04 16:15:00+00:00,93.23999786376953,93.23999786376953,93.21499633789062,93.21499633789062,34388
2026-08-04 16:20:00+00:00,93.26619720458984,93.26619720458984,93.23999786376953,93.24500274658203,31952
2026-08-04 16:25:00+00:00,93.24500274658203,93.26000213623047,93.24099731445312,93.26000213623047,23037
2026-08-04 16:30:00+00:00,93.21499633789062,93.23999786376953,93.20999908447266,93.23999786376953,13413
2026-08-04 16:35:00+00:00,93.19999694824219,93.22000122070312,93.19999694824219,93.22000122070312,11093
2026-08-04 16:40:00+00:00,93.20500183105469,93.20559692382812,93.19000244140625,93.20559692382812,158394
2026-08-04 16:45:00+00:00,93.20999908447266,93.20999908447266,93.19999694824219,93.20500183105469,32276
2026-08-04 16:50:00+00:00,93.20999908447266,93.20999908447266,93.19999694824219,93.20500183105469,16482
2026-08-04 16:55:00+00:00,93.21499633789062,93.22000122070312,93.19999694824219,93.20500183105469,28535
2026-08-04 17:00:00+00:00,93.2249984741211,93.2300033569336,93.21099853515625,93.22000122070312,34795
2026-08-04 17:05:00+00:00,93.22000122070312,93.2300033569336,93.21099853515625,93.2249984741211,24805
2026-08-04 17:10:00+00:00,93.2249984741211,93.2300033569336,93.21499633789062,93.21499633789062,119921
2026-08-04 17:15:00+00:00,93.19499969482422,93.2300033569336,93.19499969482422,93.2300033569336,42276
2026-08-04 17:20:00+00:00,93.18499755859375,93.19999694824219,93.18000030517578,93.19499969482422,41236
2026-08-04 17:25:00+00:00,93.19000244140625,93.19989776611328,93.18000030517578,93.18000030517578,34427
2026-08-04 17:30:00+00:00,93.20500183105469,93.20500183105469,93.19000244140625,93.19039916992188,49927
2026-08-04 17:35:00+00:00,93.22000122070312,93.22000122070312,93.20010375976562,93.20770263671875,58329
2026-08-04 17:40:00+00:00,93.2291030883789,93.2300033569336,93.20999908447266,93.21499633789062,24741
2026-08-04 17:45:00+00:00,93.20999908447266,93.2300033569336,93.20999908447266,93.2300033569336,40374
2026-08-04 17:50:00+00:00,93.21499633789062,93.21910095214844,93.20500183105469,93.21499633789062,29508
2026-08-04 17:55:00+00:00,93.19999694824219,93.22000122070312,93.19999694824219,93.21499633789062,42788
2026-08-04 18:00:00+00:00,93.19090270996094,93.20500183105469,93.19000244140625,93.19999694824219,13052
2026-08-04 18:05:00+00:00,93.19999694824219,93.19999694824219,93.19499969482422,93.19499969482422,11371
2026-08-04 18:10:00+00:00,93.20500183105469,93.20500183105469,93.19000244140625,93.19499969482422,34872
2026-08-04 18:15:00+00:00,93.20500183105469,93.20999908447266,93.20110321044922,93.20999908447266,10879
2026-08-04 18:20:00+00:00,93.19999694824219,93.20999908447266,93.19999694824219,93.20999908447266,47592
2026-08-04 18:25:00+00:00,93.19999694824219,93.20500183105469,93.19000244140625,93.20500183105469,35681
2026-08-04 18:30:00+00:00,93.19499969482422,93.20999908447266,93.19010162353516,93.19499969482422,42702
2026-08-04 18:35:00+00:00,93.20500183105469,93.20899963378906,93.19010162353516,93.19100189208984,96003
2026-08-04 18:40:00+00:00,93.20089721679688,93.20999908447266,93.19999694824219,93.20500183105469,15096
2026-08-04 18:45:00+00:00,93.20249938964844,93.20999908447266,93.20159912109375,93.20500183105469,21548
2026-08-04 18:50:00+00:00,93.22000122070312,93.22000122070312,93.20120239257812,93.20120239257812,26158
2026-08-04 18:55:00+00:00,93.22899627685547,93.23999786376953,93.21009826660156,93.21990203857422,75137
2026-08-04 19:00:00+00:00,93.23500061035156,93.23999786376953,93.220703125,93.2249984741211,44484
2026-08-04 19:05:00+00:00,93.25,93.25,93.23500061035156,93.23500061035156,51323
2026-08-04 19:10:00+00:00,93.25,93.26000213623047,93.25,93.25,55282
2026-08-04 19:15:00+00:00,93.24500274658203,93.26000213623047,93.23090362548828,93.25499725341797,101498
2026-08-04 19:20:00+00:00,93.23500061035156,93.24500274658203,93.2300033569336,93.24500274658203,57704
2026-08-04 19:25:00+00:00,93.23500061035156,93.23999786376953,93.2300033569336,93.23500061035156,153477
2026-08-04 19:30:00+00:00,93.22000122070312,93.23999786376953,93.22000122070312,93.23500061035156,65558
2026-08-04 19:35:00+00:00,93.23500061035156,93.23999786376953,93.22010040283203,93.22010040283203,87541
2026-08-04 19:40:00+00:00,93.2249984741211,93.2300033569336,93.22010040283203,93.2300033569336,78290
2026-08-04 19:45:00+00:00,93.20500183105469,93.22000122070312,93.20099639892578,93.22000122070312,52862
2026-08-04 19:50:00+00:00,93.21089935302734,93.22000122070312,93.20069885253906,93.20500183105469,84033
2026-08-04 19:55:00+00:00,93.24500274658203,93.25,93.20999908447266,93.2125015258789,411386
2026-08-05 13:30:00+00:00,93.19499969482422,93.19999694824219,93.18000030517578,93.19999694824219,135881
2026-08-05 13:35:00+00:00,93.21499633789062,93.2249984741211,93.16000366210938,93.19499969482422,71918
2026-08-05 13:40:00+00:00,93.19499969482422,93.2300033569336,93.19000244140625,93.20500183105469,39741
2026-08-05 13:45:00+00:00,93.1449966430664,93.19000244140625,93.1449966430664,93.19000244140625,105209
2026-08-05 13:50:00+00:00,93.1500015258789,93.15989685058594,93.13999938964844,93.1500015258789,87870
2026-08-05 13:55:00+00:00,93.15499877929688,93.16999816894531,93.1449966430664,93.16000366210938,29497
2026-08-05 14:00:00+00:00,93.24500274658203,93.24500274658203,93.1449966430664,93.1500015258789,117038
2026-08-05 14:05:00+00:00,93.29010009765625,93.32499694824219,93.25,93.25,123680
2026-08-05 14:10:00+00:00,93.2699966430664,93.30500030517578,93.2699966430664,93.29499816894531,64180
2026-08-05 14:15:00+00:00,93.26000213623047,93.2699966430664,93.24500274658203,93.25,25127
2026-08-05 14:20:00+00:00,93.25499725341797,93.26000213623047,93.23999786376953,93.26000213623047,173035
2026-08-05 14:25:00+00:00,93.24099731445312,93.25499725341797,93.24099731445312,93.25499725341797,9004
2026-08-05 14:30:00+00:00,93.23500061035156,93.24500274658203,93.2300033569336,93.24500274658203,17144
2026-08-05 14:35:00+00:00,93.23500061035156,93.24500274658203,93.21499633789062,93.23999786376953,26846
2026-08-05 14:40:00+00:00,93.24500274658203,93.24500274658203,93.2208023071289,93.23500061035156,36510
2026-08-05 14:45:00+00:00,93.20500183105469,93.24500274658203,93.20500183105469,93.24500274658203,19522
2026-08-05 14:50:00+00:00,93.20500183105469,93.2291030883789,93.20079803466797,93.22000122070312,28898
2026-08-05 14:55:00+00:00,93.21499633789062,93.21859741210938,93.18070220947266,93.19999694824219,27369
2026-08-05 15:00:00+00:00,93.26000213623047,93.28500366210938,93.21109771728516,93.21199798583984,34659
2026-08-05 15:05:00+00:00,93.2249984741211,93.25499725341797,93.22000122070312,93.25,24490
2026-08-05 15:10:00+00:00,93.22000122070312,93.2300033569336,93.22000122070312,93.2249984741211,48458
2026-08-05 15:15:00+00:00,93.17500305175781,93.21499633789062,93.17109680175781,93.21499633789062,43127
2026-08-05 15:20:00+00:00,93.20999908447266,93.20999908447266,93.18000030517578,93.18000030517578,32620
2026-08-05 15:25:00+00:00,93.2249984741211,93.2300033569336,93.19999694824219,93.20500183105469,50223
2026-08-05 15:30:00+00:00,93.23989868164062,93.24500274658203,93.22000122070312,93.22049713134766,52449
2026-08-05 15:35:00+00:00,93.2249984741211,93.23500061035156,93.22000122070312,93.23500061035156,46574
2026-08-05 15:40:00+00:00,93.21499633789062,93.22820281982422,93.20999908447266,93.22000122070312,41777
2026-08-05 15:45:00+00:00,93.16500091552734,93.21019744873047,93.16000366210938,93.21019744873047,41839
2026-08-05 15:50:00+00:00,93.17500305175781,93.17990112304688,93.16500091552734,93.16500091552734,33962
2026-08-05 15:55:00+00:00,93.16500091552734,93.17500305175781,93.16000366210938,93.17500305175781,51228
2026-08-05 16:00:00+00:00,93.1449966430664,93.16500091552734,93.13999938964844,93.16500091552734,30562
2026-08-05 16:05:00+00:00,93.15499877929688,93.15499877929688,93.13999938964844,93.1449966430664,29888
2026-08-05 16:10:00+00:00,93.16500091552734,93.17500305175781,93.16000366210938,93.16000366210938,71182
2026-08-05 16:15:00+00:00,93.13099670410156,93.16500091552734,93.13099670410156,93.16500091552734,15679
2026-08-05 16:20:00+00:00,93.15499877929688,93.15910339355469,93.13500213623047,93.13500213623047,17188
2026-08-05 16:25:00+00:00,93.16500091552734,93.16500091552734,93.1500015258789,93.15499877929688,7384
2026-08-05 16:30:00+00:00,93.16500091552734,93.17500305175781,93.16500091552734,93.16999816894531,45389
2026-08-05 16:35:00+00:00,93.17500305175781,93.18599700927734,93.16010284423828,93.16500091552734,13139
2026-08-05 16:40:00+00:00,93.18499755859375,93.19000244140625,93.16999816894531,93.17500305175781,21827
2026-08-05 16:45:00+00:00,93.18499755859375,93.19000244140625,93.18000030517578,93.18499755859375,26922
2026-08-05 16:50:00+00:00,93.19499969482422,93.1989974975586,93.18499755859375,93.18499755859375,19928
2026-08-05 16:55:00+00:00,93.18499755859375,93.19650268554688,93.1708984375,93.19000244140625,129650
2026-08-05 17:00:00+00:00,93.21499633789062,93.22000122070312,93.19000244140625,93.19000244140625,46684
2026-08-05 17:05:00+00:00,93.20999908447266,93.21910095214844,93.20999908447266,93.21499633789062,4995
2026-08-05 17:10:00+00:00,93.2300033569336,93.23500061035156,93.20500183105469,93.20500183105469,67639
2026-08-05 17:15:00+00:00,93.2698974609375,93.2698974609375,93.23090362548828,93.23500061035156,47453
2026-08-05 17:20:00+00:00,93.26499938964844,93.27989959716797,93.26229858398438,93.26499938964844,65977
2026-08-05 17:25:00+00:00,93.30000305175781,93.30500030517578,93.26499938964844,93.2750015258789,32216
2026-08-05 17:30:00+00:00,93.30500030517578,93.30500030517578,93.28500366210938,93.29000091552734,31485
2026-08-05 17:35:00+00:00,93.30000305175781,93.31999969482422,93.29499816894531,93.31089782714844,84045
2026-08-05 17:40:00+00:00,93.30500030517578,93.30750274658203,93.29409790039062,93.30500030517578,23594
2026-08-05 17:45:00+00:00,93.29010009765625,93.30899810791016,93.28250122070312,93.30899810791016,18703
2026-08-05 17:50:00+00:00,93.29900360107422,93.30000305175781,93.29000091552734,93.29499816894531,28091
2026-08-05 17:55:00+00:00,93.28929901123047,93.30000305175781,93.27999877929688,93.29499816894531,52317
2026-08-05 18:00:00+00:00,93.30500030517578,93.30999755859375,93.2699966430664,93.28500366210938,84904
2026-08-05 18:05:00+00:00,93.28500366210938,93.30500030517578,93.28500366210938,93.30000305175781,655827
2026-08-05 18:10:00+00:00,93.29000091552734,93.30000305175781,93.29000091552734,93.29000091552734,103945
2026-08-05 18:15:00+00:00,93.28089904785156,93.29979705810547,93.27999877929688,93.29499816894531,35379
2026-08-05 18:20:00+00:00,93.29000091552734,93.29000091552734,93.28009796142578,93.28990173339844,30594
2026-08-05 18:25:00+00:00,93.29499816894531,93.30660247802734,93.29000091552734,93.29499816894531,44728
2026-08-05 18:30:00+00:00,93.29910278320312,93.30000305175781,93.29010009765625,93.29499816894531,29021
2026-08-05 18:35:00+00:00,93.30500030517578,93.31909942626953,93.29499816894531,93.29499816894531,113650
2026-08-05 18:40:00+00:00,93.29000091552734,93.30899810791016,93.29000091552734,93.30500030517578,33599
2026-08-05 18:45:00+00:00,93.31500244140625,93.31909942626953,93.29000091552734,93.29499816894531,74788
2026-08-05 18:50:00+00:00,93.31500244140625,93.31929779052734,93.30999755859375,93.30999755859375,42061
2026-08-05 18:55:00+00:00,93.30500030517578,93.32980346679688,93.30000305175781,93.31500244140625,104884
2026-08-05 19:00:00+00:00,93.29499816894531,93.30000305175781,93.28500366210938,93.30000305175781,53274
2026-08-05 19:05:00+00:00,93.2750015258789,93.29900360107422,93.2750015258789,93.29499816894531,58100
2026-08-05 19:10:00+00:00,93.28500366210938,93.28929901123047,93.27050018310547,93.2750015258789,45926
2026-08-05 19:15:00+00:00,93.26499938964844,93.2876968383789,93.26499938964844,93.27999877929688,43877
2026-08-05 19:20:00+00:00,93.26499938964844,93.2699966430664,93.2500991821289,93.2698974609375,78487
2026-08-05 19:25:00+00:00,93.26499938964844,93.2699966430664,93.26000213623047,93.2699966430664,43212
2026-08-05 19:30:00+00:00,93.27549743652344,93.27999877929688,93.26000213623047,93.26000213623047,93512
2026-08-05 19:35:00+00:00,93.2750015258789,93.27999877929688,93.2699966430664,93.2750015258789,137610
2026-08-05 19:40:00+00:00,93.27999877929688,93.29000091552734,93.2699966430664,93.2750015258789,121919
2026-08-05 19:45:00+00:00,93.2750015258789,93.28500366210938,93.2699966430664,93.28500366210938,90909
2026-08-05 19:50:00+00:00,93.26499938964844,93.2750015258789,93.26110076904297,93.2750015258789,210512
2026-08-05 19:55:00+00:00,93.30999755859375,93.30999755859375,93.26499938964844,93.26499938964844,202716
2026-08-06 13:30:00+00:00,93.16500091552734,93.18499755859375,93.1500015258789,93.1500015258789,1280100
2026-08-06 13:35:00+00:00,93.1677017211914,93.17500305175781,93.16000366210938,93.17500305175781,17386
2026-08-06 13:40:00+00:00,93.16500091552734,93.18499755859375,93.16000366210938,93.16000366210938,36090
2026-08-06 13:45:00+00:00,93.13999938964844,93.16500091552734,93.13999938964844,93.16500091552734,28657
2026-08-06 13:50:00+00:00,93.17500305175781,93.18000030517578,93.14080047607422,93.14080047607422,16755
2026-08-06 13:55:00+00:00,93.16000366210938,93.18499755859375,93.16000366210938,93.16999816894531,10428
2026-08-06 14:00:00+00:00,93.1500015258789,93.1792984008789,93.1500015258789,93.16999816894531,47437
2026-08-06 14:05:00+00:00,93.12000274658203,93.15499877929688,93.12000274658203,93.15499877929688,123554
2026-08-06 14:10:00+00:00,93.13009643554688,93.13500213623047,93.11019897460938,93.11019897460938,46905
2026-08-06 14:15:00+00:00,93.13500213623047,93.1449966430664,93.12999725341797,93.13500213623047,33969
2026-08-06 14:20:00+00:00,93.13099670410156,93.14910125732422,93.12999725341797,93.13999938964844,16029
2026-08-06 14:25:00+00:00,93.13500213623047,93.1449966430664,93.13500213623047,93.1449966430664,12322
2026-08-06 14:30:00+00:00,93.1449966430664,93.15989685058594,93.13999938964844,93.13999938964844,17937
2026-08-06 14:35:00+00:00,93.13009643554688,93.1449966430664,93.12999725341797,93.13999938964844,26333
2026-08-06 14:40:00+00:00,93.1449966430664,93.1500015258789,93.13069915771484,93.13500213623047,29992
2026-08-06 14:45:00+00:00,93.12010192871094,93.14990234375,93.12010192871094,93.1449966430664,28637
2026-08-06 14:50:00+00:00,93.11499786376953,93.125,93.0999984741211,93.125,138825
2026-08-06 14:55:00+00:00,93.10009765625,93.11930084228516,93.0999984741211,93.11930084228516,14135
2026-08-06 15:00:00+00:00,93.10970306396484,93.10970306396484,93.09010314941406,93.1050033569336,19733
2026-08-06 15:05:00+00:00,93.09500122070312,93.11499786376953,93.0802001953125,93.11499786376953,27820
2026-08-06 15:10:00+00:00,93.09500122070312,93.1050033569336,93.09010314941406,93.09929656982422,16008
2026-08-06 15:15:00+00:00,93.04499816894531,93.09500122070312,93.04499816894531,93.09500122070312,20308
2026-08-06 15:20:00+00:00,93.04000091552734,93.04900360107422,93.03500366210938,93.04499816894531,14731
2026-08-06 15:25:00+00:00,93.05010223388672,93.05509948730469,93.03089904785156,93.04499816894531,13551
2026-08-06 15:30:00+00:00,93.04000091552734,93.05960083007812,93.04000091552734,93.05500030517578,22406
2026-08-06 15:35:00+00:00,93.0302963256836,93.04499816894531,93.02999877929688,93.03500366210938,19783
2026-08-06 15:40:00+00:00,93.0250015258789,93.04499816894531,93.02020263671875,93.03500366210938,11501
2026-08-06 15:45:00+00:00,93.03990173339844,93.03990173339844,93.0199966430664,93.0250015258789,11531
2026-08-06 15:50:00+00:00,92.96009826660156,93.04000091552734,92.96009826660156,93.03500366210938,56389
2026-08-06 15:55:00+00:00,92.97370147705078,92.97989654541016,92.94999694824219,92.97000122070312,42576
2026-08-06 16:00:00+00:00,92.94499969482422,92.97949981689453,92.94000244140625,92.9749984741211,30860
2026-08-06 16:05:00+00:00,92.94499969482422,92.94969940185547,92.94010162353516,92.94010162353516,8057
2026-08-06 16:10:00+00:00,92.93499755859375,92.9490966796875,92.93000030517578,92.94029998779297,18683
2026-08-06 16:15:00+00:00,92.93000030517578,92.93499755859375,92.91000366210938,92.93499755859375,98759
2026-08-06 16:20:00+00:00,92.92500305175781,92.93000030517578,92.92500305175781,92.92500305175781,13870
2026-08-06 16:25:00+00:00,92.94000244140625,92.94000244140625,92.92009735107422,92.92500305175781,19348
2026-08-06 16:30:00+00:00,92.94029998779297,92.94930267333984,92.93499755859375,92.94000244140625,33719
2026-08-06 16:35:00+00:00,92.93009948730469,92.95500183105469,92.93009948730469,92.9489974975586,23217
2026-08-06 16:40:00+00:00,92.93910217285156,92.94499969482422,92.93000030517578,92.94000244140625,12147
2026-08-06 16:45:00+00:00,92.93499755859375,92.94000244140625,92.93000030517578,92.93009948730469,13353
2026-08-06 16:50:00+00:00,92.94629669189453,92.94629669189453,92.93070220947266,92.94000244140625,9876
2026-08-06 16:55:00+00:00,92.94499969482422,92.94499969482422,92.94000244140625,92.94499969482422,6777
2026-08-06 17:00:00+00:00,92.95500183105469,92.96990203857422,92.94499969482422,92.94499969482422,30587
2026-08-06 17:05:00+00:00,92.97000122070312,92.97000122070312,92.95500183105469,92.95500183105469,16017
2026-08-06 17:10:00+00:00,92.96099853515625,92.97509765625,92.96009826660156,92.9749984741211,20908
2026-08-06 17:15:00+00:00,92.95999908447266,92.97000122070312,92.95999908447266,92.96499633789062,9714
2026-08-06 17:20:00+00:00,92.97000122070312,92.97000122070312,92.95999908447266,92.96099853515625,19567
2026-08-06 17:25:00+00:00,92.96499633789062,92.97899627685547,92.96499633789062,92.9749984741211,22502
2026-08-06 17:30:00+00:00,92.96499633789062,92.96649932861328,92.95999908447266,92.96499633789062,14840
2026-08-06 17:35:00+00:00,92.94010162353516,92.96499633789062,92.94000244140625,92.96499633789062,13387
2026-08-06 17:40:00+00:00,92.94499969482422,92.94979858398438,92.94000244140625,92.94499969482422,16902
2026-08-06 17:45:00+00:00,92.94499969482422,92.94930267333984,92.94000244140625,92.94930267333984,12873
2026-08-06 17:50:00+00:00,92.94499969482422,92.9490966796875,92.94000244140625,92.94010162353516,21584
2026-08-06 17:55:00+00:00,92.94090270996094,92.9490966796875,92.93000030517578,92.94000244140625,14925
2026-08-06 18:00:00+00:00,92.94499969482422,92.94989776611328,92.94000244140625,92.94499969482422,8472
2026-08-06 18:05:00+00:00,92.94999694824219,92.95999908447266,92.94000244140625,92.94000244140625,13464
2026-08-06 18:10:00+00:00,92.93499755859375,92.94499969482422,92.93499755859375,92.94499969482422,28703
2026-08-06 18:15:00+00:00,92.93930053710938,92.94000244140625,92.93000030517578,92.93499755859375,18429
2026-08-06 18:20:00+00:00,92.93499755859375,92.94000244140625,92.93000030517578,92.93910217285156,10448
2026-08-06 18:25:00+00:00,92.93000030517578,92.94000244140625,92.93000030517578,92.93499755859375,19792
2026-08-06 18:30:00+00:00,92.93000030517578,92.94000244140625,92.93000030517578,92.93000030517578,40989
2026-08-06 18:35:00+00:00,92.93499755859375,92.94000244140625,92.93000030517578,92.93499755859375,24203
2026-08-06 18:40:00+00:00,92.93000030517578,92.94000244140625,92.93000030517578,92.93109893798828,12731
2026-08-06 18:45:00+00:00,92.94499969482422,92.94999694824219,92.93000030517578,92.93499755859375,33850
2026-08-06 18:50:00+00:00,92.94499969482422,92.94999694824219,92.94010162353516,92.94999694824219,11120
2026-08-06 18:55:00+00:00,92.94499969482422,92.94999694824219,92.93000030517578,92.94499969482422,39216
2026-08-06 19:00:00+00:00,92.95500183105469,92.95999908447266,92.94999694824219,92.94999694824219,16745
2026-08-06 19:05:00+00:00,92.96900177001953,92.97000122070312,92.94999694824219,92.94999694824219,36259
2026-08-06 19:10:00+00:00,92.97000122070312,92.9800033569336,92.96099853515625,92.96499633789062,59692
2026-08-06 19:15:00+00:00,92.9740982055664,92.9800033569336,92.97000122070312,92.97000122070312,48145
2026-08-06 19:20:00+00:00,92.94999694824219,92.9800033569336,92.94999694824219,92.97989654541016,105303
2026-08-06 19:25:00+00:00,92.91500091552734,92.94499969482422,92.91500091552734,92.94000244140625,71426
2026-08-06 19:30:00+00:00,92.91100311279297,92.91999816894531,92.90499877929688,92.91500091552734,44942
2026-08-06 19:35:00+00:00,92.93499755859375,92.94000244140625,92.91999816894531,92.91999816894531,47120
2026-08-06 19:40:00+00:00,92.93499755859375,92.94000244140625,92.93000030517578,92.93499755859375,20605
2026-08-06 19:45:00+00:00,92.93499755859375,92.94000244140625,92.93009948730469,92.93499755859375,19213
2026-08-06 19:50:00+00:00,92.96099853515625,92.9800033569336,92.93009948730469,92.94000244140625,361557
2026-08-06 19:55:00+00:00,92.9749984741211,92.9749984741211,92.95500183105469,92.96089935302734,375568
2026-08-07 13:30:00+00:00,93.26499938964844,93.30010223388672,93.26499938964844,93.29000091552734,294848
2026-08-07 13:35:00+00:00,93.29499816894531,93.29499816894531,93.2699966430664,93.2699966430664,81242
2026-08-07 13:40:00+00:00,93.30999755859375,93.31999969482422,93.29000091552734,93.29000091552734,152453
2026-08-07 13:45:00+00:00,93.27999877929688,93.31500244140625,93.2699966430664,93.30999755859375,222896
2026-08-07 13:50:00+00:00,93.2750015258789,93.29000091552734,93.2750015258789,93.28500366210938,184070
2026-08-07 13:55:00+00:00,93.2249984741211,93.27909851074219,93.2249984741211,93.2750015258789,249162
2026-08-07 14:00:00+00:00,93.19999694824219,93.23500061035156,93.19499969482422,93.2300033569336,285460
2026-08-07 14:05:00+00:00,93.16500091552734,93.19989776611328,93.16000366210938,93.19989776611328,186755
2026-08-07 14:10:00+00:00,93.18000030517578,93.18000030517578,93.15499877929688,93.16000366210938,216277
2026-08-07 14:15:00+00:00,93.20999908447266,93.20999908447266,93.16999816894531,93.18000030517578,157288
2026-08-07 14:20:00+00:00,93.21499633789062,93.2249984741211,93.20999908447266,93.20999908447266,439764
2026-08-07 14:25:00+00:00,93.18499755859375,93.22000122070312,93.18499755859375,93.20999908447266,127916
2026-08-07 14:30:00+00:00,93.18499755859375,93.18499755859375,93.16999816894531,93.17559814453125,184433
2026-08-07 14:35:00+00:00,93.18499755859375,93.19989776611328,93.18000030517578,93.18499755859375,126901
2026-08-07 14:40:00+00:00,93.16500091552734,93.19000244140625,93.16500091552734,93.18499755859375,106478
2026-08-07 14:45:00+00:00,93.13999938964844,93.16999816894531,93.13999938964844,93.16929626464844,337095
2026-08-07 14:50:00+00:00,93.13999938964844,93.1500015258789,93.13999938964844,93.13999938964844,109743
2026-08-07 14:55:00+00:00,93.12000274658203,93.1449966430664,93.12000274658203,93.1449966430664,70508
2026-08-07 15:00:00+00:00,93.11499786376953,93.12999725341797,93.0999984741211,93.12999725341797,242598
2026-08-07 15:05:00+00:00,93.11180114746094,93.12000274658203,93.11009979248047,93.11009979248047,156681
2026-08-07 15:10:00+00:00,93.12000274658203,93.12000274658203,93.09500122070312,93.11499786376953,346989
2026-08-07 15:15:00+00:00,93.11499786376953,93.125,93.11499786376953,93.12000274658203,193044
2026-08-07 15:20:00+00:00,93.12000274658203,93.12000274658203,93.11000061035156,93.11499786376953,151040
2026-08-07 15:25:00+00:00,93.125,93.12999725341797,93.11000061035156,93.12000274658203,226792
2026-08-07 15:30:00+00:00,93.11499786376953,93.12999725341797,93.11000061035156,93.125,201494
2026-08-07 15:35:00+00:00,93.1500015258789,93.16000366210938,93.11000061035156,93.11499786376953,428518
2026-08-07 15:40:00+00:00,93.125,93.15689849853516,93.125,93.1500015258789,134305
2026-08-07 15:45:00+00:00,93.11100006103516,93.12999725341797,93.11100006103516,93.12999725341797,79188
2026-08-07 15:50:00+00:00,93.09120178222656,93.12000274658203,93.08999633789062,93.11499786376953,73562
2026-08-07 15:55:00+00:00,93.09500122070312,93.0999984741211,93.08999633789062,93.09500122070312,118946
2026-08-07 16:00:00+00:00,93.08499908447266,93.09500122070312,93.08000183105469,93.08999633789062,66309
2026-08-07 16:05:00+00:00,93.08999633789062,93.0999984741211,93.08000183105469,93.08499908447266,298627
2026-08-07 16:10:00+00:00,93.1050033569336,93.11000061035156,93.08999633789062,93.08999633789062,61856
2026-08-07 16:15:00+00:00,93.1050033569336,93.12000274658203,93.10009765625,93.11000061035156,93724
2026-08-07 16:20:00+00:00,93.1050033569336,93.13500213623047,93.1050033569336,93.11000061035156,43713
2026-08-07 16:25:00+00:00,93.09500122070312,93.10910034179688,93.08999633789062,93.1050033569336,15951
2026-08-07 16:30:00+00:00,93.07499694824219,93.09500122070312,93.06999969482422,93.09500122070312,57133
2026-08-07 16:35:00+00:00,93.11000061035156,93.11000061035156,93.06999969482422,93.07499694824219,55507
2026-08-07 16:40:00+00:00,93.11499786376953,93.12000274658203,93.1050033569336,93.1050033569336,20720
2026-08-07 16:45:00+00:00,93.125,93.13500213623047,93.11190032958984,93.12000274658203,62376
2026-08-07 16:50:00+00:00,93.12909698486328,93.12999725341797,93.12000274658203,93.125,39160
2026-08-07 16:55:00+00:00,93.11499786376953,93.125,93.11000061035156,93.125,28949
2026-08-07 17:00:00+00:00,93.1050033569336,93.11499786376953,93.0999984741211,93.11499786376953,14917
2026-08-07 17:05:00+00:00,93.08000183105469,93.0999984741211,93.07499694824219,93.0999984741211,96628
2026-08-07 17:10:00+00:00,93.08999633789062,93.08999633789062,93.08090209960938,93.08499908447266,26565
2026-08-07 17:15:00+00:00,93.1050033569336,93.1050033569336,93.0801010131836,93.08999633789062,37637
2026-08-07 17:20:00+00:00,93.10900115966797,93.11000061035156,93.0999984741211,93.1050033569336,345106
2026-08-07 17:25:00+00:00,93.11499786376953,93.12000274658203,93.1050033569336,93.1050033569336,25644
2026-08-07 17:30:00+00:00,93.12999725341797,93.13999938964844,93.11000061035156,93.11499786376953,52760
2026-08-07 17:35:00+00:00,93.12000274658203,93.12999725341797,93.12000274658203,93.125,42685
2026-08-07 17:40:00+00:00,93.12000274658203,93.12999725341797,93.12000274658203,93.125,52430
2026-08-07 17:45:00+00:00,93.11000061035156,93.12999725341797,93.11000061035156,93.12969970703125,36345
2026-08-07 17:50:00+00:00,93.125,93.12999725341797,93.11000061035156,93.11499786376953,36776
2026-08-07 17:55:00+00:00,93.11990356445312,93.125,93.11009979248047,93.125,59174
2026-08-07 18:00:00+00:00,93.0999984741211,93.11499786376953,93.08999633789062,93.11499786376953,53518
2026-08-07 18:05:00+00:00,93.11499786376953,93.12000274658203,93.08999633789062,93.09500122070312,40343
2026-08-07 18:10:00+00:00,93.09500122070312,93.12000274658203,93.08999633789062,93.11499786376953,55698
2026-08-07 18:15:00+00:00,93.09500122070312,93.0999984741211,93.08999633789062,93.08999633789062,82956
2026-08-07 18:20:00+00:00,93.08499908447266,93.0990982055664,93.08000183105469,93.09850311279297,26740
2026-08-07 18:25:00+00:00,93.08499908447266,93.08999633789062,93.08000183105469,93.0801010131836,314838
2026-08-07 18:30:00+00:00,93.08499908447266,93.08989715576172,93.08000183105469,93.08000183105469,21292
2026-08-07 18:35:00+00:00,93.06999969482422,93.08910369873047,93.06999969482422,93.08499908447266,46067
2026-08-07 18:40:00+00:00,93.06999969482422,93.0791015625,93.05999755859375,93.07009887695312,197285
2026-08-07 18:45:00+00:00,93.07499694824219,93.08000183105469,93.05999755859375,93.06999969482422,1114329
2026-08-07 18:50:00+00:00,93.07499694824219,93.08000183105469,93.05999755859375,93.08000183105469,318187
2026-08-07 18:55:00+00:00,93.06999969482422,93.07499694824219,93.05999755859375,93.07499694824219,311229
2026-08-07 19:00:00+00:00,93.09500122070312,93.0999984741211,93.05999755859375,93.07499694824219,265035
2026-08-07 19:05:00+00:00,93.08499908447266,93.09500122070312,93.08000183105469,93.09500122070312,368199
2026-08-07 19:10:00+00:00,93.09500122070312,93.09989929199219,93.08000183105469,93.08499908447266,287108
2026-08-07 19:15:00+00:00,93.13500213623047,93.13500213623047,93.08999633789062,93.08999633789062,585164
2026-08-07 19:20:00+00:00,93.16500091552734,93.16999816894531,93.13009643554688,93.13899993896484,287217
2026-08-07 19:25:00+00:00,93.18499755859375,93.19000244140625,93.16000366210938,93.16500091552734,183724
2026-08-07 19:30:00+00:00,93.18499755859375,93.19999694824219,93.18000030517578,93.18499755859375,138928
2026-08-07 19:35:00+00:00,93.18000030517578,93.19999694824219,93.18000030517578,93.18499755859375,74652
2026-08-07 19:40:00+00:00,93.18499755859375,93.19000244140625,93.16999816894531,93.18000030517578,79957
2026-08-07 19:45:00+00:00,93.19000244140625,93.19930267333984,93.18000030517578,93.18499755859375,107911
2026-08-07 19:50:00+00:00,93.16500091552734,93.18900299072266,93.16000366210938,93.18499755859375,57222
2026-08-07 19:55:00+00:00,93.16999816894531,93.18000030517578,93.1500015258789,93.16000366210938,322605
2026-08-10 13:30:00+00:00,92.96499633789062,92.9749984741211,92.94999694824219,92.94999694824219,219365
2026-08-10 13:35:00+00:00,92.96499633789062,92.97000122070312,92.95500183105469,92.96499633789062,223004
2026-08-10 13:40:00+00:00,92.91010284423828,92.95999908447266,92.91010284423828,92.95999908447266,116400
2026-08-10 13:45:00+00:00,92.8550033569336,92.91500091552734,92.8550033569336,92.91500091552734,200437
2026-08-10 13:50:00+00:00,92.875,92.875,92.84500122070312,92.85389709472656,95557
2026-08-10 13:55:00+00:00,92.875,92.875,92.8499984741211,92.875,298277
2026-08-10 14:00:00+00:00,92.88500213623047,92.88999938964844,92.87000274658203,92.875,73884
2026-08-10 14:05:00+00:00,92.88500213623047,92.8949966430664,92.87999725341797,92.88310241699219,79613
2026-08-10 14:10:00+00:00,92.88480377197266,92.88929748535156,92.87010192871094,92.88009643554688,31633
2026-08-10 14:15:00+00:00,92.88500213623047,92.88999938964844,92.88009643554688,92.88500213623047,47650
2026-08-10 14:20:00+00:00,92.87999725341797,92.88999938964844,92.87010192871094,92.88500213623047,74837
2026-08-10 14:25:00+00:00,92.8949966430664,92.89910125732422,92.88009643554688,92.88500213623047,32249
2026-08-10 14:30:00+00:00,92.89800262451172,92.9000015258789,92.89009857177734,92.9000015258789,24131
2026-08-10 14:35:00+00:00,92.8949966430664,92.91000366210938,92.8949966430664,92.8949966430664,435895
2026-08-10 14:40:00+00:00,92.8949966430664,92.91000366210938,92.88999938964844,92.8949966430664,202858
2026-08-10 14:45:00+00:00,92.9000015258789,92.9000015258789,92.89009857177734,92.8949966430664,55273
2026-08-10 14:50:00+00:00,92.8949966430664,92.9000015258789,92.88999938964844,92.9000015258789,112062
2026-08-10 14:55:00+00:00,92.9000015258789,92.9000015258789,92.88999938964844,92.8949966430664,62837
2026-08-10 15:00:00+00:00,92.86000061035156,92.8949966430664,92.8550033569336,92.8949966430664,118176
2026-08-10 15:05:00+00:00,92.8550033569336,92.86000061035156,92.8499984741211,92.8550033569336,79483
2026-08-10 15:10:00+00:00,92.86499786376953,92.86499786376953,92.84359741210938,92.8499984741211,97831
2026-08-10 15:15:00+00:00,92.86000061035156,92.87000274658203,92.8499984741211,92.86499786376953,60485
2026-08-10 15:20:00+00:00,92.8550033569336,92.87000274658203,92.85340118408203,92.86000061035156,138824
2026-08-10 15:25:00+00:00,92.86499786376953,92.86499786376953,92.8499984741211,92.8550033569336,73901
2026-08-10 15:30:00+00:00,92.83499908447266,92.86930084228516,92.83499908447266,92.86910247802734,164937
2026-08-10 15:35:00+00:00,92.82499694824219,92.84619903564453,92.82499694824219,92.83499908447266,97638
2026-08-10 15:40:00+00:00,92.83499908447266,92.83989715576172,92.8218002319336,92.83000183105469,66644
2026-08-10 15:45:00+00:00,92.83999633789062,92.83999633789062,92.81999969482422,92.83499908447266,84849
2026-08-10 15:50:00+00:00,92.8550033569336,92.86000061035156,92.83499908447266,92.83499908447266,95344
2026-08-10 15:55:00+00:00,92.86000061035156,92.86000061035156,92.84500122070312,92.8499984741211,81743
2026-08-10 16:00:00+00:00,92.86000061035156,92.86000061035156,92.8499984741211,92.8499984741211,130524
2026-08-10 16:05:00+00:00,92.86499786376953,92.87000274658203,92.85009765625,92.85990142822266,45429
2026-08-10 16:10:00+00:00,92.86499786376953,92.87000274658203,92.86009979248047,92.86090087890625,57863
2026-08-10 16:15:00+00:00,92.8499984741211,92.86990356445312,92.8499984741211,92.86090087890625,15795
2026-08-10 16:20:00+00:00,92.8499984741211,92.86000061035156,92.8499984741211,92.85009765625,21632
2026-08-10 16:25:00+00:00,92.86499786376953,92.87000274658203,92.85009765625,92.8550033569336,54278
2026-08-10 16:30:00+00:00,92.83000183105469,92.86979675292969,92.81500244140625,92.86979675292969,321144
2026-08-10 16:35:00+00:00,92.83499908447266,92.84500122070312,92.83000183105469,92.83999633789062,54099
2026-08-10 16:40:00+00:00,92.80500030517578,92.83499908447266,92.80010223388672,92.8301010131836,34646
2026-08-10 16:45:00+00:00,92.79499816894531,92.8093032836914,92.79000091552734,92.80500030517578,91551
2026-08-10 16:50:00+00:00,92.80000305175781,92.80000305175781,92.79499816894531,92.79499816894531,30336
2026-08-10 16:55:00+00:00,92.802001953125,92.80809783935547,92.80000305175781,92.80000305175781,282225
2026-08-10 17:00:00+00:00,92.80000305175781,92.80500030517578,92.79499816894531,92.80500030517578,68162
2026-08-10 17:05:00+00:00,92.80500030517578,92.80989837646484,92.79010009765625,92.80000305175781,52426
2026-08-10 17:10:00+00:00,92.80500030517578,92.80989837646484,92.80010223388672,92.80500030517578,9301
2026-08-10 17:15:00+00:00,92.79499816894531,92.80899810791016,92.79499816894531,92.80500030517578,13334
2026-08-10 17:20:00+00:00,92.79499816894531,92.79900360107422,92.79010009765625,92.79499816894531,112539
2026-08-10 17:25:00+00:00,92.79989624023438,92.79989624023438,92.79010009765625,92.79010009765625,12129
2026-08-10 17:30:00+00:00,92.80500030517578,92.80999755859375,92.79499816894531,92.79499816894531,130717
2026-08-10 17:35:00+00:00,92.79499816894531,92.80999755859375,92.79499816894531,92.80999755859375,65963
2026-08-10 17:40:00+00:00,92.80500030517578,92.80899810791016,92.7947998046875,92.79499816894531,156777
2026-08-10 17:45:00+00:00,92.80000305175781,92.80500030517578,92.79219818115234,92.80069732666016,103249
2026-08-10 17:50:00+00:00,92.79419708251953,92.80000305175781,92.79000091552734,92.79499816894531,24076
2026-08-10 17:55:00+00:00,92.80000305175781,92.80000305175781,92.79109954833984,92.80000305175781,36668
2026-08-10 18:00:00+00:00,92.80999755859375,92.80999755859375,92.79399871826172,92.80000305175781,96267
2026-08-10 18:05:00+00:00,92.80979919433594,92.81999969482422,92.80500030517578,92.80999755859375,55815
2026-08-10 18:10:00+00:00,92.80449676513672,92.81500244140625,92.80449676513672,92.80500030517578,41655
2026-08-10 18:15:00+00:00,92.80010223388672,92.80999755859375,92.80000305175781,92.80000305175781,43229
2026-08-10 18:20:00+00:00,92.80500030517578,92.80999755859375,92.8010025024414,92.80500030517578,12286
2026-08-10 18:25:00+00:00,92.81990051269531,92.81999969482422,92.80999755859375,92.80999755859375,48306
2026-08-10 18:30:00+00:00,92.81999969482422,92.82990264892578,92.80999755859375,92.81500244140625,77749
2026-08-10 18:35:00+00:00,92.82499694824219,92.82990264892578,92.81999969482422,92.82499694824219,59977
2026-08-10 18:40:00+00:00,92.82499694824219,92.82499694824219,92.81999969482422,92.81999969482422,81627
2026-08-10 18:45:00+00:00,92.81500244140625,92.8290023803711,92.80999755859375,92.82499694824219,46479
2026-08-10 18:50:00+00:00,92.81390380859375,92.81999969482422,92.80010223388672,92.80999755859375,88665
2026-08-10 18:55:00+00:00,92.81089782714844,92.81500244140625,92.80000305175781,92.81500244140625,236757
2026-08-10 19:00:00+00:00,92.81500244140625,92.81999969482422,92.80999755859375,92.81500244140625,48156
2026-08-10 19:05:00+00:00,92.80000305175781,92.81999969482422,92.79000091552734,92.81500244140625,82421
2026-08-10 19:10:00+00:00,92.79499816894531,92.80000305175781,92.79000091552734,92.80000305175781,48199
2026-08-10 19:15:00+00:00,92.79499816894531,92.79499816894531,92.79000091552734,92.79109954833984,61206
2026-08-10 19:20:00+00:00,92.79499816894531,92.80000305175781,92.79100036621094,92.79499816894531,40814
2026-08-10 19:25:00+00:00,92.78990173339844,92.80000305175781,92.78109741210938,92.79930114746094,69810
2026-08-10 19:30:00+00:00,92.7750015258789,92.79000091552734,92.7699966430664,92.77999877929688,249625
2026-08-10 19:35:00+00:00,92.79499816894531,92.80000305175781,92.7699966430664,92.7750015258789,128327
2026-08-10 19:40:00+00:00,92.79000091552734,92.79989624023438,92.77999877929688,92.79499816894531,54426
2026-08-10 19:45:00+00:00,92.78500366210938,92.79000091552734,92.77999877929688,92.78500366210938,31153
2026-08-10 19:50:00+00:00,92.78500366210938,92.79000091552734,92.77999877929688,92.78500366210938,125284
2026-08-10 19:55:00+00:00,92.77999877929688,92.78990173339844,92.7699966430664,92.78500366210938,571930
2026-08-11 13:30:00+00:00,92.94000244140625,92.96499633789062,92.94000244140625,92.94999694824219,106327
2026-08-11 13:35:00+00:00,92.96499633789062,92.97000122070312,92.93099975585938,92.94000244140625,42838
2026-08-11 13:40:00+00:00,93.00499725341797,93.00499725341797,92.96499633789062,92.96499633789062,33108
2026-08-11 13:45:00+00:00,93.02439880371094,93.04499816894531,93.01499938964844,93.01499938964844,74928
2026-08-11 13:50:00+00:00,92.9800033569336,93.0250015258789,92.9800033569336,93.0250015258789,43177
2026-08-11 13:55:00+00:00,92.96499633789062,92.9749984741211,92.96099853515625,92.9749984741211,16784
2026-08-11 14:00:00+00:00,92.94499969482422,92.97000122070312,92.94499969482422,92.95999908447266,42010
2026-08-11 14:05:00+00:00,92.94090270996094,92.94999694824219,92.93499755859375,92.94000244140625,31371
2026-08-11 14:10:00+00:00,92.94989776611328,92.94989776611328,92.93499755859375,92.94499969482422,34440
2026-08-11 14:15:00+00:00,92.94499969482422,92.9490966796875,92.93000030517578,92.94499969482422,21630
2026-08-11 14:20:00+00:00,92.94499969482422,92.94499969482422,92.93000030517578,92.94499969482422,22339
2026-08-11 14:25:00+00:00,92.92500305175781,92.94499969482422,92.91500091552734,92.94499969482422,29659
2026-08-11 14:30:00+00:00,92.93109893798828,92.93499755859375,92.92500305175781,92.92500305175781,17843
2026-08-11 14:35:00+00:00,92.93000030517578,92.94989776611328,92.93000030517578,92.93499755859375,65781
2026-08-11 14:40:00+00:00,92.9291000366211,92.94000244140625,92.92500305175781,92.93000030517578,24079
2026-08-11 14:45:00+00:00,92.94499969482422,92.94999694824219,92.92500305175781,92.92500305175781,74704
2026-08-11 14:50:00+00:00,92.93499755859375,92.94989776611328,92.93499755859375,92.94499969482422,15226
2026-08-11 14:55:00+00:00,92.92500305175781,92.93499755859375,92.91500091552734,92.93499755859375,23082
2026-08-11 15:00:00+00:00,92.95099639892578,92.95989990234375,92.93000030517578,92.93000030517578,56988
2026-08-11 15:05:00+00:00,92.93499755859375,92.95909881591797,92.92500305175781,92.95500183105469,26221
2026-08-11 15:10:00+00:00,92.92500305175781,92.94000244140625,92.92500305175781,92.93910217285156,19515
2026-08-11 15:15:00+00:00,92.91999816894531,92.93000030517578,92.91100311279297,92.92500305175781,20598
2026-08-11 15:20:00+00:00,92.91220092773438,92.9292984008789,92.91000366210938,92.9208984375,11960
2026-08-11 15:25:00+00:00,92.91999816894531,92.93000030517578,92.91909790039062,92.91999816894531,22424
2026-08-11 15:30:00+00:00,92.875,92.92990112304688,92.875,92.91000366210938,49407
2026-08-11 15:35:00+00:00,92.90989685058594,92.90989685058594,92.875,92.87999725341797,25637
2026-08-11 15:40:00+00:00,92.90499877929688,92.90989685058594,92.90070343017578,92.90989685058594,13809
2026-08-11 15:45:00+00:00,92.90499877929688,92.91000366210938,92.90010070800781,92.90499877929688,22780
2026-08-11 15:50:00+00:00,92.90499877929688,92.91000366210938,92.8949966430664,92.90499877929688,642412
2026-08-11 15:55:00+00:00,92.91500091552734,92.91909790039062,92.90499877929688,92.90499877929688,22313
2026-08-11 16:00:00+00:00,92.92500305175781,92.94999694824219,92.91500091552734,92.91500091552734,27339
2026-08-11 16:05:00+00:00,92.92990112304688,92.92990112304688,92.91500091552734,92.92500305175781,10977
2026-08-11 16:10:00+00:00,92.92500305175781,92.93000030517578,92.92030334472656,92.92500305175781,16430
2026-08-11 16:15:00+00:00,92.91000366210938,92.92990112304688,92.91000366210938,92.92990112304688,37884
2026-08-11 16:20:00+00:00,92.91500091552734,92.9197006225586,92.91000366210938,92.9197006225586,19109
2026-08-11 16:25:00+00:00,92.92009735107422,92.92500305175781,92.91069793701172,92.91500091552734,11973
2026-08-11 16:30:00+00:00,92.9281005859375,92.93000030517578,92.91069793701172,92.92500305175781,18784
2026-08-11 16:35:00+00:00,92.93499755859375,92.939697265625,92.92500305175781,92.92500305175781,14806
2026-08-11 16:40:00+00:00,92.93499755859375,92.93990325927734,92.93000030517578,92.93499755859375,26788
2026-08-11 16:45:00+00:00,92.91999816894531,92.94000244140625,92.91500091552734,92.93499755859375,51038
2026-08-11 16:50:00+00:00,92.93000030517578,92.93000030517578,92.91999816894531,92.91999816894531,18819
2026-08-11 16:55:00+00:00,92.92500305175781,92.93000030517578,92.91999816894531,92.93000030517578,20135
2026-08-11 17:00:00+00:00,92.94000244140625,92.94989776611328,92.9208984375,92.9291000366211,25182
2026-08-11 17:05:00+00:00,92.93499755859375,92.94989776611328,92.93229675292969,92.94000244140625,17295
2026-08-11 17:10:00+00:00,92.93900299072266,92.93990325927734,92.93000030517578,92.9301986694336,26595
2026-08-11 17:15:00+00:00,92.93499755859375,92.93990325927734,92.9207992553711,92.93000030517578,25293
2026-08-11 17:20:00+00:00,92.91500091552734,92.9397964477539,92.91500091552734,92.93000030517578,82380
2026-08-11 17:25:00+00:00,92.90499877929688,92.9198989868164,92.9021987915039,92.91500091552734,18628
2026-08-11 17:30:00+00:00,92.8949966430664,92.9197006225586,92.8949966430664,92.90010070800781,90760
2026-08-11 17:35:00+00:00,92.8949966430664,92.90499877929688,92.89009857177734,92.8949966430664,16696
2026-08-11 17:40:00+00:00,92.91500091552734,92.91999816894531,92.90499877929688,92.90499877929688,41684
2026-08-11 17:45:00+00:00,92.92500305175781,92.93000030517578,92.91500091552734,92.91500091552734,17346
2026-08-11 17:50:00+00:00,92.91999816894531,92.92500305175781,92.91999816894531,92.92500305175781,20088
2026-08-11 17:55:00+00:00,92.90560150146484,92.92500305175781,92.90029907226562,92.92500305175781,49385
2026-08-11 18:00:00+00:00,92.9000015258789,92.90989685058594,92.9000015258789,92.90499877929688,15553
2026-08-11 18:05:00+00:00,92.90499877929688,92.91000366210938,92.9000015258789,92.90499877929688,31466
2026-08-11 18:10:00+00:00,92.91500091552734,92.9198989868164,92.90499877929688,92.90499877929688,16599
2026-08-11 18:15:00+00:00,92.91500091552734,92.9198989868164,92.90229797363281,92.91500091552734,23399
2026-08-11 18:20:00+00:00,92.91639709472656,92.9198989868164,92.91000366210938,92.9198989868164,14763
2026-08-11 18:25:00+00:00,92.91999816894531,92.91999816894531,92.91000366210938,92.91500091552734,8546
2026-08-11 18:30:00+00:00,92.92500305175781,92.93000030517578,92.91000366210938,92.91500091552734,26006
2026-08-11 18:35:00+00:00,92.93499755859375,92.94000244140625,92.92109680175781,92.92109680175781,28361
2026-08-11 18:40:00+00:00,92.93930053710938,92.94000244140625,92.93000030517578,92.93499755859375,38806
2026-08-11 18:45:00+00:00,92.92500305175781,92.94000244140625,92.91999816894531,92.93499755859375,39761
2026-08-11 18:50:00+00:00,92.94499969482422,92.94999694824219,92.93000030517578,92.93000030517578,605244
2026-08-11 18:55:00+00:00,92.93499755859375,92.95500183105469,92.93009948730469,92.94999694824219,103619
2026-08-11 19:00:00+00:00,92.94000244140625,92.9489974975586,92.93499755859375,92.93499755859375,44203
2026-08-11 19:05:00+00:00,92.93499755859375,92.94999694824219,92.93000030517578,92.94499969482422,88119
2026-08-11 19:10:00+00:00,92.93499755859375,92.94000244140625,92.93000030517578,92.93499755859375,164923
2026-08-11 19:15:00+00:00,92.88500213623047,92.93499755859375,92.88500213623047,92.93499755859375,61109
2026-08-11 19:20:00+00:00,92.88999938964844,92.9000015258789,92.88500213623047,92.88500213623047,45177
2026-08-11 19:25:00+00:00,92.8949966430664,92.89990234375,92.88999938964844,92.8949966430664,66383
2026-08-11 19:30:00+00:00,92.87999725341797,92.8949966430664,92.87999725341797,92.8949966430664,48977
2026-08-11 19:35:00+00:00,92.88500213623047,92.88999938964844,92.87000274658203,92.87999725341797,79190
2026-08-11 19:40:00+00:00,92.87999725341797,92.88999938964844,92.87999725341797,92.87999725341797,668056
2026-08-11 19:45:00+00:00,92.88500213623047,92.88990020751953,92.87999725341797,92.87999725341797,25284
2026-08-11 19:50:00+00:00,92.87999725341797,92.88999938964844,92.87999725341797,92.87999725341797,45791
2026-08-11 19:55:00+00:00,92.88500213623047,92.89839935302734,92.87999725341797,92.88500213623047,199781
2026-08-12 13:30:00+00:00,93.125,93.16000366210938,93.1050033569336,93.1449966430664,155673
2026-08-12 13:35:00+00:00,93.11000061035156,93.13500213623047,93.11000061035156,93.125,46500
2026-08-12 13:40:00+00:00,93.08499908447266,93.11000061035156,93.08499908447266,93.0999984741211,248989
2026-08-12 13:45:00+00:00,93.09500122070312,93.09989929199219,93.06500244140625,93.08999633789062,85430
2026-08-12 13:50:00+00:00,93.0990982055664,93.11000061035156,93.09500122070312,93.09500122070312,33110
2026-08-12 13:55:00+00:00,93.09500122070312,93.1050033569336,93.09010314941406,93.09500122070312,21804
2026-08-12 14:00:00+00:00,93.09089660644531,93.11009979248047,93.08000183105469,93.0999984741211,68581
2026-08-12 14:05:00+00:00,93.04499816894531,93.0999984741211,93.04499816894531,93.09500122070312,53627
2026-08-12 14:10:00+00:00,93.06500244140625,93.06500244140625,93.04010009765625,93.05000305175781,51297
2026-08-12 14:15:00+00:00,93.05999755859375,93.07649993896484,93.05999755859375,93.06500244140625,34368
2026-08-12 14:20:00+00:00,93.09929656982422,93.0999984741211,93.06109619140625,93.06500244140625,61682
2026-08-12 14:25:00+00:00,93.08499908447266,93.0999984741211,93.08499908447266,93.09500122070312,32137
2026-08-12 14:30:00+00:00,93.06909942626953,93.125,93.05500030517578,93.08999633789062,312892
2026-08-12 14:35:00+00:00,93.07099914550781,93.08499908447266,93.06500244140625,93.06500244140625,68410
2026-08-12 14:40:00+00:00,93.08000183105469,93.08499908447266,93.06999969482422,93.07499694824219,40372
2026-08-12 14:45:00+00:00,93.06500244140625,93.08499908447266,93.0625,93.07499694824219,19935
2026-08-12 14:50:00+00:00,93.0250015258789,93.06990051269531,93.0250015258789,93.06500244140625,45240
2026-08-12 14:55:00+00:00,93.01499938964844,93.03500366210938,93.01000213623047,93.0250015258789,28415
2026-08-12 15:00:00+00:00,93.0,93.01000213623047,93.0,93.01000213623047,13703
2026-08-12 15:05:00+00:00,93.02249908447266,93.0250015258789,92.99440002441406,93.0,35705
2026-08-12 15:10:00+00:00,93.0425033569336,93.05000305175781,93.02999877929688,93.02999877929688,22044
2026-08-12 15:15:00+00:00,93.05500030517578,93.06999969482422,93.04499816894531,93.04499816894531,17534
2026-08-12 15:20:00+00:00,93.06500244140625,93.06500244140625,93.05000305175781,93.05500030517578,19960
2026-08-12 15:25:00+00:00,93.06639862060547,93.07499694824219,93.05999755859375,93.06500244140625,24279
2026-08-12 15:30:00+00:00,93.06890106201172,93.07230377197266,93.05999755859375,93.06500244140625,27393
2026-08-12 15:35:00+00:00,93.05000305175781,93.06500244140625,93.05000305175781,93.05999755859375,17735
2026-08-12 15:40:00+00:00,93.05500030517578,93.05999755859375,93.05000305175781,93.05010223388672,24795
2026-08-12 15:45:00+00:00,93.04989624023438,93.05999755859375,93.04000091552734,93.05999755859375,22298
2026-08-12 15:50:00+00:00,93.05999755859375,93.06500244140625,93.05000305175781,93.05000305175781,21813
2026-08-12 15:55:00+00:00,93.06999969482422,93.06999969482422,93.05999755859375,93.06500244140625,23024
2026-08-12 16:00:00+00:00,93.06009674072266,93.06999969482422,93.05500030517578,93.06500244140625,30040
2026-08-12 16:05:00+00:00,93.05500030517578,93.06999969482422,93.05000305175781,93.06500244140625,14372
2026-08-12 16:10:00+00:00,93.05500030517578,93.05989837646484,93.04000091552734,93.05500030517578,27939
2026-08-12 16:15:00+00:00,93.04499816894531,93.05999755859375,93.04499816894531,93.05500030517578,23072
2026-08-12 16:20:00+00:00,93.05599975585938,93.06929779052734,93.05000305175781,93.05000305175781,7633
2026-08-12 16:25:00+00:00,93.05999755859375,93.05999755859375,93.05000305175781,93.05229949951172,21190
2026-08-12 16:30:00+00:00,93.05069732666016,93.06900024414062,93.05069732666016,93.06500244140625,8071
2026-08-12 16:35:00+00:00,93.05650329589844,93.05999755859375,93.05010223388672,93.05909729003906,8135
2026-08-12 16:40:00+00:00,93.04499816894531,93.05909729003906,93.04000091552734,93.05500030517578,27883
2026-08-12 16:45:00+00:00,93.02130126953125,93.04499816894531,93.02130126953125,93.04019927978516,40569
2026-08-12 16:50:00+00:00,93.01000213623047,93.0199966430664,93.01000213623047,93.01499938964844,8030
2026-08-12 16:55:00+00:00,93.0250015258789,93.0250015258789,93.00070190429688,93.00910186767578,20964
2026-08-12 17:00:00+00:00,93.04499816894531,93.05000305175781,93.02999877929688,93.02999877929688,58218
2026-08-12 17:05:00+00:00,93.07099914550781,93.07990264892578,93.05000305175781,93.05000305175781,11906
2026-08-12 17:10:00+00:00,93.07499694824219,93.07499694824219,93.06500244140625,93.06999969482422,13842
2026-08-12 17:15:00+00:00,93.06500244140625,93.08000183105469,93.05999755859375,93.0791015625,23329
2026-08-12 17:20:00+00:00,93.08999633789062,93.08999633789062,93.06500244140625,93.0698013305664,41212
2026-08-12 17:25:00+00:00,93.0822982788086,93.08999633789062,93.08000183105469,93.08080291748047,26060
2026-08-12 17:30:00+00:00,93.0790023803711,93.08999633789062,93.06999969482422,93.08999633789062,37989
2026-08-12 17:35:00+00:00,93.05500030517578,93.07499694824219,93.05000305175781,93.06999969482422,15089
2026-08-12 17:40:00+00:00,93.03929901123047,93.05000305175781,93.03500366210938,93.05000305175781,40720
2026-08-12 17:45:00+00:00,93.0250015258789,93.03990173339844,93.0199966430664,93.03990173339844,12510
2026-08-12 17:50:00+00:00,93.01000213623047,93.029296875,93.01000213623047,93.02100372314453,14876
2026-08-12 17:55:00+00:00,92.9800033569336,93.01000213623047,92.9800033569336,93.01000213623047,33419
2026-08-12 18:00:00+00:00,92.99500274658203,92.99500274658203,92.96029663085938,92.97000122070312,18014
2026-08-12 18:05:00+00:00,92.98500061035156,92.99620056152344,92.9843978881836,92.99500274658203,12679
2026-08-12 18:10:00+00:00,92.99500274658203,92.9999008178711,92.98639678955078,92.98999786376953,46541
2026-08-12 18:15:00+00:00,92.98500061035156,93.0,92.98500061035156,92.98999786376953,18112
2026-08-12 18:20:00+00:00,92.98500061035156,92.98989868164062,92.9800033569336,92.9800033569336,17029
2026-08-12 18:25:00+00:00,92.94499969482422,93.0,92.94499969482422,92.98500061035156,41981
2026-08-12 18:30:00+00:00,92.94999694824219,92.95999908447266,92.94000244140625,92.94999694824219,33157
2026-08-12 18:35:00+00:00,92.95500183105469,92.95909881591797,92.94999694824219,92.9573974609375,6673
2026-08-12 18:40:00+00:00,92.94080352783203,92.94999694824219,92.94000244140625,92.94999694824219,40036
2026-08-12 18:45:00+00:00,92.95999908447266,92.95999908447266,92.94999694824219,92.94999694824219,28107
2026-08-12 18:50:00+00:00,92.96109771728516,92.97000122070312,92.95999908447266,92.95999908447266,52519
2026-08-12 18:55:00+00:00,92.96990203857422,92.97000122070312,92.95999908447266,92.97000122070312,32520
2026-08-12 19:00:00+00:00,92.9749984741211,92.9800033569336,92.96019744873047,92.96499633789062,52680
2026-08-12 19:05:00+00:00,92.97000122070312,92.9800033569336,92.97000122070312,92.9800033569336,38149
2026-08-12 19:10:00+00:00,92.9749984741211,92.9800033569336,92.96440124511719,92.97000122070312,60881
2026-08-12 19:15:00+00:00,92.9749984741211,92.9800033569336,92.97010040283203,92.9800033569336,34685
2026-08-12 19:20:00+00:00,92.98500061035156,92.98999786376953,92.97090148925781,92.9800033569336,479318
2026-08-12 19:25:00+00:00,92.9749984741211,92.98999786376953,92.97000122070312,92.98500061035156,51199
2026-08-12 19:30:00+00:00,92.98999786376953,92.98999786376953,92.9749984741211,92.9749984741211,45999
2026-08-12 19:35:00+00:00,92.95500183105469,92.98999786376953,92.94999694824219,92.98999786376953,331484
2026-08-12 19:40:00+00:00,92.95500183105469,92.95999908447266,92.93000030517578,92.95500183105469,95574
2026-08-12 19:45:00+00:00,92.96499633789062,92.96910095214844,92.94499969482422,92.95500183105469,200915
2026-08-12 19:50:00+00:00,92.95500183105469,92.96929931640625,92.95030212402344,92.95999908447266,127211
2026-08-12 19:55:00+00:00,92.94499969482422,92.95999908447266,92.94499969482422,92.95500183105469,340451
2026-08-13 13:30:00+00:00,93.29000091552734,93.31999969482422,93.2750015258789,93.31999969482422,409415
2026-08-13 13:35:00+00:00,93.32499694824219,93.32499694824219,93.29499816894531,93.29499816894531,389379
2026-08-13 13:40:00+00:00,93.33000183105469,93.33499908447266,93.31500244140625,93.32499694824219,71552
2026-08-13 13:45:00+00:00,93.36000061035156,93.36499786376953,93.33000183105469,93.33499908447266,75108
2026-08-13 13:50:00+00:00,93.375,93.375,93.33999633789062,93.36499786376953,59277
2026-08-13 13:55:00+00:00,93.4000015258789,93.4000015258789,93.37000274658203,93.37010192871094,68554
2026-08-13 14:00:00+00:00,93.44010162353516,93.44989776611328,93.41000366210938,93.41000366210938,75983
2026-08-13 14:05:00+00:00,93.47000122070312,93.4749984741211,93.44499969482422,93.44499969482422,186833
2026-08-13 14:10:00+00:00,93.5,93.50990295410156,93.47000122070312,93.4800033569336,92987
2026-08-13 14:15:00+00:00,93.50499725341797,93.51000213623047,93.48999786376953,93.50499725341797,126917
2026-08-13 14:20:00+00:00,93.4800033569336,93.5093002319336,93.47000122070312,93.5,291425
2026-08-13 14:25:00+00:00,93.45999908447266,93.47930145263672,93.45999908447266,93.47000122070312,43289
2026-08-13 14:30:00+00:00,93.44509887695312,93.45500183105469,93.43250274658203,93.44999694824219,69045
2026-08-13 14:35:00+00:00,93.45909881591797,93.47000122070312,93.44499969482422,93.44499969482422,88947
2026-08-13 14:40:00+00:00,93.45500183105469,93.45989990234375,93.44499969482422,93.45010375976562,18402
2026-08-13 14:45:00+00:00,93.45500183105469,93.46990203857422,93.44000244140625,93.45500183105469,53473
2026-08-13 14:50:00+00:00,93.44999694824219,93.45500183105469,93.44080352783203,93.45240020751953,25125
2026-08-13 14:55:00+00:00,93.41500091552734,93.44000244140625,93.41500091552734,93.44000244140625,35263
2026-08-13 15:00:00+00:00,93.41500091552734,93.41500091552734,93.40499877929688,93.41000366210938,61663
2026-08-13 15:05:00+00:00,93.38929748535156,93.41899871826172,93.37999725341797,93.41500091552734,7715
2026-08-13 15:10:00+00:00,93.35910034179688,93.38800048828125,93.3499984741211,93.38500213623047,18923
2026-08-13 15:15:00+00:00,93.3499984741211,93.3550033569336,93.33999633789062,93.3499984741211,77720
2026-08-13 15:20:00+00:00,93.36990356445312,93.37539672851562,93.3499984741211,93.3550033569336,87029
2026-08-13 15:25:00+00:00,93.30500030517578,93.36499786376953,93.29499816894531,93.36000061035156,113951
2026-08-13 15:30:00+00:00,93.30909729003906,93.32499694824219,93.30010223388672,93.30020141601562,22672
2026-08-13 15:35:00+00:00,93.33499908447266,93.33499908447266,93.30999755859375,93.30999755859375,31411
2026-08-13 15:40:00+00:00,93.33000183105469,93.3499984741211,93.33000183105469,93.33999633789062,47770
2026-08-13 15:45:00+00:00,93.31999969482422,93.33989715576172,93.31999969482422,93.33940124511719,110783
2026-08-13 15:50:00+00:00,93.30500030517578,93.32499694824219,93.30500030517578,93.31999969482422,25446
2026-08-13 15:55:00+00:00,93.31500244140625,93.31909942626953,93.30500030517578,93.30989837646484,26921
2026-08-13 16:00:00+00:00,93.31500244140625,93.31610107421875,93.30999755859375,93.31500244140625,8639
2026-08-13 16:05:00+00:00,93.31400299072266,93.3198013305664,93.30079650878906,93.31500244140625,14292
2026-08-13 16:10:00+00:00,93.29000091552734,93.30999755859375,93.28500366210938,93.30999755859375,17280
2026-08-13 16:15:00+00:00,93.30909729003906,93.30909729003906,93.29029846191406,93.29499816894531,7700
2026-08-13 16:20:00+00:00,93.31500244140625,93.31500244140625,93.30269622802734,93.30500030517578,15893
2026-08-13 16:25:00+00:00,93.31929779052734,93.33080291748047,93.31929779052734,93.31999969482422,12744
2026-08-13 16:30:00+00:00,93.33000183105469,93.33000183105469,93.31500244140625,93.31500244140625,10172
2026-08-13 16:35:00+00:00,93.32499694824219,93.33999633789062,93.32499694824219,93.33999633789062,19745
2026-08-13 16:40:00+00:00,93.31500244140625,93.33000183105469,93.30500030517578,93.32099914550781,11130
2026-08-13 16:45:00+00:00,93.30500030517578,93.31990051269531,93.30500030517578,93.3104019165039,124904
2026-08-13 16:50:00+00:00,93.30500030517578,93.30999755859375,93.29499816894531,93.30500030517578,12850
2026-08-13 16:55:00+00:00,93.2958984375,93.30999755859375,93.29499816894531,93.30000305175781,9666
2026-08-13 17:00:00+00:00,93.27999877929688,93.30999755859375,93.27999877929688,93.30000305175781,26276
2026-08-13 17:05:00+00:00,93.27999877929688,93.29989624023438,93.27999877929688,93.29000091552734,7306
2026-08-13 17:10:00+00:00,93.27999877929688,93.29000091552734,93.27999877929688,93.27999877929688,6951
2026-08-13 17:15:00+00:00,93.29499816894531,93.29910278320312,93.27999877929688,93.28160095214844,12051
2026-08-13 17:20:00+00:00,93.29000091552734,93.29769897460938,93.27999877929688,93.29000091552734,1507524
2026-08-13 17:25:00+00:00,93.27999877929688,93.29989624023438,93.27999877929688,93.29499816894531,9164
2026-08-13 17:30:00+00:00,93.27999877929688,93.28990173339844,93.27999877929688,93.27999877929688,17808
2026-08-13 17:35:00+00:00,93.29499816894531,93.29499816894531,93.27999877929688,93.27999877929688,21929
2026-08-13 17:40:00+00:00,93.28500366210938,93.30000305175781,93.27999877929688,93.30000305175781,23645
2026-08-13 17:45:00+00:00,93.29989624023438,93.30000305175781,93.28009796142578,93.28009796142578,127041
2026-08-13 17:50:00+00:00,93.29499816894531,93.30000305175781,93.29000091552734,93.29499816894531,10984
2026-08-13 17:55:00+00:00,93.28500366210938,93.29499816894531,93.27999877929688,93.29000091552734,9254
2026-08-13 18:00:00+00:00,93.29499816894531,93.29989624023438,93.28500366210938,93.28500366210938,14864
2026-08-13 18:05:00+00:00,93.31500244140625,93.31999969482422,93.2925033569336,93.2925033569336,17723
2026-08-13 18:10:00+00:00,93.33499908447266,93.34980010986328,93.31220245361328,93.31500244140625,22768
2026-08-13 18:15:00+00:00,93.31999969482422,93.33910369873047,93.30999755859375,93.33499908447266,17332
2026-08-13 18:20:00+00:00,93.30999755859375,93.31999969482422,93.30000305175781,93.31999969482422,6086
2026-08-13 18:25:00+00:00,93.31109619140625,93.31999969482422,93.30999755859375,93.31500244140625,21967
2026-08-13 18:30:00+00:00,93.32499694824219,93.33499908447266,93.31999969482422,93.31999969482422,21491
2026-08-13 18:35:00+00:00,93.3499984741211,93.35910034179688,93.31999969482422,93.32499694824219,82064
2026-08-13 18:40:00+00:00,93.34500122070312,93.36000061035156,93.33999633789062,93.3550033569336,18528
2026-08-13 18:45:00+00:00,93.34770202636719,93.3499984741211,93.33999633789062,93.34500122070312,13601
2026-08-13 18:50:00+00:00,93.34500122070312,93.3499984741211,93.33000183105469,93.34500122070312,26016
2026-08-13 18:55:00+00:00,93.32499694824219,93.34500122070312,93.32099914550781,93.34500122070312,322009
2026-08-13 19:00:00+00:00,93.30999755859375,93.33499908447266,93.30999755859375,93.33000183105469,16532
2026-08-13 19:05:00+00:00,93.30500030517578,93.31999969482422,93.30000305175781,93.31909942626953,17782
2026-08-13 19:10:00+00:00,93.30999755859375,93.31909942626953,93.30000305175781,93.30500030517578,13971
2026-08-13 19:15:00+00:00,93.31500244140625,93.31999969482422,93.30999755859375,93.31500244140625,12900
2026-08-13 19:20:00+00:00,93.31990051269531,93.31990051269531,93.30000305175781,93.30999755859375,45735
2026-08-13 19:25:00+00:00,93.30999755859375,93.31999969482422,93.3010025024414,93.31500244140625,22106
2026-08-13 19:30:00+00:00,93.31500244140625,93.31999969482422,93.30000305175781,93.31500244140625,107182
2026-08-13 19:35:00+00:00,93.30010223388672,93.31999969482422,93.30000305175781,93.31500244140625,25240
2026-08-13 19:40:00+00:00,93.29499816894531,93.30999755859375,93.29070281982422,93.30999755859375,17171
2026-08-13 19:45:00+00:00,93.29219818115234,93.30000305175781,93.29000091552734,93.29000091552734,14518
2026-08-13 19:50:00+00:00,93.30999755859375,93.30999755859375,93.29000091552734,93.29000091552734,264569
2026-08-13 19:55:00+00:00,93.29499816894531,93.30999755859375,93.27999877929688,93.30500030517578,358886
2026-08-14 13:30:00+00:00,93.29499816894531,93.29499816894531,93.25,93.27999877929688,194716
2026-08-14 13:35:00+00:00,93.30500030517578,93.31999969482422,93.30000305175781,93.30370330810547,17136
2026-08-14 13:40:00+00:00,93.31999969482422,93.31999969482422,93.30010223388672,93.30010223388672,20526
2026-08-14 13:45:00+00:00,93.2699966430664,93.32969665527344,93.2699966430664,93.31999969482422,47720
2026-08-14 13:50:00+00:00,93.25,93.27780151367188,93.25,93.2698974609375,53659
2026-08-14 13:55:00+00:00,93.25990295410156,93.27989959716797,93.25499725341797,93.26000213623047,47871
2026-08-14 14:00:00+00:00,93.24500274658203,93.28690338134766,93.2300033569336,93.26000213623047,134048
2026-08-14 14:05:00+00:00,93.23500061035156,93.24500274658203,93.21499633789062,93.24500274658203,81663
2026-08-14 14:10:00+00:00,93.26000213623047,93.26499938964844,93.23500061035156,93.23500061035156,44758
2026-08-14 14:15:00+00:00,93.2300033569336,93.26000213623047,93.2300033569336,93.26000213623047,51321
2026-08-14 14:20:00+00:00,93.21499633789062,93.2249984741211,93.20999908447266,93.2249984741211,311037
2026-08-14 14:25:00+00:00,93.23909759521484,93.24500274658203,93.21499633789062,93.21499633789062,15807
2026-08-14 14:30:00+00:00,93.17500305175781,93.2300033569336,93.17500305175781,93.2300033569336,87085
2026-08-14 14:35:00+00:00,93.17500305175781,93.1791000366211,93.15070343017578,93.16999816894531,106156
2026-08-14 14:40:00+00:00,93.16999816894531,93.18000030517578,93.16500091552734,93.17500305175781,26926
2026-08-14 14:45:00+00:00,93.18499755859375,93.1990966796875,93.16000366210938,93.16500091552734,176483
2026-08-14 14:50:00+00:00,93.18499755859375,93.19000244140625,93.18009948730469,93.18499755859375,31327
2026-08-14 14:55:00+00:00,93.18499755859375,93.19000244140625,93.18009948730469,93.18499755859375,11692
2026-08-14 15:00:00+00:00,93.19499969482422,93.21499633789062,93.18009948730469,93.18910217285156,27640
2026-08-14 15:05:00+00:00,93.13929748535156,93.19000244140625,93.13500213623047,93.18499755859375,85738
2026-08-14 15:10:00+00:00,93.14929962158203,93.16000366210938,93.12000274658203,93.13500213623047,21494
2026-08-14 15:15:00+00:00,93.11029815673828,93.1500015258789,93.11029815673828,93.12999725341797,20763
2026-08-14 15:20:00+00:00,93.11499786376953,93.12000274658203,93.1050033569336,93.11499786376953,66928
2026-08-14 15:25:00+00:00,93.11000061035156,93.11990356445312,93.08999633789062,93.11990356445312,83334
2026-08-14 15:30:00+00:00,93.1050033569336,93.11000061035156,93.09500122070312,93.1050033569336,136773
2026-08-14 15:35:00+00:00,93.07009887695312,93.10880279541016,93.07009887695312,93.10880279541016,35964
2026-08-14 15:40:00+00:00,93.09500122070312,93.09500122070312,93.07009887695312,93.07499694824219,24339
2026-08-14 15:45:00+00:00,93.08499908447266,93.09619903564453,93.08000183105469,93.09500122070312,57291
2026-08-14 15:50:00+00:00,93.08999633789062,93.09500122070312,93.08000183105469,93.08499908447266,28857
2026-08-14 15:55:00+00:00,93.07499694824219,93.08999633789062,93.07009887695312,93.08499908447266,13939
2026-08-14 16:00:00+00:00,93.06990051269531,93.08000183105469,93.05500030517578,93.07499694824219,34650
2026-08-14 16:05:00+00:00,93.06909942626953,93.07929992675781,93.06009674072266,93.06999969482422,75421
2026-08-14 16:10:00+00:00,93.08000183105469,93.08000183105469,93.06009674072266,93.06009674072266,9683
2026-08-14 16:15:00+00:00,93.08499908447266,93.08989715576172,93.07109832763672,93.07499694824219,13026
2026-08-14 16:20:00+00:00,93.08499908447266,93.08999633789062,93.08000183105469,93.08499908447266,58534
2026-08-14 16:25:00+00:00,93.07109832763672,93.0886001586914,93.06999969482422,93.08499908447266,25738
2026-08-14 16:30:00+00:00,93.06009674072266,93.07929992675781,93.06009674072266,93.0791015625,11066
2026-08-14 16:35:00+00:00,93.09500122070312,93.09500122070312,93.06109619140625,93.06770324707031,25884
2026-08-14 16:40:00+00:00,93.06500244140625,93.09500122070312,93.06500244140625,93.08999633789062,83706
2026-08-14 16:45:00+00:00,93.05500030517578,93.06839752197266,93.0510025024414,93.06500244140625,15777
2026-08-14 16:50:00+00:00,93.04499816894531,93.0697021484375,93.04090118408203,93.05500030517578,42974
2026-08-14 16:55:00+00:00,93.05500030517578,93.05500030517578,93.03500366210938,93.04499816894531,70661
2026-08-14 17:00:00+00:00,93.03500366210938,93.05500030517578,93.03500366210938,93.05500030517578,8824
2026-08-14 17:05:00+00:00,93.03500366210938,93.05000305175781,93.03500366210938,93.04000091552734,23695
2026-08-14 17:10:00+00:00,93.0250015258789,93.03500366210938,93.0250015258789,93.03500366210938,42507
2026-08-14 17:15:00+00:00,93.0250015258789,93.02999877929688,93.0199966430664,93.02249908447266,21602
2026-08-14 17:20:00+00:00,93.0250015258789,93.0250015258789,93.01100158691406,93.0250015258789,46573
2026-08-14 17:25:00+00:00,93.02999877929688,93.02999877929688,93.0199966430664,93.0250015258789,24804
2026-08-14 17:30:00+00:00,93.0199966430664,93.02999877929688,93.01000213623047,93.0250015258789,46115
2026-08-14 17:35:00+00:00,93.03500366210938,93.03900146484375,93.02010345458984,93.0250015258789,22662
2026-08-14 17:40:00+00:00,93.0250015258789,93.03500366210938,93.02010345458984,93.03500366210938,21227
2026-08-14 17:45:00+00:00,93.01499938964844,93.02999877929688,93.01000213623047,93.02999877929688,317720
2026-08-14 17:50:00+00:00,93.01930236816406,93.0199966430664,93.01000213623047,93.01499938964844,39017
2026-08-14 17:55:00+00:00,93.01499938964844,93.0281982421875,93.01100158691406,93.01499938964844,14306
2026-08-14 18:00:00+00:00,93.0250015258789,93.02890014648438,93.01100158691406,93.01499938964844,17658
2026-08-14 18:05:00+00:00,93.03990173339844,93.03990173339844,93.02010345458984,93.02010345458984,46736
2026-08-14 18:10:00+00:00,93.0,93.03990173339844,93.0,93.03990173339844,19045
2026-08-14 18:15:00+00:00,93.01499938964844,93.01499938964844,93.0,93.01000213623047,12242
2026-08-14 18:20:00+00:00,93.00499725341797,93.0199966430664,93.00499725341797,93.01499938964844,117656
2026-08-14 18:25:00+00:00,93.00910186767578,93.00910186767578,93.00090026855469,93.00499725341797,10008
2026-08-14 18:30:00+00:00,93.01499938964844,93.0199966430664,93.0000991821289,93.00090026855469,82462
2026-08-14 18:35:00+00:00,93.01499938964844,93.0199966430664,93.01000213623047,93.01499938964844,22594
2026-08-14 18:40:00+00:00,93.01499938964844,93.0199966430664,93.01000213623047,93.01499938964844,34863
2026-08-14 18:45:00+00:00,93.01499938964844,93.0199966430664,93.01260375976562,93.01499938964844,11976
2026-08-14 18:50:00+00:00,93.0199966430664,93.0199966430664,93.01499938964844,93.01499938964844,6549
2026-08-14 18:55:00+00:00,93.01499938964844,93.01750183105469,93.0,93.01000213623047,68632
2026-08-14 19:00:00+00:00,93.0250015258789,93.04000091552734,93.01000213623047,93.01000213623047,24059
2026-08-14 19:05:00+00:00,93.0374984741211,93.0374984741211,93.0199966430664,93.0250015258789,6292
2026-08-14 19:10:00+00:00,93.0250015258789,93.03990173339844,93.0250015258789,93.03500366210938,24773
2026-08-14 19:15:00+00:00,93.04000091552734,93.04000091552734,93.0199966430664,93.0250015258789,35571
2026-08-14 19:20:00+00:00,93.03500366210938,93.04750061035156,93.02999877929688,93.03990173339844,29322
2026-08-14 19:25:00+00:00,93.05500030517578,93.05500030517578,93.02999877929688,93.02999877929688,43212
2026-08-14 19:30:00+00:00,93.04440307617188,93.05000305175781,93.02999877929688,93.05000305175781,40993
2026-08-14 19:35:00+00:00,93.03500366210938,93.04499816894531,93.02999877929688,93.04499816894531,21671
2026-08-14 19:40:00+00:00,93.04000091552734,93.04000091552734,93.02999877929688,93.04000091552734,17442
2026-08-14 19:45:00+00:00,93.04499816894531,93.05000305175781,93.03009796142578,93.03990173339844,36309
2026-08-14 19:50:00+00:00,93.04499816894531,93.05000305175781,93.02999877929688,93.04959869384766,135455
2026-08-14 19:55:00+00:00,93.04000091552734,93.05000305175781,93.02999877929688,93.04000091552734,405632
2026-08-17 13:30:00+00:00,92.94499969482422,92.96769714355469,92.93229675292969,92.94999694824219,216406
2026-08-17 13:35:00+00:00,92.94499969482422,92.95999908447266,92.94000244140625,92.94499969482422,50039
2026-08-17 13:40:00+00:00,92.95500183105469,92.95999908447266,92.94499969482422,92.94999694824219,46821
2026-08-17 13:45:00+00:00,92.96499633789062,92.96910095214844,92.94000244140625,92.94999694824219,61428
2026-08-17 13:50:00+00:00,92.96499633789062,92.98999786376953,92.96499633789062,92.9749984741211,20409
2026-08-17 13:55:00+00:00,92.9791030883789,92.9800033569336,92.96499633789062,92.96499633789062,74993
2026-08-17 14:00:00+00:00,92.98500061035156,92.98999786376953,92.96009826660156,92.97000122070312,36131
2026-08-17 14:05:00+00:00,93.00499725341797,93.01000213623047,92.98069763183594,92.98500061035156,37405
2026-08-17 14:10:00+00:00,93.0,93.00910186767578,92.98999786376953,93.00499725341797,48564
2026-08-17 14:15:00+00:00,92.99500274658203,93.0093002319336,92.99500274658203,93.00499725341797,61895
2026-08-17 14:20:00+00:00,92.99500274658203,93.00769805908203,92.98500061035156,92.99500274658203,141899
2026-08-17 14:25:00+00:00,92.99500274658203,93.01000213623047,92.99009704589844,92.99500274658203,32925
2026-08-17 14:30:00+00:00,93.0250015258789,93.0260009765625,93.01000213623047,93.01000213623047,44540
2026-08-17 14:35:00+00:00,93.0250015258789,93.03500366210938,93.02069854736328,93.0250015258789,52667
2026-08-17 14:40:00+00:00,93.02999877929688,93.04000091552734,93.02999877929688,93.03500366210938,20888
2026-08-17 14:45:00+00:00,93.01499938964844,93.029296875,93.00499725341797,93.0250015258789,23023
2026-08-17 14:50:00+00:00,93.0250015258789,93.02999877929688,93.01000213623047,93.01000213623047,18006
2026-08-17 14:55:00+00:00,93.01499938964844,93.02989959716797,93.00499725341797,93.0199966430664,20389
2026-08-17 15:00:00+00:00,92.9749984741211,93.01000213623047,92.9749984741211,93.01000213623047,21431
2026-08-17 15:05:00+00:00,92.96499633789062,92.97000122070312,92.95999908447266,92.97000122070312,17215
2026-08-17 15:10:00+00:00,92.99500274658203,92.99500274658203,92.96070098876953,92.96499633789062,14426
2026-08-17 15:15:00+00:00,92.9749984741211,92.9999008178711,92.9749984741211,92.99500274658203,15727
2026-08-17 15:20:00+00:00,92.96499633789062,92.97000122070312,92.96040344238281,92.97000122070312,190519
2026-08-17 15:25:00+00:00,92.9749984741211,92.97989654541016,92.95500183105469,92.96499633789062,81113
2026-08-17 15:30:00+00:00,92.96499633789062,92.9791030883789,92.96499633789062,92.9749984741211,9601
2026-08-17 15:35:00+00:00,92.9749984741211,92.97509765625,92.9636001586914,92.96499633789062,21955
2026-08-17 15:40:00+00:00,92.96499633789062,92.97989654541016,92.96499633789062,92.9749984741211,18949
2026-08-17 15:45:00+00:00,92.96009826660156,92.97000122070312,92.95500183105469,92.95500183105469,17073
2026-08-17 15:50:00+00:00,92.96499633789062,92.96499633789062,92.94999694824219,92.96499633789062,30340
2026-08-17 15:55:00+00:00,92.96990203857422,92.97000122070312,92.95999908447266,92.96499633789062,22704
2026-08-17 16:00:00+00:00,92.96499633789062,92.96990203857422,92.95500183105469,92.96499633789062,17986
2026-08-17 16:05:00+00:00,92.95999908447266,92.97000122070312,92.95999908447266,92.97000122070312,12311
2026-08-17 16:10:00+00:00,92.96499633789062,92.9749984741211,92.96009826660156,92.96009826660156,147991
2026-08-17 16:15:00+00:00,92.98069763183594,92.98069763183594,92.96499633789062,92.96499633789062,53431
2026-08-17 16:20:00+00:00,92.98930358886719,93.0,92.9800033569336,92.9800033569336,33665
2026-08-17 16:25:00+00:00,92.9800033569336,92.98979949951172,92.9749984741211,92.9801025390625,21596
2026-08-17 16:30:00+00:00,92.97010040283203,92.98989868164062,92.97010040283203,92.98989868164062,10062
2026-08-17 16:35:00+00:00,92.9749984741211,92.98500061035156,92.97000122070312,92.97000122070312,12057
2026-08-17 16:40:00+00:00,92.97000122070312,92.97979736328125,92.97000122070312,92.9749984741211,4992
2026-08-17 16:45:00+00:00,92.94999694824219,92.9800033569336,92.94000244140625,92.9749984741211,26283
2026-08-17 16:50:00+00:00,92.95500183105469,92.95770263671875,92.94999694824219,92.94999694824219,12384
2026-08-17 16:55:00+00:00,92.95500183105469,92.9574966430664,92.94999694824219,92.9574966430664,15917
2026-08-17 17:00:00+00:00,92.94499969482422,92.94999694824219,92.94000244140625,92.94499969482422,15022
2026-08-17 17:05:00+00:00,92.93499755859375,92.94499969482422,92.92500305175781,92.94499969482422,20593
2026-08-17 17:10:00+00:00,92.94010162353516,92.94499969482422,92.93000030517578,92.93499755859375,99469
2026-08-17 17:15:00+00:00,92.91500091552734,92.94499969482422,92.91500091552734,92.94000244140625,23152
2026-08-17 17:20:00+00:00,92.9093017578125,92.91909790039062,92.9000015258789,92.91909790039062,8008
2026-08-17 17:25:00+00:00,92.90499877929688,92.91000366210938,92.89099884033203,92.90499877929688,33863
2026-08-17 17:30:00+00:00,92.87999725341797,92.90499877929688,92.87999725341797,92.90499877929688,18215
2026-08-17 17:35:00+00:00,92.86009979248047,92.88500213623047,92.86009979248047,92.87999725341797,29094
2026-08-17 17:40:00+00:00,92.89910125732422,92.89910125732422,92.86000061035156,92.86499786376953,123967
2026-08-17 17:45:00+00:00,92.8949966430664,92.89990234375,92.88999938964844,92.89019775390625,14213
2026-08-17 17:50:00+00:00,92.87999725341797,92.8949966430664,92.87999725341797,92.88999938964844,13349
2026-08-17 17:55:00+00:00,92.8550033569336,92.87899780273438,92.85099792480469,92.87899780273438,35223
2026-08-17 18:00:00+00:00,92.86499786376953,92.87000274658203,92.8550033569336,92.86000061035156,22658
2026-08-17 18:05:00+00:00,92.85890197753906,92.86499786376953,92.8499984741211,92.86499786376953,11909
2026-08-17 18:10:00+00:00,92.86499786376953,92.86499786376953,92.85009765625,92.85009765625,23517
2026-08-17 18:15:00+00:00,92.8407974243164,92.86990356445312,92.8407974243164,92.86990356445312,21152
2026-08-17 18:20:00+00:00,92.84500122070312,92.84989929199219,92.83000183105469,92.84500122070312,359933
2026-08-17 18:25:00+00:00,92.86499786376953,92.86499786376953,92.83999633789062,92.83999633789062,46205
2026-08-17 18:30:00+00:00,92.86910247802734,92.86990356445312,92.86000061035156,92.86000061035156,13626
2026-08-17 18:35:00+00:00,92.87930297851562,92.87989807128906,92.86009979248047,92.86910247802734,41424
2026-08-17 18:40:00+00:00,92.87000274658203,92.87999725341797,92.87000274658203,92.875,23441
2026-08-17 18:45:00+00:00,92.8550033569336,92.87000274658203,92.8550033569336,92.86499786376953,20298
2026-08-17 18:50:00+00:00,92.8550033569336,92.86000061035156,92.8499984741211,92.86000061035156,12386
2026-08-17 18:55:00+00:00,92.86000061035156,92.86000061035156,92.84500122070312,92.8550033569336,26419
2026-08-17 19:00:00+00:00,92.85970306396484,92.86499786376953,92.84110260009766,92.85990142822266,52465
2026-08-17 19:05:00+00:00,92.8550033569336,92.86000061035156,92.85009765625,92.85030364990234,23486
2026-08-17 19:10:00+00:00,92.86499786376953,92.86910247802734,92.85099792480469,92.85099792480469,9721
2026-08-17 19:15:00+00:00,92.86090087890625,92.87000274658203,92.86090087890625,92.86969757080078,62799
2026-08-17 19:20:00+00:00,92.8550033569336,92.87000274658203,92.85009765625,92.86499786376953,59889
2026-08-17 19:25:00+00:00,92.87000274658203,92.87000274658203,92.8499984741211,92.85099792480469,26187
2026-08-17 19:30:00+00:00,92.86399841308594,92.87000274658203,92.86000061035156,92.86499786376953,17728
2026-08-17 19:35:00+00:00,92.87000274658203,92.87000274658203,92.86090087890625,92.8655014038086,27364
2026-08-17 19:40:00+00:00,92.87069702148438,92.87999725341797,92.86009979248047,92.86499786376953,566967
2026-08-17 19:45:00+00:00,92.875,92.87999725341797,92.87000274658203,92.875,53506
2026-08-17 19:50:00+00:00,92.8550033569336,92.87999725341797,92.8499984741211,92.87010192871094,162907
2026-08-17 19:55:00+00:00,92.8550033569336,92.86499786376953,92.84100341796875,92.8550033569336,289390
2026-08-18 13:30:00+00:00,92.79499816894531,92.79499816894531,92.71499633789062,92.7750015258789,596396
2026-08-18 13:35:00+00:00,92.83999633789062,92.83999633789062,92.78500366210938,92.79499816894531,178779
2026-08-18 13:40:00+00:00,92.84500122070312,92.86000061035156,92.83989715576172,92.8499984741211,67369
2026-08-18 13:45:00+00:00,92.8949966430664,92.8949966430664,92.83999633789062,92.8499984741211,85435
2026-08-18 13:50:00+00:00,92.86499786376953,92.9000015258789,92.85070037841797,92.89009857177734,220799
2026-08-18 13:55:00+00:00,92.88500213623047,92.88500213623047,92.86070251464844,92.86499786376953,206348
2026-08-18 14:00:00+00:00,92.88999938964844,92.9198989868164,92.88500213623047,92.8949966430664,383961
2026-08-18 14:05:00+00:00,92.91500091552734,92.91500091552734,92.88999938964844,92.9000015258789,24147
2026-08-18 14:10:00+00:00,92.93499755859375,92.93499755859375,92.90499877929688,92.91500091552734,45006
2026-08-18 14:15:00+00:00,92.93499755859375,92.9490966796875,92.93499755859375,92.93499755859375,43904
2026-08-18 14:20:00+00:00,92.95559692382812,92.96499633789062,92.92500305175781,92.93499755859375,39990
2026-08-18 14:25:00+00:00,92.95130157470703,92.96499633789062,92.95079803466797,92.95500183105469,23507
2026-08-18 14:30:00+00:00,92.95999908447266,92.96929931640625,92.94999694824219,92.95880126953125,36673
2026-08-18 14:35:00+00:00,92.95500183105469,92.95500183105469,92.94000244140625,92.95500183105469,37724
2026-08-18 14:40:00+00:00,92.95500183105469,92.95999908447266,92.94999694824219,92.95500183105469,67066
2026-08-18 14:45:00+00:00,92.9749984741211,92.9800033569336,92.95880126953125,92.95880126953125,50192
2026-08-18 14:50:00+00:00,92.94000244140625,92.98999786376953,92.94000244140625,92.9800033569336,24687
2026-08-18 14:55:00+00:00,92.90499877929688,92.94000244140625,92.90499877929688,92.94000244140625,18729
2026-08-18 15:00:00+00:00,92.95500183105469,92.95500183105469,92.9010009765625,92.9010009765625,30556
2026-08-18 15:05:00+00:00,92.94499969482422,92.96499633789062,92.94499969482422,92.95500183105469,63554
2026-08-18 15:10:00+00:00,92.94000244140625,92.95989990234375,92.94000244140625,92.94499969482422,25085
2026-08-18 15:15:00+00:00,92.93379974365234,92.94000244140625,92.9208984375,92.94000244140625,35024
2026-08-18 15:20:00+00:00,92.93000030517578,92.94999694824219,92.93000030517578,92.93070220947266,37101
2026-08-18 15:25:00+00:00,92.92500305175781,92.92990112304688,92.91100311279297,92.91999816894531,35874
2026-08-18 15:30:00+00:00,92.90499877929688,92.92500305175781,92.88999938964844,92.92500305175781,51396
2026-08-18 15:35:00+00:00,92.91500091552734,92.91929626464844,92.90499877929688,92.90499877929688,24997
2026-08-18 15:40:00+00:00,92.91500091552734,92.91999816894531,92.9000015258789,92.91500091552734,217576
2026-08-18 15:45:00+00:00,92.94499969482422,92.94499969482422,92.91500091552734,92.91500091552734,34233
2026-08-18 15:50:00+00:00,92.94499969482422,92.94499969482422,92.94000244140625,92.94499969482422,21206
2026-08-18 15:55:00+00:00,92.92500305175781,92.94499969482422,92.92500305175781,92.94499969482422,25922
2026-08-18 16:00:00+00:00,92.94499969482422,92.94999694824219,92.9208984375,92.92500305175781,26567
2026-08-18 16:05:00+00:00,92.95500183105469,92.95999908447266,92.94000244140625,92.9490966796875,131286
2026-08-18 16:10:00+00:00,92.95500183105469,92.95999908447266,92.95010375976562,92.95500183105469,12595
2026-08-18 16:15:00+00:00,92.9749984741211,92.9749984741211,92.95010375976562,92.95999908447266,22484
2026-08-18 16:20:00+00:00,92.96499633789062,92.98989868164062,92.96019744873047,92.98500061035156,35869
2026-08-18 16:25:00+00:00,92.94999694824219,92.96499633789062,92.94999694824219,92.96499633789062,37717
2026-08-18 16:30:00+00:00,92.94000244140625,92.94499969482422,92.94000244140625,92.94499969482422,17909
2026-08-18 16:35:00+00:00,92.94000244140625,92.94499969482422,92.93000030517578,92.93499755859375,681035
2026-08-18 16:40:00+00:00,92.95500183105469,92.95819854736328,92.94499969482422,92.94499969482422,25175
2026-08-18 16:45:00+00:00,92.95500183105469,92.96499633789062,92.95040130615234,92.95500183105469,11253
2026-08-18 16:50:00+00:00,92.96499633789062,92.96929931640625,92.94999694824219,92.95500183105469,106745
2026-08-18 16:55:00+00:00,92.95500183105469,92.96499633789062,92.95010375976562,92.96499633789062,12153
2026-08-18 17:00:00+00:00,92.94499969482422,92.95500183105469,92.94499969482422,92.95500183105469,31801
2026-08-18 17:05:00+00:00,92.93499755859375,92.94499969482422,92.93000030517578,92.94499969482422,227305
2026-08-18 17:10:00+00:00,92.94499969482422,92.94499969482422,92.93499755859375,92.93499755859375,83522
2026-08-18 17:15:00+00:00,92.94499969482422,92.94999694824219,92.93099975585938,92.94499969482422,27209
2026-08-18 17:20:00+00:00,92.95989990234375,92.96990203857422,92.94000244140625,92.94499969482422,32157
2026-08-18 17:25:00+00:00,92.94999694824219,92.95999908447266,92.94499969482422,92.95089721679688,69378
2026-08-18 17:30:00+00:00,92.95500183105469,92.95989990234375,92.94080352783203,92.94999694824219,15426
2026-08-18 17:35:00+00:00,92.95500183105469,92.95999908447266,92.95010375976562,92.95500183105469,32574
2026-08-18 17:40:00+00:00,92.956298828125,92.95999908447266,92.94999694824219,92.95500183105469,144808
2026-08-18 17:45:00+00:00,92.96499633789062,92.96990203857422,92.95999908447266,92.95999908447266,14962
2026-08-18 17:50:00+00:00,92.97000122070312,92.97000122070312,92.95999908447266,92.96499633789062,25630
2026-08-18 17:55:00+00:00,92.9749984741211,92.9749984741211,92.95999908447266,92.96099853515625,12204
2026-08-18 18:00:00+00:00,92.9749984741211,92.97560119628906,92.97000122070312,92.9749984741211,25534
2026-08-18 18:05:00+00:00,92.9800033569336,92.9800033569336,92.97029876708984,92.9749984741211,16420
2026-08-18 18:10:00+00:00,92.99500274658203,92.99649810791016,92.98069763183594,92.98069763183594,72266
2026-08-18 18:15:00+00:00,92.99500274658203,93.0,92.98999786376953,92.99089813232422,36313
2026-08-18 18:20:00+00:00,93.0,93.00530242919922,92.98999786376953,92.99500274658203,58688
2026-08-18 18:25:00+00:00,92.99500274658203,93.00499725341797,92.98999786376953,93.0,22478
2026-08-18 18:30:00+00:00,92.98999786376953,92.99929809570312,92.9801025390625,92.98999786376953,44527
2026-08-18 18:35:00+00:00,92.98500061035156,92.98970031738281,92.9800033569336,92.98719787597656,15291
2026-08-18 18:40:00+00:00,92.97429656982422,92.98989868164062,92.97429656982422,92.98500061035156,46160
2026-08-18 18:45:00+00:00,92.98500061035156,92.98500061035156,92.97000122070312,92.9749984741211,21585
2026-08-18 18:50:00+00:00,92.9800033569336,92.98999786376953,92.9749984741211,92.98500061035156,16017
2026-08-18 18:55:00+00:00,92.98619842529297,92.98619842529297,92.97029876708984,92.9749984741211,20802
2026-08-18 19:00:00+00:00,92.9791030883789,92.98899841308594,92.9791030883789,92.98500061035156,24973
2026-08-18 19:05:00+00:00,92.9749984741211,92.9800033569336,92.97000122070312,92.9800033569336,19050
2026-08-18 19:10:00+00:00,92.98500061035156,92.98770141601562,92.97000122070312,92.9749984741211,40712
2026-08-18 19:15:00+00:00,92.9749984741211,92.98860168457031,92.97000122070312,92.98500061035156,67415
2026-08-18 19:20:00+00:00,92.96499633789062,92.97630310058594,92.96499633789062,92.97000122070312,31786
2026-08-18 19:25:00+00:00,92.95999908447266,92.96929931640625,92.95999908447266,92.96499633789062,24445
2026-08-18 19:30:00+00:00,92.9749984741211,92.97540283203125,92.95999908447266,92.96990203857422,76349
2026-08-18 19:35:00+00:00,92.9749984741211,92.9800033569336,92.97000122070312,92.9791030883789,33138
2026-08-18 19:40:00+00:00,92.96499633789062,92.9800033569336,92.96499633789062,92.9749984741211,52724
2026-08-18 19:45:00+00:00,92.9749984741211,92.9749984741211,92.96499633789062,92.96499633789062,28114
2026-08-18 19:50:00+00:00,92.95500183105469,92.9749984741211,92.94999694824219,92.9749984741211,117409
2026-08-18 19:55:00+00:00,92.94999694824219,92.95999908447266,92.94000244140625,92.95500183105469,371488
2026-08-19 13:30:00+00:00,93.30999755859375,93.3499984741211,93.30500030517578,93.34500122070312,237757
2026-08-19 13:35:00+00:00,93.33499908447266,93.33499908447266,93.27999877929688,93.30999755859375,64017
2026-08-19 13:40:00+00:00,93.29499816894531,93.33499908447266,93.29499816894531,93.33499908447266,25371
2026-08-19 13:45:00+00:00,93.29000091552734,93.29499816894531,93.2750015258789,93.29499816894531,64290
2026-08-19 13:50:00+00:00,93.29499816894531,93.29499816894531,93.2750015258789,93.28009796142578,213595
2026-08-19 13:55:00+00:00,93.31999969482422,93.32499694824219,93.28500366210938,93.29499816894531,52855
2026-08-19 14:00:00+00:00,93.32499694824219,93.3499984741211,93.31009674072266,93.32499694824219,60827
2026-08-19 14:05:00+00:00,93.31500244140625,93.32499694824219,93.30010223388672,93.32499694824219,89142
2026-08-19 14:10:00+00:00,93.32499694824219,93.33740234375,93.30999755859375,93.31079864501953,84400
2026-08-19 14:15:00+00:00,93.33000183105469,93.3489990234375,93.32969665527344,93.33000183105469,186992
2026-08-19 14:20:00+00:00,93.30549621582031,93.32990264892578,93.29499816894531,93.32499694824219,118503
2026-08-19 14:25:00+00:00,93.30030059814453,93.31500244140625,93.28500366210938,93.30999755859375,37976
2026-08-19 14:30:00+00:00,93.33499908447266,93.33499908447266,93.31500244140625,93.31999969482422,28462
2026-08-19 14:35:00+00:00,93.33619689941406,93.34600067138672,93.31919860839844,93.34600067138672,34637
2026-08-19 14:40:00+00:00,93.33499908447266,93.33499908447266,93.32279968261719,93.33499908447266,20281
2026-08-19 14:45:00+00:00,93.30500030517578,93.33000183105469,93.29000091552734,93.33000183105469,193694
2026-08-19 14:50:00+00:00,93.2750015258789,93.30999755859375,93.2750015258789,93.30500030517578,42667
2026-08-19 14:55:00+00:00,93.29989624023438,93.30000305175781,93.27999877929688,93.28500366210938,22721
2026-08-19 15:00:00+00:00,93.29499816894531,93.3187026977539,93.29499816894531,93.30000305175781,20226
2026-08-19 15:05:00+00:00,93.25499725341797,93.28630065917969,93.25499725341797,93.28500366210938,354178
2026-08-19 15:10:00+00:00,93.2699966430664,93.27999877929688,93.25499725341797,93.25499725341797,37906
2026-08-19 15:15:00+00:00,93.25,93.27989959716797,93.25,93.2699966430664,35126
2026-08-19 15:20:00+00:00,93.21009826660156,93.25900268554688,93.20999908447266,93.25499725341797,51032
2026-08-19 15:25:00+00:00,93.2300033569336,93.23500061035156,93.19499969482422,93.21389770507812,162303
2026-08-19 15:30:00+00:00,93.25499725341797,93.25599670410156,93.2301025390625,93.23500061035156,37609
2026-08-19 15:35:00+00:00,93.2699966430664,93.27999877929688,93.26119995117188,93.26119995117188,46698
2026-08-19 15:40:00+00:00,93.29010009765625,93.29010009765625,93.26000213623047,93.2699966430664,58344
2026-08-19 15:45:00+00:00,93.27999877929688,93.30899810791016,93.27999877929688,93.29620361328125,44918
2026-08-19 15:50:00+00:00,93.27999877929688,93.29000091552734,93.2699966430664,93.29000091552734,207795
2026-08-19 15:55:00+00:00,93.28500366210938,93.28500366210938,93.2699966430664,93.28500366210938,54485
2026-08-19 16:00:00+00:00,93.2698974609375,93.28900146484375,93.26000213623047,93.2802963256836,16767
2026-08-19 16:05:00+00:00,93.25990295410156,93.26499938964844,93.25129699707031,93.26499938964844,15585
2026-08-19 16:10:00+00:00,93.25499725341797,93.2750015258789,93.25499725341797,93.2750015258789,13535
2026-08-19 16:15:00+00:00,93.23999786376953,93.26000213623047,93.23999786376953,93.25990295410156,562369
2026-08-19 16:20:00+00:00,93.24500274658203,93.2490005493164,93.2300033569336,93.2300033569336,18419
2026-08-19 16:25:00+00:00,93.21499633789062,93.25,93.21499633789062,93.24019622802734,56772
2026-08-19 16:30:00+00:00,93.2249984741211,93.2249984741211,93.21009826660156,93.21499633789062,25642
2026-08-19 16:35:00+00:00,93.21009826660156,93.2300033569336,93.20999908447266,93.2249984741211,34199
2026-08-19 16:40:00+00:00,93.2300033569336,93.24240112304688,93.21499633789062,93.21499633789062,37110
2026-08-19 16:45:00+00:00,93.2249984741211,93.23500061035156,93.22000122070312,93.23500061035156,52140
2026-08-19 16:50:00+00:00,93.23500061035156,93.23899841308594,93.22090148925781,93.2249984741211,119979
2026-08-19 16:55:00+00:00,93.20999908447266,93.23619842529297,93.20999908447266,93.23500061035156,92062
2026-08-19 17:00:00+00:00,93.18990325927734,93.25499725341797,93.18499755859375,93.21499633789062,46576
2026-08-19 17:05:00+00:00,93.1500015258789,93.19499969482422,93.1449966430664,93.18499755859375,492004
2026-08-19 17:10:00+00:00,93.1449966430664,93.15499877929688,93.12999725341797,93.1500015258789,47808
2026-08-19 17:15:00+00:00,93.1449966430664,93.1449966430664,93.11499786376953,93.13999938964844,46931
2026-08-19 17:20:00+00:00,93.1449966430664,93.1500015258789,93.13999938964844,93.13999938964844,34669
2026-08-19 17:25:00+00:00,93.15499877929688,93.15499877929688,93.13990020751953,93.1449966430664,31550
2026-08-19 17:30:00+00:00,93.1511001586914,93.16000366210938,93.1500015258789,93.15499877929688,26123
2026-08-19 17:35:00+00:00,93.1500015258789,93.15989685058594,93.1500015258789,93.15499877929688,15298
2026-08-19 17:40:00+00:00,93.16500091552734,93.16999816894531,93.13999938964844,93.1449966430664,25565
2026-08-19 17:45:00+00:00,93.16089630126953,93.16899871826172,93.1500015258789,93.16500091552734,20086
2026-08-19 17:50:00+00:00,93.17109680175781,93.17780303955078,93.1603012084961,93.16100311279297,21377
2026-08-19 17:55:00+00:00,93.16500091552734,93.17900085449219,93.16000366210938,93.17500305175781,10677
2026-08-19 18:00:00+00:00,93.23500061035156,93.24500274658203,93.16000366210938,93.16500091552734,51765
2026-08-19 18:05:00+00:00,93.26499938964844,93.2698974609375,93.2300033569336,93.23500061035156,40160
2026-08-19 18:10:00+00:00,93.26000213623047,93.28500366210938,93.26000213623047,93.26499938964844,18051
2026-08-19 18:15:00+00:00,93.23500061035156,93.26000213623047,93.23500061035156,93.26000213623047,46030
2026-08-19 18:20:00+00:00,93.2300033569336,93.23500061035156,93.2249984741211,93.23030090332031,25866
2026-08-19 18:25:00+00:00,93.24500274658203,93.24500274658203,93.22000122070312,93.2249984741211,38740
2026-08-19 18:30:00+00:00,93.26000213623047,93.26000213623047,93.24009704589844,93.24500274658203,21736
2026-08-19 18:35:00+00:00,93.2750015258789,93.2750015258789,93.26000213623047,93.26000213623047,23010
2026-08-19 18:40:00+00:00,93.26499938964844,93.28820037841797,93.26000213623047,93.2699966430664,29413
2026-08-19 18:45:00+00:00,93.26499938964844,93.2699966430664,93.25499725341797,93.25900268554688,30258
2026-08-19 18:50:00+00:00,93.27999877929688,93.27999877929688,93.25039672851562,93.2699966430664,45400
2026-08-19 18:55:00+00:00,93.28500366210938,93.28500366210938,93.2699966430664,93.27989959716797,40792
2026-08-19 19:00:00+00:00,93.27999877929688,93.29900360107422,93.2699966430664,93.29900360107422,49499
2026-08-19 19:05:00+00:00,93.28500366210938,93.29499816894531,93.27999877929688,93.28500366210938,25541
2026-08-19 19:10:00+00:00,93.29499816894531,93.30000305175781,93.27999877929688,93.28079986572266,47271
2026-08-19 19:15:00+00:00,93.28900146484375,93.30000305175781,93.2843017578125,93.29499816894531,56881
2026-08-19 19:20:00+00:00,93.30500030517578,93.30500030517578,93.27999877929688,93.28500366210938,253587
2026-08-19 19:25:00+00:00,93.31500244140625,93.31999969482422,93.29319763183594,93.30010223388672,43690
2026-08-19 19:30:00+00:00,93.33999633789062,93.33999633789062,93.31500244140625,93.31500244140625,44107
2026-08-19 19:35:00+00:00,93.32009887695312,93.33999633789062,93.30999755859375,93.33999633789062,139154
2026-08-19 19:40:00+00:00,93.33499908447266,93.33499908447266,93.31999969482422,93.32499694824219,53856
2026-08-19 19:45:00+00:00,93.3239974975586,93.33999633789062,93.31999969482422,93.33499908447266,30479
2026-08-19 19:50:00+00:00,93.33450317382812,93.33999633789062,93.31999969482422,93.32749938964844,364865
2026-08-19 19:55:00+00:00,93.38500213623047,93.38500213623047,93.33090209960938,93.33499908447266,292038
2026-08-20 13:30:00+00:00,92.96499633789062,93.0,92.95999908447266,92.99500274658203,109739
2026-08-20 13:35:00+00:00,93.00900268554688,93.03500366210938,92.96499633789062,92.97000122070312,154028
2026-08-20 13:40:00+00:00,93.0,93.01499938964844,92.98380279541016,93.0,160000
2026-08-20 13:45:00+00:00,93.01000213623047,93.01899719238281,92.98999786376953,93.00499725341797,93097
2026-08-20 13:50:00+00:00,93.01100158691406,93.01969909667969,92.98999786376953,93.01499938964844,32003
2026-08-20 13:55:00+00:00,92.99500274658203,93.0155029296875,92.98999786376953,93.01499938964844,40608
2026-08-20 14:00:00+00:00,92.98500061035156,93.01499938964844,92.98500061035156,93.00920104980469,72471
2026-08-20 14:05:00+00:00,92.99089813232422,92.99500274658203,92.9749984741211,92.9800033569336,24990
2026-08-20 14:10:00+00:00,93.04000091552734,93.04000091552734,92.99500274658203,92.99500274658203,48379
2026-08-20 14:15:00+00:00,93.03500366210938,93.05500030517578,93.02999877929688,93.0363998413086,44132
2026-08-20 14:20:00+00:00,93.07499694824219,93.07499694824219,93.04499816894531,93.04499816894531,35848
2026-08-20 14:25:00+00:00,93.05999755859375,93.07499694824219,93.05500030517578,93.07499694824219,33792
2026-08-20 14:30:00+00:00,93.05500030517578,93.06500244140625,93.05000305175781,93.05999755859375,43613
2026-08-20 14:35:00+00:00,93.06500244140625,93.07990264892578,93.06079864501953,93.06990051269531,22885
2026-08-20 14:40:00+00:00,93.05590057373047,93.06999969482422,93.05000305175781,93.06500244140625,27109
2026-08-20 14:45:00+00:00,93.06500244140625,93.06999969482422,93.05120086669922,93.05120086669922,118941
2026-08-20 14:50:00+00:00,93.06500244140625,93.06999969482422,93.05999755859375,93.06500244140625,42818
2026-08-20 14:55:00+00:00,93.05999755859375,93.07499694824219,93.05999755859375,93.06500244140625,32948
2026-08-20 15:00:00+00:00,93.125,93.16000366210938,93.05010223388672,93.05500030517578,353286
2026-08-20 15:05:00+00:00,93.05500030517578,93.11000061035156,93.04000091552734,93.11000061035156,137433
2026-08-20 15:10:00+00:00,93.06999969482422,93.07499694824219,93.03199768066406,93.06500244140625,59393
2026-08-20 15:15:00+00:00,93.05999755859375,93.07990264892578,93.05999755859375,93.07499694824219,71241
2026-08-20 15:20:00+00:00,92.9990005493164,93.05500030517578,92.9811019897461,93.05500030517578,88036
2026-08-20 15:25:00+00:00,93.00499725341797,93.00499725341797,92.97000122070312,92.99500274658203,63335
2026-08-20 15:30:00+00:00,92.95500183105469,93.00499725341797,92.95030212402344,93.00499725341797,84366
2026-08-20 15:35:00+00:00,92.94999694824219,92.96499633789062,92.94999694824219,92.95500183105469,51692
2026-08-20 15:40:00+00:00,92.9207992553711,92.95500183105469,92.9207992553711,92.95050048828125,59650
2026-08-20 15:45:00+00:00,92.95500183105469,92.95999908447266,92.93000030517578,92.93920135498047,192806
2026-08-20 15:50:00+00:00,92.94999694824219,92.9749984741211,92.94010162353516,92.95970153808594,73761
2026-08-20 15:55:00+00:00,92.96499633789062,92.96499633789062,92.94000244140625,92.95500183105469,134611
2026-08-20 16:00:00+00:00,92.99500274658203,93.0,92.96499633789062,92.96499633789062,60680
2026-08-20 16:05:00+00:00,92.98500061035156,93.01000213623047,92.97000122070312,92.99500274658203,51962
2026-08-20 16:10:00+00:00,92.98500061035156,92.98500061035156,92.97000122070312,92.98500061035156,17960
2026-08-20 16:15:00+00:00,92.9999008178711,92.9999008178711,92.9801025390625,92.98500061035156,23600
2026-08-20 16:20:00+00:00,93.0,93.0,92.98500061035156,92.99500274658203,32627
2026-08-20 16:25:00+00:00,93.00499725341797,93.01000213623047,92.99500274658203,92.99500274658203,15058
2026-08-20 16:30:00+00:00,92.98079681396484,93.00509643554688,92.9749984741211,93.00499725341797,19807
2026-08-20 16:35:00+00:00,92.98500061035156,92.98999786376953,92.9800033569336,92.98500061035156,7942
2026-08-20 16:40:00+00:00,92.9800033569336,92.98500061035156,92.95999908447266,92.98500061035156,26323
2026-08-20 16:45:00+00:00,92.9811019897461,92.98989868164062,92.9811019897461,92.98989868164062,8104
2026-08-20 16:50:00+00:00,92.99500274658203,92.9999008178711,92.99089813232422,92.99500274658203,13584
2026-08-20 16:55:00+00:00,92.99500274658203,92.99500274658203,92.9801025390625,92.99500274658203,22610
2026-08-20 17:00:00+00:00,93.01499938964844,93.02999877929688,92.99220275878906,92.9990005493164,61720
2026-08-20 17:05:00+00:00,93.0250015258789,93.03500366210938,93.01010131835938,93.01499938964844,25154
2026-08-20 17:10:00+00:00,93.01499938964844,93.03900146484375,93.01000213623047,93.02100372314453,38976
2026-08-20 17:15:00+00:00,93.0,93.02999877929688,93.0,93.01499938964844,46693
2026-08-20 17:20:00+00:00,92.99500274658203,92.9999008178711,92.98999786376953,92.99500274658203,25281
2026-08-20 17:25:00+00:00,92.99500274658203,92.9990005493164,92.98999786376953,92.99500274658203,12838
2026-08-20 17:30:00+00:00,92.9749984741211,92.99530029296875,92.97000122070312,92.99530029296875,60334
2026-08-20 17:35:00+00:00,92.95500183105469,92.9749984741211,92.94999694824219,92.9749984741211,35764
2026-08-20 17:40:00+00:00,92.96019744873047,92.96019744873047,92.95030212402344,92.95500183105469,26245
2026-08-20 17:45:00+00:00,92.98500061035156,92.98500061035156,92.95999908447266,92.96900177001953,50693
2026-08-20 17:50:00+00:00,93.01499938964844,93.01499938964844,92.98500061035156,92.98500061035156,16829
2026-08-20 17:55:00+00:00,93.01499938964844,93.01899719238281,93.01000213623047,93.01499938964844,9269
2026-08-20 18:00:00+00:00,93.0250015258789,93.0250015258789,93.0,93.01010131835938,27187
2026-08-20 18:05:00+00:00,93.01499938964844,93.0250015258789,93.00499725341797,93.0199966430664,33077
2026-08-20 18:10:00+00:00,93.00499725341797,93.0199966430664,93.0,93.01000213623047,28727
2026-08-20 18:15:00+00:00,92.9990005493164,93.01000213623047,92.99019622802734,93.00499725341797,43530
2026-08-20 18:20:00+00:00,93.00499725341797,93.00990295410156,93.0000991821289,93.00499725341797,14866
2026-08-20 18:25:00+00:00,92.9990005493164,93.00990295410156,92.9990005493164,93.0000991821289,12440
2026-08-20 18:30:00+00:00,93.01499938964844,93.01499938964844,92.98999786376953,92.99500274658203,77726
2026-08-20 18:35:00+00:00,93.00499725341797,93.01499938964844,93.00430297851562,93.01499938964844,23845
2026-08-20 18:40:00+00:00,93.00499725341797,93.0198974609375,93.00499725341797,93.00499725341797,15054
2026-08-20 18:45:00+00:00,93.00920104980469,93.01499938964844,93.0000991821289,93.00499725341797,36708
2026-08-20 18:50:00+00:00,93.01499938964844,93.01499938964844,93.0,93.0,22689
2026-08-20 18:55:00+00:00,93.01499938964844,93.0199966430664,93.01000213623047,93.01499938964844,65391
2026-08-20 19:00:00+00:00,93.0250015258789,93.02999877929688,93.01000213623047,93.01110076904297,39961
2026-08-20 19:05:00+00:00,93.04010009765625,93.04499816894531,93.02100372314453,93.0250015258789,34614
2026-08-20 19:10:00+00:00,93.05010223388672,93.06770324707031,93.04010009765625,93.04499816894531,37441
2026-08-20 19:15:00+00:00,93.05500030517578,93.05999755859375,93.05000305175781,93.05500030517578,18888
2026-08-20 19:20:00+00:00,93.04499816894531,93.05999755859375,93.04499816894531,93.05500030517578,36630
2026-08-20 19:25:00+00:00,93.04029846191406,93.05899810791016,93.04000091552734,93.04989624023438,22679
2026-08-20 19:30:00+00:00,93.04499816894531,93.05999755859375,93.04000091552734,93.04499816894531,28177
2026-08-20 19:35:00+00:00,93.04989624023438,93.05000305175781,93.04000091552734,93.04000091552734,21953
2026-08-20 19:40:00+00:00,93.01499938964844,93.04900360107422,93.01080322265625,93.04499816894531,69738
2026-08-20 19:45:00+00:00,93.01499938964844,93.0199966430664,93.01000213623047,93.01499938964844,74832
2026-08-20 19:50:00+00:00,93.01000213623047,93.01920318603516,93.01000213623047,93.01499938964844,47387
2026-08-20 19:55:00+00:00,93.01000213623047,93.01000213623047,92.98999786376953,93.01000213623047,483304
2026-08-21 13:30:00+00:00,92.91000366210938,92.94999694824219,92.9000015258789,92.94499969482422,125656
2026-08-21 13:35:00+00:00,92.94419860839844,92.94499969482422,92.91500091552734,92.91500091552734,27178
2026-08-21 13:40:00+00:00,92.91999816894531,92.94999694824219,92.91999816894531,92.94000244140625,21991
2026-08-21 13:45:00+00:00,92.91999816894531,92.92960357666016,92.90010070800781,92.91000366210938,45308
2026-08-21 13:50:00+00:00,92.93499755859375,92.94000244140625,92.91999816894531,92.92500305175781,14685
2026-08-21 13:55:00+00:00,92.95500183105469,92.96990203857422,92.94999694824219,92.94999694824219,13159
2026-08-21 14:00:00+00:00,92.94999694824219,92.95500183105469,92.93000030517578,92.95500183105469,56682
2026-08-21 14:05:00+00:00,92.92990112304688,92.95500183105469,92.92990112304688,92.94999694824219,22735
2026-08-21 14:10:00+00:00,92.91500091552734,92.92990112304688,92.91000366210938,92.92970275878906,49092
2026-08-21 14:15:00+00:00,92.9000015258789,92.91899871826172,92.9000015258789,92.91500091552734,33101
2026-08-21 14:20:00+00:00,92.87999725341797,92.90499877929688,92.87999725341797,92.90499877929688,18215
2026-08-21 14:25:00+00:00,92.87629699707031,92.88980102539062,92.87010192871094,92.88009643554688,48823
2026-08-21 14:30:00+00:00,92.81999969482422,92.87999725341797,92.81999969482422,92.87899780273438,82216
2026-08-21 14:35:00+00:00,92.81500244140625,92.81999969482422,92.78500366210938,92.81500244140625,81833
2026-08-21 14:40:00+00:00,92.83499908447266,92.84500122070312,92.80010223388672,92.81500244140625,43056
2026-08-21 14:45:00+00:00,92.8550033569336,92.8550033569336,92.81999969482422,92.8302993774414,166667
2026-08-21 14:50:00+00:00,92.83999633789062,92.86499786376953,92.83499908447266,92.85780334472656,38300
2026-08-21 14:55:00+00:00,92.83999633789062,92.8499984741211,92.83499908447266,92.83499908447266,27927
2026-08-21 15:00:00+00:00,92.8550033569336,92.86979675292969,92.82019805908203,92.83499908447266,46670
2026-08-21 15:05:00+00:00,92.8499984741211,92.87000274658203,92.8499984741211,92.8550033569336,33712
2026-08-21 15:10:00+00:00,92.80500030517578,92.84989929199219,92.80500030517578,92.84500122070312,132221
2026-08-21 15:15:00+00:00,92.80500030517578,92.81999969482422,92.80500030517578,92.80999755859375,34482
2026-08-21 15:20:00+00:00,92.80500030517578,92.80999755859375,92.80000305175781,92.80960083007812,23295
2026-08-21 15:25:00+00:00,92.80500030517578,92.81500244140625,92.80000305175781,92.80500030517578,27968
2026-08-21 15:30:00+00:00,92.82109832763672,92.82990264892578,92.80000305175781,92.80500030517578,72422
2026-08-21 15:35:00+00:00,92.82499694824219,92.83000183105469,92.81500244140625,92.82099914550781,30833
2026-08-21 15:40:00+00:00,92.8499984741211,92.8550033569336,92.81999969482422,92.82080078125,34261
2026-08-21 15:45:00+00:00,92.84500122070312,92.86920166015625,92.84500122070312,92.84500122070312,27901
2026-08-21 15:50:00+00:00,92.83499908447266,92.8499984741211,92.8301010131836,92.8407974243164,14056
2026-08-21 15:55:00+00:00,92.82499694824219,92.83499908447266,92.81999969482422,92.83000183105469,15427
2026-08-21 16:00:00+00:00,92.81500244140625,92.82499694824219,92.80999755859375,92.82499694824219,10361
2026-08-21 16:05:00+00:00,92.80590057373047,92.8198013305664,92.79499816894531,92.81079864501953,29076
2026-08-21 16:10:00+00:00,92.81500244140625,92.8290023803711,92.80999755859375,92.80999755859375,21799
2026-08-21 16:15:00+00:00,92.79499816894531,92.81600189208984,92.79499816894531,92.81500244140625,23615
2026-08-21 16:20:00+00:00,92.8290023803711,92.8550033569336,92.79499816894531,92.79499816894531,244336
2026-08-21 16:25:00+00:00,92.81999969482422,92.82969665527344,92.81379699707031,92.82969665527344,30664
2026-08-21 16:30:00+00:00,92.82499694824219,92.83000183105469,92.81500244140625,92.81500244140625,11203
2026-08-21 16:35:00+00:00,92.82009887695312,92.83000183105469,92.81999969482422,92.82499694824219,21136
2026-08-21 16:40:00+00:00,92.82499694824219,92.82990264892578,92.81999969482422,92.82009887695312,6177
2026-08-21 16:45:00+00:00,92.82499694824219,92.8290023803711,92.82039642333984,92.8219985961914,14933
2026-08-21 16:50:00+00:00,92.81990051269531,92.83000183105469,92.80999755859375,92.82009887695312,110391
2026-08-21 16:55:00+00:00,92.82499694824219,92.82969665527344,92.80999755859375,92.80999755859375,17458
2026-08-21 17:00:00+00:00,92.82499694824219,92.83000183105469,92.80999755859375,92.83000183105469,17763
2026-08-21 17:05:00+00:00,92.81999969482422,92.83000183105469,92.81500244140625,92.82499694824219,18813
2026-08-21 17:10:00+00:00,92.83000183105469,92.83000183105469,92.82009887695312,92.82669830322266,7959
2026-08-21 17:15:00+00:00,92.81770324707031,92.83000183105469,92.81500244140625,92.83000183105469,10123
2026-08-21 17:20:00+00:00,92.83499908447266,92.83920288085938,92.81500244140625,92.81500244140625,18888
2026-08-21 17:25:00+00:00,92.82499694824219,92.83999633789062,92.81999969482422,92.83999633789062,12732
2026-08-21 17:30:00+00:00,92.80500030517578,92.82499694824219,92.80000305175781,92.82009887695312,103606
2026-08-21 17:35:00+00:00,92.79000091552734,92.80919647216797,92.79000091552734,92.80919647216797,32006
2026-08-21 17:40:00+00:00,92.77999877929688,92.78980255126953,92.7750015258789,92.78919982910156,16938
2026-08-21 17:45:00+00:00,92.7760009765625,92.78500366210938,92.7699966430664,92.78500366210938,14509
2026-08-21 17:50:00+00:00,92.77999877929688,92.77999877929688,92.76499938964844,92.7699966430664,13522
2026-08-21 17:55:00+00:00,92.7750015258789,92.77989959716797,92.77030181884766,92.77259826660156,7413
2026-08-21 18:00:00+00:00,92.78500366210938,92.79000091552734,92.7750015258789,92.77999877929688,12847
2026-08-21 18:05:00+00:00,92.78500366210938,92.78919982910156,92.78009796142578,92.78500366210938,20246
2026-08-21 18:10:00+00:00,92.78500366210938,92.78990173339844,92.77999877929688,92.78009796142578,5446
2026-08-21 18:15:00+00:00,92.78500366210938,92.79000091552734,92.77999877929688,92.78500366210938,22412
2026-08-21 18:20:00+00:00,92.79010009765625,92.80000305175781,92.77999877929688,92.78500366210938,23869
2026-08-21 18:25:00+00:00,92.80500030517578,92.80999755859375,92.79499816894531,92.80000305175781,37309
2026-08-21 18:30:00+00:00,92.79010009765625,92.80500030517578,92.79010009765625,92.80500030517578,17625
2026-08-21 18:35:00+00:00,92.79000091552734,92.80000305175781,92.79000091552734,92.79499816894531,20200
2026-08-21 18:40:00+00:00,92.79499816894531,92.80000305175781,92.79080200195312,92.79499816894531,8539
2026-08-21 18:45:00+00:00,92.79989624023438,92.80999755859375,92.79499816894531,92.80000305175781,22881
2026-08-21 18:50:00+00:00,92.79499816894531,92.80000305175781,92.79000091552734,92.79499816894531,23962
2026-08-21 18:55:00+00:00,92.80500030517578,92.80999755859375,92.79000091552734,92.79029846191406,38019
2026-08-21 19:00:00+00:00,92.81500244140625,92.81999969482422,92.80500030517578,92.80500030517578,79561
2026-08-21 19:05:00+00:00,92.81500244140625,92.81999969482422,92.81109619140625,92.81500244140625,82548
2026-08-21 19:10:00+00:00,92.80500030517578,92.81999969482422,92.80000305175781,92.81500244140625,92703
2026-08-21 19:15:00+00:00,92.80500030517578,92.80999755859375,92.80500030517578,92.80999755859375,37230
2026-08-21 19:20:00+00:00,92.80500030517578,92.80999755859375,92.80000305175781,92.80500030517578,46558
2026-08-21 19:25:00+00:00,92.79499816894531,92.80879974365234,92.79000091552734,92.80500030517578,61603
2026-08-21 19:30:00+00:00,92.79499816894531,92.80599975585938,92.79000091552734,92.79499816894531,98808
2026-08-21 19:35:00+00:00,92.79499816894531,92.80000305175781,92.79000091552734,92.79499816894531,67079
2026-08-21 19:40:00+00:00,92.78500366210938,92.80000305175781,92.77999877929688,92.79499816894531,424349
2026-08-21 19:45:00+00:00,92.80500030517578,92.80500030517578,92.78009796142578,92.78500366210938,119749
2026-08-21 19:50:00+00:00,92.81500244140625,92.81999969482422,92.8010025024414,92.80999755859375,142315
2026-08-21 19:55:00+00:00,92.81500244140625,92.81999969482422,92.80000305175781,92.81500244140625,191051
2026-08-24 13:30:00+00:00,92.98500061035156,92.98500061035156,92.94000244140625,92.94000244140625,183272
2026-08-24 13:35:00+00:00,92.9811019897461,92.98999786376953,92.95999908447266,92.989501953125,32745
2026-08-24 13:40:00+00:00,92.98970031738281,92.9999008178711,92.9800033569336,92.98500061035156,10893
2026-08-24 13:45:00+00:00,93.03009796142578,93.03009796142578,92.9811019897461,92.9811019897461,67262
2026-08-24 13:50:00+00:00,93.0509033203125,93.06999969482422,93.03079986572266,93.03500366210938,44706
2026-08-24 13:55:00+00:00,93.03990173339844,93.05000305175781,93.01499938964844,93.05000305175781,40346
2026-08-24 14:00:00+00:00,93.04499816894531,93.07499694824219,93.04000091552734,93.04000091552734,29876
2026-08-24 14:05:00+00:00,93.04499816894531,93.05000305175781,93.03500366210938,93.04499816894531,23373
2026-08-24 14:10:00+00:00,93.03500366210938,93.03919982910156,93.02020263671875,93.03500366210938,38061
2026-08-24 14:15:00+00:00,93.0250015258789,93.02999877929688,93.01110076904297,93.0250015258789,25586
2026-08-24 14:20:00+00:00,93.01499938964844,93.01920318603516,93.01000213623047,93.01499938964844,6792
2026-08-24 14:25:00+00:00,93.03109741210938,93.03109741210938,93.01080322265625,93.01640319824219,16002
2026-08-24 14:30:00+00:00,93.04000091552734,93.04000091552734,93.03009796142578,93.04000091552734,13903
2026-08-24 14:35:00+00:00,93.04010009765625,93.05000305175781,93.03040313720703,93.03040313720703,24624
2026-08-24 14:40:00+00:00,93.03500366210938,93.04910278320312,93.02999877929688,93.04109954833984,14183
2026-08-24 14:45:00+00:00,93.01499938964844,93.02999877929688,93.01000213623047,93.0250015258789,95963
2026-08-24 14:50:00+00:00,93.02999877929688,93.02999877929688,93.01010131835938,93.01010131835938,41115
2026-08-24 14:55:00+00:00,93.0199966430664,93.05000305175781,93.01010131835938,93.04000091552734,23516
2026-08-24 15:00:00+00:00,93.01499938964844,93.0250015258789,93.01000213623047,93.0199966430664,82310
2026-08-24 15:05:00+00:00,93.0250015258789,93.0250015258789,93.01100158691406,93.01100158691406,58575
2026-08-24 15:10:00+00:00,93.03990173339844,93.03990173339844,93.0199966430664,93.0199966430664,12165
2026-08-24 15:15:00+00:00,93.03500366210938,93.04000091552734,93.02999877929688,93.03199768066406,20003
2026-08-24 15:20:00+00:00,93.04309844970703,93.05000305175781,93.03009796142578,93.03009796142578,36115
2026-08-24 15:25:00+00:00,93.0999984741211,93.1050033569336,93.05000305175781,93.05000305175781,110220
2026-08-24 15:30:00+00:00,93.05500030517578,93.1050033569336,93.05500030517578,93.1050033569336,75063
2026-08-24 15:35:00+00:00,93.05999755859375,93.05999755859375,93.05010223388672,93.05919647216797,19505
2026-08-24 15:40:00+00:00,93.04900360107422,93.05999755859375,93.04010009765625,93.05500030517578,131297
2026-08-24 15:45:00+00:00,93.04499816894531,93.04910278320312,93.03109741210938,93.04010009765625,57543
2026-08-24 15:50:00+00:00,93.03500366210938,93.05500030517578,93.03500366210938,93.05000305175781,18577
2026-08-24 15:55:00+00:00,93.0250015258789,93.03500366210938,93.0199966430664,93.03500366210938,16369
2026-08-24 16:00:00+00:00,93.12899780273438,93.13999938964844,93.02010345458984,93.0250015258789,266085
2026-08-24 16:05:00+00:00,93.09500122070312,93.125,93.08999633789062,93.125,86273
2026-08-24 16:10:00+00:00,93.08499908447266,93.09500122070312,93.07499694824219,93.09010314941406,64025
2026-08-24 16:15:00+00:00,93.08499908447266,93.08999633789062,93.0801010131836,93.08999633789062,35049
2026-08-24 16:20:00+00:00,93.0999984741211,93.0999984741211,93.08000183105469,93.08000183105469,52113
2026-08-24 16:25:00+00:00,93.07499694824219,93.0999984741211,93.06999969482422,93.09500122070312,192669
2026-08-24 16:30:00+00:00,93.08000183105469,93.08000183105469,93.07009887695312,93.07499694824219,41764
2026-08-24 16:35:00+00:00,93.07109832763672,93.08989715576172,93.07109832763672,93.07499694824219,23439
2026-08-24 16:40:00+00:00,93.05999755859375,93.07499694824219,93.05999755859375,93.07499694824219,25535
2026-08-24 16:45:00+00:00,93.05500030517578,93.06950378417969,93.05500030517578,93.06500244140625,25136
2026-08-24 16:50:00+00:00,93.0510025024414,93.05999755859375,93.05039978027344,93.05500030517578,25718
2026-08-24 16:55:00+00:00,93.06659698486328,93.0697021484375,93.04000091552734,93.05500030517578,39096
2026-08-24 17:00:00+00:00,93.06999969482422,93.07499694824219,93.06500244140625,93.06500244140625,22642
2026-08-24 17:05:00+00:00,93.08499908447266,93.09989929199219,93.06500244140625,93.06999969482422,30595
2026-08-24 17:10:00+00:00,93.07499694824219,93.08689880371094,93.05500030517578,93.08000183105469,31545
2026-08-24 17:15:00+00:00,93.07109832763672,93.08989715576172,93.06999969482422,93.08499908447266,26382
2026-08-24 17:20:00+00:00,93.03500366210938,93.07009887695312,93.01499938964844,93.07009887695312,219569
2026-08-24 17:25:00+00:00,93.0250015258789,93.04000091552734,93.0250015258789,93.02999877929688,44131
2026-08-24 17:30:00+00:00,93.01499938964844,93.02999877929688,93.0009994506836,93.0250015258789,56762
2026-08-24 17:35:00+00:00,93.01499938964844,93.01899719238281,93.01000213623047,93.01000213623047,30169
2026-08-24 17:40:00+00:00,93.01499938964844,93.0199966430664,93.01000213623047,93.01499938964844,35131
2026-08-24 17:45:00+00:00,93.0250015258789,93.02999877929688,93.0199966430664,93.0199966430664,36888
2026-08-24 17:50:00+00:00,93.04000091552734,93.04000091552734,93.0250015258789,93.0250015258789,48097
2026-08-24 17:55:00+00:00,93.04000091552734,93.05000305175781,93.04000091552734,93.04010009765625,24111
2026-08-24 18:00:00+00:00,93.03500366210938,93.04499816894531,93.03250122070312,93.04000091552734,48782
2026-08-24 18:05:00+00:00,93.03500366210938,93.04000091552734,93.03079986572266,93.03500366210938,33731
2026-08-24 18:10:00+00:00,93.05999755859375,93.05999755859375,93.03500366210938,93.04000091552734,34287
2026-08-24 18:15:00+00:00,93.04010009765625,93.05999755859375,93.04000091552734,93.05999755859375,34479
2026-08-24 18:20:00+00:00,93.03009796142578,93.04010009765625,93.02999877929688,93.04000091552734,34197
2026-08-24 18:25:00+00:00,93.03500366210938,93.04000091552734,93.02999877929688,93.02999877929688,44447
2026-08-24 18:30:00+00:00,93.0250015258789,93.04000091552734,93.02010345458984,93.03500366210938,41612
2026-08-24 18:35:00+00:00,93.0250015258789,93.02999877929688,93.02010345458984,93.0250015258789,36268
2026-08-24 18:40:00+00:00,93.03500366210938,93.05000305175781,93.0250015258789,93.0250015258789,48436
2026-08-24 18:45:00+00:00,93.03500366210938,93.04499816894531,93.03230285644531,93.03500366210938,50695
2026-08-24 18:50:00+00:00,93.03500366210938,93.05000305175781,93.03500366210938,93.03500366210938,39979
2026-08-24 18:55:00+00:00,93.01000213623047,93.04000091552734,93.00499725341797,93.03500366210938,86456
2026-08-24 19:00:00+00:00,93.0250015258789,93.02999877929688,93.01000213623047,93.01000213623047,47050
2026-08-24 19:05:00+00:00,93.01499938964844,93.04000091552734,93.01300048828125,93.02999877929688,51875
2026-08-24 19:10:00+00:00,93.01000213623047,93.0199966430664,93.01000213623047,93.0198974609375,50158
2026-08-24 19:15:00+00:00,93.00499725341797,93.0199966430664,93.00499725341797,93.0199966430664,46892
2026-08-24 19:20:00+00:00,92.9999008178711,93.01000213623047,92.99500274658203,93.00499725341797,190956
2026-08-24 19:25:00+00:00,92.99500274658203,93.0,92.9906005859375,92.99500274658203,86959
2026-08-24 19:30:00+00:00,92.99500274658203,93.01000213623047,92.99009704589844,92.99500274658203,117845
2026-08-24 19:35:00+00:00,92.98999786376953,93.0,92.98999786376953,92.99500274658203,71504
2026-08-24 19:40:00+00:00,92.98999786376953,93.0,92.98999786376953,92.99500274658203,137331
2026-08-24 19:45:00+00:00,93.00499725341797,93.0199966430664,92.98999786376953,93.0,169009
2026-08-24 19:50:00+00:00,93.01000213623047,93.0199966430664,93.00499725341797,93.00499725341797,209787
2026-08-24 19:55:00+00:00,93.00499725341797,93.01499938964844,92.98500061035156,93.01499938964844,710532
2026-08-25 13:30:00+00:00,93.28910064697266,93.31500244140625,93.27999877929688,93.30000305175781,358334
2026-08-25 13:35:00+00:00,93.29499816894531,93.30000305175781,93.2699966430664,93.28500366210938,111864
2026-08-25 13:40:00+00:00,93.2750015258789,93.30000305175781,93.2750015258789,93.29499816894531,460528
2026-08-25 13:45:00+00:00,93.28500366210938,93.28500366210938,93.26000213623047,93.2750015258789,141957
2026-08-25 13:50:00+00:00,93.2750015258789,93.29000091552734,93.26000213623047,93.28500366210938,187732
2026-08-25 13:55:00+00:00,93.2699966430664,93.27989959716797,93.26000213623047,93.27130126953125,175109
2026-08-25 14:00:00+00:00,93.28500366210938,93.30500030517578,93.26000213623047,93.27999877929688,159128
2026-08-25 14:05:00+00:00,93.29499816894531,93.30950164794922,93.29000091552734,93.29000091552734,61719
2026-08-25 14:10:00+00:00,93.28500366210938,93.30000305175781,93.28500366210938,93.29499816894531,30722
2026-08-25 14:15:00+00:00,93.3009033203125,93.30500030517578,93.28500366210938,93.28500366210938,27664
2026-08-25 14:20:00+00:00,93.31500244140625,93.31919860839844,93.29100036621094,93.30999755859375,27784
2026-08-25 14:25:00+00:00,93.31999969482422,93.3290023803711,93.31500244140625,93.31500244140625,19757
2026-08-25 14:30:00+00:00,93.33000183105469,93.33999633789062,93.26000213623047,93.30999755859375,240922
2026-08-25 14:35:00+00:00,93.3499984741211,93.3499984741211,93.33499908447266,93.33499908447266,27053
2026-08-25 14:40:00+00:00,93.37000274658203,93.37000274658203,93.33999633789062,93.34040069580078,54849
2026-08-25 14:45:00+00:00,93.37999725341797,93.38999938964844,93.36499786376953,93.37000274658203,32072
2026-08-25 14:50:00+00:00,93.375,93.37999725341797,93.3499984741211,93.37999725341797,574672
2026-08-25 14:55:00+00:00,93.37999725341797,93.3949966430664,93.375,93.375,32586
2026-08-25 15:00:00+00:00,93.36009979248047,93.37999725341797,93.36009979248047,93.375,11845
2026-08-25 15:05:00+00:00,93.3550033569336,93.36499786376953,93.35099792480469,93.36499786376953,51711
2026-08-25 15:10:00+00:00,93.35089874267578,93.36000061035156,93.3499984741211,93.3550033569336,28815
2026-08-25 15:15:00+00:00,93.375,93.37989807128906,93.36000061035156,93.36000061035156,20738
2026-08-25 15:20:00+00:00,93.38500213623047,93.39769744873047,93.375,93.375,67167
2026-08-25 15:25:00+00:00,93.375,93.38899993896484,93.37079620361328,93.38500213623047,83389
2026-08-25 15:30:00+00:00,93.43080139160156,93.43499755859375,93.375,93.375,55885
2026-08-25 15:35:00+00:00,93.43499755859375,93.45500183105469,93.42500305175781,93.43499755859375,222232
2026-08-25 15:40:00+00:00,93.42500305175781,93.44499969482422,93.42500305175781,93.43990325927734,58850
2026-08-25 15:45:00+00:00,93.41000366210938,93.41999816894531,93.41000366210938,93.41999816894531,15492
2026-08-25 15:50:00+00:00,93.36499786376953,93.41000366210938,93.36499786376953,93.41000366210938,97700
2026-08-25 15:55:00+00:00,93.375,93.37989807128906,93.36019897460938,93.36499786376953,14412
2026-08-25 16:00:00+00:00,93.36499786376953,93.375,93.36100006103516,93.375,6237
2026-08-25 16:05:00+00:00,93.375,93.37999725341797,93.36499786376953,93.36499786376953,13774
2026-08-25 16:10:00+00:00,93.39009857177734,93.39900207519531,93.37079620361328,93.37110137939453,26955
2026-08-25 16:15:00+00:00,93.38970184326172,93.4000015258789,93.38500213623047,93.4000015258789,29503
2026-08-25 16:20:00+00:00,93.38500213623047,93.38990020751953,93.38040161132812,93.38079833984375,6337
2026-08-25 16:25:00+00:00,93.38990020751953,93.38999938964844,93.38500213623047,93.38500213623047,21582
2026-08-25 16:30:00+00:00,93.3949966430664,93.3949966430664,93.38009643554688,93.38999938964844,24114
2026-08-25 16:35:00+00:00,93.38999938964844,93.4000015258789,93.38999938964844,93.3949966430664,24290
2026-08-25 16:40:00+00:00,93.38500213623047,93.39900207519531,93.37999725341797,93.3949966430664,18208
2026-08-25 16:45:00+00:00,93.39990234375,93.4000015258789,93.38500213623047,93.38500213623047,16151
2026-08-25 16:50:00+00:00,93.38500213623047,93.4000015258789,93.38500213623047,93.3949966430664,10948
2026-08-25 16:55:00+00:00,93.4000015258789,93.4000015258789,93.38009643554688,93.38009643554688,23957
2026-08-25 17:00:00+00:00,93.42500305175781,93.42500305175781,93.4000015258789,93.4000015258789,55641
2026-08-25 17:05:00+00:00,93.4010009765625,93.42500305175781,93.4010009765625,93.42500305175781,29573
2026-08-25 17:10:00+00:00,93.40499877929688,93.41000366210938,93.4000015258789,93.40499877929688,5233
2026-08-25 17:15:00+00:00,93.41000366210938,93.41000366210938,93.4000015258789,93.40499877929688,5794
2026-08-25 17:20:00+00:00,93.38999938964844,93.40499877929688,93.38999938964844,93.40499877929688,8595
2026-08-25 17:25:00+00:00,93.4000015258789,93.4000015258789,93.37999725341797,93.38500213623047,13560
2026-08-25 17:30:00+00:00,93.40499877929688,93.41000366210938,93.39099884033203,93.39240264892578,8875
2026-08-25 17:35:00+00:00,93.40499877929688,93.41000366210938,93.40010070800781,93.40499877929688,20088
2026-08-25 17:40:00+00:00,93.41000366210938,93.41500091552734,93.40499877929688,93.40499877929688,10524
2026-08-25 17:45:00+00:00,93.4021987915039,93.41010284423828,93.4011001586914,93.41010284423828,13446
2026-08-25 17:50:00+00:00,93.40499877929688,93.40899658203125,93.40229797363281,93.40499877929688,9894
2026-08-25 17:55:00+00:00,93.41500091552734,93.41999816894531,93.40080261230469,93.41000366210938,27007
2026-08-25 18:00:00+00:00,93.40950012207031,93.41500091552734,93.40499877929688,93.41500091552734,17429
2026-08-25 18:05:00+00:00,93.40170288085938,93.41899871826172,93.40170288085938,93.41000366210938,16773
2026-08-25 18:10:00+00:00,93.41500091552734,93.41500091552734,93.01000213623047,93.40499877929688,22516
2026-08-25 18:15:00+00:00,93.40499877929688,93.41999816894531,93.4000015258789,93.41500091552734,12208
2026-08-25 18:20:00+00:00,93.40080261230469,93.40899658203125,93.40080261230469,93.40499877929688,5472
2026-08-25 18:25:00+00:00,93.40499877929688,93.41000366210938,93.40029907226562,93.41000366210938,23100
2026-08-25 18:30:00+00:00,93.41500091552734,93.41999816894531,93.41000366210938,93.41000366210938,27985
2026-08-25 18:35:00+00:00,93.40499877929688,93.41500091552734,93.4011001586914,93.41500091552734,12565
2026-08-25 18:40:00+00:00,93.40499877929688,93.41000366210938,93.4000015258789,93.40499877929688,17122
2026-08-25 18:45:00+00:00,93.41500091552734,93.41899871826172,93.40049743652344,93.41000366210938,38055
2026-08-25 18:50:00+00:00,93.42500305175781,93.42900085449219,93.41000366210938,93.41500091552734,44769
2026-08-25 18:55:00+00:00,93.43499755859375,93.43560028076172,93.41999816894531,93.42500305175781,180911
2026-08-25 19:00:00+00:00,93.41510009765625,93.44000244140625,93.41000366210938,93.44000244140625,82081
2026-08-25 19:05:00+00:00,93.42500305175781,93.43000030517578,93.41010284423828,93.41500091552734,74018
2026-08-25 19:10:00+00:00,93.439697265625,93.44000244140625,93.42500305175781,93.42500305175781,46099
2026-08-25 19:15:00+00:00,93.45500183105469,93.45999908447266,93.43499755859375,93.44000244140625,82847
2026-08-25 19:20:00+00:00,93.44499969482422,93.45999908447266,93.43499755859375,93.44999694824219,101605
2026-08-25 19:25:00+00:00,93.44010162353516,93.4457015991211,93.43499755859375,93.44499969482422,24492
2026-08-25 19:30:00+00:00,93.44499969482422,93.44999694824219,93.44000244140625,93.44499969482422,30696
2026-08-25 19:35:00+00:00,93.44499969482422,93.44999694824219,93.44000244140625,93.44499969482422,461466
2026-08-25 19:40:00+00:00,93.44499969482422,93.44999694824219,93.44499969482422,93.44750213623047,699140
2026-08-25 19:45:00+00:00,93.4800033569336,93.4800033569336,93.44010162353516,93.44999694824219,57489
2026-08-25 19:50:00+00:00,93.5250015258789,93.53500366210938,93.45999908447266,93.47000122070312,215758
2026-08-25 19:55:00+00:00,93.51499938964844,93.52999877929688,93.5,93.5250015258789,549559
2026-08-26 13:30:00+00:00,93.30500030517578,93.34500122070312,93.30000305175781,93.33000183105469,85871
2026-08-26 13:35:00+00:00,93.30999755859375,93.31500244140625,93.29000091552734,93.30500030517578,52317
2026-08-26 13:40:00+00:00,93.30989837646484,93.31500244140625,93.30000305175781,93.31500244140625,67541
2026-08-26 13:45:00+00:00,93.2750015258789,93.30000305175781,93.2699966430664,93.29109954833984,81759
2026-08-26 13:50:00+00:00,93.2699966430664,93.2699966430664,93.23999786376953,93.2699966430664,149347
2026-08-26 13:55:00+00:00,93.2750015258789,93.27989959716797,93.26499938964844,93.2791976928711,23758
2026-08-26 14:00:00+00:00,93.26499938964844,93.2750015258789,93.26029968261719,93.2750015258789,11509
2026-08-26 14:05:00+00:00,93.2750015258789,93.2750015258789,93.25,93.26110076904297,33648
2026-08-26 14:10:00+00:00,93.26499938964844,93.28500366210938,93.26110076904297,93.27999877929688,27375
2026-08-26 14:15:00+00:00,93.25969696044922,93.2750015258789,93.25399780273438,93.2699966430664,17139
2026-08-26 14:20:00+00:00,93.26000213623047,93.26000213623047,93.23999786376953,93.25499725341797,24581
2026-08-26 14:25:00+00:00,93.26190185546875,93.2750015258789,93.26000213623047,93.26000213623047,28341
2026-08-26 14:30:00+00:00,93.28500366210938,93.28500366210938,93.26000213623047,93.26499938964844,39587
2026-08-26 14:35:00+00:00,93.31999969482422,93.31999969482422,93.27999877929688,93.28500366210938,24253
2026-08-26 14:40:00+00:00,93.31500244140625,93.31999969482422,93.30999755859375,93.31639862060547,18220
2026-08-26 14:45:00+00:00,93.29000091552734,93.31500244140625,93.29000091552734,93.30999755859375,22554
2026-08-26 14:50:00+00:00,93.3292007446289,93.33000183105469,93.29499816894531,93.29499816894531,31810
2026-08-26 14:55:00+00:00,93.33499908447266,93.33899688720703,93.31999969482422,93.32389831542969,21223
2026-08-26 15:00:00+00:00,93.33000183105469,93.33499908447266,93.31999969482422,93.33000183105469,14755
2026-08-26 15:05:00+00:00,93.3499984741211,93.35900115966797,93.33100128173828,93.33100128173828,28351
2026-08-26 15:10:00+00:00,93.33999633789062,93.35990142822266,93.33999633789062,93.3550033569336,21561
2026-08-26 15:15:00+00:00,93.33100128173828,93.33999633789062,93.32009887695312,93.33499908447266,17889
2026-08-26 15:20:00+00:00,93.32499694824219,93.33899688720703,93.31999969482422,93.33899688720703,18819
2026-08-26 15:25:00+00:00,93.31999969482422,93.32990264892578,93.31999969482422,93.32499694824219,60371
2026-08-26 15:30:00+00:00,93.30999755859375,93.32499694824219,93.30999755859375,93.32499694824219,25407
2026-08-26 15:35:00+00:00,93.30999755859375,93.31500244140625,93.30000305175781,93.31500244140625,24440
2026-08-26 15:40:00+00:00,93.32499694824219,93.33000183105469,93.31999969482422,93.31999969482422,20444
2026-08-26 15:45:00+00:00,93.31999969482422,93.32499694824219,93.30500030517578,93.32499694824219,36919
2026-08-26 15:50:00+00:00,93.2697982788086,93.31719970703125,93.26499938964844,93.31009674072266,35887
2026-08-26 15:55:00+00:00,93.27010345458984,93.27999877929688,93.26110076904297,93.26110076904297,23033
2026-08-26 16:00:00+00:00,93.25499725341797,93.28369903564453,93.25499725341797,93.27999877929688,13400
2026-08-26 16:05:00+00:00,93.24449920654297,93.26499938964844,93.24030303955078,93.26000213623047,7902
2026-08-26 16:10:00+00:00,93.26080322265625,93.26920318603516,93.24009704589844,93.25,25293
2026-08-26 16:15:00+00:00,93.24099731445312,93.26499938964844,93.24099731445312,93.26499938964844,8643
2026-08-26 16:20:00+00:00,93.24500274658203,93.24500274658203,93.2322998046875,93.23999786376953,11856
2026-08-26 16:25:00+00:00,93.23500061035156,93.24500274658203,93.2311019897461,93.24500274658203,100040
2026-08-26 16:30:00+00:00,93.23500061035156,93.23999786376953,93.23500061035156,93.23500061035156,20810
2026-08-26 16:35:00+00:00,93.23899841308594,93.25499725341797,93.23899841308594,93.23999786376953,23678
2026-08-26 16:40:00+00:00,93.23500061035156,93.24500274658203,93.23500061035156,93.23500061035156,9539
2026-08-26 16:45:00+00:00,93.25,93.25,93.23999786376953,93.23999786376953,12856
2026-08-26 16:50:00+00:00,93.23500061035156,93.25499725341797,93.2300033569336,93.25499725341797,29213
2026-08-26 16:55:00+00:00,93.2300033569336,93.23989868164062,93.2300033569336,93.23500061035156,9567
2026-08-26 17:00:00+00:00,93.25,93.26000213623047,93.23030090332031,93.23500061035156,22953
2026-08-26 17:05:00+00:00,93.25499725341797,93.25499725341797,93.24500274658203,93.2509994506836,9232
2026-08-26 17:10:00+00:00,93.25499725341797,93.26000213623047,93.25019836425781,93.25499725341797,18850
2026-08-26 17:15:00+00:00,93.26000213623047,93.2699966430664,93.2509994506836,93.25900268554688,15387
2026-08-26 17:20:00+00:00,93.26499938964844,93.26899719238281,93.25050354003906,93.26000213623047,13836
2026-08-26 17:25:00+00:00,93.26499938964844,93.26920318603516,93.26000213623047,93.26499938964844,9082
2026-08-26 17:30:00+00:00,93.25,93.26499938964844,93.25,93.26499938964844,17267
2026-08-26 17:35:00+00:00,93.25029754638672,93.26000213623047,93.25,93.25990295410156,3994
2026-08-26 17:40:00+00:00,93.24500274658203,93.25499725341797,93.23999786376953,93.25499725341797,39839
2026-08-26 17:45:00+00:00,93.2343978881836,93.24500274658203,93.2301025390625,93.24500274658203,10763
2026-08-26 17:50:00+00:00,93.2300033569336,93.23999786376953,93.2300033569336,93.23500061035156,9494
2026-08-26 17:55:00+00:00,93.24099731445312,93.24500274658203,93.2300033569336,93.23500061035156,22877
2026-08-26 18:00:00+00:00,93.25499725341797,93.26000213623047,93.24500274658203,93.24500274658203,11888
2026-08-26 18:05:00+00:00,93.26000213623047,93.26000213623047,93.24099731445312,93.25990295410156,49579
2026-08-26 18:10:00+00:00,93.25,93.26499938964844,93.25,93.26499938964844,23119
2026-08-26 18:15:00+00:00,93.25,93.25,93.23999786376953,93.24500274658203,30586
2026-08-26 18:20:00+00:00,93.26010131835938,93.26499938964844,93.25019836425781,93.25559997558594,21567
2026-08-26 18:25:00+00:00,93.25499725341797,93.26499938964844,93.25499725341797,93.26499938964844,8220
2026-08-26 18:30:00+00:00,93.25499725341797,93.25990295410156,93.25,93.25499725341797,6411
2026-08-26 18:35:00+00:00,93.25499725341797,93.25499725341797,93.23999786376953,93.25499725341797,73513
2026-08-26 18:40:00+00:00,93.26499938964844,93.26899719238281,93.2500991821289,93.25900268554688,21845
2026-08-26 18:45:00+00:00,93.26499938964844,93.2699966430664,93.26000213623047,93.26499938964844,20438
2026-08-26 18:50:00+00:00,93.25,93.26000213623047,93.25,93.26000213623047,399913
2026-08-26 18:55:00+00:00,93.26110076904297,93.26499938964844,93.25,93.25499725341797,70232
2026-08-26 19:00:00+00:00,93.27999877929688,93.27999877929688,93.2699966430664,93.2699966430664,43156
2026-08-26 19:05:00+00:00,93.2750015258789,93.27980041503906,93.2699966430664,93.2750015258789,27248
2026-08-26 19:10:00+00:00,93.2699966430664,93.27999877929688,93.2699966430664,93.27100372314453,13653
2026-08-26 19:15:00+00:00,93.26499938964844,93.27899932861328,93.26000213623047,93.27010345458984,71469
2026-08-26 19:20:00+00:00,93.2750015258789,93.27999877929688,93.26000213623047,93.26499938964844,28170
2026-08-26 19:25:00+00:00,93.2750015258789,93.27999877929688,93.2699966430664,93.2750015258789,21609
2026-08-26 19:30:00+00:00,93.2750015258789,93.27999877929688,93.2699966430664,93.2699966430664,2039970
2026-08-26 19:35:00+00:00,93.28500366210938,93.29000091552734,93.2699966430664,93.27100372314453,19382
2026-08-26 19:40:00+00:00,93.28500366210938,93.29000091552734,93.27999877929688,93.28500366210938,14759
2026-08-26 19:45:00+00:00,93.29499816894531,93.29499816894531,93.27999877929688,93.28500366210938,80429
2026-08-26 19:50:00+00:00,93.2699966430664,93.29499816894531,93.2699966430664,93.29499816894531,97119
2026-08-26 19:55:00+00:00,93.33000183105469,93.33000183105469,93.2699966430664,93.2750015258789,332481
2026-08-27 13:30:00+00:00,93.29949951171875,93.30999755859375,93.29000091552734,93.30000305175781,88927
2026-08-27 13:35:00+00:00,93.3196029663086,93.31990051269531,93.29499816894531,93.29499816894531,18192
2026-08-27 13:40:00+00:00,93.30680084228516,93.31919860839844,93.30000305175781,93.31500244140625,43898
2026-08-27 13:45:00+00:00,93.30500030517578,93.31500244140625,93.28009796142578,93.30960083007812,47687
2026-08-27 13:50:00+00:00,93.31500244140625,93.3290023803711,93.29499816894531,93.30500030517578,27618
2026-08-27 13:55:00+00:00,93.30989837646484,93.32499694824219,93.30000305175781,93.31990051269531,249331
2026-08-27 14:00:00+00:00,93.30999755859375,93.31990051269531,93.29180145263672,93.30500030517578,15296
2026-08-27 14:05:00+00:00,93.28500366210938,93.31500244140625,93.28500366210938,93.30999755859375,16104
2026-08-27 14:10:00+00:00,93.27999877929688,93.30500030517578,93.27999877929688,93.28839874267578,28716
2026-08-27 14:15:00+00:00,93.28500366210938,93.28919982910156,93.27110290527344,93.28500366210938,36283
2026-08-27 14:20:00+00:00,93.26499938964844,93.28500366210938,93.26499938964844,93.28500366210938,27721
2026-08-27 14:25:00+00:00,93.26110076904297,93.26920318603516,93.25250244140625,93.25499725341797,24818
2026-08-27 14:30:00+00:00,93.29499816894531,93.29499816894531,93.2699966430664,93.2699966430664,30017
2026-08-27 14:35:00+00:00,93.28500366210938,93.30000305175781,93.28009796142578,93.29499816894531,17607
2026-08-27 14:40:00+00:00,93.30000305175781,93.30989837646484,93.28500366210938,93.29000091552734,57946
2026-08-27 14:45:00+00:00,93.32499694824219,93.32499694824219,93.30000305175781,93.30000305175781,28593
2026-08-27 14:50:00+00:00,93.3550033569336,93.37000274658203,93.32499694824219,93.32499694824219,163381
2026-08-27 14:55:00+00:00,93.36499786376953,93.36509704589844,93.35009765625,93.35009765625,40611
2026-08-27 15:00:00+00:00,93.3499984741211,93.36000061035156,93.34010314941406,93.3550033569336,25096
2026-08-27 15:05:00+00:00,93.33499908447266,93.35919952392578,93.32499694824219,93.3499984741211,114210
2026-08-27 15:10:00+00:00,93.31500244140625,93.33499908447266,93.31500244140625,93.33499908447266,16665
2026-08-27 15:15:00+00:00,93.32659912109375,93.33000183105469,93.310302734375,93.31109619140625,17791
2026-08-27 15:20:00+00:00,93.31990051269531,93.32499694824219,93.31009674072266,93.32499694824219,17488
2026-08-27 15:25:00+00:00,93.31500244140625,93.31999969482422,93.30500030517578,93.31179809570312,58528
2026-08-27 15:30:00+00:00,93.31500244140625,93.33000183105469,93.31500244140625,93.31990051269531,25874
2026-08-27 15:35:00+00:00,93.31999969482422,93.32499694824219,93.310302734375,93.31990051269531,26924
2026-08-27 15:40:00+00:00,93.32499694824219,93.32990264892578,93.31079864501953,93.3198013305664,17356
2026-08-27 15:45:00+00:00,93.31500244140625,93.32499694824219,93.310302734375,93.32499694824219,24608
2026-08-27 15:50:00+00:00,93.32499694824219,93.32980346679688,93.31500244140625,93.31500244140625,16458
2026-08-27 15:55:00+00:00,93.31500244140625,93.33000183105469,93.30999755859375,93.32499694824219,56209
2026-08-27 16:00:00+00:00,93.30180358886719,93.31900024414062,93.30180358886719,93.31109619140625,13096
2026-08-27 16:05:00+00:00,93.28500366210938,93.30919647216797,93.28500366210938,93.30500030517578,19863
2026-08-27 16:10:00+00:00,93.30500030517578,93.30500030517578,93.27999877929688,93.28500366210938,30682
2026-08-27 16:15:00+00:00,93.28109741210938,93.30999755859375,93.28109741210938,93.30989837646484,8026
2026-08-27 16:20:00+00:00,93.29499816894531,93.30000305175781,93.28179931640625,93.28500366210938,18667
2026-08-27 16:25:00+00:00,93.30500030517578,93.30999755859375,93.29090118408203,93.29499816894531,13969
2026-08-27 16:30:00+00:00,93.30500030517578,93.30989837646484,93.30000305175781,93.30500030517578,7485
2026-08-27 16:35:00+00:00,93.30500030517578,93.30989837646484,93.29109954833984,93.30899810791016,16179
2026-08-27 16:40:00+00:00,93.29920196533203,93.30370330810547,93.29000091552734,93.30000305175781,43030
2026-08-27 16:45:00+00:00,93.25499725341797,93.29010009765625,93.25,93.29010009765625,79434
2026-08-27 16:50:00+00:00,93.26499938964844,93.26950073242188,93.2509994506836,93.25499725341797,32432
2026-08-27 16:55:00+00:00,93.2698974609375,93.2698974609375,93.26000213623047,93.26499938964844,19780
2026-08-27 17:00:00+00:00,93.2750015258789,93.2750015258789,93.24500274658203,93.26010131835938,29237
2026-08-27 17:05:00+00:00,93.25499725341797,93.27020263671875,93.25499725341797,93.2699966430664,23748
2026-08-27 17:10:00+00:00,93.25499725341797,93.26000213623047,93.25,93.25,7001
2026-08-27 17:15:00+00:00,93.2750015258789,93.2750015258789,93.26000213623047,93.26000213623047,20929
2026-08-27 17:20:00+00:00,93.2750015258789,93.27999877929688,93.2699966430664,93.27999877929688,21424
2026-08-27 17:25:00+00:00,93.29000091552734,93.29000091552734,93.2750015258789,93.2750015258789,7635
2026-08-27 17:30:00+00:00,93.30000305175781,93.30000305175781,93.28500366210938,93.28500366210938,38740
2026-08-27 17:35:00+00:00,93.28079986572266,93.29499816894531,93.27999877929688,93.29499816894531,21710
2026-08-27 17:40:00+00:00,93.26110076904297,93.28900146484375,93.26080322265625,93.28079986572266,98994
2026-08-27 17:45:00+00:00,93.25,93.2699966430664,93.23500061035156,93.26499938964844,37741
2026-08-27 17:50:00+00:00,93.23500061035156,93.26000213623047,93.2301025390625,93.26000213623047,152980
2026-08-27 17:55:00+00:00,93.19000244140625,93.23500061035156,93.19000244140625,93.2300033569336,34669
2026-08-27 18:00:00+00:00,93.16010284423828,93.19000244140625,93.16000366210938,93.18499755859375,63438
2026-08-27 18:05:00+00:00,93.19000244140625,93.19000244140625,93.16100311279297,93.16500091552734,18733
2026-08-27 18:10:00+00:00,93.19499969482422,93.19550323486328,93.16999816894531,93.18000030517578,22613
2026-08-27 18:15:00+00:00,93.20500183105469,93.20999908447266,93.19499969482422,93.1989974975586,22701
2026-08-27 18:20:00+00:00,93.19499969482422,93.20999908447266,93.19000244140625,93.20989990234375,1022202
2026-08-27 18:25:00+00:00,93.19999694824219,93.2249984741211,93.19499969482422,93.19499969482422,50296
2026-08-27 18:30:00+00:00,93.21089935302734,93.21499633789062,93.20999908447266,93.20999908447266,14328
2026-08-27 18:35:00+00:00,93.20500183105469,93.21499633789062,93.19999694824219,93.2123031616211,38815
2026-08-27 18:40:00+00:00,93.21499633789062,93.21499633789062,93.20020294189453,93.20500183105469,17154
2026-08-27 18:45:00+00:00,93.22000122070312,93.22000122070312,93.20110321044922,93.21499633789062,15584
2026-08-27 18:50:00+00:00,93.21499633789062,93.22000122070312,93.20999908447266,93.21499633789062,25023
2026-08-27 18:55:00+00:00,93.21499633789062,93.22000122070312,93.2123031616211,93.21499633789062,12704
2026-08-27 19:00:00+00:00,93.21499633789062,93.22000122070312,93.20999908447266,93.21499633789062,106690
2026-08-27 19:05:00+00:00,93.22000122070312,93.22000122070312,93.20999908447266,93.21990203857422,513566
2026-08-27 19:10:00+00:00,93.22000122070312,93.22000122070312,93.20999908447266,93.21499633789062,25590
2026-08-27 19:15:00+00:00,93.22000122070312,93.22000122070312,93.21009826660156,93.21499633789062,33250
2026-08-27 19:20:00+00:00,93.22370147705078,93.2300033569336,93.21499633789062,93.22000122070312,32553
2026-08-27 19:25:00+00:00,93.20500183105469,93.22000122070312,93.19999694824219,93.22000122070312,26035
2026-08-27 19:30:00+00:00,93.19499969482422,93.20500183105469,93.19000244140625,93.20500183105469,45250
2026-08-27 19:35:00+00:00,93.19499969482422,93.19999694824219,93.19000244140625,93.19999694824219,4722624
2026-08-27 19:40:00+00:00,93.20500183105469,93.20500183105469,93.19010162353516,93.19499969482422,142775
2026-08-27 19:45:00+00:00,93.21499633789062,93.22000122070312,93.20500183105469,93.20500183105469,49472
2026-08-27 19:50:00+00:00,93.21499633789062,93.22899627685547,93.20999908447266,93.21499633789062,109467
2026-08-27 19:55:00+00:00,93.2300033569336,93.23999786376953,93.20999908447266,93.21499633789062,850225
2026-08-28 13:30:00+00:00,93.19020080566406,93.19989776611328,93.18000030517578,93.18000030517578,305215
2026-08-28 13:35:00+00:00,93.19499969482422,93.19989776611328,93.18009948730469,93.19499969482422,34902
2026-08-28 13:40:00+00:00,93.18499755859375,93.19969940185547,93.18499755859375,93.18499755859375,29986
2026-08-28 13:45:00+00:00,93.20500183105469,93.20999908447266,93.18190002441406,93.18499755859375,42997
2026-08-28 13:50:00+00:00,93.23500061035156,93.23989868164062,93.20500183105469,93.20500183105469,25595
2026-08-28 13:55:00+00:00,93.2699966430664,93.33499908447266,93.2300033569336,93.23500061035156,221699
2026-08-28 14:00:00+00:00,93.16500091552734,93.38999938964844,93.13999938964844,93.26000213623047,204679
2026-08-28 14:05:00+00:00,93.11499786376953,93.16500091552734,93.08499908447266,93.16500091552734,75271
2026-08-28 14:10:00+00:00,93.06999969482422,93.11000061035156,93.05999755859375,93.11000061035156,152860
2026-08-28 14:15:00+00:00,93.06999969482422,93.12000274658203,93.05999755859375,93.07499694824219,175760
2026-08-28 14:20:00+00:00,93.04000091552734,93.0999984741211,93.0250015258789,93.06500244140625,84173
2026-08-28 14:25:00+00:00,93.05999755859375,93.05999755859375,93.0199966430664,93.03500366210938,116529
2026-08-28 14:30:00+00:00,93.11499786376953,93.11499786376953,93.06999969482422,93.08499908447266,64464
2026-08-28 14:35:00+00:00,93.13500213623047,93.16500091552734,93.11499786376953,93.11499786376953,72131
2026-08-28 14:40:00+00:00,93.21499633789062,93.23500061035156,93.13500213623047,93.13500213623047,97363
2026-08-28 14:45:00+00:00,93.18499755859375,93.2300033569336,93.18000030517578,93.21089935302734,50446
2026-08-28 14:50:00+00:00,93.18990325927734,93.1989974975586,93.1500015258789,93.18000030517578,23082
2026-08-28 14:55:00+00:00,93.20999908447266,93.2249984741211,93.19000244140625,93.19000244140625,80415
2026-08-28 15:00:00+00:00,93.125,93.22000122070312,93.125,93.20999908447266,74275
2026-08-28 15:05:00+00:00,93.08000183105469,93.12920379638672,93.07499694824219,93.125,61141
2026-08-28 15:10:00+00:00,93.03500366210938,93.08999633789062,93.02999877929688,93.08499908447266,96535
2026-08-28 15:15:00+00:00,93.03500366210938,93.05500030517578,93.02989959716797,93.02999877929688,90747
2026-08-28 15:20:00+00:00,93.05500030517578,93.06999969482422,93.03500366210938,93.03500366210938,98227
2026-08-28 15:25:00+00:00,93.00499725341797,93.05000305175781,92.99500274658203,93.05000305175781,93036
2026-08-28 15:30:00+00:00,93.00499725341797,93.0250015258789,92.99500274658203,93.0,75077
2026-08-28 15:35:00+00:00,92.98500061035156,93.01000213623047,92.9749984741211,93.00499725341797,84132
2026-08-28 15:40:00+00:00,92.94999694824219,92.98500061035156,92.93119812011719,92.98500061035156,44829
2026-08-28 15:45:00+00:00,92.97000122070312,92.98999786376953,92.94499969482422,92.94999694824219,44532
2026-08-28 15:50:00+00:00,92.9749984741211,92.98999786376953,92.96499633789062,92.97029876708984,346355
2026-08-28 15:55:00+00:00,92.9749984741211,92.9749984741211,92.95390319824219,92.9749984741211,36734
2026-08-28 16:00:00+00:00,92.94999694824219,92.98500061035156,92.94999694824219,92.97899627685547,221344
2026-08-28 16:05:00+00:00,92.94000244140625,92.94999694824219,92.93000030517578,92.94499969482422,79887
2026-08-28 16:10:00+00:00,92.94499969482422,92.94499969482422,92.92420196533203,92.94000244140625,33173
2026-08-28 16:15:00+00:00,92.88500213623047,92.94499969482422,92.87000274658203,92.94499969482422,139108
2026-08-28 16:20:00+00:00,92.84500122070312,92.87999725341797,92.84500122070312,92.87999725341797,83573
2026-08-28 16:25:00+00:00,92.8550033569336,92.86000061035156,92.8499984741211,92.8499984741211,173846
2026-08-28 16:30:00+00:00,92.85800170898438,92.87999725341797,92.8550033569336,92.86000061035156,60464
2026-08-28 16:35:00+00:00,92.8949966430664,92.8949966430664,92.8501968383789,92.85590362548828,99346
2026-08-28 16:40:00+00:00,92.85389709472656,92.88999938964844,92.85389709472656,92.88999938964844,16465
2026-08-28 16:45:00+00:00,92.86499786376953,92.875,92.85870361328125,92.85870361328125,20774
2026-08-28 16:50:00+00:00,92.87000274658203,92.88500213623047,92.86000061035156,92.86499786376953,120653
2026-08-28 16:55:00+00:00,92.8550033569336,92.87689971923828,92.8499984741211,92.87689971923828,19219
2026-08-28 17:00:00+00:00,92.86009979248047,92.87000274658203,92.8499984741211,92.8499984741211,23259
2026-08-28 17:05:00+00:00,92.85269927978516,92.86499786376953,92.84010314941406,92.86499786376953,53356
2026-08-28 17:10:00+00:00,92.875,92.87899780273438,92.8499984741211,92.8550033569336,52097
2026-08-28 17:15:00+00:00,92.8550033569336,92.88500213623047,92.85399627685547,92.88500213623047,14494
2026-08-28 17:20:00+00:00,92.85099792480469,92.86499786376953,92.8499984741211,92.8550033569336,14257
2026-08-28 17:25:00+00:00,92.84500122070312,92.8550033569336,92.84500122070312,92.8550033569336,13274
2026-08-28 17:30:00+00:00,92.84500122070312,92.84500122070312,92.83000183105469,92.83999633789062,17716
2026-08-28 17:35:00+00:00,92.8499984741211,92.86499786376953,92.83999633789062,92.84500122070312,72394
2026-08-28 17:40:00+00:00,92.84500122070312,92.8550033569336,92.83499908447266,92.8550033569336,34907
2026-08-28 17:45:00+00:00,92.84500122070312,92.84919738769531,92.83999633789062,92.84500122070312,9289
2026-08-28 17:50:00+00:00,92.84500122070312,92.8489990234375,92.83499908447266,92.84500122070312,16562
2026-08-28 17:55:00+00:00,92.83999633789062,92.8499984741211,92.83999633789062,92.84500122070312,21713
2026-08-28 18:00:00+00:00,92.8469009399414,92.84919738769531,92.83999633789062,92.84500122070312,15176
2026-08-28 18:05:00+00:00,92.8550033569336,92.86990356445312,92.83999633789062,92.84500122070312,65845
2026-08-28 18:10:00+00:00,92.8499984741211,92.8550033569336,92.84020233154297,92.8550033569336,7360
2026-08-28 18:15:00+00:00,92.84049987792969,92.86000061035156,92.83999633789062,92.84500122070312,360099
2026-08-28 18:20:00+00:00,92.85009765625,92.86000061035156,92.84010314941406,92.84010314941406,30527
2026-08-28 18:25:00+00:00,92.84500122070312,92.86499786376953,92.84500122070312,92.85009765625,50767
2026-08-28 18:30:00+00:00,92.84420013427734,92.84989929199219,92.83000183105469,92.84919738769531,29667
2026-08-28 18:35:00+00:00,92.83999633789062,92.85900115966797,92.83999633789062,92.8499984741211,34541
2026-08-28 18:40:00+00:00,92.8550033569336,92.8550033569336,92.83049774169922,92.83999633789062,38323
2026-08-28 18:45:00+00:00,92.8489990234375,92.86799621582031,92.83999633789062,92.8550033569336,71557
2026-08-28 18:50:00+00:00,92.84500122070312,92.8499984741211,92.83999633789062,92.84500122070312,76087
2026-08-28 18:55:00+00:00,92.87999725341797,92.88500213623047,92.84010314941406,92.84500122070312,75040
2026-08-28 19:00:00+00:00,92.88990020751953,92.88999938964844,92.86499786376953,92.87999725341797,69457
2026-08-28 19:05:00+00:00,92.88500213623047,92.88999938964844,92.87999725341797,92.87999725341797,34871
2026-08-28 19:10:00+00:00,92.8550033569336,92.88500213623047,92.83999633789062,92.88500213623047,36377
2026-08-28 19:15:00+00:00,92.84500122070312,92.8499984741211,92.83999633789062,92.8499984741211,39140
2026-08-28 19:20:00+00:00,92.83499908447266,92.8499984741211,92.83499908447266,92.84989929199219,53681
2026-08-28 19:25:00+00:00,92.83499908447266,92.83999633789062,92.83000183105469,92.83499908447266,159152
2026-08-28 19:30:00+00:00,92.83499908447266,92.8499984741211,92.83000183105469,92.83920288085938,94455
2026-08-28 19:35:00+00:00,92.83499908447266,92.8499984741211,92.81999969482422,92.83000183105469,131607
2026-08-28 19:40:00+00:00,92.84500122070312,92.8499984741211,92.83499908447266,92.83999633789062,353609
2026-08-28 19:45:00+00:00,92.83499908447266,92.84500122070312,92.83000183105469,92.84500122070312,118189
2026-08-28 19:50:00+00:00,92.83000183105469,92.86000061035156,92.83000183105469,92.83499908447266,603649
2026-08-28 19:55:00+00:00,92.86000061035156,92.86000061035156,92.8322982788086,92.83499908447266,412110
2026-08-31 13:30:00+00:00,92.70999908447266,92.75,92.69999694824219,92.73100280761719,123734
2026-08-31 13:35:00+00:00,92.71990203857422,92.72000122070312,92.69000244140625,92.70500183105469,33357
2026-08-31 13:40:00+00:00,92.6803970336914,92.7249984741211,92.6803970336914,92.71499633789062,43779
2026-08-31 13:45:00+00:00,92.69499969482422,92.69999694824219,92.68499755859375,92.68499755859375,711244
2026-08-31 13:50:00+00:00,92.67500305175781,92.69499969482422,92.66999816894531,92.69499969482422,115944
2026-08-31 13:55:00+00:00,92.66000366210938,92.67990112304688,92.66000366210938,92.67500305175781,27489
2026-08-31 14:00:00+00:00,92.65499877929688,92.6603012084961,92.64029693603516,92.66000366210938,629935
2026-08-31 14:05:00+00:00,92.65499877929688,92.65499877929688,92.62999725341797,92.6500015258789,36530
2026-08-31 14:10:00+00:00,92.65010070800781,92.6698989868164,92.6500015258789,92.65499877929688,27941
2026-08-31 14:15:00+00:00,92.66500091552734,92.6697006225586,92.6449966430664,92.65499877929688,22119
2026-08-31 14:20:00+00:00,92.66500091552734,92.68000030517578,92.66000366210938,92.66999816894531,27081
2026-08-31 14:25:00+00:00,92.66500091552734,92.66729736328125,92.6500015258789,92.66500091552734,33777
2026-08-31 14:30:00+00:00,92.66899871826172,92.66999816894531,92.66000366210938,92.66500091552734,66580
2026-08-31 14:35:00+00:00,92.67500305175781,92.68499755859375,92.66500091552734,92.66500091552734,373559
2026-08-31 14:40:00+00:00,92.67109680175781,92.67990112304688,92.67109680175781,92.67310333251953,33997
2026-08-31 14:45:00+00:00,92.65499877929688,92.67919921875,92.65010070800781,92.67919921875,49419
2026-08-31 14:50:00+00:00,92.68499755859375,92.68499755859375,92.65499877929688,92.65499877929688,173218
2026-08-31 14:55:00+00:00,92.69499969482422,92.71499633789062,92.68499755859375,92.68499755859375,91036
2026-08-31 15:00:00+00:00,92.68499755859375,92.7249984741211,92.68499755859375,92.69999694824219,52145
2026-08-31 15:05:00+00:00,92.67500305175781,92.6864013671875,92.66999816894531,92.68499755859375,20754
2026-08-31 15:10:00+00:00,92.6803970336914,92.69499969482422,92.6707992553711,92.67500305175781,59117
2026-08-31 15:15:00+00:00,92.67500305175781,92.69000244140625,92.66999816894531,92.68499755859375,179600
2026-08-31 15:20:00+00:00,92.67500305175781,92.68000030517578,92.66999816894531,92.67500305175781,199110
2026-08-31 15:25:00+00:00,92.67500305175781,92.68000030517578,92.66999816894531,92.67500305175781,99867
2026-08-31 15:30:00+00:00,92.67109680175781,92.68990325927734,92.66999816894531,92.67500305175781,376528
2026-08-31 15:35:00+00:00,92.67500305175781,92.67990112304688,92.66999816894531,92.67500305175781,38314
2026-08-31 15:40:00+00:00,92.66500091552734,92.67500305175781,92.66000366210938,92.67500305175781,107770
2026-08-31 15:45:00+00:00,92.66500091552734,92.66500091552734,92.66000366210938,92.66500091552734,11444
2026-08-31 15:50:00+00:00,92.65499877929688,92.6698989868164,92.65499877929688,92.66500091552734,21156
2026-08-31 15:55:00+00:00,92.65499877929688,92.65899658203125,92.6500015258789,92.65499877929688,75331
2026-08-31 16:00:00+00:00,92.6500015258789,92.65679931640625,92.6449966430664,92.65499877929688,53399
2026-08-31 16:05:00+00:00,92.625,92.6449966430664,92.62020111083984,92.6449966430664,24610
2026-08-31 16:10:00+00:00,92.65499877929688,92.66500091552734,92.62110137939453,92.62920379638672,252876
2026-08-31 16:15:00+00:00,92.65499877929688,92.65499877929688,92.6500015258789,92.65499877929688,12623
2026-08-31 16:20:00+00:00,92.6592025756836,92.66500091552734,92.6500015258789,92.65499877929688,24449
2026-08-31 16:25:00+00:00,92.66500091552734,92.66500091552734,92.65249633789062,92.65499877929688,35869
2026-08-31 16:30:00+00:00,92.67500305175781,92.68000030517578,92.66000366210938,92.66919708251953,20588
2026-08-31 16:35:00+00:00,92.66500091552734,92.68000030517578,92.66500091552734,92.67500305175781,51220
2026-08-31 16:40:00+00:00,92.66500091552734,92.67990112304688,92.66000366210938,92.6698989868164,44244
2026-08-31 16:45:00+00:00,92.67500305175781,92.67500305175781,92.66000366210938,92.66500091552734,24607
2026-08-31 16:50:00+00:00,92.68499755859375,92.68499755859375,92.6707992553711,92.67500305175781,25040
2026-08-31 16:55:00+00:00,92.69499969482422,92.69499969482422,92.67500305175781,92.68109893798828,37050
2026-08-31 17:00:00+00:00,92.69000244140625,92.69509887695312,92.68270111083984,92.69499969482422,28571
2026-08-31 17:05:00+00:00,92.68499755859375,92.69499969482422,92.6707992553711,92.68499755859375,338372
2026-08-31 17:10:00+00:00,92.69499969482422,92.69499969482422,92.68000030517578,92.68229675292969,79791
2026-08-31 17:15:00+00:00,92.69010162353516,92.69989776611328,92.69000244140625,92.69499969482422,70395
2026-08-31 17:20:00+00:00,92.70500183105469,92.70500183105469,92.69010162353516,92.69499969482422,31974
2026-08-31 17:25:00+00:00,92.69120025634766,92.70500183105469,92.69000244140625,92.7041015625,28446
2026-08-31 17:30:00+00:00,92.69499969482422,92.69989776611328,92.69000244140625,92.69499969482422,24587
2026-08-31 17:35:00+00:00,92.68499755859375,92.69999694824219,92.68109893798828,92.69920349121094,36775
2026-08-31 17:40:00+00:00,92.68499755859375,92.68990325927734,92.68000030517578,92.68499755859375,21256
2026-08-31 17:45:00+00:00,92.67500305175781,92.69000244140625,92.67500305175781,92.68499755859375,80699
2026-08-31 17:50:00+00:00,92.67500305175781,92.68769836425781,92.67500305175781,92.68000030517578,88726
2026-08-31 17:55:00+00:00,92.68080139160156,92.69000244140625,92.67279815673828,92.67279815673828,14298
2026-08-31 18:00:00+00:00,92.67230224609375,92.69000244140625,92.66999816894531,92.68499755859375,97615
2026-08-31 18:05:00+00:00,92.66999816894531,92.67919921875,92.66999816894531,92.67009735107422,99171
2026-08-31 18:10:00+00:00,92.67500305175781,92.6760025024414,92.66000366210938,92.66999816894531,93477
2026-08-31 18:15:00+00:00,92.67500305175781,92.68990325927734,92.66999816894531,92.67500305175781,28604
2026-08-31 18:20:00+00:00,92.66500091552734,92.67500305175781,92.66000366210938,92.67500305175781,22244
2026-08-31 18:25:00+00:00,92.66500091552734,92.66999816894531,92.6500015258789,92.66500091552734,29307
2026-08-31 18:30:00+00:00,92.65499877929688,92.66919708251953,92.65019989013672,92.66500091552734,64821
2026-08-31 18:35:00+00:00,92.65899658203125,92.66500091552734,92.6449966430664,92.65499877929688,48354
2026-08-31 18:40:00+00:00,92.65499877929688,92.66000366210938,92.65010070800781,92.65899658203125,15834
2026-08-31 18:45:00+00:00,92.66999816894531,92.66999816894531,92.65010070800781,92.65499877929688,47426
2026-08-31 18:50:00+00:00,92.69000244140625,92.69999694824219,92.66999816894531,92.66999816894531,57011
2026-08-31 18:55:00+00:00,92.67500305175781,92.69999694824219,92.67440032958984,92.68900299072266,47905
2026-08-31 19:00:00+00:00,92.67500305175781,92.68499755859375,92.67109680175781,92.67500305175781,20150
2026-08-31 19:05:00+00:00,92.68499755859375,92.68499755859375,92.67500305175781,92.67500305175781,21127
2026-08-31 19:10:00+00:00,92.68499755859375,92.69000244140625,92.68009948730469,92.68499755859375,11995
2026-08-31 19:15:00+00:00,92.68000030517578,92.69000244140625,92.66999816894531,92.68000030517578,106721
2026-08-31 19:20:00+00:00,92.70500183105469,92.70989990234375,92.67500305175781,92.67990112304688,64644
2026-08-31 19:25:00+00:00,92.71499633789062,92.71990203857422,92.70110321044922,92.70999908447266,37399
2026-08-31 19:30:00+00:00,92.7249984741211,92.7300033569336,92.70999908447266,92.71089935302734,73713
2026-08-31 19:35:00+00:00,92.71499633789062,92.7300033569336,92.70999908447266,92.7249984741211,34161
2026-08-31 19:40:00+00:00,92.71499633789062,92.72000122070312,92.70999908447266,92.71499633789062,74734
2026-08-31 19:45:00+00:00,92.69999694824219,92.72000122070312,92.69999694824219,92.71499633789062,99070
2026-08-31 19:50:00+00:00,92.70500183105469,92.70989990234375,92.69000244140625,92.69499969482422,136906
2026-08-31 19:55:00+00:00,92.74500274658203,92.75,92.66000366210938,92.70800018310547,998600
2026-09-01 13:30:00+00:00,92.23999786376953,92.24500274658203,92.18000030517578,92.18070220947266,331206
2026-09-01 13:35:00+00:00,92.2499008178711,92.2699966430664,92.2300033569336,92.23999786376953,122445
2026-09-01 13:40:00+00:00,92.23500061035156,92.2499008178711,92.2249984741211,92.24089813232422,24726
2026-09-01 13:45:00+00:00,92.22899627685547,92.23989868164062,92.22000122070312,92.2300033569336,74102
2026-09-01 13:50:00+00:00,92.2249984741211,92.2499008178711,92.2249984741211,92.2300033569336,103059
2026-09-01 13:55:00+00:00,92.29499816894531,92.30500030517578,92.22010040283203,92.2300033569336,94078
2026-09-01 14:00:00+00:00,92.28500366210938,92.31999969482422,92.26499938964844,92.29499816894531,318719
2026-09-01 14:05:00+00:00,92.31999969482422,92.31999969482422,92.27999877929688,92.28199768066406,192882
2026-09-01 14:10:00+00:00,92.33999633789062,92.33999633789062,92.30010223388672,92.30999755859375,420698
2026-09-01 14:15:00+00:00,92.32080078125,92.3499984741211,92.31500244140625,92.33979797363281,95103
2026-09-01 14:20:00+00:00,92.3499984741211,92.35900115966797,92.32499694824219,92.32499694824219,60749
2026-09-01 14:25:00+00:00,92.34500122070312,92.34989929199219,92.33000183105469,92.34500122070312,37438
2026-09-01 14:30:00+00:00,92.36499786376953,92.36499786376953,92.33000183105469,92.34989929199219,38213
2026-09-01 14:35:00+00:00,92.33000183105469,92.37000274658203,92.32499694824219,92.36499786376953,254480
2026-09-01 14:40:00+00:00,92.29499816894531,92.32990264892578,92.29000091552734,92.32499694824219,36987
2026-09-01 14:45:00+00:00,92.26499938964844,92.29989624023438,92.26499938964844,92.29000091552734,36378
2026-09-01 14:50:00+00:00,92.26499938964844,92.2699966430664,92.25,92.26000213623047,75039
2026-09-01 14:55:00+00:00,92.24500274658203,92.28970336914062,92.23999786376953,92.2699966430664,98722
2026-09-01 15:00:00+00:00,92.25499725341797,92.26499938964844,92.23999786376953,92.24500274658203,40656
2026-09-01 15:05:00+00:00,92.26000213623047,92.26499938964844,92.23999786376953,92.25,40235
2026-09-01 15:10:00+00:00,92.2699966430664,92.2791976928711,92.26010131835938,92.26499938964844,31290
2026-09-01 15:15:00+00:00,92.2750015258789,92.28900146484375,92.26110076904297,92.2699966430664,35362
2026-09-01 15:20:00+00:00,92.25499725341797,92.2750015258789,92.25499725341797,92.27230072021484,22771
2026-09-01 15:25:00+00:00,92.2699966430664,92.2699966430664,92.23999786376953,92.25499725341797,56021
2026-09-01 15:30:00+00:00,92.2750015258789,92.27999877929688,92.26000213623047,92.2699966430664,58111
2026-09-01 15:35:00+00:00,92.2699966430664,92.28800201416016,92.2699966430664,92.2750015258789,24266
2026-09-01 15:40:00+00:00,92.27749633789062,92.28500366210938,92.2699966430664,92.2699966430664,41901
2026-09-01 15:45:00+00:00,92.2750015258789,92.27989959716797,92.2699966430664,92.2750015258789,21906
2026-09-01 15:50:00+00:00,92.26499938964844,92.27770233154297,92.26080322265625,92.2699966430664,50436
2026-09-01 15:55:00+00:00,92.2699966430664,92.2699966430664,92.25,92.26899719238281,25187
2026-09-01 16:00:00+00:00,92.26499938964844,92.2750015258789,92.26000213623047,92.26499938964844,15239
2026-09-01 16:05:00+00:00,92.25990295410156,92.27899932861328,92.25,92.26499938964844,19279
2026-09-01 16:10:00+00:00,92.22989654541016,92.25,92.2249984741211,92.25,54163
2026-09-01 16:15:00+00:00,92.17500305175781,92.2249984741211,92.17250061035156,92.22010040283203,102303
2026-09-01 16:20:00+00:00,92.16500091552734,92.17500305175781,92.1449966430664,92.17500305175781,95744
2026-09-01 16:25:00+00:00,92.15499877929688,92.16899871826172,92.1449966430664,92.16899871826172,118999
2026-09-01 16:30:00+00:00,92.15899658203125,92.16000366210938,92.13999938964844,92.15440368652344,229326
2026-09-01 16:35:00+00:00,92.19000244140625,92.19000244140625,92.15119934082031,92.15899658203125,152419
2026-09-01 16:40:00+00:00,92.17500305175781,92.19989776611328,92.17500305175781,92.18499755859375,278282
2026-09-01 16:45:00+00:00,92.17030334472656,92.19000244140625,92.17009735107422,92.18000030517578,71678
2026-09-01 16:50:00+00:00,92.1500015258789,92.17500305175781,92.1500015258789,92.17500305175781,7025
2026-09-01 16:55:00+00:00,92.1449966430664,92.16000366210938,92.1449966430664,92.16000366210938,466378
2026-09-01 17:00:00+00:00,92.15499877929688,92.16000366210938,92.14009857177734,92.14009857177734,171493
2026-09-01 17:05:00+00:00,92.15989685058594,92.16000366210938,92.1500015258789,92.1511001586914,141066
2026-09-01 17:10:00+00:00,92.16100311279297,92.16510009765625,92.15080261230469,92.16000366210938,33174
2026-09-01 17:15:00+00:00,92.1449966430664,92.16500091552734,92.13999938964844,92.16500091552734,30362
2026-09-01 17:20:00+00:00,92.15499877929688,92.15499877929688,92.1449966430664,92.1449966430664,15704
2026-09-01 17:25:00+00:00,92.1500015258789,92.15499877929688,92.125,92.1511001586914,112414
2026-09-01 17:30:00+00:00,92.1449966430664,92.15499877929688,92.13999938964844,92.1500015258789,112750
2026-09-01 17:35:00+00:00,92.125,92.1498031616211,92.125,92.13999938964844,53773
2026-09-01 17:40:00+00:00,92.125,92.125,92.12100219726562,92.125,12502
2026-09-01 17:45:00+00:00,92.12989807128906,92.12989807128906,92.12010192871094,92.125,22781
2026-09-01 17:50:00+00:00,92.11499786376953,92.12000274658203,92.11000061035156,92.12000274658203,14713
2026-09-01 17:55:00+00:00,92.12899780273438,92.12899780273438,92.11009979248047,92.11100006103516,11454
2026-09-01 18:00:00+00:00,92.12899780273438,92.12899780273438,92.12010192871094,92.12329864501953,20536
2026-09-01 18:05:00+00:00,92.12000274658203,92.12999725341797,92.12000274658203,92.12000274658203,109235
2026-09-01 18:10:00+00:00,92.12110137939453,92.12899780273438,92.12000274658203,92.12010192871094,86133
2026-09-01 18:15:00+00:00,92.125,92.12989807128906,92.12000274658203,92.12000274658203,9302
