Datetime,Close,High,Low,Open,Volume
2026-06-08 13:30:00+00:00,85.30500030517578,85.32499694824219,85.2300033569336,85.2300033569336,1095676
2026-06-08 13:35:00+00:00,85.30500030517578,85.32499694824219,85.27999877929688,85.30500030517578,286909
2026-06-08 13:40:00+00:00,85.22000122070312,85.30989837646484,85.20999908447266,85.30680084228516,266162
2026-06-08 13:45:00+00:00,85.18000030517578,85.2300033569336,85.18000030517578,85.2249984741211,305275
2026-06-08 13:50:00+00:00,85.11009979248047,85.19499969482422,85.1050033569336,85.19000244140625,200658
2026-06-08 13:55:00+00:00,85.0999984741211,85.13860321044922,85.0999984741211,85.11499786376953,184285
2026-06-08 14:00:00+00:00,85.03500366210938,85.12000274658203,85.0199966430664,85.09500122070312,225979
2026-06-08 14:05:00+00:00,85.00990295410156,85.06999969482422,85.00499725341797,85.04000091552734,118603
2026-06-08 14:10:00+00:00,84.98999786376953,85.0250015258789,84.9749984741211,85.00499725341797,211047
2026-06-08 14:15:00+00:00,84.95999908447266,84.98999786376953,84.94999694824219,84.98999786376953,128743
2026-06-08 14:20:00+00:00,84.94999694824219,84.9749984741211,84.94000244140625,84.96499633789062,208289
2026-06-08 14:25:00+00:00,84.97949981689453,84.9800033569336,84.94000244140625,84.95500183105469,205558
2026-06-08 14:30:00+00:00,84.96499633789062,84.9800033569336,84.94000244140625,84.9800033569336,124334
2026-06-08 14:35:00+00:00,84.92500305175781,84.98500061035156,84.8949966430664,84.96499633789062,365671
2026-06-08 14:40:00+00:00,84.95500183105469,84.95999908447266,84.91259765625,84.93000030517578,574694
2026-06-08 14:45:00+00:00,84.94000244140625,84.99500274658203,84.94000244140625,84.95989990234375,255353
2026-06-08 14:50:00+00:00,84.96499633789062,84.9749984741211,84.94080352783203,84.94499969482422,96224
2026-06-08 14:55:00+00:00,84.99500274658203,84.99500274658203,84.97000122070312,84.97000122070312,76164
2026-06-08 15:00:00+00:00,84.99500274658203,85.05999755859375,84.99500274658203,85.0,365229
2026-06-08 15:05:00+00:00,85.00499725341797,85.0199966430664,84.98999786376953,84.98999786376953,53475
2026-06-08 15:10:00+00:00,84.98999786376953,85.0199966430664,84.96810150146484,85.0,96233
2026-06-08 15:15:00+00:00,85.05000305175781,85.05000305175781,84.9800033569336,84.98999786376953,215505
2026-06-08 15:20:00+00:00,85.04000091552734,85.05000305175781,85.00499725341797,85.05000305175781,302433
2026-06-08 15:25:00+00:00,84.94000244140625,85.03500366210938,84.93499755859375,85.03500366210938,292716
2026-06-08 15:30:00+00:00,84.90499877929688,84.94499969482422,84.875,84.94000244140625,283148
2026-06-08 15:35:00+00:00,84.90499877929688,84.90979766845703,84.875,84.90499877929688,89114
2026-06-08 15:40:00+00:00,84.88500213623047,84.91000366210938,84.875,84.90499877929688,156183
2026-06-08 15:45:00+00:00,84.86499786376953,84.88999938964844,84.86000061035156,84.88500213623047,194343
2026-06-08 15:50:00+00:00,84.875,84.88500213623047,84.8550033569336,84.86930084228516,122606
2026-06-08 15:55:00+00:00,84.875,84.90499877929688,84.86499786376953,84.875,102722
2026-06-08 16:00:00+00:00,84.88500213623047,84.90499877929688,84.86499786376953,84.875,298593
2026-06-08 16:05:00+00:00,84.88999938964844,84.91500091552734,84.88500213623047,84.88500213623047,160816
2026-06-08 16:10:00+00:00,84.88999938964844,84.89990234375,84.875,84.88999938964844,152082
2026-06-08 16:15:00+00:00,84.87000274658203,84.89900207519531,84.86000061035156,84.88999938964844,254021
2026-06-08 16:20:00+00:00,84.88999938964844,84.91999816894531,84.875,84.875,106090
2026-06-08 16:25:00+00:00,84.8949966430664,84.91999816894531,84.88999938964844,84.8949966430664,153382
2026-06-08 16:30:00+00:00,84.87999725341797,84.90499877929688,84.87999725341797,84.8949966430664,159583
2026-06-08 16:35:00+00:00,84.88500213623047,84.88999938964844,84.86000061035156,84.87000274658203,152994
2026-06-08 16:40:00+00:00,84.88990020751953,84.88999938964844,84.87000274658203,84.87999725341797,70891
2026-06-08 16:45:00+00:00,84.88500213623047,84.8949966430664,84.87000274658203,84.88819885253906,65321
2026-06-08 16:50:00+00:00,84.89009857177734,84.89990234375,84.87239837646484,84.88999938964844,31324
2026-06-08 16:55:00+00:00,84.875,84.90499877929688,84.87000274658203,84.9000015258789,65922
2026-06-08 17:00:00+00:00,84.9000015258789,84.90499877929688,84.86499786376953,84.875,125966
2026-06-08 17:05:00+00:00,84.8949966430664,84.90989685058594,84.87999725341797,84.9000015258789,66580
2026-06-08 17:10:00+00:00,84.9000015258789,84.90499877929688,84.88009643554688,84.88999938964844,41694
2026-06-08 17:15:00+00:00,84.88719940185547,84.90499877929688,84.87999725341797,84.9000015258789,77764
2026-06-08 17:20:00+00:00,84.88999938964844,84.89700317382812,84.875,84.87999725341797,45482
2026-06-08 17:25:00+00:00,84.88999938964844,84.9000015258789,84.87999725341797,84.8949966430664,566300
2026-06-08 17:30:00+00:00,84.87989807128906,84.91000366210938,84.86499786376953,84.89199829101562,217553
2026-06-08 17:35:00+00:00,84.89029693603516,84.89029693603516,84.86499786376953,84.875,39473
2026-06-08 17:40:00+00:00,84.8949966430664,84.9000015258789,84.88330078125,84.88999938964844,53979
2026-06-08 17:45:00+00:00,84.94000244140625,84.94000244140625,84.8949966430664,84.8949966430664,197306
2026-06-08 17:50:00+00:00,84.92500305175781,84.94000244140625,84.91999816894531,84.93499755859375,170414
2026-06-08 17:55:00+00:00,84.91500091552734,84.92649841308594,84.91000366210938,84.92019653320312,62437
2026-06-08 18:00:00+00:00,84.94499969482422,84.94999694824219,84.91000366210938,84.91500091552734,112279
2026-06-08 18:05:00+00:00,84.94499969482422,84.94999694824219,84.93000030517578,84.94999694824219,88409
2026-06-08 18:10:00+00:00,84.93150329589844,84.94999694824219,84.92500305175781,84.94499969482422,106543
2026-06-08 18:15:00+00:00,84.94219970703125,84.94999694824219,84.93499755859375,84.93499755859375,51889
2026-06-08 18:20:00+00:00,84.94499969482422,84.9800033569336,84.94010162353516,84.94499969482422,190165
2026-06-08 18:25:00+00:00,84.9749984741211,84.97720336914062,84.94999694824219,84.94999694824219,154432
2026-06-08 18:30:00+00:00,84.96499633789062,84.9800033569336,84.94000244140625,84.97139739990234,150806
2026-06-08 18:35:00+00:00,84.96499633789062,84.97000122070312,84.95320129394531,84.97000122070312,39025
2026-06-08 18:40:00+00:00,84.95539855957031,84.97000122070312,84.94000244140625,84.96499633789062,139423
2026-06-08 18:45:00+00:00,84.94039916992188,84.95999908447266,84.93499755859375,84.95169830322266,48299
2026-06-08 18:50:00+00:00,84.94499969482422,84.94999694824219,84.93000030517578,84.94000244140625,43026
2026-06-08 18:55:00+00:00,84.8949966430664,84.94499969482422,84.8949966430664,84.94499969482422,65529
2026-06-08 19:00:00+00:00,84.88500213623047,84.9000015258789,84.86000061035156,84.88999938964844,146450
2026-06-08 19:05:00+00:00,84.86009979248047,84.88500213623047,84.86000061035156,84.88500213623047,125568
2026-06-08 19:10:00+00:00,84.8499984741211,84.875,84.83999633789062,84.86499786376953,95653
2026-06-08 19:15:00+00:00,84.8550033569336,84.86000061035156,84.84500122070312,84.8499984741211,99751
2026-06-08 19:20:00+00:00,84.82499694824219,84.85569763183594,84.81999969482422,84.8499984741211,93642
2026-06-08 19:25:00+00:00,84.80500030517578,84.83000183105469,84.80000305175781,84.81999969482422,278946
2026-06-08 19:30:00+00:00,84.79000091552734,84.81500244140625,84.77999877929688,84.80999755859375,118519
2026-06-08 19:35:00+00:00,84.76499938964844,84.80500030517578,84.76000213623047,84.79989624023438,204933
2026-06-08 19:40:00+00:00,84.75,84.76499938964844,84.7300033569336,84.76499938964844,333933
2026-06-08 19:45:00+00:00,84.74500274658203,84.7750015258789,84.73999786376953,84.75499725341797,325438
2026-06-08 19:50:00+00:00,84.71499633789062,84.76499938964844,84.70999908447266,84.75,625150
2026-06-08 19:55:00+00:00,84.62999725341797,84.7300033569336,84.62000274658203,84.71499633789062,2781899
2026-06-09 13:30:00+00:00,85.01499938964844,85.02999877929688,84.97000122070312,84.9800033569336,1114822
2026-06-09 13:35:00+00:00,85.01499938964844,85.03510284423828,85.0,85.01499938964844,353986
2026-06-09 13:40:00+00:00,85.0250015258789,85.04989624023438,85.0000991821289,85.01000213623047,423425
2026-06-09 13:45:00+00:00,85.08499908447266,85.11000061035156,85.0250015258789,85.0250015258789,322504
2026-06-09 13:50:00+00:00,85.00240325927734,85.0999984741211,84.9800033569336,85.08999633789062,289763
2026-06-09 13:55:00+00:00,84.93000030517578,85.01000213623047,84.92070007324219,85.01000213623047,257114
2026-06-09 14:00:00+00:00,84.94000244140625,84.97799682617188,84.91000366210938,84.92500305175781,327324
2026-06-09 14:05:00+00:00,84.96499633789062,84.97000122070312,84.91000366210938,84.94499969482422,191307
2026-06-09 14:10:00+00:00,84.94180297851562,84.9800033569336,84.92500305175781,84.96900177001953,570897
2026-06-09 14:15:00+00:00,84.93000030517578,84.95999908447266,84.90499877929688,84.94000244140625,167483
2026-06-09 14:20:00+00:00,85.0,85.00509643554688,84.93000030517578,84.9352035522461,168545
2026-06-09 14:25:00+00:00,85.00180053710938,85.0199966430664,84.98999786376953,84.98999786376953,328180
2026-06-09 14:30:00+00:00,84.99500274658203,85.0199966430664,84.9916000366211,85.0,107748
2026-06-09 14:35:00+00:00,84.94200134277344,84.99500274658203,84.91999816894531,84.99500274658203,180819
2026-06-09 14:40:00+00:00,84.94999694824219,84.95500183105469,84.93000030517578,84.94100189208984,47808
2026-06-09 14:45:00+00:00,84.90499877929688,84.95999908447266,84.88999938964844,84.94499969482422,225165
2026-06-09 14:50:00+00:00,84.90499877929688,84.94000244140625,84.89009857177734,84.90010070800781,257003
2026-06-09 14:55:00+00:00,84.86499786376953,84.91500091552734,84.85250091552734,84.91000366210938,185180
2026-06-09 15:00:00+00:00,84.87000274658203,84.8949966430664,84.86000061035156,84.87000274658203,92098
2026-06-09 15:05:00+00:00,84.86990356445312,84.87000274658203,84.8499984741211,84.86000061035156,62610
2026-06-09 15:10:00+00:00,84.87190246582031,84.87999725341797,84.8499984741211,84.875,49683
2026-06-09 15:15:00+00:00,84.86190032958984,84.8949966430664,84.8499984741211,84.87190246582031,65899
2026-06-09 15:20:00+00:00,84.87989807128906,84.87999725341797,84.83000183105469,84.86499786376953,69367
2026-06-09 15:25:00+00:00,84.81500244140625,84.88500213623047,84.79499816894531,84.87999725341797,219126
2026-06-09 15:30:00+00:00,84.81009674072266,84.82499694824219,84.78500366210938,84.81999969482422,168298
2026-06-09 15:35:00+00:00,84.84500122070312,84.8550033569336,84.80000305175781,84.80999755859375,369552
2026-06-09 15:40:00+00:00,84.88999938964844,84.88999938964844,84.84500122070312,84.84500122070312,137175
2026-06-09 15:45:00+00:00,84.90499877929688,84.90499877929688,84.875,84.88500213623047,102046
2026-06-09 15:50:00+00:00,84.94000244140625,84.96499633789062,84.9000015258789,84.9000015258789,178006
2026-06-09 15:55:00+00:00,85.05999755859375,85.06999969482422,84.94270324707031,84.94999694824219,271647
2026-06-09 16:00:00+00:00,85.07009887695312,85.0999984741211,85.05999755859375,85.05999755859375,195886
2026-06-09 16:05:00+00:00,85.11000061035156,85.11499786376953,85.05999755859375,85.06999969482422,339794
2026-06-09 16:10:00+00:00,85.08999633789062,85.125,85.08499908447266,85.10990142822266,494938
2026-06-09 16:15:00+00:00,85.1001968383789,85.1500015258789,85.08999633789062,85.09010314941406,487521
2026-06-09 16:20:00+00:00,85.11260223388672,85.125,85.09500122070312,85.0999984741211,96891
2026-06-09 16:25:00+00:00,85.0989990234375,85.12999725341797,85.08499908447266,85.11979675292969,102695
2026-06-09 16:30:00+00:00,85.12000274658203,85.12000274658203,85.08999633789062,85.08999633789062,147602
2026-06-09 16:35:00+00:00,84.91999816894531,85.13999938964844,84.86000061035156,85.12000274658203,1264964
2026-06-09 16:40:00+00:00,84.90499877929688,84.91999816894531,84.81999969482422,84.91000366210938,355745
2026-06-09 16:45:00+00:00,84.94000244140625,84.9800033569336,84.87999725341797,84.90499877929688,333165
2026-06-09 16:50:00+00:00,84.91000366210938,84.95500183105469,84.91000366210938,84.94999694824219,143784
2026-06-09 16:55:00+00:00,84.95860290527344,84.95999908447266,84.9072036743164,84.9072036743164,89935
2026-06-09 17:00:00+00:00,84.94999694824219,84.97000122070312,84.94499969482422,84.95500183105469,42121
2026-06-09 17:05:00+00:00,84.96499633789062,85.0,84.96009826660156,84.97000122070312,133327
2026-06-09 17:10:00+00:00,84.9800033569336,85.0,84.93000030517578,84.95999908447266,228271
2026-06-09 17:15:00+00:00,84.97000122070312,85.01689910888672,84.96499633789062,84.9800033569336,131090
2026-06-09 17:20:00+00:00,85.06900024414062,85.07009887695312,84.97000122070312,84.97000122070312,155086
2026-06-09 17:25:00+00:00,85.09500122070312,85.11000061035156,85.04499816894531,85.06310272216797,346579
2026-06-09 17:30:00+00:00,85.11499786376953,85.13829803466797,85.09500122070312,85.09500122070312,661467
2026-06-09 17:35:00+00:00,85.0999984741211,85.125,85.0999984741211,85.11000061035156,119937
2026-06-09 17:40:00+00:00,85.12999725341797,85.13999938964844,85.08499908447266,85.09500122070312,209651
2026-06-09 17:45:00+00:00,85.125,85.15499877929688,85.11000061035156,85.12999725341797,208744
2026-06-09 17:50:00+00:00,85.11219787597656,85.125,85.1050033569336,85.12020111083984,113117
2026-06-09 17:55:00+00:00,85.12000274658203,85.12999725341797,85.08999633789062,85.11000061035156,86897
2026-06-09 18:00:00+00:00,85.05500030517578,85.12000274658203,85.03009796142578,85.11499786376953,94863
2026-06-09 18:05:00+00:00,85.05989837646484,85.06999969482422,85.04499816894531,85.05500030517578,137947
2026-06-09 18:10:00+00:00,85.03510284423828,85.05999755859375,85.01499938964844,85.05999755859375,79344
2026-06-09 18:15:00+00:00,85.05000305175781,85.05000305175781,85.0198974609375,85.02999877929688,123236
2026-06-09 18:20:00+00:00,85.07499694824219,85.07499694824219,85.03289794921875,85.04010009765625,60802
2026-06-09 18:25:00+00:00,85.06500244140625,85.07499694824219,85.04010009765625,85.06999969482422,109299
2026-06-09 18:30:00+00:00,85.07009887695312,85.08509826660156,85.06500244140625,85.06500244140625,84139
2026-06-09 18:35:00+00:00,85.08499908447266,85.08999633789062,85.06099700927734,85.0770034790039,89648
2026-06-09 18:40:00+00:00,85.09500122070312,85.09500122070312,85.06600189208984,85.08000183105469,183816
2026-06-09 18:45:00+00:00,85.06999969482422,85.10579681396484,85.05500030517578,85.0999984741211,140398
2026-06-09 18:50:00+00:00,85.09500122070312,85.0999984741211,85.06999969482422,85.07009887695312,95864
2026-06-09 18:55:00+00:00,85.1050033569336,85.11000061035156,85.08999633789062,85.0999984741211,155105
2026-06-09 19:00:00+00:00,85.09500122070312,85.12999725341797,85.08999633789062,85.11000061035156,107572
2026-06-09 19:05:00+00:00,85.1050033569336,85.12000274658203,85.08999633789062,85.08999633789062,126405
2026-06-09 19:10:00+00:00,85.09500122070312,85.11499786376953,85.08999633789062,85.0999984741211,100691
2026-06-09 19:15:00+00:00,85.08499908447266,85.09989929199219,85.07499694824219,85.09500122070312,86503
2026-06-09 19:20:00+00:00,85.09500122070312,85.09989929199219,85.07499694824219,85.08499908447266,104884
2026-06-09 19:25:00+00:00,85.1364974975586,85.1364974975586,85.08999633789062,85.09500122070312,138771
2026-06-09 19:30:00+00:00,85.16500091552734,85.16999816894531,85.13500213623047,85.13500213623047,548421
2026-06-09 19:35:00+00:00,85.16500091552734,85.16999816894531,85.14009857177734,85.16100311279297,317460
2026-06-09 19:40:00+00:00,85.13500213623047,85.16999816894531,85.13500213623047,85.16000366210938,253785
2026-06-09 19:45:00+00:00,85.13500213623047,85.1449966430664,85.12999725341797,85.13500213623047,198282
2026-06-09 19:50:00+00:00,85.1449966430664,85.15499877929688,85.12999725341797,85.13999938964844,336773
2026-06-09 19:55:00+00:00,85.13500213623047,85.18000030517578,85.13500213623047,85.1500015258789,1302164
2026-06-10 13:30:00+00:00,85.06999969482422,85.1500015258789,85.06999969482422,85.11000061035156,903916
2026-06-10 13:35:00+00:00,85.11000061035156,85.16500091552734,85.06500244140625,85.06999969482422,329427
2026-06-10 13:40:00+00:00,85.15499877929688,85.16200256347656,85.08999633789062,85.0999984741211,116305
2026-06-10 13:45:00+00:00,85.18930053710938,85.20989990234375,85.13999938964844,85.16000366210938,238898
2026-06-10 13:50:00+00:00,85.1604995727539,85.20010375976562,85.13500213623047,85.19000244140625,235531
2026-06-10 13:55:00+00:00,85.18000030517578,85.18499755859375,85.1449966430664,85.16500091552734,157607
2026-06-10 14:00:00+00:00,85.19000244140625,85.2249984741211,85.18000030517578,85.18000030517578,153694
2026-06-10 14:05:00+00:00,85.19000244140625,85.20500183105469,85.16999816894531,85.19499969482422,85113
2026-06-10 14:10:00+00:00,85.27069854736328,85.29000091552734,85.19499969482422,85.19499969482422,217265
2026-06-10 14:15:00+00:00,85.2500991821289,85.29000091552734,85.22000122070312,85.27999877929688,249283
2026-06-10 14:20:00+00:00,85.2699966430664,85.2699966430664,85.23290252685547,85.25,136389
2026-06-10 14:25:00+00:00,85.19000244140625,85.26000213623047,85.18000030517578,85.24500274658203,103347
2026-06-10 14:30:00+00:00,85.21990203857422,85.21990203857422,85.13999938964844,85.19010162353516,127676
2026-06-10 14:35:00+00:00,85.21499633789062,85.2300033569336,85.19499969482422,85.22000122070312,118090
2026-06-10 14:40:00+00:00,85.2249984741211,85.24500274658203,85.22000122070312,85.22000122070312,111183
2026-06-10 14:45:00+00:00,85.25499725341797,85.26000213623047,85.2300033569336,85.2300033569336,124677
2026-06-10 14:50:00+00:00,85.2300033569336,85.26499938964844,85.19999694824219,85.26000213623047,188525
2026-06-10 14:55:00+00:00,85.17500305175781,85.23500061035156,85.1720962524414,85.23500061035156,66859
2026-06-10 15:00:00+00:00,85.18499755859375,85.20020294189453,85.1500015258789,85.18000030517578,125203
2026-06-10 15:05:00+00:00,85.18000030517578,85.19499969482422,85.16500091552734,85.18499755859375,83936
2026-06-10 15:10:00+00:00,85.20500183105469,85.21829986572266,85.16999816894531,85.18009948730469,349021
2026-06-10 15:15:00+00:00,85.18000030517578,85.19999694824219,85.16999816894531,85.19999694824219,187405
2026-06-10 15:20:00+00:00,85.16190338134766,85.19499969482422,85.15499877929688,85.16999816894531,87082
2026-06-10 15:25:00+00:00,85.19999694824219,85.20500183105469,85.15010070800781,85.16000366210938,107254
2026-06-10 15:30:00+00:00,85.2300033569336,85.23500061035156,85.17500305175781,85.19999694824219,154362
2026-06-10 15:35:00+00:00,85.19999694824219,85.23500061035156,85.19999694824219,85.22740173339844,275843
2026-06-10 15:40:00+00:00,85.16010284423828,85.19499969482422,85.16000366210938,85.19499969482422,113631
2026-06-10 15:45:00+00:00,85.08000183105469,85.19000244140625,85.01000213623047,85.16000366210938,448239
2026-06-10 15:50:00+00:00,85.1050033569336,85.13500213623047,85.00499725341797,85.08499908447266,339362
2026-06-10 15:55:00+00:00,85.12999725341797,85.12999725341797,85.08000183105469,85.1050033569336,688292
2026-06-10 16:00:00+00:00,85.12999725341797,85.16500091552734,85.0999984741211,85.13999938964844,376222
2026-06-10 16:05:00+00:00,85.125,85.1500015258789,85.11000061035156,85.12999725341797,146342
2026-06-10 16:10:00+00:00,85.13500213623047,85.1449966430664,85.09500122070312,85.11499786376953,374487
2026-06-10 16:15:00+00:00,85.12999725341797,85.13999938964844,85.11509704589844,85.13500213623047,0
2026-06-10 16:20:00+00:00,85.0999984741211,85.1500015258789,85.0999984741211,85.13500213623047,108259
2026-06-10 16:25:00+00:00,85.125,85.12999725341797,85.09159851074219,85.1050033569336,53349
2026-06-10 16:30:00+00:00,85.1500015258789,85.1500015258789,85.11009979248047,85.12030029296875,80930
2026-06-10 16:35:00+00:00,85.0999984741211,85.15499877929688,85.08999633789062,85.1500015258789,92372
2026-06-10 16:40:00+00:00,85.08989715576172,85.11000061035156,85.07499694824219,85.10269927978516,47258
2026-06-10 16:45:00+00:00,85.0199966430664,85.08999633789062,85.00499725341797,85.08000183105469,61905
2026-06-10 16:50:00+00:00,84.99929809570312,85.03679656982422,84.98999786376953,85.01419830322266,473873
2026-06-10 16:55:00+00:00,85.00499725341797,85.01000213623047,84.95999908447266,84.98999786376953,144704
2026-06-10 17:00:00+00:00,85.02999877929688,85.02999877929688,84.99009704589844,85.0,150180
2026-06-10 17:05:00+00:00,84.9800033569336,85.02999877929688,84.9749984741211,85.02999877929688,46087
2026-06-10 17:10:00+00:00,84.94000244140625,84.9749984741211,84.93000030517578,84.9749984741211,158734
2026-06-10 17:15:00+00:00,84.86499786376953,84.95999908447266,84.86000061035156,84.94010162353516,246590
2026-06-10 17:20:00+00:00,84.83499908447266,84.9000015258789,84.83460235595703,84.86499786376953,91825
2026-06-10 17:25:00+00:00,84.82499694824219,84.84660339355469,84.80999755859375,84.83999633789062,177723
2026-06-10 17:30:00+00:00,84.76499938964844,84.81999969482422,84.76000213623047,84.81999969482422,563002
2026-06-10 17:35:00+00:00,84.73999786376953,84.7699966430664,84.73999786376953,84.76509857177734,252561
2026-06-10 17:40:00+00:00,84.73500061035156,84.76000213623047,84.73500061035156,84.73500061035156,90951
2026-06-10 17:45:00+00:00,84.81999969482422,84.83000183105469,84.7300033569336,84.73500061035156,121205
2026-06-10 17:50:00+00:00,84.8499984741211,84.8499984741211,84.69999694824219,84.81999969482422,876011
2026-06-10 17:55:00+00:00,84.88500213623047,84.91000366210938,84.83999633789062,84.83999633789062,336878
2026-06-10 18:00:00+00:00,84.94999694824219,84.94999694824219,84.88999938964844,84.88999938964844,421798
2026-06-10 18:05:00+00:00,84.94499969482422,84.96859741210938,84.93000030517578,84.95010375976562,76964
2026-06-10 18:10:00+00:00,84.94000244140625,84.95999908447266,84.93350219726562,84.94999694824219,275623
2026-06-10 18:15:00+00:00,84.9000015258789,84.95999908447266,84.9000015258789,84.94000244140625,148738
2026-06-10 18:20:00+00:00,84.8949966430664,84.92990112304688,84.8949966430664,84.90499877929688,135033
2026-06-10 18:25:00+00:00,84.92500305175781,84.93499755859375,84.87999725341797,84.8949966430664,284281
2026-06-10 18:30:00+00:00,84.92500305175781,84.93000030517578,84.9000015258789,84.91999816894531,41607
2026-06-10 18:35:00+00:00,84.92500305175781,84.93000030517578,84.88999938964844,84.91999816894531,124379
2026-06-10 18:40:00+00:00,84.93499755859375,84.94499969482422,84.91999816894531,84.92500305175781,53818
2026-06-10 18:45:00+00:00,84.94000244140625,84.94499969482422,84.92240142822266,84.93000030517578,42665
2026-06-10 18:50:00+00:00,84.93830108642578,84.94499969482422,84.9229965209961,84.94000244140625,52262
2026-06-10 18:55:00+00:00,84.9198989868164,84.93000030517578,84.9000015258789,84.93000030517578,900023
2026-06-10 19:00:00+00:00,84.91500091552734,84.94999694824219,84.91310119628906,84.91999816894531,195140
2026-06-10 19:05:00+00:00,84.91500091552734,84.91500091552734,84.89009857177734,84.91500091552734,57359
2026-06-10 19:10:00+00:00,84.90499877929688,84.93000030517578,84.90380096435547,84.91010284423828,98250
2026-06-10 19:15:00+00:00,84.8949966430664,84.91000366210938,84.88999938964844,84.91000366210938,40019
2026-06-10 19:20:00+00:00,84.8949966430664,84.90499877929688,84.88999938964844,84.8949966430664,54401
2026-06-10 19:25:00+00:00,84.86000061035156,84.91000366210938,84.86000061035156,84.8949966430664,84821
2026-06-10 19:30:00+00:00,84.875,84.88500213623047,84.86499786376953,84.86499786376953,63786
2026-06-10 19:35:00+00:00,84.90499877929688,84.91000366210938,84.87000274658203,84.87000274658203,97529
2026-06-10 19:40:00+00:00,84.91999816894531,84.91999816894531,84.88999938964844,84.90499877929688,125357
2026-06-10 19:45:00+00:00,84.91000366210938,84.92630004882812,84.9000015258789,84.91999816894531,304436
2026-06-10 19:50:00+00:00,84.91999816894531,84.93000030517578,84.88999938964844,84.91000366210938,333012
2026-06-10 19:55:00+00:00,84.875,84.91999816894531,84.875,84.91500091552734,1097160
2026-06-11 13:30:00+00:00,85.22000122070312,85.2699966430664,85.16999816894531,85.16999816894531,1050791
2026-06-11 13:35:00+00:00,85.20829772949219,85.21499633789062,85.15499877929688,85.21499633789062,228271
2026-06-11 13:40:00+00:00,85.22810363769531,85.2300033569336,85.19000244140625,85.20500183105469,298623
2026-06-11 13:45:00+00:00,85.2750015258789,85.36000061035156,85.22000122070312,85.2249984741211,910575
2026-06-11 13:50:00+00:00,85.36499786376953,85.4000015258789,85.27010345458984,85.27999877929688,410532
2026-06-11 13:55:00+00:00,85.33000183105469,85.4000015258789,85.33000183105469,85.37000274658203,239637
2026-06-11 14:00:00+00:00,85.32499694824219,85.36000061035156,85.30500030517578,85.33499908447266,150823
2026-06-11 14:05:00+00:00,85.33999633789062,85.3499984741211,85.30500030517578,85.31999969482422,143738
2026-06-11 14:10:00+00:00,85.31500244140625,85.34500122070312,85.27999877929688,85.33499908447266,166213
2026-06-11 14:15:00+00:00,85.28500366210938,85.31500244140625,85.26499938964844,85.31500244140625,125362
2026-06-11 14:20:00+00:00,85.2699966430664,85.28500366210938,85.2300033569336,85.28500366210938,224233
2026-06-11 14:25:00+00:00,85.22219848632812,85.26499938964844,85.22000122070312,85.26499938964844,67458
2026-06-11 14:30:00+00:00,85.2300033569336,85.24800109863281,85.22000122070312,85.2300033569336,135791
2026-06-11 14:35:00+00:00,85.24500274658203,85.25,85.2249984741211,85.2249984741211,59880
2026-06-11 14:40:00+00:00,85.24829864501953,85.2699966430664,85.23999786376953,85.24500274658203,80268
2026-06-11 14:45:00+00:00,85.23999786376953,85.26000213623047,85.22000122070312,85.24009704589844,46674
2026-06-11 14:50:00+00:00,85.24739837646484,85.25,85.23500061035156,85.24459838867188,177261
2026-06-11 14:55:00+00:00,85.2699966430664,85.29070281982422,85.23999786376953,85.23999786376953,43251
2026-06-11 15:00:00+00:00,85.29000091552734,85.29000091552734,85.23500061035156,85.2699966430664,106386
2026-06-11 15:05:00+00:00,85.30000305175781,85.32499694824219,85.24700164794922,85.28500366210938,301192
2026-06-11 15:10:00+00:00,85.29989624023438,85.33999633789062,85.2750015258789,85.30000305175781,106829
2026-06-11 15:15:00+00:00,85.3115005493164,85.32499694824219,85.28500366210938,85.29000091552734,84134
2026-06-11 15:20:00+00:00,85.32499694824219,85.32499694824219,85.29000091552734,85.31999969482422,229057
2026-06-11 15:25:00+00:00,85.32499694824219,85.3499984741211,85.31999969482422,85.33000183105469,636303
2026-06-11 15:30:00+00:00,85.30999755859375,85.3499984741211,85.29499816894531,85.31999969482422,193046
2026-06-11 15:35:00+00:00,85.29000091552734,85.30999755859375,85.27010345458984,85.30999755859375,151017
2026-06-11 15:40:00+00:00,85.26010131835938,85.30000305175781,85.25,85.29000091552734,73114
2026-06-11 15:45:00+00:00,85.2500991821289,85.2699966430664,85.23500061035156,85.25499725341797,30496
2026-06-11 15:50:00+00:00,85.23500061035156,85.26000213623047,85.21009826660156,85.25499725341797,39017
2026-06-11 15:55:00+00:00,85.2249984741211,85.2699966430664,85.20999908447266,85.2300033569336,236595
2026-06-11 16:00:00+00:00,85.16500091552734,85.22010040283203,85.16500091552734,85.22000122070312,85894
2026-06-11 16:05:00+00:00,85.21499633789062,85.21499633789062,85.17500305175781,85.17500305175781,84938
2026-06-11 16:10:00+00:00,85.20999908447266,85.22000122070312,85.19499969482422,85.20999908447266,61522
2026-06-11 16:15:00+00:00,85.20500183105469,85.21499633789062,85.19000244140625,85.20999908447266,48183
2026-06-11 16:20:00+00:00,85.18499755859375,85.21499633789062,85.125,85.20999908447266,338475
2026-06-11 16:25:00+00:00,85.1500015258789,85.19000244140625,85.1449966430664,85.18499755859375,134112
2026-06-11 16:30:00+00:00,85.18000030517578,85.19000244140625,85.1449966430664,85.1500015258789,193567
2026-06-11 16:35:00+00:00,85.1449966430664,85.18000030517578,85.1449966430664,85.16999816894531,68745
2026-06-11 16:40:00+00:00,85.13999938964844,85.18000030517578,85.12999725341797,85.16000366210938,66829
2026-06-11 16:45:00+00:00,85.18000030517578,85.18000030517578,85.1449966430664,85.1500015258789,73932
2026-06-11 16:50:00+00:00,85.18830108642578,85.20500183105469,85.17500305175781,85.19000244140625,202777
2026-06-11 16:55:00+00:00,85.16500091552734,85.2083969116211,85.16419982910156,85.19000244140625,74124
2026-06-11 17:00:00+00:00,85.08989715576172,85.19999694824219,85.04000091552734,85.1697998046875,505052
2026-06-11 17:05:00+00:00,85.1050033569336,85.11000061035156,85.05000305175781,85.08499908447266,180917
2026-06-11 17:10:00+00:00,85.13999938964844,85.18000030517578,85.0999984741211,85.11000061035156,111178
2026-06-11 17:15:00+00:00,85.1449966430664,85.14779663085938,85.12000274658203,85.13999938964844,32583
2026-06-11 17:20:00+00:00,85.17990112304688,85.19000244140625,85.1500015258789,85.1510009765625,44679
2026-06-11 17:25:00+00:00,85.43000030517578,85.4800033569336,85.16000366210938,85.16999816894531,1386843
2026-06-11 17:30:00+00:00,85.61499786376953,85.61499786376953,85.41500091552734,85.44000244140625,1248157
2026-06-11 17:35:00+00:00,85.66999816894531,85.68000030517578,85.56999969482422,85.61000061035156,687650
2026-06-11 17:40:00+00:00,85.78510284423828,85.80999755859375,85.66999816894531,85.66999816894531,953217
2026-06-11 17:45:00+00:00,85.7699966430664,85.80500030517578,85.7300033569336,85.79000091552734,617605
2026-06-11 17:50:00+00:00,85.74500274658203,85.77999877929688,85.70500183105469,85.76499938964844,760309
2026-06-11 17:55:00+00:00,85.70999908447266,85.7699966430664,85.70999908447266,85.74500274658203,735771
2026-06-11 18:00:00+00:00,85.62999725341797,85.73999786376953,85.61499786376953,85.71499633789062,759102
2026-06-11 18:05:00+00:00,85.69499969482422,85.70999908447266,85.62000274658203,85.62999725341797,255267
2026-06-11 18:10:00+00:00,85.80500030517578,85.80999755859375,85.68499755859375,85.69000244140625,384485
2026-06-11 18:15:00+00:00,85.88990020751953,85.9000015258789,85.80500030517578,85.80500030517578,745142
2026-06-11 18:20:00+00:00,85.86509704589844,85.90499877929688,85.79499816894531,85.88500213623047,911307
2026-06-11 18:25:00+00:00,85.86499786376953,85.88999938964844,85.8499984741211,85.86810302734375,545444
2026-06-11 18:30:00+00:00,85.8949966430664,85.9000015258789,85.83999633789062,85.87000274658203,414318
2026-06-11 18:35:00+00:00,85.9000015258789,85.91999816894531,85.87999725341797,85.9000015258789,244758
2026-06-11 18:40:00+00:00,85.9000015258789,85.93000030517578,85.8949966430664,85.90080261230469,225118
2026-06-11 18:45:00+00:00,85.9749984741211,85.9749984741211,85.9000015258789,85.90499877929688,373079
2026-06-11 18:50:00+00:00,85.97000122070312,85.98500061035156,85.95999908447266,85.97000122070312,174444
2026-06-11 18:55:00+00:00,85.91999816894531,86.0,85.91500091552734,85.97000122070312,567310
2026-06-11 19:00:00+00:00,85.96150207519531,85.97000122070312,85.91500091552734,85.91500091552734,390016
2026-06-11 19:05:00+00:00,85.94499969482422,85.96499633789062,85.8949966430664,85.96499633789062,423314
2026-06-11 19:10:00+00:00,86.00499725341797,86.02999877929688,85.94010162353516,85.9489974975586,507401
2026-06-11 19:15:00+00:00,86.0,86.02999877929688,85.9749984741211,86.00499725341797,251196
2026-06-11 19:20:00+00:00,85.97509765625,86.0009994506836,85.95999908447266,86.0,218736
2026-06-11 19:25:00+00:00,85.94000244140625,85.99500274658203,85.93499755859375,85.9800033569336,203441
2026-06-11 19:30:00+00:00,86.0,86.03500366210938,85.94439697265625,85.94979858398438,587065
2026-06-11 19:35:00+00:00,85.98500061035156,86.01000213623047,85.97000122070312,86.0,312263
2026-06-11 19:40:00+00:00,85.94499969482422,86.01000213623047,85.94000244140625,85.98500061035156,313531
2026-06-11 19:45:00+00:00,85.93499755859375,85.9800033569336,85.93000030517578,85.94499969482422,644201
2026-06-11 19:50:00+00:00,85.95999908447266,85.9800033569336,85.93499755859375,85.93499755859375,1305486
2026-06-11 19:55:00+00:00,85.94999694824219,85.9800033569336,85.94000244140625,85.95999908447266,2668624
2026-06-12 13:30:00+00:00,85.59500122070312,85.63999938964844,85.58999633789062,85.62999725341797,722193
2026-06-12 13:35:00+00:00,85.58499908447266,85.6050033569336,85.56999969482422,85.59500122070312,183185
2026-06-12 13:40:00+00:00,85.47979736328125,85.5811996459961,85.44000244140625,85.5811996459961,811480
2026-06-12 13:45:00+00:00,85.5199966430664,85.52999877929688,85.47000122070312,85.4800033569336,459435
2026-06-12 13:50:00+00:00,85.48500061035156,85.54000091552734,85.48500061035156,85.5199966430664,152861
2026-06-12 13:55:00+00:00,85.50499725341797,85.50689697265625,85.4800033569336,85.48999786376953,134901
2026-06-12 14:00:00+00:00,85.53500366210938,85.55999755859375,85.49500274658203,85.50499725341797,481465
2026-06-12 14:05:00+00:00,85.54000091552734,85.54119873046875,85.51000213623047,85.52999877929688,144786
2026-06-12 14:10:00+00:00,85.53410339355469,85.55500030517578,85.51499938964844,85.54000091552734,103246
2026-06-12 14:15:00+00:00,85.52999877929688,85.57499694824219,85.5199966430664,85.54000091552734,152639
2026-06-12 14:20:00+00:00,85.51499938964844,85.53399658203125,85.4822998046875,85.52999877929688,69035
2026-06-12 14:25:00+00:00,85.48500061035156,85.52850341796875,85.46499633789062,85.51920318603516,123789
2026-06-12 14:30:00+00:00,85.48500061035156,85.51000213623047,85.4749984741211,85.48500061035156,133372
2026-06-12 14:35:00+00:00,85.5199966430664,85.52999877929688,85.4749984741211,85.48500061035156,189864
2026-06-12 14:40:00+00:00,85.44000244140625,85.5250015258789,85.43160247802734,85.5250015258789,227138
2026-06-12 14:45:00+00:00,85.45989990234375,85.46499633789062,85.43499755859375,85.44000244140625,119944
2026-06-12 14:50:00+00:00,85.58999633789062,85.63999938964844,85.41000366210938,85.44999694824219,898433
2026-06-12 14:55:00+00:00,85.625,85.63999938964844,85.58499908447266,85.6050033569336,253426
2026-06-12 15:00:00+00:00,85.62999725341797,85.69000244140625,85.61000061035156,85.61000061035156,115474
2026-06-12 15:05:00+00:00,85.64700317382812,85.66999816894531,85.62000274658203,85.63880157470703,367939
2026-06-12 15:10:00+00:00,85.68499755859375,85.68990325927734,85.6500015258789,85.6500015258789,96817
2026-06-12 15:15:00+00:00,85.66500091552734,85.69000244140625,85.6500015258789,85.68499755859375,108896
2026-06-12 15:20:00+00:00,85.69000244140625,85.69999694824219,85.66999816894531,85.66999816894531,659417
2026-06-12 15:25:00+00:00,85.70999908447266,85.70999908447266,85.68000030517578,85.69000244140625,184350
2026-06-12 15:30:00+00:00,85.70999908447266,85.71990203857422,85.68499755859375,85.69999694824219,100332
2026-06-12 15:35:00+00:00,85.76000213623047,85.83000183105469,85.69999694824219,85.70500183105469,487054
2026-06-12 15:40:00+00:00,85.71209716796875,85.75499725341797,85.71009826660156,85.75499725341797,102253
2026-06-12 15:45:00+00:00,85.69999694824219,85.73999786376953,85.69309997558594,85.71499633789062,112417
2026-06-12 15:50:00+00:00,85.72010040283203,85.73999786376953,85.69000244140625,85.70500183105469,67528
2026-06-12 15:55:00+00:00,85.70999908447266,85.7300033569336,85.69999694824219,85.72000122070312,83150
2026-06-12 16:00:00+00:00,85.69999694824219,85.70999908447266,85.66999816894531,85.70179748535156,230326
2026-06-12 16:05:00+00:00,85.63500213623047,85.69000244140625,85.62999725341797,85.69000244140625,100402
2026-06-12 16:10:00+00:00,85.72000122070312,85.77999877929688,85.62999725341797,85.63999938964844,582065
2026-06-12 16:15:00+00:00,85.70500183105469,85.7677001953125,85.69999694824219,85.7300033569336,185381
2026-06-12 16:20:00+00:00,85.69010162353516,85.7300033569336,85.69010162353516,85.70999908447266,42318
2026-06-12 16:25:00+00:00,85.69499969482422,85.70999908447266,85.68000030517578,85.69499969482422,44131
2026-06-12 16:30:00+00:00,85.69499969482422,85.69999694824219,85.68000030517578,85.69999694824219,23853
2026-06-12 16:35:00+00:00,85.68499755859375,85.69999694824219,85.66999816894531,85.69499969482422,63626
2026-06-12 16:40:00+00:00,85.69499969482422,85.70999908447266,85.66500091552734,85.68499755859375,98185
2026-06-12 16:45:00+00:00,85.70179748535156,85.70999908447266,85.69000244140625,85.69989776611328,46005
2026-06-12 16:50:00+00:00,85.70500183105469,85.72000122070312,85.69000244140625,85.70929718017578,45866
2026-06-12 16:55:00+00:00,85.68000030517578,85.69999694824219,85.66999816894531,85.69999694824219,18499
2026-06-12 17:00:00+00:00,85.66999816894531,85.69000244140625,85.6500015258789,85.68000030517578,73922
2026-06-12 17:05:00+00:00,85.7300033569336,85.79499816894531,85.68000030517578,85.68000030517578,431253
2026-06-12 17:10:00+00:00,85.7300033569336,85.73999786376953,85.70500183105469,85.7249984741211,113860
2026-06-12 17:15:00+00:00,85.74500274658203,85.74500274658203,85.71499633789062,85.7300033569336,36039
2026-06-12 17:20:00+00:00,85.69999694824219,85.75,85.69999694824219,85.74150085449219,46090
2026-06-12 17:25:00+00:00,85.7300033569336,85.73989868164062,85.69499969482422,85.70999908447266,157836
2026-06-12 17:30:00+00:00,85.70500183105469,85.7300033569336,85.69499969482422,85.7300033569336,203084
2026-06-12 17:35:00+00:00,85.7249984741211,85.7300033569336,85.70140075683594,85.70500183105469,200098
2026-06-12 17:40:00+00:00,85.73999786376953,85.73999786376953,85.72000122070312,85.7249984741211,45180
2026-06-12 17:45:00+00:00,85.7249984741211,85.73999786376953,85.72000122070312,85.73999786376953,72640
2026-06-12 17:50:00+00:00,85.73650360107422,85.75,85.72010040283203,85.7249984741211,117282
2026-06-12 17:55:00+00:00,85.72000122070312,85.73500061035156,85.69999694824219,85.73500061035156,98297
2026-06-12 18:00:00+00:00,85.70069885253906,85.7135009765625,85.69000244140625,85.7135009765625,79587
2026-06-12 18:05:00+00:00,85.7249984741211,85.7249984741211,85.69000244140625,85.69999694824219,59723
2026-06-12 18:10:00+00:00,85.7249984741211,85.73999786376953,85.72000122070312,85.7249984741211,94901
2026-06-12 18:15:00+00:00,85.73989868164062,85.74839782714844,85.72229766845703,85.7300033569336,42416
2026-06-12 18:20:00+00:00,85.73500061035156,85.73999786376953,85.7300033569336,85.73799896240234,58925
2026-06-12 18:25:00+00:00,85.73500061035156,85.73999786376953,85.7249984741211,85.73500061035156,82004
2026-06-12 18:30:00+00:00,85.74500274658203,85.7750015258789,85.73500061035156,85.73500061035156,100889
2026-06-12 18:35:00+00:00,85.74009704589844,85.76499938964844,85.74009704589844,85.74099731445312,297904
2026-06-12 18:40:00+00:00,85.75499725341797,85.76000213623047,85.75,85.75,219100
2026-06-12 18:45:00+00:00,85.74500274658203,85.75499725341797,85.73999786376953,85.75499725341797,55736
2026-06-12 18:50:00+00:00,85.74310302734375,85.74970245361328,85.73500061035156,85.74359893798828,27099
2026-06-12 18:55:00+00:00,85.66999816894531,85.75569915771484,85.66000366210938,85.74500274658203,409307
2026-06-12 19:00:00+00:00,85.68499755859375,85.69000244140625,85.63999938964844,85.66000366210938,251719
2026-06-12 19:05:00+00:00,85.65499877929688,85.68499755859375,85.6449966430664,85.68499755859375,141184
2026-06-12 19:10:00+00:00,85.66000366210938,85.6698989868164,85.63999938964844,85.65989685058594,148582
2026-06-12 19:15:00+00:00,85.67500305175781,85.67849731445312,85.65499877929688,85.66000366210938,269733
2026-06-12 19:20:00+00:00,85.65499877929688,85.67510223388672,85.6500015258789,85.6719970703125,67103
2026-06-12 19:25:00+00:00,85.66999816894531,85.68000030517578,85.6500015258789,85.6500015258789,290794
2026-06-12 19:30:00+00:00,85.66000366210938,85.67500305175781,85.66000366210938,85.67500305175781,67515
2026-06-12 19:35:00+00:00,85.66500091552734,85.69000244140625,85.6500015258789,85.66000366210938,706487
2026-06-12 19:40:00+00:00,85.66000366210938,85.66999816894531,85.65499877929688,85.66500091552734,343989
2026-06-12 19:45:00+00:00,85.63999938964844,85.66000366210938,85.63999938964844,85.6500015258789,375988
2026-06-12 19:50:00+00:00,85.66999816894531,85.68000030517578,85.6449966430664,85.6449966430664,1191122
2026-06-12 19:55:00+00:00,85.73999786376953,85.76000213623047,85.66999816894531,85.66999816894531,2698122
2026-06-15 13:30:00+00:00,85.98500061035156,86.01499938964844,85.93499755859375,85.95899963378906,1222296
2026-06-15 13:35:00+00:00,86.00499725341797,86.0199966430664,85.97010040283203,85.98500061035156,646285
2026-06-15 13:40:00+00:00,85.98989868164062,86.01499938964844,85.9800033569336,86.00499725341797,436925
2026-06-15 13:45:00+00:00,85.9749984741211,86.0,85.95999908447266,86.0,436983
2026-06-15 13:50:00+00:00,85.98999786376953,85.99500274658203,85.95999908447266,85.9749984741211,168577
2026-06-15 13:55:00+00:00,86.00900268554688,86.0199966430664,85.98999786376953,85.99500274658203,149671
2026-06-15 14:00:00+00:00,86.04000091552734,86.04720306396484,86.0,86.00499725341797,262805
2026-06-15 14:05:00+00:00,86.06500244140625,86.07499694824219,86.04010009765625,86.04010009765625,175615
2026-06-15 14:10:00+00:00,86.06500244140625,86.07779693603516,86.04000091552734,86.06500244140625,311000
2026-06-15 14:15:00+00:00,86.09500122070312,86.11000061035156,86.06500244140625,86.06900024414062,227544
2026-06-15 14:20:00+00:00,86.05169677734375,86.11000061035156,86.05169677734375,86.09010314941406,0
2026-06-15 14:25:00+00:00,86.0250015258789,86.06999969482422,86.0250015258789,86.05000305175781,137803
2026-06-15 14:30:00+00:00,86.00509643554688,86.03500366210938,86.00509643554688,86.02989959716797,169782
2026-06-15 14:35:00+00:00,85.99500274658203,86.0199966430664,85.97000122070312,86.00499725341797,165671
2026-06-15 14:40:00+00:00,85.98999786376953,86.01000213623047,85.9800033569336,85.99500274658203,202363
2026-06-15 14:45:00+00:00,85.99500274658203,86.0199966430664,85.9800033569336,86.0,151221
2026-06-15 14:50:00+00:00,85.91500091552734,85.99500274658203,85.91000366210938,85.99009704589844,205327
2026-06-15 14:55:00+00:00,85.91000366210938,85.94000244140625,85.9000015258789,85.91500091552734,220632
2026-06-15 15:00:00+00:00,85.86499786376953,85.91500091552734,85.8499984741211,85.91000366210938,239945
2026-06-15 15:05:00+00:00,85.84500122070312,85.87539672851562,85.83000183105469,85.86499786376953,183278
2026-06-15 15:10:00+00:00,85.80500030517578,85.86000061035156,85.80500030517578,85.8427963256836,163503
2026-06-15 15:15:00+00:00,85.81500244140625,85.84500122070312,85.80500030517578,85.80500030517578,232033
2026-06-15 15:20:00+00:00,85.79010009765625,85.82499694824219,85.79000091552734,85.80999755859375,132550
2026-06-15 15:25:00+00:00,85.82499694824219,85.83999633789062,85.79000091552734,85.79499816894531,121080
2026-06-15 15:30:00+00:00,85.80500030517578,85.83499908447266,85.77999877929688,85.81999969482422,229068
2026-06-15 15:35:00+00:00,85.83000183105469,85.83499908447266,85.80500030517578,85.80999755859375,156531
2026-06-15 15:40:00+00:00,85.81500244140625,85.83000183105469,85.80000305175781,85.82499694824219,81223
2026-06-15 15:45:00+00:00,85.83499908447266,85.83989715576172,85.80999755859375,85.81999969482422,93533
2026-06-15 15:50:00+00:00,85.83499908447266,85.84500122070312,85.81999969482422,85.83499908447266,187673
2026-06-15 15:55:00+00:00,85.84500122070312,85.86000061035156,85.83000183105469,85.83499908447266,261123
2026-06-15 16:00:00+00:00,85.87000274658203,85.9000015258789,85.83999633789062,85.84500122070312,376811
2026-06-15 16:05:00+00:00,85.84500122070312,85.87999725341797,85.84500122070312,85.87000274658203,120245
2026-06-15 16:10:00+00:00,85.84500122070312,85.85669708251953,85.83499908447266,85.84500122070312,103717
2026-06-15 16:15:00+00:00,85.79450225830078,85.8499984741211,85.79000091552734,85.84500122070312,165978
2026-06-15 16:20:00+00:00,85.82499694824219,85.83999633789062,85.7927017211914,85.79499816894531,73280
2026-06-15 16:25:00+00:00,85.83000183105469,85.8550033569336,85.82009887695312,85.82499694824219,173437
2026-06-15 16:30:00+00:00,85.79000091552734,85.83499908447266,85.78500366210938,85.83499908447266,156075
2026-06-15 16:35:00+00:00,85.80500030517578,85.80999755859375,85.78959655761719,85.79499816894531,134775
2026-06-15 16:40:00+00:00,85.78500366210938,85.80500030517578,85.78500366210938,85.80269622802734,78758
2026-06-15 16:45:00+00:00,85.7667007446289,85.79000091552734,85.75499725341797,85.78500366210938,101290
2026-06-15 16:50:00+00:00,85.75499725341797,85.7699966430664,85.73500061035156,85.76499938964844,88058
2026-06-15 16:55:00+00:00,85.73999786376953,85.75,85.7300033569336,85.75,239532
2026-06-15 17:00:00+00:00,85.69499969482422,85.73999786376953,85.66999816894531,85.73999786376953,262969
2026-06-15 17:05:00+00:00,85.69999694824219,85.72000122070312,85.68489837646484,85.69999694824219,247682
2026-06-15 17:10:00+00:00,85.73500061035156,85.73500061035156,85.69999694824219,85.7072982788086,118983
2026-06-15 17:15:00+00:00,85.73500061035156,85.73999786376953,85.72000122070312,85.73999786376953,75137
2026-06-15 17:20:00+00:00,85.72509765625,85.73670196533203,85.69999694824219,85.73670196533203,123248
2026-06-15 17:25:00+00:00,85.7249984741211,85.7300033569336,85.72000122070312,85.7249984741211,94121
2026-06-15 17:30:00+00:00,85.7500991821289,85.7699966430664,85.7249984741211,85.7249984741211,242598
2026-06-15 17:35:00+00:00,85.76499938964844,85.76499938964844,85.74500274658203,85.7583999633789,53789
2026-06-15 17:40:00+00:00,85.74500274658203,85.76499938964844,85.74109649658203,85.76499938964844,14921
2026-06-15 17:45:00+00:00,85.75,85.75499725341797,85.73999786376953,85.75,39042
2026-06-15 17:50:00+00:00,85.76000213623047,85.7699966430664,85.73999786376953,85.75,41543
2026-06-15 17:55:00+00:00,85.73809814453125,85.7699966430664,85.7300033569336,85.76000213623047,57037
2026-06-15 18:00:00+00:00,85.71920013427734,85.73999786376953,85.69999694824219,85.73500061035156,41700
2026-06-15 18:05:00+00:00,85.70999908447266,85.72000122070312,85.69999694824219,85.71499633789062,28312
2026-06-15 18:10:00+00:00,85.70500183105469,85.70999908447266,85.69999694824219,85.70500183105469,17326
2026-06-15 18:15:00+00:00,85.6978988647461,85.70999908447266,85.69280242919922,85.70999908447266,34113
2026-06-15 18:20:00+00:00,85.72000122070312,85.73500061035156,85.69499969482422,85.69499969482422,439997
2026-06-15 18:25:00+00:00,85.71499633789062,85.73999786376953,85.70999908447266,85.72000122070312,85152
2026-06-15 18:30:00+00:00,85.69509887695312,85.72000122070312,85.69000244140625,85.72000122070312,74280
2026-06-15 18:35:00+00:00,85.70269775390625,85.70999908447266,85.68000030517578,85.69499969482422,103711
2026-06-15 18:40:00+00:00,85.70500183105469,85.70500183105469,85.69000244140625,85.70500183105469,39184
2026-06-15 18:45:00+00:00,85.72000122070312,85.72750091552734,85.70999908447266,85.70999908447266,58196
2026-06-15 18:50:00+00:00,85.69999694824219,85.72000122070312,85.69270324707031,85.72000122070312,60472
2026-06-15 18:55:00+00:00,85.72740173339844,85.72740173339844,85.69499969482422,85.69999694824219,43354
2026-06-15 19:00:00+00:00,85.75499725341797,85.76000213623047,85.7300033569336,85.7300033569336,350580
2026-06-15 19:05:00+00:00,85.77010345458984,85.80000305175781,85.73999786376953,85.75499725341797,525843
2026-06-15 19:10:00+00:00,85.79499816894531,85.79759979248047,85.76499938964844,85.7750015258789,56354
2026-06-15 19:15:00+00:00,85.7750015258789,85.78500366210938,85.77069854736328,85.78500366210938,31932
2026-06-15 19:20:00+00:00,85.76499938964844,85.77999877929688,85.76499938964844,85.77999877929688,35090
2026-06-15 19:25:00+00:00,85.74009704589844,85.7699966430664,85.73999786376953,85.7699966430664,316721
2026-06-15 19:30:00+00:00,85.72000122070312,85.76000213623047,85.70259857177734,85.74500274658203,94331
2026-06-15 19:35:00+00:00,85.70500183105469,85.72000122070312,85.70500183105469,85.71499633789062,108881
2026-06-15 19:40:00+00:00,85.70500183105469,85.72000122070312,85.69000244140625,85.69999694824219,151019
2026-06-15 19:45:00+00:00,85.73500061035156,85.73500061035156,85.70500183105469,85.70999908447266,209646
2026-06-15 19:50:00+00:00,85.74009704589844,85.75,85.7300033569336,85.7300033569336,647722
2026-06-15 19:55:00+00:00,85.71499633789062,85.75,85.69000244140625,85.74500274658203,1450195
2026-06-16 13:30:00+00:00,86.0114974975586,86.0199966430664,85.94010162353516,85.95999908447266,903361
2026-06-16 13:35:00+00:00,85.9800033569336,86.0199966430664,85.97100067138672,86.01860046386719,471329
2026-06-16 13:40:00+00:00,85.95500183105469,85.9800033569336,85.95500183105469,85.9749984741211,161987
2026-06-16 13:45:00+00:00,85.95500183105469,85.95999908447266,85.92500305175781,85.95500183105469,141966
2026-06-16 13:50:00+00:00,85.98999786376953,86.0,85.95999908447266,85.95999908447266,367929
2026-06-16 13:55:00+00:00,85.99970245361328,86.01000213623047,85.9800033569336,85.98999786376953,99702
2026-06-16 14:00:00+00:00,86.0,86.0250015258789,85.9800033569336,85.99500274658203,362639
2026-06-16 14:05:00+00:00,85.98149871826172,86.00499725341797,85.96499633789062,86.00499725341797,119882
2026-06-16 14:10:00+00:00,86.01139831542969,86.0199966430664,85.9800033569336,85.98500061035156,153084
2026-06-16 14:15:00+00:00,86.01499938964844,86.01930236816406,85.98999786376953,86.01000213623047,248443
2026-06-16 14:20:00+00:00,86.01499938964844,86.04989624023438,86.00499725341797,86.01000213623047,288465
2026-06-16 14:25:00+00:00,86.01959991455078,86.04100036621094,86.01499938964844,86.0199966430664,413654
2026-06-16 14:30:00+00:00,86.0199966430664,86.0386962890625,86.01000213623047,86.0199966430664,30562
2026-06-16 14:35:00+00:00,86.04499816894531,86.05999755859375,86.01460266113281,86.0199966430664,210189
2026-06-16 14:40:00+00:00,85.99259948730469,86.05840301513672,85.98999786376953,86.04750061035156,218178
2026-06-16 14:45:00+00:00,86.0199966430664,86.0199966430664,85.98999786376953,86.0,111772
2026-06-16 14:50:00+00:00,86.01000213623047,86.01499938964844,85.99009704589844,86.01499938964844,65272
2026-06-16 14:55:00+00:00,86.05999755859375,86.08000183105469,86.00499725341797,86.01000213623047,138828
2026-06-16 15:00:00+00:00,86.04000091552734,86.06729888916016,86.03009796142578,86.06060028076172,239960
2026-06-16 15:05:00+00:00,86.03500366210938,86.05999755859375,86.02010345458984,86.04000091552734,93642
2026-06-16 15:10:00+00:00,86.04869842529297,86.05500030517578,86.02999877929688,86.03500366210938,63221
2026-06-16 15:15:00+00:00,86.05000305175781,86.05999755859375,86.02999877929688,86.04000091552734,673013
2026-06-16 15:20:00+00:00,86.05500030517578,86.05999755859375,86.03500366210938,86.05889892578125,100871
2026-06-16 15:25:00+00:00,86.05000305175781,86.05999755859375,86.04000091552734,86.05500030517578,92786
2026-06-16 15:30:00+00:00,86.08000183105469,86.0999984741211,86.05000305175781,86.05120086669922,211261
2026-06-16 15:35:00+00:00,86.11990356445312,86.12000274658203,86.08499908447266,86.08499908447266,393751
2026-06-16 15:40:00+00:00,86.11499786376953,86.12999725341797,86.1050033569336,86.11000061035156,115480
2026-06-16 15:45:00+00:00,86.12370300292969,86.12999725341797,86.0999984741211,86.11499786376953,158523
2026-06-16 15:50:00+00:00,86.23999786376953,86.25579833984375,86.12000274658203,86.12999725341797,502455
2026-06-16 15:55:00+00:00,86.2699966430664,86.30999755859375,86.23999786376953,86.23999786376953,281017
2026-06-16 16:00:00+00:00,86.2300033569336,86.27989959716797,86.2300033569336,86.26499938964844,240705
2026-06-16 16:05:00+00:00,86.2249984741211,86.24500274658203,86.21499633789062,86.2300033569336,109682
2026-06-16 16:10:00+00:00,86.25,86.26000213623047,86.2300033569336,86.2300033569336,101324
2026-06-16 16:15:00+00:00,86.28500366210938,86.29879760742188,86.23999786376953,86.25,139883
2026-06-16 16:20:00+00:00,86.28500366210938,86.29129791259766,86.26499938964844,86.28500366210938,175369
2026-06-16 16:25:00+00:00,86.26499938964844,86.30500030517578,86.26000213623047,86.28500366210938,173826
2026-06-16 16:30:00+00:00,86.27030181884766,86.29000091552734,86.2699966430664,86.2699966430664,1416701
2026-06-16 16:35:00+00:00,86.27999877929688,86.27999877929688,86.2699966430664,86.2750015258789,133836
2026-06-16 16:40:00+00:00,86.2249984741211,86.27999877929688,86.2249984741211,86.27999877929688,243650
2026-06-16 16:45:00+00:00,86.25,86.26499938964844,86.22000122070312,86.2249984741211,185961
2026-06-16 16:50:00+00:00,86.24250030517578,86.26499938964844,86.2322998046875,86.24500274658203,216475
2026-06-16 16:55:00+00:00,86.25,86.2699966430664,86.23999786376953,86.25,107555
2026-06-16 17:00:00+00:00,86.30500030517578,86.32499694824219,86.25499725341797,86.25499725341797,448835
2026-06-16 17:05:00+00:00,86.29499816894531,86.30500030517578,86.28019714355469,86.29000091552734,68821
2026-06-16 17:10:00+00:00,86.30500030517578,86.30999755859375,86.29000091552734,86.29499816894531,213761
2026-06-16 17:15:00+00:00,86.30000305175781,86.33000183105469,86.30000305175781,86.30699920654297,163854
2026-06-16 17:20:00+00:00,86.30799865722656,86.30999755859375,86.2750015258789,86.30000305175781,2119154
2026-06-16 17:25:00+00:00,86.27999877929688,86.30999755859375,86.2699966430664,86.30000305175781,191341
2026-06-16 17:30:00+00:00,86.31500244140625,86.31500244140625,86.27999877929688,86.27999877929688,175427
2026-06-16 17:35:00+00:00,86.30000305175781,86.32749938964844,86.30000305175781,86.31500244140625,126840
2026-06-16 17:40:00+00:00,86.32499694824219,86.33000183105469,86.29000091552734,86.30010223388672,201940
2026-06-16 17:45:00+00:00,86.33999633789062,86.3499984741211,86.33000183105469,86.33000183105469,104327
2026-06-16 17:50:00+00:00,86.37000274658203,86.37000274658203,86.33499908447266,86.33699798583984,142952
2026-06-16 17:55:00+00:00,86.36499786376953,86.37999725341797,86.3550033569336,86.36499786376953,95479
2026-06-16 18:00:00+00:00,86.3550033569336,86.37000274658203,86.3489990234375,86.36499786376953,135091
2026-06-16 18:05:00+00:00,86.32499694824219,86.3499984741211,86.31999969482422,86.34500122070312,105227
2026-06-16 18:10:00+00:00,86.31500244140625,86.33000183105469,86.30000305175781,86.33000183105469,96717
2026-06-16 18:15:00+00:00,86.30999755859375,86.31999969482422,86.30000305175781,86.30999755859375,60010
2026-06-16 18:20:00+00:00,86.3114013671875,86.31999969482422,86.29029846191406,86.30500030517578,120550
2026-06-16 18:25:00+00:00,86.32499694824219,86.33499908447266,86.30999755859375,86.30999755859375,87438
2026-06-16 18:30:00+00:00,86.33499908447266,86.3499984741211,86.31999969482422,86.33000183105469,361031
2026-06-16 18:35:00+00:00,86.34500122070312,86.3499984741211,86.33999633789062,86.33999633789062,57329
2026-06-16 18:40:00+00:00,86.34500122070312,86.36000061035156,86.34010314941406,86.34500122070312,57997
2026-06-16 18:45:00+00:00,86.33499908447266,86.3499984741211,86.33000183105469,86.34500122070312,71440
2026-06-16 18:50:00+00:00,86.34500122070312,86.34500122070312,86.33000183105469,86.33499908447266,74470
2026-06-16 18:55:00+00:00,86.30500030517578,86.37000274658203,86.30500030517578,86.34500122070312,1256095
2026-06-16 19:00:00+00:00,86.3499984741211,86.3499984741211,86.30999755859375,86.31500244140625,84019
2026-06-16 19:05:00+00:00,86.34500122070312,86.36000061035156,86.32009887695312,86.34500122070312,168106
2026-06-16 19:10:00+00:00,86.33999633789062,86.3550033569336,86.33999633789062,86.34149932861328,80974
2026-06-16 19:15:00+00:00,86.34439849853516,86.3499984741211,86.33499908447266,86.3499984741211,142994
2026-06-16 19:20:00+00:00,86.36499786376953,86.37000274658203,86.34200286865234,86.34500122070312,71945
2026-06-16 19:25:00+00:00,86.3550033569336,86.36990356445312,86.3499984741211,86.36669921875,96121
2026-06-16 19:30:00+00:00,86.37000274658203,86.37000274658203,86.35990142822266,86.36000061035156,109872
2026-06-16 19:35:00+00:00,86.34030151367188,86.375,86.33999633789062,86.37000274658203,203383
2026-06-16 19:40:00+00:00,86.32499694824219,86.34619903564453,86.31500244140625,86.33999633789062,185701
2026-06-16 19:45:00+00:00,86.31500244140625,86.32990264892578,86.30999755859375,86.32499694824219,518162
2026-06-16 19:50:00+00:00,86.28500366210938,86.31999969482422,86.2699966430664,86.31500244140625,1032122
2026-06-16 19:55:00+00:00,86.19000244140625,86.28500366210938,86.19000244140625,86.28500366210938,2189220
2026-06-17 13:30:00+00:00,86.30500030517578,86.33999633789062,86.27999877929688,86.32499694824219,774835
2026-06-17 13:35:00+00:00,86.2698974609375,86.33499908447266,86.26000213623047,86.30000305175781,276611
2026-06-17 13:40:00+00:00,86.27999877929688,86.28500366210938,86.25,86.2699966430664,134463
2026-06-17 13:45:00+00:00,86.30000305175781,86.30500030517578,86.26499938964844,86.2750015258789,197373
2026-06-17 13:50:00+00:00,86.33499908447266,86.33989715576172,86.29409790039062,86.30000305175781,113957
2026-06-17 13:55:00+00:00,86.36499786376953,86.3949966430664,86.33999633789062,86.33999633789062,195848
2026-06-17 14:00:00+00:00,86.32499694824219,86.375,86.30999755859375,86.37000274658203,157024
2026-06-17 14:05:00+00:00,86.31900024414062,86.3550033569336,86.31900024414062,86.32499694824219,116382
2026-06-17 14:10:00+00:00,86.27999877929688,86.33000183105469,86.2697982788086,86.31999969482422,133349
2026-06-17 14:15:00+00:00,86.32499694824219,86.33000183105469,86.2699966430664,86.28500366210938,186030
2026-06-17 14:20:00+00:00,86.3550033569336,86.3550033569336,86.31510162353516,86.31999969482422,125938
2026-06-17 14:25:00+00:00,86.3550033569336,86.37770080566406,86.3499984741211,86.3550033569336,158754
2026-06-17 14:30:00+00:00,86.3550033569336,86.36499786376953,86.31999969482422,86.3499984741211,306918
2026-06-17 14:35:00+00:00,86.33999633789062,86.3499984741211,86.32499694824219,86.3499984741211,477506
2026-06-17 14:40:00+00:00,86.32499694824219,86.34500122070312,86.30000305175781,86.34500122070312,212691
2026-06-17 14:45:00+00:00,86.2699966430664,86.32749938964844,86.12999725341797,86.31999969482422,1044135
2026-06-17 14:50:00+00:00,86.31500244140625,86.33999633789062,86.26000213623047,86.2750015258789,200750
2026-06-17 14:55:00+00:00,86.29000091552734,86.33499908447266,86.2699966430664,86.30999755859375,336575
2026-06-17 15:00:00+00:00,86.30999755859375,86.33000183105469,86.2750015258789,86.28500366210938,149891
2026-06-17 15:05:00+00:00,86.31500244140625,86.33499908447266,86.30999755859375,86.30999755859375,307595
2026-06-17 15:10:00+00:00,86.30500030517578,86.31999969482422,86.29000091552734,86.30999755859375,123808
2026-06-17 15:15:00+00:00,86.34500122070312,86.36499786376953,86.29000091552734,86.30000305175781,470469
2026-06-17 15:20:00+00:00,86.42749786376953,86.44000244140625,86.33999633789062,86.33999633789062,227621
2026-06-17 15:25:00+00:00,86.39070129394531,86.44000244140625,86.39009857177734,86.42500305175781,141588
2026-06-17 15:30:00+00:00,86.41500091552734,86.43499755859375,86.39189910888672,86.39189910888672,75913
2026-06-17 15:35:00+00:00,86.36499786376953,86.41500091552734,86.36000061035156,86.41500091552734,115649
2026-06-17 15:40:00+00:00,86.37999725341797,86.38999938964844,86.35030364990234,86.36000061035156,64416
2026-06-17 15:45:00+00:00,86.37999725341797,86.38500213623047,86.36009979248047,86.37000274658203,63935
2026-06-17 15:50:00+00:00,86.3499984741211,86.38500213623047,86.33999633789062,86.37999725341797,255650
2026-06-17 15:55:00+00:00,86.375,86.38990020751953,86.3499984741211,86.3499984741211,73635
2026-06-17 16:00:00+00:00,86.36499786376953,86.38999938964844,86.35009765625,86.37999725341797,188521
2026-06-17 16:05:00+00:00,86.38030242919922,86.38849639892578,86.36000061035156,86.36000061035156,79209
2026-06-17 16:10:00+00:00,86.37999725341797,86.38999938964844,86.36029815673828,86.38500213623047,53014
2026-06-17 16:15:00+00:00,86.41000366210938,86.41000366210938,86.37999725341797,86.37999725341797,428577
2026-06-17 16:20:00+00:00,86.43499755859375,86.44999694824219,86.40010070800781,86.41000366210938,60887
2026-06-17 16:25:00+00:00,86.40499877929688,86.43499755859375,86.40499877929688,86.43499755859375,67523
2026-06-17 16:30:00+00:00,86.3949966430664,86.4198989868164,86.3949966430664,86.4198989868164,185232
2026-06-17 16:35:00+00:00,86.41000366210938,86.41000366210938,86.37999725341797,86.4000015258789,184190
2026-06-17 16:40:00+00:00,86.40499877929688,86.40989685058594,86.3949966430664,86.40499877929688,215702
2026-06-17 16:45:00+00:00,86.41000366210938,86.41000366210938,86.4000015258789,86.40499877929688,38779
2026-06-17 16:50:00+00:00,86.3949966430664,86.41999816894531,86.38999938964844,86.4000015258789,439023
2026-06-17 16:55:00+00:00,86.39849853515625,86.41000366210938,86.39199829101562,86.4000015258789,38322
2026-06-17 17:00:00+00:00,86.3499984741211,86.39510345458984,86.3499984741211,86.38999938964844,86027
2026-06-17 17:05:00+00:00,86.3499984741211,86.36000061035156,86.2699966430664,86.3550033569336,758590
2026-06-17 17:10:00+00:00,86.33999633789062,86.36000061035156,86.33499908447266,86.35009765625,80195
2026-06-17 17:15:00+00:00,86.33000183105469,86.34500122070312,86.32099914550781,86.33499908447266,59305
2026-06-17 17:20:00+00:00,86.33499908447266,86.36000061035156,86.33499908447266,86.33499908447266,50627
2026-06-17 17:25:00+00:00,86.33000183105469,86.33999633789062,86.33000183105469,86.33999633789062,33960
2026-06-17 17:30:00+00:00,86.31999969482422,86.34500122070312,86.31999969482422,86.33609771728516,76386
2026-06-17 17:35:00+00:00,86.30500030517578,86.3279037475586,86.30000305175781,86.3279037475586,295654
2026-06-17 17:40:00+00:00,86.30000305175781,86.30999755859375,86.28500366210938,86.30010223388672,90720
2026-06-17 17:45:00+00:00,86.30500030517578,86.32599639892578,86.30000305175781,86.30000305175781,458001
2026-06-17 17:50:00+00:00,86.31999969482422,86.33999633789062,86.30000305175781,86.30500030517578,260221
2026-06-17 17:55:00+00:00,86.36000061035156,86.36000061035156,86.31999969482422,86.33000183105469,156059
2026-06-17 18:00:00+00:00,86.0801010131836,86.36000061035156,85.94000244140625,86.36000061035156,2054657
2026-06-17 18:05:00+00:00,86.16000366210938,86.19000244140625,86.08000183105469,86.08999633789062,336916
2026-06-17 18:10:00+00:00,86.16190338134766,86.16899871826172,86.11000061035156,86.15499877929688,276382
2026-06-17 18:15:00+00:00,86.2699966430664,86.30509948730469,86.16000366210938,86.16510009765625,598988
2026-06-17 18:20:00+00:00,86.32469940185547,86.3550033569336,86.25,86.25,197942
2026-06-17 18:25:00+00:00,86.3499984741211,86.3499984741211,86.23999786376953,86.31999969482422,346995
2026-06-17 18:30:00+00:00,86.21620178222656,86.54499816894531,86.19999694824219,86.36000061035156,1352818
2026-06-17 18:35:00+00:00,86.37000274658203,86.43499755859375,86.20500183105469,86.20929718017578,456760
2026-06-17 18:40:00+00:00,86.5199966430664,86.52999877929688,86.31500244140625,86.37999725341797,825712
2026-06-17 18:45:00+00:00,86.5,86.5250015258789,86.43499755859375,86.51069641113281,438011
2026-06-17 18:50:00+00:00,86.51000213623047,86.58000183105469,86.45999908447266,86.48500061035156,607953
2026-06-17 18:55:00+00:00,86.32499694824219,86.51000213623047,86.29000091552734,86.51000213623047,690244
2026-06-17 19:00:00+00:00,86.375,86.39869689941406,86.30999755859375,86.33000183105469,413262
2026-06-17 19:05:00+00:00,86.36499786376953,86.4800033569336,86.36499786376953,86.37999725341797,457891
2026-06-17 19:10:00+00:00,86.41000366210938,86.41000366210938,86.27999877929688,86.36509704589844,615963
2026-06-17 19:15:00+00:00,86.38500213623047,86.45999908447266,86.36000061035156,86.41000366210938,595546
2026-06-17 19:20:00+00:00,86.22000122070312,86.4000015258789,86.22000122070312,86.37999725341797,354801
2026-06-17 19:25:00+00:00,86.23999786376953,86.27999877929688,86.21499633789062,86.22000122070312,582399
2026-06-17 19:30:00+00:00,86.23500061035156,86.26000213623047,86.18000030517578,86.24500274658203,496057
2026-06-17 19:35:00+00:00,86.24009704589844,86.26499938964844,86.22000122070312,86.23500061035156,387183
2026-06-17 19:40:00+00:00,86.32499694824219,86.34500122070312,86.2322006225586,86.24500274658203,853041
2026-06-17 19:45:00+00:00,86.2750015258789,86.36000061035156,86.26000213623047,86.33000183105469,817192
2026-06-17 19:50:00+00:00,86.33000183105469,86.33999633789062,86.25,86.2699966430664,1670625
2026-06-17 19:55:00+00:00,86.31999969482422,86.36000061035156,86.30000305175781,86.31999969482422,2701008
2026-06-18 13:30:00+00:00,87.12999725341797,87.17500305175781,87.06999969482422,87.07499694824219,3635569
2026-06-18 13:35:00+00:00,87.12999725341797,87.16000366210938,87.11000061035156,87.12999725341797,867634
2026-06-18 13:40:00+00:00,87.08000183105469,87.13500213623047,87.06999969482422,87.12000274658203,681828
2026-06-18 13:45:00+00:00,87.125,87.125,87.06999969482422,87.08000183105469,380954
2026-06-18 13:50:00+00:00,87.02999877929688,87.12000274658203,87.0199966430664,87.12000274658203,404567
2026-06-18 13:55:00+00:00,87.04499816894531,87.05999755859375,87.0199966430664,87.04000091552734,763074
2026-06-18 14:00:00+00:00,87.00499725341797,87.05000305175781,86.9800033569336,87.04499816894531,578549
2026-06-18 14:05:00+00:00,87.0,87.0199966430664,86.98999786376953,87.01000213623047,352766
2026-06-18 14:10:00+00:00,87.05500030517578,87.05850219726562,86.99009704589844,86.99500274658203,391937
2026-06-18 14:15:00+00:00,87.07499694824219,87.11000061035156,87.05000305175781,87.05500030517578,274223
2026-06-18 14:20:00+00:00,87.02999877929688,87.09500122070312,87.02999877929688,87.07499694824219,146702
2026-06-18 14:25:00+00:00,87.0250015258789,87.04010009765625,87.0000991821289,87.0199966430664,140824
2026-06-18 14:30:00+00:00,87.02999877929688,87.04000091552734,86.99949645996094,87.0199966430664,557787
2026-06-18 14:35:00+00:00,87.03099822998047,87.05000305175781,87.0199966430664,87.02999877929688,147710
2026-06-18 14:40:00+00:00,87.01499938964844,87.05500030517578,87.00499725341797,87.03500366210938,263415
2026-06-18 14:45:00+00:00,87.0197982788086,87.02999877929688,86.99310302734375,87.01270294189453,177234
2026-06-18 14:50:00+00:00,87.00689697265625,87.02989959716797,86.98999786376953,87.0199966430664,107194
2026-06-18 14:55:00+00:00,87.01000213623047,87.03500366210938,87.0,87.00499725341797,540036
2026-06-18 15:00:00+00:00,87.02729797363281,87.03500366210938,86.98999786376953,87.01499938964844,152911
2026-06-18 15:05:00+00:00,87.08989715576172,87.09500122070312,87.0250015258789,87.02999877929688,295414
2026-06-18 15:10:00+00:00,87.1050033569336,87.15499877929688,87.0801010131836,87.08499908447266,541022
2026-06-18 15:15:00+00:00,87.13999938964844,87.1449966430664,87.11000061035156,87.11000061035156,210266
2026-06-18 15:20:00+00:00,87.08499908447266,87.1449966430664,87.08000183105469,87.1449966430664,238934
2026-06-18 15:25:00+00:00,87.01000213623047,87.08999633789062,86.98999786376953,87.08999633789062,400857
2026-06-18 15:30:00+00:00,87.00499725341797,87.01499938964844,86.9800033569336,86.9988021850586,657030
2026-06-18 15:35:00+00:00,86.93000030517578,87.00499725341797,86.92500305175781,87.00499725341797,183304
2026-06-18 15:40:00+00:00,86.95500183105469,86.98989868164062,86.93180084228516,86.93499755859375,138344
2026-06-18 15:45:00+00:00,86.92849731445312,86.96990203857422,86.92009735107422,86.94999694824219,109830
2026-06-18 15:50:00+00:00,86.91999816894531,86.94499969482422,86.91999816894531,86.93000030517578,340378
2026-06-18 15:55:00+00:00,86.83999633789062,86.93990325927734,86.83999633789062,86.92500305175781,261040
2026-06-18 16:00:00+00:00,86.77999877929688,86.87000274658203,86.7750015258789,86.83499908447266,382560
2026-06-18 16:05:00+00:00,86.83000183105469,86.8550033569336,86.78500366210938,86.7876968383789,299604
2026-06-18 16:10:00+00:00,86.84500122070312,86.87000274658203,86.81999969482422,86.82499694824219,124267
2026-06-18 16:15:00+00:00,86.80500030517578,86.8550033569336,86.80500030517578,86.84500122070312,74669
2026-06-18 16:20:00+00:00,86.82499694824219,86.83719635009766,86.80999755859375,86.80999755859375,52997
2026-06-18 16:25:00+00:00,86.84500122070312,86.86000061035156,86.81999969482422,86.84500122070312,75172
2026-06-18 16:30:00+00:00,86.7750015258789,86.86499786376953,86.7699966430664,86.84500122070312,197413
2026-06-18 16:35:00+00:00,86.77230072021484,86.80500030517578,86.76000213623047,86.7750015258789,222107
2026-06-18 16:40:00+00:00,86.77999877929688,86.8207015991211,86.77069854736328,86.7750015258789,339758
2026-06-18 16:45:00+00:00,86.76000213623047,86.78500366210938,86.75,86.7750015258789,177481
2026-06-18 16:50:00+00:00,86.76499938964844,86.7699966430664,86.75,86.76499938964844,69906
2026-06-18 16:55:00+00:00,86.76499938964844,86.7699966430664,86.73999786376953,86.76000213623047,47637
2026-06-18 17:00:00+00:00,86.77999877929688,86.77999877929688,86.72000122070312,86.7699966430664,199266
2026-06-18 17:05:00+00:00,86.7750015258789,86.78500366210938,86.76000213623047,86.77999877929688,292840
2026-06-18 17:10:00+00:00,86.76499938964844,86.77999877929688,86.75,86.7750015258789,112132
2026-06-18 17:15:00+00:00,86.80999755859375,86.80999755859375,86.75,86.76000213623047,101557
2026-06-18 17:20:00+00:00,86.84500122070312,86.8499984741211,86.80690002441406,86.80690002441406,190667
2026-06-18 17:25:00+00:00,86.8550033569336,86.87999725341797,86.83999633789062,86.8499984741211,165520
2026-06-18 17:30:00+00:00,86.82009887695312,86.847900390625,86.81999969482422,86.84500122070312,78100
2026-06-18 17:35:00+00:00,86.80139923095703,86.83000183105469,86.80000305175781,86.82499694824219,65838
2026-06-18 17:40:00+00:00,86.80500030517578,86.82499694824219,86.80000305175781,86.80999755859375,126190
2026-06-18 17:45:00+00:00,86.79000091552734,86.80500030517578,86.78250122070312,86.8010025024414,98023
2026-06-18 17:50:00+00:00,86.79100036621094,86.80999755859375,86.77999877929688,86.79000091552734,45984
2026-06-18 17:55:00+00:00,86.79949951171875,86.80000305175781,86.79000091552734,86.79029846191406,77632
2026-06-18 18:00:00+00:00,86.77999877929688,86.79499816894531,86.76000213623047,86.79000091552734,133246
2026-06-18 18:05:00+00:00,86.78500366210938,86.79000091552734,86.76000213623047,86.7750015258789,289931
2026-06-18 18:10:00+00:00,86.77100372314453,86.80000305175781,86.7699966430664,86.78500366210938,192678
2026-06-18 18:15:00+00:00,86.7750015258789,86.77999877929688,86.73999786376953,86.7699966430664,158786
2026-06-18 18:20:00+00:00,86.78500366210938,86.79000091552734,86.76000213623047,86.7699966430664,670216
2026-06-18 18:25:00+00:00,86.75499725341797,86.79000091552734,86.74960327148438,86.79000091552734,231645
2026-06-18 18:30:00+00:00,86.75499725341797,86.76499938964844,86.7249984741211,86.75,347460
2026-06-18 18:35:00+00:00,86.7249984741211,86.76499938964844,86.7249984741211,86.75499725341797,306273
2026-06-18 18:40:00+00:00,86.7301025390625,86.73999786376953,86.72000122070312,86.7249984741211,58203
2026-06-18 18:45:00+00:00,86.75499725341797,86.75499725341797,86.7300033569336,86.7300033569336,78540
2026-06-18 18:50:00+00:00,86.73999786376953,86.75499725341797,86.73999786376953,86.75499725341797,40147
2026-06-18 18:55:00+00:00,86.7300033569336,86.77999877929688,86.71009826660156,86.74500274658203,323132
2026-06-18 19:00:00+00:00,86.67500305175781,86.7300033569336,86.66500091552734,86.7300033569336,239552
2026-06-18 19:05:00+00:00,86.68000030517578,86.69999694824219,86.67500305175781,86.67500305175781,163482
2026-06-18 19:10:00+00:00,86.69000244140625,86.70999908447266,86.68000030517578,86.68000030517578,269805
2026-06-18 19:15:00+00:00,86.69499969482422,86.71520233154297,86.66999816894531,86.69000244140625,225366
2026-06-18 19:20:00+00:00,86.6709976196289,86.69999694824219,86.66999816894531,86.69000244140625,165865
2026-06-18 19:25:00+00:00,86.68499755859375,86.69499969482422,86.66999816894531,86.6709976196289,1026920
2026-06-18 19:30:00+00:00,86.66500091552734,86.69999694824219,86.65499877929688,86.68499755859375,305461
2026-06-18 19:35:00+00:00,86.66000366210938,86.68000030517578,86.6500015258789,86.6698989868164,314240
2026-06-18 19:40:00+00:00,86.67500305175781,86.68000030517578,86.6500015258789,86.66500091552734,546401
2026-06-18 19:45:00+00:00,86.68000030517578,86.68000030517578,86.66999816894531,86.67500305175781,298664
2026-06-18 19:50:00+00:00,86.70500183105469,86.70999908447266,86.66999816894531,86.68000030517578,1094827
2026-06-18 19:55:00+00:00,86.73999786376953,86.74500274658203,86.69499969482422,86.69999694824219,1984777
2026-06-22 13:30:00+00:00,86.3197021484375,86.33000183105469,86.27999877929688,86.30000305175781,1078924
2026-06-22 13:35:00+00:00,86.26000213623047,86.31999969482422,86.25,86.31500244140625,245370
2026-06-22 13:40:00+00:00,86.19999694824219,86.27799987792969,86.13999938964844,86.26000213623047,616360
2026-06-22 13:45:00+00:00,86.31999969482422,86.31999969482422,86.20999908447266,86.20999908447266,246985
2026-06-22 13:50:00+00:00,86.26000213623047,86.32499694824219,86.25199890136719,86.32499694824219,230910
2026-06-22 13:55:00+00:00,86.22599792480469,86.26499938964844,86.20500183105469,86.26100158691406,201984
2026-06-22 14:00:00+00:00,86.21499633789062,86.2300033569336,86.19000244140625,86.22000122070312,291038
2026-06-22 14:05:00+00:00,86.25499725341797,86.29000091552734,86.20999908447266,86.21499633789062,242663
2026-06-22 14:10:00+00:00,86.2770004272461,86.29000091552734,86.22000122070312,86.26000213623047,302804
2026-06-22 14:15:00+00:00,86.30000305175781,86.30999755859375,86.2699966430664,86.2750015258789,297304
2026-06-22 14:20:00+00:00,86.22000122070312,86.30000305175781,86.21499633789062,86.30000305175781,176715
2026-06-22 14:25:00+00:00,86.16500091552734,86.21499633789062,86.14070129394531,86.21499633789062,357630
2026-06-22 14:30:00+00:00,86.1449966430664,86.16999816894531,86.11000061035156,86.16999816894531,986553
2026-06-22 14:35:00+00:00,86.16500091552734,86.18000030517578,86.13999938964844,86.14649963378906,266800
2026-06-22 14:40:00+00:00,86.16819763183594,86.19000244140625,86.1449966430664,86.16500091552734,146803
2026-06-22 14:45:00+00:00,86.16510009765625,86.19999694824219,86.1500015258789,86.16919708251953,312287
2026-06-22 14:50:00+00:00,86.20500183105469,86.2300033569336,86.16000366210938,86.16500091552734,356381
2026-06-22 14:55:00+00:00,86.19999694824219,86.20500183105469,86.18000030517578,86.20500183105469,203768
2026-06-22 15:00:00+00:00,86.19999694824219,86.29000091552734,86.18499755859375,86.19999694824219,225145
2026-06-22 15:05:00+00:00,86.23500061035156,86.23999786376953,86.20500183105469,86.20500183105469,308718
2026-06-22 15:10:00+00:00,86.23999786376953,86.26580047607422,86.2300033569336,86.23999786376953,121223
2026-06-22 15:15:00+00:00,86.2750015258789,86.27999877929688,86.23249816894531,86.23999786376953,165170
2026-06-22 15:20:00+00:00,86.22689819335938,86.26499938964844,86.22000122070312,86.26499938964844,128515
2026-06-22 15:25:00+00:00,86.18499755859375,86.2300033569336,86.18000030517578,86.2249984741211,260548
2026-06-22 15:30:00+00:00,86.15989685058594,86.19000244140625,86.15499877929688,86.18499755859375,227563
2026-06-22 15:35:00+00:00,86.17500305175781,86.1864013671875,86.15499877929688,86.15499877929688,101238
2026-06-22 15:40:00+00:00,86.18499755859375,86.20500183105469,86.17500305175781,86.17500305175781,244247
2026-06-22 15:45:00+00:00,86.04499816894531,86.18990325927734,86.04499816894531,86.18990325927734,378704
2026-06-22 15:50:00+00:00,86.08480072021484,86.11499786376953,86.04499816894531,86.04499816894531,404880
2026-06-22 15:55:00+00:00,86.09500122070312,86.12000274658203,86.08499908447266,86.08999633789062,116403
2026-06-22 16:00:00+00:00,86.05500030517578,86.09989929199219,86.02999877929688,86.09500122070312,328887
2026-06-22 16:05:00+00:00,86.07009887695312,86.08000183105469,86.05000305175781,86.05500030517578,134862
2026-06-22 16:10:00+00:00,86.1050033569336,86.11000061035156,86.05020141601562,86.06999969482422,283766
2026-06-22 16:15:00+00:00,86.1050033569336,86.11000061035156,86.07499694824219,86.1050033569336,98875
2026-06-22 16:20:00+00:00,86.07499694824219,86.10929870605469,86.05999755859375,86.0999984741211,242679
2026-06-22 16:25:00+00:00,86.06500244140625,86.07499694824219,86.05500030517578,86.07499694824219,2297766
2026-06-22 16:30:00+00:00,86.06900024414062,86.06999969482422,86.04499816894531,86.05999755859375,545520
2026-06-22 16:35:00+00:00,86.06999969482422,86.07969665527344,86.05000305175781,86.06999969482422,116813
2026-06-22 16:40:00+00:00,86.06500244140625,86.08000183105469,86.05999755859375,86.06999969482422,1974072
2026-06-22 16:45:00+00:00,86.06999969482422,86.08000183105469,86.06009674072266,86.06999969482422,100620
2026-06-22 16:50:00+00:00,86.06999969482422,86.06999969482422,86.0530014038086,86.06500244140625,98967
2026-06-22 16:55:00+00:00,86.09500122070312,86.125,86.05000305175781,86.06500244140625,501671
2026-06-22 17:00:00+00:00,86.08999633789062,86.0999984741211,86.07499694824219,86.09500122070312,104276
2026-06-22 17:05:00+00:00,86.06500244140625,86.08000183105469,86.0625,86.08000183105469,95740
2026-06-22 17:10:00+00:00,86.04499816894531,86.0697021484375,86.04499816894531,86.06500244140625,81632
2026-06-22 17:15:00+00:00,86.05000305175781,86.06500244140625,86.04010009765625,86.05000305175781,100554
2026-06-22 17:20:00+00:00,86.04499816894531,86.06500244140625,86.04000091552734,86.05999755859375,98714
2026-06-22 17:25:00+00:00,86.04499816894531,86.05670166015625,86.04000091552734,86.04499816894531,106203
2026-06-22 17:30:00+00:00,85.99500274658203,86.04499816894531,85.98999786376953,86.04499816894531,284971
2026-06-22 17:35:00+00:00,85.9749984741211,86.0,85.97000122070312,85.99500274658203,268910
2026-06-22 17:40:00+00:00,85.98999786376953,86.0,85.97000122070312,85.9749984741211,180192
2026-06-22 17:45:00+00:00,85.9800033569336,86.0,85.9749984741211,85.98999786376953,108086
2026-06-22 17:50:00+00:00,86.00499725341797,86.01000213623047,85.9800033569336,85.9800033569336,121444
2026-06-22 17:55:00+00:00,86.03500366210938,86.04000091552734,86.0,86.00499725341797,123906
2026-06-22 18:00:00+00:00,86.04499816894531,86.05500030517578,86.03500366210938,86.03510284423828,81170
2026-06-22 18:05:00+00:00,86.08000183105469,86.08499908447266,86.04499816894531,86.05000305175781,68695
2026-06-22 18:10:00+00:00,86.06500244140625,86.08999633789062,86.06500244140625,86.06999969482422,73144
2026-06-22 18:15:00+00:00,86.04499816894531,86.0790023803711,86.04010009765625,86.06500244140625,79196
2026-06-22 18:20:00+00:00,86.03009796142578,86.05999755859375,86.0250015258789,86.04499816894531,199325
2026-06-22 18:25:00+00:00,86.04000091552734,86.04000091552734,86.0199966430664,86.02999877929688,427228
2026-06-22 18:30:00+00:00,86.05500030517578,86.06999969482422,86.04000091552734,86.04000091552734,364941
2026-06-22 18:35:00+00:00,86.07499694824219,86.0790023803711,86.0542984008789,86.05500030517578,87342
2026-06-22 18:40:00+00:00,86.09500122070312,86.0999984741211,86.05999755859375,86.07499694824219,94892
2026-06-22 18:45:00+00:00,86.10299682617188,86.10900115966797,86.08999633789062,86.09500122070312,94018
2026-06-22 18:50:00+00:00,86.1050033569336,86.11000061035156,86.08999633789062,86.10549926757812,185155
2026-06-22 18:55:00+00:00,86.11000061035156,86.11000061035156,86.05999755859375,86.0999984741211,311372
2026-06-22 19:00:00+00:00,86.07499694824219,86.12000274658203,86.06999969482422,86.11000061035156,168544
2026-06-22 19:05:00+00:00,86.07499694824219,86.08000183105469,86.05999755859375,86.07499694824219,242573
2026-06-22 19:10:00+00:00,86.08000183105469,86.0999984741211,86.06999969482422,86.06999969482422,110741
2026-06-22 19:15:00+00:00,86.08499908447266,86.11000061035156,86.08000183105469,86.08000183105469,106048
2026-06-22 19:20:00+00:00,86.1050033569336,86.10900115966797,86.08000183105469,86.08499908447266,184145
2026-06-22 19:25:00+00:00,86.1050033569336,86.12000274658203,86.0999984741211,86.1050033569336,581113
2026-06-22 19:30:00+00:00,86.09500122070312,86.11000061035156,86.08999633789062,86.1050033569336,215705
2026-06-22 19:35:00+00:00,86.1050033569336,86.11000061035156,86.09010314941406,86.09500122070312,75420
2026-06-22 19:40:00+00:00,86.09500122070312,86.11000061035156,86.09500122070312,86.1050033569336,204961
2026-06-22 19:45:00+00:00,86.09500122070312,86.0999984741211,86.06999969482422,86.09500122070312,290879
2026-06-22 19:50:00+00:00,86.09500122070312,86.12000274658203,86.08999633789062,86.09500122070312,1106802
2026-06-22 19:55:00+00:00,86.08999633789062,86.12000274658203,86.08999633789062,86.09500122070312,1293831
2026-06-23 13:30:00+00:00,86.19100189208984,86.19100189208984,86.11000061035156,86.12999725341797,1471014
2026-06-23 13:35:00+00:00,86.25,86.29000091552734,86.18000030517578,86.19499969482422,235311
2026-06-23 13:40:00+00:00,86.23999786376953,86.25,86.20999908447266,86.24500274658203,429079
2026-06-23 13:45:00+00:00,86.28500366210938,86.29499816894531,86.21499633789062,86.24500274658203,137292
2026-06-23 13:50:00+00:00,86.28009796142578,86.31999969482422,86.27010345458984,86.28500366210938,123587
2026-06-23 13:55:00+00:00,86.30999755859375,86.33999633789062,86.27999877929688,86.27999877929688,1725022
2026-06-23 14:00:00+00:00,86.37000274658203,86.38500213623047,86.30000305175781,86.30000305175781,235317
2026-06-23 14:05:00+00:00,86.33000183105469,86.36930084228516,86.32499694824219,86.36509704589844,91277
2026-06-23 14:10:00+00:00,86.32499694824219,86.3499984741211,86.32499694824219,86.33000183105469,199201
2026-06-23 14:15:00+00:00,86.31999969482422,86.33999633789062,86.30999755859375,86.33000183105469,59508
2026-06-23 14:20:00+00:00,86.31999969482422,86.3290023803711,86.29309844970703,86.31500244140625,247160
2026-06-23 14:25:00+00:00,86.31500244140625,86.33499908447266,86.30999755859375,86.32499694824219,120884
2026-06-23 14:30:00+00:00,86.2699966430664,86.31999969482422,86.25499725341797,86.31500244140625,160343
2026-06-23 14:35:00+00:00,86.25499725341797,86.27999877929688,86.23999786376953,86.26499938964844,213605
2026-06-23 14:40:00+00:00,86.24500274658203,86.29499816894531,86.24500274658203,86.25499725341797,236842
2026-06-23 14:45:00+00:00,86.28500366210938,86.29000091552734,86.24500274658203,86.24500274658203,152954
2026-06-23 14:50:00+00:00,86.30999755859375,86.31500244140625,86.2699966430664,86.2699966430664,166034
2026-06-23 14:55:00+00:00,86.25,86.30989837646484,86.24009704589844,86.30989837646484,170099
2026-06-23 15:00:00+00:00,86.2593002319336,86.2699966430664,86.23989868164062,86.23999786376953,89633
2026-06-23 15:05:00+00:00,86.27999877929688,86.29499816894531,86.24500274658203,86.25499725341797,157934
2026-06-23 15:10:00+00:00,86.29000091552734,86.31500244140625,86.28009796142578,86.29000091552734,102309
2026-06-23 15:15:00+00:00,86.30999755859375,86.33499908447266,86.29000091552734,86.30000305175781,150191
2026-06-23 15:20:00+00:00,86.2750015258789,86.31500244140625,86.2699966430664,86.3010025024414,246546
2026-06-23 15:25:00+00:00,86.28500366210938,86.30999755859375,86.2750015258789,86.27999877929688,346353
2026-06-23 15:30:00+00:00,86.30500030517578,86.31999969482422,86.28500366210938,86.28500366210938,147383
2026-06-23 15:35:00+00:00,86.29499816894531,86.33999633789062,86.28500366210938,86.30500030517578,150746
2026-06-23 15:40:00+00:00,86.33000183105469,86.33999633789062,86.29499816894531,86.29499816894531,169211
2026-06-23 15:45:00+00:00,86.36499786376953,86.37000274658203,86.31500244140625,86.33499908447266,151756
2026-06-23 15:50:00+00:00,86.38999938964844,86.3949966430664,86.3550033569336,86.36499786376953,71199
2026-06-23 15:55:00+00:00,86.408203125,86.41000366210938,86.375,86.3949966430664,57115
2026-06-23 16:00:00+00:00,86.3949966430664,86.41000366210938,86.38310241699219,86.40499877929688,72048
2026-06-23 16:05:00+00:00,86.3949966430664,86.42500305175781,86.38999938964844,86.3949966430664,233910
2026-06-23 16:10:00+00:00,86.40499877929688,86.41500091552734,86.3949966430664,86.39849853515625,70310
2026-06-23 16:15:00+00:00,86.38500213623047,86.41000366210938,86.38500213623047,86.4000015258789,70010
2026-06-23 16:20:00+00:00,86.375,86.38999938964844,86.36000061035156,86.38500213623047,181780
2026-06-23 16:25:00+00:00,86.3550033569336,86.37989807128906,86.3499984741211,86.37429809570312,39716
2026-06-23 16:30:00+00:00,86.3949966430664,86.3949966430664,86.3499984741211,86.3550033569336,91749
2026-06-23 16:35:00+00:00,86.38500213623047,86.4000015258789,86.37999725341797,86.38999938964844,56646
2026-06-23 16:40:00+00:00,86.36509704589844,86.4000015258789,86.36499786376953,86.38999938964844,93399
2026-06-23 16:45:00+00:00,86.36009979248047,86.36990356445312,86.35399627685547,86.36499786376953,64915
2026-06-23 16:50:00+00:00,86.34500122070312,86.36499786376953,86.33999633789062,86.36499786376953,51893
2026-06-23 16:55:00+00:00,86.32009887695312,86.3499984741211,86.31500244140625,86.34500122070312,83903
2026-06-23 17:00:00+00:00,86.31999969482422,86.32499694824219,86.30999755859375,86.31999969482422,31414
2026-06-23 17:05:00+00:00,86.29000091552734,86.32499694824219,86.2822036743164,86.31999969482422,122268
2026-06-23 17:10:00+00:00,86.2699966430664,86.29000091552734,86.26309967041016,86.28309631347656,61321
2026-06-23 17:15:00+00:00,86.28500366210938,86.29499816894531,86.27149963378906,86.2750015258789,288076
2026-06-23 17:20:00+00:00,86.27010345458984,86.28990173339844,86.26000213623047,86.28990173339844,46242
2026-06-23 17:25:00+00:00,86.25,86.2699966430664,86.24500274658203,86.2699966430664,130160
2026-06-23 17:30:00+00:00,86.26499938964844,86.2699966430664,86.24500274658203,86.24500274658203,112840
2026-06-23 17:35:00+00:00,86.26000213623047,86.2699966430664,86.2500991821289,86.2699966430664,127597
2026-06-23 17:40:00+00:00,86.22000122070312,86.2699966430664,86.22000122070312,86.26000213623047,82107
2026-06-23 17:45:00+00:00,86.24009704589844,86.26000213623047,86.22000122070312,86.22000122070312,272260
2026-06-23 17:50:00+00:00,86.21420288085938,86.24009704589844,86.21389770507812,86.23999786376953,91321
2026-06-23 17:55:00+00:00,86.18499755859375,86.2300033569336,86.18499755859375,86.22000122070312,94243
2026-06-23 18:00:00+00:00,86.125,86.19000244140625,86.12000274658203,86.18000030517578,152529
2026-06-23 18:05:00+00:00,86.11990356445312,86.1500015258789,86.0999984741211,86.125,89350
2026-06-23 18:10:00+00:00,86.16999816894531,86.17500305175781,86.12999725341797,86.12999725341797,114955
2026-06-23 18:15:00+00:00,86.17500305175781,86.19000244140625,86.16999816894531,86.17500305175781,240530
2026-06-23 18:20:00+00:00,86.16500091552734,86.19000244140625,86.16500091552734,86.17990112304688,83232
2026-06-23 18:25:00+00:00,86.1500015258789,86.16999816894531,86.1500015258789,86.16000366210938,50975
2026-06-23 18:30:00+00:00,86.15499877929688,86.16000366210938,86.1500015258789,86.1500015258789,46044
2026-06-23 18:35:00+00:00,86.15499877929688,86.16999816894531,86.1500015258789,86.16000366210938,64287
2026-06-23 18:40:00+00:00,86.16999816894531,86.17500305175781,86.13500213623047,86.15010070800781,142748
2026-06-23 18:45:00+00:00,86.19999694824219,86.20500183105469,86.16999816894531,86.16999816894531,47683
2026-06-23 18:50:00+00:00,86.22000122070312,86.2300033569336,86.20429992675781,86.20790100097656,80959
2026-06-23 18:55:00+00:00,86.19000244140625,86.23999786376953,86.19000244140625,86.22000122070312,312685
2026-06-23 19:00:00+00:00,86.21499633789062,86.22599792480469,86.18499755859375,86.18499755859375,189178
2026-06-23 19:05:00+00:00,86.20500183105469,86.2300033569336,86.19999694824219,86.21499633789062,251312
2026-06-23 19:10:00+00:00,86.18499755859375,86.20500183105469,86.16000366210938,86.19999694824219,168912
2026-06-23 19:15:00+00:00,86.19499969482422,86.20500183105469,86.16999816894531,86.18499755859375,197615
2026-06-23 19:20:00+00:00,86.18499755859375,86.19879913330078,86.18009948730469,86.19499969482422,89173
2026-06-23 19:25:00+00:00,86.17430114746094,86.18000030517578,86.16999816894531,86.18000030517578,34749
2026-06-23 19:30:00+00:00,86.18499755859375,86.19999694824219,86.16999816894531,86.17500305175781,87382
2026-06-23 19:35:00+00:00,86.21009826660156,86.21499633789062,86.18000030517578,86.18499755859375,71987
2026-06-23 19:40:00+00:00,86.20500183105469,86.21499633789062,86.19999694824219,86.21499633789062,128366
2026-06-23 19:45:00+00:00,86.21499633789062,86.22000122070312,86.20500183105469,86.20500183105469,160258
2026-06-23 19:50:00+00:00,86.2249984741211,86.2300033569336,86.19999694824219,86.22000122070312,455908
2026-06-23 19:55:00+00:00,86.22000122070312,86.22989654541016,86.19000244140625,86.2249984741211,1863505
2026-06-24 13:30:00+00:00,87.13999938964844,87.18000030517578,87.12000274658203,87.13999938964844,3024278
2026-06-24 13:35:00+00:00,87.16999816894531,87.17849731445312,87.13500213623047,87.13500213623047,1111499
2026-06-24 13:40:00+00:00,87.19999694824219,87.20999908447266,87.16000366210938,87.16500091552734,680946
2026-06-24 13:45:00+00:00,87.19000244140625,87.19999694824219,87.13009643554688,87.19010162353516,504917
2026-06-24 13:50:00+00:00,87.23159790039062,87.26000213623047,87.19000244140625,87.19499969482422,370320
2026-06-24 13:55:00+00:00,87.26499938964844,87.2699966430664,87.2300033569336,87.23500061035156,470277
2026-06-24 14:00:00+00:00,87.31999969482422,87.32499694824219,87.26000213623047,87.26499938964844,891276
2026-06-24 14:05:00+00:00,87.34500122070312,87.37000274658203,87.31999969482422,87.33000183105469,642170
2026-06-24 14:10:00+00:00,87.30970001220703,87.34500122070312,87.29989624023438,87.34500122070312,476061
2026-06-24 14:15:00+00:00,87.26499938964844,87.30999755859375,87.26000213623047,87.3010025024414,564661
2026-06-24 14:20:00+00:00,87.2699966430664,87.27999877929688,87.2300033569336,87.26000213623047,550175
2026-06-24 14:25:00+00:00,87.26000213623047,87.28500366210938,87.26000213623047,87.2750015258789,368036
2026-06-24 14:30:00+00:00,87.30000305175781,87.30000305175781,87.25,87.26499938964844,260777
2026-06-24 14:35:00+00:00,87.32499694824219,87.33000183105469,87.29000091552734,87.30500030517578,255699
2026-06-24 14:40:00+00:00,87.33999633789062,87.33999633789062,87.31500244140625,87.32499694824219,272186
2026-06-24 14:45:00+00:00,87.3499984741211,87.36000061035156,87.33000183105469,87.3499984741211,201770
2026-06-24 14:50:00+00:00,87.34500122070312,87.37000274658203,87.33999633789062,87.3550033569336,259956
2026-06-24 14:55:00+00:00,87.35199737548828,87.36000061035156,87.33000183105469,87.34500122070312,216824
2026-06-24 15:00:00+00:00,87.37909698486328,87.38990020751953,87.33000183105469,87.3550033569336,312856
2026-06-24 15:05:00+00:00,87.34030151367188,87.37999725341797,87.33000183105469,87.37999725341797,297010
2026-06-24 15:10:00+00:00,87.3230972290039,87.34660339355469,87.29000091552734,87.33999633789062,585973
2026-06-24 15:15:00+00:00,87.3550033569336,87.3550033569336,87.32499694824219,87.32499694824219,335405
2026-06-24 15:20:00+00:00,87.36000061035156,87.36499786376953,87.33999633789062,87.36000061035156,735416
2026-06-24 15:25:00+00:00,87.3949966430664,87.41000366210938,87.33999633789062,87.35990142822266,568724
2026-06-24 15:30:00+00:00,87.37999725341797,87.3949966430664,87.36000061035156,87.3949966430664,459625
2026-06-24 15:35:00+00:00,87.375,87.4000015258789,87.36000061035156,87.375,484504
2026-06-24 15:40:00+00:00,87.41500091552734,87.41999816894531,87.375,87.375,201307
2026-06-24 15:45:00+00:00,87.38500213623047,87.41999816894531,87.375,87.4176025390625,1105322
2026-06-24 15:50:00+00:00,87.38500213623047,87.40959930419922,87.37999725341797,87.38500213623047,172777
2026-06-24 15:55:00+00:00,87.40499877929688,87.40989685058594,87.37000274658203,87.38999938964844,179003
2026-06-24 16:00:00+00:00,87.43000030517578,87.43000030517578,87.40070343017578,87.40070343017578,213624
2026-06-24 16:05:00+00:00,87.44999694824219,87.45999908447266,87.42500305175781,87.42500305175781,269579
2026-06-24 16:10:00+00:00,87.41999816894531,87.46790313720703,87.41999816894531,87.45500183105469,234080
2026-06-24 16:15:00+00:00,87.44499969482422,87.45500183105469,87.43000030517578,87.43000030517578,3785154
2026-06-24 16:20:00+00:00,87.43499755859375,87.45999908447266,87.43000030517578,87.44999694824219,394648
2026-06-24 16:25:00+00:00,87.41000366210938,87.44000244140625,87.40499877929688,87.43499755859375,133749
2026-06-24 16:30:00+00:00,87.3949966430664,87.41500091552734,87.37999725341797,87.41500091552734,315316
2026-06-24 16:35:00+00:00,87.3499984741211,87.41000366210938,87.3499984741211,87.3949966430664,350049
2026-06-24 16:40:00+00:00,87.3550033569336,87.37000274658203,87.33999633789062,87.3499984741211,260621
2026-06-24 16:45:00+00:00,87.33999633789062,87.37000274658203,87.33000183105469,87.3550033569336,313432
2026-06-24 16:50:00+00:00,87.33000183105469,87.33999633789062,87.31999969482422,87.33499908447266,203545
2026-06-24 16:55:00+00:00,87.33499908447266,87.3499984741211,87.31999969482422,87.32499694824219,152600
2026-06-24 17:00:00+00:00,87.37989807128906,87.38999938964844,87.31999969482422,87.33999633789062,518929
2026-06-24 17:05:00+00:00,87.3550033569336,87.38500213623047,87.3499984741211,87.37000274658203,327362
2026-06-24 17:10:00+00:00,87.3949966430664,87.3949966430664,87.3499984741211,87.3499984741211,306063
2026-06-24 17:15:00+00:00,87.3949966430664,87.40750122070312,87.38999938964844,87.3949966430664,118734
2026-06-24 17:20:00+00:00,87.40499877929688,87.40499877929688,87.37999725341797,87.3949966430664,182459
2026-06-24 17:25:00+00:00,87.42009735107422,87.43000030517578,87.38999938964844,87.4010009765625,298496
2026-06-24 17:30:00+00:00,87.45700073242188,87.45999908447266,87.42500305175781,87.42500305175781,496416
2026-06-24 17:35:00+00:00,87.45500183105469,87.45999908447266,87.43000030517578,87.44999694824219,361820
2026-06-24 17:40:00+00:00,87.41500091552734,87.4531021118164,87.4000015258789,87.44999694824219,370635
2026-06-24 17:45:00+00:00,87.3949966430664,87.41010284423828,87.37999725341797,87.41000366210938,266707
2026-06-24 17:50:00+00:00,87.4000015258789,87.41999816894531,87.3949966430664,87.3949966430664,181234
2026-06-24 17:55:00+00:00,87.3550033569336,87.40989685058594,87.3499984741211,87.40499877929688,278224
2026-06-24 18:00:00+00:00,87.41500091552734,87.41500091552734,87.3499984741211,87.3499984741211,336345
2026-06-24 18:05:00+00:00,87.41000366210938,87.43000030517578,87.4000015258789,87.41500091552734,280073
2026-06-24 18:10:00+00:00,87.42500305175781,87.42639923095703,87.4020004272461,87.41000366210938,248351
2026-06-24 18:15:00+00:00,87.41999816894531,87.43000030517578,87.41500091552734,87.42179870605469,153302
2026-06-24 18:20:00+00:00,87.41999816894531,87.42500305175781,87.41000366210938,87.41999816894531,285857
2026-06-24 18:25:00+00:00,87.3949966430664,87.41500091552734,87.38999938964844,87.41000366210938,115030
2026-06-24 18:30:00+00:00,87.3949966430664,87.41000366210938,87.38030242919922,87.3949966430664,646135
2026-06-24 18:35:00+00:00,87.40499877929688,87.41500091552734,87.38999938964844,87.3949966430664,117545
2026-06-24 18:40:00+00:00,87.40499877929688,87.42500305175781,87.40029907226562,87.40499877929688,162589
2026-06-24 18:45:00+00:00,87.3949966430664,87.40769958496094,87.38999938964844,87.40499877929688,96984
2026-06-24 18:50:00+00:00,87.40499877929688,87.43000030517578,87.38999938964844,87.4000015258789,291226
2026-06-24 18:55:00+00:00,87.38500213623047,87.40989685058594,87.37000274658203,87.40499877929688,721968
2026-06-24 19:00:00+00:00,87.37010192871094,87.41000366210938,87.37000274658203,87.38500213623047,111441
2026-06-24 19:05:00+00:00,87.36799621582031,87.375,87.36000061035156,87.375,171304
2026-06-24 19:10:00+00:00,87.3550033569336,87.37000274658203,87.3499984741211,87.36499786376953,101425
2026-06-24 19:15:00+00:00,87.3550033569336,87.36000061035156,87.33499908447266,87.3550033569336,606345
2026-06-24 19:20:00+00:00,87.33000183105469,87.36000061035156,87.31999969482422,87.3550033569336,337289
2026-06-24 19:25:00+00:00,87.33499908447266,87.3499984741211,87.33100128173828,87.33499908447266,271510
2026-06-24 19:30:00+00:00,87.34500122070312,87.3550033569336,87.33000183105469,87.33499908447266,219173
2026-06-24 19:35:00+00:00,87.3550033569336,87.35990142822266,87.33999633789062,87.3499984741211,280495
2026-06-24 19:40:00+00:00,87.375,87.37999725341797,87.3499984741211,87.3550033569336,266871
2026-06-24 19:45:00+00:00,87.375,87.37999725341797,87.36000061035156,87.375,427078
2026-06-24 19:50:00+00:00,87.36499786376953,87.37999725341797,87.36000061035156,87.375,1052155
2026-06-24 19:55:00+00:00,87.38999938964844,87.38999938964844,87.33999633789062,87.36499786376953,2848139
2026-06-25 13:30:00+00:00,87.57679748535156,87.6050033569336,87.56999969482422,87.58000183105469,1539181
2026-06-25 13:35:00+00:00,87.62000274658203,87.62000274658203,87.5635986328125,87.57499694824219,238943
2026-06-25 13:40:00+00:00,87.69000244140625,87.69989776611328,87.61389923095703,87.61389923095703,191129
2026-06-25 13:45:00+00:00,87.71499633789062,87.7699966430664,87.67639923095703,87.69000244140625,457118
2026-06-25 13:50:00+00:00,87.72100067138672,87.76789855957031,87.70999908447266,87.71499633789062,523172
2026-06-25 13:55:00+00:00,87.7300033569336,87.76499938964844,87.71499633789062,87.7249984741211,430866
2026-06-25 14:00:00+00:00,87.74500274658203,87.79000091552734,87.72000122070312,87.7300033569336,209699
2026-06-25 14:05:00+00:00,87.75499725341797,87.76000213623047,87.71499633789062,87.74620056152344,175805
2026-06-25 14:10:00+00:00,87.69010162353516,87.79000091552734,87.68000030517578,87.76000213623047,728919
2026-06-25 14:15:00+00:00,87.70999908447266,87.73999786376953,87.69499969482422,87.69999694824219,202501
2026-06-25 14:20:00+00:00,87.70500183105469,87.70999908447266,87.67500305175781,87.70500183105469,131486
2026-06-25 14:25:00+00:00,87.68000030517578,87.70860290527344,87.66999816894531,87.70860290527344,156245
2026-06-25 14:30:00+00:00,87.69499969482422,87.69619750976562,87.65499877929688,87.68190002441406,182646
2026-06-25 14:35:00+00:00,87.70989990234375,87.71499633789062,87.68499755859375,87.69010162353516,208447
2026-06-25 14:40:00+00:00,87.72000122070312,87.72989654541016,87.70500183105469,87.70999908447266,105024
2026-06-25 14:45:00+00:00,87.68499755859375,87.71499633789062,87.68000030517578,87.71499633789062,125189
2026-06-25 14:50:00+00:00,87.67500305175781,87.70989990234375,87.67009735107422,87.68499755859375,156729
2026-06-25 14:55:00+00:00,87.60990142822266,87.67500305175781,87.5999984741211,87.67310333251953,165765
2026-06-25 15:00:00+00:00,87.58000183105469,87.6011962890625,87.56500244140625,87.60099792480469,287894
2026-06-25 15:05:00+00:00,87.5,87.58499908447266,87.4749984741211,87.57499694824219,319855
2026-06-25 15:10:00+00:00,87.5,87.54000091552734,87.5,87.50499725341797,236131
2026-06-25 15:15:00+00:00,87.46499633789062,87.49500274658203,87.45500183105469,87.48999786376953,241230
2026-06-25 15:20:00+00:00,87.4749984741211,87.4800033569336,87.44999694824219,87.46499633789062,163209
2026-06-25 15:25:00+00:00,87.45999908447266,87.48500061035156,87.44999694824219,87.4749984741211,2143732
2026-06-25 15:30:00+00:00,87.49500274658203,87.50499725341797,87.45500183105469,87.45999908447266,1164202
2026-06-25 15:35:00+00:00,87.47309875488281,87.5,87.46499633789062,87.49500274658203,158401
2026-06-25 15:40:00+00:00,87.45880126953125,87.4749984741211,87.43000030517578,87.47000122070312,221168
2026-06-25 15:45:00+00:00,87.49009704589844,87.49759674072266,87.45500183105469,87.45500183105469,147135
2026-06-25 15:50:00+00:00,87.48999786376953,87.5199966430664,87.4800033569336,87.49500274658203,198175
2026-06-25 15:55:00+00:00,87.48500061035156,87.5,87.48169708251953,87.4999008178711,111026
2026-06-25 16:00:00+00:00,87.47010040283203,87.48699951171875,87.47000122070312,87.48500061035156,45229
2026-06-25 16:05:00+00:00,87.43499755859375,87.4749984741211,87.43499755859375,87.4749984741211,206769
2026-06-25 16:10:00+00:00,87.43000030517578,87.45989990234375,87.41000366210938,87.44000244140625,325399
2026-06-25 16:15:00+00:00,87.48500061035156,87.52999877929688,87.44499969482422,87.44999694824219,523679
2026-06-25 16:20:00+00:00,87.5,87.50499725341797,87.46499633789062,87.48500061035156,226902
2026-06-25 16:25:00+00:00,87.4800033569336,87.5,87.4749984741211,87.49500274658203,87408
2026-06-25 16:30:00+00:00,87.48500061035156,87.49690246582031,87.46009826660156,87.48500061035156,449403
2026-06-25 16:35:00+00:00,87.4800033569336,87.5,87.4800033569336,87.4801025390625,57399
2026-06-25 16:40:00+00:00,87.45500183105469,87.48500061035156,87.44999694824219,87.48500061035156,162868
2026-06-25 16:45:00+00:00,87.45500183105469,87.45980072021484,87.41500091552734,87.45500183105469,708385
2026-06-25 16:50:00+00:00,87.43499755859375,87.45500183105469,87.42009735107422,87.45500183105469,54855
2026-06-25 16:55:00+00:00,87.43000030517578,87.43990325927734,87.41999816894531,87.43890380859375,55574
2026-06-25 17:00:00+00:00,87.4811019897461,87.48500061035156,87.42500305175781,87.42500305175781,131321
2026-06-25 17:05:00+00:00,87.46499633789062,87.48999786376953,87.45999908447266,87.4800033569336,281272
2026-06-25 17:10:00+00:00,87.50479888916016,87.5281982421875,87.46499633789062,87.47000122070312,414504
2026-06-25 17:15:00+00:00,87.4749984741211,87.51000213623047,87.47000122070312,87.51000213623047,609835
2026-06-25 17:20:00+00:00,87.46499633789062,87.5,87.45999908447266,87.4800033569336,69563
2026-06-25 17:25:00+00:00,87.46499633789062,87.46499633789062,87.44999694824219,87.45999908447266,45398
2026-06-25 17:30:00+00:00,87.45690155029297,87.47000122070312,87.45359802246094,87.46499633789062,64728
2026-06-25 17:35:00+00:00,87.45500183105469,87.46499633789062,87.44999694824219,87.45999908447266,112788
2026-06-25 17:40:00+00:00,87.48500061035156,87.48500061035156,87.45210266113281,87.45870208740234,55775
2026-06-25 17:45:00+00:00,87.48500061035156,87.48999786376953,87.4541015625,87.4800033569336,62575
2026-06-25 17:50:00+00:00,87.49500274658203,87.4999008178711,87.47419738769531,87.48500061035156,1050628
2026-06-25 17:55:00+00:00,87.45999908447266,87.5,87.45999908447266,87.49500274658203,1292226
2026-06-25 18:00:00+00:00,87.34049987792969,87.45500183105469,87.33000183105469,87.45500183105469,716325
2026-06-25 18:05:00+00:00,87.36609649658203,87.37000274658203,87.33000183105469,87.34500122070312,726751
2026-06-25 18:10:00+00:00,87.38500213623047,87.40989685058594,87.36499786376953,87.36499786376953,54044
2026-06-25 18:15:00+00:00,87.38500213623047,87.41000366210938,87.375,87.38500213623047,94836
2026-06-25 18:20:00+00:00,87.38500213623047,87.3949966430664,87.37000274658203,87.38999938964844,191601
2026-06-25 18:25:00+00:00,87.4000015258789,87.40499877929688,87.375,87.38500213623047,46817
2026-06-25 18:30:00+00:00,87.37999725341797,87.4000015258789,87.36499786376953,87.4000015258789,82956
2026-06-25 18:35:00+00:00,87.37999725341797,87.4000015258789,87.3499984741211,87.375,175980
2026-06-25 18:40:00+00:00,87.32499694824219,87.375,87.32499694824219,87.375,141500
2026-06-25 18:45:00+00:00,87.32009887695312,87.34500122070312,87.32009887695312,87.32499694824219,219351
2026-06-25 18:50:00+00:00,87.3406982421875,87.36000061035156,87.33000183105469,87.33000183105469,209235
2026-06-25 18:55:00+00:00,87.375,87.38999938964844,87.34500122070312,87.34500122070312,296520
2026-06-25 19:00:00+00:00,87.36499786376953,87.37640380859375,87.33000183105469,87.37419891357422,386445
2026-06-25 19:05:00+00:00,87.3499984741211,87.36509704589844,87.3499984741211,87.36499786376953,376195
2026-06-25 19:10:00+00:00,87.3467025756836,87.36000061035156,87.33000183105469,87.3499984741211,48480
2026-06-25 19:15:00+00:00,87.32499694824219,87.3469009399414,87.30010223388672,87.34500122070312,171753
2026-06-25 19:20:00+00:00,87.34500122070312,87.3499984741211,87.31999969482422,87.32499694824219,74717
2026-06-25 19:25:00+00:00,87.3499984741211,87.36000061035156,87.33000183105469,87.33999633789062,166487
2026-06-25 19:30:00+00:00,87.37999725341797,87.37999725341797,87.34359741210938,87.3499984741211,124124
2026-06-25 19:35:00+00:00,87.375,87.37999725341797,87.36000061035156,87.375,207567
2026-06-25 19:40:00+00:00,87.31500244140625,87.38999938964844,87.30999755859375,87.375,246832
2026-06-25 19:45:00+00:00,87.31500244140625,87.31999969482422,87.30000305175781,87.31999969482422,148879
2026-06-25 19:50:00+00:00,87.29499816894531,87.33000183105469,87.29000091552734,87.31999969482422,617415
2026-06-25 19:55:00+00:00,87.33000183105469,87.33499908447266,87.29000091552734,87.29499816894531,1368978
2026-06-26 13:30:00+00:00,87.04000091552734,87.04499816894531,87.0000991821289,87.0199966430664,883446
2026-06-26 13:35:00+00:00,87.05000305175781,87.07499694824219,87.02230072021484,87.03500366210938,583068
2026-06-26 13:40:00+00:00,87.05999755859375,87.08779907226562,87.05000305175781,87.05000305175781,317711
2026-06-26 13:45:00+00:00,87.125,87.125,87.04000091552734,87.05000305175781,489744
2026-06-26 13:50:00+00:00,87.13999938964844,87.19000244140625,87.12069702148438,87.12069702148438,517561
2026-06-26 13:55:00+00:00,87.16000366210938,87.16829681396484,87.13500213623047,87.1449966430664,431452
2026-06-26 14:00:00+00:00,87.20899963378906,87.20899963378906,87.16000366210938,87.16000366210938,223089
2026-06-26 14:05:00+00:00,87.18099975585938,87.23159790039062,87.18009948730469,87.20500183105469,322510
2026-06-26 14:10:00+00:00,87.16000366210938,87.19000244140625,87.1500015258789,87.18499755859375,105891
2026-06-26 14:15:00+00:00,87.16999816894531,87.18000030517578,87.13999938964844,87.1500015258789,115679
2026-06-26 14:20:00+00:00,87.18000030517578,87.18000030517578,87.16000366210938,87.17500305175781,75460
2026-06-26 14:25:00+00:00,87.18000030517578,87.19999694824219,87.16999816894531,87.1729965209961,104458
2026-06-26 14:30:00+00:00,87.18000030517578,87.19999694824219,87.18000030517578,87.18000030517578,204520
2026-06-26 14:35:00+00:00,87.19999694824219,87.20989990234375,87.17500305175781,87.19000244140625,111786
2026-06-26 14:40:00+00:00,87.23999786376953,87.23999786376953,87.18000030517578,87.19999694824219,150741
2026-06-26 14:45:00+00:00,87.31999969482422,87.33000183105469,87.2249984741211,87.2301025390625,356914
2026-06-26 14:50:00+00:00,87.25,87.31500244140625,87.24009704589844,87.31500244140625,209712
2026-06-26 14:55:00+00:00,87.26499938964844,87.27999877929688,87.23500061035156,87.25,156717
2026-06-26 15:00:00+00:00,87.29499816894531,87.31999969482422,87.26499938964844,87.26499938964844,82940
2026-06-26 15:05:00+00:00,87.32499694824219,87.33080291748047,87.28009796142578,87.29499816894531,77357
2026-06-26 15:10:00+00:00,87.31500244140625,87.33000183105469,87.30000305175781,87.32499694824219,201874
2026-06-26 15:15:00+00:00,87.30999755859375,87.33999633789062,87.30079650878906,87.31500244140625,56264
2026-06-26 15:20:00+00:00,87.32170104980469,87.33000183105469,87.30000305175781,87.30979919433594,57108
2026-06-26 15:25:00+00:00,87.33499908447266,87.33999633789062,87.30000305175781,87.32499694824219,87465
2026-06-26 15:30:00+00:00,87.3499984741211,87.36000061035156,87.32499694824219,87.33000183105469,253335
2026-06-26 15:35:00+00:00,87.36990356445312,87.37000274658203,87.34010314941406,87.34500122070312,79600
2026-06-26 15:40:00+00:00,87.32499694824219,87.36499786376953,87.32499694824219,87.36499786376953,210712
2026-06-26 15:45:00+00:00,87.31500244140625,87.33999633789062,87.31099700927734,87.32499694824219,211465
2026-06-26 15:50:00+00:00,87.25499725341797,87.31999969482422,87.19000244140625,87.31500244140625,1273015
2026-06-26 15:55:00+00:00,87.28500366210938,87.29000091552734,87.24430084228516,87.25499725341797,99979
2026-06-26 16:00:00+00:00,87.29000091552734,87.30000305175781,87.2750015258789,87.29000091552734,220622
2026-06-26 16:05:00+00:00,87.24500274658203,87.29499816894531,87.24500274658203,87.29499816894531,97677
2026-06-26 16:10:00+00:00,87.28500366210938,87.28510284423828,87.23999786376953,87.24500274658203,68540
2026-06-26 16:15:00+00:00,87.26499938964844,87.28630065917969,87.25499725341797,87.28630065917969,149821
2026-06-26 16:20:00+00:00,87.21499633789062,87.2699966430664,87.19999694824219,87.26499938964844,335484
2026-06-26 16:25:00+00:00,87.23979949951172,87.23999786376953,87.20500183105469,87.20999908447266,104559
2026-06-26 16:30:00+00:00,87.30999755859375,87.31990051269531,87.23639678955078,87.23999786376953,273924
2026-06-26 16:35:00+00:00,87.31500244140625,87.32499694824219,87.29000091552734,87.30999755859375,180567
2026-06-26 16:40:00+00:00,87.30500030517578,87.31990051269531,87.29499816894531,87.31500244140625,118072
2026-06-26 16:45:00+00:00,87.29499816894531,87.30999755859375,87.29000091552734,87.30000305175781,142780
2026-06-26 16:50:00+00:00,87.28500366210938,87.30999755859375,87.2750015258789,87.29000091552734,202135
2026-06-26 16:55:00+00:00,87.30999755859375,87.30999755859375,87.27999877929688,87.28500366210938,43398
2026-06-26 17:00:00+00:00,87.31099700927734,87.33000183105469,87.30500030517578,87.30500030517578,41060
2026-06-26 17:05:00+00:00,87.31099700927734,87.32499694824219,87.30500030517578,87.31500244140625,36498
2026-06-26 17:10:00+00:00,87.28980255126953,87.31500244140625,87.26000213623047,87.31430053710938,126989
2026-06-26 17:15:00+00:00,87.30000305175781,87.30999755859375,87.2750015258789,87.28990173339844,74282
2026-06-26 17:20:00+00:00,87.29989624023438,87.30000305175781,87.27999877929688,87.29499816894531,26898
2026-06-26 17:25:00+00:00,87.27999877929688,87.30500030517578,87.27999877929688,87.29000091552734,83450
2026-06-26 17:30:00+00:00,87.27410125732422,87.28510284423828,87.2699966430664,87.28500366210938,177513
2026-06-26 17:35:00+00:00,87.28500366210938,87.2876968383789,87.27269744873047,87.2750015258789,158704
2026-06-26 17:40:00+00:00,87.30500030517578,87.30999755859375,87.28500366210938,87.28500366210938,78878
2026-06-26 17:45:00+00:00,87.30500030517578,87.30999755859375,87.30000305175781,87.3031005859375,55402
2026-06-26 17:50:00+00:00,87.30000305175781,87.31999969482422,87.2947006225586,87.30010223388672,108876
2026-06-26 17:55:00+00:00,87.30999755859375,87.30999755859375,87.29000091552734,87.29499816894531,130974
2026-06-26 18:00:00+00:00,87.32499694824219,87.32499694824219,87.28500366210938,87.30500030517578,63953
2026-06-26 18:05:00+00:00,87.30999755859375,87.33000183105469,87.30999755859375,87.32499694824219,69379
2026-06-26 18:10:00+00:00,87.30500030517578,87.31500244140625,87.30000305175781,87.31500244140625,55494
2026-06-26 18:15:00+00:00,87.31999969482422,87.31999969482422,87.3010025024414,87.30500030517578,56566
2026-06-26 18:20:00+00:00,87.31749725341797,87.31999969482422,87.30000305175781,87.30999755859375,107987
2026-06-26 18:25:00+00:00,87.29499816894531,87.30999755859375,87.29000091552734,87.30999755859375,45378
2026-06-26 18:30:00+00:00,87.32499694824219,87.32499694824219,87.29499816894531,87.29499816894531,82574
2026-06-26 18:35:00+00:00,87.32009887695312,87.33000183105469,87.31500244140625,87.32499694824219,40241
2026-06-26 18:40:00+00:00,87.32499694824219,87.33000183105469,87.31500244140625,87.31999969482422,105183
2026-06-26 18:45:00+00:00,87.29989624023438,87.31999969482422,87.29000091552734,87.31999969482422,60270
2026-06-26 18:50:00+00:00,87.28500366210938,87.30000305175781,87.27999877929688,87.30000305175781,64394
2026-06-26 18:55:00+00:00,87.30999755859375,87.33000183105469,87.28500366210938,87.28500366210938,202726
2026-06-26 19:00:00+00:00,87.31500244140625,87.31500244140625,87.29499816894531,87.30500030517578,49782
2026-06-26 19:05:00+00:00,87.31999969482422,87.32849884033203,87.29499816894531,87.31500244140625,63433
2026-06-26 19:10:00+00:00,87.32499694824219,87.32990264892578,87.30999755859375,87.32009887695312,83476
2026-06-26 19:15:00+00:00,87.30000305175781,87.32990264892578,87.30000305175781,87.31999969482422,63697
2026-06-26 19:20:00+00:00,87.30500030517578,87.30999755859375,87.29010009765625,87.30000305175781,143487
2026-06-26 19:25:00+00:00,87.30500030517578,87.30999755859375,87.30000305175781,87.30999755859375,75208
2026-06-26 19:30:00+00:00,87.30500030517578,87.33000183105469,87.30000305175781,87.30500030517578,172609
2026-06-26 19:35:00+00:00,87.28500366210938,87.30999755859375,87.2750015258789,87.30500030517578,375378
2026-06-26 19:40:00+00:00,87.29499816894531,87.30000305175781,87.2750015258789,87.28500366210938,101867
2026-06-26 19:45:00+00:00,87.30500030517578,87.31500244140625,87.29010009765625,87.30000305175781,160490
2026-06-26 19:50:00+00:00,87.33499908447266,87.33999633789062,87.30500030517578,87.30500030517578,421399
2026-06-26 19:55:00+00:00,87.33000183105469,87.33999633789062,87.30999755859375,87.33499908447266,2472903
2026-06-29 13:30:00+00:00,87.3949966430664,87.4000015258789,87.3499984741211,87.3550033569336,577564
2026-06-29 13:35:00+00:00,87.39009857177734,87.42500305175781,87.38999938964844,87.4000015258789,124503
2026-06-29 13:40:00+00:00,87.44499969482422,87.46499633789062,87.38999938964844,87.39640045166016,203192
2026-06-29 13:45:00+00:00,87.38500213623047,87.45999908447266,87.36009979248047,87.44930267333984,246086
2026-06-29 13:50:00+00:00,87.44999694824219,87.45989990234375,87.38099670410156,87.38099670410156,312415
2026-06-29 13:55:00+00:00,87.43000030517578,87.48049926757812,87.43000030517578,87.44999694824219,230268
2026-06-29 14:00:00+00:00,87.44999694824219,87.5,87.44000244140625,87.44000244140625,289813
2026-06-29 14:05:00+00:00,87.42990112304688,87.46499633789062,87.42500305175781,87.45500183105469,136045
2026-06-29 14:10:00+00:00,87.36000061035156,87.45999908447266,87.3550033569336,87.43000030517578,326431
2026-06-29 14:15:00+00:00,87.43990325927734,87.45999908447266,87.33999633789062,87.33999633789062,773440
2026-06-29 14:20:00+00:00,87.43009948730469,87.46829986572266,87.40499877929688,87.43499755859375,168121
2026-06-29 14:25:00+00:00,87.43000030517578,87.49310302734375,87.42500305175781,87.43070220947266,175391
2026-06-29 14:30:00+00:00,87.43000030517578,87.44730377197266,87.40499877929688,87.42500305175781,84242
2026-06-29 14:35:00+00:00,87.43499755859375,87.44989776611328,87.41999816894531,87.4301986694336,100184
2026-06-29 14:40:00+00:00,87.41000366210938,87.43499755859375,87.38999938964844,87.43499755859375,173748
2026-06-29 14:45:00+00:00,87.41000366210938,87.43000030517578,87.3949966430664,87.40010070800781,56076
2026-06-29 14:50:00+00:00,87.39199829101562,87.42500305175781,87.36000061035156,87.41999816894531,199843
2026-06-29 14:55:00+00:00,87.375,87.38999938964844,87.36000061035156,87.38500213623047,89671
2026-06-29 15:00:00+00:00,87.38500213623047,87.4000015258789,87.36499786376953,87.36499786376953,32488
2026-06-29 15:05:00+00:00,87.3949966430664,87.4000015258789,87.38500213623047,87.38500213623047,111842
2026-06-29 15:10:00+00:00,87.41500091552734,87.43499755859375,87.4000015258789,87.4000015258789,128390
2026-06-29 15:15:00+00:00,87.41000366210938,87.43990325927734,87.40499877929688,87.4198989868164,125728
2026-06-29 15:20:00+00:00,87.375,87.41000366210938,87.3499984741211,87.40499877929688,173686
2026-06-29 15:25:00+00:00,87.3949966430664,87.4000015258789,87.37100219726562,87.37999725341797,165775
2026-06-29 15:30:00+00:00,87.3550033569336,87.41000366210938,87.3550033569336,87.3949966430664,181033
2026-06-29 15:35:00+00:00,87.36499786376953,87.38500213623047,87.3550033569336,87.36000061035156,135844
2026-06-29 15:40:00+00:00,87.37010192871094,87.37999725341797,87.36499786376953,87.375,106818
2026-06-29 15:45:00+00:00,87.40989685058594,87.41000366210938,87.375,87.375,138878
2026-06-29 15:50:00+00:00,87.43990325927734,87.45500183105469,87.40499877929688,87.40499877929688,182222
2026-06-29 15:55:00+00:00,87.47000122070312,87.47750091552734,87.41000366210938,87.43009948730469,176531
2026-06-29 16:00:00+00:00,87.41500091552734,87.47830200195312,87.41010284423828,87.47000122070312,115126
2026-06-29 16:05:00+00:00,87.42500305175781,87.44000244140625,87.41500091552734,87.4188003540039,51298
2026-06-29 16:10:00+00:00,87.38500213623047,87.43990325927734,87.37999725341797,87.42990112304688,37526
2026-06-29 16:15:00+00:00,87.37879943847656,87.41000366210938,87.37879943847656,87.38500213623047,68599
2026-06-29 16:20:00+00:00,87.34500122070312,87.37999725341797,87.341796875,87.375,31490
2026-06-29 16:25:00+00:00,87.33999633789062,87.36000061035156,87.33999633789062,87.34500122070312,312458
2026-06-29 16:30:00+00:00,87.33999633789062,87.36000061035156,87.33499908447266,87.34500122070312,298485
2026-06-29 16:35:00+00:00,87.36000061035156,87.37000274658203,87.33509826660156,87.33509826660156,108063
2026-06-29 16:40:00+00:00,87.36499786376953,87.36499786376953,87.33000183105469,87.3499984741211,29970
2026-06-29 16:45:00+00:00,87.36990356445312,87.375,87.3499984741211,87.36000061035156,44081
2026-06-29 16:50:00+00:00,87.36499786376953,87.38999938964844,87.36000061035156,87.36499786376953,120926
2026-06-29 16:55:00+00:00,87.3550033569336,87.37000274658203,87.3499984741211,87.36000061035156,38495
2026-06-29 17:00:00+00:00,87.39990234375,87.4000015258789,87.3550033569336,87.36000061035156,179662
2026-06-29 17:05:00+00:00,87.3949966430664,87.41000366210938,87.39399719238281,87.3949966430664,55550
2026-06-29 17:10:00+00:00,87.40499877929688,87.41000366210938,87.4000015258789,87.4000015258789,34496
2026-06-29 17:15:00+00:00,87.4166030883789,87.42510223388672,87.40499877929688,87.41000366210938,80625
2026-06-29 17:20:00+00:00,87.4000015258789,87.41999816894531,87.3949966430664,87.41500091552734,61032
2026-06-29 17:25:00+00:00,87.375,87.40499877929688,87.375,87.40499877929688,72211
2026-06-29 17:30:00+00:00,87.44499969482422,87.44499969482422,87.37999725341797,87.37999725341797,264793
2026-06-29 17:35:00+00:00,87.46990203857422,87.47820281982422,87.44100189208984,87.44499969482422,163479
2026-06-29 17:40:00+00:00,87.4749984741211,87.48999786376953,87.46499633789062,87.46499633789062,67695
2026-06-29 17:45:00+00:00,87.46499633789062,87.4800033569336,87.45999908447266,87.4749984741211,31353
2026-06-29 17:50:00+00:00,87.42500305175781,87.47000122070312,87.42500305175781,87.46499633789062,29628
2026-06-29 17:55:00+00:00,87.41179656982422,87.4551010131836,87.41100311279297,87.42500305175781,116433
2026-06-29 18:00:00+00:00,87.40989685058594,87.41999816894531,87.3949966430664,87.41000366210938,469289
2026-06-29 18:05:00+00:00,87.39990234375,87.41999816894531,87.38999938964844,87.41000366210938,103780
2026-06-29 18:10:00+00:00,87.40499877929688,87.41000366210938,87.38999938964844,87.39510345458984,15975
2026-06-29 18:15:00+00:00,87.4000015258789,87.41000366210938,87.39009857177734,87.40499877929688,38544
2026-06-29 18:20:00+00:00,87.36499786376953,87.4000015258789,87.35179901123047,87.39209747314453,68193
2026-06-29 18:25:00+00:00,87.33000183105469,87.37000274658203,87.30000305175781,87.36499786376953,106363
2026-06-29 18:30:00+00:00,87.3550033569336,87.37999725341797,87.33000183105469,87.33499908447266,159994
2026-06-29 18:35:00+00:00,87.3499984741211,87.36000061035156,87.3301010131836,87.35369873046875,72480
2026-06-29 18:40:00+00:00,87.33989715576172,87.3499984741211,87.33000183105469,87.3499984741211,27532
2026-06-29 18:45:00+00:00,87.3301010131836,87.33999633789062,87.32099914550781,87.33989715576172,55915
2026-06-29 18:50:00+00:00,87.3499984741211,87.36000061035156,87.33999633789062,87.33999633789062,101378
2026-06-29 18:55:00+00:00,87.37000274658203,87.37999725341797,87.3499984741211,87.3550033569336,232235
2026-06-29 19:00:00+00:00,87.38999938964844,87.40499877929688,87.37999725341797,87.37999725341797,70727
2026-06-29 19:05:00+00:00,87.375,87.3949966430664,87.375,87.3949966430664,63051
2026-06-29 19:10:00+00:00,87.37000274658203,87.37999725341797,87.36499786376953,87.37210083007812,41822
2026-06-29 19:15:00+00:00,87.38970184326172,87.4000015258789,87.375,87.375,46027
2026-06-29 19:20:00+00:00,87.38500213623047,87.4000015258789,87.37999725341797,87.4000015258789,127056
2026-06-29 19:25:00+00:00,87.41500091552734,87.41799926757812,87.38009643554688,87.38500213623047,70515
2026-06-29 19:30:00+00:00,87.43499755859375,87.44499969482422,87.41500091552734,87.41500091552734,189530
2026-06-29 19:35:00+00:00,87.4749984741211,87.4749984741211,87.43000030517578,87.44000244140625,251196
2026-06-29 19:40:00+00:00,87.50499725341797,87.50499725341797,87.47000122070312,87.4749984741211,387915
2026-06-29 19:45:00+00:00,87.48500061035156,87.51000213623047,87.47000122070312,87.50900268554688,850582
2026-06-29 19:50:00+00:00,87.48999786376953,87.49500274658203,87.4749984741211,87.48999786376953,644946
2026-06-29 19:55:00+00:00,87.43499755859375,87.54000091552734,87.42500305175781,87.48999786376953,1879954
2026-06-30 13:30:00+00:00,87.12999725341797,87.17500305175781,87.12999725341797,87.1500015258789,674679
2026-06-30 13:35:00+00:00,87.11000061035156,87.1500015258789,87.0999984741211,87.125,252752
2026-06-30 13:40:00+00:00,87.0999984741211,87.12000274658203,87.0813980102539,87.11640167236328,187697
2026-06-30 13:45:00+00:00,87.05999755859375,87.10549926757812,87.05000305175781,87.0999984741211,178218
2026-06-30 13:50:00+00:00,87.08000183105469,87.0999984741211,87.06500244140625,87.06500244140625,260115
2026-06-30 13:55:00+00:00,87.06999969482422,87.12809753417969,87.05999755859375,87.08000183105469,368255
2026-06-30 14:00:00+00:00,86.9800033569336,87.06999969482422,86.9749984741211,87.06999969482422,564831
2026-06-30 14:05:00+00:00,87.01000213623047,87.04000091552734,86.96499633789062,86.9800033569336,252282
2026-06-30 14:10:00+00:00,87.05999755859375,87.08000183105469,86.99500274658203,87.01000213623047,238637
2026-06-30 14:15:00+00:00,87.07499694824219,87.0999984741211,87.05999755859375,87.05999755859375,289799
2026-06-30 14:20:00+00:00,87.06999969482422,87.08989715576172,87.05500030517578,87.07499694824219,203230
2026-06-30 14:25:00+00:00,87.06500244140625,87.08999633789062,87.05010223388672,87.05999755859375,191346
2026-06-30 14:30:00+00:00,87.05999755859375,87.07990264892578,87.04209899902344,87.05999755859375,139992
2026-06-30 14:35:00+00:00,87.05500030517578,87.06999969482422,87.03500366210938,87.05999755859375,193236
2026-06-30 14:40:00+00:00,87.06500244140625,87.08000183105469,87.05000305175781,87.05500030517578,86890
2026-06-30 14:45:00+00:00,87.11499786376953,87.12000274658203,87.05999755859375,87.06999969482422,257599
2026-06-30 14:50:00+00:00,87.1187973022461,87.125,87.09500122070312,87.12000274658203,436096
2026-06-30 14:55:00+00:00,87.06500244140625,87.125,87.05500030517578,87.11499786376953,293417
2026-06-30 15:00:00+00:00,87.03500366210938,87.06939697265625,87.02999877929688,87.06500244140625,277708
2026-06-30 15:05:00+00:00,87.0468978881836,87.05999755859375,87.0199966430664,87.0385971069336,137111
2026-06-30 15:10:00+00:00,86.9800033569336,87.07499694824219,86.9749984741211,87.04499816894531,259359
2026-06-30 15:15:00+00:00,86.98989868164062,87.0,86.94499969482422,86.98999786376953,245718
2026-06-30 15:20:00+00:00,87.01020050048828,87.01599884033203,86.98500061035156,86.98500061035156,587213
2026-06-30 15:25:00+00:00,87.0250015258789,87.0250015258789,87.0,87.01499938964844,181719
2026-06-30 15:30:00+00:00,87.01000213623047,87.03500366210938,86.98999786376953,87.02580261230469,255101
2026-06-30 15:35:00+00:00,87.0291976928711,87.04000091552734,87.00499725341797,87.01000213623047,109606
2026-06-30 15:40:00+00:00,87.04499816894531,87.04820251464844,87.00499725341797,87.02999877929688,174820
2026-06-30 15:45:00+00:00,87.06500244140625,87.06999969482422,87.0479965209961,87.05000305175781,94594
2026-06-30 15:50:00+00:00,87.05500030517578,87.06999969482422,87.05000305175781,87.05000305175781,227950
2026-06-30 15:55:00+00:00,87.05000305175781,87.06500244140625,87.04000091552734,87.05999755859375,217286
2026-06-30 16:00:00+00:00,87.00509643554688,87.05500030517578,87.00499725341797,87.05000305175781,227901
2026-06-30 16:05:00+00:00,86.96499633789062,87.0198974609375,86.96499633789062,87.01000213623047,139192
2026-06-30 16:10:00+00:00,86.95999908447266,86.97989654541016,86.93000030517578,86.97000122070312,322999
2026-06-30 16:15:00+00:00,86.99500274658203,87.01399993896484,86.96260070800781,86.96959686279297,195504
2026-06-30 16:20:00+00:00,86.94999694824219,87.0,86.94999694824219,87.0,92855
2026-06-30 16:25:00+00:00,86.96499633789062,86.96499633789062,86.94000244140625,86.95760345458984,134196
2026-06-30 16:30:00+00:00,86.98999786376953,86.99500274658203,86.95999908447266,86.96499633789062,80524
2026-06-30 16:35:00+00:00,86.9801025390625,86.99500274658203,86.9739990234375,86.99500274658203,48474
2026-06-30 16:40:00+00:00,86.9800033569336,87.00499725341797,86.97920227050781,86.98500061035156,92039
2026-06-30 16:45:00+00:00,86.9749984741211,86.98999786376953,86.9749984741211,86.9800033569336,52662
2026-06-30 16:50:00+00:00,86.9572982788086,86.9800033569336,86.94999694824219,86.97930145263672,72365
2026-06-30 16:55:00+00:00,86.93000030517578,86.95500183105469,86.91500091552734,86.9520034790039,730318
2026-06-30 17:00:00+00:00,86.93000030517578,86.93990325927734,86.91999816894531,86.92500305175781,64775
2026-06-30 17:05:00+00:00,86.88999938964844,86.92500305175781,86.88500213623047,86.91999816894531,59789
2026-06-30 17:10:00+00:00,86.87999725341797,86.91000366210938,86.875,86.88929748535156,255620
2026-06-30 17:15:00+00:00,86.87100219726562,86.87999725341797,86.86499786376953,86.87999725341797,199099
2026-06-30 17:20:00+00:00,86.86000061035156,86.87989807128906,86.85099792480469,86.87930297851562,136588
2026-06-30 17:25:00+00:00,86.87200164794922,86.87989807128906,86.86000061035156,86.87000274658203,87299
2026-06-30 17:30:00+00:00,86.87909698486328,86.9375991821289,86.87000274658203,86.875,635437
2026-06-30 17:35:00+00:00,86.9000015258789,86.90499877929688,86.86499786376953,86.875,91563
2026-06-30 17:40:00+00:00,86.8949966430664,86.90499877929688,86.88999938964844,86.9000015258789,117333
2026-06-30 17:45:00+00:00,86.86499786376953,86.88999938964844,86.86499786376953,86.88999938964844,135839
2026-06-30 17:50:00+00:00,86.87580108642578,86.88500213623047,86.86499786376953,86.86499786376953,163657
2026-06-30 17:55:00+00:00,86.86990356445312,86.87989807128906,86.86499786376953,86.875,40036
2026-06-30 18:00:00+00:00,86.875,86.87999725341797,86.86000061035156,86.86000061035156,94024
2026-06-30 18:05:00+00:00,86.86000061035156,86.875,86.8499984741211,86.87000274658203,109697
2026-06-30 18:10:00+00:00,86.84500122070312,86.85990142822266,86.83000183105469,86.8499984741211,645072
2026-06-30 18:15:00+00:00,86.85009765625,86.85990142822266,86.83000183105469,86.83999633789062,38650
2026-06-30 18:20:00+00:00,86.8550033569336,86.85990142822266,86.83999633789062,86.85579681396484,115195
2026-06-30 18:25:00+00:00,86.81009674072266,86.84500122070312,86.80999755859375,86.84500122070312,198889
2026-06-30 18:30:00+00:00,86.79499816894531,86.81340026855469,86.7699966430664,86.81300354003906,275210
2026-06-30 18:35:00+00:00,86.76000213623047,86.80000305175781,86.75499725341797,86.79499816894531,358369
2026-06-30 18:40:00+00:00,86.75509643554688,86.77999877929688,86.74420166015625,86.76499938964844,261194
2026-06-30 18:45:00+00:00,86.78009796142578,86.78500366210938,86.75,86.75879669189453,295838
2026-06-30 18:50:00+00:00,86.75499725341797,86.78500366210938,86.75499725341797,86.77999877929688,78444
2026-06-30 18:55:00+00:00,86.79000091552734,86.83000183105469,86.75499725341797,86.75499725341797,526938
2026-06-30 19:00:00+00:00,86.78500366210938,86.84500122070312,86.7699966430664,86.79000091552734,867783
2026-06-30 19:05:00+00:00,86.73500061035156,86.79000091552734,86.73249816894531,86.77999877929688,333984
2026-06-30 19:10:00+00:00,86.69999694824219,86.73500061035156,86.68499755859375,86.73500061035156,352596
2026-06-30 19:15:00+00:00,86.65499877929688,86.69999694824219,86.65399932861328,86.69499969482422,345178
2026-06-30 19:20:00+00:00,86.63500213623047,86.66999816894531,86.62999725341797,86.65499877929688,240085
2026-06-30 19:25:00+00:00,86.63999938964844,86.64669799804688,86.61180114746094,86.64669799804688,204567
2026-06-30 19:30:00+00:00,86.59500122070312,86.6449966430664,86.58499908447266,86.63999938964844,431923
2026-06-30 19:35:00+00:00,86.63500213623047,86.63999938964844,86.5927963256836,86.5999984741211,425051
2026-06-30 19:40:00+00:00,86.61849975585938,86.63500213623047,86.6050033569336,86.62999725341797,392897
2026-06-30 19:45:00+00:00,86.56500244140625,86.62999725341797,86.55999755859375,86.61499786376953,1404029
2026-06-30 19:50:00+00:00,86.51499938964844,86.56999969482422,86.49009704589844,86.56500244140625,1906535
2026-06-30 19:55:00+00:00,86.43000030517578,86.52999877929688,86.375,86.5199966430664,3824039
2026-07-01 13:30:00+00:00,85.47000122070312,85.5250015258789,85.43499755859375,85.4800033569336,2985654
2026-07-01 13:35:00+00:00,85.50499725341797,85.52999877929688,85.42500305175781,85.47000122070312,833994
2026-07-01 13:40:00+00:00,85.50749969482422,85.5199966430664,85.4800033569336,85.48999786376953,638523
2026-07-01 13:45:00+00:00,85.58999633789062,85.61000061035156,85.5020980834961,85.50499725341797,557521
2026-07-01 13:50:00+00:00,85.58999633789062,85.62999725341797,85.56929779052734,85.58989715576172,601578
2026-07-01 13:55:00+00:00,85.57499694824219,85.6050033569336,85.55500030517578,85.58999633789062,416907
2026-07-01 14:00:00+00:00,85.62000274658203,85.66000366210938,85.58000183105469,85.58000183105469,3141918
2026-07-01 14:05:00+00:00,85.68499755859375,85.72000122070312,85.62000274658203,85.625,203114
2026-07-01 14:10:00+00:00,85.76000213623047,85.78500366210938,85.67500305175781,85.68000030517578,407071
2026-07-01 14:15:00+00:00,85.75990295410156,85.79000091552734,85.7300033569336,85.75499725341797,329908
2026-07-01 14:20:00+00:00,85.7300033569336,85.79000091552734,85.72160339355469,85.76000213623047,256413
2026-07-01 14:25:00+00:00,85.69000244140625,85.73750305175781,85.68000030517578,85.73500061035156,270081
2026-07-01 14:30:00+00:00,85.74500274658203,85.74500274658203,85.69000244140625,85.69000244140625,176008
2026-07-01 14:35:00+00:00,85.70999908447266,85.74870300292969,85.68000030517578,85.74870300292969,173768
2026-07-01 14:40:00+00:00,85.68990325927734,85.7300033569336,85.68990325927734,85.71499633789062,131680
2026-07-01 14:45:00+00:00,85.69000244140625,85.69989776611328,85.66000366210938,85.69499969482422,236752
2026-07-01 14:50:00+00:00,85.69029998779297,85.72640228271484,85.67410278320312,85.69000244140625,494687
2026-07-01 14:55:00+00:00,85.69999694824219,85.70999908447266,85.68479919433594,85.69999694824219,66989
2026-07-01 15:00:00+00:00,85.70500183105469,85.73930358886719,85.69000244140625,85.70500183105469,204950
2026-07-01 15:05:00+00:00,85.67500305175781,85.72000122070312,85.66999816894531,85.70999908447266,116372
2026-07-01 15:10:00+00:00,85.66500091552734,85.66999816894531,85.62000274658203,85.66999816894531,219615
2026-07-01 15:15:00+00:00,85.66000366210938,85.66500091552734,85.63999938964844,85.66500091552734,172687
2026-07-01 15:20:00+00:00,85.66000366210938,85.69000244140625,85.63359832763672,85.65499877929688,334396
2026-07-01 15:25:00+00:00,85.66500091552734,85.69999694824219,85.66000366210938,85.66500091552734,194364
2026-07-01 15:30:00+00:00,85.69499969482422,85.7300033569336,85.66500091552734,85.66500091552734,234938
2026-07-01 15:35:00+00:00,85.67050170898438,85.71499633789062,85.6500015258789,85.69000244140625,92197
2026-07-01 15:40:00+00:00,85.69999694824219,85.69999694824219,85.63999938964844,85.66999816894531,98964
2026-07-01 15:45:00+00:00,85.70999908447266,85.71499633789062,85.6968994140625,85.6968994140625,57009
2026-07-01 15:50:00+00:00,85.73989868164062,85.73989868164062,85.70999908447266,85.71499633789062,99095
2026-07-01 15:55:00+00:00,85.71990203857422,85.73999786376953,85.70999908447266,85.73989868164062,208332
2026-07-01 16:00:00+00:00,85.73500061035156,85.73989868164062,85.69999694824219,85.72000122070312,98728
2026-07-01 16:05:00+00:00,85.7249984741211,85.73999786376953,85.72000122070312,85.73500061035156,158115
2026-07-01 16:10:00+00:00,85.7249984741211,85.73690032958984,85.71990203857422,85.7249984741211,76503
2026-07-01 16:15:00+00:00,85.71800231933594,85.7249984741211,85.69999694824219,85.7249984741211,120216
2026-07-01 16:20:00+00:00,85.71499633789062,85.7300033569336,85.70500183105469,85.71499633789062,178978
2026-07-01 16:25:00+00:00,85.73999786376953,85.75,85.7040023803711,85.70999908447266,152932
2026-07-01 16:30:00+00:00,85.74500274658203,85.7655029296875,85.73999786376953,85.75,100698
2026-07-01 16:35:00+00:00,85.69499969482422,85.7490005493164,85.69499969482422,85.74019622802734,91565
2026-07-01 16:40:00+00:00,85.69000244140625,85.69999694824219,85.6729965209961,85.69400024414062,99166
2026-07-01 16:45:00+00:00,85.70500183105469,85.72000122070312,85.69000244140625,85.69499969482422,155391
2026-07-01 16:50:00+00:00,85.68499755859375,85.69999694824219,85.68000030517578,85.69999694824219,87595
2026-07-01 16:55:00+00:00,85.6449966430664,85.69000244140625,85.63999938964844,85.68689727783203,137013
2026-07-01 17:00:00+00:00,85.66500091552734,85.67990112304688,85.63960266113281,85.6449966430664,126970
2026-07-01 17:05:00+00:00,85.66999816894531,85.67500305175781,85.66000366210938,85.66500091552734,477041
2026-07-01 17:10:00+00:00,85.69999694824219,85.70500183105469,85.66999816894531,85.66999816894531,99335
2026-07-01 17:15:00+00:00,85.69000244140625,85.69999694824219,85.68000030517578,85.69499969482422,60197
2026-07-01 17:20:00+00:00,85.66500091552734,85.68499755859375,85.66000366210938,85.68009948730469,179660
2026-07-01 17:25:00+00:00,85.66500091552734,85.66999816894531,85.6500015258789,85.66000366210938,153741
2026-07-01 17:30:00+00:00,85.67009735107422,85.69000244140625,85.66000366210938,85.66500091552734,613470
2026-07-01 17:35:00+00:00,85.69000244140625,85.69000244140625,85.66999816894531,85.67500305175781,174248
2026-07-01 17:40:00+00:00,85.75,85.75579833984375,85.68499755859375,85.69000244140625,200619
2026-07-01 17:45:00+00:00,85.77030181884766,85.77999877929688,85.75,85.75499725341797,67448
2026-07-01 17:50:00+00:00,85.7500991821289,85.77639770507812,85.73500061035156,85.7699966430664,112939
2026-07-01 17:55:00+00:00,85.71499633789062,85.7750015258789,85.71499633789062,85.75509643554688,116541
2026-07-01 18:00:00+00:00,85.70989990234375,85.71990203857422,85.69000244140625,85.70999908447266,115966
2026-07-01 18:05:00+00:00,85.6864013671875,85.70500183105469,85.68000030517578,85.70500183105469,156432
2026-07-01 18:10:00+00:00,85.66999816894531,85.68990325927734,85.66999816894531,85.68009948730469,54630
2026-07-01 18:15:00+00:00,85.64900207519531,85.68000030517578,85.64009857177734,85.67500305175781,177781
2026-07-01 18:20:00+00:00,85.6500015258789,85.6698989868164,85.6449966430664,85.6449966430664,897506
2026-07-01 18:25:00+00:00,85.63099670410156,85.65989685058594,85.62010192871094,85.65499877929688,81064
2026-07-01 18:30:00+00:00,85.6050033569336,85.62999725341797,85.5999984741211,85.62999725341797,76627
2026-07-01 18:35:00+00:00,85.59500122070312,85.61000061035156,85.58999633789062,85.6050033569336,132651
2026-07-01 18:40:00+00:00,85.58499908447266,85.59500122070312,85.56999969482422,85.59500122070312,155734
2026-07-01 18:45:00+00:00,85.58930206298828,85.58999633789062,85.58000183105469,85.58999633789062,55708
2026-07-01 18:50:00+00:00,85.58799743652344,85.58999633789062,85.58000183105469,85.58999633789062,51126
2026-07-01 18:55:00+00:00,85.625,85.64990234375,85.56400299072266,85.58499908447266,361690
2026-07-01 19:00:00+00:00,85.62999725341797,85.6500015258789,85.625,85.62999725341797,247051
2026-07-01 19:05:00+00:00,85.66000366210938,85.66000366210938,85.63500213623047,85.63500213623047,120730
2026-07-01 19:10:00+00:00,85.6552963256836,85.66999816894531,85.6500015258789,85.66000366210938,145279
2026-07-01 19:15:00+00:00,85.62989807128906,85.66000366210938,85.625,85.66000366210938,128177
2026-07-01 19:20:00+00:00,85.625,85.625,85.61009979248047,85.625,75383
2026-07-01 19:25:00+00:00,85.625,85.63500213623047,85.62000274658203,85.625,117584
2026-07-01 19:30:00+00:00,85.6449966430664,85.6500015258789,85.60990142822266,85.625,174411
2026-07-01 19:35:00+00:00,85.61990356445312,85.6500015258789,85.61990356445312,85.64009857177734,198062
2026-07-01 19:40:00+00:00,85.61499786376953,85.62999725341797,85.5999984741211,85.61499786376953,396337
2026-07-01 19:45:00+00:00,85.5999984741211,85.61360168457031,85.58999633789062,85.61000061035156,559176
2026-07-01 19:50:00+00:00,85.56999969482422,85.6050033569336,85.55010223388672,85.5999984741211,1000770
2026-07-01 19:55:00+00:00,85.5250015258789,85.58999633789062,85.5199966430664,85.56500244140625,1637586
2026-07-02 13:30:00+00:00,85.4749984741211,85.5,85.37000274658203,85.37999725341797,1367522
2026-07-02 13:35:00+00:00,85.47000122070312,85.5,85.45500183105469,85.4749984741211,207825
2026-07-02 13:40:00+00:00,85.48989868164062,85.5199966430664,85.45500183105469,85.46499633789062,393083
2026-07-02 13:45:00+00:00,85.42500305175781,85.50659942626953,85.41999816894531,85.48729705810547,317775
2026-07-02 13:50:00+00:00,85.46990203857422,85.47830200195312,85.41999816894531,85.42500305175781,180666
2026-07-02 13:55:00+00:00,85.4219970703125,85.48999786376953,85.41999816894531,85.45999908447266,222271
2026-07-02 14:00:00+00:00,85.44999694824219,85.45500183105469,85.41000366210938,85.41999816894531,250437
2026-07-02 14:05:00+00:00,85.49500274658203,85.51000213623047,85.44149780273438,85.44149780273438,252620
2026-07-02 14:10:00+00:00,85.53500366210938,85.54000091552734,85.46499633789062,85.49500274658203,620339
2026-07-02 14:15:00+00:00,85.50499725341797,85.55500030517578,85.50499725341797,85.53500366210938,382429
2026-07-02 14:20:00+00:00,85.49009704589844,85.5,85.43000030517578,85.5,219671
2026-07-02 14:25:00+00:00,85.48500061035156,85.51570129394531,85.4800033569336,85.49500274658203,208002
2026-07-02 14:30:00+00:00,85.43000030517578,85.51000213623047,85.43000030517578,85.48500061035156,227119
2026-07-02 14:35:00+00:00,85.50499725341797,85.5199966430664,85.42500305175781,85.42500305175781,259899
2026-07-02 14:40:00+00:00,85.5250015258789,85.52999877929688,85.48999786376953,85.51000213623047,322515
2026-07-02 14:45:00+00:00,85.57499694824219,85.58000183105469,85.5250015258789,85.5250015258789,561228
2026-07-02 14:50:00+00:00,85.62999725341797,85.63999938964844,85.57230377197266,85.57230377197266,181025
2026-07-02 14:55:00+00:00,85.61000061035156,85.68000030517578,85.61000061035156,85.625,139244
2026-07-02 15:00:00+00:00,85.6500015258789,85.6500015258789,85.59500122070312,85.61000061035156,125722
2026-07-02 15:05:00+00:00,85.66000366210938,85.68499755859375,85.64199829101562,85.64199829101562,204164
2026-07-02 15:10:00+00:00,85.66500091552734,85.69000244140625,85.6520004272461,85.66000366210938,127812
2026-07-02 15:15:00+00:00,85.65499877929688,85.66950225830078,85.6500015258789,85.66500091552734,62397
2026-07-02 15:20:00+00:00,85.70500183105469,85.71499633789062,85.65499877929688,85.6594009399414,97735
2026-07-02 15:25:00+00:00,85.71499633789062,85.72989654541016,85.69499969482422,85.71499633789062,123324
2026-07-02 15:30:00+00:00,85.74019622802734,85.75,85.72000122070312,85.72000122070312,155347
2026-07-02 15:35:00+00:00,85.76000213623047,85.76000213623047,85.7301025390625,85.74500274658203,71440
2026-07-02 15:40:00+00:00,85.7750015258789,85.7750015258789,85.7300033569336,85.75,125448
2026-07-02 15:45:00+00:00,85.7249984741211,85.77999877929688,85.71499633789062,85.7750015258789,86681
2026-07-02 15:50:00+00:00,85.68000030517578,85.72989654541016,85.66999816894531,85.72010040283203,199209
2026-07-02 15:55:00+00:00,85.66999816894531,85.69999694824219,85.66999816894531,85.69000244140625,246199
2026-07-02 16:00:00+00:00,85.63030242919922,85.69000244140625,85.63030242919922,85.66010284423828,107260
2026-07-02 16:05:00+00:00,85.6050033569336,85.63500213623047,85.5999984741211,85.62999725341797,114923
2026-07-02 16:10:00+00:00,85.58930206298828,85.6050033569336,85.56999969482422,85.5999984741211,159085
2026-07-02 16:15:00+00:00,85.56500244140625,85.58000183105469,85.54000091552734,85.58000183105469,169752
2026-07-02 16:20:00+00:00,85.51000213623047,85.55999755859375,85.51000213623047,85.55999755859375,98976
2026-07-02 16:25:00+00:00,85.46009826660156,85.5199966430664,85.45999908447266,85.51499938964844,119468
2026-07-02 16:30:00+00:00,85.47000122070312,85.48500061035156,85.45999908447266,85.46499633789062,140328
2026-07-02 16:35:00+00:00,85.44950103759766,85.5,85.44499969482422,85.4749984741211,151944
2026-07-02 16:40:00+00:00,85.48999786376953,85.49500274658203,85.44999694824219,85.44999694824219,270908
2026-07-02 16:45:00+00:00,85.46499633789062,85.49500274658203,85.43499755859375,85.48999786376953,263651
2026-07-02 16:50:00+00:00,85.46499633789062,85.5,85.46499633789062,85.47000122070312,366649
2026-07-02 16:55:00+00:00,85.4800033569336,85.51499938964844,85.45999908447266,85.47000122070312,298939
2026-07-02 17:00:00+00:00,85.4800033569336,85.51499938964844,85.47000122070312,85.4800033569336,100821
2026-07-02 17:05:00+00:00,85.45989990234375,85.48999786376953,85.45500183105469,85.4800033569336,150942
2026-07-02 17:10:00+00:00,85.4749984741211,85.48500061035156,85.45500183105469,85.45999908447266,122494
2026-07-02 17:15:00+00:00,85.47000122070312,85.47750091552734,85.45010375976562,85.4749984741211,91051
2026-07-02 17:20:00+00:00,85.45989990234375,85.47989654541016,85.45989990234375,85.4634017944336,37457
2026-07-02 17:25:00+00:00,85.42500305175781,85.4573974609375,85.42500305175781,85.4573974609375,178917
2026-07-02 17:30:00+00:00,85.45500183105469,85.45999908447266,85.42500305175781,85.42919921875,162307
2026-07-02 17:35:00+00:00,85.41999816894531,85.45500183105469,85.41999816894531,85.45500183105469,152073
2026-07-02 17:40:00+00:00,85.42500305175781,85.43000030517578,85.41000366210938,85.41999816894531,202380
2026-07-02 17:45:00+00:00,85.40989685058594,85.43000030517578,85.38999938964844,85.42500305175781,119861
2026-07-02 17:50:00+00:00,85.40499877929688,85.40989685058594,85.37010192871094,85.40499877929688,129589
2026-07-02 17:55:00+00:00,85.4000015258789,85.41000366210938,85.4000015258789,85.40969848632812,183326
2026-07-02 18:00:00+00:00,85.42500305175781,85.43499755859375,85.4000015258789,85.40499877929688,1261538
2026-07-02 18:05:00+00:00,85.43000030517578,85.44999694824219,85.41000366210938,85.4209976196289,273208
2026-07-02 18:10:00+00:00,85.41999816894531,85.43810272216797,85.41000366210938,85.43499755859375,289808
2026-07-02 18:15:00+00:00,85.4000015258789,85.43000030517578,85.38009643554688,85.42970275878906,127330
2026-07-02 18:20:00+00:00,85.40499877929688,85.41000366210938,85.38999938964844,85.3949966430664,151254
2026-07-02 18:25:00+00:00,85.3949966430664,85.41000366210938,85.38999938964844,85.40499877929688,94496
2026-07-02 18:30:00+00:00,85.38999938964844,85.4000015258789,85.38999938964844,85.3949966430664,20963
2026-07-02 18:35:00+00:00,85.41000366210938,85.41999816894531,85.38999938964844,85.38999938964844,158211
2026-07-02 18:40:00+00:00,85.41500091552734,85.41999816894531,85.41000366210938,85.41500091552734,140845
2026-07-02 18:45:00+00:00,85.44010162353516,85.44999694824219,85.41000366210938,85.41500091552734,127277
2026-07-02 18:50:00+00:00,85.44499969482422,85.44999694824219,85.44000244140625,85.44499969482422,57638
2026-07-02 18:55:00+00:00,85.44499969482422,85.44999694824219,85.43000030517578,85.44499969482422,79358
2026-07-02 19:00:00+00:00,85.45500183105469,85.47000122070312,85.44999694824219,85.44999694824219,342822
2026-07-02 19:05:00+00:00,85.48500061035156,85.48999786376953,85.44999694824219,85.45500183105469,769912
2026-07-02 19:10:00+00:00,85.4801025390625,85.49500274658203,85.4800033569336,85.48500061035156,111143
2026-07-02 19:15:00+00:00,85.48500061035156,85.48760223388672,85.4800033569336,85.48500061035156,26172
2026-07-02 19:20:00+00:00,85.49500274658203,85.5,85.4800033569336,85.48500061035156,111780
2026-07-02 19:25:00+00:00,85.51000213623047,85.51000213623047,85.48999786376953,85.49500274658203,111861
2026-07-02 19:30:00+00:00,85.51809692382812,85.5199966430664,85.51000213623047,85.51499938964844,70186
2026-07-02 19:35:00+00:00,85.52999877929688,85.52999877929688,85.51000213623047,85.51499938964844,170790
2026-07-02 19:40:00+00:00,85.51499938964844,85.52999877929688,85.51000213623047,85.52999877929688,81792
2026-07-02 19:45:00+00:00,85.53099822998047,85.54000091552734,85.51000213623047,85.51000213623047,199894
2026-07-02 19:50:00+00:00,85.55500030517578,85.56999969482422,85.5199966430664,85.53500366210938,534039
2026-07-02 19:55:00+00:00,85.5250015258789,85.58499908447266,85.5199966430664,85.55500030517578,1296516
2026-07-06 13:30:00+00:00,85.47100067138672,85.4749984741211,85.38999938964844,85.43000030517578,1120358
2026-07-06 13:35:00+00:00,85.43499755859375,85.4800033569336,85.43499755859375,85.4800033569336,75335
2026-07-06 13:40:00+00:00,85.41500091552734,85.44999694824219,85.41000366210938,85.44000244140625,324089
2026-07-06 13:45:00+00:00,85.42500305175781,85.44000244140625,85.4000015258789,85.41500091552734,123974
2026-07-06 13:50:00+00:00,85.4000015258789,85.43000030517578,85.4000015258789,85.42500305175781,110558
2026-07-06 13:55:00+00:00,85.36000061035156,85.41999816894531,85.3499984741211,85.40499877929688,177794
2026-07-06 14:00:00+00:00,85.36630249023438,85.37999725341797,85.33000183105469,85.3550033569336,221970
2026-07-06 14:05:00+00:00,85.3550033569336,85.37989807128906,85.3499984741211,85.36000061035156,121898
2026-07-06 14:10:00+00:00,85.33499908447266,85.37000274658203,85.30999755859375,85.3550033569336,124489
2026-07-06 14:15:00+00:00,85.30999755859375,85.33580017089844,85.29409790039062,85.33580017089844,307930
2026-07-06 14:20:00+00:00,85.29499816894531,85.31999969482422,85.2699966430664,85.31999969482422,135456
2026-07-06 14:25:00+00:00,85.29000091552734,85.30999755859375,85.28009796142578,85.29499816894531,217994
2026-07-06 14:30:00+00:00,85.2750015258789,85.29499816894531,85.25,85.29010009765625,153121
2026-07-06 14:35:00+00:00,85.19999694824219,85.28520202636719,85.18000030517578,85.2750015258789,245406
2026-07-06 14:40:00+00:00,85.22000122070312,85.22000122070312,85.19000244140625,85.19499969482422,198929
2026-07-06 14:45:00+00:00,85.19499969482422,85.2249984741211,85.18499755859375,85.21600341796875,190603
2026-07-06 14:50:00+00:00,85.2300033569336,85.23500061035156,85.18319702148438,85.19010162353516,278976
2026-07-06 14:55:00+00:00,85.22019958496094,85.23999786376953,85.20999908447266,85.2300033569336,134824
2026-07-06 15:00:00+00:00,85.2300033569336,85.24500274658203,85.21499633789062,85.22000122070312,549467
2026-07-06 15:05:00+00:00,85.2499008178711,85.25,85.22000122070312,85.23500061035156,164481
2026-07-06 15:10:00+00:00,85.28500366210938,85.29000091552734,85.2249984741211,85.2499008178711,305272
2026-07-06 15:15:00+00:00,85.26499938964844,85.28500366210938,85.26000213623047,85.27999877929688,115444
2026-07-06 15:20:00+00:00,85.27999877929688,85.30000305175781,85.26499938964844,85.26499938964844,102781
2026-07-06 15:25:00+00:00,85.28500366210938,85.28630065917969,85.26000213623047,85.27999877929688,121526
2026-07-06 15:30:00+00:00,85.28500366210938,85.28510284423828,85.25499725341797,85.27999877929688,115273
2026-07-06 15:35:00+00:00,85.30000305175781,85.33000183105469,85.27999877929688,85.28500366210938,150361
2026-07-06 15:40:00+00:00,85.30000305175781,85.31990051269531,85.30000305175781,85.30000305175781,91275
2026-07-06 15:45:00+00:00,85.30000305175781,85.31999969482422,85.30000305175781,85.30719757080078,45754
2026-07-06 15:50:00+00:00,85.28500366210938,85.30989837646484,85.2750015258789,85.30000305175781,76212
2026-07-06 15:55:00+00:00,85.27580261230469,85.29000091552734,85.2699966430664,85.28720092773438,46313
2026-07-06 16:00:00+00:00,85.23500061035156,85.2750015258789,85.2300033569336,85.2750015258789,131913
2026-07-06 16:05:00+00:00,85.23999786376953,85.26000213623047,85.2300033569336,85.23500061035156,48108
2026-07-06 16:10:00+00:00,85.27989959716797,85.27989959716797,85.23999786376953,85.23999786376953,65215
2026-07-06 16:15:00+00:00,85.30500030517578,85.30500030517578,85.27249908447266,85.2750015258789,204797
2026-07-06 16:20:00+00:00,85.30999755859375,85.32569885253906,85.30500030517578,85.30500030517578,51260
2026-07-06 16:25:00+00:00,85.32240295410156,85.33000183105469,85.30999755859375,85.30999755859375,70766
2026-07-06 16:30:00+00:00,85.33499908447266,85.33499908447266,85.29499816894531,85.32499694824219,412380
2026-07-06 16:35:00+00:00,85.29499816894531,85.33999633789062,85.29399871826172,85.33000183105469,197915
2026-07-06 16:40:00+00:00,85.29499816894531,85.30999755859375,85.29000091552734,85.29499816894531,436004
2026-07-06 16:45:00+00:00,85.30609893798828,85.30989837646484,85.2947006225586,85.29499816894531,69942
2026-07-06 16:50:00+00:00,85.32499694824219,85.33499908447266,85.30500030517578,85.30500030517578,246463
2026-07-06 16:55:00+00:00,85.31990051269531,85.32990264892578,85.31310272216797,85.32990264892578,54528
2026-07-06 17:00:00+00:00,85.30500030517578,85.31990051269531,85.30000305175781,85.31500244140625,123669
2026-07-06 17:05:00+00:00,85.31510162353516,85.32499694824219,85.30000305175781,85.30500030517578,392738
2026-07-06 17:10:00+00:00,85.31610107421875,85.31999969482422,85.30500030517578,85.31500244140625,150232
2026-07-06 17:15:00+00:00,85.30590057373047,85.31990051269531,85.30000305175781,85.31500244140625,36761
2026-07-06 17:20:00+00:00,85.32499694824219,85.32990264892578,85.30500030517578,85.30500030517578,55273
2026-07-06 17:25:00+00:00,85.30500030517578,85.32990264892578,85.29499816894531,85.32499694824219,192096
2026-07-06 17:30:00+00:00,85.30500030517578,85.30999755859375,85.29199981689453,85.30770111083984,80947
2026-07-06 17:35:00+00:00,85.29499816894531,85.30500030517578,85.27999877929688,85.30500030517578,77779
2026-07-06 17:40:00+00:00,85.29499816894531,85.30989837646484,85.28500366210938,85.29499816894531,102430
2026-07-06 17:45:00+00:00,85.29499816894531,85.30000305175781,85.27200317382812,85.29000091552734,123583
2026-07-06 17:50:00+00:00,85.30000305175781,85.30999755859375,85.29499816894531,85.29499816894531,143796
2026-07-06 17:55:00+00:00,85.30000305175781,85.30989837646484,85.29000091552734,85.30500030517578,74548
2026-07-06 18:00:00+00:00,85.30500030517578,85.30989837646484,85.30000305175781,85.30500030517578,76162
2026-07-06 18:05:00+00:00,85.31009674072266,85.31999969482422,85.30000305175781,85.30989837646484,132461
2026-07-06 18:10:00+00:00,85.32499694824219,85.33000183105469,85.30999755859375,85.31500244140625,178708
2026-07-06 18:15:00+00:00,85.33999633789062,85.3499984741211,85.32009887695312,85.32499694824219,66552
2026-07-06 18:20:00+00:00,85.31009674072266,85.33989715576172,85.31009674072266,85.33989715576172,72271
2026-07-06 18:25:00+00:00,85.32520294189453,85.32990264892578,85.30010223388672,85.31500244140625,81882
2026-07-06 18:30:00+00:00,85.34510040283203,85.36000061035156,85.3239974975586,85.32499694824219,67623
2026-07-06 18:35:00+00:00,85.34500122070312,85.36000061035156,85.33999633789062,85.34500122070312,42635
2026-07-06 18:40:00+00:00,85.34500122070312,85.3499984741211,85.33989715576172,85.34500122070312,91772
2026-07-06 18:45:00+00:00,85.3499984741211,85.35990142822266,85.33999633789062,85.34500122070312,70345
2026-07-06 18:50:00+00:00,85.33499908447266,85.35990142822266,85.33499908447266,85.3550033569336,168110
2026-07-06 18:55:00+00:00,85.3550033569336,85.36000061035156,85.3301010131836,85.33999633789062,162864
2026-07-06 19:00:00+00:00,85.3499984741211,85.36000061035156,85.33999633789062,85.3550033569336,100422
2026-07-06 19:05:00+00:00,85.3550033569336,85.36000061035156,85.33999633789062,85.3499984741211,95350
2026-07-06 19:10:00+00:00,85.3499984741211,85.36499786376953,85.3499984741211,85.3499984741211,62894
2026-07-06 19:15:00+00:00,85.35990142822266,85.36000061035156,85.3499984741211,85.3550033569336,91148
2026-07-06 19:20:00+00:00,85.39900207519531,85.4000015258789,85.3550033569336,85.3550033569336,280311
2026-07-06 19:25:00+00:00,85.40499877929688,85.41500091552734,85.39009857177734,85.3949966430664,251052
2026-07-06 19:30:00+00:00,85.43499755859375,85.44000244140625,85.40499877929688,85.40499877929688,327268
2026-07-06 19:35:00+00:00,85.42500305175781,85.44000244140625,85.41999816894531,85.44000244140625,338429
2026-07-06 19:40:00+00:00,85.41510009765625,85.42990112304688,85.41000366210938,85.42990112304688,194696
2026-07-06 19:45:00+00:00,85.44989776611328,85.44999694824219,85.41500091552734,85.41500091552734,414642
2026-07-06 19:50:00+00:00,85.44499969482422,85.44999694824219,85.43000030517578,85.44499969482422,600675
2026-07-06 19:55:00+00:00,85.46499633789062,85.4749984741211,85.43000030517578,85.44670104980469,1170633
2026-07-07 13:30:00+00:00,85.12010192871094,85.13999938964844,85.08999633789062,85.125,695773
2026-07-07 13:35:00+00:00,85.1500015258789,85.16500091552734,85.11009979248047,85.125,185687
2026-07-07 13:40:00+00:00,85.13999938964844,85.1677017211914,85.12999725341797,85.1500015258789,104474
2026-07-07 13:45:00+00:00,85.12010192871094,85.1416015625,85.11000061035156,85.13939666748047,129377
2026-07-07 13:50:00+00:00,85.06839752197266,85.12000274658203,85.03500366210938,85.12000274658203,319495
2026-07-07 13:55:00+00:00,85.00969696044922,85.06500244140625,85.0,85.06500244140625,215100
2026-07-07 14:00:00+00:00,84.875,85.0250015258789,84.86000061035156,85.0,850351
2026-07-07 14:05:00+00:00,84.86499786376953,84.91000366210938,84.83000183105469,84.87989807128906,817744
2026-07-07 14:10:00+00:00,84.90499877929688,84.91000366210938,84.83000183105469,84.86499786376953,482478
2026-07-07 14:15:00+00:00,84.92990112304688,84.92990112304688,84.87999725341797,84.90010070800781,390260
2026-07-07 14:20:00+00:00,84.91500091552734,84.94000244140625,84.9000015258789,84.91999816894531,198880
2026-07-07 14:25:00+00:00,84.91500091552734,84.94999694824219,84.91000366210938,84.91500091552734,336765
2026-07-07 14:30:00+00:00,84.94499969482422,84.95500183105469,84.91000366210938,84.9198989868164,168802
2026-07-07 14:35:00+00:00,84.93000030517578,84.95500183105469,84.90499877929688,84.94499969482422,201099
2026-07-07 14:40:00+00:00,84.93240356445312,84.94999694824219,84.91000366210938,84.93499755859375,203927
2026-07-07 14:45:00+00:00,84.95690155029297,84.95999908447266,84.93000030517578,84.93499755859375,233251
2026-07-07 14:50:00+00:00,84.95500183105469,84.9800033569336,84.94879913330078,84.94999694824219,339612
2026-07-07 14:55:00+00:00,84.91500091552734,84.96499633789062,84.91000366210938,84.95999908447266,124795
2026-07-07 15:00:00+00:00,84.927001953125,84.93000030517578,84.875,84.91000366210938,182609
2026-07-07 15:05:00+00:00,84.89669799804688,84.93000030517578,84.89669799804688,84.92500305175781,102140
2026-07-07 15:10:00+00:00,84.8550033569336,84.9000015258789,84.8499984741211,84.8949966430664,139182
2026-07-07 15:15:00+00:00,84.87999725341797,84.87999725341797,84.83989715576172,84.8550033569336,474069
2026-07-07 15:20:00+00:00,84.8678970336914,84.9000015258789,84.86499786376953,84.87999725341797,141291
2026-07-07 15:25:00+00:00,84.875,84.875,84.8499984741211,84.8676986694336,128385
2026-07-07 15:30:00+00:00,84.84500122070312,84.88999938964844,84.83999633789062,84.87999725341797,147432
2026-07-07 15:35:00+00:00,84.85700225830078,84.86000061035156,84.83999633789062,84.84739685058594,103219
2026-07-07 15:40:00+00:00,84.83499908447266,84.86640167236328,84.83499908447266,84.8499984741211,135343
2026-07-07 15:45:00+00:00,84.81999969482422,84.83989715576172,84.81999969482422,84.8373031616211,78209
2026-07-07 15:50:00+00:00,84.79779815673828,84.81999969482422,84.79000091552734,84.81990051269531,165589
2026-07-07 15:55:00+00:00,84.82499694824219,84.82499694824219,84.79000091552734,84.79499816894531,91058
2026-07-07 16:00:00+00:00,84.83000183105469,84.83999633789062,84.80999755859375,84.83000183105469,113694
2026-07-07 16:05:00+00:00,84.8550033569336,84.86000061035156,84.82499694824219,84.83499908447266,273597
2026-07-07 16:10:00+00:00,84.84500122070312,84.87999725341797,84.83419799804688,84.8550033569336,403290
2026-07-07 16:15:00+00:00,84.83999633789062,84.86499786376953,84.83499908447266,84.84500122070312,404212
2026-07-07 16:20:00+00:00,84.77999877929688,84.84500122070312,84.7699966430664,84.83999633789062,274230
2026-07-07 16:25:00+00:00,84.7698974609375,84.77999877929688,84.76000213623047,84.77999877929688,141406
2026-07-07 16:30:00+00:00,84.77780151367188,84.80999755859375,84.76499938964844,84.76499938964844,451370
2026-07-07 16:35:00+00:00,84.78500366210938,84.79000091552734,84.76000213623047,84.7750015258789,198706
2026-07-07 16:40:00+00:00,84.76499938964844,84.78500366210938,84.76499938964844,84.78150177001953,71682
2026-07-07 16:45:00+00:00,84.76499938964844,84.77989959716797,84.76000213623047,84.76499938964844,188496
2026-07-07 16:50:00+00:00,84.75,84.7698974609375,84.74500274658203,84.76499938964844,152814
2026-07-07 16:55:00+00:00,84.7699966430664,84.7699966430664,84.73999786376953,84.75,148342
2026-07-07 17:00:00+00:00,84.7750015258789,84.80500030517578,84.75,84.76830291748047,280153
2026-07-07 17:05:00+00:00,84.75,84.7750015258789,84.73999786376953,84.7750015258789,194207
2026-07-07 17:10:00+00:00,84.75499725341797,84.7698974609375,84.73999786376953,84.75,118777
2026-07-07 17:15:00+00:00,84.73500061035156,84.76000213623047,84.7249984741211,84.75499725341797,92787
2026-07-07 17:20:00+00:00,84.75990295410156,84.76000213623047,84.73500061035156,84.73500061035156,79215
2026-07-07 17:25:00+00:00,84.76000213623047,84.7699966430664,84.75,84.76000213623047,81402
2026-07-07 17:30:00+00:00,84.77999877929688,84.78990173339844,84.76000213623047,84.76499938964844,240965
2026-07-07 17:35:00+00:00,84.79499816894531,84.79499816894531,84.7750015258789,84.77999877929688,197169
2026-07-07 17:40:00+00:00,84.79499816894531,84.80000305175781,84.79000091552734,84.79499816894531,99570
2026-07-07 17:45:00+00:00,84.79499816894531,84.81700134277344,84.79000091552734,84.79229736328125,170140
2026-07-07 17:50:00+00:00,84.7698974609375,84.80000305175781,84.76000213623047,84.80000305175781,87793
2026-07-07 17:55:00+00:00,84.7750015258789,84.7750015258789,84.76000213623047,84.76499938964844,91033
2026-07-07 18:00:00+00:00,84.76499938964844,84.78990173339844,84.76000213623047,84.7750015258789,70247
2026-07-07 18:05:00+00:00,84.7699966430664,84.7699966430664,84.75499725341797,84.76499938964844,352651
2026-07-07 18:10:00+00:00,84.76499938964844,84.77989959716797,84.76000213623047,84.76499938964844,348800
2026-07-07 18:15:00+00:00,84.75499725341797,84.77999877929688,84.75,84.76499938964844,143152
2026-07-07 18:20:00+00:00,84.7699966430664,84.78990173339844,84.75499725341797,84.75499725341797,150462
2026-07-07 18:25:00+00:00,84.77999877929688,84.77999877929688,84.76000213623047,84.7750015258789,158130
2026-07-07 18:30:00+00:00,84.7750015258789,84.77999877929688,84.76000213623047,84.77989959716797,264915
2026-07-07 18:35:00+00:00,84.76010131835938,84.78990173339844,84.76000213623047,84.7750015258789,133532
2026-07-07 18:40:00+00:00,84.76499938964844,84.7699966430664,84.73999786376953,84.76499938964844,158066
2026-07-07 18:45:00+00:00,84.72000122070312,84.7699966430664,84.66500091552734,84.76499938964844,328279
2026-07-07 18:50:00+00:00,84.67990112304688,84.72989654541016,84.66000366210938,84.71739959716797,107154
2026-07-07 18:55:00+00:00,84.69000244140625,84.69999694824219,84.6626968383789,84.66999816894531,132530
2026-07-07 19:00:00+00:00,84.66500091552734,84.69000244140625,84.6500015258789,84.69000244140625,448984
2026-07-07 19:05:00+00:00,84.65249633789062,84.68000030517578,84.6500015258789,84.66500091552734,156554
2026-07-07 19:10:00+00:00,84.62629699707031,84.66000366210938,84.62000274658203,84.65499877929688,180130
2026-07-07 19:15:00+00:00,84.60430145263672,84.62989807128906,84.54499816894531,84.625,502287
2026-07-07 19:20:00+00:00,84.6449966430664,84.6500015258789,84.5999984741211,84.6050033569336,362634
2026-07-07 19:25:00+00:00,84.63500213623047,84.6500015258789,84.61219787597656,84.6449966430664,235416
2026-07-07 19:30:00+00:00,84.66000366210938,84.66999816894531,84.63009643554688,84.63500213623047,197962
2026-07-07 19:35:00+00:00,84.65499877929688,84.68000030517578,84.65149688720703,84.66000366210938,407477
2026-07-07 19:40:00+00:00,84.62000274658203,84.66000366210938,84.61499786376953,84.66000366210938,432229
2026-07-07 19:45:00+00:00,84.6050033569336,84.6500015258789,84.58499908447266,84.61990356445312,610173
2026-07-07 19:50:00+00:00,84.61499786376953,84.62999725341797,84.58999633789062,84.6050033569336,803099
2026-07-07 19:55:00+00:00,84.54499816894531,84.62999725341797,84.54000091552734,84.61499786376953,2027450
2026-07-08 13:30:00+00:00,84.3550033569336,84.36000061035156,84.30999755859375,84.31999969482422,1038282
2026-07-08 13:35:00+00:00,84.36380004882812,84.37000274658203,84.31999969482422,84.3550033569336,314242
2026-07-08 13:40:00+00:00,84.36499786376953,84.39810180664062,84.33999633789062,84.36499786376953,186038
2026-07-08 13:45:00+00:00,84.3550033569336,84.38980102539062,84.34500122070312,84.36499786376953,209234
2026-07-08 13:50:00+00:00,84.29989624023438,84.38500213623047,84.29010009765625,84.3550033569336,187549
2026-07-08 13:55:00+00:00,84.29499816894531,84.30000305175781,84.26499938964844,84.29499816894531,198207
2026-07-08 14:00:00+00:00,84.28900146484375,84.29989624023438,84.2699966430664,84.29499816894531,117652
2026-07-08 14:05:00+00:00,84.27999877929688,84.30989837646484,84.2699966430664,84.28500366210938,308660
2026-07-08 14:10:00+00:00,84.25779724121094,84.30500030517578,84.25,84.27999877929688,234297
2026-07-08 14:15:00+00:00,84.23500061035156,84.26000213623047,84.2300033569336,84.25499725341797,266020
2026-07-08 14:20:00+00:00,84.21499633789062,84.24739837646484,84.20999908447266,84.23500061035156,142654
2026-07-08 14:25:00+00:00,84.20999908447266,84.26000213623047,84.18000030517578,84.21499633789062,405801
2026-07-08 14:30:00+00:00,84.16000366210938,84.22000122070312,84.13500213623047,84.20999908447266,734527
2026-07-08 14:35:00+00:00,84.15010070800781,84.16510009765625,84.12000274658203,84.15499877929688,326646
2026-07-08 14:40:00+00:00,84.17500305175781,84.19499969482422,84.15499877929688,84.15499877929688,427355
2026-07-08 14:45:00+00:00,84.16000366210938,84.19000244140625,84.16000366210938,84.18000030517578,107430
2026-07-08 14:50:00+00:00,84.12999725341797,84.1697998046875,84.12999725341797,84.16500091552734,77740
2026-07-08 14:55:00+00:00,84.125,84.1500015258789,84.125,84.13500213623047,120842
2026-07-08 15:00:00+00:00,84.08999633789062,84.12989807128906,84.08999633789062,84.125,188725
2026-07-08 15:05:00+00:00,84.08999633789062,84.125,84.08000183105469,84.08999633789062,538261
2026-07-08 15:10:00+00:00,84.08000183105469,84.11540222167969,84.08000183105469,84.08999633789062,303893
2026-07-08 15:15:00+00:00,84.09960174560547,84.11499786376953,84.06009674072266,84.08000183105469,277830
2026-07-08 15:20:00+00:00,84.1050033569336,84.12999725341797,84.09500122070312,84.09500122070312,384574
2026-07-08 15:25:00+00:00,84.1050033569336,84.11000061035156,84.08000183105469,84.0999984741211,282768
2026-07-08 15:30:00+00:00,84.08999633789062,84.12000274658203,84.08499908447266,84.1050033569336,507275
2026-07-08 15:35:00+00:00,84.09500122070312,84.11000061035156,84.08499908447266,84.09500122070312,137303
2026-07-08 15:40:00+00:00,84.13500213623047,84.13999938964844,84.08499908447266,84.09500122070312,133614
2026-07-08 15:45:00+00:00,84.12999725341797,84.12999725341797,84.1050033569336,84.12999725341797,133076
2026-07-08 15:50:00+00:00,84.12000274658203,84.12999725341797,84.08989715576172,84.12000274658203,57723
2026-07-08 15:55:00+00:00,84.11579895019531,84.12999725341797,84.0999984741211,84.11499786376953,175907
2026-07-08 16:00:00+00:00,84.13999938964844,84.1500015258789,84.11000061035156,84.11900329589844,663665
2026-07-08 16:05:00+00:00,84.18990325927734,84.19989776611328,84.13999938964844,84.1449966430664,196610
2026-07-08 16:10:00+00:00,84.18599700927734,84.19999694824219,84.18000030517578,84.18000030517578,141212
2026-07-08 16:15:00+00:00,84.18000030517578,84.19000244140625,84.16999816894531,84.18499755859375,121365
2026-07-08 16:20:00+00:00,84.19999694824219,84.20500183105469,84.18000030517578,84.18499755859375,336725
2026-07-08 16:25:00+00:00,84.21499633789062,84.21499633789062,84.19000244140625,84.19999694824219,282396
2026-07-08 16:30:00+00:00,84.2300033569336,84.2499008178711,84.20999908447266,84.21499633789062,94077
2026-07-08 16:35:00+00:00,84.27149963378906,84.28500366210938,84.22000122070312,84.23989868164062,458152
2026-07-08 16:40:00+00:00,84.27999877929688,84.30000305175781,84.25499725341797,84.2699966430664,250016
2026-07-08 16:45:00+00:00,84.30000305175781,84.30989837646484,84.26499938964844,84.29000091552734,291025
2026-07-08 16:50:00+00:00,84.30000305175781,84.30989837646484,84.25499725341797,84.30000305175781,221236
2026-07-08 16:55:00+00:00,84.2698974609375,84.31500244140625,84.26000213623047,84.29499816894531,163651
2026-07-08 17:00:00+00:00,84.29989624023438,84.3550033569336,84.24500274658203,84.26000213623047,555756
2026-07-08 17:05:00+00:00,84.30500030517578,84.33000183105469,84.29499816894531,84.30000305175781,122569
2026-07-08 17:10:00+00:00,84.29499816894531,84.30999755859375,84.29399871826172,84.30000305175781,138378
2026-07-08 17:15:00+00:00,84.31500244140625,84.31999969482422,84.29399871826172,84.29499816894531,92644
2026-07-08 17:20:00+00:00,84.30500030517578,84.32990264892578,84.30280303955078,84.31500244140625,85230
2026-07-08 17:25:00+00:00,84.31500244140625,84.33000183105469,84.30400085449219,84.30500030517578,172004
2026-07-08 17:30:00+00:00,84.31999969482422,84.3499984741211,84.31500244140625,84.31999969482422,119238
2026-07-08 17:35:00+00:00,84.31999969482422,84.33000183105469,84.31500244140625,84.31500244140625,187284
2026-07-08 17:40:00+00:00,84.32469940185547,84.33000183105469,84.30999755859375,84.31500244140625,599048
2026-07-08 17:45:00+00:00,84.30999755859375,84.32499694824219,84.30999755859375,84.32499694824219,304535
2026-07-08 17:50:00+00:00,84.32499694824219,84.3499984741211,84.31500244140625,84.31999969482422,186517
2026-07-08 17:55:00+00:00,84.33000183105469,84.33000183105469,84.31500244140625,84.3290023803711,65769
2026-07-08 18:00:00+00:00,84.36000061035156,84.37999725341797,84.30500030517578,84.32990264892578,860434
2026-07-08 18:05:00+00:00,84.3550033569336,84.375,84.3499984741211,84.3550033569336,68480
2026-07-08 18:10:00+00:00,84.375,84.40989685058594,84.34010314941406,84.35009765625,331476
2026-07-08 18:15:00+00:00,84.37999725341797,84.38500213623047,84.36499786376953,84.38500213623047,303634
2026-07-08 18:20:00+00:00,84.38030242919922,84.38999938964844,84.375,84.375,62077
2026-07-08 18:25:00+00:00,84.38500213623047,84.38999938964844,84.36000061035156,84.38999938964844,264223
2026-07-08 18:30:00+00:00,84.375,84.38999938964844,84.36000061035156,84.38500213623047,245059
2026-07-08 18:35:00+00:00,84.37989807128906,84.37999725341797,84.36000061035156,84.37999725341797,1866853
2026-07-08 18:40:00+00:00,84.375,84.375,84.3550033569336,84.37249755859375,405929
2026-07-08 18:45:00+00:00,84.3949966430664,84.4000015258789,84.375,84.375,107888
2026-07-08 18:50:00+00:00,84.3949966430664,84.40499877929688,84.37999725341797,84.39769744873047,742660
2026-07-08 18:55:00+00:00,84.40499877929688,84.41000366210938,84.37010192871094,84.3949966430664,376864
2026-07-08 19:00:00+00:00,84.41500091552734,84.43499755859375,84.4000015258789,84.41000366210938,156940
2026-07-08 19:05:00+00:00,84.43499755859375,84.44000244140625,84.41999816894531,84.41999816894531,64274
2026-07-08 19:10:00+00:00,84.43499755859375,84.44999694824219,84.42500305175781,84.43499755859375,103977
2026-07-08 19:15:00+00:00,84.43009948730469,84.44999694824219,84.43000030517578,84.43499755859375,83263
2026-07-08 19:20:00+00:00,84.41500091552734,84.43499755859375,84.41000366210938,84.43000030517578,65521
2026-07-08 19:25:00+00:00,84.43000030517578,84.43000030517578,84.41000366210938,84.41500091552734,75681
2026-07-08 19:30:00+00:00,84.37000274658203,84.43000030517578,84.37000274658203,84.41999816894531,230442
2026-07-08 19:35:00+00:00,84.37000274658203,84.37999725341797,84.36000061035156,84.36000061035156,93070
2026-07-08 19:40:00+00:00,84.32499694824219,84.37999725341797,84.31500244140625,84.375,152331
2026-07-08 19:45:00+00:00,84.2750015258789,84.32499694824219,84.26000213623047,84.32499694824219,752659
2026-07-08 19:50:00+00:00,84.32499694824219,84.33499908447266,84.2699966430664,84.27999877929688,719857
2026-07-08 19:55:00+00:00,84.3499984741211,84.36000061035156,84.31999969482422,84.32499694824219,1166407
2026-07-09 13:30:00+00:00,84.29499816894531,84.30000305175781,84.25499725341797,84.2699966430664,752809
2026-07-09 13:35:00+00:00,84.28500366210938,84.30000305175781,84.2699966430664,84.29769897460938,108660
2026-07-09 13:40:00+00:00,84.32990264892578,84.33000183105469,84.28500366210938,84.28500366210938,238579
2026-07-09 13:45:00+00:00,84.30940246582031,84.33000183105469,84.28500366210938,84.33000183105469,199764
2026-07-09 13:50:00+00:00,84.2750015258789,84.31999969482422,84.2750015258789,84.30500030517578,256934
2026-07-09 13:55:00+00:00,84.31500244140625,84.33000183105469,84.2699966430664,84.2699966430664,175949
2026-07-09 14:00:00+00:00,84.375,84.40499877929688,84.31500244140625,84.31500244140625,481330
2026-07-09 14:05:00+00:00,84.34770202636719,84.37999725341797,84.33000183105469,84.37560272216797,268946
2026-07-09 14:10:00+00:00,84.3550033569336,84.3550033569336,84.31999969482422,84.3499984741211,236619
2026-07-09 14:15:00+00:00,84.36000061035156,84.3759994506836,84.33499908447266,84.3550033569336,323835
2026-07-09 14:20:00+00:00,84.33499908447266,84.37000274658203,84.32499694824219,84.3677978515625,215204
2026-07-09 14:25:00+00:00,84.32499694824219,84.33000183105469,84.30500030517578,84.33000183105469,95878
2026-07-09 14:30:00+00:00,84.36840057373047,84.37000274658203,84.31999969482422,84.33000183105469,167149
2026-07-09 14:35:00+00:00,84.36900329589844,84.375,84.34500122070312,84.36499786376953,125943
2026-07-09 14:40:00+00:00,84.36499786376953,84.375,84.34500122070312,84.36499786376953,132410
2026-07-09 14:45:00+00:00,84.33499908447266,84.37000274658203,84.33499908447266,84.36499786376953,126041
2026-07-09 14:50:00+00:00,84.38500213623047,84.38999938964844,84.33499908447266,84.33499908447266,552612
2026-07-09 14:55:00+00:00,84.3949966430664,84.40499877929688,84.375,84.37999725341797,202204
2026-07-09 15:00:00+00:00,84.38999938964844,84.41000366210938,84.38999938964844,84.4000015258789,121816
2026-07-09 15:05:00+00:00,84.43000030517578,84.43000030517578,84.37000274658203,84.4000015258789,359829
2026-07-09 15:10:00+00:00,84.3949966430664,84.43990325927734,84.3949966430664,84.43000030517578,184570
2026-07-09 15:15:00+00:00,84.41000366210938,84.43000030517578,84.4000015258789,84.4000015258789,262193
2026-07-09 15:20:00+00:00,84.44999694824219,84.45999908447266,84.41000366210938,84.41000366210938,180206
2026-07-09 15:25:00+00:00,84.46499633789062,84.46499633789062,84.44000244140625,84.44920349121094,130764
2026-07-09 15:30:00+00:00,84.42510223388672,84.47000122070312,84.41999816894531,84.46050262451172,741935
2026-07-09 15:35:00+00:00,84.43689727783203,84.43689727783203,84.41010284423828,84.42510223388672,113597
2026-07-09 15:40:00+00:00,84.47000122070312,84.4800033569336,84.43000030517578,84.43499755859375,112931
2026-07-09 15:45:00+00:00,84.46499633789062,84.50499725341797,84.45999908447266,84.47000122070312,197779
2026-07-09 15:50:00+00:00,84.47000122070312,84.50499725341797,84.4623031616211,84.46959686279297,178655
2026-07-09 15:55:00+00:00,84.4800033569336,84.4800033569336,84.45999908447266,84.47000122070312,51559
2026-07-09 16:00:00+00:00,84.46499633789062,84.48500061035156,84.46499633789062,84.4749984741211,57083
2026-07-09 16:05:00+00:00,84.46499633789062,84.48500061035156,84.4623031616211,84.46499633789062,71582
2026-07-09 16:10:00+00:00,84.48500061035156,84.48500061035156,84.44999694824219,84.45999908447266,50645
2026-07-09 16:15:00+00:00,84.48500061035156,84.5,84.48500061035156,84.48500061035156,233340
2026-07-09 16:20:00+00:00,84.4749984741211,84.48999786376953,84.47000122070312,84.48999786376953,120140
2026-07-09 16:25:00+00:00,84.5198974609375,84.52989959716797,84.46499633789062,84.47000122070312,178346
2026-07-09 16:30:00+00:00,84.51000213623047,84.5199966430664,84.5000991821289,84.51000213623047,46203
2026-07-09 16:35:00+00:00,84.4749984741211,84.51000213623047,84.4749984741211,84.5,35010
2026-07-09 16:40:00+00:00,84.48249816894531,84.49600219726562,84.4749984741211,84.4749984741211,61071
2026-07-09 16:45:00+00:00,84.48979949951172,84.5,84.4800033569336,84.48500061035156,694545
2026-07-09 16:50:00+00:00,84.52999877929688,84.54000091552734,84.5,84.5,48108
2026-07-09 16:55:00+00:00,84.48999786376953,84.53500366210938,84.48500061035156,84.52999877929688,357633
2026-07-09 17:00:00+00:00,84.57499694824219,84.57769775390625,84.5,84.5,542675
2026-07-09 17:05:00+00:00,84.57499694824219,84.58999633789062,84.56999969482422,84.57499694824219,281046
2026-07-09 17:10:00+00:00,84.55500030517578,84.56999969482422,84.54499816894531,84.56999969482422,132606
2026-07-09 17:15:00+00:00,84.61000061035156,84.62000274658203,84.55000305175781,84.55999755859375,87748
2026-07-09 17:20:00+00:00,84.62999725341797,84.62999725341797,84.59010314941406,84.61009979248047,60595
2026-07-09 17:25:00+00:00,84.625,84.65809631347656,84.625,84.62999725341797,209040
2026-07-09 17:30:00+00:00,84.62999725341797,84.6449966430664,84.625,84.62999725341797,61254
2026-07-09 17:35:00+00:00,84.62000274658203,84.63999938964844,84.62000274658203,84.625,103531
2026-07-09 17:40:00+00:00,84.61499786376953,84.62000274658203,84.59010314941406,84.61499786376953,125155
2026-07-09 17:45:00+00:00,84.65499877929688,84.66000366210938,84.61499786376953,84.61509704589844,294680
2026-07-09 17:50:00+00:00,84.6449966430664,84.68000030517578,84.63999938964844,84.66000366210938,306438
2026-07-09 17:55:00+00:00,84.65499877929688,84.66000366210938,84.63999938964844,84.6449966430664,120278
2026-07-09 18:00:00+00:00,84.61019897460938,84.66000366210938,84.61000061035156,84.65499877929688,203339
2026-07-09 18:05:00+00:00,84.61990356445312,84.62000274658203,84.58999633789062,84.61499786376953,368730
2026-07-09 18:10:00+00:00,84.60990142822266,84.62000274658203,84.5999984741211,84.61499786376953,194436
2026-07-09 18:15:00+00:00,84.5999984741211,84.62000274658203,84.59230041503906,84.6050033569336,309991
2026-07-09 18:20:00+00:00,84.58000183105469,84.5999984741211,84.55999755859375,84.5999984741211,196661
2026-07-09 18:25:00+00:00,84.56500244140625,84.58999633789062,84.56500244140625,84.57499694824219,96746
2026-07-09 18:30:00+00:00,84.58499908447266,84.58499908447266,84.55000305175781,84.56999969482422,122140
2026-07-09 18:35:00+00:00,84.56500244140625,84.58999633789062,84.56009674072266,84.58499908447266,43377
2026-07-09 18:40:00+00:00,84.57499694824219,84.58989715576172,84.56999969482422,84.56999969482422,55494
2026-07-09 18:45:00+00:00,84.58499908447266,84.58999633789062,84.57469940185547,84.58000183105469,138333
2026-07-09 18:50:00+00:00,84.61499786376953,84.6166000366211,84.57499694824219,84.58499908447266,244470
2026-07-09 18:55:00+00:00,84.58999633789062,84.62000274658203,84.58999633789062,84.61499786376953,72282
2026-07-09 19:00:00+00:00,84.6050033569336,84.62000274658203,84.58000183105469,84.58000183105469,181614
2026-07-09 19:05:00+00:00,84.58000183105469,84.60530090332031,84.58000183105469,84.5999984741211,94023
2026-07-09 19:10:00+00:00,84.58499908447266,84.58999633789062,84.5635986328125,84.58000183105469,188151
2026-07-09 19:15:00+00:00,84.58499908447266,84.58989715576172,84.57499694824219,84.58499908447266,102229
2026-07-09 19:20:00+00:00,84.55999755859375,84.58999633789062,84.55999755859375,84.58499908447266,81222
2026-07-09 19:25:00+00:00,84.56500244140625,84.56680297851562,84.55999755859375,84.56500244140625,43223
2026-07-09 19:30:00+00:00,84.51499938964844,84.56500244140625,84.51499938964844,84.55999755859375,99929
2026-07-09 19:35:00+00:00,84.49500274658203,84.51499938964844,84.48999786376953,84.51499938964844,212251
2026-07-09 19:40:00+00:00,84.50499725341797,84.51000213623047,84.4800033569336,84.48999786376953,186971
2026-07-09 19:45:00+00:00,84.5,84.51000213623047,84.5,84.50499725341797,413594
2026-07-09 19:50:00+00:00,84.50499725341797,84.5199966430664,84.48999786376953,84.50499725341797,516535
2026-07-09 19:55:00+00:00,84.4800033569336,84.5199966430664,84.47000122070312,84.51000213623047,802909
2026-07-10 13:30:00+00:00,84.45999908447266,84.5199966430664,84.44999694824219,84.51000213623047,583036
2026-07-10 13:35:00+00:00,84.50499725341797,84.51000213623047,84.44999694824219,84.46980285644531,159046
2026-07-10 13:40:00+00:00,84.52999877929688,84.54000091552734,84.50499725341797,84.51000213623047,117072
2026-07-10 13:45:00+00:00,84.54499816894531,84.56999969482422,84.5250015258789,84.52999877929688,260721
2026-07-10 13:50:00+00:00,84.4749984741211,84.54989624023438,84.4749984741211,84.54499816894531,92012
2026-07-10 13:55:00+00:00,84.44000244140625,84.47689819335938,84.41999816894531,84.47689819335938,132591
2026-07-10 14:00:00+00:00,84.43499755859375,84.4800033569336,84.41000366210938,84.4489974975586,208750
2026-07-10 14:05:00+00:00,84.46499633789062,84.48500061035156,84.41999816894531,84.43499755859375,190314
2026-07-10 14:10:00+00:00,84.51499938964844,84.5198974609375,84.4749984741211,84.4800033569336,115328
2026-07-10 14:15:00+00:00,84.52999877929688,84.52999877929688,84.49500274658203,84.51000213623047,111303
2026-07-10 14:20:00+00:00,84.48500061035156,84.52999877929688,84.4749984741211,84.52999877929688,71579
2026-07-10 14:25:00+00:00,84.5,84.5,84.4749984741211,84.48500061035156,54838
2026-07-10 14:30:00+00:00,84.375,84.54499816894531,84.27999877929688,84.50499725341797,1393634
2026-07-10 14:35:00+00:00,84.4573974609375,84.4800033569336,84.37419891357422,84.37419891357422,388679
2026-07-10 14:40:00+00:00,84.44999694824219,84.45999908447266,84.42500305175781,84.45500183105469,264446
2026-07-10 14:45:00+00:00,84.45999908447266,84.4749984741211,84.44999694824219,84.44999694824219,74726
2026-07-10 14:50:00+00:00,84.46499633789062,84.47000122070312,84.44999694824219,84.45999908447266,66404
2026-07-10 14:55:00+00:00,84.37000274658203,84.45999908447266,84.36009979248047,84.45999908447266,109348
2026-07-10 15:00:00+00:00,84.4749984741211,84.4749984741211,84.36009979248047,84.37000274658203,162030
2026-07-10 15:05:00+00:00,84.46499633789062,84.49500274658203,84.46499633789062,84.4749984741211,171358
2026-07-10 15:10:00+00:00,84.45999908447266,84.48500061035156,84.45999908447266,84.46499633789062,55349
2026-07-10 15:15:00+00:00,84.53500366210938,84.53990173339844,84.46499633789062,84.46499633789062,158629
2026-07-10 15:20:00+00:00,84.58000183105469,84.58999633789062,84.51419830322266,84.53500366210938,256352
2026-07-10 15:25:00+00:00,84.58499908447266,84.59500122070312,84.56009674072266,84.58000183105469,184637
2026-07-10 15:30:00+00:00,84.59500122070312,84.61000061035156,84.55999755859375,84.58200073242188,52085
2026-07-10 15:35:00+00:00,84.60009765625,84.61000061035156,84.58499908447266,84.58999633789062,103811
2026-07-10 15:40:00+00:00,84.60009765625,84.62000274658203,84.5801010131836,84.6050033569336,71712
2026-07-10 15:45:00+00:00,84.59010314941406,84.61000061035156,84.58000183105469,84.58999633789062,30367
2026-07-10 15:50:00+00:00,84.61499786376953,84.625,84.60310363769531,84.6050033569336,23202
2026-07-10 15:55:00+00:00,84.5999984741211,84.625,84.59500122070312,84.61509704589844,40498
2026-07-10 16:00:00+00:00,84.53500366210938,84.5999984741211,84.53500366210938,84.5999984741211,73092
2026-07-10 16:05:00+00:00,84.55500030517578,84.5687026977539,84.53500366210938,84.53500366210938,125385
2026-07-10 16:10:00+00:00,84.53500366210938,84.56999969482422,84.5199966430664,84.55500030517578,31102
2026-07-10 16:15:00+00:00,84.55049896240234,84.57499694824219,84.52999877929688,84.53500366210938,109009
2026-07-10 16:20:00+00:00,84.54499816894531,84.55989837646484,84.54000091552734,84.55500030517578,36048
2026-07-10 16:25:00+00:00,84.52999877929688,84.55000305175781,84.52999877929688,84.54499816894531,159617
2026-07-10 16:30:00+00:00,84.51499938964844,84.54499816894531,84.51499938964844,84.52999877929688,39825
2026-07-10 16:35:00+00:00,84.48500061035156,84.5198974609375,84.4749984741211,84.5198974609375,24391
2026-07-10 16:40:00+00:00,84.44499969482422,84.49500274658203,84.44000244140625,84.48999786376953,352939
2026-07-10 16:45:00+00:00,84.44000244140625,84.45500183105469,84.43499755859375,84.44499969482422,53644
2026-07-10 16:50:00+00:00,84.42500305175781,84.4457015991211,84.42500305175781,84.44000244140625,40791
2026-07-10 16:55:00+00:00,84.44999694824219,84.4751968383789,84.42500305175781,84.42500305175781,136862
2026-07-10 17:00:00+00:00,84.43000030517578,84.44999694824219,84.42500305175781,84.44999694824219,32440
2026-07-10 17:05:00+00:00,84.42500305175781,84.44000244140625,84.42500305175781,84.43049621582031,28646
2026-07-10 17:10:00+00:00,84.42500305175781,84.44000244140625,84.41500091552734,84.43000030517578,70706
2026-07-10 17:15:00+00:00,84.41999816894531,84.44000244140625,84.41000366210938,84.42500305175781,60830
2026-07-10 17:20:00+00:00,84.41500091552734,84.43000030517578,84.41500091552734,84.42500305175781,47999
2026-07-10 17:25:00+00:00,84.41500091552734,84.42990112304688,84.40499877929688,84.42009735107422,399138
2026-07-10 17:30:00+00:00,84.41500091552734,84.43990325927734,84.41000366210938,84.41999816894531,302438
2026-07-10 17:35:00+00:00,84.37999725341797,84.41500091552734,84.37999725341797,84.41500091552734,232869
2026-07-10 17:40:00+00:00,84.40499877929688,84.40499877929688,84.37999725341797,84.38500213623047,85221
2026-07-10 17:45:00+00:00,84.40499877929688,84.41000366210938,84.39209747314453,84.40499877929688,58357
2026-07-10 17:50:00+00:00,84.41999816894531,84.42500305175781,84.4000015258789,84.40499877929688,147061
2026-07-10 17:55:00+00:00,84.40010070800781,84.41500091552734,84.40010070800781,84.41000366210938,21076
2026-07-10 18:00:00+00:00,84.37999725341797,84.40499877929688,84.37000274658203,84.4000015258789,28472
2026-07-10 18:05:00+00:00,84.38500213623047,84.38999938964844,84.37999725341797,84.38500213623047,27505
2026-07-10 18:10:00+00:00,84.40499877929688,84.41500091552734,84.37149810791016,84.38500213623047,581899
2026-07-10 18:15:00+00:00,84.375,84.41000366210938,84.36000061035156,84.40840148925781,75608
2026-07-10 18:20:00+00:00,84.3949966430664,84.40499877929688,84.38009643554688,84.38500213623047,130693
2026-07-10 18:25:00+00:00,84.375,84.41000366210938,84.375,84.3949966430664,249191
2026-07-10 18:30:00+00:00,84.38999938964844,84.38999938964844,84.37999725341797,84.37999725341797,70342
2026-07-10 18:35:00+00:00,84.3550033569336,84.39530181884766,84.34809875488281,84.39530181884766,303145
2026-07-10 18:40:00+00:00,84.37000274658203,84.37999725341797,84.35009765625,84.35009765625,65791
2026-07-10 18:45:00+00:00,84.375,84.38999938964844,84.375,84.375,132226
2026-07-10 18:50:00+00:00,84.38999938964844,84.38999938964844,84.37319946289062,84.37999725341797,93254
2026-07-10 18:55:00+00:00,84.37010192871094,84.38999938964844,84.37000274658203,84.37999725341797,39780
2026-07-10 19:00:00+00:00,84.39990234375,84.4000015258789,84.375,84.375,154678
2026-07-10 19:05:00+00:00,84.3949966430664,84.4000015258789,84.375,84.3949966430664,174376
2026-07-10 19:10:00+00:00,84.38990020751953,84.39990234375,84.37999725341797,84.39009857177734,100033
2026-07-10 19:15:00+00:00,84.40499877929688,84.41000366210938,84.37999725341797,84.38500213623047,72061
2026-07-10 19:20:00+00:00,84.42500305175781,84.43000030517578,84.4000015258789,84.40499877929688,106525
2026-07-10 19:25:00+00:00,84.43499755859375,84.44000244140625,84.41999816894531,84.42630004882812,60172
2026-07-10 19:30:00+00:00,84.46499633789062,84.47000122070312,84.44000244140625,84.44000244140625,196400
2026-07-10 19:35:00+00:00,84.45500183105469,84.47000122070312,84.45500183105469,84.46499633789062,122220
2026-07-10 19:40:00+00:00,84.45500183105469,84.46620178222656,84.44999694824219,84.45999908447266,96812
2026-07-10 19:45:00+00:00,84.45500183105469,84.45999908447266,84.44999694824219,84.45999908447266,180054
2026-07-10 19:50:00+00:00,84.45010375976562,84.47000122070312,84.44999694824219,84.45999908447266,497820
2026-07-10 19:55:00+00:00,84.49500274658203,84.49800109863281,84.44000244140625,84.45500183105469,1083754
2026-07-13 13:30:00+00:00,84.2300033569336,84.2300033569336,84.16999816894531,84.18499755859375,683014
2026-07-13 13:35:00+00:00,84.16000366210938,84.21990203857422,84.16000366210938,84.20999908447266,203077
2026-07-13 13:40:00+00:00,84.20500183105469,84.2249984741211,84.15239715576172,84.15239715576172,160406
2026-07-13 13:45:00+00:00,84.18499755859375,84.25,84.18499755859375,84.20999908447266,273693
2026-07-13 13:50:00+00:00,84.19000244140625,84.20010375976562,84.18000030517578,84.18499755859375,101397
2026-07-13 13:55:00+00:00,84.22989654541016,84.2300033569336,84.19499969482422,84.19779968261719,136016
2026-07-13 14:00:00+00:00,84.26499938964844,84.2699966430664,84.22000122070312,84.22000122070312,123461
2026-07-13 14:05:00+00:00,84.25,84.2699966430664,84.2300033569336,84.26000213623047,95129
2026-07-13 14:10:00+00:00,84.26499938964844,84.27999877929688,84.23999786376953,84.25,161029
2026-07-13 14:15:00+00:00,84.11000061035156,84.2698974609375,84.05020141601562,84.26499938964844,951744
2026-07-13 14:20:00+00:00,84.19989776611328,84.19989776611328,84.08209991455078,84.1050033569336,101296
2026-07-13 14:25:00+00:00,84.22000122070312,84.23989868164062,84.18499755859375,84.1980972290039,178724
2026-07-13 14:30:00+00:00,84.19999694824219,84.2300033569336,84.19989776611328,84.22000122070312,135764
2026-07-13 14:35:00+00:00,84.16000366210938,84.20189666748047,84.1449966430664,84.20189666748047,124408
2026-07-13 14:40:00+00:00,84.18499755859375,84.18990325927734,84.14399719238281,84.16059875488281,166472
2026-07-13 14:45:00+00:00,84.1980972290039,84.20989990234375,84.1449966430664,84.18399810791016,104982
2026-07-13 14:50:00+00:00,84.14399719238281,84.21499633789062,84.1240005493164,84.19999694824219,216184
2026-07-13 14:55:00+00:00,84.16000366210938,84.18000030517578,84.1405029296875,84.14119720458984,129286
2026-07-13 15:00:00+00:00,84.13500213623047,84.17990112304688,84.13500213623047,84.16000366210938,57193
2026-07-13 15:05:00+00:00,84.09010314941406,84.13990020751953,84.08499908447266,84.12999725341797,267234
2026-07-13 15:10:00+00:00,84.09500122070312,84.09989929199219,84.06500244140625,84.08999633789062,117066
2026-07-13 15:15:00+00:00,84.1500015258789,84.16000366210938,84.07499694824219,84.0999984741211,157574
2026-07-13 15:20:00+00:00,84.11499786376953,84.15499877929688,84.11499786376953,84.15499877929688,265601
2026-07-13 15:25:00+00:00,84.12899780273438,84.13500213623047,84.0999984741211,84.11000061035156,103201
2026-07-13 15:30:00+00:00,84.08999633789062,84.12989807128906,84.08499908447266,84.12989807128906,183708
2026-07-13 15:35:00+00:00,84.1050033569336,84.12989807128906,84.08999633789062,84.0999984741211,102951
2026-07-13 15:40:00+00:00,84.09500122070312,84.11000061035156,84.08499908447266,84.10990142822266,124026
2026-07-13 15:45:00+00:00,84.125,84.125,84.08999633789062,84.0999984741211,80923
2026-07-13 15:50:00+00:00,84.12000274658203,84.12989807128906,84.08000183105469,84.12000274658203,156077
2026-07-13 15:55:00+00:00,84.13500213623047,84.14990234375,84.11000061035156,84.12989807128906,97085
2026-07-13 16:00:00+00:00,84.14360046386719,84.15499877929688,84.12000274658203,84.13200378417969,103969
2026-07-13 16:05:00+00:00,84.11399841308594,84.16000366210938,84.11190032958984,84.1500015258789,135427
2026-07-13 16:10:00+00:00,84.11209869384766,84.13990020751953,84.11209869384766,84.12000274658203,78086
2026-07-13 16:15:00+00:00,84.08000183105469,84.11990356445312,84.08000183105469,84.11499786376953,179019
2026-07-13 16:20:00+00:00,84.06780242919922,84.08509826660156,84.06210327148438,84.08000183105469,152172
2026-07-13 16:25:00+00:00,84.02999877929688,84.07499694824219,83.98999786376953,84.06500244140625,379070
2026-07-13 16:30:00+00:00,84.02989959716797,84.03500366210938,83.98999786376953,84.0250015258789,296088
2026-07-13 16:35:00+00:00,84.03990173339844,84.04000091552734,83.97229766845703,84.02999877929688,390848
2026-07-13 16:40:00+00:00,84.06999969482422,84.08000183105469,84.02999877929688,84.03990173339844,202193
2026-07-13 16:45:00+00:00,84.04989624023438,84.08999633789062,84.03399658203125,84.07990264892578,278639
2026-07-13 16:50:00+00:00,83.97380065917969,84.04989624023438,83.97109985351562,84.04499816894531,136450
2026-07-13 16:55:00+00:00,84.01860046386719,84.01860046386719,83.97000122070312,83.97119903564453,173619
2026-07-13 17:00:00+00:00,84.00499725341797,84.03500366210938,84.0,84.01499938964844,65900
2026-07-13 17:05:00+00:00,84.04000091552734,84.05500030517578,84.00499725341797,84.01000213623047,132083
2026-07-13 17:10:00+00:00,84.0250015258789,84.04740142822266,84.0199966430664,84.04740142822266,156390
2026-07-13 17:15:00+00:00,84.0,84.0250015258789,83.98999786376953,84.0199966430664,95971
2026-07-13 17:20:00+00:00,83.98999786376953,84.00499725341797,83.9800033569336,83.99500274658203,85050
2026-07-13 17:25:00+00:00,84.0,84.01000213623047,83.98999786376953,84.0,73274
2026-07-13 17:30:00+00:00,83.99500274658203,84.00769805908203,83.98999786376953,84.0,80643
2026-07-13 17:35:00+00:00,83.97760009765625,84.0,83.97000122070312,83.99500274658203,189254
2026-07-13 17:40:00+00:00,83.97000122070312,83.9800033569336,83.95500183105469,83.97000122070312,132470
2026-07-13 17:45:00+00:00,83.96009826660156,83.9800033569336,83.94000244140625,83.97000122070312,163650
2026-07-13 17:50:00+00:00,83.95500183105469,83.96990203857422,83.94499969482422,83.96499633789062,105754
2026-07-13 17:55:00+00:00,83.94499969482422,83.95999908447266,83.94000244140625,83.95999908447266,97473
2026-07-13 18:00:00+00:00,83.95010375976562,83.95999908447266,83.94000244140625,83.94000244140625,120539
2026-07-13 18:05:00+00:00,83.94940185546875,83.97000122070312,83.94499969482422,83.94999694824219,110513
2026-07-13 18:10:00+00:00,83.9749984741211,83.9800033569336,83.93499755859375,83.94499969482422,145730
2026-07-13 18:15:00+00:00,83.94499969482422,83.97850036621094,83.93399810791016,83.9749984741211,169937
2026-07-13 18:20:00+00:00,83.95999908447266,83.96499633789062,83.94000244140625,83.94999694824219,208823
2026-07-13 18:25:00+00:00,83.96499633789062,83.97000122070312,83.94300079345703,83.95999908447266,127389
2026-07-13 18:30:00+00:00,83.96499633789062,83.97000122070312,83.94000244140625,83.95999908447266,81274
2026-07-13 18:35:00+00:00,83.98999786376953,83.9999008178711,83.95999908447266,83.95999908447266,38586
2026-07-13 18:40:00+00:00,83.99500274658203,84.00499725341797,83.98500061035156,83.98999786376953,86925
2026-07-13 18:45:00+00:00,83.99500274658203,84.01000213623047,83.98999786376953,84.0,74760
2026-07-13 18:50:00+00:00,84.01000213623047,84.01499938964844,83.99500274658203,84.0,134617
2026-07-13 18:55:00+00:00,84.03500366210938,84.03610229492188,83.99500274658203,84.01000213623047,408295
2026-07-13 19:00:00+00:00,84.04989624023438,84.05000305175781,84.01499938964844,84.02999877929688,180082
2026-07-13 19:05:00+00:00,84.0199966430664,84.05500030517578,84.01499938964844,84.05000305175781,223614
2026-07-13 19:10:00+00:00,84.0,84.0250015258789,83.99500274658203,84.0199966430664,206076
2026-07-13 19:15:00+00:00,84.0250015258789,84.02999877929688,83.99500274658203,84.00499725341797,167872
2026-07-13 19:20:00+00:00,84.0199966430664,84.02999877929688,84.01000213623047,84.0250015258789,87265
2026-07-13 19:25:00+00:00,84.0,84.0250015258789,83.98999786376953,84.0250015258789,105990
2026-07-13 19:30:00+00:00,83.99639892578125,84.00499725341797,83.98999786376953,84.0,101460
2026-07-13 19:35:00+00:00,83.98999786376953,83.9999008178711,83.9800033569336,83.99500274658203,221733
2026-07-13 19:40:00+00:00,83.98999786376953,83.99500274658203,83.9800033569336,83.99500274658203,158554
2026-07-13 19:45:00+00:00,83.99500274658203,84.0,83.9800033569336,83.9800033569336,219734
2026-07-13 19:50:00+00:00,83.98999786376953,84.0,83.98500061035156,83.98999786376953,638178
2026-07-13 19:55:00+00:00,83.9800033569336,84.0,83.9800033569336,83.99500274658203,1132795
2026-07-14 13:30:00+00:00,84.08789825439453,84.19999694824219,84.08000183105469,84.16999816894531,1675902
2026-07-14 13:35:00+00:00,84.18499755859375,84.19999694824219,84.07499694824219,84.08000183105469,348720
2026-07-14 13:40:00+00:00,84.2249984741211,84.23999786376953,84.16000366210938,84.18499755859375,227272
2026-07-14 13:45:00+00:00,84.20999908447266,84.26499938964844,84.19000244140625,84.2249984741211,228392
2026-07-14 13:50:00+00:00,84.19999694824219,84.2300033569336,84.16000366210938,84.21499633789062,171536
2026-07-14 13:55:00+00:00,84.2300033569336,84.23999786376953,84.19000244140625,84.19499969482422,218442
2026-07-14 14:00:00+00:00,84.26809692382812,84.26899719238281,84.20500183105469,84.23500061035156,139753
2026-07-14 14:05:00+00:00,84.30010223388672,84.32499694824219,84.26000213623047,84.26499938964844,139365
2026-07-14 14:10:00+00:00,84.30000305175781,84.31500244140625,84.28500366210938,84.30999755859375,317456
2026-07-14 14:15:00+00:00,84.20950317382812,84.29010009765625,84.16000366210938,84.29000091552734,191096
2026-07-14 14:20:00+00:00,84.25050354003906,84.2699966430664,84.19999694824219,84.20500183105469,140323
2026-07-14 14:25:00+00:00,84.27999877929688,84.29000091552734,84.20999908447266,84.25,179280
2026-07-14 14:30:00+00:00,84.3550033569336,84.48999786376953,84.24500274658203,84.27999877929688,1166179
2026-07-14 14:35:00+00:00,84.28500366210938,84.36000061035156,84.27220153808594,84.3499984741211,214879
2026-07-14 14:40:00+00:00,84.24500274658203,84.30999755859375,84.2300033569336,84.27999877929688,126740
2026-07-14 14:45:00+00:00,84.20999908447266,84.25499725341797,84.20500183105469,84.23500061035156,124753
2026-07-14 14:50:00+00:00,84.24500274658203,84.25,84.2020034790039,84.2020034790039,91891
2026-07-14 14:55:00+00:00,84.25,84.27999877929688,84.23999786376953,84.26000213623047,58766
2026-07-14 15:00:00+00:00,84.31500244140625,84.38500213623047,84.19000244140625,84.23999786376953,635438
2026-07-14 15:05:00+00:00,84.37999725341797,84.39790344238281,84.30000305175781,84.30999755859375,226562
2026-07-14 15:10:00+00:00,84.40499877929688,84.41000366210938,84.3550033569336,84.37999725341797,134236
2026-07-14 15:15:00+00:00,84.43000030517578,84.43000030517578,84.4000015258789,84.41000366210938,156000
2026-07-14 15:20:00+00:00,84.44499969482422,84.47000122070312,84.41500091552734,84.43000030517578,316652
2026-07-14 15:25:00+00:00,84.41999816894531,84.45999908447266,84.41999816894531,84.44499969482422,95561
2026-07-14 15:30:00+00:00,84.28500366210938,84.41999816894531,84.2750015258789,84.41999816894531,100455
2026-07-14 15:35:00+00:00,84.23999786376953,84.30000305175781,84.23500061035156,84.27999877929688,731263
2026-07-14 15:40:00+00:00,84.1500015258789,84.23999786376953,84.1050033569336,84.23999786376953,572223
2026-07-14 15:45:00+00:00,84.16600036621094,84.21499633789062,84.1500015258789,84.1500015258789,537662
2026-07-14 15:50:00+00:00,84.12770080566406,84.16000366210938,84.08999633789062,84.16000366210938,306857
2026-07-14 15:55:00+00:00,84.125,84.12999725341797,84.09500122070312,84.12999725341797,169376
2026-07-14 16:00:00+00:00,84.06999969482422,84.13999938964844,84.06379699707031,84.12999725341797,290523
2026-07-14 16:05:00+00:00,84.08999633789062,84.0999984741211,84.0376968383789,84.07499694824219,185559
2026-07-14 16:10:00+00:00,84.0999984741211,84.11499786376953,84.08999633789062,84.0999984741211,303231
2026-07-14 16:15:00+00:00,84.0895004272461,84.12000274658203,84.0801010131836,84.0999984741211,89260
2026-07-14 16:20:00+00:00,84.08999633789062,84.09770202636719,84.06500244140625,84.08999633789062,179543
2026-07-14 16:25:00+00:00,84.09500122070312,84.1050033569336,84.08000183105469,84.08000183105469,220259
2026-07-14 16:30:00+00:00,84.13500213623047,84.1449966430664,84.0999984741211,84.10800170898438,122243
2026-07-14 16:35:00+00:00,84.12999725341797,84.15499877929688,84.12329864501953,84.13500213623047,38296
2026-07-14 16:40:00+00:00,84.1500015258789,84.16999816894531,84.12000274658203,84.12999725341797,254561
2026-07-14 16:45:00+00:00,84.12000274658203,84.16000366210938,84.11000061035156,84.15499877929688,84866
2026-07-14 16:50:00+00:00,84.13359832763672,84.1500015258789,84.11250305175781,84.12000274658203,176469
2026-07-14 16:55:00+00:00,84.16999816894531,84.17500305175781,84.14019775390625,84.1449966430664,29298
2026-07-14 17:00:00+00:00,84.14240264892578,84.17900085449219,84.14240264892578,84.17500305175781,80019
2026-07-14 17:05:00+00:00,84.16010284423828,84.16010284423828,84.13999938964844,84.1500015258789,26404
2026-07-14 17:10:00+00:00,84.12999725341797,84.16999816894531,84.12999725341797,84.16010284423828,55424
2026-07-14 17:15:00+00:00,84.12000274658203,84.125,84.0906982421875,84.12049865722656,87782
2026-07-14 17:20:00+00:00,84.16000366210938,84.16500091552734,84.11499786376953,84.12000274658203,54450
2026-07-14 17:25:00+00:00,84.20010375976562,84.20500183105469,84.16500091552734,84.16500091552734,55061
2026-07-14 17:30:00+00:00,84.18499755859375,84.2249984741211,84.18000030517578,84.20500183105469,236863
2026-07-14 17:35:00+00:00,84.16999816894531,84.18499755859375,84.16000366210938,84.18499755859375,65275
2026-07-14 17:40:00+00:00,84.17500305175781,84.17990112304688,84.16999816894531,84.16999816894531,62344
2026-07-14 17:45:00+00:00,84.19000244140625,84.19000244140625,84.15499877929688,84.17500305175781,165319
2026-07-14 17:50:00+00:00,84.1780014038086,84.20610046386719,84.17500305175781,84.19499969482422,52245
2026-07-14 17:55:00+00:00,84.16999816894531,84.17500305175781,84.16000366210938,84.17009735107422,30830
2026-07-14 18:00:00+00:00,84.16999816894531,84.17790222167969,84.16500091552734,84.16790008544922,16988
2026-07-14 18:05:00+00:00,84.16500091552734,84.17630004882812,84.16500091552734,84.17019653320312,60319
2026-07-14 18:10:00+00:00,84.19000244140625,84.19000244140625,84.16000366210938,84.16999816894531,84780
2026-07-14 18:15:00+00:00,84.20010375976562,84.20500183105469,84.19000244140625,84.19499969482422,85395
2026-07-14 18:20:00+00:00,84.16000366210938,84.19999694824219,84.16000366210938,84.19999694824219,39107
2026-07-14 18:25:00+00:00,84.15989685058594,84.18000030517578,84.1500015258789,84.16500091552734,70871
2026-07-14 18:30:00+00:00,84.15499877929688,84.16000366210938,84.12000274658203,84.1500015258789,65651
2026-07-14 18:35:00+00:00,84.125,84.1500015258789,84.11199951171875,84.1500015258789,127692
2026-07-14 18:40:00+00:00,84.09500122070312,84.125,84.05999755859375,84.12010192871094,270083
2026-07-14 18:45:00+00:00,84.08999633789062,84.1050033569336,84.08499908447266,84.08999633789062,210376
2026-07-14 18:50:00+00:00,84.1082992553711,84.11000061035156,84.08000183105469,84.08999633789062,76154
2026-07-14 18:55:00+00:00,84.12999725341797,84.13999938964844,84.11000061035156,84.12000274658203,110631
2026-07-14 19:00:00+00:00,84.1698989868164,84.1698989868164,84.12999725341797,84.12999725341797,80790
2026-07-14 19:05:00+00:00,84.17500305175781,84.18000030517578,84.16220092773438,84.16500091552734,1070899
2026-07-14 19:10:00+00:00,84.20500183105469,84.20999908447266,84.17500305175781,84.17500305175781,371058
2026-07-14 19:15:00+00:00,84.23500061035156,84.24500274658203,84.20010375976562,84.20500183105469,394225
2026-07-14 19:20:00+00:00,84.25499725341797,84.26000213623047,84.22940063476562,84.23999786376953,100827
2026-07-14 19:25:00+00:00,84.25,84.26499938964844,84.23999786376953,84.25420379638672,128239
2026-07-14 19:30:00+00:00,84.18000030517578,84.26499938964844,84.17500305175781,84.24500274658203,543898
2026-07-14 19:35:00+00:00,84.16500091552734,84.17900085449219,84.15499877929688,84.17900085449219,324139
2026-07-14 19:40:00+00:00,84.17500305175781,84.18000030517578,84.1500015258789,84.16000366210938,752877
2026-07-14 19:45:00+00:00,84.17500305175781,84.19960021972656,84.16999816894531,84.18000030517578,218428
2026-07-14 19:50:00+00:00,84.13500213623047,84.19000244140625,84.12999725341797,84.17500305175781,506725
2026-07-14 19:55:00+00:00,84.08000183105469,84.13999938964844,84.06999969482422,84.13500213623047,1096110
2026-07-15 13:30:00+00:00,84.12999725341797,84.12999725341797,84.08000183105469,84.08000183105469,1087329
2026-07-15 13:35:00+00:00,84.13999938964844,84.16500091552734,84.125,84.125,175642
2026-07-15 13:40:00+00:00,84.14990234375,84.16000366210938,84.12999725341797,84.14099884033203,164269
2026-07-15 13:45:00+00:00,84.17009735107422,84.18000030517578,84.1449966430664,84.1449966430664,106724
2026-07-15 13:50:00+00:00,84.19999694824219,84.19999694824219,84.16000366210938,84.17500305175781,141305
2026-07-15 13:55:00+00:00,84.21499633789062,84.28500366210938,84.19499969482422,84.19499969482422,449169
2026-07-15 14:00:00+00:00,84.23500061035156,84.28500366210938,84.22000122070312,84.22000122070312,146443
2026-07-15 14:05:00+00:00,84.27010345458984,84.27960205078125,84.2249984741211,84.23500061035156,304054
2026-07-15 14:10:00+00:00,84.23500061035156,84.28500366210938,84.2300033569336,84.27999877929688,160218
2026-07-15 14:15:00+00:00,84.2699966430664,84.28500366210938,84.23999786376953,84.23999786376953,197593
2026-07-15 14:20:00+00:00,84.2300033569336,84.27999877929688,84.22000122070312,84.2750015258789,401801
2026-07-15 14:25:00+00:00,84.25499725341797,84.2699966430664,84.21070098876953,84.23030090332031,214202
2026-07-15 14:30:00+00:00,84.29000091552734,84.30000305175781,84.26000213623047,84.26000213623047,120753
2026-07-15 14:35:00+00:00,84.2750015258789,84.28780364990234,84.26499938964844,84.27999877929688,105643
2026-07-15 14:40:00+00:00,84.2300033569336,84.29000091552734,84.2300033569336,84.27989959716797,239059
2026-07-15 14:45:00+00:00,84.29000091552734,84.29000091552734,84.22000122070312,84.2300033569336,131654
2026-07-15 14:50:00+00:00,84.30000305175781,84.31999969482422,84.28500366210938,84.29000091552734,164558
2026-07-15 14:55:00+00:00,84.30999755859375,84.31999969482422,84.29000091552734,84.29499816894531,419192
2026-07-15 15:00:00+00:00,84.29000091552734,84.31990051269531,84.28070068359375,84.30500030517578,179452
2026-07-15 15:05:00+00:00,84.2780990600586,84.29499816894531,84.26499938964844,84.28500366210938,101971
2026-07-15 15:10:00+00:00,84.2249984741211,84.27999877929688,84.2249984741211,84.27999877929688,114040
2026-07-15 15:15:00+00:00,84.25499725341797,84.2594985961914,84.20999908447266,84.22149658203125,112787
2026-07-15 15:20:00+00:00,84.27999877929688,84.27999877929688,84.22000122070312,84.2500991821289,104731
2026-07-15 15:25:00+00:00,84.33000183105469,84.33000183105469,84.27999877929688,84.28500366210938,138753
2026-07-15 15:30:00+00:00,84.36799621582031,84.37000274658203,84.33000183105469,84.33000183105469,88540
2026-07-15 15:35:00+00:00,84.36499786376953,84.4000015258789,84.3550033569336,84.36499786376953,176456
2026-07-15 15:40:00+00:00,84.38069915771484,84.40499877929688,84.36930084228516,84.37000274658203,231282
2026-07-15 15:45:00+00:00,84.3550033569336,84.4000015258789,84.3550033569336,84.38500213623047,835904
2026-07-15 15:50:00+00:00,84.34500122070312,84.36000061035156,84.33000183105469,84.35230255126953,218357
2026-07-15 15:55:00+00:00,84.33000183105469,84.3499984741211,84.32499694824219,84.3499984741211,231595
2026-07-15 16:00:00+00:00,84.28500366210938,84.33999633789062,84.27999877929688,84.32499694824219,294567
2026-07-15 16:05:00+00:00,84.29209899902344,84.31500244140625,84.27999877929688,84.28500366210938,83373
2026-07-15 16:10:00+00:00,84.26499938964844,84.29989624023438,84.25499725341797,84.29989624023438,92760
2026-07-15 16:15:00+00:00,84.2750015258789,84.29499816894531,84.2699966430664,84.2699966430664,102857
2026-07-15 16:20:00+00:00,84.2699966430664,84.27999877929688,84.23989868164062,84.2699966430664,140525
2026-07-15 16:25:00+00:00,84.22000122070312,84.29000091552734,84.22000122070312,84.2699966430664,84884
2026-07-15 16:30:00+00:00,84.26499938964844,84.28990173339844,84.21499633789062,84.22000122070312,126384
2026-07-15 16:35:00+00:00,84.24500274658203,84.2677993774414,84.23999786376953,84.26000213623047,35157
2026-07-15 16:40:00+00:00,84.2300033569336,84.25769805908203,84.2300033569336,84.24500274658203,86525
2026-07-15 16:45:00+00:00,84.29000091552734,84.37999725341797,84.22260284423828,84.22260284423828,982504
2026-07-15 16:50:00+00:00,84.26000213623047,84.30500030517578,84.26000213623047,84.29000091552734,68680
2026-07-15 16:55:00+00:00,84.25,84.26000213623047,84.24009704589844,84.26000213623047,42173
2026-07-15 17:00:00+00:00,84.29000091552734,84.29499816894531,84.25499725341797,84.25499725341797,156392
2026-07-15 17:05:00+00:00,84.30000305175781,84.30799865722656,84.28009796142578,84.28500366210938,24626
2026-07-15 17:10:00+00:00,84.26010131835938,84.30500030517578,84.26000213623047,84.30500030517578,62575
2026-07-15 17:15:00+00:00,84.28009796142578,84.28970336914062,84.26010131835938,84.26840209960938,28159
2026-07-15 17:20:00+00:00,84.28500366210938,84.28900146484375,84.2699966430664,84.28500366210938,63407
2026-07-15 17:25:00+00:00,84.30999755859375,84.30999755859375,84.28500366210938,84.28500366210938,129279
2026-07-15 17:30:00+00:00,84.26499938964844,84.32499694824219,84.26499938964844,84.30999755859375,138178
2026-07-15 17:35:00+00:00,84.29070281982422,84.30500030517578,84.26499938964844,84.26499938964844,140309
2026-07-15 17:40:00+00:00,84.26020050048828,84.30000305175781,84.26020050048828,84.29000091552734,31261
2026-07-15 17:45:00+00:00,84.31500244140625,84.31500244140625,84.26499938964844,84.26499938964844,77397
2026-07-15 17:50:00+00:00,84.30000305175781,84.32499694824219,84.28500366210938,84.32499694824219,185462
2026-07-15 17:55:00+00:00,84.30500030517578,84.31999969482422,84.29499816894531,84.30000305175781,66612
2026-07-15 18:00:00+00:00,84.2750015258789,84.30000305175781,84.2750015258789,84.30000305175781,51230
2026-07-15 18:05:00+00:00,84.27999877929688,84.29499816894531,84.2699966430664,84.27989959716797,25686
2026-07-15 18:10:00+00:00,84.28500366210938,84.28510284423828,84.26000213623047,84.2750015258789,64269
2026-07-15 18:15:00+00:00,84.29000091552734,84.29000091552734,84.26499938964844,84.27999877929688,53016
2026-07-15 18:20:00+00:00,84.28500366210938,84.29000091552734,84.27999877929688,84.28500366210938,21109
2026-07-15 18:25:00+00:00,84.29000091552734,84.30000305175781,84.27189636230469,84.28500366210938,62742
2026-07-15 18:30:00+00:00,84.30500030517578,84.32499694824219,84.29000091552734,84.29000091552734,60958
2026-07-15 18:35:00+00:00,84.33999633789062,84.33999633789062,84.30180358886719,84.30799865722656,19313
2026-07-15 18:40:00+00:00,84.28500366210938,84.33799743652344,84.28500366210938,84.33499908447266,137906
2026-07-15 18:45:00+00:00,84.30010223388672,84.30500030517578,84.27999877929688,84.28500366210938,263352
2026-07-15 18:50:00+00:00,84.28009796142578,84.30989837646484,84.27999877929688,84.30000305175781,41940
2026-07-15 18:55:00+00:00,84.27999877929688,84.30780029296875,84.2699966430664,84.28500366210938,1344163
2026-07-15 19:00:00+00:00,84.33450317382812,84.33499908447266,84.2698974609375,84.27999877929688,189431
2026-07-15 19:05:00+00:00,84.3301010131836,84.34989929199219,84.32230377197266,84.33499908447266,80154
2026-07-15 19:10:00+00:00,84.34320068359375,84.36499786376953,84.32009887695312,84.33000183105469,244500
2026-07-15 19:15:00+00:00,84.35970306396484,84.36499786376953,84.34500122070312,84.3550033569336,79815
2026-07-15 19:20:00+00:00,84.36499786376953,84.37999725341797,84.34500122070312,84.3499984741211,75474
2026-07-15 19:25:00+00:00,84.3550033569336,84.36990356445312,84.3550033569336,84.36029815673828,36978
2026-07-15 19:30:00+00:00,84.29000091552734,84.38500213623047,84.27999877929688,84.35220336914062,554930
2026-07-15 19:35:00+00:00,84.29499816894531,84.30000305175781,84.2500991821289,84.28500366210938,207478
2026-07-15 19:40:00+00:00,84.30500030517578,84.31900024414062,84.29499816894531,84.29499816894531,121173
2026-07-15 19:45:00+00:00,84.2699966430664,84.30999755859375,84.2699966430664,84.30500030517578,111487
2026-07-15 19:50:00+00:00,84.26499938964844,84.29499816894531,84.26000213623047,84.2699966430664,509444
2026-07-15 19:55:00+00:00,84.23500061035156,84.30000305175781,84.2300033569336,84.2699966430664,1058245
2026-07-16 13:30:00+00:00,83.80500030517578,83.87000274658203,83.80000305175781,83.83999633789062,1178416
2026-07-16 13:35:00+00:00,83.80000305175781,83.8280029296875,83.79000091552734,83.80500030517578,160463
2026-07-16 13:40:00+00:00,83.80760192871094,83.82499694824219,83.80000305175781,83.80000305175781,336812
2026-07-16 13:45:00+00:00,83.8499984741211,83.8499984741211,83.79229736328125,83.80740356445312,205418
2026-07-16 13:50:00+00:00,83.8499984741211,83.86000061035156,83.82499694824219,83.8499984741211,289833
2026-07-16 13:55:00+00:00,83.83000183105469,83.84660339355469,83.81999969482422,83.83999633789062,388580
2026-07-16 14:00:00+00:00,83.93000030517578,83.93000030517578,83.82499694824219,83.82499694824219,275474
2026-07-16 14:05:00+00:00,83.91999816894531,83.94000244140625,83.91000366210938,83.93000030517578,166259
2026-07-16 14:10:00+00:00,83.93949890136719,83.94000244140625,83.89099884033203,83.91999816894531,490076
2026-07-16 14:15:00+00:00,83.95999908447266,83.96499633789062,83.93499755859375,83.94000244140625,171018
2026-07-16 14:20:00+00:00,83.9198989868164,83.95999908447266,83.89309692382812,83.95999908447266,90996
2026-07-16 14:25:00+00:00,83.90499877929688,83.91999816894531,83.90270233154297,83.91000366210938,227263
2026-07-16 14:30:00+00:00,83.88500213623047,83.91500091552734,83.87999725341797,83.90499877929688,113773
2026-07-16 14:35:00+00:00,83.8499984741211,83.8949966430664,83.8499984741211,83.881103515625,206481
2026-07-16 14:40:00+00:00,83.87999725341797,83.87999725341797,83.84010314941406,83.8499984741211,115260
2026-07-16 14:45:00+00:00,83.88500213623047,83.88999938964844,83.86009979248047,83.87999725341797,72400
2026-07-16 14:50:00+00:00,83.9032974243164,83.91500091552734,83.87999725341797,83.88999938964844,107370
2026-07-16 14:55:00+00:00,83.88500213623047,83.93000030517578,83.87000274658203,83.91010284423828,193331
2026-07-16 15:00:00+00:00,83.8550033569336,83.87999725341797,83.83999633789062,83.87999725341797,319040
2026-07-16 15:05:00+00:00,83.87999725341797,83.87999725341797,83.83000183105469,83.85009765625,198567
2026-07-16 15:10:00+00:00,83.92500305175781,83.93000030517578,83.87000274658203,83.875,126219
2026-07-16 15:15:00+00:00,83.939697265625,83.97000122070312,83.91999816894531,83.92500305175781,125985
2026-07-16 15:20:00+00:00,83.97119903564453,83.9801025390625,83.94000244140625,83.94000244140625,129254
2026-07-16 15:25:00+00:00,83.99009704589844,84.00499725341797,83.9800033569336,83.9800033569336,101933
2026-07-16 15:30:00+00:00,84.03199768066406,84.03199768066406,83.9800033569336,83.99019622802734,203512
2026-07-16 15:35:00+00:00,83.99500274658203,84.03990173339844,83.98999786376953,84.02999877929688,171098
2026-07-16 15:40:00+00:00,84.01499938964844,84.0199966430664,83.99009704589844,84.0,123860
2026-07-16 15:45:00+00:00,84.04010009765625,84.05999755859375,84.01000213623047,84.0199966430664,426377
2026-07-16 15:50:00+00:00,84.0376968383789,84.06839752197266,84.02999877929688,84.04499816894531,158069
2026-07-16 15:55:00+00:00,84.02999877929688,84.03500366210938,84.00499725341797,84.03009796142578,391163
2026-07-16 16:00:00+00:00,84.01280212402344,84.04499816894531,84.00499725341797,84.02999877929688,129953
2026-07-16 16:05:00+00:00,84.02999877929688,84.03500366210938,83.99500274658203,84.01499938964844,78252
2026-07-16 16:10:00+00:00,84.02230072021484,84.02999877929688,84.01000213623047,84.0250015258789,61484
2026-07-16 16:15:00+00:00,84.00499725341797,84.03500366210938,84.00499725341797,84.0199966430664,731873
2026-07-16 16:20:00+00:00,83.94999694824219,84.00499725341797,83.94999694824219,84.00499725341797,251805
2026-07-16 16:25:00+00:00,83.9800033569336,84.23999786376953,83.93000030517578,83.95500183105469,360199
2026-07-16 16:30:00+00:00,84.0,84.0,83.97000122070312,83.97989654541016,2093923
2026-07-16 16:35:00+00:00,83.98999786376953,84.0,83.98500061035156,83.99500274658203,127840
2026-07-16 16:40:00+00:00,83.99500274658203,84.0,83.9800033569336,83.99500274658203,90642
2026-07-16 16:45:00+00:00,83.99500274658203,84.0,83.98500061035156,83.99500274658203,64858
2026-07-16 16:50:00+00:00,84.05000305175781,84.05000305175781,83.99500274658203,83.99500274658203,178613
2026-07-16 16:55:00+00:00,84.07969665527344,84.08989715576172,84.05010223388672,84.05500030517578,81433
2026-07-16 17:00:00+00:00,84.06500244140625,84.08000183105469,84.05999755859375,84.07009887695312,55016
2026-07-16 17:05:00+00:00,84.05000305175781,84.06999969482422,84.05000305175781,84.05999755859375,55425
2026-07-16 17:10:00+00:00,84.05010223388672,84.06999969482422,84.03500366210938,84.05000305175781,579552
2026-07-16 17:15:00+00:00,84.08280181884766,84.08499908447266,84.05000305175781,84.05500030517578,170229
2026-07-16 17:20:00+00:00,84.08499908447266,84.0999984741211,84.08000183105469,84.08999633789062,126911
2026-07-16 17:25:00+00:00,84.08999633789062,84.0999984741211,84.0801010131836,84.08999633789062,119709
2026-07-16 17:30:00+00:00,84.08999633789062,84.11000061035156,84.0801010131836,84.09210205078125,300549
2026-07-16 17:35:00+00:00,84.0999984741211,84.11499786376953,84.08999633789062,84.09500122070312,320386
2026-07-16 17:40:00+00:00,84.12999725341797,84.12999725341797,84.0999984741211,84.10009765625,79376
2026-07-16 17:45:00+00:00,84.13990020751953,84.13990020751953,84.11009979248047,84.125,71010
2026-07-16 17:50:00+00:00,84.15010070800781,84.1698989868164,84.12999725341797,84.12999725341797,80662
2026-07-16 17:55:00+00:00,84.12210083007812,84.15689849853516,84.12000274658203,84.1500015258789,160767
2026-07-16 18:00:00+00:00,84.13999938964844,84.1500015258789,84.11009979248047,84.12000274658203,74028
2026-07-16 18:05:00+00:00,84.13500213623047,84.13999938964844,84.12000274658203,84.13999938964844,76999
2026-07-16 18:10:00+00:00,84.16500091552734,84.18710327148438,84.13009643554688,84.1323013305664,96899
2026-07-16 18:15:00+00:00,84.1510009765625,84.1677017211914,84.1500015258789,84.16500091552734,190312
2026-07-16 18:20:00+00:00,84.1449966430664,84.1677017211914,84.13999938964844,84.15499877929688,148566
2026-07-16 18:25:00+00:00,84.13999938964844,84.1500015258789,84.13500213623047,84.1449966430664,56869
2026-07-16 18:30:00+00:00,84.12000274658203,84.1449966430664,84.11000061035156,84.13999938964844,128069
2026-07-16 18:35:00+00:00,84.11000061035156,84.12999725341797,84.10449981689453,84.125,76640
2026-07-16 18:40:00+00:00,84.12010192871094,84.13500213623047,84.11000061035156,84.11250305175781,79707
2026-07-16 18:45:00+00:00,84.0999984741211,84.12999725341797,84.08999633789062,84.11499786376953,81751
2026-07-16 18:50:00+00:00,84.08499908447266,84.1050033569336,84.08000183105469,84.09500122070312,257820
2026-07-16 18:55:00+00:00,84.09960174560547,84.0999984741211,84.08000183105469,84.08499908447266,113174
2026-07-16 19:00:00+00:00,84.11499786376953,84.12000274658203,84.09500122070312,84.09500122070312,44662
2026-07-16 19:05:00+00:00,84.12000274658203,84.12000274658203,84.0999984741211,84.11000061035156,93796
2026-07-16 19:10:00+00:00,84.11499786376953,84.12000274658203,84.08999633789062,84.11250305175781,47876
2026-07-16 19:15:00+00:00,84.11990356445312,84.11990356445312,84.10279846191406,84.11499786376953,68227
2026-07-16 19:20:00+00:00,84.1177978515625,84.12999725341797,84.11000061035156,84.11499786376953,315589
2026-07-16 19:25:00+00:00,84.15499877929688,84.16000366210938,84.11000061035156,84.11499786376953,83475
2026-07-16 19:30:00+00:00,84.125,84.15499877929688,84.12010192871094,84.15499877929688,240916
2026-07-16 19:35:00+00:00,84.13500213623047,84.13999938964844,84.11000061035156,84.125,377553
2026-07-16 19:40:00+00:00,84.1449966430664,84.1500015258789,84.12999725341797,84.13500213623047,110819
2026-07-16 19:45:00+00:00,84.16000366210938,84.17500305175781,84.13999938964844,84.1500015258789,394904
2026-07-16 19:50:00+00:00,84.19499969482422,84.19999694824219,84.16000366210938,84.16500091552734,409040
2026-07-16 19:55:00+00:00,84.21829986572266,84.21829986572266,84.16010284423828,84.19000244140625,1271570
2026-07-17 13:30:00+00:00,84.7300033569336,84.73999786376953,84.5999984741211,84.62000274658203,1773942
2026-07-17 13:35:00+00:00,84.79499816894531,84.81510162353516,84.72000122070312,84.7300033569336,1199542
2026-07-17 13:40:00+00:00,84.78510284423828,84.80000305175781,84.75749969482422,84.80000305175781,1159183
2026-07-17 13:45:00+00:00,84.76499938964844,84.81999969482422,84.73999786376953,84.78500366210938,635868
2026-07-17 13:50:00+00:00,84.73999786376953,84.7698974609375,84.72000122070312,84.76499938964844,360467
2026-07-17 13:55:00+00:00,84.7301025390625,84.75499725341797,84.7300033569336,84.75,208050
2026-07-17 14:00:00+00:00,84.73500061035156,84.75499725341797,84.7249984741211,84.73999786376953,292365
2026-07-17 14:05:00+00:00,84.7249984741211,84.73809814453125,84.69400024414062,84.73809814453125,391127
2026-07-17 14:10:00+00:00,84.74500274658203,84.76000213623047,84.72000122070312,84.72010040283203,196149
2026-07-17 14:15:00+00:00,84.73999786376953,84.76499938964844,84.70999908447266,84.74500274658203,225766
2026-07-17 14:20:00+00:00,84.71499633789062,84.74500274658203,84.70999908447266,84.73999786376953,87725
2026-07-17 14:25:00+00:00,84.65499877929688,84.72920227050781,84.6500015258789,84.70999908447266,208874
2026-07-17 14:30:00+00:00,84.70249938964844,84.70249938964844,84.66000366210938,84.66000366210938,184694
2026-07-17 14:35:00+00:00,84.68990325927734,84.70999908447266,84.68000030517578,84.70500183105469,183997
2026-07-17 14:40:00+00:00,84.68049621582031,84.69999694824219,84.67500305175781,84.69000244140625,190226
2026-07-17 14:45:00+00:00,84.69000244140625,84.69999694824219,84.67500305175781,84.68000030517578,163362
2026-07-17 14:50:00+00:00,84.66000366210938,84.68499755859375,84.6500015258789,84.68000030517578,325536
2026-07-17 14:55:00+00:00,84.72000122070312,84.72000122070312,84.63999938964844,84.6531982421875,293432
2026-07-17 15:00:00+00:00,84.71029663085938,84.71890258789062,84.67030334472656,84.70999908447266,46596
2026-07-17 15:05:00+00:00,84.71499633789062,84.72750091552734,84.69999694824219,84.72000122070312,69077
2026-07-17 15:10:00+00:00,84.68499755859375,84.73999786376953,84.67500305175781,84.71499633789062,79323
2026-07-17 15:15:00+00:00,84.68000030517578,84.69999694824219,84.67500305175781,84.69000244140625,89099
2026-07-17 15:20:00+00:00,84.65499877929688,84.69499969482422,84.65499877929688,84.68779754638672,83268
2026-07-17 15:25:00+00:00,84.63999938964844,84.66000366210938,84.625,84.65499877929688,91795
2026-07-17 15:30:00+00:00,84.63999938964844,84.65499877929688,84.5999984741211,84.63999938964844,269565
2026-07-17 15:35:00+00:00,84.61000061035156,84.63999938964844,84.6050033569336,84.63999938964844,151932
2026-07-17 15:40:00+00:00,84.62000274658203,84.62999725341797,84.6050033569336,84.6050033569336,72325
2026-07-17 15:45:00+00:00,84.63780212402344,84.63999938964844,84.61499786376953,84.625,110401
2026-07-17 15:50:00+00:00,84.61000061035156,84.6449966430664,84.61000061035156,84.63500213623047,81419
2026-07-17 15:55:00+00:00,84.62999725341797,84.62999725341797,84.61000061035156,84.61499786376953,78342
2026-07-17 16:00:00+00:00,84.51499938964844,84.63500213623047,84.49500274658203,84.63500213623047,899944
2026-07-17 16:05:00+00:00,84.55000305175781,84.55000305175781,84.51329803466797,84.5199966430664,148307
2026-07-17 16:10:00+00:00,84.54000091552734,84.55999755859375,84.52999877929688,84.54229736328125,152830
2026-07-17 16:15:00+00:00,84.51000213623047,84.54000091552734,84.5,84.53500366210938,61158
2026-07-17 16:20:00+00:00,84.55999755859375,84.56500244140625,84.5199966430664,84.5199966430664,72837
2026-07-17 16:25:00+00:00,84.6050033569336,84.6050033569336,84.55500030517578,84.5698013305664,216560
2026-07-17 16:30:00+00:00,84.55999755859375,84.5999984741211,84.55999755859375,84.5999984741211,66849
2026-07-17 16:35:00+00:00,84.55999755859375,84.56500244140625,84.52999877929688,84.55000305175781,55946
2026-07-17 16:40:00+00:00,84.58000183105469,84.58000183105469,84.55500030517578,84.56500244140625,94734
2026-07-17 16:45:00+00:00,84.56999969482422,84.58000183105469,84.55000305175781,84.58000183105469,98119
2026-07-17 16:50:00+00:00,84.55280303955078,84.57499694824219,84.55269622802734,84.57009887695312,39595
2026-07-17 16:55:00+00:00,84.54499816894531,84.55509948730469,84.54000091552734,84.55000305175781,191857
2026-07-17 17:00:00+00:00,84.55599975585938,84.56500244140625,84.54000091552734,84.54499816894531,74758
2026-07-17 17:05:00+00:00,84.55500030517578,84.56990051269531,84.54499816894531,84.55500030517578,65250
2026-07-17 17:10:00+00:00,84.53990173339844,84.55719757080078,84.53009796142578,84.55500030517578,103537
2026-07-17 17:15:00+00:00,84.51499938964844,84.53500366210938,84.51499938964844,84.53500366210938,78119
2026-07-17 17:20:00+00:00,84.527099609375,84.54000091552734,84.51000213623047,84.51499938964844,146693
2026-07-17 17:25:00+00:00,84.53500366210938,84.53730010986328,84.5250015258789,84.5250015258789,114262
2026-07-17 17:30:00+00:00,84.52989959716797,84.5363998413086,84.5199966430664,84.52999877929688,175770
2026-07-17 17:35:00+00:00,84.53500366210938,84.55000305175781,84.52310180664062,84.5250015258789,120651
2026-07-17 17:40:00+00:00,84.5250015258789,84.53829956054688,84.5199966430664,84.52999877929688,105400
2026-07-17 17:45:00+00:00,84.5250015258789,84.52999877929688,84.52010345458984,84.5250015258789,62890
2026-07-17 17:50:00+00:00,84.51000213623047,84.5250015258789,84.5000991821289,84.5250015258789,57730
2026-07-17 17:55:00+00:00,84.52010345458984,84.52999877929688,84.50499725341797,84.5199966430664,57965
2026-07-17 18:00:00+00:00,84.5199966430664,84.53500366210938,84.51010131835938,84.52770233154297,74152
2026-07-17 18:05:00+00:00,84.54499816894531,84.55000305175781,84.51290130615234,84.51499938964844,100160
2026-07-17 18:10:00+00:00,84.55000305175781,84.56710052490234,84.53990173339844,84.54499816894531,72959
2026-07-17 18:15:00+00:00,84.56510162353516,84.58989715576172,84.55000305175781,84.55000305175781,62419
2026-07-17 18:20:00+00:00,84.58989715576172,84.5999984741211,84.55999755859375,84.56500244140625,82683
2026-07-17 18:25:00+00:00,84.58999633789062,84.5999984741211,84.58999633789062,84.58999633789062,329348
2026-07-17 18:30:00+00:00,84.61000061035156,84.61000061035156,84.58499908447266,84.59850311279297,102689
2026-07-17 18:35:00+00:00,84.61499786376953,84.62999725341797,84.61000061035156,84.61000061035156,148392
2026-07-17 18:40:00+00:00,84.6050033569336,84.61360168457031,84.5999984741211,84.61009979248047,26941
2026-07-17 18:45:00+00:00,84.57499694824219,84.60870361328125,84.56999969482422,84.6050033569336,196490
2026-07-17 18:50:00+00:00,84.56500244140625,84.57990264892578,84.56009674072266,84.57499694824219,41822
2026-07-17 18:55:00+00:00,84.56500244140625,84.57499694824219,84.55999755859375,84.56999969482422,62633
2026-07-17 19:00:00+00:00,84.54499816894531,84.58000183105469,84.54000091552734,84.56999969482422,117868
2026-07-17 19:05:00+00:00,84.52999877929688,84.55000305175781,84.52999877929688,84.54789733886719,90468
2026-07-17 19:10:00+00:00,84.51499938964844,84.52999877929688,84.51499938964844,84.5199966430664,50173
2026-07-17 19:15:00+00:00,84.51499938964844,84.5199966430664,84.5000991821289,84.51499938964844,78594
2026-07-17 19:20:00+00:00,84.5250015258789,84.52999877929688,84.51499938964844,84.51499938964844,156249
2026-07-17 19:25:00+00:00,84.5436019897461,84.54499816894531,84.5199966430664,84.5250015258789,78602
2026-07-17 19:30:00+00:00,84.55000305175781,84.55999755859375,84.54340362548828,84.55000305175781,131749
2026-07-17 19:35:00+00:00,84.54429626464844,84.55500030517578,84.52999877929688,84.55000305175781,205519
2026-07-17 19:40:00+00:00,84.53500366210938,84.55000305175781,84.53009796142578,84.54499816894531,182796
2026-07-17 19:45:00+00:00,84.51499938964844,84.53579711914062,84.50499725341797,84.52999877929688,459319
2026-07-17 19:50:00+00:00,84.52220153808594,84.52999877929688,84.51000213623047,84.51499938964844,736974
2026-07-17 19:55:00+00:00,84.52999877929688,84.52999877929688,84.49019622802734,84.52999877929688,2387365
2026-07-20 13:30:00+00:00,84.31999969482422,84.33999633789062,84.27999877929688,84.30000305175781,692380
2026-07-20 13:35:00+00:00,84.30989837646484,84.33799743652344,84.30000305175781,84.33000183105469,111291
2026-07-20 13:40:00+00:00,84.25,84.30999755859375,84.2300033569336,84.30999755859375,220978
2026-07-20 13:45:00+00:00,84.2750015258789,84.27999877929688,84.2488021850586,84.26000213623047,148921
2026-07-20 13:50:00+00:00,84.2500991821289,84.27999877929688,84.23999786376953,84.27999877929688,206484
2026-07-20 13:55:00+00:00,84.18009948730469,84.26000213623047,84.18009948730469,84.25499725341797,284689
2026-07-20 14:00:00+00:00,84.15010070800781,84.19989776611328,84.1500015258789,84.18000030517578,215791
2026-07-20 14:05:00+00:00,84.13500213623047,84.15989685058594,84.0999984741211,84.1500015258789,138710
2026-07-20 14:10:00+00:00,84.12999725341797,84.1500015258789,84.11000061035156,84.12999725341797,738335
2026-07-20 14:15:00+00:00,84.16999816894531,84.17500305175781,84.12999725341797,84.13500213623047,632661
2026-07-20 14:20:00+00:00,84.1500015258789,84.16999816894531,84.1449966430664,84.16999816894531,202842
2026-07-20 14:25:00+00:00,84.16999816894531,84.18000030517578,84.1449966430664,84.1500015258789,261338
2026-07-20 14:30:00+00:00,84.15499877929688,84.16999816894531,84.12999725341797,84.16500091552734,248465
2026-07-20 14:35:00+00:00,84.18000030517578,84.18000030517578,84.1449966430664,84.15499877929688,207418
2026-07-20 14:40:00+00:00,84.17990112304688,84.19999694824219,84.16999816894531,84.17500305175781,129450
2026-07-20 14:45:00+00:00,84.20989990234375,84.22000122070312,84.17500305175781,84.17769622802734,52893
2026-07-20 14:50:00+00:00,84.15499877929688,84.20880126953125,84.15499877929688,84.20500183105469,250508
2026-07-20 14:55:00+00:00,84.16500091552734,84.18000030517578,84.1500015258789,84.15499877929688,82224
2026-07-20 15:00:00+00:00,84.125,84.16000366210938,84.12000274658203,84.16000366210938,142146
2026-07-20 15:05:00+00:00,84.16000366210938,84.16999816894531,84.08999633789062,84.12000274658203,129908
2026-07-20 15:10:00+00:00,84.09500122070312,84.1500015258789,84.09500122070312,84.1500015258789,111716
2026-07-20 15:15:00+00:00,84.07499694824219,84.09500122070312,84.06999969482422,84.08999633789062,199763
2026-07-20 15:20:00+00:00,84.04499816894531,84.08000183105469,84.02999877929688,84.07499694824219,241484
2026-07-20 15:25:00+00:00,84.05850219726562,84.07499694824219,84.04499816894531,84.04499816894531,165979
2026-07-20 15:30:00+00:00,84.01409912109375,84.06549835205078,84.0,84.05280303955078,660577
2026-07-20 15:35:00+00:00,83.98999786376953,84.0199966430664,83.96499633789062,84.01000213623047,268889
2026-07-20 15:40:00+00:00,83.9749984741211,84.0,83.97000122070312,83.98500061035156,343564
2026-07-20 15:45:00+00:00,84.00499725341797,84.00499725341797,83.95999908447266,83.9800033569336,239452
2026-07-20 15:50:00+00:00,84.00499725341797,84.029296875,83.98999786376953,84.00499725341797,271780
2026-07-20 15:55:00+00:00,84.00990295410156,84.01000213623047,83.98999786376953,84.00289916992188,260369
2026-07-20 16:00:00+00:00,83.99400329589844,84.0250015258789,83.99400329589844,84.00129699707031,317482
2026-07-20 16:05:00+00:00,84.0094985961914,84.0199966430664,83.99500274658203,83.99629974365234,324365
2026-07-20 16:10:00+00:00,83.9749984741211,84.00749969482422,83.95999908447266,84.00749969482422,280265
2026-07-20 16:15:00+00:00,83.95500183105469,83.97000122070312,83.94000244140625,83.97000122070312,458856
2026-07-20 16:20:00+00:00,83.95010375976562,83.96499633789062,83.94999694824219,83.95500183105469,225405
2026-07-20 16:25:00+00:00,83.94950103759766,83.96499633789062,83.91999816894531,83.95500183105469,371483
2026-07-20 16:30:00+00:00,83.9175033569336,83.95999908447266,83.9000015258789,83.94999694824219,218305
2026-07-20 16:35:00+00:00,83.92500305175781,83.93920135498047,83.91000366210938,83.91000366210938,65628
2026-07-20 16:40:00+00:00,83.87969970703125,83.92990112304688,83.81999969482422,83.92500305175781,893566
2026-07-20 16:45:00+00:00,83.88500213623047,83.88999938964844,83.86000061035156,83.875,236258
2026-07-20 16:50:00+00:00,83.86000061035156,83.8949966430664,83.8572006225586,83.88500213623047,288172
2026-07-20 16:55:00+00:00,83.86000061035156,83.87999725341797,83.8550033569336,83.87000274658203,90649
2026-07-20 17:00:00+00:00,83.86499786376953,83.87989807128906,83.83999633789062,83.86499786376953,131289
2026-07-20 17:05:00+00:00,83.83499908447266,83.86990356445312,83.83000183105469,83.86219787597656,298742
2026-07-20 17:10:00+00:00,83.83499908447266,83.84989929199219,83.81500244140625,83.83000183105469,85587
2026-07-20 17:15:00+00:00,83.83499908447266,83.8499984741211,83.82499694824219,83.83499908447266,209216
2026-07-20 17:20:00+00:00,83.83999633789062,83.87000274658203,83.83000183105469,83.83000183105469,92595
2026-07-20 17:25:00+00:00,83.86499786376953,83.87000274658203,83.83999633789062,83.84500122070312,80220
2026-07-20 17:30:00+00:00,83.8550033569336,83.87999725341797,83.8499984741211,83.86499786376953,231574
2026-07-20 17:35:00+00:00,83.8375015258789,83.8572006225586,83.83499908447266,83.8550033569336,108531
2026-07-20 17:40:00+00:00,83.83499908447266,83.8499984741211,83.83000183105469,83.83999633789062,91985
2026-07-20 17:45:00+00:00,83.8550033569336,83.85990142822266,83.83000183105469,83.83450317382812,65894
2026-07-20 17:50:00+00:00,83.8550033569336,83.87000274658203,83.83999633789062,83.86000061035156,112900
2026-07-20 17:55:00+00:00,83.8550033569336,83.86000061035156,83.84500122070312,83.8550033569336,74402
2026-07-20 18:00:00+00:00,83.85279846191406,83.875,83.8499984741211,83.8550033569336,62067
2026-07-20 18:05:00+00:00,83.87999725341797,83.88999938964844,83.8550033569336,83.8550033569336,123640
2026-07-20 18:10:00+00:00,83.8550033569336,83.87999725341797,83.8550033569336,83.87999725341797,137980
2026-07-20 18:15:00+00:00,83.86499786376953,83.88990020751953,83.8499984741211,83.8550033569336,203780
2026-07-20 18:20:00+00:00,83.87139892578125,83.87989807128906,83.8550033569336,83.86499786376953,95535
2026-07-20 18:25:00+00:00,83.8729019165039,83.87999725341797,83.86000061035156,83.87000274658203,259943
2026-07-20 18:30:00+00:00,83.84500122070312,83.87999725341797,83.84500122070312,83.875,138151
2026-07-20 18:35:00+00:00,83.86499786376953,83.86499786376953,83.83499908447266,83.84500122070312,93027
2026-07-20 18:40:00+00:00,83.8573989868164,83.875,83.8499984741211,83.86000061035156,107004
2026-07-20 18:45:00+00:00,83.8499984741211,83.8499984741211,83.83000183105469,83.8499984741211,75020
2026-07-20 18:50:00+00:00,83.875,83.875,83.83999633789062,83.8499984741211,170867
2026-07-20 18:55:00+00:00,83.875,83.875,83.84500122070312,83.875,364303
2026-07-20 19:00:00+00:00,83.87000274658203,83.87999725341797,83.86000061035156,83.87000274658203,93356
2026-07-20 19:05:00+00:00,83.8949966430664,83.9000015258789,83.87409973144531,83.875,62772
2026-07-20 19:10:00+00:00,83.875,83.8949966430664,83.87249755859375,83.88999938964844,67012
2026-07-20 19:15:00+00:00,83.87239837646484,83.87999725341797,83.87049865722656,83.875,33304
2026-07-20 19:20:00+00:00,83.90499877929688,83.91000366210938,83.87000274658203,83.875,86761
2026-07-20 19:25:00+00:00,83.9749984741211,83.9800033569336,83.9000015258789,83.90499877929688,617408
2026-07-20 19:30:00+00:00,83.95249938964844,83.97000122070312,83.94000244140625,83.97000122070312,237732
2026-07-20 19:35:00+00:00,83.94499969482422,83.97000122070312,83.94409942626953,83.95249938964844,281244
2026-07-20 19:40:00+00:00,83.94499969482422,83.95899963378906,83.93499755859375,83.94349670410156,282531
2026-07-20 19:45:00+00:00,83.95500183105469,83.95999908447266,83.93499755859375,83.94499969482422,373385
2026-07-20 19:50:00+00:00,83.96499633789062,83.97000122070312,83.94999694824219,83.95500183105469,851121
2026-07-20 19:55:00+00:00,83.91999816894531,83.97000122070312,83.9113998413086,83.95999908447266,1317957
2026-07-21 13:30:00+00:00,83.63500213623047,83.73999786376953,83.63500213623047,83.73500061035156,775167
2026-07-21 13:35:00+00:00,83.53900146484375,83.6500015258789,83.53500366210938,83.63500213623047,432724
2026-07-21 13:40:00+00:00,83.45230102539062,83.55000305175781,83.43160247802734,83.52999877929688,566300
2026-07-21 13:45:00+00:00,83.52999877929688,83.55000305175781,83.44000244140625,83.45999908447266,332274
2026-07-21 13:50:00+00:00,83.56999969482422,83.56999969482422,83.49009704589844,83.52999877929688,287467
2026-07-21 13:55:00+00:00,83.59500122070312,83.5989990234375,83.55069732666016,83.56999969482422,152158
2026-07-21 14:00:00+00:00,83.63009643554688,83.6500015258789,83.59500122070312,83.5999984741211,101479
2026-07-21 14:05:00+00:00,83.64029693603516,83.65769958496094,83.62000274658203,83.63999938964844,138865
2026-07-21 14:10:00+00:00,83.72000122070312,83.72000122070312,83.62950134277344,83.6449966430664,271265
2026-07-21 14:15:00+00:00,83.72949981689453,83.7300033569336,83.68240356445312,83.71499633789062,208190
2026-07-21 14:20:00+00:00,83.69499969482422,83.73970031738281,83.69000244140625,83.7249984741211,155437
2026-07-21 14:25:00+00:00,83.67359924316406,83.69950103759766,83.6500015258789,83.69499969482422,89044
2026-07-21 14:30:00+00:00,83.66940307617188,83.69999694824219,83.66010284423828,83.6720962524414,360217
2026-07-21 14:35:00+00:00,83.66819763183594,83.67759704589844,83.6500015258789,83.66510009765625,65246
2026-07-21 14:40:00+00:00,83.69499969482422,83.6980972290039,83.66000366210938,83.66500091552734,104636
2026-07-21 14:45:00+00:00,83.73999786376953,83.76000213623047,83.69000244140625,83.69000244140625,261665
2026-07-21 14:50:00+00:00,83.71219635009766,83.74500274658203,83.69499969482422,83.74500274658203,122804
2026-07-21 14:55:00+00:00,83.69499969482422,83.71990203857422,83.69000244140625,83.71499633789062,182565
2026-07-21 15:00:00+00:00,83.69499969482422,83.70999908447266,83.68000030517578,83.69000244140625,149026
2026-07-21 15:05:00+00:00,83.66999816894531,83.7051010131836,83.66999816894531,83.69499969482422,149584
2026-07-21 15:10:00+00:00,83.71499633789062,83.71499633789062,83.66999816894531,83.67620086669922,86455
2026-07-21 15:15:00+00:00,83.73999786376953,83.74500274658203,83.70999908447266,83.71769714355469,85330
2026-07-21 15:20:00+00:00,83.72219848632812,83.7699966430664,83.71499633789062,83.73799896240234,110949
2026-07-21 15:25:00+00:00,83.73999786376953,83.73999786376953,83.71499633789062,83.72000122070312,36366
2026-07-21 15:30:00+00:00,83.71499633789062,83.7490005493164,83.69499969482422,83.73500061035156,76065
2026-07-21 15:35:00+00:00,83.69010162353516,83.72989654541016,83.69010162353516,83.71499633789062,96582
2026-07-21 15:40:00+00:00,83.63999938964844,83.69499969482422,83.62999725341797,83.69190216064453,68065
2026-07-21 15:45:00+00:00,83.65959930419922,83.66500091552734,83.63500213623047,83.63999938964844,35636
2026-07-21 15:50:00+00:00,83.65499877929688,83.68579864501953,83.65499877929688,83.66000366210938,60416
2026-07-21 15:55:00+00:00,83.66999816894531,83.68000030517578,83.6500015258789,83.65499877929688,116562
2026-07-21 16:00:00+00:00,83.66999816894531,83.67949676513672,83.63999938964844,83.67500305175781,99528
2026-07-21 16:05:00+00:00,83.68990325927734,83.69999694824219,83.66999816894531,83.67500305175781,63417
2026-07-21 16:10:00+00:00,83.68499755859375,83.69499969482422,83.67500305175781,83.68499755859375,85581
2026-07-21 16:15:00+00:00,83.66500091552734,83.69000244140625,83.66000366210938,83.68499755859375,66455
2026-07-21 16:20:00+00:00,83.63500213623047,83.66999816894531,83.63500213623047,83.66500091552734,86680
2026-07-21 16:25:00+00:00,83.65499877929688,83.65499877929688,83.625,83.63500213623047,90308
2026-07-21 16:30:00+00:00,83.6449966430664,83.6500015258789,83.63500213623047,83.6500015258789,43116
2026-07-21 16:35:00+00:00,83.625,83.6449966430664,83.60009765625,83.6449966430664,96739
2026-07-21 16:40:00+00:00,83.6050033569336,83.63500213623047,83.60009765625,83.62000274658203,44545
2026-07-21 16:45:00+00:00,83.64990234375,83.65499877929688,83.5999984741211,83.6050033569336,262210
2026-07-21 16:50:00+00:00,83.66809844970703,83.66809844970703,83.63500213623047,83.6415023803711,86973
2026-07-21 16:55:00+00:00,83.63189697265625,83.66999816894531,83.62999725341797,83.66500091552734,59924
2026-07-21 17:00:00+00:00,83.62000274658203,83.64800262451172,83.61000061035156,83.63500213623047,75936
2026-07-21 17:05:00+00:00,83.62000274658203,83.625,83.6050033569336,83.61499786376953,55483
2026-07-21 17:10:00+00:00,83.6050033569336,83.62770080566406,83.5999984741211,83.62000274658203,50983
2026-07-21 17:15:00+00:00,83.63500213623047,83.63990020751953,83.60009765625,83.61000061035156,32971
2026-07-21 17:20:00+00:00,83.63009643554688,83.63999938964844,83.62999725341797,83.63500213623047,26084
2026-07-21 17:25:00+00:00,83.64800262451172,83.64900207519531,83.62999725341797,83.63500213623047,67539
2026-07-21 17:30:00+00:00,83.62000274658203,83.6500015258789,83.61499786376953,83.6500015258789,72233
2026-07-21 17:35:00+00:00,83.61000061035156,83.62770080566406,83.60220336914062,83.625,150450
2026-07-21 17:40:00+00:00,83.5999984741211,83.61000061035156,83.58999633789062,83.61000061035156,194445
2026-07-21 17:45:00+00:00,83.58000183105469,83.6050033569336,83.56999969482422,83.6050033569336,53279
2026-07-21 17:50:00+00:00,83.6050033569336,83.61000061035156,83.58999633789062,83.58999633789062,41087
2026-07-21 17:55:00+00:00,83.60990142822266,83.61000061035156,83.5999984741211,83.6050033569336,45014
2026-07-21 18:00:00+00:00,83.6050033569336,83.61499786376953,83.5979995727539,83.6050033569336,50068
2026-07-21 18:05:00+00:00,83.6449966430664,83.6500015258789,83.59500122070312,83.61000061035156,102622
2026-07-21 18:10:00+00:00,83.63500213623047,83.6449966430664,83.62999725341797,83.64070129394531,35709
2026-07-21 18:15:00+00:00,83.62000274658203,83.63500213623047,83.61000061035156,83.63500213623047,96395
2026-07-21 18:20:00+00:00,83.62999725341797,83.63999938964844,83.62000274658203,83.625,36206
2026-07-21 18:25:00+00:00,83.62999725341797,83.63500213623047,83.61499786376953,83.62999725341797,41668
2026-07-21 18:30:00+00:00,83.61499786376953,83.63500213623047,83.61499786376953,83.625,258778
2026-07-21 18:35:00+00:00,83.6500015258789,83.6500015258789,83.61000061035156,83.61009979248047,51979
2026-07-21 18:40:00+00:00,83.66000366210938,83.66500091552734,83.62999725341797,83.6449966430664,72392
2026-07-21 18:45:00+00:00,83.6500015258789,83.67990112304688,83.6449966430664,83.65499877929688,352700
2026-07-21 18:50:00+00:00,83.65499877929688,83.66999816894531,83.64009857177734,83.65499877929688,103225
2026-07-21 18:55:00+00:00,83.69000244140625,83.70999908447266,83.66000366210938,83.66000366210938,127717
2026-07-21 19:00:00+00:00,83.67500305175781,83.69999694824219,83.66500091552734,83.69499969482422,129364
2026-07-21 19:05:00+00:00,83.66000366210938,83.68000030517578,83.6500015258789,83.6781005859375,46164
2026-07-21 19:10:00+00:00,83.65499877929688,83.66999816894531,83.6449966430664,83.66079711914062,53554
2026-07-21 19:15:00+00:00,83.67500305175781,83.67990112304688,83.65499877929688,83.65799713134766,126383
2026-07-21 19:20:00+00:00,83.68499755859375,83.69000244140625,83.66999816894531,83.67500305175781,59669
2026-07-21 19:25:00+00:00,83.69499969482422,83.72000122070312,83.67400360107422,83.68499755859375,184054
2026-07-21 19:30:00+00:00,83.69000244140625,83.7073974609375,83.69000244140625,83.69999694824219,48799
2026-07-21 19:35:00+00:00,83.68000030517578,83.69999694824219,83.66999816894531,83.69499969482422,373712
2026-07-21 19:40:00+00:00,83.68499755859375,83.69000244140625,83.66999816894531,83.67500305175781,116264
2026-07-21 19:45:00+00:00,83.68499755859375,83.69999694824219,83.68000030517578,83.68499755859375,571227
2026-07-21 19:50:00+00:00,83.69499969482422,83.70770263671875,83.68000030517578,83.69000244140625,855441
2026-07-21 19:55:00+00:00,83.66999816894531,83.70999908447266,83.6500015258789,83.69499969482422,1474691
2026-07-22 13:30:00+00:00,83.61000061035156,83.62689971923828,83.5999984741211,83.61000061035156,794531
2026-07-22 13:35:00+00:00,83.625,83.62999725341797,83.5999984741211,83.61509704589844,105581
2026-07-22 13:40:00+00:00,83.6050033569336,83.63990020751953,83.5999984741211,83.625,139154
2026-07-22 13:45:00+00:00,83.66000366210938,83.66000366210938,83.59200286865234,83.6050033569336,293225
2026-07-22 13:50:00+00:00,83.66500091552734,83.66699981689453,83.63999938964844,83.6500015258789,132869
2026-07-22 13:55:00+00:00,83.65989685058594,83.69000244140625,83.64009857177734,83.660400390625,146644
2026-07-22 14:00:00+00:00,83.63500213623047,83.65989685058594,83.61009979248047,83.63999938964844,126225
2026-07-22 14:05:00+00:00,83.625,83.62999725341797,83.58999633789062,83.62999725341797,146715
2026-07-22 14:10:00+00:00,83.55500030517578,83.62359619140625,83.55000305175781,83.62359619140625,111308
2026-07-22 14:15:00+00:00,83.55000305175781,83.55999755859375,83.5199966430664,83.55500030517578,371512
2026-07-22 14:20:00+00:00,83.53500366210938,83.56999969482422,83.53500366210938,83.55500030517578,98988
2026-07-22 14:25:00+00:00,83.5199966430664,83.5470962524414,83.46499633789062,83.53990173339844,321034
2026-07-22 14:30:00+00:00,83.5199966430664,83.53009796142578,83.49009704589844,83.51499938964844,292622
2026-07-22 14:35:00+00:00,83.56500244140625,83.56500244140625,83.51499938964844,83.5199966430664,547823
2026-07-22 14:40:00+00:00,83.55999755859375,83.568603515625,83.54000091552734,83.56500244140625,96821
2026-07-22 14:45:00+00:00,83.56500244140625,83.59989929199219,83.55999755859375,83.55999755859375,106141
2026-07-22 14:50:00+00:00,83.56210327148438,83.58999633789062,83.55000305175781,83.56500244140625,176347
2026-07-22 14:55:00+00:00,83.58499908447266,83.58999633789062,83.56500244140625,83.5697021484375,51310
2026-07-22 15:00:00+00:00,83.55000305175781,83.5999984741211,83.54989624023438,83.58100128173828,93231
2026-07-22 15:05:00+00:00,83.55000305175781,83.56999969482422,83.54000091552734,83.54499816894531,63965
2026-07-22 15:10:00+00:00,83.59500122070312,83.59500122070312,83.55000305175781,83.55500030517578,77187
2026-07-22 15:15:00+00:00,83.58000183105469,83.59500122070312,83.55000305175781,83.59500122070312,97079
2026-07-22 15:20:00+00:00,83.59500122070312,83.59500122070312,83.55999755859375,83.58499908447266,61751
2026-07-22 15:25:00+00:00,83.58499908447266,83.59500122070312,83.5718994140625,83.58999633789062,30888
2026-07-22 15:30:00+00:00,83.58499908447266,83.59100341796875,83.57219696044922,83.5801010131836,69008
2026-07-22 15:35:00+00:00,83.62020111083984,83.62020111083984,83.58000183105469,83.58499908447266,89388
2026-07-22 15:40:00+00:00,83.63500213623047,83.64990234375,83.62000274658203,83.62000274658203,60266
2026-07-22 15:45:00+00:00,83.69499969482422,83.69999694824219,83.63999938964844,83.63999938964844,102104
2026-07-22 15:50:00+00:00,83.66200256347656,83.69999694824219,83.66010284423828,83.69010162353516,195363
2026-07-22 15:55:00+00:00,83.6449966430664,83.6676025390625,83.64009857177734,83.66500091552734,223860
2026-07-22 16:00:00+00:00,83.63500213623047,83.66500091552734,83.62000274658203,83.6449966430664,44679
2026-07-22 16:05:00+00:00,83.625,83.6449966430664,83.61000061035156,83.62999725341797,67680
2026-07-22 16:10:00+00:00,83.59500122070312,83.63500213623047,83.58000183105469,83.625,311949
2026-07-22 16:15:00+00:00,83.58999633789062,83.5999984741211,83.58999633789062,83.59989929199219,61132
2026-07-22 16:20:00+00:00,83.57499694824219,83.58999633789062,83.56999969482422,83.58999633789062,144959
2026-07-22 16:25:00+00:00,83.54000091552734,83.57499694824219,83.52999877929688,83.56999969482422,124706
2026-07-22 16:30:00+00:00,83.55000305175781,83.56770324707031,83.54000091552734,83.54000091552734,154866
2026-07-22 16:35:00+00:00,83.57499694824219,83.58000183105469,83.54000091552734,83.54000091552734,55772
2026-07-22 16:40:00+00:00,83.58999633789062,83.61000061035156,83.56999969482422,83.56999969482422,92542
2026-07-22 16:45:00+00:00,83.6050033569336,83.6050033569336,83.56999969482422,83.58999633789062,53032
2026-07-22 16:50:00+00:00,83.61000061035156,83.62000274658203,83.60009765625,83.6001968383789,63415
2026-07-22 16:55:00+00:00,83.58000183105469,83.6050033569336,83.56999969482422,83.6050033569336,139402
2026-07-22 17:00:00+00:00,83.55500030517578,83.61499786376953,83.54000091552734,83.58499908447266,200447
2026-07-22 17:05:00+00:00,83.51000213623047,83.55000305175781,83.5,83.55000305175781,194126
2026-07-22 17:10:00+00:00,83.51000213623047,83.52999877929688,83.5,83.51000213623047,163261
2026-07-22 17:15:00+00:00,83.5000991821289,83.5198974609375,83.48999786376953,83.50499725341797,177744
2026-07-22 17:20:00+00:00,83.49500274658203,83.50990295410156,83.4800033569336,83.50499725341797,112558
2026-07-22 17:25:00+00:00,83.50499725341797,83.5198974609375,83.4822998046875,83.49500274658203,137847
2026-07-22 17:30:00+00:00,83.50499725341797,83.5199966430664,83.5,83.50499725341797,75504
2026-07-22 17:35:00+00:00,83.50990295410156,83.51000213623047,83.49500274658203,83.5094985961914,100670
2026-07-22 17:40:00+00:00,83.53500366210938,83.53510284423828,83.5,83.50990295410156,172910
2026-07-22 17:45:00+00:00,83.53500366210938,83.54000091552734,83.5199966430664,83.53500366210938,284504
2026-07-22 17:50:00+00:00,83.52999877929688,83.54989624023438,83.5199966430664,83.53690338134766,58691
2026-07-22 17:55:00+00:00,83.50499725341797,83.5250015258789,83.5,83.5250015258789,78071
2026-07-22 18:00:00+00:00,83.50499725341797,83.51499938964844,83.48999786376953,83.50499725341797,236836
2026-07-22 18:05:00+00:00,83.49500274658203,83.50990295410156,83.48999786376953,83.50499725341797,122909
2026-07-22 18:10:00+00:00,83.4999008178711,83.51000213623047,83.48999786376953,83.5,146263
2026-07-22 18:15:00+00:00,83.48999786376953,83.5,83.48539733886719,83.5,47697
2026-07-22 18:20:00+00:00,83.51499938964844,83.5199966430664,83.49500274658203,83.5,108230
2026-07-22 18:25:00+00:00,83.5250015258789,83.53990173339844,83.51010131835938,83.51010131835938,198160
2026-07-22 18:30:00+00:00,83.5250015258789,83.5250015258789,83.51000213623047,83.5250015258789,90075
2026-07-22 18:35:00+00:00,83.52770233154297,83.52999877929688,83.5199966430664,83.5250015258789,18144
2026-07-22 18:40:00+00:00,83.50499725341797,83.52999877929688,83.5,83.5250015258789,77043
2026-07-22 18:45:00+00:00,83.51499938964844,83.5198974609375,83.5,83.50499725341797,57392
2026-07-22 18:50:00+00:00,83.5199966430664,83.5199966430664,83.51000213623047,83.51499938964844,77874
2026-07-22 18:55:00+00:00,83.49500274658203,83.51000213623047,83.4800033569336,83.51000213623047,188940
2026-07-22 19:00:00+00:00,83.47000122070312,83.48999786376953,83.45999908447266,83.48989868164062,197490
2026-07-22 19:05:00+00:00,83.45500183105469,83.4800033569336,83.44999694824219,83.47010040283203,64631
2026-07-22 19:10:00+00:00,83.41999816894531,83.45999908447266,83.41999816894531,83.44999694824219,120437
2026-07-22 19:15:00+00:00,83.40499877929688,83.41999816894531,83.4000015258789,83.41999816894531,197462
2026-07-22 19:20:00+00:00,83.38999938964844,83.41000366210938,83.38999938964844,83.40499877929688,153805
2026-07-22 19:25:00+00:00,83.41000366210938,83.41000366210938,83.38009643554688,83.38999938964844,218562
2026-07-22 19:30:00+00:00,83.40499877929688,83.41999816894531,83.38999938964844,83.41500091552734,233263
2026-07-22 19:35:00+00:00,83.40229797363281,83.41500091552734,83.4000015258789,83.40499877929688,214320
2026-07-22 19:40:00+00:00,83.41000366210938,83.41999816894531,83.4000015258789,83.40499877929688,211619
2026-07-22 19:45:00+00:00,83.42500305175781,83.44000244140625,83.4000015258789,83.40499877929688,253002
2026-07-22 19:50:00+00:00,83.43499755859375,83.45999908447266,83.41999816894531,83.43000030517578,750742
2026-07-22 19:55:00+00:00,83.41999816894531,83.44999694824219,83.41000366210938,83.43000030517578,1447352
2026-07-23 13:30:00+00:00,83.04989624023438,83.05000305175781,82.97000122070312,82.98999786376953,2277351
2026-07-23 13:35:00+00:00,83.06500244140625,83.06990051269531,83.0199966430664,83.04499816894531,520266
2026-07-23 13:40:00+00:00,83.03780364990234,83.08000183105469,83.02799987792969,83.06500244140625,247960
2026-07-23 13:45:00+00:00,83.10009765625,83.10009765625,83.03179931640625,83.03500366210938,262993
2026-07-23 13:50:00+00:00,83.1050033569336,83.13500213623047,83.06999969482422,83.1050033569336,613173
2026-07-23 13:55:00+00:00,83.07499694824219,83.13999938964844,83.0696029663086,83.1050033569336,328294
2026-07-23 14:00:00+00:00,83.0198974609375,83.09500122070312,83.01000213623047,83.07499694824219,1027510
2026-07-23 14:05:00+00:00,82.99500274658203,83.02999877929688,82.95999908447266,83.01000213623047,443471
2026-07-23 14:10:00+00:00,83.0199966430664,83.04000091552734,82.9800033569336,83.0,337753
2026-07-23 14:15:00+00:00,83.018798828125,83.05809783935547,82.99500274658203,83.01010131835938,387930
2026-07-23 14:20:00+00:00,83.02989959716797,83.04000091552734,83.01000213623047,83.01499938964844,303892
2026-07-23 14:25:00+00:00,83.01300048828125,83.04499816894531,83.01010131835938,83.0250015258789,228454
2026-07-23 14:30:00+00:00,83.02010345458984,83.05000305175781,83.0,83.01000213623047,136103
2026-07-23 14:35:00+00:00,83.06929779052734,83.08999633789062,83.0,83.0250015258789,589772
2026-07-23 14:40:00+00:00,83.05999755859375,83.08999633789062,83.05500030517578,83.06999969482422,119770
2026-07-23 14:45:00+00:00,83.02999877929688,83.06999969482422,83.02999877929688,83.06500244140625,235458
2026-07-23 14:50:00+00:00,83.0250015258789,83.03500366210938,83.00499725341797,83.0250015258789,331982
2026-07-23 14:55:00+00:00,83.01129913330078,83.0291976928711,82.98999786376953,83.0199966430664,278987
2026-07-23 15:00:00+00:00,83.0250015258789,83.029296875,82.98999786376953,83.01499938964844,225121
2026-07-23 15:05:00+00:00,83.00499725341797,83.05000305175781,82.9999008178711,83.02899932861328,324583
2026-07-23 15:10:00+00:00,83.0199966430664,83.0250015258789,83.0,83.0,138752
2026-07-23 15:15:00+00:00,83.01499938964844,83.02999877929688,83.00499725341797,83.01000213623047,119441
2026-07-23 15:20:00+00:00,83.01000213623047,83.04000091552734,82.98999786376953,83.01010131835938,559437
2026-07-23 15:25:00+00:00,83.02999877929688,83.05000305175781,83.0199966430664,83.0199966430664,285760
2026-07-23 15:30:00+00:00,83.02980041503906,83.02999877929688,82.98500061035156,83.02999877929688,116697
2026-07-23 15:35:00+00:00,83.08000183105469,83.08000183105469,83.02310180664062,83.02310180664062,288646
2026-07-23 15:40:00+00:00,83.13009643554688,83.13999938964844,83.07230377197266,83.08499908447266,780554
2026-07-23 15:45:00+00:00,83.11640167236328,83.1449966430664,83.10009765625,83.12999725341797,61335
2026-07-23 15:50:00+00:00,83.125,83.12999725341797,83.08209991455078,83.11000061035156,161898
2026-07-23 15:55:00+00:00,83.13999938964844,83.13999938964844,83.11000061035156,83.125,252631
2026-07-23 16:00:00+00:00,83.13500213623047,83.15989685058594,83.12999725341797,83.13500213623047,260051
2026-07-23 16:05:00+00:00,83.13500213623047,83.13999938964844,83.11000061035156,83.12999725341797,264894
2026-07-23 16:10:00+00:00,83.15789794921875,83.15789794921875,83.125,83.12999725341797,326938
2026-07-23 16:15:00+00:00,83.125,83.16510009765625,83.11499786376953,83.15499877929688,287952
2026-07-23 16:20:00+00:00,83.1895980834961,83.19000244140625,83.125,83.12999725341797,89193
2026-07-23 16:25:00+00:00,83.19989776611328,83.19999694824219,83.16000366210938,83.18499755859375,353149
2026-07-23 16:30:00+00:00,83.16570281982422,83.19049835205078,83.16000366210938,83.19049835205078,60873
2026-07-23 16:35:00+00:00,83.19000244140625,83.19000244140625,83.16000366210938,83.16000366210938,4788038
2026-07-23 16:40:00+00:00,83.17990112304688,83.19989776611328,83.16999816894531,83.19000244140625,81874
2026-07-23 16:45:00+00:00,83.152099609375,83.18550109863281,83.1500015258789,83.17500305175781,358857
2026-07-23 16:50:00+00:00,83.16000366210938,83.18000030517578,83.1500015258789,83.15989685058594,538050
2026-07-23 16:55:00+00:00,83.19000244140625,83.19499969482422,83.1500015258789,83.1500015258789,150575
2026-07-23 17:00:00+00:00,83.1227035522461,83.19989776611328,83.0999984741211,83.19499969482422,285609
2026-07-23 17:05:00+00:00,83.13999938964844,83.13999938964844,83.12000274658203,83.12049865722656,61870
2026-07-23 17:10:00+00:00,83.15499877929688,83.15989685058594,83.13500213623047,83.13500213623047,50167
2026-07-23 17:15:00+00:00,83.15809631347656,83.16000366210938,83.1500015258789,83.15499877929688,413069
2026-07-23 17:20:00+00:00,83.17500305175781,83.19000244140625,83.15010070800781,83.15499877929688,81103
2026-07-23 17:25:00+00:00,83.15010070800781,83.18000030517578,83.1500015258789,83.16999816894531,52188
2026-07-23 17:30:00+00:00,83.11000061035156,83.15499877929688,83.0999984741211,83.15010070800781,121724
2026-07-23 17:35:00+00:00,83.13999938964844,83.13999938964844,83.0999984741211,83.11000061035156,127670
2026-07-23 17:40:00+00:00,83.12999725341797,83.1500015258789,83.12999725341797,83.13999938964844,72465
2026-07-23 17:45:00+00:00,83.12989807128906,83.12999725341797,83.11399841308594,83.12000274658203,82014
2026-07-23 17:50:00+00:00,83.125,83.1449966430664,83.12000274658203,83.12999725341797,44543
2026-07-23 17:55:00+00:00,83.0999984741211,83.12930297851562,83.06999969482422,83.125,102197
2026-07-23 18:00:00+00:00,83.1050033569336,83.1050033569336,83.08000183105469,83.0999984741211,90452
2026-07-23 18:05:00+00:00,83.1167984008789,83.12999725341797,83.0999984741211,83.1050033569336,85282
2026-07-23 18:10:00+00:00,83.13500213623047,83.1500015258789,83.0999984741211,83.10009765625,115640
2026-07-23 18:15:00+00:00,83.16690063476562,83.16999816894531,83.13249969482422,83.13500213623047,250265
2026-07-23 18:20:00+00:00,83.16500091552734,83.18000030517578,83.1500015258789,83.16999816894531,89456
2026-07-23 18:25:00+00:00,83.19499969482422,83.19499969482422,83.16999816894531,83.16999816894531,90264
2026-07-23 18:30:00+00:00,83.19989776611328,83.25,83.19000244140625,83.19000244140625,123362
2026-07-23 18:35:00+00:00,83.17500305175781,83.19499969482422,83.1720962524414,83.19499969482422,39321
2026-07-23 18:40:00+00:00,83.15499877929688,83.16999816894531,83.1449966430664,83.16999816894531,37717
2026-07-23 18:45:00+00:00,83.1449966430664,83.16000366210938,83.1449966430664,83.15499877929688,82263
2026-07-23 18:50:00+00:00,83.12999725341797,83.14689636230469,83.12000274658203,83.1449966430664,382857
2026-07-23 18:55:00+00:00,83.13009643554688,83.14990234375,83.11209869384766,83.125,214404
2026-07-23 19:00:00+00:00,83.1449966430664,83.16000366210938,83.13999938964844,83.13999938964844,102026
2026-07-23 19:05:00+00:00,83.14230346679688,83.15989685058594,83.13999938964844,83.1500015258789,61356
2026-07-23 19:10:00+00:00,83.1449966430664,83.1500015258789,83.13999938964844,83.1449966430664,126434
2026-07-23 19:15:00+00:00,83.1449966430664,83.16000366210938,83.13999938964844,83.1449966430664,82252
2026-07-23 19:20:00+00:00,83.13999938964844,83.1500015258789,83.12000274658203,83.1449966430664,223326
2026-07-23 19:25:00+00:00,83.16999816894531,83.16999816894531,83.13999938964844,83.1449966430664,630447
2026-07-23 19:30:00+00:00,83.18499755859375,83.22000122070312,83.16999816894531,83.16999816894531,470505
2026-07-23 19:35:00+00:00,83.18499755859375,83.19000244140625,83.18000030517578,83.18199920654297,176581
2026-07-23 19:40:00+00:00,83.16500091552734,83.19999694824219,83.16000366210938,83.18000030517578,313964
2026-07-23 19:45:00+00:00,83.1449966430664,83.16999816894531,83.13999938964844,83.16790008544922,276720
2026-07-23 19:50:00+00:00,83.17009735107422,83.18000030517578,83.12999725341797,83.1449966430664,676304
2026-07-23 19:55:00+00:00,83.16999816894531,83.19999694824219,83.16999816894531,83.17500305175781,913665
2026-07-24 13:30:00+00:00,83.29499816894531,83.31500244140625,83.2750015258789,83.30999755859375,376134
2026-07-24 13:35:00+00:00,83.33499908447266,83.33999633789062,83.29000091552734,83.29499816894531,130616
2026-07-24 13:40:00+00:00,83.30500030517578,83.3499984741211,83.30000305175781,83.33999633789062,136679
2026-07-24 13:45:00+00:00,83.4000015258789,83.41999816894531,83.2300033569336,83.30000305175781,504838
2026-07-24 13:50:00+00:00,83.38500213623047,83.4000015258789,83.33000183105469,83.3949966430664,326050
2026-07-24 13:55:00+00:00,83.45999908447266,83.45999908447266,83.38500213623047,83.38999938964844,436446
2026-07-24 14:00:00+00:00,83.4800033569336,83.5000991821289,83.44999694824219,83.47000122070312,315228
2026-07-24 14:05:00+00:00,83.4677963256836,83.48999786376953,83.45010375976562,83.4749984741211,230616
2026-07-24 14:10:00+00:00,83.50499725341797,83.51000213623047,83.46499633789062,83.4800033569336,189768
2026-07-24 14:15:00+00:00,83.51129913330078,83.52999877929688,83.48999786376953,83.51000213623047,215033
2026-07-24 14:20:00+00:00,83.5,83.5199966430664,83.48999786376953,83.51499938964844,98830
2026-07-24 14:25:00+00:00,83.52989959716797,83.54010009765625,83.5,83.50990295410156,99550
2026-07-24 14:30:00+00:00,83.5,83.5250015258789,83.48999786376953,83.5250015258789,291294
2026-07-24 14:35:00+00:00,83.4800033569336,83.5199966430664,83.4800033569336,83.5,364947
2026-07-24 14:40:00+00:00,83.50499725341797,83.5250015258789,83.47000122070312,83.47010040283203,313114
2026-07-24 14:45:00+00:00,83.49500274658203,83.5250015258789,83.4749984741211,83.50499725341797,72657
2026-07-24 14:50:00+00:00,83.45010375976562,83.48999786376953,83.44000244140625,83.48999786376953,187951
2026-07-24 14:55:00+00:00,83.42500305175781,83.45999908447266,83.42500305175781,83.45500183105469,260120
2026-07-24 15:00:00+00:00,83.42009735107422,83.43499755859375,83.4000015258789,83.41999816894531,70072
2026-07-24 15:05:00+00:00,83.44499969482422,83.44989776611328,83.43000030517578,83.43000030517578,83977
2026-07-24 15:10:00+00:00,83.58000183105469,83.58999633789062,83.44010162353516,83.44499969482422,326287
2026-07-24 15:15:00+00:00,83.55999755859375,83.65499877929688,83.55500030517578,83.58000183105469,311977
2026-07-24 15:20:00+00:00,83.6050033569336,83.62000274658203,83.59500122070312,83.59500122070312,111208
2026-07-24 15:25:00+00:00,83.6176986694336,83.63500213623047,83.5999984741211,83.6050033569336,201414
2026-07-24 15:30:00+00:00,83.61190032958984,83.63500213623047,83.61019897460938,83.62000274658203,176669
2026-07-24 15:35:00+00:00,83.63189697265625,83.63500213623047,83.60009765625,83.61499786376953,91361
2026-07-24 15:40:00+00:00,83.59500122070312,83.64990234375,83.57499694824219,83.63500213623047,158795
2026-07-24 15:45:00+00:00,83.58989715576172,83.5999984741211,83.56999969482422,83.59500122070312,81986
2026-07-24 15:50:00+00:00,83.6050033569336,83.61000061035156,83.58000183105469,83.58689880371094,54241
2026-07-24 15:55:00+00:00,83.552001953125,83.6050033569336,83.54499816894531,83.6050033569336,203352
2026-07-24 16:00:00+00:00,83.58000183105469,83.58000183105469,83.55000305175781,83.55500030517578,107801
2026-07-24 16:05:00+00:00,83.58499908447266,83.58769989013672,83.57499694824219,83.58000183105469,53238
2026-07-24 16:10:00+00:00,83.57009887695312,83.58999633789062,83.56999969482422,83.58149719238281,80024
2026-07-24 16:15:00+00:00,83.57009887695312,83.61000061035156,83.56999969482422,83.58000183105469,105070
2026-07-24 16:20:00+00:00,83.55500030517578,83.56999969482422,83.54499816894531,83.56999969482422,126869
2026-07-24 16:25:00+00:00,83.55000305175781,83.56600189208984,83.53500366210938,83.55999755859375,76858
2026-07-24 16:30:00+00:00,83.51499938964844,83.54750061035156,83.51499938964844,83.54750061035156,168175
2026-07-24 16:35:00+00:00,83.47000122070312,83.5176010131836,83.47000122070312,83.51499938964844,51912
2026-07-24 16:40:00+00:00,83.47000122070312,83.4749984741211,83.46009826660156,83.4749984741211,52846
2026-07-24 16:45:00+00:00,83.46430206298828,83.48500061035156,83.44999694824219,83.46980285644531,128821
2026-07-24 16:50:00+00:00,83.44999694824219,83.46499633789062,83.44999694824219,83.45999908447266,78695
2026-07-24 16:55:00+00:00,83.44999694824219,83.46990203857422,83.44499969482422,83.45500183105469,80229
2026-07-24 17:00:00+00:00,83.44989776611328,83.4749984741211,83.44000244140625,83.44499969482422,85704
2026-07-24 17:05:00+00:00,83.42500305175781,83.45500183105469,83.41999816894531,83.44999694824219,187836
2026-07-24 17:10:00+00:00,83.44010162353516,83.44999694824219,83.42500305175781,83.42500305175781,68010
2026-07-24 17:15:00+00:00,83.37000274658203,83.44000244140625,83.3550033569336,83.44000244140625,177755
2026-07-24 17:20:00+00:00,83.35009765625,83.37999725341797,83.3499984741211,83.375,83867
2026-07-24 17:25:00+00:00,83.34010314941406,83.37999725341797,83.33499908447266,83.3550033569336,123832
2026-07-24 17:30:00+00:00,83.30000305175781,83.34500122070312,83.29499816894531,83.34500122070312,119566
2026-07-24 17:35:00+00:00,83.29000091552734,83.30500030517578,83.29000091552734,83.30500030517578,72087
2026-07-24 17:40:00+00:00,83.2750015258789,83.30000305175781,83.2699966430664,83.29000091552734,125918
2026-07-24 17:45:00+00:00,83.30000305175781,83.31500244140625,83.2699966430664,83.2750015258789,158149
2026-07-24 17:50:00+00:00,83.26000213623047,83.30999755859375,83.25,83.30500030517578,85951
2026-07-24 17:55:00+00:00,83.29989624023438,83.30000305175781,83.25,83.26000213623047,231254
2026-07-24 18:00:00+00:00,83.31999969482422,83.31999969482422,83.28209686279297,83.29499816894531,75451
2026-07-24 18:05:00+00:00,83.30500030517578,83.33000183105469,83.30000305175781,83.31999969482422,93595
2026-07-24 18:10:00+00:00,83.30000305175781,83.31999969482422,83.29280090332031,83.30500030517578,75390
2026-07-24 18:15:00+00:00,83.30000305175781,83.32499694824219,83.30000305175781,83.30500030517578,156512
2026-07-24 18:20:00+00:00,83.31500244140625,83.33000183105469,83.29000091552734,83.30500030517578,124754
2026-07-24 18:25:00+00:00,83.29060363769531,83.31999969482422,83.29000091552734,83.31500244140625,103437
2026-07-24 18:30:00+00:00,83.27020263671875,83.30000305175781,83.2699966430664,83.29499816894531,316892
2026-07-24 18:35:00+00:00,83.28009796142578,83.29499816894531,83.2699966430664,83.2750015258789,115077
2026-07-24 18:40:00+00:00,83.2750015258789,83.30000305175781,83.2699966430664,83.2750015258789,86925
2026-07-24 18:45:00+00:00,83.27999877929688,83.28990173339844,83.27010345458984,83.27799987792969,63845
2026-07-24 18:50:00+00:00,83.28500366210938,83.30000305175781,83.2750015258789,83.2750015258789,176606
2026-07-24 18:55:00+00:00,83.30999755859375,83.30999755859375,83.28500366210938,83.28500366210938,111557
2026-07-24 19:00:00+00:00,83.34010314941406,83.3550033569336,83.30999755859375,83.30999755859375,198256
2026-07-24 19:05:00+00:00,83.33999633789062,83.34500122070312,83.33000183105469,83.33999633789062,18514
2026-07-24 19:10:00+00:00,83.3499984741211,83.3550033569336,83.33000183105469,83.33190155029297,112567
2026-07-24 19:15:00+00:00,83.33499908447266,83.3499984741211,83.33049774169922,83.34200286865234,69051
2026-07-24 19:20:00+00:00,83.33869934082031,83.3499984741211,83.33450317382812,83.33499908447266,56312
2026-07-24 19:25:00+00:00,83.33499908447266,83.33999633789062,83.33000183105469,83.3301010131836,54786
2026-07-24 19:30:00+00:00,83.33000183105469,83.33999633789062,83.30999755859375,83.33000183105469,192885
2026-07-24 19:35:00+00:00,83.36000061035156,83.36000061035156,83.31999969482422,83.32499694824219,134850
2026-07-24 19:40:00+00:00,83.36000061035156,83.36000061035156,83.34500122070312,83.36000061035156,222768
2026-07-24 19:45:00+00:00,83.3499984741211,83.36000061035156,83.33999633789062,83.3499984741211,111299
2026-07-24 19:50:00+00:00,83.33999633789062,83.36000061035156,83.33000183105469,83.33999633789062,410286
2026-07-24 19:55:00+00:00,83.25,83.34500122070312,83.25,83.33999633789062,877496
2026-07-27 13:30:00+00:00,83.68000030517578,83.76000213623047,83.6500015258789,83.7300033569336,1329734
2026-07-27 13:35:00+00:00,83.7699966430664,83.7750015258789,83.68499755859375,83.68499755859375,132211
2026-07-27 13:40:00+00:00,83.75499725341797,83.79000091552734,83.75,83.7699966430664,171230
2026-07-27 13:45:00+00:00,83.73500061035156,83.76000213623047,83.73500061035156,83.75,204235
2026-07-27 13:50:00+00:00,83.70999908447266,83.73500061035156,83.66500091552734,83.73500061035156,167687
2026-07-27 13:55:00+00:00,83.58499908447266,83.70500183105469,83.58000183105469,83.70500183105469,278683
2026-07-27 14:00:00+00:00,83.67500305175781,83.69499969482422,83.54499816894531,83.58499908447266,321272
2026-07-27 14:05:00+00:00,83.70500183105469,83.72000122070312,83.66999816894531,83.66999816894531,111491
2026-07-27 14:10:00+00:00,83.69000244140625,83.7249984741211,83.69000244140625,83.70500183105469,144675
2026-07-27 14:15:00+00:00,83.66999816894531,83.70500183105469,83.66999816894531,83.69499969482422,79272
2026-07-27 14:20:00+00:00,83.66999816894531,83.68000030517578,83.63999938964844,83.66999816894531,114208
2026-07-27 14:25:00+00:00,83.61499786376953,83.67500305175781,83.5999984741211,83.67500305175781,164309
2026-07-27 14:30:00+00:00,83.61499786376953,83.62999725341797,83.58999633789062,83.61499786376953,75792
2026-07-27 14:35:00+00:00,83.66000366210938,83.67980194091797,83.5999984741211,83.61499786376953,175558
2026-07-27 14:40:00+00:00,83.62000274658203,83.66500091552734,83.62000274658203,83.66500091552734,212748
2026-07-27 14:45:00+00:00,83.58999633789062,83.63500213623047,83.58999633789062,83.625,111369
2026-07-27 14:50:00+00:00,83.54010009765625,83.59500122070312,83.54010009765625,83.58999633789062,154213
2026-07-27 14:55:00+00:00,83.57209777832031,83.58000183105469,83.5199966430664,83.54499816894531,156768
2026-07-27 15:00:00+00:00,83.59980010986328,83.5999984741211,83.55000305175781,83.56999969482422,149973
2026-07-27 15:05:00+00:00,83.56500244140625,83.58499908447266,83.55000305175781,83.58499908447266,1301689
2026-07-27 15:10:00+00:00,83.61499786376953,83.61499786376953,83.55000305175781,83.56500244140625,152839
2026-07-27 15:15:00+00:00,83.67500305175781,83.68499755859375,83.61499786376953,83.61499786376953,93055
2026-07-27 15:20:00+00:00,83.7300033569336,83.73989868164062,83.67500305175781,83.67500305175781,166706
2026-07-27 15:25:00+00:00,83.72000122070312,83.74500274658203,83.71279907226562,83.72219848632812,253731
2026-07-27 15:30:00+00:00,83.69999694824219,83.74690246582031,83.69999694824219,83.7249984741211,157165
2026-07-27 15:35:00+00:00,83.69000244140625,83.72000122070312,83.68000030517578,83.69499969482422,240869
2026-07-27 15:40:00+00:00,83.70999908447266,83.70999908447266,83.68000030517578,83.69499969482422,99217
2026-07-27 15:45:00+00:00,83.68499755859375,83.70999908447266,83.68000030517578,83.70999908447266,50945
2026-07-27 15:50:00+00:00,83.68499755859375,83.69499969482422,83.67009735107422,83.68499755859375,96451
2026-07-27 15:55:00+00:00,83.68000030517578,83.69499969482422,83.66999816894531,83.68499755859375,49286
2026-07-27 16:00:00+00:00,83.72000122070312,83.72000122070312,83.68000030517578,83.68499755859375,94204
2026-07-27 16:05:00+00:00,83.70989990234375,83.7249984741211,83.70249938964844,83.71499633789062,36655
2026-07-27 16:10:00+00:00,83.66000366210938,83.70700073242188,83.66000366210938,83.70500183105469,48272
2026-07-27 16:15:00+00:00,83.68000030517578,83.69999694824219,83.66500091552734,83.66500091552734,207314
2026-07-27 16:20:00+00:00,83.72000122070312,83.72000122070312,83.68000030517578,83.68000030517578,91813
2026-07-27 16:25:00+00:00,83.79810333251953,83.80000305175781,83.71499633789062,83.71499633789062,319699
2026-07-27 16:30:00+00:00,83.83499908447266,83.83499908447266,83.77149963378906,83.79499816894531,173570
2026-07-27 16:35:00+00:00,83.81500244140625,83.83999633789062,83.81500244140625,83.83499908447266,455177
2026-07-27 16:40:00+00:00,83.79499816894531,83.83000183105469,83.79499816894531,83.81999969482422,219459
2026-07-27 16:45:00+00:00,83.75,83.80999755859375,83.75,83.79499816894531,95942
2026-07-27 16:50:00+00:00,83.76940155029297,83.7699966430664,83.73500061035156,83.74500274658203,85918
2026-07-27 16:55:00+00:00,83.72470092773438,83.76000213623047,83.69960021972656,83.76000213623047,73221
2026-07-27 17:00:00+00:00,83.71499633789062,83.75,83.69000244140625,83.7249984741211,140850
2026-07-27 17:05:00+00:00,83.69499969482422,83.72000122070312,83.6897964477539,83.71499633789062,49676
2026-07-27 17:10:00+00:00,83.71420288085938,83.72000122070312,83.69000244140625,83.69499969482422,40746
2026-07-27 17:15:00+00:00,83.69940185546875,83.72949981689453,83.69499969482422,83.71499633789062,64286
2026-07-27 17:20:00+00:00,83.69999694824219,83.70999908447266,83.69000244140625,83.69499969482422,334645
2026-07-27 17:25:00+00:00,83.72000122070312,83.7300033569336,83.69499969482422,83.69999694824219,81498
2026-07-27 17:30:00+00:00,83.7699966430664,83.7750015258789,83.71019744873047,83.71019744873047,258057
2026-07-27 17:35:00+00:00,83.69000244140625,83.76499938964844,83.68009948730469,83.76499938964844,386081
2026-07-27 17:40:00+00:00,83.68499755859375,83.69999694824219,83.67500305175781,83.69000244140625,199541
2026-07-27 17:45:00+00:00,83.68499755859375,83.68499755859375,83.66000366210938,83.68499755859375,543968
2026-07-27 17:50:00+00:00,83.68499755859375,83.69000244140625,83.66000366210938,83.68000030517578,490934
2026-07-27 17:55:00+00:00,83.69000244140625,83.69000244140625,83.67009735107422,83.68499755859375,207052
2026-07-27 18:00:00+00:00,83.70999908447266,83.70999908447266,83.68499755859375,83.69000244140625,195548
2026-07-27 18:05:00+00:00,83.72989654541016,83.7300033569336,83.7040023803711,83.7040023803711,624143
2026-07-27 18:10:00+00:00,83.7300033569336,83.73999786376953,83.70999908447266,83.7300033569336,365901
2026-07-27 18:15:00+00:00,83.73500061035156,83.75,83.72000122070312,83.73500061035156,709472
2026-07-27 18:20:00+00:00,83.7300033569336,83.73999786376953,83.72000122070312,83.73500061035156,35950
2026-07-27 18:25:00+00:00,83.74500274658203,83.75,83.7300033569336,83.7300033569336,149443
2026-07-27 18:30:00+00:00,83.7300033569336,83.74500274658203,83.72010040283203,83.73999786376953,594484
2026-07-27 18:35:00+00:00,83.71769714355469,83.74500274658203,83.70999908447266,83.7249984741211,263288
2026-07-27 18:40:00+00:00,83.76000213623047,83.80000305175781,83.71499633789062,83.71499633789062,984786
2026-07-27 18:45:00+00:00,83.76100158691406,83.78500366210938,83.76000213623047,83.76499938964844,127214
2026-07-27 18:50:00+00:00,83.76499938964844,83.77010345458984,83.7500991821289,83.76000213623047,148379
2026-07-27 18:55:00+00:00,83.80000305175781,83.80999755859375,83.77010345458984,83.7750015258789,101605
2026-07-27 19:00:00+00:00,83.80500030517578,83.80999755859375,83.77999877929688,83.80000305175781,248120
2026-07-27 19:05:00+00:00,83.80000305175781,83.81999969482422,83.80000305175781,83.80500030517578,143592
2026-07-27 19:10:00+00:00,83.80999755859375,83.81999969482422,83.80000305175781,83.80000305175781,305179
2026-07-27 19:15:00+00:00,83.78500366210938,83.81999969482422,83.77999877929688,83.81999969482422,196995
2026-07-27 19:20:00+00:00,83.78500366210938,83.79000091552734,83.7699966430664,83.78500366210938,252777
2026-07-27 19:25:00+00:00,83.80999755859375,83.80999755859375,83.78500366210938,83.78569793701172,445755
2026-07-27 19:30:00+00:00,83.81500244140625,83.81999969482422,83.80500030517578,83.80989837646484,598536
2026-07-27 19:35:00+00:00,83.80999755859375,83.81999969482422,83.79019927978516,83.80999755859375,430912
2026-07-27 19:40:00+00:00,83.83000183105469,83.83000183105469,83.80500030517578,83.80500030517578,198305
2026-07-27 19:45:00+00:00,83.84500122070312,83.8499984741211,83.82009887695312,83.82499694824219,279483
2026-07-27 19:50:00+00:00,83.86000061035156,83.87000274658203,83.83999633789062,83.8499984741211,567268
2026-07-27 19:55:00+00:00,83.76000213623047,83.86000061035156,83.75499725341797,83.86000061035156,1461237
2026-07-28 13:30:00+00:00,83.87000274658203,83.87999725341797,83.8499984741211,83.87000274658203,1137473
2026-07-28 13:35:00+00:00,83.875,83.87999725341797,83.84500122070312,83.875,359011
2026-07-28 13:40:00+00:00,83.87999725341797,83.90499877929688,83.87129974365234,83.87129974365234,227346
2026-07-28 13:45:00+00:00,83.88500213623047,83.88999938964844,83.86499786376953,83.87999725341797,172282
2026-07-28 13:50:00+00:00,83.95999908447266,83.9800033569336,83.88500213623047,83.88500213623047,218373
2026-07-28 13:55:00+00:00,83.96499633789062,83.9800033569336,83.94999694824219,83.96499633789062,144572
2026-07-28 14:00:00+00:00,83.94499969482422,83.98999786376953,83.93000030517578,83.95999908447266,125215
2026-07-28 14:05:00+00:00,83.96499633789062,83.989501953125,83.94999694824219,83.94999694824219,155476
2026-07-28 14:10:00+00:00,83.99500274658203,84.0,83.95010375976562,83.97000122070312,162253
2026-07-28 14:15:00+00:00,84.01499938964844,84.02999877929688,83.99500274658203,84.0,358911
2026-07-28 14:20:00+00:00,83.95500183105469,84.02999877929688,83.94999694824219,84.01499938964844,429956
2026-07-28 14:25:00+00:00,83.94000244140625,83.97000122070312,83.93009948730469,83.95500183105469,90965
2026-07-28 14:30:00+00:00,83.95980072021484,83.97049713134766,83.93229675292969,83.93499755859375,145964
2026-07-28 14:35:00+00:00,83.94499969482422,83.97000122070312,83.93000030517578,83.95500183105469,175771
2026-07-28 14:40:00+00:00,83.97350311279297,83.9749984741211,83.93000030517578,83.93000030517578,436510
2026-07-28 14:45:00+00:00,83.95500183105469,83.9800033569336,83.94400024414062,83.9800033569336,264934
2026-07-28 14:50:00+00:00,83.95999908447266,83.97000122070312,83.94000244140625,83.95500183105469,327434
2026-07-28 14:55:00+00:00,83.96499633789062,83.97000122070312,83.94999694824219,83.96499633789062,166874
2026-07-28 15:00:00+00:00,83.96499633789062,83.98500061035156,83.95999908447266,83.96050262451172,70147
2026-07-28 15:05:00+00:00,83.98999786376953,83.98999786376953,83.95999908447266,83.96289825439453,110058
2026-07-28 15:10:00+00:00,84.12000274658203,84.12999725341797,84.0,84.0,1774987
2026-07-28 15:15:00+00:00,84.23500061035156,84.23999786376953,84.11499786376953,84.11499786376953,467099
2026-07-28 15:20:00+00:00,84.17500305175781,84.26499938964844,84.16000366210938,84.25,595795
2026-07-28 15:25:00+00:00,84.20500183105469,84.22000122070312,84.16190338134766,84.17500305175781,158102
2026-07-28 15:30:00+00:00,84.20500183105469,84.2249984741211,84.16999816894531,84.20500183105469,171625
2026-07-28 15:35:00+00:00,84.20999908447266,84.23500061035156,84.19000244140625,84.20500183105469,132091
2026-07-28 15:40:00+00:00,84.23999786376953,84.26000213623047,84.20500183105469,84.20999908447266,416782
2026-07-28 15:45:00+00:00,84.25499725341797,84.26000213623047,84.23999786376953,84.24120330810547,111743
2026-07-28 15:50:00+00:00,84.2750015258789,84.28500366210938,84.25,84.25499725341797,210348
2026-07-28 15:55:00+00:00,84.30000305175781,84.31999969482422,84.2699966430664,84.2750015258789,406003
2026-07-28 16:00:00+00:00,84.29000091552734,84.31999969482422,84.29000091552734,84.30000305175781,145129
2026-07-28 16:05:00+00:00,84.2699966430664,84.28500366210938,84.26000213623047,84.28500366210938,496610
2026-07-28 16:10:00+00:00,84.30999755859375,84.31999969482422,84.26000213623047,84.26000213623047,133020
2026-07-28 16:15:00+00:00,84.33000183105469,84.33000183105469,84.30500030517578,84.30989837646484,170941
2026-07-28 16:20:00+00:00,84.31099700927734,84.33000183105469,84.30999755859375,84.3218994140625,95277
2026-07-28 16:25:00+00:00,84.30999755859375,84.33689880371094,84.30000305175781,84.30999755859375,196069
2026-07-28 16:30:00+00:00,84.31500244140625,84.33999633789062,84.30000305175781,84.31500244140625,194507
2026-07-28 16:35:00+00:00,84.30509948730469,84.31999969482422,84.30000305175781,84.31500244140625,41160
2026-07-28 16:40:00+00:00,84.27999877929688,84.31670379638672,84.2750015258789,84.30500030517578,123212
2026-07-28 16:45:00+00:00,84.25499725341797,84.28500366210938,84.23500061035156,84.28500366210938,78659
2026-07-28 16:50:00+00:00,84.26499938964844,84.29000091552734,84.25,84.25,108692
2026-07-28 16:55:00+00:00,84.26499938964844,84.27999877929688,84.2300033569336,84.26499938964844,238707
2026-07-28 17:00:00+00:00,84.29499816894531,84.30999755859375,84.23999786376953,84.26499938964844,135728
2026-07-28 17:05:00+00:00,84.28009796142578,84.30999755859375,84.2699966430664,84.29000091552734,273376
2026-07-28 17:10:00+00:00,84.25,84.27999877929688,84.22010040283203,84.27999877929688,170166
2026-07-28 17:15:00+00:00,84.23999786376953,84.26499938964844,84.23419952392578,84.25499725341797,399086
2026-07-28 17:20:00+00:00,84.22000122070312,84.30000305175781,84.22000122070312,84.23999786376953,212670
2026-07-28 17:25:00+00:00,84.23500061035156,84.24500274658203,84.22000122070312,84.2249984741211,90397
2026-07-28 17:30:00+00:00,84.2394027709961,84.24500274658203,84.21219635009766,84.22989654541016,152882
2026-07-28 17:35:00+00:00,84.23500061035156,84.23999786376953,84.2249984741211,84.23999786376953,63812
2026-07-28 17:40:00+00:00,84.2249984741211,84.23999786376953,84.22010040283203,84.23500061035156,45231
2026-07-28 17:45:00+00:00,84.2300033569336,84.23770141601562,84.20999908447266,84.2300033569336,86039
2026-07-28 17:50:00+00:00,84.18499755859375,84.22989654541016,84.18260192871094,84.2249984741211,274588
2026-07-28 17:55:00+00:00,84.2249984741211,84.23500061035156,84.18499755859375,84.18499755859375,183187
2026-07-28 18:00:00+00:00,84.21900177001953,84.22000122070312,84.20500183105469,84.22000122070312,188540
2026-07-28 18:05:00+00:00,84.23999786376953,84.23999786376953,84.21499633789062,84.21499633789062,109729
2026-07-28 18:10:00+00:00,84.20500183105469,84.23500061035156,84.19999694824219,84.2301025390625,295355
2026-07-28 18:15:00+00:00,84.22000122070312,84.22000122070312,84.19499969482422,84.20500183105469,172816
2026-07-28 18:20:00+00:00,84.19999694824219,84.22669982910156,84.19999694824219,84.20999908447266,190877
2026-07-28 18:25:00+00:00,84.20999908447266,84.22000122070312,84.19499969482422,84.20500183105469,71450
2026-07-28 18:30:00+00:00,84.21499633789062,84.22000122070312,84.19999694824219,84.21990203857422,45703
2026-07-28 18:35:00+00:00,84.20500183105469,84.2249984741211,84.19499969482422,84.21499633789062,77279
2026-07-28 18:40:00+00:00,84.21399688720703,84.21399688720703,84.19999694824219,84.20500183105469,33049
2026-07-28 18:45:00+00:00,84.18499755859375,84.20999908447266,84.18240356445312,84.20999908447266,103332
2026-07-28 18:50:00+00:00,84.19999694824219,84.20500183105469,84.18499755859375,84.18499755859375,476884
2026-07-28 18:55:00+00:00,84.19000244140625,84.19999694824219,84.19000244140625,84.19309997558594,50597
2026-07-28 19:00:00+00:00,84.21499633789062,84.2300033569336,84.18499755859375,84.18499755859375,112699
2026-07-28 19:05:00+00:00,84.2249984741211,84.23999786376953,84.20999908447266,84.20999908447266,67654
2026-07-28 19:10:00+00:00,84.23500061035156,84.24500274658203,84.2300033569336,84.2300033569336,70004
2026-07-28 19:15:00+00:00,84.23999786376953,84.25,84.2300033569336,84.23500061035156,158810
2026-07-28 19:20:00+00:00,84.2249984741211,84.25,84.2249984741211,84.24500274658203,171679
2026-07-28 19:25:00+00:00,84.22000122070312,84.23989868164062,84.22000122070312,84.2300033569336,269879
2026-07-28 19:30:00+00:00,84.23500061035156,84.23999786376953,84.21499633789062,84.2300033569336,210473
2026-07-28 19:35:00+00:00,84.2249984741211,84.23999786376953,84.22000122070312,84.23500061035156,198357
2026-07-28 19:40:00+00:00,84.21499633789062,84.2300033569336,84.20999908447266,84.22000122070312,292784
2026-07-28 19:45:00+00:00,84.23500061035156,84.23539733886719,84.20999908447266,84.22000122070312,580561
2026-07-28 19:50:00+00:00,84.24500274658203,84.25,84.22010040283203,84.23709869384766,611048
2026-07-28 19:55:00+00:00,84.23500061035156,84.25,84.22000122070312,84.24349975585938,1284201
2026-07-29 13:30:00+00:00,84.08999633789062,84.11000061035156,84.07499694824219,84.1050033569336,618421
2026-07-29 13:35:00+00:00,84.1449966430664,84.15129852294922,84.08049774169922,84.08499908447266,170443
2026-07-29 13:40:00+00:00,84.08499908447266,84.1500015258789,84.08499908447266,84.1405029296875,330269
2026-07-29 13:45:00+00:00,84.11000061035156,84.12000274658203,84.08499908447266,84.08509826660156,202965
2026-07-29 13:50:00+00:00,84.12000274658203,84.125,84.0999984741211,84.11499786376953,196041
2026-07-29 13:55:00+00:00,84.11499786376953,84.11499786376953,84.08999633789062,84.11499786376953,514574
2026-07-29 14:00:00+00:00,84.08999633789062,84.12339782714844,84.08000183105469,84.11499786376953,206560
2026-07-29 14:05:00+00:00,84.07499694824219,84.12999725341797,84.07499694824219,84.08999633789062,145542
2026-07-29 14:10:00+00:00,84.05000305175781,84.07499694824219,84.03500366210938,84.06999969482422,124417
2026-07-29 14:15:00+00:00,84.05509948730469,84.05670166015625,84.04000091552734,84.05500030517578,151128
2026-07-29 14:20:00+00:00,84.06500244140625,84.06990051269531,84.04019927978516,84.05989837646484,216347
2026-07-29 14:25:00+00:00,84.04000091552734,84.06999969482422,84.03500366210938,84.05999755859375,65471
2026-07-29 14:30:00+00:00,84.04000091552734,84.05500030517578,84.01499938964844,84.03500366210938,301714
2026-07-29 14:35:00+00:00,84.00499725341797,84.05000305175781,84.0,84.04499816894531,106339
2026-07-29 14:40:00+00:00,83.96299743652344,84.01499938964844,83.94999694824219,84.01000213623047,171603
2026-07-29 14:45:00+00:00,83.93499755859375,83.95999908447266,83.92500305175781,83.95999908447266,227255
2026-07-29 14:50:00+00:00,83.92500305175781,83.95970153808594,83.91999816894531,83.93499755859375,308593
2026-07-29 14:55:00+00:00,83.92500305175781,83.94000244140625,83.91000366210938,83.92500305175781,255705
2026-07-29 15:00:00+00:00,83.94000244140625,83.94000244140625,83.91500091552734,83.92500305175781,302206
2026-07-29 15:05:00+00:00,83.98999786376953,83.98999786376953,83.94000244140625,83.94000244140625,142682
2026-07-29 15:10:00+00:00,83.97000122070312,84.00499725341797,83.97000122070312,83.99130249023438,74073
2026-07-29 15:15:00+00:00,83.94499969482422,83.9749984741211,83.94499969482422,83.9749984741211,70297
2026-07-29 15:20:00+00:00,83.96499633789062,83.97000122070312,83.94000244140625,83.94999694824219,55700
2026-07-29 15:25:00+00:00,83.93499755859375,83.96499633789062,83.93000030517578,83.96320343017578,73809
2026-07-29 15:30:00+00:00,83.93499755859375,83.95999908447266,83.91999816894531,83.93499755859375,351502
2026-07-29 15:35:00+00:00,83.9000015258789,83.93990325927734,83.9000015258789,83.93990325927734,509820
2026-07-29 15:40:00+00:00,83.86000061035156,83.9000015258789,83.84010314941406,83.9000015258789,185102
2026-07-29 15:45:00+00:00,83.87000274658203,83.87999725341797,83.86000061035156,83.86009979248047,111476
2026-07-29 15:50:00+00:00,83.87999725341797,83.88999938964844,83.86000061035156,83.87000274658203,142632
2026-07-29 15:55:00+00:00,83.83999633789062,83.875,83.83499908447266,83.875,153723
2026-07-29 16:00:00+00:00,83.81999969482422,83.8499984741211,83.80999755859375,83.8499984741211,49691
2026-07-29 16:05:00+00:00,83.80999755859375,83.8301010131836,83.80999755859375,83.82440185546875,120235
2026-07-29 16:10:00+00:00,83.81009674072266,83.82230377197266,83.79000091552734,83.80999755859375,142517
2026-07-29 16:15:00+00:00,83.7750015258789,83.80999755859375,83.7699966430664,83.80999755859375,184097
2026-07-29 16:20:00+00:00,83.79000091552734,83.81500244140625,83.7699966430664,83.77010345458984,227922
2026-07-29 16:25:00+00:00,83.81999969482422,83.81999969482422,83.79000091552734,83.7959976196289,73772
2026-07-29 16:30:00+00:00,83.81500244140625,83.83499908447266,83.81500244140625,83.82649993896484,166329
2026-07-29 16:35:00+00:00,83.818603515625,83.82990264892578,83.80000305175781,83.81500244140625,92617
2026-07-29 16:40:00+00:00,83.82499694824219,83.83999633789062,83.81500244140625,83.81500244140625,90507
2026-07-29 16:45:00+00:00,83.82499694824219,83.83000183105469,83.80999755859375,83.82499694824219,112369
2026-07-29 16:50:00+00:00,83.83999633789062,83.83999633789062,83.82319641113281,83.82499694824219,258979
2026-07-29 16:55:00+00:00,83.84500122070312,83.8499984741211,83.83499908447266,83.83499908447266,65103
2026-07-29 17:00:00+00:00,83.86000061035156,83.86499786376953,83.83000183105469,83.84500122070312,242964
2026-07-29 17:05:00+00:00,83.8550033569336,83.86499786376953,83.83999633789062,83.86499786376953,87974
2026-07-29 17:10:00+00:00,83.88009643554688,83.88500213623047,83.8499984741211,83.8550033569336,202042
2026-07-29 17:15:00+00:00,83.86000061035156,83.88500213623047,83.86000061035156,83.88500213623047,134585
2026-07-29 17:20:00+00:00,83.86000061035156,83.86990356445312,83.8499984741211,83.86000061035156,106576
2026-07-29 17:25:00+00:00,83.87999725341797,83.88500213623047,83.8550033569336,83.86000061035156,108996
2026-07-29 17:30:00+00:00,83.875,83.88999938964844,83.87000274658203,83.87999725341797,196180
2026-07-29 17:35:00+00:00,83.8550033569336,83.88500213623047,83.83999633789062,83.875,117220
2026-07-29 17:40:00+00:00,83.88999938964844,83.91500091552734,83.8550033569336,83.8550033569336,134381
2026-07-29 17:45:00+00:00,83.9000015258789,83.9000015258789,83.875,83.88999938964844,42285
2026-07-29 17:50:00+00:00,83.92040252685547,83.93000030517578,83.90499877929688,83.90850067138672,26408
2026-07-29 17:55:00+00:00,83.88249969482422,83.92500305175781,83.88249969482422,83.92500305175781,146330
2026-07-29 18:00:00+00:00,83.79010009765625,84.03500366210938,83.67500305175781,83.87999725341797,2047623
2026-07-29 18:05:00+00:00,83.61000061035156,83.80999755859375,83.58000183105469,83.78500366210938,678449
2026-07-29 18:10:00+00:00,83.61000061035156,83.61000061035156,83.5,83.6093978881836,768579
2026-07-29 18:15:00+00:00,83.56999969482422,83.64510345458984,83.56999969482422,83.6050033569336,554043
2026-07-29 18:20:00+00:00,83.58000183105469,83.58989715576172,83.4906005859375,83.55000305175781,454950
2026-07-29 18:25:00+00:00,83.66500091552734,83.69000244140625,83.57969665527344,83.58000183105469,163955
2026-07-29 18:30:00+00:00,83.6500015258789,83.70999908447266,83.5250015258789,83.66999816894531,591782
2026-07-29 18:35:00+00:00,83.76000213623047,83.7699966430664,83.62999725341797,83.65499877929688,235009
2026-07-29 18:40:00+00:00,83.7750015258789,83.80000305175781,83.7300033569336,83.7593994140625,209354
2026-07-29 18:45:00+00:00,83.82499694824219,83.86000061035156,83.76499938964844,83.7699966430664,588233
2026-07-29 18:50:00+00:00,83.73500061035156,83.81999969482422,83.69499969482422,83.81999969482422,306060
2026-07-29 18:55:00+00:00,83.62000274658203,83.7300033569336,83.6050033569336,83.7300033569336,529901
2026-07-29 19:00:00+00:00,83.44999694824219,83.63500213623047,83.43000030517578,83.61499786376953,563124
2026-07-29 19:05:00+00:00,83.18000030517578,83.47000122070312,83.16999816894531,83.45010375976562,1564396
2026-07-29 19:10:00+00:00,83.22000122070312,83.28739929199219,83.1792984008789,83.18000030517578,1412221
2026-07-29 19:15:00+00:00,83.26000213623047,83.33000183105469,83.21009826660156,83.22989654541016,689991
2026-07-29 19:20:00+00:00,82.93000030517578,83.26000213623047,82.93000030517578,83.26000213623047,1912894
2026-07-29 19:25:00+00:00,82.83999633789062,82.98999786376953,82.82980346679688,82.92990112304688,1702556
2026-07-29 19:30:00+00:00,82.78500366210938,82.9000015258789,82.69999694824219,82.8499984741211,1454493
2026-07-29 19:35:00+00:00,82.93499755859375,82.94999694824219,82.7300033569336,82.78500366210938,1141129
2026-07-29 19:40:00+00:00,82.95500183105469,83.04000091552734,82.92500305175781,82.9395980834961,1568114
2026-07-29 19:45:00+00:00,82.94499969482422,83.01000213623047,82.88999938964844,82.95500183105469,1506914
2026-07-29 19:50:00+00:00,82.84500122070312,82.96499633789062,82.83999633789062,82.94000244140625,2091422
2026-07-29 19:55:00+00:00,82.86499786376953,82.88999938964844,82.83000183105469,82.84500122070312,2658172
2026-07-30 13:30:00+00:00,82.76499938964844,82.87999725341797,82.74099731445312,82.80500030517578,2534102
2026-07-30 13:35:00+00:00,82.86000061035156,82.9000015258789,82.75,82.76499938964844,944573
2026-07-30 13:40:00+00:00,82.85220336914062,82.87999725341797,82.80000305175781,82.8550033569336,518045
2026-07-30 13:45:00+00:00,82.81500244140625,82.87000274658203,82.79000091552734,82.8550033569336,441788
2026-07-30 13:50:00+00:00,82.76499938964844,82.8499984741211,82.75,82.81500244140625,559577
2026-07-30 13:55:00+00:00,82.76689910888672,82.77999877929688,82.70999908447266,82.75240325927734,360373
2026-07-30 14:00:00+00:00,82.79499816894531,82.79499816894531,82.74500274658203,82.76499938964844,882555
2026-07-30 14:05:00+00:00,82.80000305175781,82.81500244140625,82.72000122070312,82.79499816894531,1669751
2026-07-30 14:10:00+00:00,82.875,82.88500213623047,82.77999877929688,82.79499816894531,493972
2026-07-30 14:15:00+00:00,82.83999633789062,82.87999725341797,82.83499908447266,82.875,470060
2026-07-30 14:20:00+00:00,82.875,82.88739776611328,82.78500366210938,82.8490982055664,428810
2026-07-30 14:25:00+00:00,82.86499786376953,82.89990234375,82.8550033569336,82.875,796925
2026-07-30 14:30:00+00:00,82.77999877929688,82.86499786376953,82.76000213623047,82.86000061035156,915294
2026-07-30 14:35:00+00:00,82.85759735107422,82.86000061035156,82.78399658203125,82.78690338134766,1055675
2026-07-30 14:40:00+00:00,82.85310363769531,82.875,82.83999633789062,82.86000061035156,998637
2026-07-30 14:45:00+00:00,82.73500061035156,82.8550033569336,82.71499633789062,82.8550033569336,845310
2026-07-30 14:50:00+00:00,82.6449966430664,82.7300033569336,82.63030242919922,82.7300033569336,547240
2026-07-30 14:55:00+00:00,82.67500305175781,82.68499755859375,82.61499786376953,82.6449966430664,706505
2026-07-30 15:00:00+00:00,82.61000061035156,82.7073974609375,82.61000061035156,82.68000030517578,729162
2026-07-30 15:05:00+00:00,82.56999969482422,82.62000274658203,82.5199966430664,82.61009979248047,487832
2026-07-30 15:10:00+00:00,82.53500366210938,82.57990264892578,82.51499938964844,82.57499694824219,759580
2026-07-30 15:15:00+00:00,82.54499816894531,82.56500244140625,82.5250015258789,82.53500366210938,692855
2026-07-30 15:20:00+00:00,82.6449966430664,82.6500015258789,82.54239654541016,82.54499816894531,685985
2026-07-30 15:25:00+00:00,82.69499969482422,82.69999694824219,82.62999725341797,82.6449966430664,839629
2026-07-30 15:30:00+00:00,82.68000030517578,82.73500061035156,82.66999816894531,82.69000244140625,501445
2026-07-30 15:35:00+00:00,82.68499755859375,82.68710327148438,82.65499877929688,82.68710327148438,151223
2026-07-30 15:40:00+00:00,82.71499633789062,82.73500061035156,82.68499755859375,82.68990325927734,270243
2026-07-30 15:45:00+00:00,82.71499633789062,82.73999786376953,82.69999694824219,82.71499633789062,240915
2026-07-30 15:50:00+00:00,82.7249984741211,82.75669860839844,82.7217025756836,82.7249984741211,174077
2026-07-30 15:55:00+00:00,82.76000213623047,82.76499938964844,82.72200012207031,82.7249984741211,0
2026-07-30 16:00:00+00:00,82.7323989868164,82.76000213623047,82.7323989868164,82.75260162353516,848084
2026-07-30 16:05:00+00:00,82.73780059814453,82.7500991821289,82.72000122070312,82.73970031738281,224833
2026-07-30 16:10:00+00:00,82.75499725341797,82.76000213623047,82.7300033569336,82.7300033569336,106686
2026-07-30 16:15:00+00:00,82.78269958496094,82.79989624023438,82.74500274658203,82.75499725341797,122436
2026-07-30 16:20:00+00:00,82.81500244140625,82.83499908447266,82.79000091552734,82.79000091552734,130082
2026-07-30 16:25:00+00:00,82.80000305175781,82.81500244140625,82.79000091552734,82.81500244140625,190796
2026-07-30 16:30:00+00:00,82.79000091552734,82.81990051269531,82.77999877929688,82.80500030517578,137735
2026-07-30 16:35:00+00:00,82.81539916992188,82.81539916992188,82.78910064697266,82.78910064697266,566151
2026-07-30 16:40:00+00:00,82.81500244140625,82.82990264892578,82.7750015258789,82.81500244140625,316716
2026-07-30 16:45:00+00:00,82.83999633789062,82.84989929199219,82.80999755859375,82.81500244140625,165619
2026-07-30 16:50:00+00:00,82.83499908447266,82.85990142822266,82.82499694824219,82.8499984741211,221332
2026-07-30 16:55:00+00:00,82.84500122070312,82.8550033569336,82.83159637451172,82.83989715576172,176399
2026-07-30 17:00:00+00:00,82.79499816894531,82.84989929199219,82.79499816894531,82.84500122070312,160918
2026-07-30 17:05:00+00:00,82.79499816894531,82.80000305175781,82.79000091552734,82.79650115966797,74786
2026-07-30 17:10:00+00:00,82.79499816894531,82.81500244140625,82.77999877929688,82.80000305175781,678051
2026-07-30 17:15:00+00:00,82.78500366210938,82.7968978881836,82.75,82.79000091552734,0
2026-07-30 17:20:00+00:00,82.78500366210938,82.79989624023438,82.77999877929688,82.78500366210938,70975
2026-07-30 17:25:00+00:00,82.78089904785156,82.80500030517578,82.7750015258789,82.78739929199219,226117
2026-07-30 17:30:00+00:00,82.7750015258789,82.78739929199219,82.75,82.78130340576172,209253
2026-07-30 17:35:00+00:00,82.68499755859375,82.79499816894531,82.68499755859375,82.77760314941406,422452
2026-07-30 17:40:00+00:00,82.70999908447266,82.75499725341797,82.69000244140625,82.69000244140625,379240
2026-07-30 17:45:00+00:00,82.73500061035156,82.75499725341797,82.71499633789062,82.72000122070312,153356
2026-07-30 17:50:00+00:00,82.73500061035156,82.73500061035156,82.69999694824219,82.73500061035156,72426
2026-07-30 17:55:00+00:00,82.72550201416016,82.75499725341797,82.72200012207031,82.73500061035156,101595
2026-07-30 18:00:00+00:00,82.69499969482422,82.72720336914062,82.69499969482422,82.72689819335938,44724
2026-07-30 18:05:00+00:00,82.71160125732422,82.72000122070312,82.69000244140625,82.69000244140625,701348
2026-07-30 18:10:00+00:00,82.74500274658203,82.74500274658203,82.70999908447266,82.71499633789062,346320
2026-07-30 18:15:00+00:00,82.74500274658203,82.76000213623047,82.7300033569336,82.73999786376953,121864
2026-07-30 18:20:00+00:00,82.74500274658203,82.76689910888672,82.73999786376953,82.7499008178711,309412
2026-07-30 18:25:00+00:00,82.75679779052734,82.76000213623047,82.73999786376953,82.74500274658203,191207
2026-07-30 18:30:00+00:00,82.76499938964844,82.7750015258789,82.73999786376953,82.75499725341797,435093
2026-07-30 18:35:00+00:00,82.75499725341797,82.7699966430664,82.75,82.76010131835938,174830
2026-07-30 18:40:00+00:00,82.73500061035156,82.7699966430664,82.7300033569336,82.75499725341797,182856
2026-07-30 18:45:00+00:00,82.73999786376953,82.75,82.73500061035156,82.73500061035156,47629
2026-07-30 18:50:00+00:00,82.7750015258789,82.77999877929688,82.73999786376953,82.74500274658203,208611
2026-07-30 18:55:00+00:00,82.80500030517578,82.80500030517578,82.7699966430664,82.7750015258789,296275
2026-07-30 19:00:00+00:00,82.81990051269531,82.86000061035156,82.80999755859375,82.80999755859375,300034
2026-07-30 19:05:00+00:00,82.80000305175781,82.81999969482422,82.78500366210938,82.81500244140625,224396
2026-07-30 19:10:00+00:00,82.78500366210938,82.80999755859375,82.76000213623047,82.80500030517578,177162
2026-07-30 19:15:00+00:00,82.76499938964844,82.80000305175781,82.76000213623047,82.77999877929688,1606177
2026-07-30 19:20:00+00:00,82.78500366210938,82.79000091552734,82.75,82.76689910888672,259392
2026-07-30 19:25:00+00:00,82.7750015258789,82.79000091552734,82.7699966430664,82.78500366210938,235081
2026-07-30 19:30:00+00:00,82.78500366210938,82.79000091552734,82.76000213623047,82.7699966430664,217181
2026-07-30 19:35:00+00:00,82.78500366210938,82.80000305175781,82.77999877929688,82.77999877929688,260008
2026-07-30 19:40:00+00:00,82.81500244140625,82.81999969482422,82.78500366210938,82.78500366210938,382893
2026-07-30 19:45:00+00:00,82.8469009399414,82.8499984741211,82.80000305175781,82.81500244140625,452953
2026-07-30 19:50:00+00:00,82.8499984741211,82.86000061035156,82.8322982788086,82.84500122070312,1001012
2026-07-30 19:55:00+00:00,82.79000091552734,82.86000061035156,82.7750015258789,82.84500122070312,1893784
2026-07-31 13:30:00+00:00,82.40499877929688,82.44999694824219,82.38999938964844,82.44499969482422,1593184
2026-07-31 13:35:00+00:00,82.29499816894531,82.43000030517578,82.29000091552734,82.40499877929688,722786
2026-07-31 13:40:00+00:00,82.16999816894531,82.31999969482422,82.12000274658203,82.29499816894531,1714797
2026-07-31 13:45:00+00:00,82.16699981689453,82.23999786376953,82.16000366210938,82.16999816894531,1489337
2026-07-31 13:50:00+00:00,82.06999969482422,82.1698989868164,82.05999755859375,82.16500091552734,1394913
2026-07-31 13:55:00+00:00,82.0999984741211,82.17500305175781,82.06999969482422,82.08000183105469,1102448
2026-07-31 14:00:00+00:00,82.08499908447266,82.16999816894531,82.08499908447266,82.09500122070312,544981
2026-07-31 14:05:00+00:00,82.1449966430664,82.16000366210938,82.05999755859375,82.08499908447266,871689
2026-07-31 14:10:00+00:00,82.0999984741211,82.14790344238281,82.05999755859375,82.1449966430664,1270726
2026-07-31 14:15:00+00:00,82.11499786376953,82.11499786376953,82.05000305175781,82.08499908447266,1158031
2026-07-31 14:20:00+00:00,82.14759826660156,82.18000030517578,82.1050033569336,82.11000061035156,418159
2026-07-31 14:25:00+00:00,82.16500091552734,82.19850158691406,82.1416015625,82.1449966430664,409494
2026-07-31 14:30:00+00:00,82.15499877929688,82.18000030517578,82.13500213623047,82.16999816894531,409772
2026-07-31 14:35:00+00:00,82.16999816894531,82.18000030517578,82.13999938964844,82.1500015258789,358954
2026-07-31 14:40:00+00:00,82.23999786376953,82.23999786376953,82.1500015258789,82.16999816894531,469665
2026-07-31 14:45:00+00:00,82.19499969482422,82.25990295410156,82.19010162353516,82.23999786376953,349738
2026-07-31 14:50:00+00:00,82.20500183105469,82.20999908447266,82.16000366210938,82.19999694824219,243915
2026-07-31 14:55:00+00:00,82.13970184326172,82.20989990234375,82.125,82.20500183105469,429511
2026-07-31 15:00:00+00:00,82.09500122070312,82.1449966430664,82.06500244140625,82.13999938964844,381908
2026-07-31 15:05:00+00:00,82.08709716796875,82.11990356445312,82.06999969482422,82.08999633789062,520165
2026-07-31 15:10:00+00:00,82.16999816894531,82.17990112304688,82.06999969482422,82.08699798583984,475093
2026-07-31 15:15:00+00:00,82.1050033569336,82.18000030517578,82.09500122070312,82.16000366210938,396911
2026-07-31 15:20:00+00:00,82.04000091552734,82.10990142822266,82.0199966430664,82.1050033569336,481805
2026-07-31 15:25:00+00:00,82.05500030517578,82.06999969482422,82.03990173339844,82.04000091552734,591993
2026-07-31 15:30:00+00:00,82.05989837646484,82.06510162353516,82.0238037109375,82.05500030517578,553317
2026-07-31 15:35:00+00:00,82.08499908447266,82.11000061035156,82.02999877929688,82.05500030517578,412435
2026-07-31 15:40:00+00:00,82.1050033569336,82.1050033569336,82.05999755859375,82.08999633789062,745329
2026-07-31 15:45:00+00:00,82.07499694824219,82.11499786376953,82.06999969482422,82.1050033569336,251215
2026-07-31 15:50:00+00:00,82.09750366210938,82.12950134277344,82.07499694824219,82.0791015625,280762
2026-07-31 15:55:00+00:00,82.08499908447266,82.11640167236328,82.08000183105469,82.0999984741211,399210
2026-07-31 16:00:00+00:00,82.11499786376953,82.11990356445312,82.05000305175781,82.08000183105469,173097
2026-07-31 16:05:00+00:00,82.10780334472656,82.12999725341797,82.0999984741211,82.11009979248047,419060
2026-07-31 16:10:00+00:00,82.0999984741211,82.125,82.08000183105469,82.1050033569336,200090
2026-07-31 16:15:00+00:00,82.05999755859375,82.0999984741211,82.05000305175781,82.0999984741211,225011
2026-07-31 16:20:00+00:00,82.04499816894531,82.05909729003906,82.0199966430664,82.05909729003906,209453
2026-07-31 16:25:00+00:00,82.06690216064453,82.07499694824219,82.0250015258789,82.04499816894531,320583
2026-07-31 16:30:00+00:00,82.08499908447266,82.08999633789062,82.05500030517578,82.06999969482422,267591
2026-07-31 16:35:00+00:00,82.04499816894531,82.08499908447266,82.04000091552734,82.08499908447266,205671
2026-07-31 16:40:00+00:00,82.04989624023438,82.06500244140625,82.03500366210938,82.04000091552734,334985
2026-07-31 16:45:00+00:00,82.05500030517578,82.07499694824219,82.04000091552734,82.04000091552734,224807
2026-07-31 16:50:00+00:00,82.03500366210938,82.05999755859375,82.02999877929688,82.05460357666016,257824
2026-07-31 16:55:00+00:00,82.02999877929688,82.04499816894531,82.01000213623047,82.03500366210938,189603
2026-07-31 17:00:00+00:00,82.0199966430664,82.03589630126953,82.0,82.03130340576172,252188
2026-07-31 17:05:00+00:00,82.00499725341797,82.04000091552734,82.0,82.02870178222656,250401
2026-07-31 17:10:00+00:00,81.9999008178711,82.0176010131836,81.9800033569336,82.00499725341797,393005
2026-07-31 17:15:00+00:00,81.98999786376953,82.01499938964844,81.98999786376953,81.99639892578125,134234
2026-07-31 17:20:00+00:00,82.0199966430664,82.0250015258789,81.9800033569336,81.99500274658203,235427
2026-07-31 17:25:00+00:00,81.98999786376953,82.01499938964844,81.9800033569336,82.01499938964844,142016
2026-07-31 17:30:00+00:00,81.95050048828125,81.99980163574219,81.94999694824219,81.98999786376953,406065
2026-07-31 17:35:00+00:00,81.93499755859375,81.95999908447266,81.91999816894531,81.95500183105469,365824
2026-07-31 17:40:00+00:00,81.93000030517578,81.9563980102539,81.91999816894531,81.93000030517578,331694
2026-07-31 17:45:00+00:00,81.90499877929688,81.94000244140625,81.9000015258789,81.93000030517578,370863
2026-07-31 17:50:00+00:00,81.91000366210938,81.93000030517578,81.88999938964844,81.90010070800781,468939
2026-07-31 17:55:00+00:00,81.95500183105469,81.95999908447266,81.91000366210938,81.91000366210938,344618
2026-07-31 18:00:00+00:00,81.95500183105469,81.97000122070312,81.94000244140625,81.95500183105469,401102
2026-07-31 18:05:00+00:00,81.96499633789062,81.98999786376953,81.94999694824219,81.95500183105469,532638
2026-07-31 18:10:00+00:00,81.95010375976562,81.97000122070312,81.94999694824219,81.95999908447266,289586
2026-07-31 18:15:00+00:00,81.94999694824219,81.95989990234375,81.94000244140625,81.95500183105469,198652
2026-07-31 18:20:00+00:00,81.98500061035156,81.98989868164062,81.94999694824219,81.94999694824219,262766
2026-07-31 18:25:00+00:00,81.96499633789062,81.98999786376953,81.96499633789062,81.98500061035156,220395
2026-07-31 18:30:00+00:00,81.95999908447266,81.9800033569336,81.95500183105469,81.96499633789062,638498
2026-07-31 18:35:00+00:00,81.95999908447266,81.97000122070312,81.94499969482422,81.95989990234375,923567
2026-07-31 18:40:00+00:00,81.9749984741211,81.9800033569336,81.94999694824219,81.95500183105469,661162
2026-07-31 18:45:00+00:00,81.99500274658203,82.0,81.97000122070312,81.9749984741211,307803
2026-07-31 18:50:00+00:00,81.96499633789062,81.99500274658203,81.95999908447266,81.99500274658203,127713
2026-07-31 18:55:00+00:00,81.96499633789062,81.9749984741211,81.95500183105469,81.95999908447266,281945
2026-07-31 19:00:00+00:00,81.95500183105469,81.9800033569336,81.94999694824219,81.96499633789062,537975
2026-07-31 19:05:00+00:00,81.99500274658203,82.0,81.94999694824219,81.94999694824219,518959
2026-07-31 19:10:00+00:00,81.98989868164062,82.0,81.9800033569336,82.0,338328
2026-07-31 19:15:00+00:00,82.01499938964844,82.01969909667969,81.96499633789062,81.98500061035156,930855
2026-07-31 19:20:00+00:00,82.02999877929688,82.04000091552734,82.00499725341797,82.01499938964844,316920
2026-07-31 19:25:00+00:00,82.0250015258789,82.04000091552734,82.0199966430664,82.0250015258789,330226
2026-07-31 19:30:00+00:00,82.04499816894531,82.05999755859375,82.01000213623047,82.0199966430664,591979
2026-07-31 19:35:00+00:00,82.1050033569336,82.11000061035156,82.04499816894531,82.04979705810547,695928
2026-07-31 19:40:00+00:00,82.15499877929688,82.16500091552734,82.08499908447266,82.1050033569336,846921
2026-07-31 19:45:00+00:00,82.0999984741211,82.16000366210938,82.06999969482422,82.15869903564453,1363532
2026-07-31 19:50:00+00:00,82.13500213623047,82.1500015258789,82.09500122070312,82.0999984741211,1231013
2026-07-31 19:55:00+00:00,82.23500061035156,82.25,82.08000183105469,82.13500213623047,4364233
2026-08-03 13:30:00+00:00,82.26000213623047,82.26000213623047,82.19999694824219,82.25,2802312
2026-08-03 13:35:00+00:00,82.2249984741211,82.26000213623047,82.19499969482422,82.25499725341797,536710
2026-08-03 13:40:00+00:00,82.17500305175781,82.25,82.16999816894531,82.2249984741211,552211
2026-08-03 13:45:00+00:00,82.20099639892578,82.22000122070312,82.16010284423828,82.17500305175781,726935
2026-08-03 13:50:00+00:00,82.15889739990234,82.20500183105469,82.125,82.20500183105469,2388858
2026-08-03 13:55:00+00:00,82.11000061035156,82.17500305175781,82.0999984741211,82.15119934082031,412005
2026-08-03 14:00:00+00:00,82.16500091552734,82.19779968261719,82.01000213623047,82.11000061035156,1104516
2026-08-03 14:05:00+00:00,82.19989776611328,82.19999694824219,82.16000366210938,82.16010284423828,307453
2026-08-03 14:10:00+00:00,82.31500244140625,82.32949829101562,82.19049835205078,82.19499969482422,400739
2026-08-03 14:15:00+00:00,82.29499816894531,82.33000183105469,82.29000091552734,82.31999969482422,380296
2026-08-03 14:20:00+00:00,82.31500244140625,82.33999633789062,82.29000091552734,82.29499816894531,451117
2026-08-03 14:25:00+00:00,82.34500122070312,82.34500122070312,82.302001953125,82.31500244140625,260549
2026-08-03 14:30:00+00:00,82.33000183105469,82.34989929199219,82.31500244140625,82.34500122070312,200166
2026-08-03 14:35:00+00:00,82.30999755859375,82.33999633789062,82.30000305175781,82.32009887695312,252522
2026-08-03 14:40:00+00:00,82.32499694824219,82.33499908447266,82.29000091552734,82.30000305175781,180050
2026-08-03 14:45:00+00:00,82.30500030517578,82.33000183105469,82.30000305175781,82.3279037475586,258691
2026-08-03 14:50:00+00:00,82.29660034179688,82.32499694824219,82.29290008544922,82.30500030517578,220504
2026-08-03 14:55:00+00:00,82.2750015258789,82.30909729003906,82.26000213623047,82.29499816894531,368942
2026-08-03 15:00:00+00:00,82.26000213623047,82.30500030517578,82.25499725341797,82.26499938964844,410690
2026-08-03 15:05:00+00:00,82.23999786376953,82.2750015258789,82.22000122070312,82.26719665527344,245156
2026-08-03 15:10:00+00:00,82.2300033569336,82.23999786376953,82.18000030517578,82.23049926757812,673715
2026-08-03 15:15:00+00:00,82.23500061035156,82.2573013305664,82.22000122070312,82.23799896240234,588556
2026-08-03 15:20:00+00:00,82.26499938964844,82.27999877929688,82.23500061035156,82.23500061035156,327185
2026-08-03 15:25:00+00:00,82.19499969482422,82.2750015258789,82.17500305175781,82.26000213623047,563162
2026-08-03 15:30:00+00:00,82.2300033569336,82.23500061035156,82.19999694824219,82.19999694824219,503221
2026-08-03 15:35:00+00:00,82.33000183105469,82.33999633789062,82.21499633789062,82.23500061035156,763540
2026-08-03 15:40:00+00:00,82.29499816894531,82.3499984741211,82.29499816894531,82.32499694824219,306870
2026-08-03 15:45:00+00:00,82.32649993896484,82.32649993896484,82.2699966430664,82.29499816894531,198415
2026-08-03 15:50:00+00:00,82.23999786376953,82.32990264892578,82.23500061035156,82.32990264892578,239972
2026-08-03 15:55:00+00:00,82.23500061035156,82.24700164794922,82.19999694824219,82.24700164794922,209661
2026-08-03 16:00:00+00:00,82.27100372314453,82.28500366210938,82.22270202636719,82.2300033569336,350015
2026-08-03 16:05:00+00:00,82.25,82.28990173339844,82.23999786376953,82.27999877929688,158900
2026-08-03 16:10:00+00:00,82.23999786376953,82.2699966430664,82.2249984741211,82.24500274658203,232976
2026-08-03 16:15:00+00:00,82.25279998779297,82.26000213623047,82.22000122070312,82.23500061035156,304865
2026-08-03 16:20:00+00:00,82.24500274658203,82.2699966430664,82.23999786376953,82.25499725341797,243319
2026-08-03 16:25:00+00:00,82.25,82.26000213623047,82.21499633789062,82.23999786376953,302476
2026-08-03 16:30:00+00:00,82.20999908447266,82.26499938964844,82.17500305175781,82.25,394772
2026-08-03 16:35:00+00:00,82.19000244140625,82.19999694824219,82.18499755859375,82.19999694824219,129674
2026-08-03 16:40:00+00:00,82.21499633789062,82.2300033569336,82.19000244140625,82.19000244140625,154406
2026-08-03 16:45:00+00:00,82.19499969482422,82.2300033569336,82.19000244140625,82.22000122070312,231462
2026-08-03 16:50:00+00:00,82.18669891357422,82.20500183105469,82.18319702148438,82.19499969482422,91166
2026-08-03 16:55:00+00:00,82.18499755859375,82.20500183105469,82.18000030517578,82.19000244140625,115702
2026-08-03 17:00:00+00:00,82.20999908447266,82.22000122070312,82.16999816894531,82.18499755859375,155467
2026-08-03 17:05:00+00:00,82.20030212402344,82.22000122070312,82.20020294189453,82.21499633789062,168107
2026-08-03 17:10:00+00:00,82.17500305175781,82.20999908447266,82.1709976196289,82.19999694824219,179392
2026-08-03 17:15:00+00:00,82.16500091552734,82.18000030517578,82.16000366210938,82.17500305175781,178191
2026-08-03 17:20:00+00:00,82.18000030517578,82.18499755859375,82.1500015258789,82.16500091552734,105728
2026-08-03 17:25:00+00:00,82.20700073242188,82.20999908447266,82.18009948730469,82.18009948730469,204023
2026-08-03 17:30:00+00:00,82.18000030517578,82.206298828125,82.17009735107422,82.19999694824219,300191
2026-08-03 17:35:00+00:00,82.20500183105469,82.20999908447266,82.17500305175781,82.17500305175781,109500
2026-08-03 17:40:00+00:00,82.21499633789062,82.21990203857422,82.19999694824219,82.19999694824219,101098
2026-08-03 17:45:00+00:00,82.19999694824219,82.20999908447266,82.19999694824219,82.20999908447266,30036
2026-08-03 17:50:00+00:00,82.19999694824219,82.20999908447266,82.19390106201172,82.20500183105469,149435
2026-08-03 17:55:00+00:00,82.19010162353516,82.20500183105469,82.18000030517578,82.19999694824219,89999
2026-08-03 18:00:00+00:00,82.23500061035156,82.23670196533203,82.17500305175781,82.19499969482422,196233
2026-08-03 18:05:00+00:00,82.23500061035156,82.25990295410156,82.20999908447266,82.2300033569336,251427
2026-08-03 18:10:00+00:00,82.25499725341797,82.25879669189453,82.23500061035156,82.23500061035156,114553
2026-08-03 18:15:00+00:00,82.26730346679688,82.28500366210938,82.25499725341797,82.25499725341797,170990
2026-08-03 18:20:00+00:00,82.25,82.29499816894531,82.25,82.2699966430664,290436
2026-08-03 18:25:00+00:00,82.19000244140625,82.24569702148438,82.18000030517578,82.23999786376953,305328
2026-08-03 18:30:00+00:00,82.19010162353516,82.21710205078125,82.19000244140625,82.19750213623047,177751
2026-08-03 18:35:00+00:00,82.20500183105469,82.22000122070312,82.19000244140625,82.19509887695312,249430
2026-08-03 18:40:00+00:00,82.2249984741211,82.2249984741211,82.20500183105469,82.20500183105469,147892
2026-08-03 18:45:00+00:00,82.24500274658203,82.24500274658203,82.21499633789062,82.22000122070312,142910
2026-08-03 18:50:00+00:00,82.2300033569336,82.25990295410156,82.2300033569336,82.2499008178711,164088
2026-08-03 18:55:00+00:00,82.21499633789062,82.26499938964844,82.21499633789062,82.23500061035156,294718
2026-08-03 19:00:00+00:00,82.21009826660156,82.22000122070312,82.19999694824219,82.22000122070312,241533
2026-08-03 19:05:00+00:00,82.2249984741211,82.2300033569336,82.20500183105469,82.21009826660156,147793
2026-08-03 19:10:00+00:00,82.23500061035156,82.24500274658203,82.222900390625,82.2300033569336,83643
2026-08-03 19:15:00+00:00,82.2249984741211,82.2593002319336,82.2249984741211,82.23500061035156,144264
2026-08-03 19:20:00+00:00,82.21499633789062,82.23500061035156,82.21009826660156,82.2249984741211,371548
2026-08-03 19:25:00+00:00,82.22000122070312,82.2249984741211,82.20999908447266,82.21499633789062,144538
2026-08-03 19:30:00+00:00,82.20500183105469,82.21499633789062,82.18009948730469,82.20999908447266,252775
2026-08-03 19:35:00+00:00,82.21499633789062,82.21499633789062,82.19999694824219,82.20500183105469,138276
2026-08-03 19:40:00+00:00,82.2249984741211,82.2300033569336,82.19999694824219,82.20999908447266,308585
2026-08-03 19:45:00+00:00,82.19999694824219,82.22989654541016,82.19000244140625,82.2249984741211,466573
2026-08-03 19:50:00+00:00,82.19499969482422,82.22769927978516,82.19000244140625,82.19000244140625,1190959
2026-08-03 19:55:00+00:00,82.19999694824219,82.20989990234375,82.16999816894531,82.19499969482422,1679270
2026-08-04 13:30:00+00:00,82.61499786376953,82.65499877929688,82.56999969482422,82.6449966430664,2100154
2026-08-04 13:35:00+00:00,82.6449966430664,82.66500091552734,82.61009979248047,82.61009979248047,1238678
2026-08-04 13:40:00+00:00,82.62000274658203,82.67500305175781,82.61000061035156,82.6449966430664,891445
2026-08-04 13:45:00+00:00,82.63500213623047,82.6500015258789,82.6050033569336,82.61309814453125,373898
2026-08-04 13:50:00+00:00,82.6240005493164,82.65640258789062,82.62000274658203,82.63500213623047,562938
2026-08-04 13:55:00+00:00,82.6050033569336,82.63999938964844,82.6050033569336,82.62999725341797,558162
2026-08-04 14:00:00+00:00,82.59500122070312,82.63500213623047,82.58499908447266,82.6050033569336,600089
2026-08-04 14:05:00+00:00,82.61000061035156,82.63500213623047,82.5999984741211,82.5999984741211,344807
2026-08-04 14:10:00+00:00,82.59700012207031,82.63999938964844,82.59500122070312,82.61000061035156,555683
2026-08-04 14:15:00+00:00,82.60030364990234,82.62000274658203,82.59359741210938,82.59500122070312,295044
2026-08-04 14:20:00+00:00,82.61499786376953,82.62000274658203,82.58999633789062,82.6050033569336,393278
2026-08-04 14:25:00+00:00,82.61499786376953,82.64730072021484,82.61000061035156,82.61990356445312,231811
2026-08-04 14:30:00+00:00,82.59500122070312,82.61499786376953,82.58000183105469,82.61499786376953,418482
2026-08-04 14:35:00+00:00,82.6500015258789,82.69499969482422,82.59500122070312,82.5999984741211,827046
2026-08-04 14:40:00+00:00,82.625,82.66000366210938,82.625,82.6500015258789,232104
2026-08-04 14:45:00+00:00,82.62129974365234,82.63500213623047,82.61000061035156,82.625,398095
2026-08-04 14:50:00+00:00,82.63500213623047,82.63999938964844,82.61309814453125,82.62000274658203,265032
2026-08-04 14:55:00+00:00,82.63999938964844,82.6500015258789,82.625,82.63500213623047,194234
2026-08-04 15:00:00+00:00,82.61000061035156,82.6500015258789,82.5999984741211,82.64510345458984,454749
2026-08-04 15:05:00+00:00,82.60990142822266,82.61499786376953,82.58999633789062,82.61009979248047,254821
2026-08-04 15:10:00+00:00,82.59500122070312,82.625,82.58999633789062,82.6050033569336,357660
2026-08-04 15:15:00+00:00,82.61599731445312,82.625,82.5947036743164,82.59500122070312,649462
2026-08-04 15:20:00+00:00,82.63500213623047,82.6500015258789,82.6050033569336,82.61000061035156,585733
2026-08-04 15:25:00+00:00,82.62000274658203,82.63680267333984,82.6134033203125,82.63500213623047,520189
2026-08-04 15:30:00+00:00,82.66500091552734,82.66999816894531,82.625,82.625,385009
2026-08-04 15:35:00+00:00,82.73999786376953,82.7750015258789,82.66000366210938,82.66500091552734,487859
2026-08-04 15:40:00+00:00,82.7699966430664,82.7750015258789,82.7136001586914,82.74500274658203,281562
2026-08-04 15:45:00+00:00,82.76499938964844,82.78500366210938,82.76499938964844,82.7750015258789,315721
2026-08-04 15:50:00+00:00,82.75499725341797,82.79000091552734,82.75,82.7699966430664,483564
2026-08-04 15:55:00+00:00,82.75499725341797,82.7699966430664,82.73999786376953,82.76000213623047,314112
2026-08-04 16:00:00+00:00,82.73600006103516,82.75990295410156,82.70999908447266,82.75,311706
2026-08-04 16:05:00+00:00,82.7300033569336,82.73999786376953,82.72000122070312,82.73500061035156,232589
2026-08-04 16:10:00+00:00,82.73500061035156,82.73999786376953,82.71499633789062,82.72509765625,156230
2026-08-04 16:15:00+00:00,82.7699966430664,82.7750015258789,82.73500061035156,82.73500061035156,211377
2026-08-04 16:20:00+00:00,82.80599975585938,82.81999969482422,82.76499938964844,82.7750015258789,350519
2026-08-04 16:25:00+00:00,82.7750015258789,82.80000305175781,82.7699966430664,82.80000305175781,301057
2026-08-04 16:30:00+00:00,82.76239776611328,82.7750015258789,82.74199676513672,82.7750015258789,364043
2026-08-04 16:35:00+00:00,82.72000122070312,82.76499938964844,82.72000122070312,82.76499938964844,261814
2026-08-04 16:40:00+00:00,82.7300033569336,82.73999786376953,82.71009826660156,82.7249984741211,230714
2026-08-04 16:45:00+00:00,82.7249984741211,82.73500061035156,82.72000122070312,82.7300033569336,144778
2026-08-04 16:50:00+00:00,82.7300033569336,82.73999786376953,82.72000122070312,82.7249984741211,106527
2026-08-04 16:55:00+00:00,82.7249984741211,82.73500061035156,82.72000122070312,82.73500061035156,66465
2026-08-04 17:00:00+00:00,82.75309753417969,82.76000213623047,82.7249984741211,82.7249984741211,214107
2026-08-04 17:05:00+00:00,82.74500274658203,82.76000213623047,82.73999786376953,82.75499725341797,478567
2026-08-04 17:10:00+00:00,82.76689910888672,82.77999877929688,82.73999786376953,82.75,182110
2026-08-04 17:15:00+00:00,82.7249984741211,82.76499938964844,82.72200012207031,82.76499938964844,183928
2026-08-04 17:20:00+00:00,82.69000244140625,82.7385025024414,82.69000244140625,82.72429656982422,146298
2026-08-04 17:25:00+00:00,82.69999694824219,82.70709991455078,82.68499755859375,82.68499755859375,131109
2026-08-04 17:30:00+00:00,82.7300033569336,82.73500061035156,82.69000244140625,82.70500183105469,216228
2026-08-04 17:35:00+00:00,82.75499725341797,82.76000213623047,82.7300033569336,82.73500061035156,279524
2026-08-04 17:40:00+00:00,82.76499938964844,82.76499938964844,82.74500274658203,82.75499725341797,228706
2026-08-04 17:45:00+00:00,82.73500061035156,82.76499938964844,82.73500061035156,82.76499938964844,350876
2026-08-04 17:50:00+00:00,82.73500061035156,82.73999786376953,82.71499633789062,82.73999786376953,725572
2026-08-04 17:55:00+00:00,82.70500183105469,82.74500274658203,82.69999694824219,82.73999786376953,149943
2026-08-04 18:00:00+00:00,82.68319702148438,82.70999908447266,82.68319702148438,82.69999694824219,102624
2026-08-04 18:05:00+00:00,82.69000244140625,82.69999694824219,82.68000030517578,82.68499755859375,112245
2026-08-04 18:10:00+00:00,82.70500183105469,82.70500183105469,82.68000030517578,82.69499969482422,256201
2026-08-04 18:15:00+00:00,82.70500183105469,82.70999908447266,82.69010162353516,82.70989990234375,216027
2026-08-04 18:20:00+00:00,82.7249984741211,82.7300033569336,82.69499969482422,82.70500183105469,178683
2026-08-04 18:25:00+00:00,82.71499633789062,82.7300033569336,82.69999694824219,82.7249984741211,540781
2026-08-04 18:30:00+00:00,82.70999908447266,82.72989654541016,82.70999908447266,82.72000122070312,465126
2026-08-04 18:35:00+00:00,82.71499633789062,82.71990203857422,82.70999908447266,82.71990203857422,83494
2026-08-04 18:40:00+00:00,82.7249984741211,82.73770141601562,82.71499633789062,82.71499633789062,245686
2026-08-04 18:45:00+00:00,82.72010040283203,82.73500061035156,82.70999908447266,82.72000122070312,175095
2026-08-04 18:50:00+00:00,82.73600006103516,82.73999786376953,82.72149658203125,82.7300033569336,418229
2026-08-04 18:55:00+00:00,82.76499938964844,82.80000305175781,82.7300033569336,82.73999786376953,2987197
2026-08-04 19:00:00+00:00,82.79499816894531,82.80000305175781,82.75499725341797,82.76499938964844,423341
2026-08-04 19:05:00+00:00,82.81999969482422,82.81999969482422,82.79000091552734,82.79499816894531,192264
2026-08-04 19:10:00+00:00,82.81500244140625,82.82499694824219,82.80999755859375,82.81999969482422,218704
2026-08-04 19:15:00+00:00,82.81500244140625,82.82499694824219,82.78230285644531,82.81500244140625,262196
2026-08-04 19:20:00+00:00,82.82499694824219,82.82499694824219,82.80500030517578,82.81310272216797,150293
2026-08-04 19:25:00+00:00,82.79499816894531,82.82499694824219,82.79499816894531,82.81999969482422,266441
2026-08-04 19:30:00+00:00,82.78990173339844,82.80999755859375,82.77999877929688,82.79499816894531,185549
2026-08-04 19:35:00+00:00,82.79029846191406,82.80999755859375,82.77999877929688,82.77999877929688,289755
2026-08-04 19:40:00+00:00,82.78500366210938,82.80000305175781,82.77999877929688,82.79499816894531,346422
2026-08-04 19:45:00+00:00,82.76499938964844,82.78500366210938,82.7500991821289,82.78500366210938,486710
2026-08-04 19:50:00+00:00,82.76499938964844,82.79000091552734,82.76000213623047,82.76499938964844,1214687
2026-08-04 19:55:00+00:00,82.82499694824219,82.83999633789062,82.76000213623047,82.76010131835938,2170402
2026-08-05 13:30:00+00:00,82.93000030517578,82.96499633789062,82.91500091552734,82.94000244140625,1343697
2026-08-05 13:35:00+00:00,82.95500183105469,82.9800033569336,82.86499786376953,82.93499755859375,537154
2026-08-05 13:40:00+00:00,82.93000030517578,82.98899841308594,82.92500305175781,82.95500183105469,377459
2026-08-05 13:45:00+00:00,82.875,82.94000244140625,82.86000061035156,82.93009948730469,551923
2026-08-05 13:50:00+00:00,82.8949966430664,82.8949966430664,82.83499908447266,82.875,294951
2026-08-05 13:55:00+00:00,82.89949798583984,82.91999816894531,82.87999725341797,82.88999938964844,213468
2026-08-05 14:00:00+00:00,83.00499725341797,83.01499938964844,82.86000061035156,82.88999938964844,589928
2026-08-05 14:05:00+00:00,83.06999969482422,83.1500015258789,83.00499725341797,83.00499725341797,713020
2026-08-05 14:10:00+00:00,83.03500366210938,83.0999984741211,83.02999877929688,83.06999969482422,458720
2026-08-05 14:15:00+00:00,83.03500366210938,83.05999755859375,82.98999786376953,83.0250015258789,497070
2026-08-05 14:20:00+00:00,83.04499816894531,83.05999755859375,83.00499725341797,83.03500366210938,309573
2026-08-05 14:25:00+00:00,83.00499725341797,83.05000305175781,83.0000991821289,83.04499816894531,231652
2026-08-05 14:30:00+00:00,83.01000213623047,83.0199966430664,82.97000122070312,83.0,333629
2026-08-05 14:35:00+00:00,83.00499725341797,83.0199966430664,82.97239685058594,83.01000213623047,785119
2026-08-05 14:40:00+00:00,83.04000091552734,83.05000305175781,82.98999786376953,83.00499725341797,552055
2026-08-05 14:45:00+00:00,83.00499725341797,83.05999755859375,82.9800033569336,83.04499816894531,1010570
2026-08-05 14:50:00+00:00,82.96499633789062,83.01499938964844,82.95999908447266,83.00499725341797,595667
2026-08-05 14:55:00+00:00,82.9749984741211,82.9749984741211,82.92500305175781,82.95999908447266,2472139
2026-08-05 15:00:00+00:00,83.01499938964844,83.06999969482422,82.97010040283203,82.9749984741211,862926
2026-08-05 15:05:00+00:00,82.96499633789062,83.01000213623047,82.95500183105469,83.01000213623047,604313
2026-08-05 15:10:00+00:00,82.94999694824219,82.97989654541016,82.94999694824219,82.96499633789062,189690
2026-08-05 15:15:00+00:00,82.87999725341797,82.94999694824219,82.86000061035156,82.94999694824219,284245
2026-08-05 15:20:00+00:00,82.91500091552734,82.93000030517578,82.88500213623047,82.88500213623047,224192
2026-08-05 15:25:00+00:00,82.95500183105469,82.97000122070312,82.91000366210938,82.91510009765625,162803
2026-08-05 15:30:00+00:00,82.9749984741211,83.0,82.94200134277344,82.94999694824219,510747
2026-08-05 15:35:00+00:00,82.97000122070312,83.0,82.9623031616211,82.9749984741211,111713
2026-08-05 15:40:00+00:00,82.95230102539062,82.97000122070312,82.94000244140625,82.96199798583984,108442
2026-08-05 15:45:00+00:00,82.87999725341797,82.95500183105469,82.87989807128906,82.95500183105469,280932
2026-08-05 15:50:00+00:00,82.90499877929688,82.91500091552734,82.87999725341797,82.87999725341797,135034
2026-08-05 15:55:00+00:00,82.88500213623047,82.91000366210938,82.87999725341797,82.90499877929688,368439
2026-08-05 16:00:00+00:00,82.83260345458984,82.88500213623047,82.83260345458984,82.87999725341797,88670
2026-08-05 16:05:00+00:00,82.86190032958984,82.86499786376953,82.83499908447266,82.83809661865234,227855
2026-08-05 16:10:00+00:00,82.86810302734375,82.9000015258789,82.86319732666016,82.86499786376953,220564
2026-08-05 16:15:00+00:00,82.80979919433594,82.87000274658203,82.80000305175781,82.87000274658203,134585
2026-08-05 16:20:00+00:00,82.8550033569336,82.8593978881836,82.80000305175781,82.80500030517578,56604
2026-08-05 16:25:00+00:00,82.87190246582031,82.875,82.83999633789062,82.8550033569336,249896
2026-08-05 16:30:00+00:00,82.875,82.88999938964844,82.86000061035156,82.875,105702
2026-08-05 16:35:00+00:00,82.88990020751953,82.90950012207031,82.87000274658203,82.87000274658203,100350
2026-08-05 16:40:00+00:00,82.9000015258789,82.90599822998047,82.86499786376953,82.87999725341797,120092
2026-08-05 16:45:00+00:00,82.88500213623047,82.8949966430664,82.87000274658203,82.88999938964844,73664
2026-08-05 16:50:00+00:00,82.88500213623047,82.89730072021484,82.87999725341797,82.88500213623047,115856
2026-08-05 16:55:00+00:00,82.875,82.8949966430664,82.86000061035156,82.88500213623047,189618
2026-08-05 17:00:00+00:00,82.93499755859375,82.93499755859375,82.875,82.875,94880
2026-08-05 17:05:00+00:00,82.91500091552734,82.94000244140625,82.91000366210938,82.94000244140625,73164
2026-08-05 17:10:00+00:00,82.96910095214844,82.96910095214844,82.91999816894531,82.91999816894531,267027
2026-08-05 17:15:00+00:00,83.00499725341797,83.00540161132812,82.95999908447266,82.95999908447266,170453
2026-08-05 17:20:00+00:00,83.0199966430664,83.02989959716797,82.98999786376953,83.0,305122
2026-08-05 17:25:00+00:00,83.05500030517578,83.05999755859375,83.01499938964844,83.0250015258789,115181
2026-08-05 17:30:00+00:00,83.09500122070312,83.09500122070312,83.02999877929688,83.05500030517578,436018
2026-08-05 17:35:00+00:00,83.07499694824219,83.0999984741211,83.06500244140625,83.09500122070312,171938
2026-08-05 17:40:00+00:00,83.08000183105469,83.08999633789062,83.05999755859375,83.07499694824219,251447
2026-08-05 17:45:00+00:00,83.0624008178711,83.08000183105469,83.05000305175781,83.08000183105469,502265
2026-08-05 17:50:00+00:00,83.05010223388672,83.06510162353516,83.04409790039062,83.06510162353516,178451
2026-08-05 17:55:00+00:00,83.0250015258789,83.05999755859375,83.0250015258789,83.05010223388672,69406
2026-08-05 18:00:00+00:00,83.06999969482422,83.06999969482422,83.00350189208984,83.0250015258789,129938
2026-08-05 18:05:00+00:00,83.02999877929688,83.06999969482422,83.0199966430664,83.06500244140625,141652
2026-08-05 18:10:00+00:00,83.03710174560547,83.05999755859375,83.03040313720703,83.04000091552734,229455
2026-08-05 18:15:00+00:00,83.03500366210938,83.04000091552734,83.0,83.03500366210938,202237
2026-08-05 18:20:00+00:00,83.0250015258789,83.03500366210938,83.01000213623047,83.02999877929688,65883
2026-08-05 18:25:00+00:00,83.04499816894531,83.05989837646484,83.0250015258789,83.0250015258789,88770
2026-08-05 18:30:00+00:00,83.03500366210938,83.05000305175781,83.0344009399414,83.04499816894531,76270
2026-08-05 18:35:00+00:00,83.05000305175781,83.06500244140625,83.02999877929688,83.04000091552734,69670
2026-08-05 18:40:00+00:00,83.01709747314453,83.05000305175781,83.01499938964844,83.05000305175781,179916
2026-08-05 18:45:00+00:00,83.04000091552734,83.05000305175781,83.01499938964844,83.01499938964844,150862
2026-08-05 18:50:00+00:00,83.03500366210938,83.03990173339844,83.0250015258789,83.03500366210938,35958
2026-08-05 18:55:00+00:00,82.97000122070312,83.05500030517578,82.97000122070312,83.03500366210938,237415
2026-08-05 19:00:00+00:00,82.99500274658203,82.99500274658203,82.94999694824219,82.97000122070312,158701
2026-08-05 19:05:00+00:00,82.95500183105469,82.99500274658203,82.94000244140625,82.99500274658203,116765
2026-08-05 19:10:00+00:00,82.95999908447266,82.96499633789062,82.94999694824219,82.95500183105469,48252
2026-08-05 19:15:00+00:00,82.93499755859375,82.95500183105469,82.91999816894531,82.95500183105469,287356
2026-08-05 19:20:00+00:00,82.94499969482422,82.94999694824219,82.91999816894531,82.93499755859375,385660
2026-08-05 19:25:00+00:00,82.94499969482422,82.94999694824219,82.94000244140625,82.94499969482422,34987
2026-08-05 19:30:00+00:00,82.96499633789062,82.96990203857422,82.94000244140625,82.94999694824219,197750
2026-08-05 19:35:00+00:00,82.96009826660156,82.96600341796875,82.94999694824219,82.95999908447266,266456
2026-08-05 19:40:00+00:00,82.9749984741211,82.98500061035156,82.95999908447266,82.95999908447266,267388
2026-08-05 19:45:00+00:00,82.96499633789062,82.97989654541016,82.95999908447266,82.9749984741211,430654
2026-08-05 19:50:00+00:00,82.95010375976562,82.96499633789062,82.94499969482422,82.95999908447266,879701
2026-08-05 19:55:00+00:00,83.01000213623047,83.01000213623047,82.94000244140625,82.94999694824219,1665652
2026-08-06 13:30:00+00:00,82.81500244140625,82.84500122070312,82.75,82.75,1620157
2026-08-06 13:35:00+00:00,82.83499908447266,82.86000061035156,82.81009674072266,82.81999969482422,1121116
2026-08-06 13:40:00+00:00,82.875,82.91999816894531,82.83499908447266,82.83499908447266,336228
2026-08-06 13:45:00+00:00,82.83000183105469,82.86499786376953,82.83000183105469,82.86499786376953,199166
2026-08-06 13:50:00+00:00,82.88999938964844,82.8949966430664,82.83049774169922,82.83779907226562,180532
2026-08-06 13:55:00+00:00,82.88500213623047,82.9198989868164,82.88500213623047,82.8949966430664,545614
2026-08-06 14:00:00+00:00,82.86730194091797,82.9000015258789,82.8499984741211,82.88999938964844,226507
2026-08-06 14:05:00+00:00,82.79499816894531,82.86499786376953,82.79499816894531,82.86499786376953,278413
2026-08-06 14:10:00+00:00,82.81999969482422,82.82499694824219,82.77999877929688,82.7927017211914,330394
2026-08-06 14:15:00+00:00,82.80999755859375,82.8364028930664,82.80000305175781,82.81500244140625,180128
2026-08-06 14:20:00+00:00,82.83000183105469,82.8499984741211,82.80500030517578,82.80500030517578,157888
2026-08-06 14:25:00+00:00,82.81500244140625,82.83499908447266,82.80500030517578,82.83000183105469,229359
2026-08-06 14:30:00+00:00,82.82499694824219,82.8550033569336,82.81999969482422,82.81999969482422,146599
2026-08-06 14:35:00+00:00,82.80000305175781,82.82710266113281,82.80000305175781,82.82499694824219,261274
2026-08-06 14:40:00+00:00,82.84500122070312,82.84500122070312,82.80000305175781,82.80000305175781,146085
2026-08-06 14:45:00+00:00,82.79499816894531,82.8550033569336,82.79499816894531,82.84989929199219,201871
2026-08-06 14:50:00+00:00,82.79000091552734,82.80000305175781,82.76000213623047,82.79499816894531,333011
2026-08-06 14:55:00+00:00,82.7699966430664,82.80000305175781,82.76000213623047,82.79499816894531,210157
2026-08-06 15:00:00+00:00,82.78170013427734,82.78170013427734,82.73999786376953,82.7750015258789,230311
2026-08-06 15:05:00+00:00,82.7699966430664,82.77999877929688,82.75,82.77999877929688,185477
2026-08-06 15:10:00+00:00,82.76499938964844,82.77999877929688,82.76000213623047,82.7699966430664,136267
2026-08-06 15:15:00+00:00,82.69000244140625,82.7699966430664,82.69000244140625,82.76499938964844,180338
2026-08-06 15:20:00+00:00,82.68000030517578,82.70999908447266,82.66230010986328,82.69499969482422,263050
2026-08-06 15:25:00+00:00,82.69499969482422,82.70500183105469,82.66999816894531,82.68499755859375,224755
2026-08-06 15:30:00+00:00,82.66999816894531,82.70500183105469,82.66999816894531,82.69999694824219,113026
2026-08-06 15:35:00+00:00,82.6698989868164,82.68000030517578,82.6500015258789,82.66500091552734,155321
2026-08-06 15:40:00+00:00,82.65499877929688,82.68499755859375,82.65010070800781,82.66500091552734,141657
2026-08-06 15:45:00+00:00,82.66500091552734,82.66500091552734,82.6500015258789,82.65499877929688,109869
2026-08-06 15:50:00+00:00,82.55500030517578,82.66500091552734,82.54499816894531,82.66000366210938,417006
2026-08-06 15:55:00+00:00,82.56999969482422,82.58000183105469,82.5250015258789,82.55500030517578,329576
2026-08-06 16:00:00+00:00,82.53990173339844,82.57839965820312,82.5199966430664,82.57499694824219,680225
2026-08-06 16:05:00+00:00,82.5250015258789,82.54000091552734,82.5199966430664,82.53500366210938,235310
2026-08-06 16:10:00+00:00,82.5,82.52989959716797,82.48999786376953,82.52230072021484,305307
2026-08-06 16:15:00+00:00,82.4800033569336,82.50499725341797,82.46499633789062,82.5,458980
2026-08-06 16:20:00+00:00,82.48989868164062,82.49500274658203,82.4800033569336,82.48500061035156,108016
2026-08-06 16:25:00+00:00,82.50499725341797,82.51000213623047,82.47000122070312,82.4800033569336,194486
2026-08-06 16:30:00+00:00,82.49500274658203,82.51499938964844,82.48419952392578,82.51000213623047,186760
2026-08-06 16:35:00+00:00,82.49500274658203,82.5165023803711,82.47000122070312,82.49500274658203,411068
2026-08-06 16:40:00+00:00,82.48999786376953,82.5199966430664,82.48999786376953,82.49500274658203,331167
2026-08-06 16:45:00+00:00,82.4749984741211,82.48999786376953,82.45999908447266,82.48999786376953,142431
2026-08-06 16:50:00+00:00,82.48650360107422,82.50499725341797,82.47000122070312,82.4800033569336,228998
2026-08-06 16:55:00+00:00,82.48500061035156,82.48999786376953,82.47000122070312,82.48500061035156,138751
2026-08-06 17:00:00+00:00,82.51499938964844,82.51750183105469,82.48500061035156,82.48500061035156,367055
2026-08-06 17:05:00+00:00,82.53990173339844,82.53990173339844,82.51000213623047,82.51499938964844,100208
2026-08-06 17:10:00+00:00,82.52449798583984,82.54499816894531,82.5,82.53500366210938,740549
2026-08-06 17:15:00+00:00,82.52999877929688,82.54000091552734,82.52130126953125,82.52999877929688,404468
2026-08-06 17:20:00+00:00,82.52999877929688,82.52999877929688,82.51000213623047,82.5199966430664,378753
2026-08-06 17:25:00+00:00,82.51499938964844,82.54989624023438,82.51000213623047,82.52999877929688,321578
2026-08-06 17:30:00+00:00,82.51499938964844,82.5250015258789,82.51000213623047,82.5199966430664,73854
2026-08-06 17:35:00+00:00,82.48500061035156,82.51499938964844,82.4800033569336,82.51000213623047,181827
2026-08-06 17:40:00+00:00,82.48500061035156,82.48999786376953,82.4800033569336,82.48500061035156,94421
2026-08-06 17:45:00+00:00,82.46499633789062,82.48999786376953,82.44999694824219,82.48500061035156,283486
2026-08-06 17:50:00+00:00,82.45500183105469,82.47000122070312,82.44999694824219,82.46499633789062,135971
2026-08-06 17:55:00+00:00,82.45500183105469,82.45999908447266,82.44000244140625,82.45500183105469,225066
2026-08-06 18:00:00+00:00,82.45500183105469,82.45500183105469,82.43000030517578,82.45500183105469,88100
2026-08-06 18:05:00+00:00,82.44000244140625,82.46710205078125,82.44000244140625,82.45500183105469,87074
2026-08-06 18:10:00+00:00,82.43499755859375,82.44999694824219,82.41999816894531,82.43250274658203,323404
2026-08-06 18:15:00+00:00,82.44499969482422,82.44509887695312,82.41999816894531,82.43499755859375,176935
2026-08-06 18:20:00+00:00,82.45500183105469,82.46990203857422,82.44339752197266,82.443603515625,113170
2026-08-06 18:25:00+00:00,82.45500183105469,82.46769714355469,82.44499969482422,82.45999908447266,247110
2026-08-06 18:30:00+00:00,82.4749984741211,82.4800033569336,82.44999694824219,82.45500183105469,121447
2026-08-06 18:35:00+00:00,82.4749984741211,82.47889709472656,82.45999908447266,82.47000122070312,78053
2026-08-06 18:40:00+00:00,82.4749984741211,82.48500061035156,82.46009826660156,82.47989654541016,45381
2026-08-06 18:45:00+00:00,82.4749984741211,82.49500274658203,82.4645004272461,82.4749984741211,177594
2026-08-06 18:50:00+00:00,82.46499633789062,82.48500061035156,82.46499633789062,82.4800033569336,421104
2026-08-06 18:55:00+00:00,82.4749984741211,82.48500061035156,82.46499633789062,82.46499633789062,325980
2026-08-06 19:00:00+00:00,82.48500061035156,82.48999786376953,82.47229766845703,82.4749984741211,123697
2026-08-06 19:05:00+00:00,82.5,82.5,82.48500061035156,82.48999786376953,146902
2026-08-06 19:10:00+00:00,82.50499725341797,82.51000213623047,82.49449920654297,82.5,269961
2026-08-06 19:15:00+00:00,82.50990295410156,82.51499938964844,82.5,82.50499725341797,219627
2026-08-06 19:20:00+00:00,82.45500183105469,82.5199966430664,82.44999694824219,82.50499725341797,238605
2026-08-06 19:25:00+00:00,82.41999816894531,82.45999908447266,82.41000366210938,82.45500183105469,448093
2026-08-06 19:30:00+00:00,82.4198989868164,82.4198989868164,82.4000015258789,82.41500091552734,583333
2026-08-06 19:35:00+00:00,82.44499969482422,82.44999694824219,82.41010284423828,82.41500091552734,394893
2026-08-06 19:40:00+00:00,82.44499969482422,82.47000122070312,82.44000244140625,82.44499969482422,348406
2026-08-06 19:45:00+00:00,82.4749984741211,82.4800033569336,82.44000244140625,82.44499969482422,378294
2026-08-06 19:50:00+00:00,82.52649688720703,82.54000091552734,82.46499633789062,82.4749984741211,866121
2026-08-06 19:55:00+00:00,82.51000213623047,82.5250015258789,82.48999786376953,82.5199966430664,1228589
2026-08-07 13:30:00+00:00,82.7699966430664,82.82499694824219,82.75,82.80500030517578,2128581
2026-08-07 13:35:00+00:00,82.80000305175781,82.80500030517578,82.7699966430664,82.7699966430664,440101
2026-08-07 13:40:00+00:00,82.83499908447266,82.8499984741211,82.79000091552734,82.80500030517578,1686216
2026-08-07 13:45:00+00:00,82.80500030517578,82.83999633789062,82.7750015258789,82.83000183105469,461151
2026-08-07 13:50:00+00:00,82.79499816894531,82.81999969482422,82.79000091552734,82.80000305175781,634138
2026-08-07 13:55:00+00:00,82.7249984741211,82.80500030517578,82.72000122070312,82.79000091552734,600858
2026-08-07 14:00:00+00:00,82.66500091552734,82.73999786376953,82.66000366210938,82.7249984741211,663322
2026-08-07 14:05:00+00:00,82.57499694824219,82.66500091552734,82.55999755859375,82.66500091552734,664787
2026-08-07 14:10:00+00:00,82.6449966430664,82.64679718017578,82.55000305175781,82.56999969482422,763890
2026-08-07 14:15:00+00:00,82.69499969482422,82.69499969482422,82.62999725341797,82.6449966430664,349490
2026-08-07 14:20:00+00:00,82.68499755859375,82.7249984741211,82.68499755859375,82.69499969482422,693885
2026-08-07 14:25:00+00:00,82.63500213623047,82.68499755859375,82.62999725341797,82.68499755859375,400051
2026-08-07 14:30:00+00:00,82.65390014648438,82.66000366210938,82.61000061035156,82.62999725341797,348858
2026-08-07 14:35:00+00:00,82.66500091552734,82.68000030517578,82.65499877929688,82.66000366210938,264048
2026-08-07 14:40:00+00:00,82.625,82.66500091552734,82.61499786376953,82.66500091552734,430607
2026-08-07 14:45:00+00:00,82.58499908447266,82.63999938964844,82.58000183105469,82.625,689761
2026-08-07 14:50:00+00:00,82.59500122070312,82.60990142822266,82.55999755859375,82.58000183105469,660184
2026-08-07 14:55:00+00:00,82.57990264892578,82.5999984741211,82.57009887695312,82.59500122070312,215537
2026-08-07 15:00:00+00:00,82.56500244140625,82.58999633789062,82.54000091552734,82.57499694824219,319637
2026-08-07 15:05:00+00:00,82.57499694824219,82.58499908447266,82.56510162353516,82.56510162353516,94900
2026-08-07 15:10:00+00:00,82.58499908447266,82.58499908447266,82.53500366210938,82.57499694824219,504517
2026-08-07 15:15:00+00:00,82.54499816894531,82.58000183105469,82.53500366210938,82.58000183105469,207863
2026-08-07 15:20:00+00:00,82.57499694824219,82.58989715576172,82.543701171875,82.55000305175781,140223
2026-08-07 15:25:00+00:00,82.5999984741211,82.5999984741211,82.5718994140625,82.57969665527344,167265
2026-08-07 15:30:00+00:00,82.61499786376953,82.62000274658203,82.58999633789062,82.59500122070312,513752
2026-08-07 15:35:00+00:00,82.6500015258789,82.6698989868164,82.61000061035156,82.61499786376953,704749
2026-08-07 15:40:00+00:00,82.63500213623047,82.66000366210938,82.62010192871094,82.6500015258789,276152
2026-08-07 15:45:00+00:00,82.625,82.6500015258789,82.625,82.63500213623047,423426
2026-08-07 15:50:00+00:00,82.58999633789062,82.63999938964844,82.58999633789062,82.6260986328125,184684
2026-08-07 15:55:00+00:00,82.59500122070312,82.60990142822266,82.58499908447266,82.59290313720703,146503
2026-08-07 16:00:00+00:00,82.57009887695312,82.59500122070312,82.56999969482422,82.59500122070312,114912
2026-08-07 16:05:00+00:00,82.57499694824219,82.5999984741211,82.56999969482422,82.57499694824219,357717
2026-08-07 16:10:00+00:00,82.6050033569336,82.60990142822266,82.57499694824219,82.57499694824219,59459
2026-08-07 16:15:00+00:00,82.59500122070312,82.62000274658203,82.58999633789062,82.61000061035156,196927
2026-08-07 16:20:00+00:00,82.61000061035156,82.6500015258789,82.5999984741211,82.5999984741211,437422
2026-08-07 16:25:00+00:00,82.6050033569336,82.61000061035156,82.58999633789062,82.61000061035156,176925
2026-08-07 16:30:00+00:00,82.52999877929688,82.61499786376953,82.5250015258789,82.61000061035156,224704
2026-08-07 16:35:00+00:00,82.58499908447266,82.58999633789062,82.52999877929688,82.53500366210938,455489
2026-08-07 16:40:00+00:00,82.5999984741211,82.60980224609375,82.58000183105469,82.58989715576172,106685
2026-08-07 16:45:00+00:00,82.62000274658203,82.63500213623047,82.5999984741211,82.6050033569336,428467
2026-08-07 16:50:00+00:00,82.61499786376953,82.62629699707031,82.6050033569336,82.62000274658203,177191
2026-08-07 16:55:00+00:00,82.58999633789062,82.62000274658203,82.58999633789062,82.61499786376953,164234
2026-08-07 17:00:00+00:00,82.5531005859375,82.59500122070312,82.55000305175781,82.59500122070312,136574
2026-08-07 17:05:00+00:00,82.5250015258789,82.55670166015625,82.5,82.55500030517578,151195
2026-08-07 17:10:00+00:00,82.52999877929688,82.53500366210938,82.50499725341797,82.5250015258789,194755
2026-08-07 17:15:00+00:00,82.55000305175781,82.55999755859375,82.52999877929688,82.53500366210938,107192
2026-08-07 17:20:00+00:00,82.54499816894531,82.56629943847656,82.54000091552734,82.55000305175781,217045
2026-08-07 17:25:00+00:00,82.55000305175781,82.56999969482422,82.54000091552734,82.54000091552734,154251
2026-08-07 17:30:00+00:00,82.58000183105469,82.5969009399414,82.55000305175781,82.55500030517578,212750
2026-08-07 17:35:00+00:00,82.57499694824219,82.58989715576172,82.56999969482422,82.58499908447266,69487
2026-08-07 17:40:00+00:00,82.60009765625,82.6050033569336,82.5728988647461,82.57499694824219,133841
2026-08-07 17:45:00+00:00,82.58499908447266,82.61499786376953,82.58000183105469,82.60759735107422,126605
2026-08-07 17:50:00+00:00,82.61000061035156,82.61000061035156,82.58499908447266,82.58499908447266,301626
2026-08-07 17:55:00+00:00,82.58499908447266,82.6050033569336,82.58499908447266,82.6050033569336,403737
2026-08-07 18:00:00+00:00,82.56500244140625,82.58000183105469,82.55999755859375,82.58000183105469,117611
2026-08-07 18:05:00+00:00,82.58499908447266,82.58999633789062,82.56500244140625,82.56500244140625,47492
2026-08-07 18:10:00+00:00,82.53500366210938,82.58999633789062,82.52999877929688,82.58499908447266,104382
2026-08-07 18:15:00+00:00,82.52999877929688,82.55500030517578,82.52999877929688,82.53500366210938,201707
2026-08-07 18:20:00+00:00,82.50450134277344,82.54000091552734,82.5,82.53500366210938,286586
2026-08-07 18:25:00+00:00,82.51499938964844,82.54000091552734,82.50499725341797,82.50499725341797,112180
2026-08-07 18:30:00+00:00,82.51010131835938,82.5250015258789,82.51000213623047,82.51499938964844,167064
2026-08-07 18:35:00+00:00,82.49500274658203,82.51499938964844,82.48999786376953,82.51000213623047,210149
2026-08-07 18:40:00+00:00,82.51000213623047,82.51000213623047,82.4801025390625,82.49500274658203,331605
2026-08-07 18:45:00+00:00,82.5250015258789,82.52999877929688,82.51499938964844,82.51689910888672,174073
2026-08-07 18:50:00+00:00,82.5250015258789,82.54499816894531,82.5199966430664,82.5250015258789,114037
2026-08-07 18:55:00+00:00,82.54000091552734,82.54000091552734,82.51499938964844,82.5250015258789,191556
2026-08-07 19:00:00+00:00,82.57499694824219,82.58999633789062,82.5199966430664,82.54989624023438,512662
2026-08-07 19:05:00+00:00,82.56999969482422,82.58000183105469,82.5531005859375,82.57990264892578,281809
2026-08-07 19:10:00+00:00,82.58999633789062,82.5999984741211,82.56999969482422,82.56999969482422,568021
2026-08-07 19:15:00+00:00,82.6449966430664,82.65499877929688,82.58000183105469,82.58999633789062,460864
2026-08-07 19:20:00+00:00,82.70500183105469,82.70999908447266,82.6449966430664,82.6449966430664,1463627
2026-08-07 19:25:00+00:00,82.75,82.75,82.69999694824219,82.70500183105469,3357961
2026-08-07 19:30:00+00:00,82.7300033569336,82.76000213623047,82.7300033569336,82.75499725341797,1274500
2026-08-07 19:35:00+00:00,82.75499725341797,82.7699966430664,82.7300033569336,82.73999786376953,1166091
2026-08-07 19:40:00+00:00,82.76010131835938,82.7699966430664,82.75,82.75499725341797,1116393
2026-08-07 19:45:00+00:00,82.75499725341797,82.76629638671875,82.75,82.76499938964844,576679
2026-08-07 19:50:00+00:00,82.7249984741211,82.76000213623047,82.72010040283203,82.75659942626953,2043548
2026-08-07 19:55:00+00:00,82.75,82.76499938964844,82.70999908447266,82.72000122070312,4385522
2026-08-10 13:30:00+00:00,82.42500305175781,82.44499969482422,82.4000015258789,82.4000015258789,1072317
2026-08-10 13:35:00+00:00,82.39859771728516,82.427001953125,82.375,82.41999816894531,924835
2026-08-10 13:40:00+00:00,82.33100128173828,82.3949966430664,82.33100128173828,82.3949966430664,853986
2026-08-10 13:45:00+00:00,82.2300033569336,82.33999633789062,82.21430206298828,82.33000183105469,811072
2026-08-10 13:50:00+00:00,82.26499938964844,82.26499938964844,82.19999694824219,82.22000122070312,1451650
2026-08-10 13:55:00+00:00,82.25499725341797,82.26499938964844,82.2300033569336,82.26000213623047,820461
2026-08-10 14:00:00+00:00,82.27999877929688,82.29000091552734,82.23999786376953,82.26000213623047,605300
2026-08-10 14:05:00+00:00,82.28500366210938,82.30000305175781,82.26000213623047,82.28500366210938,327104
2026-08-10 14:10:00+00:00,82.29000091552734,82.30000305175781,82.27999877929688,82.28500366210938,295814
2026-08-10 14:15:00+00:00,82.2750015258789,82.30000305175781,82.2699966430664,82.283203125,658773
2026-08-10 14:20:00+00:00,82.2699966430664,82.29000091552734,82.25,82.2750015258789,370498
2026-08-10 14:25:00+00:00,82.28500366210938,82.29660034179688,82.2699966430664,82.2750015258789,461065
2026-08-10 14:30:00+00:00,82.29499816894531,82.29989624023438,82.2750015258789,82.28500366210938,335343
2026-08-10 14:35:00+00:00,82.28500366210938,82.30999755859375,82.27999877929688,82.29499816894531,472517
2026-08-10 14:40:00+00:00,82.26499938964844,82.30999755859375,82.26000213623047,82.28500366210938,278770
2026-08-10 14:45:00+00:00,82.27999877929688,82.28500366210938,82.26000213623047,82.26000213623047,159482
2026-08-10 14:50:00+00:00,82.2698974609375,82.30000305175781,82.26000213623047,82.28299713134766,179818
2026-08-10 14:55:00+00:00,82.27670288085938,82.28500366210938,82.26290130615234,82.26499938964844,315226
2026-08-10 15:00:00+00:00,82.22000122070312,82.2750015258789,82.20999908447266,82.2750015258789,572407
2026-08-10 15:05:00+00:00,82.19999694824219,82.2300033569336,82.19999694824219,82.21499633789062,337132
2026-08-10 15:10:00+00:00,82.21499633789062,82.2300033569336,82.18000030517578,82.19999694824219,374161
2026-08-10 15:15:00+00:00,82.20500183105469,82.22000122070312,82.19000244140625,82.21499633789062,227349
2026-08-10 15:20:00+00:00,82.18499755859375,82.22000122070312,82.18000030517578,82.19999694824219,202889
2026-08-10 15:25:00+00:00,82.20500183105469,82.20999908447266,82.17009735107422,82.18990325927734,193285
2026-08-10 15:30:00+00:00,82.16500091552734,82.20999908447266,82.16500091552734,82.20500183105469,337102
2026-08-10 15:35:00+00:00,82.1449966430664,82.18499755859375,82.13999938964844,82.16500091552734,272212
2026-08-10 15:40:00+00:00,82.17500305175781,82.19000244140625,82.1500015258789,82.1500015258789,390699
2026-08-10 15:45:00+00:00,82.18499755859375,82.19000244140625,82.16000366210938,82.17500305175781,460054
2026-08-10 15:50:00+00:00,82.20999908447266,82.2249984741211,82.18000030517578,82.18499755859375,300049
2026-08-10 15:55:00+00:00,82.23500061035156,82.23500061035156,82.1989974975586,82.19999694824219,329565
2026-08-10 16:00:00+00:00,82.24700164794922,82.25,82.2300033569336,82.23500061035156,264226
2026-08-10 16:05:00+00:00,82.26000213623047,82.26000213623047,82.23999786376953,82.24500274658203,180073
2026-08-10 16:10:00+00:00,82.24500274658203,82.2698974609375,82.24500274658203,82.25499725341797,192463
2026-08-10 16:15:00+00:00,82.24500274658203,82.2699966430664,82.23999786376953,82.24500274658203,183728
2026-08-10 16:20:00+00:00,82.25,82.25,82.23999786376953,82.24970245361328,126342
2026-08-10 16:25:00+00:00,82.26000213623047,82.26000213623047,82.23999786376953,82.24500274658203,183189
2026-08-10 16:30:00+00:00,82.22000122070312,82.26000213623047,82.16500091552734,82.25499725341797,1631328
2026-08-10 16:35:00+00:00,82.2249984741211,82.2300033569336,82.20500183105469,82.22000122070312,758831
2026-08-10 16:40:00+00:00,82.16500091552734,82.2249984741211,82.16500091552734,82.2249984741211,206445
2026-08-10 16:45:00+00:00,82.1500015258789,82.17729949951172,82.13999938964844,82.16000366210938,552758
2026-08-10 16:50:00+00:00,82.15499877929688,82.16999816894531,82.13999938964844,82.1500015258789,301296
2026-08-10 16:55:00+00:00,82.16500091552734,82.16999816894531,82.1500015258789,82.15989685058594,206040
2026-08-10 17:00:00+00:00,82.16000366210938,82.16999816894531,82.13999938964844,82.16500091552734,127567
2026-08-10 17:05:00+00:00,82.16000366210938,82.16999816894531,82.1500015258789,82.1500015258789,129529
2026-08-10 17:10:00+00:00,82.16500091552734,82.16999816894531,82.16000366210938,82.1698989868164,87311
2026-08-10 17:15:00+00:00,82.12999725341797,82.16999816894531,82.12999725341797,82.16500091552734,308386
2026-08-10 17:20:00+00:00,82.125,82.13500213623047,82.12000274658203,82.12999725341797,308229
2026-08-10 17:25:00+00:00,82.1240005493164,82.12989807128906,82.11000061035156,82.12989807128906,188144
2026-08-10 17:30:00+00:00,82.13500213623047,82.15499877929688,82.12989807128906,82.12989807128906,468441
2026-08-10 17:35:00+00:00,82.13500213623047,82.13999938964844,82.12000274658203,82.13999938964844,269927
2026-08-10 17:40:00+00:00,82.13500213623047,82.1449966430664,82.12000274658203,82.12999725341797,216299
2026-08-10 17:45:00+00:00,82.11000061035156,82.13500213623047,82.11000061035156,82.13500213623047,79472
2026-08-10 17:50:00+00:00,82.11499786376953,82.12000274658203,82.0999984741211,82.11009979248047,216421
2026-08-10 17:55:00+00:00,82.12999725341797,82.12999725341797,82.11000061035156,82.11499786376953,219500
2026-08-10 18:00:00+00:00,82.15499877929688,82.15499877929688,82.11000061035156,82.12999725341797,368227
2026-08-10 18:05:00+00:00,82.15499877929688,82.16999816894531,82.1500015258789,82.15499877929688,254862
2026-08-10 18:10:00+00:00,82.15499877929688,82.16500091552734,82.1500015258789,82.15499877929688,156276
2026-08-10 18:15:00+00:00,82.13500213623047,82.16000366210938,82.13009643554688,82.1500015258789,173857
2026-08-10 18:20:00+00:00,82.1449966430664,82.1449966430664,82.12999725341797,82.13500213623047,150365
2026-08-10 18:25:00+00:00,82.13500213623047,82.16000366210938,82.13500213623047,82.1500015258789,154602
2026-08-10 18:30:00+00:00,82.1500015258789,82.16500091552734,82.125,82.13500213623047,414266
2026-08-10 18:35:00+00:00,82.1449966430664,82.1500015258789,82.13999938964844,82.1449966430664,116595
2026-08-10 18:40:00+00:00,82.1500015258789,82.1500015258789,82.12999725341797,82.1449966430664,85575
2026-08-10 18:45:00+00:00,82.1050033569336,82.1500015258789,82.0999984741211,82.1500015258789,231522
2026-08-10 18:50:00+00:00,82.12860107421875,82.12989807128906,82.09120178222656,82.0999984741211,136268
2026-08-10 18:55:00+00:00,82.13009643554688,82.13999938964844,82.1050033569336,82.12159729003906,471831
2026-08-10 19:00:00+00:00,82.11640167236328,82.13500213623047,82.11000061035156,82.13500213623047,266120
2026-08-10 19:05:00+00:00,82.12339782714844,82.125,82.0999984741211,82.12000274658203,133169
2026-08-10 19:10:00+00:00,82.11000061035156,82.12999725341797,82.0999984741211,82.12000274658203,313290
2026-08-10 19:15:00+00:00,82.09500122070312,82.10679626464844,82.08999633789062,82.1050033569336,168829
2026-08-10 19:20:00+00:00,82.09500122070312,82.11000061035156,82.08999633789062,82.09500122070312,213535
2026-08-10 19:25:00+00:00,82.06500244140625,82.0999984741211,82.05999755859375,82.08999633789062,1240123
2026-08-10 19:30:00+00:00,82.06999969482422,82.08000183105469,82.05000305175781,82.06500244140625,333613
2026-08-10 19:35:00+00:00,82.10009765625,82.11000061035156,82.06500244140625,82.06999969482422,283532
2026-08-10 19:40:00+00:00,82.08999633789062,82.11000061035156,82.08999633789062,82.1050033569336,397137
2026-08-10 19:45:00+00:00,82.07499694824219,82.09500122070312,82.05999755859375,82.08999633789062,379568
2026-08-10 19:50:00+00:00,82.07499694824219,82.08000183105469,82.05999755859375,82.07990264892578,699548
2026-08-10 19:55:00+00:00,82.04499816894531,82.08000183105469,82.02999877929688,82.07009887695312,1573888
2026-08-11 13:30:00+00:00,82.2699966430664,82.30999755859375,82.26000213623047,82.2699966430664,1470487
2026-08-11 13:35:00+00:00,82.3301010131836,82.33999633789062,82.26329803466797,82.2750015258789,479353
2026-08-11 13:40:00+00:00,82.38999938964844,82.38999938964844,82.32499694824219,82.3301010131836,174807
2026-08-11 13:45:00+00:00,82.43000030517578,82.45680236816406,82.38999938964844,82.3949966430664,353605
2026-08-11 13:50:00+00:00,82.36499786376953,82.43009948730469,82.3550033569336,82.43000030517578,246377
2026-08-11 13:55:00+00:00,82.30000305175781,82.36000061035156,82.30000305175781,82.35399627685547,164424
2026-08-11 14:00:00+00:00,82.2750015258789,82.32740020751953,82.2750015258789,82.30000305175781,174140
2026-08-11 14:05:00+00:00,82.2699966430664,82.29000091552734,82.25499725341797,82.27999877929688,280740
2026-08-11 14:10:00+00:00,82.26000213623047,82.27999877929688,82.23999786376953,82.2699966430664,145798
2026-08-11 14:15:00+00:00,82.27999877929688,82.27999877929688,82.25,82.2699966430664,110924
2026-08-11 14:20:00+00:00,82.28500366210938,82.29000091552734,82.2500991821289,82.27999877929688,239393
2026-08-11 14:25:00+00:00,82.2500991821289,82.2864990234375,82.23280334472656,82.28500366210938,213290
2026-08-11 14:30:00+00:00,82.30259704589844,82.30259704589844,82.25,82.25,258032
2026-08-11 14:35:00+00:00,82.26499938964844,82.31009674072266,82.26499938964844,82.30059814453125,200700
2026-08-11 14:40:00+00:00,82.2697982788086,82.2699966430664,82.26000213623047,82.26499938964844,33191
2026-08-11 14:45:00+00:00,82.30919647216797,82.31210327148438,82.25499725341797,82.26260375976562,185325
2026-08-11 14:50:00+00:00,82.31500244140625,82.31999969482422,82.29499816894531,82.30999755859375,134890
2026-08-11 14:55:00+00:00,82.29499816894531,82.31009674072266,82.2750015258789,82.31009674072266,116486
2026-08-11 15:00:00+00:00,82.3499984741211,82.36000061035156,82.29499816894531,82.29499816894531,217937
2026-08-11 15:05:00+00:00,82.30500030517578,82.3499984741211,82.28009796142578,82.34750366210938,111032
2026-08-11 15:10:00+00:00,82.29499816894531,82.31580352783203,82.29000091552734,82.30709838867188,220533
2026-08-11 15:15:00+00:00,82.27770233154297,82.29000091552734,82.26000213623047,82.27999877929688,152139
2026-08-11 15:20:00+00:00,82.24500274658203,82.28500366210938,82.23999786376953,82.27999877929688,74024
2026-08-11 15:25:00+00:00,82.26499938964844,82.28500366210938,82.25,82.25,164128
2026-08-11 15:30:00+00:00,82.20500183105469,82.28500366210938,82.20500183105469,82.26000213623047,246908
2026-08-11 15:35:00+00:00,82.24500274658203,82.24669647216797,82.20500183105469,82.21499633789062,148143
2026-08-11 15:40:00+00:00,82.24009704589844,82.25499725341797,82.2300033569336,82.25,99165
2026-08-11 15:45:00+00:00,82.24130249023438,82.25589752197266,82.23999786376953,82.24500274658203,89933
2026-08-11 15:50:00+00:00,82.23999786376953,82.24500274658203,82.2249984741211,82.23999786376953,245337
2026-08-11 15:55:00+00:00,82.24500274658203,82.25,82.2300033569336,82.23500061035156,139632
2026-08-11 16:00:00+00:00,82.2699966430664,82.30509948730469,82.25,82.25,2210260
2026-08-11 16:05:00+00:00,82.26499938964844,82.2750015258789,82.25,82.26499938964844,76075
2026-08-11 16:10:00+00:00,82.26000213623047,82.27570343017578,82.2509994506836,82.26499938964844,70439
2026-08-11 16:15:00+00:00,82.24500274658203,82.2699966430664,82.23999786376953,82.26000213623047,108885
2026-08-11 16:20:00+00:00,82.25420379638672,82.26499938964844,82.23999786376953,82.23999786376953,121265
2026-08-11 16:25:00+00:00,82.26000213623047,82.26499938964844,82.25,82.25499725341797,82983
2026-08-11 16:30:00+00:00,82.26000213623047,82.2699966430664,82.25150299072266,82.26499938964844,220004
2026-08-11 16:35:00+00:00,82.2750015258789,82.27999877929688,82.26000213623047,82.26000213623047,143655
2026-08-11 16:40:00+00:00,82.2750015258789,82.29000091552734,82.26499938964844,82.2750015258789,230505
2026-08-11 16:45:00+00:00,82.25,82.28990173339844,82.25,82.2750015258789,2570656
2026-08-11 16:50:00+00:00,82.25499725341797,82.26699829101562,82.23999786376953,82.25,37225
2026-08-11 16:55:00+00:00,82.2699966430664,82.2699966430664,82.25260162353516,82.25499725341797,46597
2026-08-11 17:00:00+00:00,82.28109741210938,82.29000091552734,82.26000213623047,82.26499938964844,99357
2026-08-11 17:05:00+00:00,82.2750015258789,82.30000305175781,82.27200317382812,82.27999877929688,90898
2026-08-11 17:10:00+00:00,82.27010345458984,82.28970336914062,82.2699966430664,82.27020263671875,115438
2026-08-11 17:15:00+00:00,82.29000091552734,82.29000091552734,82.26370239257812,82.2699966430664,55793
2026-08-11 17:20:00+00:00,82.26499938964844,82.29499816894531,82.25499725341797,82.29499816894531,77594
2026-08-11 17:25:00+00:00,82.24500274658203,82.26499938964844,82.23999786376953,82.26499938964844,180419
2026-08-11 17:30:00+00:00,82.24500274658203,82.2699966430664,82.24500274658203,82.24500274658203,154325
2026-08-11 17:35:00+00:00,82.24500274658203,82.26499938964844,82.23999786376953,82.2499008178711,134047
2026-08-11 17:40:00+00:00,82.26499938964844,82.2750015258789,82.24500274658203,82.24500274658203,132319
2026-08-11 17:45:00+00:00,82.28399658203125,82.29000091552734,82.26439666748047,82.26499938964844,43857
2026-08-11 17:50:00+00:00,82.2750015258789,82.29499816894531,82.2699966430664,82.27999877929688,142541
2026-08-11 17:55:00+00:00,82.23500061035156,82.2750015258789,82.2300033569336,82.2750015258789,289482
2026-08-11 18:00:00+00:00,82.2249984741211,82.23500061035156,82.2249984741211,82.23500061035156,81061
2026-08-11 18:05:00+00:00,82.2300033569336,82.24500274658203,82.21009826660156,82.2249984741211,183649
2026-08-11 18:10:00+00:00,82.23999786376953,82.25499725341797,82.23500061035156,82.23500061035156,109543
2026-08-11 18:15:00+00:00,82.24500274658203,82.25499725341797,82.2300033569336,82.23500061035156,98827
2026-08-11 18:20:00+00:00,82.23989868164062,82.24839782714844,82.2301025390625,82.24649810791016,35883
2026-08-11 18:25:00+00:00,82.2300033569336,82.2499008178711,82.2300033569336,82.23989868164062,79108
2026-08-11 18:30:00+00:00,82.25509643554688,82.26000213623047,82.2300033569336,82.23500061035156,371632
2026-08-11 18:35:00+00:00,82.23419952392578,82.26000213623047,82.2300033569336,82.26000213623047,104088
2026-08-11 18:40:00+00:00,82.24500274658203,82.25990295410156,82.2300033569336,82.23500061035156,75555
2026-08-11 18:45:00+00:00,82.20999908447266,82.23999786376953,82.20999908447266,82.23999786376953,125532
2026-08-11 18:50:00+00:00,82.26499938964844,82.26499938964844,82.22000122070312,82.22000122070312,237654
2026-08-11 18:55:00+00:00,82.25,82.2750015258789,82.23500061035156,82.26000213623047,270641
2026-08-11 19:00:00+00:00,82.26000213623047,82.27999877929688,82.25499725341797,82.25499725341797,181265
2026-08-11 19:05:00+00:00,82.24500274658203,82.2699966430664,82.23999786376953,82.26499938964844,91545
2026-08-11 19:10:00+00:00,82.23999786376953,82.25499725341797,82.23999786376953,82.24500274658203,110557
2026-08-11 19:15:00+00:00,82.17500305175781,82.23500061035156,82.16000366210938,82.23500061035156,136246
2026-08-11 19:20:00+00:00,82.17500305175781,82.19000244140625,82.16500091552734,82.17500305175781,82845
2026-08-11 19:25:00+00:00,82.16500091552734,82.18499755859375,82.16500091552734,82.17500305175781,30891
2026-08-11 19:30:00+00:00,82.1449966430664,82.1698989868164,82.12999725341797,82.16500091552734,322821
2026-08-11 19:35:00+00:00,82.1449966430664,82.15499877929688,82.12000274658203,82.1449966430664,311099
2026-08-11 19:40:00+00:00,82.15499877929688,82.16000366210938,82.12999725341797,82.1500015258789,256370
2026-08-11 19:45:00+00:00,82.15499877929688,82.16000366210938,82.13999938964844,82.15499877929688,282804
2026-08-11 19:50:00+00:00,82.15989685058594,82.16999816894531,82.1500015258789,82.15499877929688,446942
2026-08-11 19:55:00+00:00,82.19499969482422,82.20999908447266,82.16000366210938,82.16000366210938,1967375
2026-08-12 13:30:00+00:00,82.38500213623047,82.4749984741211,82.36000061035156,82.44000244140625,1960644
2026-08-12 13:35:00+00:00,82.34500122070312,82.41500091552734,82.34500122070312,82.38500213623047,197667
2026-08-12 13:40:00+00:00,82.33499908447266,82.37000274658203,82.32499694824219,82.33999633789062,225705
2026-08-12 13:45:00+00:00,82.33000183105469,82.34500122070312,82.28009796142578,82.33499908447266,336407
2026-08-12 13:50:00+00:00,82.36499786376953,82.375,82.33999633789062,82.34500122070312,481857
2026-08-12 13:55:00+00:00,82.36000061035156,82.38500213623047,82.3550033569336,82.36509704589844,146837
2026-08-12 14:00:00+00:00,82.3550033569336,82.39990234375,82.3281021118164,82.36499786376953,211773
2026-08-12 14:05:00+00:00,82.30500030517578,82.375,82.29000091552734,82.3550033569336,326212
2026-08-12 14:10:00+00:00,82.33090209960938,82.34739685058594,82.30500030517578,82.30500030517578,127966
2026-08-12 14:15:00+00:00,82.33999633789062,82.3499984741211,82.33000183105469,82.33000183105469,86515
2026-08-12 14:20:00+00:00,82.4000015258789,82.41000366210938,82.33999633789062,82.33999633789062,161497
2026-08-12 14:25:00+00:00,82.36499786376953,82.41000366210938,82.36000061035156,82.4000015258789,117910
2026-08-12 14:30:00+00:00,82.34010314941406,82.44499969482422,82.30999755859375,82.37000274658203,752664
2026-08-12 14:35:00+00:00,82.33499908447266,82.37000274658203,82.33499908447266,82.33999633789062,187848
2026-08-12 14:40:00+00:00,82.31999969482422,82.3550033569336,82.31500244140625,82.33999633789062,211216
2026-08-12 14:45:00+00:00,82.30000305175781,82.3499984741211,82.30000305175781,82.31990051269531,101562
2026-08-12 14:50:00+00:00,82.24500274658203,82.30500030517578,82.23999786376953,82.30500030517578,207209
2026-08-12 14:55:00+00:00,82.19999694824219,82.24970245361328,82.18499755859375,82.24929809570312,236154
2026-08-12 15:00:00+00:00,82.16500091552734,82.19999694824219,82.1500015258789,82.19999694824219,196252
2026-08-12 15:05:00+00:00,82.23500061035156,82.23999786376953,82.16500091552734,82.1698989868164,325322
2026-08-12 15:10:00+00:00,82.2750015258789,82.2750015258789,82.2300033569336,82.23999786376953,131844
2026-08-12 15:15:00+00:00,82.29499816894531,82.30999755859375,82.2699966430664,82.2699966430664,124472
2026-08-12 15:20:00+00:00,82.31500244140625,82.31999969482422,82.2750015258789,82.29000091552734,128116
2026-08-12 15:25:00+00:00,82.31500244140625,82.33999633789062,82.29499816894531,82.31990051269531,212635
2026-08-12 15:30:00+00:00,82.30000305175781,82.31999969482422,82.29239654541016,82.31580352783203,149559
2026-08-12 15:35:00+00:00,82.2750015258789,82.29989624023438,82.2699966430664,82.29989624023438,119589
2026-08-12 15:40:00+00:00,82.29989624023438,82.31990051269531,82.2699966430664,82.2750015258789,90331
2026-08-12 15:45:00+00:00,82.30500030517578,82.30999755859375,82.27999877929688,82.30500030517578,61934
2026-08-12 15:50:00+00:00,82.31990051269531,82.32499694824219,82.29010009765625,82.30999755859375,138902
2026-08-12 15:55:00+00:00,82.29900360107422,82.31999969482422,82.29000091552734,82.30999755859375,188678
2026-08-12 16:00:00+00:00,82.30000305175781,82.31999969482422,82.28500366210938,82.29399871826172,70614
2026-08-12 16:05:00+00:00,82.28500366210938,82.30500030517578,82.2699966430664,82.30500030517578,98759
2026-08-12 16:10:00+00:00,82.28500366210938,82.29499816894531,82.25,82.28240203857422,79194
2026-08-12 16:15:00+00:00,82.2750015258789,82.30500030517578,82.2750015258789,82.29010009765625,81303
2026-08-12 16:20:00+00:00,82.28500366210938,82.29000091552734,82.27999877929688,82.28500366210938,92458
2026-08-12 16:25:00+00:00,82.28500366210938,82.28500366210938,82.2699966430664,82.28500366210938,141939
2026-08-12 16:30:00+00:00,82.29499816894531,82.29869842529297,82.2699966430664,82.28500366210938,86456
2026-08-12 16:35:00+00:00,82.29000091552734,82.30999755859375,82.29000091552734,82.30000305175781,239563
2026-08-12 16:40:00+00:00,82.26499938964844,82.29000091552734,82.25499725341797,82.29000091552734,76892
2026-08-12 16:45:00+00:00,82.23500061035156,82.2699966430664,82.23500061035156,82.26499938964844,142265
2026-08-12 16:50:00+00:00,82.20999908447266,82.24500274658203,82.20010375976562,82.23500061035156,157434
2026-08-12 16:55:00+00:00,82.24500274658203,82.2489013671875,82.20500183105469,82.20500183105469,125480
2026-08-12 17:00:00+00:00,82.26499938964844,82.28510284423828,82.23999786376953,82.24500274658203,212041
2026-08-12 17:05:00+00:00,82.30999755859375,82.31999969482422,82.2699966430664,82.2750015258789,102954
2026-08-12 17:10:00+00:00,82.30000305175781,82.31500244140625,82.29319763183594,82.30500030517578,136666
2026-08-12 17:15:00+00:00,82.26499938964844,82.30500030517578,82.25,82.30000305175781,204858
2026-08-12 17:20:00+00:00,82.30500030517578,82.30500030517578,82.26000213623047,82.2699966430664,141284
2026-08-12 17:25:00+00:00,82.30000305175781,82.33000183105469,82.29499816894531,82.30500030517578,79858
2026-08-12 17:30:00+00:00,82.29000091552734,82.30500030517578,82.2699966430664,82.30000305175781,646894
2026-08-12 17:35:00+00:00,82.24929809570312,82.29000091552734,82.24929809570312,82.29000091552734,135994
2026-08-12 17:40:00+00:00,82.20999908447266,82.24500274658203,82.20999908447266,82.23999786376953,191420
2026-08-12 17:45:00+00:00,82.19000244140625,82.21499633789062,82.19000244140625,82.20999908447266,345323
2026-08-12 17:50:00+00:00,82.17500305175781,82.21499633789062,82.16999816894531,82.19499969482422,244086
2026-08-12 17:55:00+00:00,82.12000274658203,82.18000030517578,82.12000274658203,82.17500305175781,162537
2026-08-12 18:00:00+00:00,82.17500305175781,82.17739868164062,82.0999984741211,82.11499786376953,207688
2026-08-12 18:05:00+00:00,82.17720031738281,82.17980194091797,82.15139770507812,82.17500305175781,136191
2026-08-12 18:10:00+00:00,82.17289733886719,82.19989776611328,82.16999816894531,82.18000030517578,115444
2026-08-12 18:15:00+00:00,82.17500305175781,82.18920135498047,82.16999816894531,82.16999816894531,161187
2026-08-12 18:20:00+00:00,82.16000366210938,82.18000030517578,82.16000366210938,82.18000030517578,245401
2026-08-12 18:25:00+00:00,82.1050033569336,82.18000030517578,82.0999984741211,82.16000366210938,476642
2026-08-12 18:30:00+00:00,82.09989929199219,82.12889862060547,82.08999633789062,82.1050033569336,415603
2026-08-12 18:35:00+00:00,82.11499786376953,82.12000274658203,82.08000183105469,82.09500122070312,629049
2026-08-12 18:40:00+00:00,82.1050033569336,82.12000274658203,82.0999984741211,82.11250305175781,285709
2026-08-12 18:45:00+00:00,82.125,82.12999725341797,82.11000061035156,82.11000061035156,164779
2026-08-12 18:50:00+00:00,82.13500213623047,82.1500015258789,82.125,82.12979888916016,153525
2026-08-12 18:55:00+00:00,82.13500213623047,82.1449966430664,82.11499786376953,82.13999938964844,121445
2026-08-12 19:00:00+00:00,82.13500213623047,82.1500015258789,82.11000061035156,82.13500213623047,507243
2026-08-12 19:05:00+00:00,82.11990356445312,82.13999938964844,82.11000061035156,82.13500213623047,135406
2026-08-12 19:10:00+00:00,82.11499786376953,82.12999725341797,82.0999984741211,82.11499786376953,140889
2026-08-12 19:15:00+00:00,82.11499786376953,82.12999725341797,82.11000061035156,82.11499786376953,209112
2026-08-12 19:20:00+00:00,82.12999725341797,82.1449966430664,82.11000061035156,82.11499786376953,161573
2026-08-12 19:25:00+00:00,82.13500213623047,82.1449966430664,82.125,82.13500213623047,84849
2026-08-12 19:30:00+00:00,82.1500015258789,82.15499877929688,82.12999725341797,82.13500213623047,239646
2026-08-12 19:35:00+00:00,82.08999633789062,82.15499877929688,82.08999633789062,82.15499877929688,366573
2026-08-12 19:40:00+00:00,82.08989715576172,82.08999633789062,82.05000305175781,82.08999633789062,348972
2026-08-12 19:45:00+00:00,82.09010314941406,82.10669708251953,82.06999969482422,82.08499908447266,225765
2026-08-12 19:50:00+00:00,82.1050033569336,82.12000274658203,82.08999633789062,82.09660339355469,855229
2026-08-12 19:55:00+00:00,82.11000061035156,82.13680267333984,82.0999984741211,82.1050033569336,1629093
2026-08-13 13:30:00+00:00,82.58000183105469,82.60990142822266,82.53009796142578,82.5999984741211,1104751
2026-08-13 13:35:00+00:00,82.59950256347656,82.60929870605469,82.56999969482422,82.56999969482422,275809
2026-08-13 13:40:00+00:00,82.62010192871094,82.62989807128906,82.58499908447266,82.59500122070312,259826
2026-08-13 13:45:00+00:00,82.66510009765625,82.66999816894531,82.61499786376953,82.62999725341797,710617
2026-08-13 13:50:00+00:00,82.69499969482422,82.70500183105469,82.62999725341797,82.66500091552734,408344
2026-08-13 13:55:00+00:00,82.7750015258789,82.77999877929688,82.69499969482422,82.69499969482422,906905
2026-08-13 14:00:00+00:00,82.8550033569336,82.86000061035156,82.7699966430664,82.7750015258789,795851
2026-08-13 14:05:00+00:00,82.90499877929688,82.91500091552734,82.85079956054688,82.8550033569336,891583
2026-08-13 14:10:00+00:00,82.92500305175781,82.94999694824219,82.88500213623047,82.90499877929688,664339
2026-08-13 14:15:00+00:00,82.95500183105469,83.0,82.9219970703125,82.93000030517578,690751
2026-08-13 14:20:00+00:00,82.93009948730469,82.9800033569336,82.92500305175781,82.94999694824219,418425
2026-08-13 14:25:00+00:00,82.875,82.94000244140625,82.875,82.93499755859375,435060
2026-08-13 14:30:00+00:00,82.88500213623047,82.88500213623047,82.83999633789062,82.87100219726562,398855
2026-08-13 14:35:00+00:00,82.9166030883789,82.94000244140625,82.88009643554688,82.88009643554688,255243
2026-08-13 14:40:00+00:00,82.88999938964844,82.91500091552734,82.875,82.9104995727539,179874
2026-08-13 14:45:00+00:00,82.8949966430664,82.91999816894531,82.87999725341797,82.8949966430664,454243
2026-08-13 14:50:00+00:00,82.86000061035156,82.88999938964844,82.8499984741211,82.88999938964844,374810
2026-08-13 14:55:00+00:00,82.83000183105469,82.85990142822266,82.83000183105469,82.85890197753906,470543
2026-08-13 15:00:00+00:00,82.79499816894531,82.83999633789062,82.79000091552734,82.83999633789062,247204
2026-08-13 15:05:00+00:00,82.73500061035156,82.80999755859375,82.72000122070312,82.79900360107422,290092
2026-08-13 15:10:00+00:00,82.63500213623047,82.73500061035156,82.63500213623047,82.73500061035156,244694
2026-08-13 15:15:00+00:00,82.66500091552734,82.67500305175781,82.6050033569336,82.63500213623047,458413
2026-08-13 15:20:00+00:00,82.66999816894531,82.69499969482422,82.66000366210938,82.66500091552734,357524
2026-08-13 15:25:00+00:00,82.55500030517578,82.66000366210938,82.55500030517578,82.66000366210938,731542
2026-08-13 15:30:00+00:00,82.58000183105469,82.6050033569336,82.55500030517578,82.55719757080078,434675
2026-08-13 15:35:00+00:00,82.64990234375,82.6500015258789,82.58999633789062,82.58999633789062,167556
2026-08-13 15:40:00+00:00,82.63500213623047,82.65499877929688,82.625,82.6449966430664,137806
2026-08-13 15:45:00+00:00,82.6050033569336,82.6500015258789,82.5999984741211,82.62999725341797,108377
2026-08-13 15:50:00+00:00,82.58999633789062,82.61540222167969,82.58499908447266,82.61000061035156,73526
2026-08-13 15:55:00+00:00,82.5999984741211,82.5999984741211,82.56999969482422,82.58000183105469,103157
2026-08-13 16:00:00+00:00,82.6050033569336,82.6084976196289,82.58999633789062,82.59500122070312,59895
2026-08-13 16:05:00+00:00,82.61399841308594,82.61399841308594,82.58499908447266,82.6050033569336,127657
2026-08-13 16:10:00+00:00,82.58499908447266,82.60990142822266,82.57009887695312,82.60919952392578,79940
2026-08-13 16:15:00+00:00,82.59739685058594,82.6050033569336,82.58499908447266,82.58509826660156,114487
2026-08-13 16:20:00+00:00,82.62999725341797,82.62999725341797,82.5999984741211,82.5999984741211,66136
2026-08-13 16:25:00+00:00,82.6050033569336,82.6449966430664,82.60009765625,82.63999938964844,170087
2026-08-13 16:30:00+00:00,82.63980102539062,82.63980102539062,82.5999984741211,82.60240173339844,190962
2026-08-13 16:35:00+00:00,82.62010192871094,82.65789794921875,82.62010192871094,82.63500213623047,147257
2026-08-13 16:40:00+00:00,82.57499694824219,82.625,82.57050323486328,82.62000274658203,130095
2026-08-13 16:45:00+00:00,82.56009674072266,82.58509826660156,82.55500030517578,82.57499694824219,136551
2026-08-13 16:50:00+00:00,82.55500030517578,82.58499908447266,82.54010009765625,82.56500244140625,206519
2026-08-13 16:55:00+00:00,82.54499816894531,82.56500244140625,82.53009796142578,82.55500030517578,172669
2026-08-13 17:00:00+00:00,82.51000213623047,82.5999984741211,82.48999786376953,82.55000305175781,369666
2026-08-13 17:05:00+00:00,82.52999877929688,82.55000305175781,82.51239776611328,82.51239776611328,133457
2026-08-13 17:10:00+00:00,82.54000091552734,82.54000091552734,82.5250015258789,82.5250015258789,70988
2026-08-13 17:15:00+00:00,82.55500030517578,82.56500244140625,82.5250015258789,82.53500366210938,129699
2026-08-13 17:20:00+00:00,82.56500244140625,82.56500244140625,82.54000091552734,82.55500030517578,184603
2026-08-13 17:25:00+00:00,82.54499816894531,82.56999969482422,82.54010009765625,82.56999969482422,273324
2026-08-13 17:30:00+00:00,82.54499816894531,82.55000305175781,82.52999877929688,82.54000091552734,439561
2026-08-13 17:35:00+00:00,82.55999755859375,82.56999969482422,82.54499816894531,82.54499816894531,158836
2026-08-13 17:40:00+00:00,82.54000091552734,82.55999755859375,82.54000091552734,82.55999755859375,155537
2026-08-13 17:45:00+00:00,82.56500244140625,82.56900024414062,82.54000091552734,82.54000091552734,368847
2026-08-13 17:50:00+00:00,82.58000183105469,82.58000183105469,82.56050109863281,82.56500244140625,72832
2026-08-13 17:55:00+00:00,82.56500244140625,82.58000183105469,82.54000091552734,82.58000183105469,108596
2026-08-13 18:00:00+00:00,82.56999969482422,82.57499694824219,82.55500030517578,82.56500244140625,176771
2026-08-13 18:05:00+00:00,82.6050033569336,82.6050033569336,82.56420135498047,82.56500244140625,232123
2026-08-13 18:10:00+00:00,82.62999725341797,82.6500015258789,82.60009765625,82.6050033569336,149267
2026-08-13 18:15:00+00:00,82.6050033569336,82.62999725341797,82.58499908447266,82.62999725341797,57011
2026-08-13 18:20:00+00:00,82.58999633789062,82.5999984741211,82.55000305175781,82.5999984741211,275481
2026-08-13 18:25:00+00:00,82.59500122070312,82.5999984741211,82.57499694824219,82.58499908447266,149898
2026-08-13 18:30:00+00:00,82.58999633789062,82.61000061035156,82.58000183105469,82.59500122070312,170691
2026-08-13 18:35:00+00:00,82.65499877929688,82.65499877929688,82.58260345458984,82.58260345458984,331158
2026-08-13 18:40:00+00:00,82.63999938964844,82.66000366210938,82.63999938964844,82.6500015258789,144105
2026-08-13 18:45:00+00:00,82.63500213623047,82.6500015258789,82.62999725341797,82.64800262451172,179145
2026-08-13 18:50:00+00:00,82.63999938964844,82.66000366210938,82.63999938964844,82.63999938964844,159848
2026-08-13 18:55:00+00:00,82.59500122070312,82.66000366210938,82.57499694824219,82.6449966430664,458271
2026-08-13 19:00:00+00:00,82.59500122070312,82.62000274658203,82.58000183105469,82.5999984741211,53496
2026-08-13 19:05:00+00:00,82.56500244140625,82.59500122070312,82.55999755859375,82.58999633789062,73016
2026-08-13 19:10:00+00:00,82.58999633789062,82.58999633789062,82.5625,82.56500244140625,148785
2026-08-13 19:15:00+00:00,82.58499908447266,82.58999633789062,82.58000183105469,82.58309936523438,62504
2026-08-13 19:20:00+00:00,82.58499908447266,82.58999633789062,82.56999969482422,82.58499908447266,142234
2026-08-13 19:25:00+00:00,82.58499908447266,82.58999633789062,82.56999969482422,82.58000183105469,136453
2026-08-13 19:30:00+00:00,82.58499908447266,82.58999633789062,82.55999755859375,82.58499908447266,340013
2026-08-13 19:35:00+00:00,82.57499694824219,82.58000183105469,82.56999969482422,82.58000183105469,217753
2026-08-13 19:40:00+00:00,82.55500030517578,82.58000183105469,82.55049896240234,82.58000183105469,281136
2026-08-13 19:45:00+00:00,82.55500030517578,82.56999969482422,82.55000305175781,82.55500030517578,515308
2026-08-13 19:50:00+00:00,82.57499694824219,82.58000183105469,82.55000305175781,82.55500030517578,310445
2026-08-13 19:55:00+00:00,82.58499908447266,82.61000061035156,82.53500366210938,82.57499694824219,1096126
2026-08-14 13:30:00+00:00,82.27999877929688,82.27999877929688,82.19499969482422,82.2300033569336,1328531
2026-08-14 13:35:00+00:00,82.29499816894531,82.31500244140625,82.27999877929688,82.27999877929688,368658
2026-08-14 13:40:00+00:00,82.33999633789062,82.33999633789062,82.27970123291016,82.29499816894531,136755
2026-08-14 13:45:00+00:00,82.24500274658203,82.36000061035156,82.23999786376953,82.3499984741211,213880
2026-08-14 13:50:00+00:00,82.25499725341797,82.2699966430664,82.23999786376953,82.25,290853
2026-08-14 13:55:00+00:00,82.25,82.27999877929688,82.25,82.26000213623047,396092
2026-08-14 14:00:00+00:00,82.23590087890625,82.29000091552734,82.19000244140625,82.25,534398
2026-08-14 14:05:00+00:00,82.20999908447266,82.231201171875,82.16999816894531,82.231201171875,395670
2026-08-14 14:10:00+00:00,82.25,82.25499725341797,82.19999694824219,82.20999908447266,897951
2026-08-14 14:15:00+00:00,82.20010375976562,82.25499725341797,82.19499969482422,82.25,314675
2026-08-14 14:20:00+00:00,82.17500305175781,82.20999908447266,82.16500091552734,82.20079803466797,365537
2026-08-14 14:25:00+00:00,82.19999694824219,82.20999908447266,82.17500305175781,82.17500305175781,218822
2026-08-14 14:30:00+00:00,82.1176986694336,82.20989990234375,82.1104965209961,82.19999694824219,669891
2026-08-14 14:35:00+00:00,82.125,82.13999938964844,82.08499908447266,82.11009979248047,298347
2026-08-14 14:40:00+00:00,82.125,82.12999725341797,82.0999984741211,82.125,275368
2026-08-14 14:45:00+00:00,82.13990020751953,82.16500091552734,82.11000061035156,82.125,285726
2026-08-14 14:50:00+00:00,82.13500213623047,82.14990234375,82.12000274658203,82.13500213623047,148861
2026-08-14 14:55:00+00:00,82.125,82.1500015258789,82.12000274658203,82.13999938964844,213510
2026-08-14 15:00:00+00:00,82.125,82.18000030517578,82.12000274658203,82.12999725341797,236134
2026-08-14 15:05:00+00:00,82.0199966430664,82.12000274658203,82.01010131835938,82.12000274658203,688766
2026-08-14 15:10:00+00:00,82.01000213623047,82.0250015258789,81.9800033569336,82.01799774169922,666537
2026-08-14 15:15:00+00:00,81.95500183105469,82.04000091552734,81.94999694824219,82.01499938964844,418395
2026-08-14 15:20:00+00:00,81.93810272216797,81.96499633789062,81.91999816894531,81.95999908447266,506629
2026-08-14 15:25:00+00:00,81.93499755859375,81.94000244140625,81.9000015258789,81.93000030517578,500772
2026-08-14 15:30:00+00:00,81.92500305175781,81.94989776611328,81.91010284423828,81.93499755859375,316772
2026-08-14 15:35:00+00:00,81.87989807128906,81.92500305175781,81.87000274658203,81.91999816894531,478382
2026-08-14 15:40:00+00:00,81.87950134277344,81.88999938964844,81.86000061035156,81.87999725341797,299265
2026-08-14 15:45:00+00:00,81.8550033569336,81.9000015258789,81.8550033569336,81.87000274658203,266423
2026-08-14 15:50:00+00:00,81.88500213623047,81.90499877929688,81.8550033569336,81.8550033569336,485144
2026-08-14 15:55:00+00:00,81.86499786376953,81.88999938964844,81.86000061035156,81.88999938964844,262039
2026-08-14 16:00:00+00:00,81.84200286865234,81.87000274658203,81.81999969482422,81.8687973022461,274946
2026-08-14 16:05:00+00:00,81.8550033569336,81.87000274658203,81.83290100097656,81.8499984741211,212471
2026-08-14 16:10:00+00:00,81.87999725341797,81.88500213623047,81.83000183105469,81.8550033569336,693978
2026-08-14 16:15:00+00:00,81.8949966430664,81.9000015258789,81.86000061035156,81.88500213623047,334214
2026-08-14 16:20:00+00:00,81.90010070800781,81.91000366210938,81.88999938964844,81.88999938964844,247862
2026-08-14 16:25:00+00:00,81.9000015258789,81.91000366210938,81.87999725341797,81.91000366210938,260617
2026-08-14 16:30:00+00:00,81.88990020751953,81.9000015258789,81.86000061035156,81.9000015258789,262891
2026-08-14 16:35:00+00:00,81.92500305175781,81.94499969482422,81.88500213623047,81.88739776611328,1194755
2026-08-14 16:40:00+00:00,81.88999938964844,81.93000030517578,81.88999938964844,81.92500305175781,148843
2026-08-14 16:45:00+00:00,81.8949966430664,81.90499877929688,81.875,81.88999938964844,269791
2026-08-14 16:50:00+00:00,81.89009857177734,81.91000366210938,81.88999938964844,81.88999938964844,148649
2026-08-14 16:55:00+00:00,81.93000030517578,81.93990325927734,81.87999725341797,81.88999938964844,902232
2026-08-14 17:00:00+00:00,81.90499877929688,81.93990325927734,81.875,81.93699645996094,318426
2026-08-14 17:05:00+00:00,81.88999938964844,81.91999816894531,81.88999938964844,81.90499877929688,124019
2026-08-14 17:10:00+00:00,81.88009643554688,81.9000015258789,81.87000274658203,81.8949966430664,137030
2026-08-14 17:15:00+00:00,81.87999725341797,81.88999938964844,81.87149810791016,81.88500213623047,93927
2026-08-14 17:20:00+00:00,81.8949966430664,81.90499877929688,81.87000274658203,81.87069702148438,84261
2026-08-14 17:25:00+00:00,81.88500213623047,81.89990234375,81.88009643554688,81.89009857177734,346032
2026-08-14 17:30:00+00:00,81.8949966430664,81.8949966430664,81.87000274658203,81.88500213623047,404870
2026-08-14 17:35:00+00:00,81.92500305175781,81.92500305175781,81.8949966430664,81.9000015258789,166432
2026-08-14 17:40:00+00:00,81.90499877929688,81.93000030517578,81.8949966430664,81.92500305175781,241448
2026-08-14 17:45:00+00:00,81.87999725341797,81.90509796142578,81.87999725341797,81.90509796142578,305535
2026-08-14 17:50:00+00:00,81.91500091552734,81.9198989868164,81.87999725341797,81.88500213623047,114672
2026-08-14 17:55:00+00:00,81.91000366210938,81.93000030517578,81.91000366210938,81.91000366210938,126499
2026-08-14 18:00:00+00:00,81.91500091552734,81.91999816894531,81.9000015258789,81.90499877929688,139438
2026-08-14 18:05:00+00:00,81.95500183105469,81.95500183105469,81.91100311279297,81.91929626464844,176768
2026-08-14 18:10:00+00:00,81.90499877929688,81.95500183105469,81.87999725341797,81.95500183105469,256748
2026-08-14 18:15:00+00:00,81.91500091552734,81.91999816894531,81.9000015258789,81.91000366210938,70647
2026-08-14 18:20:00+00:00,81.91680145263672,81.93000030517578,81.91500091552734,81.91999816894531,112886
2026-08-14 18:25:00+00:00,81.91000366210938,81.91999816894531,81.91000366210938,81.91000366210938,200295
2026-08-14 18:30:00+00:00,81.91500091552734,81.93000030517578,81.9000015258789,81.91000366210938,185280
2026-08-14 18:35:00+00:00,81.92990112304688,81.92990112304688,81.91000366210938,81.91500091552734,49279
2026-08-14 18:40:00+00:00,81.91500091552734,81.94000244140625,81.91000366210938,81.92780303955078,120505
2026-08-14 18:45:00+00:00,81.92790222167969,81.9386978149414,81.91000366210938,81.91500091552734,127960
2026-08-14 18:50:00+00:00,81.92990112304688,81.93699645996094,81.92009735107422,81.92500305175781,29363
2026-08-14 18:55:00+00:00,81.92310333251953,81.93499755859375,81.91000366210938,81.91999816894531,155571
2026-08-14 19:00:00+00:00,81.94499969482422,81.95999908447266,81.92500305175781,81.92500305175781,278012
2026-08-14 19:05:00+00:00,81.96040344238281,81.96990203857422,81.93499755859375,81.94499969482422,106267
2026-08-14 19:10:00+00:00,81.94300079345703,81.97000122070312,81.94000244140625,81.96499633789062,197052
2026-08-14 19:15:00+00:00,82.00499725341797,82.01000213623047,81.94000244140625,81.94010162353516,205228
2026-08-14 19:20:00+00:00,82.00969696044922,82.0199966430664,82.0,82.00499725341797,87539
2026-08-14 19:25:00+00:00,82.03500366210938,82.04000091552734,82.0,82.00499725341797,192383
2026-08-14 19:30:00+00:00,81.99500274658203,82.02999877929688,81.98999786376953,82.02999877929688,523160
2026-08-14 19:35:00+00:00,81.98500061035156,82.0,81.9800033569336,81.98999786376953,252830
2026-08-14 19:40:00+00:00,82.00990295410156,82.01000213623047,81.9800033569336,81.98500061035156,319930
2026-08-14 19:45:00+00:00,82.01499938964844,82.02999877929688,82.0009994506836,82.00499725341797,343882
2026-08-14 19:50:00+00:00,82.0250015258789,82.04000091552734,82.01000213623047,82.01499938964844,2096303
2026-08-14 19:55:00+00:00,82.03500366210938,82.05000305175781,82.01329803466797,82.0250015258789,1676210
2026-08-17 13:30:00+00:00,81.74500274658203,81.77999877929688,81.72010040283203,81.76000213623047,1308841
2026-08-17 13:35:00+00:00,81.73889923095703,81.77999877929688,81.71320343017578,81.74500274658203,272664
2026-08-17 13:40:00+00:00,81.73999786376953,81.7699966430664,81.73999786376953,81.73999786376953,192826
2026-08-17 13:45:00+00:00,81.79499816894531,81.80000305175781,81.7300033569336,81.73999786376953,226745
2026-08-17 13:50:00+00:00,81.7750015258789,81.81500244140625,81.7699966430664,81.79989624023438,309563
2026-08-17 13:55:00+00:00,81.75499725341797,81.77999877929688,81.73999786376953,81.7750015258789,237519
2026-08-17 14:00:00+00:00,81.78500366210938,81.78500366210938,81.72000122070312,81.75499725341797,177330
2026-08-17 14:05:00+00:00,81.79000091552734,81.79660034179688,81.7699966430664,81.78050231933594,134205
2026-08-17 14:10:00+00:00,81.78500366210938,81.79499816894531,81.76499938964844,81.79499816894531,180184
2026-08-17 14:15:00+00:00,81.7699966430664,81.79499816894531,81.7699966430664,81.78009796142578,112919
2026-08-17 14:20:00+00:00,81.75499725341797,81.7750015258789,81.73200225830078,81.7750015258789,548273
2026-08-17 14:25:00+00:00,81.80500030517578,81.80500030517578,81.75,81.75990295410156,163805
2026-08-17 14:30:00+00:00,81.81950378417969,81.84700012207031,81.80999755859375,81.80999755859375,161790
2026-08-17 14:35:00+00:00,81.83499908447266,81.83499908447266,81.80500030517578,81.81999969482422,104844
2026-08-17 14:40:00+00:00,81.81999969482422,81.8563003540039,81.81999969482422,81.83699798583984,144530
2026-08-17 14:45:00+00:00,81.78990173339844,81.82990264892578,81.7699966430664,81.82499694824219,157328
2026-08-17 14:50:00+00:00,81.77999877929688,81.80500030517578,81.77999877929688,81.78990173339844,125136
2026-08-17 14:55:00+00:00,81.76000213623047,81.78990173339844,81.75499725341797,81.7750015258789,115834
2026-08-17 15:00:00+00:00,81.69499969482422,81.76499938964844,81.69499969482422,81.76000213623047,259740
2026-08-17 15:05:00+00:00,81.68000030517578,81.69999694824219,81.65879821777344,81.69989776611328,605440
2026-08-17 15:10:00+00:00,81.74400329589844,81.75,81.66999816894531,81.68000030517578,355100
2026-08-17 15:15:00+00:00,81.69409942626953,81.73989868164062,81.69000244140625,81.73310089111328,354394
2026-08-17 15:20:00+00:00,81.67510223388672,81.69999694824219,81.66500091552734,81.69000244140625,626980
2026-08-17 15:25:00+00:00,81.69499969482422,81.69999694824219,81.66500091552734,81.67500305175781,276438
2026-08-17 15:30:00+00:00,81.66999816894531,81.69989776611328,81.66339874267578,81.69499969482422,138784
2026-08-17 15:35:00+00:00,81.67500305175781,81.68499755859375,81.66000366210938,81.66500091552734,262336
2026-08-17 15:40:00+00:00,81.66000366210938,81.69000244140625,81.66000366210938,81.67500305175781,456412
2026-08-17 15:45:00+00:00,81.65499877929688,81.66999816894531,81.6500015258789,81.66500091552734,141567
2026-08-17 15:50:00+00:00,81.66999816894531,81.68000030517578,81.6500015258789,81.6500015258789,226927
2026-08-17 15:55:00+00:00,81.65579986572266,81.66999816894531,81.6500015258789,81.66500091552734,217240
2026-08-17 16:00:00+00:00,81.6500015258789,81.66000366210938,81.62999725341797,81.66000366210938,235150
2026-08-17 16:05:00+00:00,81.63500213623047,81.6500015258789,81.62010192871094,81.6500015258789,139484
2026-08-17 16:10:00+00:00,81.625,81.6449966430664,81.62000274658203,81.63500213623047,192582
2026-08-17 16:15:00+00:00,81.65499877929688,81.66739654541016,81.62000274658203,81.62799835205078,131174
2026-08-17 16:20:00+00:00,81.66999816894531,81.68000030517578,81.6500015258789,81.65499877929688,155368
2026-08-17 16:25:00+00:00,81.66000366210938,81.67639923095703,81.6500015258789,81.66999816894531,82861
2026-08-17 16:30:00+00:00,81.64990234375,81.66000366210938,81.62999725341797,81.65499877929688,96044
2026-08-17 16:35:00+00:00,81.64009857177734,81.65499877929688,81.63999938964844,81.6449966430664,76605
2026-08-17 16:40:00+00:00,81.63050079345703,81.6500015258789,81.62229919433594,81.6500015258789,83835
2026-08-17 16:45:00+00:00,81.59500122070312,81.63500213623047,81.58000183105469,81.63500213623047,287344
2026-08-17 16:50:00+00:00,81.58999633789062,81.6050033569336,81.58000183105469,81.59549713134766,187984
2026-08-17 16:55:00+00:00,81.58499908447266,81.5999984741211,81.58000183105469,81.58989715576172,155733
2026-08-17 17:00:00+00:00,81.58000183105469,81.58999633789062,81.55999755859375,81.58499908447266,174108
2026-08-17 17:05:00+00:00,81.57499694824219,81.58000183105469,81.54219818115234,81.58000183105469,1054413
2026-08-17 17:10:00+00:00,81.57499694824219,81.5999984741211,81.55999755859375,81.56999969482422,801339
2026-08-17 17:15:00+00:00,81.5250015258789,81.57499694824219,81.51000213623047,81.56999969482422,697205
2026-08-17 17:20:00+00:00,81.49500274658203,81.54000091552734,81.48999786376953,81.5250015258789,377595
2026-08-17 17:25:00+00:00,81.5,81.50499725341797,81.47000122070312,81.49500274658203,487960
2026-08-17 17:30:00+00:00,81.43499755859375,81.50990295410156,81.43000030517578,81.50499725341797,466904
2026-08-17 17:35:00+00:00,81.38500213623047,81.43499755859375,81.37999725341797,81.43499755859375,1119446
2026-08-17 17:40:00+00:00,81.43990325927734,81.43990325927734,81.37000274658203,81.38500213623047,1143270
2026-08-17 17:45:00+00:00,81.40989685058594,81.44000244140625,81.4000015258789,81.43000030517578,737806
2026-08-17 17:50:00+00:00,81.36499786376953,81.41000366210938,81.36000061035156,81.40499877929688,242000
2026-08-17 17:55:00+00:00,81.35420227050781,81.36990356445312,81.33999633789062,81.36499786376953,582332
2026-08-17 18:00:00+00:00,81.375,81.4000015258789,81.3550033569336,81.3550033569336,1410176
2026-08-17 18:05:00+00:00,81.375,81.37999725341797,81.36000061035156,81.37010192871094,110489
2026-08-17 18:10:00+00:00,81.38990020751953,81.4000015258789,81.37000274658203,81.37999725341797,251890
2026-08-17 18:15:00+00:00,81.35780334472656,81.38999938964844,81.33999633789062,81.38960266113281,202592
2026-08-17 18:20:00+00:00,81.34839630126953,81.3550033569336,81.31500244140625,81.3499984741211,216154
2026-08-17 18:25:00+00:00,81.4000015258789,81.40499877929688,81.34500122070312,81.34970092773438,253500
2026-08-17 18:30:00+00:00,81.41000366210938,81.41000366210938,81.37999725341797,81.4000015258789,80864
2026-08-17 18:35:00+00:00,81.43000030517578,81.4364013671875,81.40499877929688,81.40499877929688,245176
2026-08-17 18:40:00+00:00,81.40499877929688,81.44999694824219,81.40499877929688,81.43499755859375,139183
2026-08-17 18:45:00+00:00,81.37999725341797,81.40989685058594,81.375,81.4000015258789,124722
2026-08-17 18:50:00+00:00,81.37000274658203,81.38999938964844,81.3634033203125,81.375,102903
2026-08-17 18:55:00+00:00,81.38829803466797,81.3949966430664,81.35330200195312,81.37000274658203,240224
2026-08-17 19:00:00+00:00,81.375,81.4000015258789,81.36000061035156,81.38919830322266,199821
2026-08-17 19:05:00+00:00,81.38500213623047,81.38999938964844,81.37000274658203,81.375,39342
2026-08-17 19:10:00+00:00,81.41300201416016,81.42500305175781,81.38500213623047,81.38999938964844,314074
2026-08-17 19:15:00+00:00,81.41500091552734,81.41999816894531,81.40360260009766,81.41500091552734,178784
2026-08-17 19:20:00+00:00,81.36129760742188,81.41500091552734,81.36080169677734,81.41500091552734,366302
2026-08-17 19:25:00+00:00,81.3949966430664,81.39749908447266,81.36499786376953,81.36499786376953,123479
2026-08-17 19:30:00+00:00,81.38500213623047,81.39510345458984,81.37999725341797,81.3949966430664,130801
2026-08-17 19:35:00+00:00,81.4000015258789,81.41000366210938,81.38310241699219,81.38899993896484,742545
2026-08-17 19:40:00+00:00,81.41000366210938,81.41999816894531,81.38999938964844,81.39679718017578,264376
2026-08-17 19:45:00+00:00,81.41500091552734,81.41999816894531,81.4000015258789,81.41000366210938,221019
2026-08-17 19:50:00+00:00,81.3949966430664,81.43000030517578,81.38999938964844,81.41500091552734,766600
2026-08-17 19:55:00+00:00,81.36499786376953,81.3949966430664,81.36000061035156,81.3949966430664,1931280
2026-08-18 13:30:00+00:00,81.30010223388672,81.30500030517578,81.16999816894531,81.25,2070891
2026-08-18 13:35:00+00:00,81.3489990234375,81.3499984741211,81.26000213623047,81.30989837646484,537792
2026-08-18 13:40:00+00:00,81.34500122070312,81.375,81.30999755859375,81.34500122070312,373844
2026-08-18 13:45:00+00:00,81.43499755859375,81.44999694824219,81.33999633789062,81.3550033569336,381141
2026-08-18 13:50:00+00:00,81.375,81.45500183105469,81.3499984741211,81.43499755859375,441699
2026-08-18 13:55:00+00:00,81.3949966430664,81.40499877929688,81.36000061035156,81.375,216969
2026-08-18 14:00:00+00:00,81.43499755859375,81.45999908447266,81.3949966430664,81.3949966430664,369694
2026-08-18 14:05:00+00:00,81.45999908447266,81.46499633789062,81.41000366210938,81.44000244140625,275215
2026-08-18 14:10:00+00:00,81.50499725341797,81.50879669189453,81.44239807128906,81.45989990234375,244291
2026-08-18 14:15:00+00:00,81.48729705810547,81.52999877929688,81.4800033569336,81.50990295410156,313837
2026-08-18 14:20:00+00:00,81.51499938964844,81.52999877929688,81.4749984741211,81.48999786376953,231019
2026-08-18 14:25:00+00:00,81.57499694824219,81.58000183105469,81.5199966430664,81.5199966430664,333721
2026-08-18 14:30:00+00:00,81.55000305175781,81.58499908447266,81.55000305175781,81.57499694824219,246320
2026-08-18 14:35:00+00:00,81.54000091552734,81.55000305175781,81.51000213623047,81.54499816894531,173342
2026-08-18 14:40:00+00:00,81.55799865722656,81.55999755859375,81.52999877929688,81.54650115966797,427719
2026-08-18 14:45:00+00:00,81.58499908447266,81.60199737548828,81.54499816894531,81.55500030517578,1329150
2026-08-18 14:50:00+00:00,81.52030181884766,81.62000274658203,81.51200103759766,81.58509826660156,726669
2026-08-18 14:55:00+00:00,81.4749984741211,81.52999877929688,81.4749984741211,81.51499938964844,186007
2026-08-18 15:00:00+00:00,81.54000091552734,81.55500030517578,81.46499633789062,81.47000122070312,1061483
2026-08-18 15:05:00+00:00,81.52989959716797,81.55989837646484,81.5199966430664,81.54499816894531,713027
2026-08-18 15:10:00+00:00,81.51010131835938,81.55000305175781,81.51000213623047,81.52989959716797,1213303
2026-08-18 15:15:00+00:00,81.51499938964844,81.52989959716797,81.49500274658203,81.51499938964844,296317
2026-08-18 15:20:00+00:00,81.50360107421875,81.54000091552734,81.50360107421875,81.51010131835938,216374
2026-08-18 15:25:00+00:00,81.51499938964844,81.52999877929688,81.4800033569336,81.50499725341797,267056
2026-08-18 15:30:00+00:00,81.48500061035156,81.51499938964844,81.45500183105469,81.51000213623047,373755
2026-08-18 15:35:00+00:00,81.50509643554688,81.51000213623047,81.47010040283203,81.48500061035156,99009
2026-08-18 15:40:00+00:00,81.51000213623047,81.5250015258789,81.49009704589844,81.51000213623047,89651
2026-08-18 15:45:00+00:00,81.56999969482422,81.56999969482422,81.50499725341797,81.50499725341797,178312
2026-08-18 15:50:00+00:00,81.55500030517578,81.57649993896484,81.55500030517578,81.56999969482422,157348
2026-08-18 15:55:00+00:00,81.53730010986328,81.55999755859375,81.53369903564453,81.55049896240234,59416
2026-08-18 16:00:00+00:00,81.58999633789062,81.58999633789062,81.54000091552734,81.54000091552734,192593
2026-08-18 16:05:00+00:00,81.58499908447266,81.5999984741211,81.58000183105469,81.58499908447266,89154
2026-08-18 16:10:00+00:00,81.5886001586914,81.5999984741211,81.5801010131836,81.58999633789062,62070
2026-08-18 16:15:00+00:00,81.62999725341797,81.62999725341797,81.58000183105469,81.59500122070312,104413
2026-08-18 16:20:00+00:00,81.62699890136719,81.66000366210938,81.6134033203125,81.63500213623047,126203
2026-08-18 16:25:00+00:00,81.57499694824219,81.625,81.56999969482422,81.625,117522
2026-08-18 16:30:00+00:00,81.58999633789062,81.59719848632812,81.57080078125,81.57080078125,90760
2026-08-18 16:35:00+00:00,81.61499786376953,81.62999725341797,81.58000183105469,81.5801010131836,156059
2026-08-18 16:40:00+00:00,81.65989685058594,81.65989685058594,81.61009979248047,81.61009979248047,103882
2026-08-18 16:45:00+00:00,81.63999938964844,81.68000030517578,81.63999938964844,81.65499877929688,104454
2026-08-18 16:50:00+00:00,81.67990112304688,81.68890380859375,81.62999725341797,81.63500213623047,100338
2026-08-18 16:55:00+00:00,81.6449966430664,81.67500305175781,81.6449966430664,81.67500305175781,97141
2026-08-18 17:00:00+00:00,81.625,81.6500015258789,81.61499786376953,81.6449966430664,110326
2026-08-18 17:05:00+00:00,81.625,81.62999725341797,81.61000061035156,81.625,74945
2026-08-18 17:10:00+00:00,81.6500015258789,81.6500015258789,81.62000274658203,81.625,156602
2026-08-18 17:15:00+00:00,81.65499877929688,81.65499877929688,81.625,81.6427001953125,65665
2026-08-18 17:20:00+00:00,81.68499755859375,81.68769836425781,81.66000366210938,81.66000366210938,185560
2026-08-18 17:25:00+00:00,81.6771011352539,81.68499755859375,81.66999816894531,81.68000030517578,86169
2026-08-18 17:30:00+00:00,81.68009948730469,81.69879913330078,81.66500091552734,81.67510223388672,200205
2026-08-18 17:35:00+00:00,81.69999694824219,81.69999694824219,81.66999816894531,81.68000030517578,307628
2026-08-18 17:40:00+00:00,81.67500305175781,81.69999694824219,81.67500305175781,81.69499969482422,279117
2026-08-18 17:45:00+00:00,81.68499755859375,81.69000244140625,81.68000030517578,81.68000030517578,20157
2026-08-18 17:50:00+00:00,81.68900299072266,81.69999694824219,81.67500305175781,81.68499755859375,121917
2026-08-18 17:55:00+00:00,81.69969940185547,81.69999694824219,81.67009735107422,81.68499755859375,52879
2026-08-18 18:00:00+00:00,81.69499969482422,81.70999908447266,81.68499755859375,81.69999694824219,147773
2026-08-18 18:05:00+00:00,81.71499633789062,81.71499633789062,81.69000244140625,81.69499969482422,126549
2026-08-18 18:10:00+00:00,81.7249984741211,81.73999786376953,81.69999694824219,81.71499633789062,155013
2026-08-18 18:15:00+00:00,81.7249984741211,81.73999786376953,81.71499633789062,81.7300033569336,42628
2026-08-18 18:20:00+00:00,81.73500061035156,81.75,81.72000122070312,81.7249984741211,74861
2026-08-18 18:25:00+00:00,81.71499633789062,81.73500061035156,81.70999908447266,81.73500061035156,147296
2026-08-18 18:30:00+00:00,81.72509765625,81.7300033569336,81.7029037475586,81.72000122070312,106516
2026-08-18 18:35:00+00:00,81.7249984741211,81.7300033569336,81.72000122070312,81.7249984741211,47011
2026-08-18 18:40:00+00:00,81.70999908447266,81.7300033569336,81.69999694824219,81.72730255126953,208392
2026-08-18 18:45:00+00:00,81.7249984741211,81.72579956054688,81.69000244140625,81.70999908447266,103728
2026-08-18 18:50:00+00:00,81.70500183105469,81.73500061035156,81.70500183105469,81.7249984741211,94990
2026-08-18 18:55:00+00:00,81.70500183105469,81.70989990234375,81.69000244140625,81.70500183105469,45155
2026-08-18 19:00:00+00:00,81.70010375976562,81.7300033569336,81.69999694824219,81.70500183105469,69961
2026-08-18 19:05:00+00:00,81.71980285644531,81.71980285644531,81.69999694824219,81.70590209960938,29592
2026-08-18 19:10:00+00:00,81.7249984741211,81.73690032958984,81.70999908447266,81.71499633789062,255554
2026-08-18 19:15:00+00:00,81.69999694824219,81.7300033569336,81.69499969482422,81.7249984741211,125353
2026-08-18 19:20:00+00:00,81.69999694824219,81.70500183105469,81.69000244140625,81.69499969482422,53439
2026-08-18 19:25:00+00:00,81.68499755859375,81.69499969482422,81.68000030517578,81.69100189208984,35612
2026-08-18 19:30:00+00:00,81.70500183105469,81.70999908447266,81.68499755859375,81.69000244140625,149476
2026-08-18 19:35:00+00:00,81.69000244140625,81.70999908447266,81.69000244140625,81.70999908447266,149507
2026-08-18 19:40:00+00:00,81.69000244140625,81.69999694824219,81.67500305175781,81.69499969482422,274734
2026-08-18 19:45:00+00:00,81.68499755859375,81.69999694824219,81.66999816894531,81.68499755859375,208570
2026-08-18 19:50:00+00:00,81.66000366210938,81.68499755859375,81.6500015258789,81.68499755859375,1386646
2026-08-18 19:55:00+00:00,81.63999938964844,81.66000366210938,81.61000061035156,81.65499877929688,1487062
2026-08-19 13:30:00+00:00,82.7249984741211,82.8219985961914,82.69000244140625,82.80500030517578,7410402
2026-08-19 13:35:00+00:00,82.78500366210938,82.79000091552734,82.66000366210938,82.72000122070312,1081306
2026-08-19 13:40:00+00:00,82.81950378417969,82.83499908447266,82.75499725341797,82.77999877929688,1252569
2026-08-19 13:45:00+00:00,82.81500244140625,82.8499984741211,82.79000091552734,82.81999969482422,559472
2026-08-19 13:50:00+00:00,82.84159851074219,82.8499984741211,82.75,82.81500244140625,843650
2026-08-19 13:55:00+00:00,82.9000015258789,82.93000030517578,82.82330322265625,82.84500122070312,1165064
2026-08-19 14:00:00+00:00,82.92500305175781,82.9800033569336,82.9000015258789,82.9000015258789,1176134
2026-08-19 14:05:00+00:00,82.86499786376953,82.94000244140625,82.8499984741211,82.92500305175781,582228
2026-08-19 14:10:00+00:00,82.91999816894531,82.94999694824219,82.8499984741211,82.86509704589844,517502
2026-08-19 14:15:00+00:00,82.9749984741211,83.0,82.92500305175781,82.93000030517578,724345
2026-08-19 14:20:00+00:00,82.939697265625,82.98999786376953,82.92500305175781,82.9800033569336,481600
2026-08-19 14:25:00+00:00,82.95500183105469,82.95999908447266,82.87999725341797,82.94000244140625,398374
2026-08-19 14:30:00+00:00,83.01000213623047,83.01000213623047,82.95500183105469,82.95999908447266,550907
2026-08-19 14:35:00+00:00,83.03179931640625,83.04000091552734,82.95999908447266,83.00499725341797,578762
2026-08-19 14:40:00+00:00,83.04499816894531,83.05999755859375,83.0,83.02999877929688,422619
2026-08-19 14:45:00+00:00,82.98049926757812,83.05000305175781,82.94000244140625,83.04499816894531,585527
2026-08-19 14:50:00+00:00,82.95220184326172,82.98999786376953,82.91999816894531,82.98500061035156,305083
2026-08-19 14:55:00+00:00,82.98500061035156,82.98500061035156,82.94390106201172,82.95999908447266,382096
2026-08-19 15:00:00+00:00,82.97000122070312,83.01000213623047,82.95999908447266,82.98500061035156,356346
2026-08-19 15:05:00+00:00,82.8905029296875,82.9800033569336,82.88999938964844,82.97000122070312,472129
2026-08-19 15:10:00+00:00,82.8949966430664,82.95999908447266,82.87999725341797,82.88999938964844,272462
2026-08-19 15:15:00+00:00,82.86499786376953,82.91000366210938,82.86000061035156,82.89420318603516,174270
2026-08-19 15:20:00+00:00,82.74500274658203,82.87000274658203,82.74009704589844,82.86000061035156,906928
2026-08-19 15:25:00+00:00,82.77690124511719,82.79000091552734,82.69309997558594,82.73999786376953,765435
2026-08-19 15:30:00+00:00,82.81310272216797,82.81999969482422,82.75499725341797,82.7750015258789,474043
2026-08-19 15:35:00+00:00,82.81500244140625,82.8499984741211,82.80500030517578,82.81500244140625,340064
2026-08-19 15:40:00+00:00,82.8550033569336,82.86000061035156,82.80000305175781,82.80999755859375,338555
2026-08-19 15:45:00+00:00,82.83999633789062,82.91000366210938,82.83999633789062,82.8550033569336,328743
2026-08-19 15:50:00+00:00,82.85050201416016,82.86000061035156,82.81999969482422,82.83999633789062,358584
2026-08-19 15:55:00+00:00,82.8550033569336,82.87000274658203,82.84130096435547,82.86000061035156,373272
2026-08-19 16:00:00+00:00,82.82499694824219,82.8550033569336,82.80380249023438,82.8499984741211,277241
2026-08-19 16:05:00+00:00,82.82009887695312,82.83000183105469,82.80000305175781,82.83000183105469,229360
2026-08-19 16:10:00+00:00,82.80500030517578,82.83999633789062,82.80500030517578,82.81999969482422,332701
2026-08-19 16:15:00+00:00,82.78500366210938,82.81999969482422,82.77999877929688,82.80500030517578,242328
2026-08-19 16:20:00+00:00,82.77999877929688,82.80000305175781,82.77100372314453,82.78009796142578,206221
2026-08-19 16:25:00+00:00,82.73500061035156,82.79000091552734,82.73049926757812,82.77999877929688,178660
2026-08-19 16:30:00+00:00,82.7300033569336,82.75,82.69000244140625,82.73999786376953,321183
2026-08-19 16:35:00+00:00,82.7249984741211,82.73999786376953,82.69999694824219,82.73500061035156,269939
2026-08-19 16:40:00+00:00,82.7750015258789,82.80000305175781,82.72000122070312,82.7300033569336,390456
2026-08-19 16:45:00+00:00,82.79499816894531,82.80000305175781,82.75499725341797,82.7750015258789,212366
2026-08-19 16:50:00+00:00,82.80000305175781,82.83000183105469,82.79100036621094,82.80000305175781,228834
2026-08-19 16:55:00+00:00,82.75029754638672,82.81999969482422,82.74500274658203,82.80999755859375,480263
2026-08-19 17:00:00+00:00,82.68499755859375,82.83999633789062,82.68499755859375,82.76000213623047,439156
2026-08-19 17:05:00+00:00,82.6449966430664,82.72000122070312,82.62999725341797,82.68499755859375,322654
2026-08-19 17:10:00+00:00,82.6500015258789,82.66999816894531,82.63130187988281,82.6449966430664,319501
2026-08-19 17:15:00+00:00,82.66999816894531,82.66999816894531,82.61000061035156,82.65499877929688,181962
2026-08-19 17:20:00+00:00,82.67500305175781,82.69000244140625,82.6520004272461,82.66500091552734,288971
2026-08-19 17:25:00+00:00,82.69499969482422,82.70999908447266,82.64099884033203,82.67500305175781,230198
2026-08-19 17:30:00+00:00,82.66999816894531,82.72000122070312,82.66999816894531,82.69999694824219,243875
2026-08-19 17:35:00+00:00,82.66000366210938,82.68000030517578,82.63999938964844,82.67500305175781,562639
2026-08-19 17:40:00+00:00,82.68499755859375,82.70999908447266,82.6500015258789,82.66999816894531,340846
2026-08-19 17:45:00+00:00,82.69029998779297,82.69999694824219,82.66500091552734,82.6854019165039,2460954
2026-08-19 17:50:00+00:00,82.71499633789062,82.72000122070312,82.69499969482422,82.69499969482422,157842
2026-08-19 17:55:00+00:00,82.69999694824219,82.7300033569336,82.69000244140625,82.72000122070312,143025
2026-08-19 18:00:00+00:00,82.80000305175781,82.81999969482422,82.69499969482422,82.70500183105469,410867
2026-08-19 18:05:00+00:00,82.82499694824219,82.83999633789062,82.77999877929688,82.80500030517578,275345
2026-08-19 18:10:00+00:00,82.80500030517578,82.87000274658203,82.80500030517578,82.83000183105469,1361549
2026-08-19 18:15:00+00:00,82.7750015258789,82.81999969482422,82.76799774169922,82.80500030517578,279211
2026-08-19 18:20:00+00:00,82.77989959716797,82.80000305175781,82.7699966430664,82.7699966430664,124888
2026-08-19 18:25:00+00:00,82.8239974975586,82.83999633789062,82.7698974609375,82.7750015258789,152482
2026-08-19 18:30:00+00:00,82.8550033569336,82.87000274658203,82.82099914550781,82.83000183105469,96948
2026-08-19 18:35:00+00:00,82.88500213623047,82.88999938964844,82.8499984741211,82.8499984741211,152980
2026-08-19 18:40:00+00:00,82.8550033569336,82.9000015258789,82.85030364990234,82.88500213623047,93839
2026-08-19 18:45:00+00:00,82.875,82.87999725341797,82.8499984741211,82.8550033569336,98315
2026-08-19 18:50:00+00:00,82.8949966430664,82.9000015258789,82.86000061035156,82.87000274658203,2134592
2026-08-19 18:55:00+00:00,82.9083023071289,82.91000366210938,82.87100219726562,82.9000015258789,164716
2026-08-19 19:00:00+00:00,82.90499877929688,82.91999816894531,82.875,82.9000015258789,142416
2026-08-19 19:05:00+00:00,82.87999725341797,82.91999816894531,82.87999725341797,82.90499877929688,172482
2026-08-19 19:10:00+00:00,82.90499877929688,82.91999816894531,82.88099670410156,82.88999938964844,111588
2026-08-19 19:15:00+00:00,82.89340209960938,82.94000244140625,82.87999725341797,82.9000015258789,256706
2026-08-19 19:20:00+00:00,82.89140319824219,82.91000366210938,82.87100219726562,82.8949966430664,161809
2026-08-19 19:25:00+00:00,82.92620086669922,82.93000030517578,82.88500213623047,82.8949966430664,152102
2026-08-19 19:30:00+00:00,82.94499969482422,82.94999694824219,82.91000366210938,82.93000030517578,285631
2026-08-19 19:35:00+00:00,82.90499877929688,82.94999694824219,82.88999938964844,82.94499969482422,310920
2026-08-19 19:40:00+00:00,82.92500305175781,82.93000030517578,82.9000015258789,82.90499877929688,309956
2026-08-19 19:45:00+00:00,82.87999725341797,82.93000030517578,82.87000274658203,82.92500305175781,634274
2026-08-19 19:50:00+00:00,82.90010070800781,82.91000366210938,82.86000061035156,82.87999725341797,1082345
2026-08-19 19:55:00+00:00,83.0199966430664,83.0199966430664,82.88999938964844,82.9000015258789,2700526
2026-08-20 13:30:00+00:00,82.26000213623047,82.36599731445312,82.22000122070312,82.3550033569336,2477120
2026-08-20 13:35:00+00:00,82.41500091552734,82.47000122070312,82.2699966430664,82.2699966430664,945305
2026-08-20 13:40:00+00:00,82.375,82.42500305175781,82.31500244140625,82.41500091552734,877245
2026-08-20 13:45:00+00:00,82.41000366210938,82.42500305175781,82.3301010131836,82.375,226983
2026-08-20 13:50:00+00:00,82.41010284423828,82.41500091552734,82.33049774169922,82.41000366210938,367662
2026-08-20 13:55:00+00:00,82.37999725341797,82.41999816894531,82.36000061035156,82.41000366210938,256876
2026-08-20 14:00:00+00:00,82.33999633789062,82.4000015258789,82.33499908447266,82.38500213623047,289539
2026-08-20 14:05:00+00:00,82.3499984741211,82.3550033569336,82.30999755859375,82.33499908447266,482581
2026-08-20 14:10:00+00:00,82.41000366210938,82.43000030517578,82.3499984741211,82.3499984741211,328340
2026-08-20 14:15:00+00:00,82.4198989868164,82.4749984741211,82.40390014648438,82.40390014648438,574761
2026-08-20 14:20:00+00:00,82.51010131835938,82.5199966430664,82.4198989868164,82.4198989868164,294336
2026-08-20 14:25:00+00:00,82.4655990600586,82.5199966430664,82.45050048828125,82.51799774169922,475610
2026-08-20 14:30:00+00:00,82.4541015625,82.47000122070312,82.44000244140625,82.47000122070312,320717
2026-08-20 14:35:00+00:00,82.4800033569336,82.52999877929688,82.45500183105469,82.45500183105469,184446
2026-08-20 14:40:00+00:00,82.44499969482422,82.4800033569336,82.43499755859375,82.47000122070312,184052
2026-08-20 14:45:00+00:00,82.45500183105469,82.4800033569336,82.44999694824219,82.44999694824219,403144
2026-08-20 14:50:00+00:00,82.44999694824219,82.4800033569336,82.44000244140625,82.45050048828125,281151
2026-08-20 14:55:00+00:00,82.47000122070312,82.51000213623047,82.45010375976562,82.45999908447266,432612
2026-08-20 15:00:00+00:00,82.6449966430664,82.7699966430664,82.44999694824219,82.45999908447266,3591149
2026-08-20 15:05:00+00:00,82.45999908447266,82.66000366210938,82.41999816894531,82.6500015258789,1840039
2026-08-20 15:10:00+00:00,82.45999908447266,82.48999786376953,82.38999938964844,82.45999908447266,1011705
2026-08-20 15:15:00+00:00,82.44499969482422,82.50659942626953,82.42500305175781,82.46009826660156,433727
2026-08-20 15:20:00+00:00,82.2750015258789,82.44499969482422,82.23999786376953,82.44000244140625,1266580
2026-08-20 15:25:00+00:00,82.26499938964844,82.2750015258789,82.16999816894531,82.2750015258789,1074031
2026-08-20 15:30:00+00:00,82.18499755859375,82.29000091552734,82.1500015258789,82.2699966430664,628822
2026-08-20 15:35:00+00:00,82.19999694824219,82.23999786376953,82.17500305175781,82.18499755859375,613156
2026-08-20 15:40:00+00:00,82.18309783935547,82.21499633789062,82.16500091552734,82.2040023803711,792989
2026-08-20 15:45:00+00:00,82.2699966430664,82.2750015258789,82.18000030517578,82.18000030517578,337549
2026-08-20 15:50:00+00:00,82.26499938964844,82.31999969482422,82.23500061035156,82.26000213623047,315941
2026-08-20 15:55:00+00:00,82.30500030517578,82.31500244140625,82.25,82.26599884033203,306586
2026-08-20 16:00:00+00:00,82.36000061035156,82.37999725341797,82.30999755859375,82.30999755859375,175322
2026-08-20 16:05:00+00:00,82.33499908447266,82.4000015258789,82.32050323486328,82.37000274658203,188301
2026-08-20 16:10:00+00:00,82.31999969482422,82.34200286865234,82.30500030517578,82.33999633789062,120439
2026-08-20 16:15:00+00:00,82.36499786376953,82.36499786376953,82.31500244140625,82.33000183105469,74345
2026-08-20 16:20:00+00:00,82.3499984741211,82.37000274658203,82.33000183105469,82.3634033203125,121291
2026-08-20 16:25:00+00:00,82.36499786376953,82.3759994506836,82.34339904785156,82.3499984741211,167414
2026-08-20 16:30:00+00:00,82.33499908447266,82.36000061035156,82.29499816894531,82.36000061035156,77848
2026-08-20 16:35:00+00:00,82.32499694824219,82.33679962158203,82.30500030517578,82.33499908447266,68089
2026-08-20 16:40:00+00:00,82.33000183105469,82.33000183105469,82.28500366210938,82.32499694824219,107721
2026-08-20 16:45:00+00:00,82.34500122070312,82.3499984741211,82.32450103759766,82.32499694824219,60030
2026-08-20 16:50:00+00:00,82.31500244140625,82.3550033569336,82.31500244140625,82.34500122070312,55094
2026-08-20 16:55:00+00:00,82.27999877929688,82.31510162353516,82.26000213623047,82.31500244140625,99871
2026-08-20 17:00:00+00:00,82.34500122070312,82.36990356445312,82.2750015258789,82.28500366210938,195057
2026-08-20 17:05:00+00:00,82.35399627685547,82.37000274658203,82.31120300292969,82.34500122070312,121185
2026-08-20 17:10:00+00:00,82.34989929199219,82.375,82.33499908447266,82.3550033569336,80221
2026-08-20 17:15:00+00:00,82.30500030517578,82.36990356445312,82.30500030517578,82.34010314941406,127194
2026-08-20 17:20:00+00:00,82.28500366210938,82.30500030517578,82.28009796142578,82.30500030517578,110226
2026-08-20 17:25:00+00:00,82.30000305175781,82.30500030517578,82.28450012207031,82.28500366210938,101784
2026-08-20 17:30:00+00:00,82.27999877929688,82.30000305175781,82.26119995117188,82.30000305175781,101987
2026-08-20 17:35:00+00:00,82.26000213623047,82.27999877929688,82.23999786376953,82.27999877929688,97810
2026-08-20 17:40:00+00:00,82.2750015258789,82.27999877929688,82.25,82.26499938964844,121080
2026-08-20 17:45:00+00:00,82.30999755859375,82.31500244140625,82.2699966430664,82.2750015258789,79310
2026-08-20 17:50:00+00:00,82.36499786376953,82.37999725341797,82.30010223388672,82.30999755859375,233822
2026-08-20 17:55:00+00:00,82.3499984741211,82.37000274658203,82.3499984741211,82.36990356445312,211122
2026-08-20 18:00:00+00:00,82.37000274658203,82.37000274658203,82.33000183105469,82.36000061035156,95599
2026-08-20 18:05:00+00:00,82.34010314941406,82.37000274658203,82.33000183105469,82.36000061035156,180087
2026-08-20 18:10:00+00:00,82.32730102539062,82.3499984741211,82.31330108642578,82.3499984741211,73421
2026-08-20 18:15:00+00:00,82.33000183105469,82.33989715576172,82.30229949951172,82.31999969482422,165889
2026-08-20 18:20:00+00:00,82.34660339355469,82.3499984741211,82.33000183105469,82.33499908447266,49683
2026-08-20 18:25:00+00:00,82.33059692382812,82.36000061035156,82.3301010131836,82.3499984741211,183358
2026-08-20 18:30:00+00:00,82.37999725341797,82.37999725341797,82.33000183105469,82.33499908447266,136995
2026-08-20 18:35:00+00:00,82.375,82.38500213623047,82.3499984741211,82.37999725341797,258892
2026-08-20 18:40:00+00:00,82.375,82.39199829101562,82.36990356445312,82.37000274658203,260143
2026-08-20 18:45:00+00:00,82.375,82.4000015258789,82.36000061035156,82.37310028076172,163885
2026-08-20 18:50:00+00:00,82.40850067138672,82.41000366210938,82.37000274658203,82.375,104396
2026-08-20 18:55:00+00:00,82.41000366210938,82.41999816894531,82.393798828125,82.40499877929688,125678
2026-08-20 19:00:00+00:00,82.44499969482422,82.44999694824219,82.40010070800781,82.41500091552734,100943
2026-08-20 19:05:00+00:00,82.48500061035156,82.48999786376953,82.44499969482422,82.44499969482422,378303
2026-08-20 19:10:00+00:00,82.50499725341797,82.53500366210938,82.4800033569336,82.48500061035156,430890
2026-08-20 19:15:00+00:00,82.52010345458984,82.52999877929688,82.5,82.50499725341797,213280
2026-08-20 19:20:00+00:00,82.4999008178711,82.52999877929688,82.48999786376953,82.52999877929688,120168
2026-08-20 19:25:00+00:00,82.48500061035156,82.5,82.47000122070312,82.49500274658203,189426
2026-08-20 19:30:00+00:00,82.5,82.5199966430664,82.4800033569336,82.48500061035156,379396
2026-08-20 19:35:00+00:00,82.48500061035156,82.5199966430664,82.48500061035156,82.49500274658203,313990
2026-08-20 19:40:00+00:00,82.4000015258789,82.49500274658203,82.4000015258789,82.48500061035156,367706
2026-08-20 19:45:00+00:00,82.375,82.41000366210938,82.36419677734375,82.4000015258789,851113
2026-08-20 19:50:00+00:00,82.3550033569336,82.4000015258789,82.3499984741211,82.375,1494000
2026-08-20 19:55:00+00:00,82.3489990234375,82.36499786376953,82.31009674072266,82.3550033569336,3844328
2026-08-21 13:30:00+00:00,82.11000061035156,82.16999816894531,82.08499908447266,82.16999816894531,1271898
2026-08-21 13:35:00+00:00,82.19999694824219,82.20999908447266,82.11000061035156,82.11499786376953,283726
2026-08-21 13:40:00+00:00,82.16000366210938,82.21499633789062,82.12000274658203,82.19499969482422,188946
2026-08-21 13:45:00+00:00,82.16500091552734,82.18000030517578,82.11499786376953,82.16500091552734,228049
2026-08-21 13:50:00+00:00,82.19499969482422,82.20989990234375,82.15499877929688,82.16000366210938,190241
2026-08-21 13:55:00+00:00,82.22000122070312,82.2699966430664,82.19499969482422,82.19999694824219,161373
2026-08-21 14:00:00+00:00,82.22000122070312,82.2249984741211,82.16999816894531,82.22000122070312,180939
2026-08-21 14:05:00+00:00,82.2031021118164,82.23500061035156,82.19000244140625,82.2249984741211,122419
2026-08-21 14:10:00+00:00,82.16500091552734,82.20500183105469,82.16500091552734,82.20500183105469,148132
2026-08-21 14:15:00+00:00,82.1449966430664,82.17990112304688,82.13999938964844,82.16500091552734,181186
2026-08-21 14:20:00+00:00,82.1261978149414,82.13999938964844,82.0999984741211,82.13999938964844,167271
2026-08-21 14:25:00+00:00,82.1050033569336,82.12640380859375,82.08999633789062,82.12000274658203,225409
2026-08-21 14:30:00+00:00,81.99500274658203,82.11000061035156,81.99359893798828,82.0999984741211,614881
2026-08-21 14:35:00+00:00,82.0199966430664,82.0199966430664,81.93329620361328,81.99500274658203,633457
2026-08-21 14:40:00+00:00,82.07499694824219,82.09500122070312,82.0,82.01499938964844,230946
2026-08-21 14:45:00+00:00,82.11499786376953,82.12000274658203,82.05010223388672,82.08000183105469,377706
2026-08-21 14:50:00+00:00,82.0999984741211,82.13500213623047,82.08499908447266,82.12000274658203,335411
2026-08-21 14:55:00+00:00,82.08499908447266,82.11499786376953,82.08000183105469,82.0999984741211,182520
2026-08-21 15:00:00+00:00,82.0999984741211,82.12000274658203,82.06009674072266,82.08000183105469,135483
2026-08-21 15:05:00+00:00,82.11499786376953,82.15499877929688,82.08999633789062,82.0999984741211,474969
2026-08-21 15:10:00+00:00,82.05999755859375,82.12000274658203,82.05500030517578,82.11250305175781,287930
2026-08-21 15:15:00+00:00,82.05500030517578,82.08000183105469,82.05000305175781,82.05999755859375,309960
2026-08-21 15:20:00+00:00,82.05500030517578,82.06999969482422,82.02999877929688,82.05989837646484,370597
2026-08-21 15:25:00+00:00,82.08999633789062,82.0999984741211,82.05010223388672,82.05999755859375,210519
2026-08-21 15:30:00+00:00,82.08499908447266,82.09500122070312,82.03500366210938,82.08499908447266,164878
2026-08-21 15:35:00+00:00,82.0999984741211,82.1050033569336,82.08000183105469,82.08999633789062,115388
2026-08-21 15:40:00+00:00,82.12000274658203,82.12670135498047,82.08499908447266,82.1050033569336,167668
2026-08-21 15:45:00+00:00,82.06500244140625,82.13500213623047,82.06500244140625,82.11499786376953,117563
2026-08-21 15:50:00+00:00,82.06990051269531,82.09500122070312,82.05500030517578,82.06500244140625,114906
2026-08-21 15:55:00+00:00,82.06500244140625,82.06999969482422,82.05000305175781,82.05999755859375,80237
2026-08-21 16:00:00+00:00,82.02670288085938,82.05999755859375,82.01000213623047,82.05999755859375,142643
2026-08-21 16:05:00+00:00,82.00499725341797,82.03500366210938,81.9800033569336,82.0250015258789,181182
2026-08-21 16:10:00+00:00,81.99140167236328,82.02799987792969,81.98999786376953,82.0,234215
2026-08-21 16:15:00+00:00,81.9800033569336,82.0,81.95999908447266,81.99009704589844,290695
2026-08-21 16:20:00+00:00,82.02999877929688,82.07499694824219,81.97000122070312,81.9749984741211,404669
2026-08-21 16:25:00+00:00,82.02999877929688,82.03500366210938,82.0,82.03500366210938,82223
2026-08-21 16:30:00+00:00,82.02989959716797,82.04000091552734,82.0199966430664,82.02359771728516,78606
2026-08-21 16:35:00+00:00,82.0250015258789,82.04000091552734,82.01000213623047,82.0199966430664,147161
2026-08-21 16:40:00+00:00,82.0250015258789,82.0376968383789,82.01000213623047,82.02999877929688,103766
2026-08-21 16:45:00+00:00,82.02999877929688,82.04000091552734,82.0199966430664,82.02320098876953,99250
2026-08-21 16:50:00+00:00,82.00499725341797,82.04000091552734,82.0,82.04000091552734,125623
2026-08-21 16:55:00+00:00,82.02050018310547,82.02999877929688,82.0,82.0,123927
2026-08-21 17:00:00+00:00,82.00499725341797,82.02999877929688,81.9800033569336,82.02999877929688,126095
2026-08-21 17:05:00+00:00,82.0250015258789,82.02999877929688,82.0,82.00499725341797,181348
2026-08-21 17:10:00+00:00,82.03500366210938,82.04000091552734,82.0199966430664,82.0250015258789,111132
2026-08-21 17:15:00+00:00,82.01499938964844,82.04850006103516,82.0,82.04000091552734,219201
2026-08-21 17:20:00+00:00,82.0199966430664,82.03510284423828,82.01000213623047,82.01499938964844,107103
2026-08-21 17:25:00+00:00,82.00499725341797,82.02999877929688,82.0,82.0199966430664,68598
2026-08-21 17:30:00+00:00,81.98809814453125,82.01000213623047,81.9800033569336,82.00499725341797,114295
2026-08-21 17:35:00+00:00,81.95999908447266,81.98999786376953,81.94999694824219,81.98999786376953,198779
2026-08-21 17:40:00+00:00,81.93499755859375,81.95500183105469,81.91000366210938,81.95500183105469,326499
2026-08-21 17:45:00+00:00,81.91000366210938,81.94000244140625,81.90499877929688,81.94000244140625,121198
2026-08-21 17:50:00+00:00,81.93499755859375,81.94000244140625,81.90010070800781,81.90010070800781,128043
2026-08-21 17:55:00+00:00,81.94000244140625,81.94999694824219,81.93000030517578,81.94000244140625,310140
2026-08-21 18:00:00+00:00,81.95500183105469,81.97000122070312,81.93409729003906,81.94000244140625,183236
2026-08-21 18:05:00+00:00,81.93499755859375,81.95580291748047,81.91999816894531,81.95580291748047,373118
2026-08-21 18:10:00+00:00,81.95500183105469,81.95500183105469,81.93000030517578,81.94000244140625,454082
2026-08-21 18:15:00+00:00,81.97640228271484,81.9800033569336,81.94999694824219,81.95500183105469,1681159
2026-08-21 18:20:00+00:00,81.98500061035156,81.99500274658203,81.95999908447266,81.9749984741211,334478
2026-08-21 18:25:00+00:00,82.00499725341797,82.00990295410156,81.9800033569336,81.98500061035156,180043
2026-08-21 18:30:00+00:00,81.9749984741211,82.01000213623047,81.9749984741211,82.00800323486328,99317
2026-08-21 18:35:00+00:00,81.9749984741211,81.98999786376953,81.97000122070312,81.9749984741211,121053
2026-08-21 18:40:00+00:00,82.00700378417969,82.00700378417969,81.97000122070312,81.97000122070312,90438
2026-08-21 18:45:00+00:00,81.99500274658203,82.0250015258789,81.98999786376953,82.00499725341797,140939
2026-08-21 18:50:00+00:00,81.97509765625,81.99500274658203,81.97000122070312,81.99500274658203,66750
2026-08-21 18:55:00+00:00,81.9832992553711,82.0,81.97000122070312,81.97679901123047,118866
2026-08-21 19:00:00+00:00,81.99500274658203,82.01499938964844,81.97100067138672,81.98999786376953,203305
2026-08-21 19:05:00+00:00,81.99500274658203,82.01000213623047,81.98999786376953,81.99500274658203,175636
2026-08-21 19:10:00+00:00,82.00499725341797,82.00499725341797,81.9800033569336,81.99030303955078,205073
2026-08-21 19:15:00+00:00,81.99500274658203,82.0000991821289,81.98999786376953,82.0,64884
2026-08-21 19:20:00+00:00,81.98500061035156,82.0,81.9800033569336,81.99500274658203,216483
2026-08-21 19:25:00+00:00,81.98100280761719,82.0,81.9800033569336,81.9800033569336,233210
2026-08-21 19:30:00+00:00,81.96499633789062,81.98999786376953,81.95999908447266,81.98989868164062,399319
2026-08-21 19:35:00+00:00,81.9749984741211,81.98500061035156,81.94999694824219,81.96099853515625,955603
2026-08-21 19:40:00+00:00,81.9531021118164,81.97689819335938,81.94999694824219,81.97000122070312,663795
2026-08-21 19:45:00+00:00,82.00499725341797,82.00769805908203,81.94999694824219,81.95500183105469,673227
2026-08-21 19:50:00+00:00,82.0250015258789,82.04000091552734,82.0,82.00499725341797,1036579
2026-08-21 19:55:00+00:00,82.04000091552734,82.04499816894531,81.9800033569336,82.0250015258789,1285479
2026-08-24 13:30:00+00:00,82.5250015258789,82.53500366210938,82.48999786376953,82.5,2629841
2026-08-24 13:35:00+00:00,82.5,82.54000091552734,82.44999694824219,82.5250015258789,777667
2026-08-24 13:40:00+00:00,82.49500274658203,82.5199966430664,82.48999786376953,82.5,306625
2026-08-24 13:45:00+00:00,82.58000183105469,82.58999633789062,82.49500274658203,82.4999008178711,244386
2026-08-24 13:50:00+00:00,82.58300018310547,82.62999725341797,82.55999755859375,82.58000183105469,357867
2026-08-24 13:55:00+00:00,82.58499908447266,82.58499908447266,82.53500366210938,82.58000183105469,266005
2026-08-24 14:00:00+00:00,82.58000183105469,82.6449966430664,82.55999755859375,82.58499908447266,923969
2026-08-24 14:05:00+00:00,82.58999633789062,82.61000061035156,82.57499694824219,82.58000183105469,160519
2026-08-24 14:10:00+00:00,82.58499908447266,82.5999984741211,82.56500244140625,82.58000183105469,478916
2026-08-24 14:15:00+00:00,82.53500366210938,82.58989715576172,82.5199966430664,82.58989715576172,421620
2026-08-24 14:20:00+00:00,82.54620361328125,82.55999755859375,82.5199966430664,82.53500366210938,173005
2026-08-24 14:25:00+00:00,82.57499694824219,82.57499694824219,82.5250015258789,82.54000091552734,420235
2026-08-24 14:30:00+00:00,82.56340026855469,82.5999984741211,82.56340026855469,82.57499694824219,227258
2026-08-24 14:35:00+00:00,82.58999633789062,82.58999633789062,82.55999755859375,82.56999969482422,79440
2026-08-24 14:40:00+00:00,82.55989837646484,82.58999633789062,82.54000091552734,82.58999633789062,121760
2026-08-24 14:45:00+00:00,82.56999969482422,82.57990264892578,82.54000091552734,82.55999755859375,570573
2026-08-24 14:50:00+00:00,82.6050033569336,82.61000061035156,82.55500030517578,82.55999755859375,171290
2026-08-24 14:55:00+00:00,82.58000183105469,82.63999938964844,82.56999969482422,82.61000061035156,839668
2026-08-24 15:00:00+00:00,82.57499694824219,82.58999633789062,82.54499816894531,82.58000183105469,170760
2026-08-24 15:05:00+00:00,82.56500244140625,82.59500122070312,82.55999755859375,82.57499694824219,256046
2026-08-24 15:10:00+00:00,82.6449966430664,82.6500015258789,82.56999969482422,82.56999969482422,849588
2026-08-24 15:15:00+00:00,82.61109924316406,82.6500015258789,82.5999984741211,82.63999938964844,169861
2026-08-24 15:20:00+00:00,82.63500213623047,82.63899993896484,82.58999633789062,82.61499786376953,103601
2026-08-24 15:25:00+00:00,82.74500274658203,82.75,82.62999725341797,82.63500213623047,582955
2026-08-24 15:30:00+00:00,82.64689636230469,82.74500274658203,82.6449966430664,82.74500274658203,430058
2026-08-24 15:35:00+00:00,82.66999816894531,82.66999816894531,82.63500213623047,82.6500015258789,170109
2026-08-24 15:40:00+00:00,82.63999938964844,82.68000030517578,82.625,82.66889953613281,236569
2026-08-24 15:45:00+00:00,82.66999816894531,82.66999816894531,82.62999725341797,82.63999938964844,160076
2026-08-24 15:50:00+00:00,82.63999938964844,82.68000030517578,82.63999938964844,82.66999816894531,163080
2026-08-24 15:55:00+00:00,82.6050033569336,82.63999938964844,82.58499908447266,82.63999938964844,161946
2026-08-24 16:00:00+00:00,82.83499908447266,82.87999725341797,82.5999984741211,82.6050033569336,1591333
2026-08-24 16:05:00+00:00,82.75499725341797,82.8550033569336,82.74500274658203,82.83999633789062,380569
2026-08-24 16:10:00+00:00,82.75,82.75499725341797,82.69499969482422,82.75499725341797,601826
2026-08-24 16:15:00+00:00,82.74500274658203,82.77999877929688,82.73999786376953,82.75080108642578,379618
2026-08-24 16:20:00+00:00,82.77999877929688,82.78500366210938,82.73500061035156,82.7468032836914,217954
2026-08-24 16:25:00+00:00,82.73500061035156,82.80500030517578,82.7300033569336,82.7699966430664,329751
2026-08-24 16:30:00+00:00,82.75990295410156,82.76000213623047,82.7249984741211,82.73500061035156,277527
2026-08-24 16:35:00+00:00,82.7750015258789,82.79000091552734,82.75370025634766,82.76000213623047,356569
2026-08-24 16:40:00+00:00,82.74500274658203,82.77999877929688,82.73500061035156,82.7699966430664,307355
2026-08-24 16:45:00+00:00,82.7249984741211,82.75,82.72010040283203,82.74500274658203,134441
2026-08-24 16:50:00+00:00,82.72989654541016,82.73999786376953,82.72119903564453,82.7249984741211,52332
2026-08-24 16:55:00+00:00,82.7531967163086,82.75749969482422,82.70770263671875,82.7300033569336,246542
2026-08-24 17:00:00+00:00,82.78500366210938,82.80500030517578,82.75499725341797,82.75499725341797,181919
2026-08-24 17:05:00+00:00,82.79000091552734,82.81009674072266,82.75499725341797,82.78829956054688,459768
2026-08-24 17:10:00+00:00,82.79000091552734,82.81999969482422,82.7249984741211,82.79499816894531,372569
2026-08-24 17:15:00+00:00,82.7667007446289,82.79989624023438,82.73999786376953,82.79000091552734,258296
2026-08-24 17:20:00+00:00,82.61990356445312,82.76000213623047,82.56999969482422,82.76000213623047,996589
2026-08-24 17:25:00+00:00,82.58999633789062,82.6500015258789,82.58999633789062,82.61000061035156,202113
2026-08-24 17:30:00+00:00,82.62999725341797,82.63500213623047,82.58999633789062,82.59870147705078,157291
2026-08-24 17:35:00+00:00,82.62000274658203,82.62999725341797,82.58999633789062,82.625,241227
2026-08-24 17:40:00+00:00,82.62000274658203,82.62999725341797,82.60310363769531,82.62000274658203,118541
2026-08-24 17:45:00+00:00,82.62999725341797,82.62999725341797,82.6050033569336,82.625,258879
2026-08-24 17:50:00+00:00,82.63500213623047,82.63999938964844,82.61499786376953,82.62999725341797,85536
2026-08-24 17:55:00+00:00,82.62999725341797,82.65499877929688,82.62999725341797,82.63500213623047,126951
2026-08-24 18:00:00+00:00,82.6312026977539,82.63999938964844,82.61229705810547,82.62999725341797,143401
2026-08-24 18:05:00+00:00,82.63500213623047,82.6449966430664,82.625,82.62999725341797,67466
2026-08-24 18:10:00+00:00,82.67500305175781,82.68000030517578,82.63500213623047,82.63500213623047,67138
2026-08-24 18:15:00+00:00,82.65499877929688,82.68000030517578,82.6500015258789,82.68000030517578,76039
2026-08-24 18:20:00+00:00,82.63680267333984,82.6500015258789,82.625,82.6500015258789,53082
2026-08-24 18:25:00+00:00,82.62999725341797,82.6449966430664,82.62000274658203,82.63670349121094,120267
2026-08-24 18:30:00+00:00,82.61499786376953,82.63999938964844,82.61000061035156,82.63999938964844,91102
2026-08-24 18:35:00+00:00,82.62879943847656,82.62999725341797,82.61000061035156,82.61949920654297,40163
2026-08-24 18:40:00+00:00,82.63500213623047,82.6500015258789,82.625,82.62999725341797,89691
2026-08-24 18:45:00+00:00,82.63500213623047,82.6449966430664,82.63009643554688,82.63500213623047,34275
2026-08-24 18:50:00+00:00,82.6449966430664,82.66000366210938,82.63500213623047,82.63500213623047,136183
2026-08-24 18:55:00+00:00,82.59500122070312,82.66000366210938,82.58999633789062,82.6449966430664,134542
2026-08-24 19:00:00+00:00,82.66500091552734,82.66999816894531,82.59500122070312,82.59500122070312,265890
2026-08-24 19:05:00+00:00,82.61000061035156,82.67500305175781,82.61000061035156,82.66999816894531,74653
2026-08-24 19:10:00+00:00,82.61499786376953,82.62000274658203,82.60009765625,82.61799621582031,68078
2026-08-24 19:15:00+00:00,82.58999633789062,82.62000274658203,82.58999633789062,82.61000061035156,79204
2026-08-24 19:20:00+00:00,82.58499908447266,82.59500122070312,82.5822982788086,82.58999633789062,88719
2026-08-24 19:25:00+00:00,82.59500122070312,82.5999984741211,82.58000183105469,82.58999633789062,73873
2026-08-24 19:30:00+00:00,82.56999969482422,82.61000061035156,82.56009674072266,82.59500122070312,186151
2026-08-24 19:35:00+00:00,82.57499694824219,82.58000183105469,82.55500030517578,82.56999969482422,187343
2026-08-24 19:40:00+00:00,82.57499694824219,82.5999984741211,82.57369995117188,82.58000183105469,87243
2026-08-24 19:45:00+00:00,82.59989929199219,82.62000274658203,82.57499694824219,82.57499694824219,309981
2026-08-24 19:50:00+00:00,82.58999633789062,82.62000274658203,82.58999633789062,82.59989929199219,541173
2026-08-24 19:55:00+00:00,82.56500244140625,82.5999984741211,82.52999877929688,82.59500122070312,1688908
2026-08-25 13:30:00+00:00,83.05999755859375,83.12000274658203,83.05999755859375,83.11000061035156,1971172
2026-08-25 13:35:00+00:00,83.08000183105469,83.0999984741211,83.0199966430664,83.05999755859375,319987
2026-08-25 13:40:00+00:00,83.03500366210938,83.08499908447266,83.0199966430664,83.08499908447266,447106
2026-08-25 13:45:00+00:00,83.05509948730469,83.05999755859375,83.0199966430664,83.03500366210938,368895
2026-08-25 13:50:00+00:00,83.04499816894531,83.08000183105469,83.0199966430664,83.05500030517578,359507
2026-08-25 13:55:00+00:00,83.02999877929688,83.05509948730469,83.01000213623047,83.05000305175781,426275
2026-08-25 14:00:00+00:00,83.02999877929688,83.08999633789062,83.00499725341797,83.04499816894531,397601
2026-08-25 14:05:00+00:00,83.04499816894531,83.05500030517578,83.01010131835938,83.0250015258789,317849
2026-08-25 14:10:00+00:00,83.0250015258789,83.06999969482422,83.0199966430664,83.04499816894531,267597
2026-08-25 14:15:00+00:00,83.08999633789062,83.09500122070312,83.0199966430664,83.02999877929688,523134
2026-08-25 14:20:00+00:00,83.09629821777344,83.11499786376953,83.06999969482422,83.09500122070312,293051
2026-08-25 14:25:00+00:00,83.07499694824219,83.12999725341797,83.07499694824219,83.09500122070312,325765
2026-08-25 14:30:00+00:00,83.1449966430664,83.1500015258789,82.97000122070312,83.07499694824219,734870
2026-08-25 14:35:00+00:00,83.15499877929688,83.17500305175781,83.1449966430664,83.15989685058594,406643
2026-08-25 14:40:00+00:00,83.18000030517578,83.19000244140625,83.14009857177734,83.16000366210938,261209
2026-08-25 14:45:00+00:00,83.18000030517578,83.23999786376953,83.18000030517578,83.18499755859375,283525
2026-08-25 14:50:00+00:00,83.20690155029297,83.20690155029297,83.14129638671875,83.18499755859375,390606
2026-08-25 14:55:00+00:00,83.20500183105469,83.23500061035156,83.19999694824219,83.20500183105469,134099
2026-08-25 15:00:00+00:00,83.17500305175781,83.22000122070312,83.16500091552734,83.20999908447266,152661
2026-08-25 15:05:00+00:00,83.16000366210938,83.18000030517578,83.15499877929688,83.17500305175781,105000
2026-08-25 15:10:00+00:00,83.19499969482422,83.19499969482422,83.16000366210938,83.16899871826172,181670
2026-08-25 15:15:00+00:00,83.23999786376953,83.23999786376953,83.19000244140625,83.19499969482422,169124
2026-08-25 15:20:00+00:00,83.25499725341797,83.26000213623047,83.2300033569336,83.2300033569336,168015
2026-08-25 15:25:00+00:00,83.25,83.2750015258789,83.2300033569336,83.2509994506836,287690
2026-08-25 15:30:00+00:00,83.37000274658203,83.37049865722656,83.24500274658203,83.2499008178711,586119
2026-08-25 15:35:00+00:00,83.3550033569336,83.4000015258789,83.33899688720703,83.36000061035156,578241
2026-08-25 15:40:00+00:00,83.35050201416016,83.38500213623047,83.3499984741211,83.3499984741211,203375
2026-08-25 15:45:00+00:00,83.34500122070312,83.38999938964844,83.33000183105469,83.3499984741211,394837
2026-08-25 15:50:00+00:00,83.2750015258789,83.3550033569336,83.2750015258789,83.34500122070312,218105
2026-08-25 15:55:00+00:00,83.28500366210938,83.30500030517578,83.27349853515625,83.2750015258789,202202
2026-08-25 16:00:00+00:00,83.27010345458984,83.29000091552734,83.26129913330078,83.28130340576172,102089
2026-08-25 16:05:00+00:00,83.29499816894531,83.29989624023438,83.2699966430664,83.27149963378906,102815
2026-08-25 16:10:00+00:00,83.31500244140625,83.31999969482422,83.2750015258789,83.29049682617188,167513
2026-08-25 16:15:00+00:00,83.29499816894531,83.31999969482422,83.28500366210938,83.31500244140625,132780
2026-08-25 16:20:00+00:00,83.29499816894531,83.29499816894531,83.27010345458984,83.29499816894531,339234
2026-08-25 16:25:00+00:00,83.30000305175781,83.31999969482422,83.29000091552734,83.29000091552734,402067
2026-08-25 16:30:00+00:00,83.32990264892578,83.33000183105469,83.29000091552734,83.30500030517578,483193
2026-08-25 16:35:00+00:00,83.30500030517578,83.33000183105469,83.30000305175781,83.33000183105469,171762
2026-08-25 16:40:00+00:00,83.31009674072266,83.31159973144531,83.28500366210938,83.3031005859375,112302
2026-08-25 16:45:00+00:00,83.31999969482422,83.33000183105469,83.30000305175781,83.31500244140625,129385
2026-08-25 16:50:00+00:00,83.31500244140625,83.32990264892578,83.30000305175781,83.32990264892578,122213
2026-08-25 16:55:00+00:00,83.33000183105469,83.33999633789062,83.30000305175781,83.31500244140625,165205
2026-08-25 17:00:00+00:00,83.34500122070312,83.3499984741211,83.30999755859375,83.33000183105469,135029
2026-08-25 17:05:00+00:00,83.30999755859375,83.34989929199219,83.30999755859375,83.34500122070312,144216
2026-08-25 17:10:00+00:00,83.30000305175781,83.32499694824219,83.30000305175781,83.31500244140625,114981
2026-08-25 17:15:00+00:00,83.29499816894531,83.30999755859375,83.27999877929688,83.30000305175781,180280
2026-08-25 17:20:00+00:00,83.26000213623047,83.30000305175781,83.25499725341797,83.29499816894531,540862
2026-08-25 17:25:00+00:00,83.30500030517578,83.30500030517578,83.25,83.26000213623047,381446
2026-08-25 17:30:00+00:00,83.30999755859375,83.33049774169922,83.30000305175781,83.30500030517578,264552
2026-08-25 17:35:00+00:00,83.31999969482422,83.33000183105469,83.30999755859375,83.31999969482422,66824
2026-08-25 17:40:00+00:00,83.30000305175781,83.33000183105469,83.30000305175781,83.32499694824219,178087
2026-08-25 17:45:00+00:00,83.29000091552734,83.30999755859375,83.29000091552734,83.30500030517578,88783
2026-08-25 17:50:00+00:00,83.29000091552734,83.30599975585938,83.27999877929688,83.30500030517578,559188
2026-08-25 17:55:00+00:00,83.31500244140625,83.31500244140625,83.29000091552734,83.30000305175781,100999
2026-08-25 18:00:00+00:00,83.30000305175781,83.31999969482422,83.27999877929688,83.31500244140625,131250
2026-08-25 18:05:00+00:00,83.28500366210938,83.30999755859375,83.27999877929688,83.30130004882812,67921
2026-08-25 18:10:00+00:00,83.30000305175781,83.31500244140625,82.55999755859375,83.28500366210938,80024
2026-08-25 18:15:00+00:00,83.27999877929688,83.30500030517578,83.2699966430664,83.30000305175781,150013
2026-08-25 18:20:00+00:00,83.2750015258789,83.29000091552734,83.2699966430664,83.27999877929688,99829
2026-08-25 18:25:00+00:00,83.2750015258789,83.28500366210938,83.2699966430664,83.2750015258789,89292
2026-08-25 18:30:00+00:00,83.2750015258789,83.29499816894531,83.2699966430664,83.2750015258789,237326
2026-08-25 18:35:00+00:00,83.2750015258789,83.29000091552734,83.2699966430664,83.27639770507812,146530
2026-08-25 18:40:00+00:00,83.2750015258789,83.27660369873047,83.26000213623047,83.27100372314453,123172
2026-08-25 18:45:00+00:00,83.28500366210938,83.29000091552734,83.2699966430664,83.2750015258789,69674
2026-08-25 18:50:00+00:00,83.30500030517578,83.30999755859375,83.27999877929688,83.27999877929688,100188
2026-08-25 18:55:00+00:00,83.31500244140625,83.31500244140625,83.29000091552734,83.30000305175781,205047
2026-08-25 19:00:00+00:00,83.30000305175781,83.33499908447266,83.27999877929688,83.30999755859375,268484
2026-08-25 19:05:00+00:00,83.31999969482422,83.32499694824219,83.29000091552734,83.29499816894531,92284
2026-08-25 19:10:00+00:00,83.3550033569336,83.36000061035156,83.31999969482422,83.33000183105469,190987
2026-08-25 19:15:00+00:00,83.37770080566406,83.4000015258789,83.33999633789062,83.36000061035156,590475
2026-08-25 19:20:00+00:00,83.34500122070312,83.3865966796875,83.33000183105469,83.375,455765
2026-08-25 19:25:00+00:00,83.3550033569336,83.36000061035156,83.33000183105469,83.34649658203125,92609
2026-08-25 19:30:00+00:00,83.34500122070312,83.36000061035156,83.33999633789062,83.3550033569336,122018
2026-08-25 19:35:00+00:00,83.3499984741211,83.36000061035156,83.33999633789062,83.33999633789062,179930
2026-08-25 19:40:00+00:00,83.35990142822266,83.36990356445312,83.33999633789062,83.3550033569336,309620
2026-08-25 19:45:00+00:00,83.36499786376953,83.37799835205078,83.33000183105469,83.3550033569336,511182
2026-08-25 19:50:00+00:00,83.46399688720703,83.47989654541016,83.36000061035156,83.36499786376953,7187007
2026-08-25 19:55:00+00:00,83.46499633789062,83.4800033569336,83.43000030517578,83.47000122070312,2332221
2026-08-26 13:30:00+00:00,83.2249984741211,83.30000305175781,83.22000122070312,83.2750015258789,1698119
2026-08-26 13:35:00+00:00,83.23139953613281,83.2499008178711,83.2042007446289,83.2249984741211,210190
2026-08-26 13:40:00+00:00,83.20999908447266,83.24649810791016,83.19999694824219,83.23200225830078,229376
2026-08-26 13:45:00+00:00,83.16000366210938,83.21839904785156,83.1500015258789,83.20500183105469,401071
2026-08-26 13:50:00+00:00,83.18000030517578,83.18000030517578,83.11000061035156,83.16000366210938,415552
2026-08-26 13:55:00+00:00,83.16999816894531,83.19000244140625,83.16000366210938,83.18000030517578,203626
2026-08-26 14:00:00+00:00,83.14009857177734,83.18199920654297,83.13999938964844,83.16999816894531,149745
2026-08-26 14:05:00+00:00,83.17990112304688,83.17990112304688,83.125,83.1449966430664,121490
2026-08-26 14:10:00+00:00,83.16500091552734,83.19999694824219,83.1500015258789,83.17500305175781,234967
2026-08-26 14:15:00+00:00,83.125,83.17500305175781,83.11000061035156,83.1688003540039,302868
2026-08-26 14:20:00+00:00,83.12999725341797,83.13200378417969,83.11000061035156,83.125,158135
2026-08-26 14:25:00+00:00,83.15499877929688,83.16500091552734,83.12999725341797,83.12999725341797,81924
2026-08-26 14:30:00+00:00,83.17500305175781,83.18000030517578,83.12010192871094,83.15499877929688,163637
2026-08-26 14:35:00+00:00,83.22000122070312,83.2249984741211,83.16000366210938,83.16999816894531,194286
2026-08-26 14:40:00+00:00,83.21499633789062,83.23989868164062,83.20999908447266,83.22000122070312,270899
2026-08-26 14:45:00+00:00,83.17769622802734,83.22000122070312,83.15499877929688,83.22000122070312,115290
2026-08-26 14:50:00+00:00,83.22000122070312,83.2300033569336,83.18000030517578,83.18000030517578,278895
2026-08-26 14:55:00+00:00,83.23500061035156,83.25,83.20999908447266,83.2249984741211,354189
2026-08-26 15:00:00+00:00,83.25499725341797,83.26000213623047,83.2249984741211,83.23500061035156,130814
2026-08-26 15:05:00+00:00,83.2699966430664,83.27999877929688,83.25,83.26000213623047,1691693
2026-08-26 15:10:00+00:00,83.2300033569336,83.27999877929688,83.2300033569336,83.2699966430664,89056
2026-08-26 15:15:00+00:00,83.25499725341797,83.25700378417969,83.21499633789062,83.23500061035156,157179
2026-08-26 15:20:00+00:00,83.24500274658203,83.2750015258789,83.2322998046875,83.25499725341797,207805
2026-08-26 15:25:00+00:00,83.22000122070312,83.23999786376953,83.21499633789062,83.23999786376953,23920
2026-08-26 15:30:00+00:00,83.19499969482422,83.22000122070312,83.19499969482422,83.21499633789062,131379
2026-08-26 15:35:00+00:00,83.20999908447266,83.2249984741211,83.16999816894531,83.19999694824219,1398743
2026-08-26 15:40:00+00:00,83.23500061035156,83.24500274658203,83.20999908447266,83.21499633789062,173601
2026-08-26 15:45:00+00:00,83.22000122070312,83.2300033569336,83.19000244140625,83.2300033569336,103167
2026-08-26 15:50:00+00:00,83.15499877929688,83.2300033569336,83.13130187988281,83.22000122070312,356974
2026-08-26 15:55:00+00:00,83.14990234375,83.18000030517578,83.13999938964844,83.15989685058594,199416
2026-08-26 16:00:00+00:00,83.13500213623047,83.17630004882812,83.11810302734375,83.1500015258789,127785
2026-08-26 16:05:00+00:00,83.07990264892578,83.13500213623047,83.07990264892578,83.12999725341797,169261
2026-08-26 16:10:00+00:00,83.12999725341797,83.12999725341797,83.08000183105469,83.08000183105469,89449
2026-08-26 16:15:00+00:00,83.09500122070312,83.13999938964844,83.08999633789062,83.125,102870
2026-08-26 16:20:00+00:00,83.09500122070312,83.10800170898438,83.07499694824219,83.08999633789062,263985
2026-08-26 16:25:00+00:00,83.08999633789062,83.1050033569336,83.0801010131836,83.0999984741211,126802
2026-08-26 16:30:00+00:00,83.09500122070312,83.09500122070312,83.06999969482422,83.08000183105469,280326
2026-08-26 16:35:00+00:00,83.12000274658203,83.1500015258789,83.08999633789062,83.08999633789062,281866
2026-08-26 16:40:00+00:00,83.13500213623047,83.13999938964844,83.11000061035156,83.11499786376953,135932
2026-08-26 16:45:00+00:00,83.19999694824219,83.19999694824219,83.13999938964844,83.13999938964844,172281
2026-08-26 16:50:00+00:00,83.1500015258789,83.21949768066406,83.1500015258789,83.19999694824219,68558
2026-08-26 16:55:00+00:00,83.0999984741211,83.1500015258789,83.0999984741211,83.1449966430664,119974
2026-08-26 17:00:00+00:00,83.189697265625,83.189697265625,83.0999984741211,83.1050033569336,161545
2026-08-26 17:05:00+00:00,83.19000244140625,83.19499969482422,83.15499877929688,83.19000244140625,169489
2026-08-26 17:10:00+00:00,83.19000244140625,83.20500183105469,83.17500305175781,83.18499755859375,118451
2026-08-26 17:15:00+00:00,83.17510223388672,83.22000122070312,83.17500305175781,83.18499755859375,76910
2026-08-26 17:20:00+00:00,83.19999694824219,83.19999694824219,83.17500305175781,83.17500305175781,48639
2026-08-26 17:25:00+00:00,83.18769836425781,83.19999694824219,83.18000030517578,83.19000244140625,91371
2026-08-26 17:30:00+00:00,83.19000244140625,83.19000244140625,83.16500091552734,83.18499755859375,146159
2026-08-26 17:35:00+00:00,83.18000030517578,83.19999694824219,83.17890167236328,83.19000244140625,252450
2026-08-26 17:40:00+00:00,83.16500091552734,83.18000030517578,83.15499877929688,83.1791000366211,36069
2026-08-26 17:45:00+00:00,83.13500213623047,83.16999816894531,83.13500213623047,83.16500091552734,158803
2026-08-26 17:50:00+00:00,83.12899780273438,83.14990234375,83.12000274658203,83.13999938964844,79512
2026-08-26 17:55:00+00:00,83.15010070800781,83.15499877929688,83.12329864501953,83.12329864501953,161417
2026-08-26 18:00:00+00:00,83.1698989868164,83.16999816894531,83.13999938964844,83.16000366210938,226299
2026-08-26 18:05:00+00:00,83.1449966430664,83.17500305175781,83.12010192871094,83.16999816894531,105310
2026-08-26 18:10:00+00:00,83.11540222167969,83.1449966430664,83.11000061035156,83.1449966430664,72629
2026-08-26 18:15:00+00:00,83.12999725341797,83.12999725341797,83.0999984741211,83.11000061035156,130771
2026-08-26 18:20:00+00:00,83.12310028076172,83.135498046875,83.12030029296875,83.13500213623047,109501
2026-08-26 18:25:00+00:00,83.12999725341797,83.13999938964844,83.125,83.12909698486328,49378
2026-08-26 18:30:00+00:00,83.12000274658203,83.13710021972656,83.11009979248047,83.12999725341797,69308
2026-08-26 18:35:00+00:00,83.11499786376953,83.12650299072266,83.09500122070312,83.12000274658203,174648
2026-08-26 18:40:00+00:00,83.12999725341797,83.13990020751953,83.11499786376953,83.11730194091797,76677
2026-08-26 18:45:00+00:00,83.13500213623047,83.15499877929688,83.12999725341797,83.13500213623047,57220
2026-08-26 18:50:00+00:00,83.15499877929688,83.15660095214844,83.11000061035156,83.12999725341797,374931
2026-08-26 18:55:00+00:00,83.17500305175781,83.18609619140625,83.15499877929688,83.16000366210938,205437
2026-08-26 19:00:00+00:00,83.2249984741211,83.2300033569336,83.17500305175781,83.17500305175781,617568
2026-08-26 19:05:00+00:00,83.19000244140625,83.2300033569336,83.18000030517578,83.2300033569336,139263
2026-08-26 19:10:00+00:00,83.16999816894531,83.19000244140625,83.16999816894531,83.18499755859375,134208
2026-08-26 19:15:00+00:00,83.17500305175781,83.19000244140625,83.16500091552734,83.17500305175781,72740
2026-08-26 19:20:00+00:00,83.18009948730469,83.19989776611328,83.16999816894531,83.17990112304688,99294
2026-08-26 19:25:00+00:00,83.19499969482422,83.20999908447266,83.18000030517578,83.18499755859375,47606
2026-08-26 19:30:00+00:00,83.2249984741211,83.2249984741211,83.19010162353516,83.19499969482422,168972
2026-08-26 19:35:00+00:00,83.2249984741211,83.23999786376953,83.22000122070312,83.2249984741211,132442
2026-08-26 19:40:00+00:00,83.23999786376953,83.23999786376953,83.20999908447266,83.2300033569336,125388
2026-08-26 19:45:00+00:00,83.24500274658203,83.25,83.23200225830078,83.23500061035156,111746
2026-08-26 19:50:00+00:00,83.2249984741211,83.25,83.21499633789062,83.25,476382
2026-08-26 19:55:00+00:00,83.29000091552734,83.29000091552734,83.20999908447266,83.22000122070312,941547
2026-08-27 13:30:00+00:00,83.16999816894531,83.20999908447266,83.1449966430664,83.19000244140625,611435
2026-08-27 13:35:00+00:00,83.21900177001953,83.2300033569336,83.16899871826172,83.16899871826172,208077
2026-08-27 13:40:00+00:00,83.20030212402344,83.22000122070312,83.16999816894531,83.21499633789062,176912
2026-08-27 13:45:00+00:00,83.20999908447266,83.22000122070312,83.16000366210938,83.20500183105469,199146
2026-08-27 13:50:00+00:00,83.2249984741211,83.25499725341797,83.18499755859375,83.20610046386719,233144
2026-08-27 13:55:00+00:00,83.19989776611328,83.24500274658203,83.18000030517578,83.22000122070312,276924
2026-08-27 14:00:00+00:00,83.21829986572266,83.2300033569336,83.18499755859375,83.19999694824219,115672
2026-08-27 14:05:00+00:00,83.16570281982422,83.22000122070312,83.16500091552734,83.21009826660156,143608
2026-08-27 14:10:00+00:00,83.14700317382812,83.18990325927734,83.13999938964844,83.16590118408203,145308
2026-08-27 14:15:00+00:00,83.1449966430664,83.17500305175781,83.13009643554688,83.13999938964844,91919
2026-08-27 14:20:00+00:00,83.125,83.1500015258789,83.12000274658203,83.1500015258789,149624
2026-08-27 14:25:00+00:00,83.12950134277344,83.13999938964844,83.11009979248047,83.12000274658203,249949
2026-08-27 14:30:00+00:00,83.17669677734375,83.17669677734375,83.125,83.12999725341797,165736
2026-08-27 14:35:00+00:00,83.16000366210938,83.19000244140625,83.1449966430664,83.18000030517578,291948
2026-08-27 14:40:00+00:00,83.18000030517578,83.19499969482422,83.16419982910156,83.16999816894531,110481
2026-08-27 14:45:00+00:00,83.23500061035156,83.23650360107422,83.17500305175781,83.17500305175781,175079
2026-08-27 14:50:00+00:00,83.29499816894531,83.3499984741211,83.23500061035156,83.23500061035156,430949
2026-08-27 14:55:00+00:00,83.30000305175781,83.3301010131836,83.29499816894531,83.29499816894531,208592
2026-08-27 15:00:00+00:00,83.28990173339844,83.30000305175781,83.26000213623047,83.30000305175781,87744
2026-08-27 15:05:00+00:00,83.28350067138672,83.30500030517578,83.25,83.29000091552734,152448
2026-08-27 15:10:00+00:00,83.25,83.28579711914062,83.24230194091797,83.28340148925781,83232
2026-08-27 15:15:00+00:00,83.26000213623047,83.27999877929688,83.24230194091797,83.25,79451
2026-08-27 15:20:00+00:00,83.26000213623047,83.26499938964844,83.2300033569336,83.25,80223
2026-08-27 15:25:00+00:00,83.26499938964844,83.2699966430664,83.2300033569336,83.26000213623047,64842
2026-08-27 15:30:00+00:00,83.2249984741211,83.26000213623047,83.21009826660156,83.26000213623047,91044
2026-08-27 15:35:00+00:00,83.24189758300781,83.25,83.20099639892578,83.2219009399414,87564
2026-08-27 15:40:00+00:00,83.25499725341797,83.26499938964844,83.2301025390625,83.23999786376953,114807
2026-08-27 15:45:00+00:00,83.25499725341797,83.2699966430664,83.24500274658203,83.26000213623047,74828
2026-08-27 15:50:00+00:00,83.2699966430664,83.2750015258789,83.25450134277344,83.25499725341797,61707
2026-08-27 15:55:00+00:00,83.2300033569336,83.2699966430664,83.22229766845703,83.2699966430664,77633
2026-08-27 16:00:00+00:00,83.21499633789062,83.2300033569336,83.19999694824219,83.2300033569336,296559
2026-08-27 16:05:00+00:00,83.17990112304688,83.20999908447266,83.16999816894531,83.20999908447266,82020
2026-08-27 16:10:00+00:00,83.19499969482422,83.20500183105469,83.16429901123047,83.16999816894531,82706
2026-08-27 16:15:00+00:00,83.19499969482422,83.19999694824219,83.18930053710938,83.19999694824219,132509
2026-08-27 16:20:00+00:00,83.20010375976562,83.22000122070312,83.19200134277344,83.19999694824219,108014
2026-08-27 16:25:00+00:00,83.2301025390625,83.23500061035156,83.19999694824219,83.20500183105469,56253
2026-08-27 16:30:00+00:00,83.2249984741211,83.23500061035156,83.21240234375,83.23500061035156,40384
2026-08-27 16:35:00+00:00,83.2249984741211,83.23500061035156,83.21499633789062,83.2249984741211,59792
2026-08-27 16:40:00+00:00,83.18499755859375,83.2300033569336,83.18499755859375,83.2249984741211,60507
2026-08-27 16:45:00+00:00,83.1449966430664,83.18499755859375,83.13999938964844,83.18499755859375,195129
2026-08-27 16:50:00+00:00,83.1500015258789,83.17500305175781,83.1500015258789,83.1500015258789,45761
2026-08-27 16:55:00+00:00,83.1531982421875,83.16000366210938,83.1449966430664,83.1500015258789,67507
2026-08-27 17:00:00+00:00,83.18000030517578,83.18000030517578,83.13999938964844,83.15010070800781,83286
2026-08-27 17:05:00+00:00,83.1802978515625,83.18499755859375,83.15989685058594,83.18000030517578,82633
2026-08-27 17:10:00+00:00,83.17500305175781,83.19999694824219,83.16000366210938,83.18000030517578,43478
2026-08-27 17:15:00+00:00,83.20999908447266,83.20999908447266,83.18000030517578,83.18000030517578,46485
2026-08-27 17:20:00+00:00,83.20010375976562,83.21499633789062,83.19499969482422,83.20929718017578,31309
2026-08-27 17:25:00+00:00,83.23500061035156,83.23500061035156,83.19999694824219,83.20680236816406,100843
2026-08-27 17:30:00+00:00,83.26000213623047,83.26950073242188,83.2249984741211,83.2300033569336,90705
2026-08-27 17:35:00+00:00,83.2249984741211,83.25540161132812,83.22010040283203,83.25540161132812,43124
2026-08-27 17:40:00+00:00,83.21499633789062,83.24649810791016,83.21499633789062,83.2249984741211,274561
2026-08-27 17:45:00+00:00,83.21499633789062,83.22810363769531,83.16999816894531,83.20999908447266,131151
2026-08-27 17:50:00+00:00,83.16609954833984,83.20999908447266,83.16000366210938,83.20999908447266,237079
2026-08-27 17:55:00+00:00,83.08999633789062,83.1677017211914,83.08499908447266,83.16000366210938,428404
2026-08-27 18:00:00+00:00,83.00499725341797,83.09989929199219,83.0,83.08999633789062,1083486
2026-08-27 18:05:00+00:00,83.02999877929688,83.0553970336914,83.00499725341797,83.00499725341797,717226
2026-08-27 18:10:00+00:00,83.05000305175781,83.05999755859375,83.0,83.03500366210938,194443
2026-08-27 18:15:00+00:00,83.07499694824219,83.08999633789062,83.05000305175781,83.05000305175781,108920
2026-08-27 18:20:00+00:00,83.06649780273438,83.08499908447266,83.05000305175781,83.08000183105469,148932
2026-08-27 18:25:00+00:00,83.07499694824219,83.1050033569336,83.06230163574219,83.06500244140625,111361
2026-08-27 18:30:00+00:00,83.08499908447266,83.0969009399414,83.06999969482422,83.08000183105469,105709
2026-08-27 18:35:00+00:00,83.05999755859375,83.08499908447266,83.05999755859375,83.08499908447266,56589
2026-08-27 18:40:00+00:00,83.08499908447266,83.08999633789062,83.05999755859375,83.06999969482422,68712
2026-08-27 18:45:00+00:00,83.11499786376953,83.11499786376953,83.07009887695312,83.08989715576172,166490
2026-08-27 18:50:00+00:00,83.08999633789062,83.11499786376953,83.08000183105469,83.11000061035156,215740
2026-08-27 18:55:00+00:00,83.1095962524414,83.12000274658203,83.07499694824219,83.08999633789062,72346
2026-08-27 19:00:00+00:00,83.11990356445312,83.12999725341797,83.08999633789062,83.1050033569336,106558
2026-08-27 19:05:00+00:00,83.13009643554688,83.1449966430664,83.11499786376953,83.12000274658203,81371
2026-08-27 19:10:00+00:00,83.13500213623047,83.13999938964844,83.11299896240234,83.12000274658203,59516
2026-08-27 19:15:00+00:00,83.13999938964844,83.13999938964844,83.1240005493164,83.12999725341797,78191
2026-08-27 19:20:00+00:00,83.125,83.1449966430664,83.125,83.1449966430664,111210
2026-08-27 19:25:00+00:00,83.0999984741211,83.12999725341797,83.08999633789062,83.12999725341797,81277
2026-08-27 19:30:00+00:00,83.06999969482422,83.11000061035156,83.05000305175781,83.09500122070312,241377
2026-08-27 19:35:00+00:00,83.08999633789062,83.0999984741211,83.05999755859375,83.06500244140625,374779
2026-08-27 19:40:00+00:00,83.08999633789062,83.0999984741211,83.05999755859375,83.09500122070312,463322
2026-08-27 19:45:00+00:00,83.125,83.12999725341797,83.08499908447266,83.08499908447266,904872
2026-08-27 19:50:00+00:00,83.0999984741211,83.15499877929688,83.09500122070312,83.125,725531
2026-08-27 19:55:00+00:00,83.12999725341797,83.1500015258789,83.08999633789062,83.09500122070312,1356809
2026-08-28 13:30:00+00:00,83.04000091552734,83.05000305175781,83.0,83.05000305175781,1228174
2026-08-28 13:35:00+00:00,83.04000091552734,83.05000305175781,83.02999877929688,83.04000091552734,115580
2026-08-28 13:40:00+00:00,83.0186996459961,83.04499816894531,83.00499725341797,83.03500366210938,197279
2026-08-28 13:45:00+00:00,83.04219818115234,83.06770324707031,83.00499725341797,83.01000213623047,157515
2026-08-28 13:50:00+00:00,83.12999725341797,83.12999725341797,83.0427017211914,83.05000305175781,99340
2026-08-28 13:55:00+00:00,83.25,83.28500366210938,83.11499786376953,83.11499786376953,670136
2026-08-28 14:00:00+00:00,83.2249984741211,83.41999816894531,83.1500015258789,83.23999786376953,2650083
2026-08-28 14:05:00+00:00,83.16999816894531,83.23999786376953,83.11499786376953,83.2300033569336,1201939
2026-08-28 14:10:00+00:00,83.22000122070312,83.2249984741211,83.13500213623047,83.16500091552734,443555
2026-08-28 14:15:00+00:00,83.30500030517578,83.3949966430664,83.19999694824219,83.22000122070312,1514853
2026-08-28 14:20:00+00:00,83.26499938964844,83.3949966430664,83.26000213623047,83.30999755859375,731323
2026-08-28 14:25:00+00:00,83.29309844970703,83.30500030517578,83.22000122070312,83.26499938964844,376029
2026-08-28 14:30:00+00:00,83.27950286865234,83.31500244140625,83.2300033569336,83.30000305175781,967562
2026-08-28 14:35:00+00:00,83.39129638671875,83.43000030517578,83.27999877929688,83.27999877929688,529501
2026-08-28 14:40:00+00:00,83.54499816894531,83.58499908447266,83.38500213623047,83.3949966430664,1039312
2026-08-28 14:45:00+00:00,83.55000305175781,83.59870147705078,83.49500274658203,83.55000305175781,976947
2026-08-28 14:50:00+00:00,83.48500061035156,83.55000305175781,83.4198989868164,83.55000305175781,528385
2026-08-28 14:55:00+00:00,83.50499725341797,83.54000091552734,83.46499633789062,83.48500061035156,470834
2026-08-28 15:00:00+00:00,83.31999969482422,83.5250015258789,83.31999969482422,83.51000213623047,468882
2026-08-28 15:05:00+00:00,83.2300033569336,83.34500122070312,83.2249984741211,83.31680297851562,358618
2026-08-28 15:10:00+00:00,83.18000030517578,83.2699966430664,83.17500305175781,83.25499725341797,559925
2026-08-28 15:15:00+00:00,83.26000213623047,83.26950073242188,83.17009735107422,83.17009735107422,358371
2026-08-28 15:20:00+00:00,83.2750015258789,83.32029724121094,83.26499938964844,83.2699966430664,430530
2026-08-28 15:25:00+00:00,83.21499633789062,83.2699966430664,83.19309997558594,83.2699966430664,246849
2026-08-28 15:30:00+00:00,83.2300033569336,83.25,83.19000244140625,83.21040344238281,395607
2026-08-28 15:35:00+00:00,83.19000244140625,83.23770141601562,83.16999816894531,83.2249984741211,190483
2026-08-28 15:40:00+00:00,83.08499908447266,83.19000244140625,83.06500244140625,83.19000244140625,376753
2026-08-28 15:45:00+00:00,83.1050033569336,83.16000366210938,83.0531005859375,83.08000183105469,406211
2026-08-28 15:50:00+00:00,83.13999938964844,83.1500015258789,83.0999984741211,83.1050033569336,446050
2026-08-28 15:55:00+00:00,83.12999725341797,83.1500015258789,83.08499908447266,83.1449966430664,187877
2026-08-28 16:00:00+00:00,83.07499694824219,83.15499877929688,83.07499694824219,83.13200378417969,463101
2026-08-28 16:05:00+00:00,83.05010223388672,83.08000183105469,83.05010223388672,83.07360076904297,151124
2026-08-28 16:10:00+00:00,83.07360076904297,83.08509826660156,83.01000213623047,83.05879974365234,254178
2026-08-28 16:15:00+00:00,82.91500091552734,83.06999969482422,82.88500213623047,83.06999969482422,625670
2026-08-28 16:20:00+00:00,82.85320281982422,82.91500091552734,82.83999633789062,82.91000366210938,531035
2026-08-28 16:25:00+00:00,82.88020324707031,82.88999938964844,82.84500122070312,82.8550033569336,245302
2026-08-28 16:30:00+00:00,82.87999725341797,82.92500305175781,82.875,82.88500213623047,155574
2026-08-28 16:35:00+00:00,82.99500274658203,83.0,82.875,82.87999725341797,341100
2026-08-28 16:40:00+00:00,82.92500305175781,82.98500061035156,82.92500305175781,82.9800033569336,107084
2026-08-28 16:45:00+00:00,82.92500305175781,82.95999908447266,82.91999816894531,82.93000030517578,250501
2026-08-28 16:50:00+00:00,82.92500305175781,82.95500183105469,82.9000015258789,82.91999816894531,415872
2026-08-28 16:55:00+00:00,82.9000015258789,82.93000030517578,82.88999938964844,82.92500305175781,171668
2026-08-28 17:00:00+00:00,82.89830017089844,82.91999816894531,82.87999725341797,82.8988037109375,122686
2026-08-28 17:05:00+00:00,82.88500213623047,82.91500091552734,82.87300109863281,82.8949966430664,92693
2026-08-28 17:10:00+00:00,82.93679809570312,82.93679809570312,82.87000274658203,82.88500213623047,98479
2026-08-28 17:15:00+00:00,82.90650177001953,82.95500183105469,82.8949966430664,82.94999694824219,129157
2026-08-28 17:20:00+00:00,82.90499877929688,82.91000366210938,82.88999938964844,82.90499877929688,42549
2026-08-28 17:25:00+00:00,82.89630126953125,82.91500091552734,82.88999938964844,82.8949966430664,39482
2026-08-28 17:30:00+00:00,82.92500305175781,82.93000030517578,82.87000274658203,82.88999938964844,177057
2026-08-28 17:35:00+00:00,82.92500305175781,82.93499755859375,82.9000015258789,82.92500305175781,100362
2026-08-28 17:40:00+00:00,82.93499755859375,82.94000244140625,82.9000015258789,82.93000030517578,101460
2026-08-28 17:45:00+00:00,82.91500091552734,82.93609619140625,82.8949966430664,82.93499755859375,76801
2026-08-28 17:50:00+00:00,82.92230224609375,82.94000244140625,82.89420318603516,82.91500091552734,80388
2026-08-28 17:55:00+00:00,82.92500305175781,82.93990325927734,82.91999816894531,82.93000030517578,39509
2026-08-28 18:00:00+00:00,82.91500091552734,82.93769836425781,82.90499877929688,82.92500305175781,78397
2026-08-28 18:05:00+00:00,82.93000030517578,82.94499969482422,82.91000366210938,82.91500091552734,137013
2026-08-28 18:10:00+00:00,82.92500305175781,82.94000244140625,82.91999816894531,82.93499755859375,60134
2026-08-28 18:15:00+00:00,82.91010284423828,82.94000244140625,82.91000366210938,82.91999816894531,236305
2026-08-28 18:20:00+00:00,82.90499877929688,82.92990112304688,82.89129638671875,82.91500091552734,112262
2026-08-28 18:25:00+00:00,82.87000274658203,82.91000366210938,82.87000274658203,82.90499877929688,87865
2026-08-28 18:30:00+00:00,82.86499786376953,82.87860107421875,82.83999633789062,82.87860107421875,109219
2026-08-28 18:35:00+00:00,82.85590362548828,82.88999938964844,82.8550033569336,82.87000274658203,127544
2026-08-28 18:40:00+00:00,82.86499786376953,82.87000274658203,82.83000183105469,82.85009765625,145893
2026-08-28 18:45:00+00:00,82.84619903564453,82.88500213623047,82.83999633789062,82.87000274658203,115314
2026-08-28 18:50:00+00:00,82.84010314941406,82.8499984741211,82.83499908447266,82.84500122070312,113742
2026-08-28 18:55:00+00:00,82.91999816894531,82.93000030517578,82.84500122070312,82.84500122070312,214672
2026-08-28 19:00:00+00:00,82.91500091552734,82.91500091552734,82.87000274658203,82.91500091552734,157470
2026-08-28 19:05:00+00:00,82.9000015258789,82.91999816894531,82.8949966430664,82.91500091552734,84853
2026-08-28 19:10:00+00:00,82.84500122070312,82.8949966430664,82.83000183105469,82.8949966430664,115847
2026-08-28 19:15:00+00:00,82.84500122070312,82.8499984741211,82.81999969482422,82.84500122070312,186295
2026-08-28 19:20:00+00:00,82.79499816894531,82.8499984741211,82.78009796142578,82.84500122070312,370886
2026-08-28 19:25:00+00:00,82.81500244140625,82.81500244140625,82.79000091552734,82.79000091552734,214853
2026-08-28 19:30:00+00:00,82.79499816894531,82.80999755859375,82.79000091552734,82.80999755859375,110621
2026-08-28 19:35:00+00:00,82.83000183105469,82.83499908447266,82.79000091552734,82.79000091552734,285590
2026-08-28 19:40:00+00:00,82.81500244140625,82.83999633789062,82.81500244140625,82.83000183105469,163059
2026-08-28 19:45:00+00:00,82.80500030517578,82.81999969482422,82.80000305175781,82.81500244140625,285159
2026-08-28 19:50:00+00:00,82.82499694824219,82.83999633789062,82.80999755859375,82.80999755859375,771232
2026-08-28 19:55:00+00:00,82.875,82.87999725341797,82.81999969482422,82.82499694824219,1804567
2026-08-31 13:30:00+00:00,82.37999725341797,82.47000122070312,82.36499786376953,82.46499633789062,2000596
2026-08-31 13:35:00+00:00,82.375,82.37999725341797,82.33999633789062,82.375,345373
2026-08-31 13:40:00+00:00,82.32499694824219,82.3949966430664,82.31999969482422,82.375,600077
2026-08-31 13:45:00+00:00,82.30000305175781,82.3499984741211,82.27999877929688,82.32499694824219,467634
2026-08-31 13:50:00+00:00,82.28500366210938,82.30999755859375,82.25,82.29499816894531,386016
2026-08-31 13:55:00+00:00,82.26000213623047,82.29000091552734,82.23999786376953,82.28500366210938,672016
2026-08-31 14:00:00+00:00,82.21499633789062,82.26000213623047,82.20999908447266,82.26000213623047,688800
2026-08-31 14:05:00+00:00,82.18499755859375,82.22000122070312,82.1449966430664,82.21309661865234,489208
2026-08-31 14:10:00+00:00,82.19499969482422,82.23999786376953,82.16000366210938,82.18000030517578,386572
2026-08-31 14:15:00+00:00,82.25499725341797,82.26000213623047,82.18499755859375,82.19499969482422,570175
2026-08-31 14:20:00+00:00,82.23999786376953,82.27999877929688,82.2300033569336,82.25499725341797,438552
2026-08-31 14:25:00+00:00,82.24500274658203,82.25499725341797,82.22000122070312,82.23999786376953,225838
2026-08-31 14:30:00+00:00,82.24500274658203,82.26000213623047,82.2249984741211,82.24870300292969,202103
2026-08-31 14:35:00+00:00,82.25499725341797,82.2750015258789,82.2300033569336,82.24500274658203,494129
2026-08-31 14:40:00+00:00,82.25,82.26000213623047,82.23500061035156,82.25499725341797,149090
2026-08-31 14:45:00+00:00,82.2300033569336,82.2699966430664,82.2300033569336,82.25499725341797,775838
2026-08-31 14:50:00+00:00,82.27999877929688,82.28500366210938,82.2300033569336,82.23500061035156,208233
2026-08-31 14:55:00+00:00,82.30000305175781,82.34500122070312,82.27999877929688,82.27999877929688,386257
2026-08-31 15:00:00+00:00,82.28500366210938,82.34500122070312,82.2699966430664,82.30500030517578,660847
2026-08-31 15:05:00+00:00,82.25499725341797,82.29000091552734,82.25,82.29000091552734,114584
2026-08-31 15:10:00+00:00,82.2699966430664,82.29000091552734,82.24500274658203,82.25,415175
2026-08-31 15:15:00+00:00,82.25,82.2750015258789,82.2300033569336,82.2699966430664,141450
2026-08-31 15:20:00+00:00,82.26000213623047,82.26499938964844,82.23999786376953,82.24500274658203,164555
2026-08-31 15:25:00+00:00,82.25499725341797,82.2699966430664,82.23999786376953,82.25509643554688,165005
2026-08-31 15:30:00+00:00,82.24500274658203,82.2698974609375,82.22000122070312,82.25,465735
2026-08-31 15:35:00+00:00,82.23999786376953,82.25499725341797,82.22000122070312,82.24500274658203,215063
2026-08-31 15:40:00+00:00,82.20999908447266,82.24500274658203,82.19999694824219,82.23500061035156,262409
2026-08-31 15:45:00+00:00,82.21399688720703,82.22630310058594,82.20999908447266,82.21990203857422,112011
2026-08-31 15:50:00+00:00,82.21499633789062,82.23500061035156,82.2041015625,82.21499633789062,158474
2026-08-31 15:55:00+00:00,82.25499725341797,82.25499725341797,82.21199798583984,82.21499633789062,178022
2026-08-31 16:00:00+00:00,82.29000091552734,82.29989624023438,82.2300033569336,82.25499725341797,231371
2026-08-31 16:05:00+00:00,82.22989654541016,82.30999755859375,82.22989654541016,82.29000091552734,454156
2026-08-31 16:10:00+00:00,82.2699966430664,82.28500366210938,82.22000122070312,82.2300033569336,259331
2026-08-31 16:15:00+00:00,82.24500274658203,82.2699966430664,82.23999786376953,82.2688980102539,149466
2026-08-31 16:20:00+00:00,82.23500061035156,82.25,82.21499633789062,82.24500274658203,127293
2026-08-31 16:25:00+00:00,82.24500274658203,82.25,82.21610260009766,82.23500061035156,137211
2026-08-31 16:30:00+00:00,82.2750015258789,82.27999877929688,82.23500061035156,82.25,146956
2026-08-31 16:35:00+00:00,82.25499725341797,82.28710174560547,82.24690246582031,82.2750015258789,128388
2026-08-31 16:40:00+00:00,82.28500366210938,82.29750061035156,82.25499725341797,82.25499725341797,500651
2026-08-31 16:45:00+00:00,82.31999969482422,82.32499694824219,82.2750015258789,82.29000091552734,278902
2026-08-31 16:50:00+00:00,82.3550033569336,82.375,82.31999969482422,82.31999969482422,183709
2026-08-31 16:55:00+00:00,82.36499786376953,82.375,82.34500122070312,82.3550033569336,398212
2026-08-31 17:00:00+00:00,82.32150268554688,82.36499786376953,82.31999969482422,82.36499786376953,103623
2026-08-31 17:05:00+00:00,82.31500244140625,82.34860229492188,82.29499816894531,82.32990264892578,95529
2026-08-31 17:10:00+00:00,82.33499908447266,82.33499908447266,82.31500244140625,82.31990051269531,80175
2026-08-31 17:15:00+00:00,82.34500122070312,82.3499984741211,82.33000183105469,82.33000183105469,54348
2026-08-31 17:20:00+00:00,82.36499786376953,82.375,82.33999633789062,82.34500122070312,83519
2026-08-31 17:25:00+00:00,82.34500122070312,82.37000274658203,82.33000183105469,82.36499786376953,441974
2026-08-31 17:30:00+00:00,82.3499984741211,82.3550033569336,82.33499908447266,82.34629821777344,125301
2026-08-31 17:35:00+00:00,82.31500244140625,82.36000061035156,82.31500244140625,82.3499984741211,276303
2026-08-31 17:40:00+00:00,82.31500244140625,82.33499908447266,82.30500030517578,82.31999969482422,213006
2026-08-31 17:45:00+00:00,82.31999969482422,82.33000183105469,82.30999755859375,82.30999755859375,247817
2026-08-31 17:50:00+00:00,82.31999969482422,82.33999633789062,82.30999755859375,82.31500244140625,77329
2026-08-31 17:55:00+00:00,82.35230255126953,82.3550033569336,82.32440185546875,82.32440185546875,79028
2026-08-31 18:00:00+00:00,82.32499694824219,82.36499786376953,82.32499694824219,82.3550033569336,536117
2026-08-31 18:05:00+00:00,82.32499694824219,82.33000183105469,82.31500244140625,82.32499694824219,129419
2026-08-31 18:10:00+00:00,82.31500244140625,82.32499694824219,82.30470275878906,82.31999969482422,148105
2026-08-31 18:15:00+00:00,82.30500030517578,82.33999633789062,82.30500030517578,82.31500244140625,272496
2026-08-31 18:20:00+00:00,82.29499816894531,82.30999755859375,82.28500366210938,82.30000305175781,147818
2026-08-31 18:25:00+00:00,82.30999755859375,82.31999969482422,82.28500366210938,82.29989624023438,93232
2026-08-31 18:30:00+00:00,82.30989837646484,82.31999969482422,82.30000305175781,82.30999755859375,42977
2026-08-31 18:35:00+00:00,82.33999633789062,82.3583984375,82.30400085449219,82.30500030517578,192267
2026-08-31 18:40:00+00:00,82.34500122070312,82.3499984741211,82.31410217285156,82.33999633789062,313426
2026-08-31 18:45:00+00:00,82.36499786376953,82.37010192871094,82.33499908447266,82.34500122070312,143805
2026-08-31 18:50:00+00:00,82.40499877929688,82.43000030517578,82.36499786376953,82.36499786376953,1099192
2026-08-31 18:55:00+00:00,82.3949966430664,82.44999694824219,82.3949966430664,82.40499877929688,945135
2026-08-31 19:00:00+00:00,82.37999725341797,82.42500305175781,82.37999725341797,82.3949966430664,302332
2026-08-31 19:05:00+00:00,82.3949966430664,82.41000366210938,82.375,82.38500213623047,206859
2026-08-31 19:10:00+00:00,82.36000061035156,82.38999938964844,82.34500122070312,82.38999938964844,238377
2026-08-31 19:15:00+00:00,82.37000274658203,82.37000274658203,82.34210205078125,82.36229705810547,451634
2026-08-31 19:20:00+00:00,82.42500305175781,82.44000244140625,82.36499786376953,82.36499786376953,351753
2026-08-31 19:25:00+00:00,82.42500305175781,82.45999908447266,82.41500091552734,82.42500305175781,1020856
2026-08-31 19:30:00+00:00,82.4749984741211,82.48999786376953,82.42500305175781,82.42500305175781,1074825
2026-08-31 19:35:00+00:00,82.50499725341797,82.51000213623047,82.4749984741211,82.4749984741211,393375
2026-08-31 19:40:00+00:00,82.49500274658203,82.50499725341797,82.4800033569336,82.50499725341797,696128
2026-08-31 19:45:00+00:00,82.44000244140625,82.50499725341797,82.44000244140625,82.5,373180
2026-08-31 19:50:00+00:00,82.41500091552734,82.46499633789062,82.41000366210938,82.44000244140625,1476701
2026-08-31 19:55:00+00:00,82.52999877929688,82.52999877929688,82.32499694824219,82.41999816894531,4179665
2026-09-01 13:30:00+00:00,82.00499725341797,82.01899719238281,81.88999938964844,81.8949966430664,2284488
2026-09-01 13:35:00+00:00,82.0199966430664,82.05500030517578,81.9800033569336,82.00499725341797,238916
2026-09-01 13:40:00+00:00,82.00499725341797,82.02989959716797,81.95999908447266,82.0250015258789,352161
2026-09-01 13:45:00+00:00,81.98999786376953,82.00499725341797,81.96499633789062,82.00499725341797,506633
2026-09-01 13:50:00+00:00,81.98100280761719,82.0199966430664,81.97000122070312,81.99500274658203,612310
2026-09-01 13:55:00+00:00,82.12999725341797,82.13999938964844,81.9749984741211,81.98999786376953,430388
2026-09-01 14:00:00+00:00,82.11499786376953,82.16999816894531,82.0687026977539,82.12999725341797,456623
2026-09-01 14:05:00+00:00,82.16950225830078,82.16999816894531,82.0999984741211,82.11499786376953,564863
2026-09-01 14:10:00+00:00,82.25499725341797,82.25499725341797,82.14009857177734,82.16950225830078,328323
2026-09-01 14:15:00+00:00,82.21499633789062,82.2750015258789,82.19499969482422,82.25990295410156,1430680
2026-09-01 14:20:00+00:00,82.25499725341797,82.30000305175781,82.22000122070312,82.22000122070312,1317674
2026-09-01 14:25:00+00:00,82.27989959716797,82.27999877929688,82.2249984741211,82.26000213623047,903116
2026-09-01 14:30:00+00:00,82.33499908447266,82.33999633789062,82.2698974609375,82.27989959716797,213627
2026-09-01 14:35:00+00:00,82.23500061035156,82.3499984741211,82.23500061035156,82.3396987915039,348386
2026-09-01 14:40:00+00:00,82.18000030517578,82.23609924316406,82.16500091552734,82.23500061035156,339361
2026-09-01 14:45:00+00:00,82.1333999633789,82.19499969482422,82.1333999633789,82.18499755859375,174568
2026-09-01 14:50:00+00:00,82.1500015258789,82.16500091552734,82.11000061035156,82.13050079345703,295388
2026-09-01 14:55:00+00:00,82.08999633789062,82.16999816894531,82.08000183105469,82.16000366210938,154708
2026-09-01 15:00:00+00:00,82.06999969482422,82.1312026977539,82.05999755859375,82.08999633789062,287832
2026-09-01 15:05:00+00:00,82.08709716796875,82.11000061035156,82.05000305175781,82.08000183105469,132459
2026-09-01 15:10:00+00:00,82.12000274658203,82.13999938964844,82.06999969482422,82.08000183105469,136268
2026-09-01 15:15:00+00:00,82.13500213623047,82.14990234375,82.10340118408203,82.11000061035156,80131
2026-09-01 15:20:00+00:00,82.08999633789062,82.13860321044922,82.08999633789062,82.13500213623047,70208
2026-09-01 15:25:00+00:00,82.13999938964844,82.13999938964844,82.06999969482422,82.08000183105469,99053
2026-09-01 15:30:00+00:00,82.16500091552734,82.1676025390625,82.12000274658203,82.1449966430664,133757
2026-09-01 15:35:00+00:00,82.1449966430664,82.18499755859375,82.1449966430664,82.16010284423828,95091
2026-09-01 15:40:00+00:00,82.18000030517578,82.19000244140625,82.1500015258789,82.1500015258789,118655
2026-09-01 15:45:00+00:00,82.18000030517578,82.18990325927734,82.16500091552734,82.18499755859375,107378
2026-09-01 15:50:00+00:00,82.13500213623047,82.18499755859375,82.12000274658203,82.18499755859375,83937
2026-09-01 15:55:00+00:00,82.13999938964844,82.1449966430664,82.11499786376953,82.13369750976562,52453
2026-09-01 16:00:00+00:00,82.11360168457031,82.15499877929688,82.0999984741211,82.125,45374
2026-09-01 16:05:00+00:00,82.09500122070312,82.13500213623047,82.08000183105469,82.12000274658203,48485
2026-09-01 16:10:00+00:00,82.06999969482422,82.09500122070312,82.05400085449219,82.09500122070312,76330
2026-09-01 16:15:00+00:00,81.99500274658203,82.07499694824219,81.98999786376953,82.06999969482422,305682
2026-09-01 16:20:00+00:00,81.96499633789062,81.98999786376953,81.94000244140625,81.98999786376953,225856
2026-09-01 16:25:00+00:00,81.95989990234375,81.9749984741211,81.93000030517578,81.96499633789062,299957
2026-09-01 16:30:00+00:00,81.93499755859375,81.97000122070312,81.93000030517578,81.95870208740234,218651
2026-09-01 16:35:00+00:00,82.02989959716797,82.02999877929688,81.91999816894531,81.9386978149414,205143
2026-09-01 16:40:00+00:00,82.0,82.05770111083984,82.0,82.0199966430664,250272
2026-09-01 16:45:00+00:00,81.99500274658203,82.04499816894531,81.99500274658203,82.0,160897
2026-09-01 16:50:00+00:00,81.95500183105469,81.9999008178711,81.94400024414062,81.9999008178711,141132
2026-09-01 16:55:00+00:00,81.94999694824219,81.95999908447266,81.93000030517578,81.95320129394531,172716
2026-09-01 17:00:00+00:00,81.96499633789062,81.9800033569336,81.93679809570312,81.94419860839844,91983
2026-09-01 17:05:00+00:00,81.94999694824219,81.96499633789062,81.92009735107422,81.96499633789062,72109
2026-09-01 17:10:00+00:00,81.97000122070312,81.97000122070312,81.94000244140625,81.94999694824219,37743
2026-09-01 17:15:00+00:00,81.94000244140625,81.96990203857422,81.92410278320312,81.95999908447266,126486
2026-09-01 17:20:00+00:00,81.94499969482422,81.94999694824219,81.93150329589844,81.93150329589844,25051
2026-09-01 17:25:00+00:00,81.94000244140625,81.94999694824219,81.9000015258789,81.94499969482422,268530
2026-09-01 17:30:00+00:00,81.91500091552734,81.94499969482422,81.91500091552734,81.94000244140625,175996
2026-09-01 17:35:00+00:00,81.9000015258789,81.93499755859375,81.9000015258789,81.918701171875,118164
2026-09-01 17:40:00+00:00,81.8949966430664,81.91000366210938,81.88500213623047,81.9000015258789,87854
2026-09-01 17:45:00+00:00,81.88500213623047,81.90499877929688,81.87999725341797,81.89399719238281,96886
2026-09-01 17:50:00+00:00,81.86499786376953,81.87999725341797,81.86000061035156,81.87999725341797,105443
2026-09-01 17:55:00+00:00,81.88999938964844,81.8949966430664,81.86000061035156,81.86499786376953,207046
2026-09-01 18:00:00+00:00,81.87000274658203,81.9000015258789,81.87000274658203,81.9000015258789,122816
2026-09-01 18:05:00+00:00,81.87999725341797,81.9000015258789,81.87000274658203,81.87129974365234,80663
2026-09-01 18:10:00+00:00,81.88500213623047,81.9000015258789,81.87999725341797,81.88500213623047,85719
2026-09-01 18:15:00+00:00,81.8949966430664,81.8949966430664,81.88500213623047,81.88500213623047,891
